# PUBLIC SHELL OBJ - display only, not CAD source
# Precision intentionally degraded; multi-part structure removed
o shell
v 12.179 3.484 77.593
v 9.489 0.542 77.593
v 9.49 0.501 77.677
v 9.534 0.502 77.762
v 9.578 0.419 77.931
v 9.658 0.249 78.055
v 9.785 0.123 78.056
v 13.522 4.659 78.054
v 14.287 7.606 77.597
v 15.459 10.628 78.057
v 15.037 16.803 78.056
v 14.741 15.793 77.593
v 15.077 12.642 77.593
v 10.382 23.95 77.598
v 13.821 18.863 77.595
v 12.307 22.475 78.056
v 5.339 27.31 77.597
v 7.94 26.509 78.057
v 3.397 28.48 78.054
v -0.795 28.528 77.597
v -0.799 28.525 77.679
v -0.797 28.568 77.764
v -0.803 28.69 77.929
v -0.798 28.862 78.058
v -0.8 29.029 78.057
v 15.255 10.968 78.018
v 14.162 18.194 77.807
v 14.323 18.231 78.014
v 10.164 24.197 77.804
v 10.29 24.365 78.014
v 14.45 8.149 63.562
v 15.081 12.645 63.563
v 12.478 3.95 63.564
v 9.495 0.546 63.564
v -8.652 26.469 63.565
v -6.596 27.433 77.595
v -8.648 26.471 77.598
v -3.317 28.359 63.565
v -4.413 28.105 77.595
v 2.524 28.192 63.565
v 7.685 26.087 63.562
v 11.766 22.352 63.565
v 14.241 17.77 63.563
v 14.867 15.12 63.561
v 13.484 -5.168 78.057
v 23.025 1.472 78.059
v 19.825 14.617 78.055
v 12.984 26.217 78.059
v 5.624 33.437 78.055
v -3.154 38.816 78.056
v -5.456 28.362 78.06
v -3.193 28.862 78.057
v -12.645 32.181 78.058
v -8.943 26.891 78.06
v 16.341 -9.244 67.092
v 16.427 -9.368 67.513
v 16.259 -9.158 66.925
v 16.384 -9.327 67.302
v 13.783 -5.585 67.598
v 14.833 -7.098 64.069
v 14.239 -6.262 68.477
v 14.499 -6.634 69.364
v 14.027 -5.969 63.183
v 13.102 -4.625 67.005
v 13.533 -5.247 63.062
v 14.456 -6.593 63.524
v 16.591 -9.623 72.93
v 16.551 -9.538 73.141
v 16.599 -9.618 72.682
v 14.583 -6.76 69.994
v 16.467 -9.454 73.351
v 14.626 -6.76 70.582
v 12.313 -3.484 66.842
v 9.791 0.128 63.06
v 14.446 -6.6 71.921
v 9.707 0.212 63.103
v 9.658 0.291 63.141
v 9.577 0.419 63.226
v 9.495 0.505 63.396
v 11.556 -2.393 67.178
v 14.031 -5.925 73.183
v 10.919 -1.515 67.973
v 10.457 -0.885 69.149
v 14.828 -7.101 76.964
v 13.323 -4.912 74.027
v 14.454 -6.552 77.554
v 10.294 -0.63 70.58
v 13.985 -5.927 77.929
v 12.56 -3.824 74.318
v 11.767 -2.728 74.152
v 11.044 -1.684 73.391
v 10.543 -0.967 72.217
v 10.378 -0.714 71.378
v -4.752 28.564 63.057
v -8.657 26.465 63.478
v -8.695 26.51 63.396
v -8.738 26.594 63.228
v -8.862 26.721 63.103
v -8.943 26.891 63.062
v 0.798 28.946 63.059
v 11.088 23.902 63.058
v 6.428 27.349 63.059
v 14.329 18.907 63.061
v 15.59 13.278 63.061
v 14.951 8.104 63.057
v 13.106 3.99 63.058
v 11.512 1.807 63.06
v 4.952 27.514 63.309
v 4.994 27.682 63.141
v 12.262 21.8 63.309
v 12.433 21.887 63.142
v 15.17 12.942 63.313
v 15.34 12.985 63.146
v -10.33 28.823 67.599
v -9.871 28.149 68.48
v -9.582 27.767 69.359
v -10.971 29.782 67.005
v -12.726 32.267 63.061
v -9.495 27.643 69.991
v -9.497 27.642 70.578
v -11.761 30.922 66.842
v -13.651 33.569 63.523
v -12.518 31.972 67.177
v -13.99 34.072 64.068
v -13.193 32.936 63.185
v -13.195 32.893 67.973
v -9.624 27.81 71.922
v -10.082 28.485 73.185
v -10.757 29.448 74.023
v -8.7 26.465 77.761
v -8.741 26.549 77.888
v -8.822 26.678 78.016
v -8.862 26.763 78.059
v -13.607 33.528 69.153
v -15.457 36.133 66.926
v -11.556 30.583 74.317
v -15.498 36.259 67.094
v -15.58 36.344 67.515
v -15.55 36.294 67.3
v -13.783 33.775 70.578
v -12.313 31.674 74.148
v -15.751 36.594 72.682
v -13.569 33.442 72.218
v -13.739 33.692 71.377
v -15.707 36.512 73.145
v -15.752 36.593 72.933
v -15.626 36.426 73.353
v -13.019 32.73 73.396
v -13.147 32.897 77.933
v -13.657 33.565 77.552
v -13.985 34.074 76.967
v -3.577 28.354 77.802
v -3.57 28.569 78.016
v -6.213 27.647 77.808
v -6.306 27.809 78.013
v -5.252 40.204 76.965
v -4.624 39.825 77.552
v -3.906 39.365 77.932
v 21.175 13.907 77.092
v 23.952 1.558 77.43
v 24.036 1.559 77.094
v 23.74 1.557 77.765
v 23.403 1.514 77.975
v 23.19 1.512 78.057
v -3.068 39.028 78.057
v -2.987 39.194 77.971
v -2.819 39.488 77.761
v -2.726 39.704 77.43
v -2.731 39.743 77.091
v 6.804 33.776 77.09
v 19.411 16.806 77.932
v 14.917 25.377 77.093
v 19.74 16.969 77.551
v 10.042 30.207 77.932
v 10.291 30.457 77.552
v 23.609 -0.967 76.964
v 23.439 -0.254 77.552
v 23.235 0.59 77.933
v 16.467 3.654 70.579
v 16.592 3.443 71.922
v 17.051 2.811 73.181
v 17.726 1.804 74.023
v 18.521 0.71 74.315
v 19.287 -0.375 74.152
v 20 -1.427 73.395
v 20.542 -2.186 72.217
v 20.718 -2.391 71.38
v 20.748 -2.482 70.577
v 20.591 -2.223 69.154
v 20.165 -1.597 67.974
v 19.496 -0.712 67.178
v 18.743 0.382 66.843
v 17.944 1.516 67.011
v 17.272 2.482 67.599
v 16.806 3.152 68.48
v 16.552 3.487 69.361
v 16.474 3.617 69.994
v 6.212 30.623 63.057
v 14.745 20.585 63.059
v 19.282 10.754 63.058
v -4.952 37.688 63.062
v 21.294 0.164 63.057
v 23.609 -3.992 66.924
v 22.264 -1.892 64.066
v 23.61 -3.781 66.714
v 23.741 -4.576 72.682
v 23.779 -4.201 67.513
v 23.652 -4.412 73.352
v -7.647 38.062 70.579
v -7.48 37.851 71.923
v -7.061 37.22 73.183
v -6.347 36.212 74.023
v -5.583 35.125 74.32
v -4.786 34.031 74.152
v -4.076 32.978 73.394
v -3.57 32.224 72.218
v -3.407 32.01 71.375
v -3.315 31.932 70.581
v -3.493 32.177 69.148
v -3.953 32.766 67.972
v -4.576 33.695 67.178
v -5.339 34.783 66.838
v -6.138 35.917 67.006
v -6.809 36.884 67.595
v -7.27 37.515 68.478
v -7.526 37.89 69.358
v -7.599 38.024 69.994
v -8.483 41.425 73.354
v -8.612 41.633 72.68
v -8.235 41.507 67.512
v -6.599 39.279 64.066
v -8.113 41.294 66.922
v -7.854 41.215 66.673
v -4.996 40.46 76.799
v -3.911 40.287 76.753
v -4.408 40.502 76.337
v -4.705 40.541 76.587
v -3.32 40.036 77.006
v -4.792 40.665 73.687
v -7.734 41.756 72.762
v -3.659 40.161 74.779
v -5.633 41.001 72.216
v -2.265 39.535 75.497
v -5.928 41.084 70.577
v -0.716 38.733 75.83
v -5.751 41.049 69.406
v -7.349 41.635 67.556
v -7.094 41.554 67.347
v 0.709 37.933 75.702
v -5.338 40.875 68.309
v -4.707 40.624 67.344
v 2.103 37.14 75.118
v 3.236 36.383 74.151
v 4.037 35.839 72.766
v 4.37 35.626 71.714
v 6.093 34.324 67.345
v 4.459 35.546 70.582
v 4.366 35.623 69.443
v 4.034 35.878 68.353
v 3.488 36.215 67.345
v 12.06 28.822 67.346
v 16.972 22.35 67.344
v 20.454 15.709 67.342
v 23.145 7.223 74.989
v 22.858 8.573 73.858
v 22.602 9.452 72.344
v 23.484 5.587 75.663
v 22.519 9.747 70.58
v 22.561 9.621 69.445
v 23.732 3.862 75.829
v 22.681 9.239 68.35
v 24.069 0.88 77.006
v 23.942 2.055 75.492
v 24.111 0.25 76.753
v 22.813 8.613 67.345
v 24.158 -0.293 76.336
v 24.11 0.459 74.694
v 24.158 -0.84 73.479
v 24.196 -2.648 73.897
v 24.204 -1.635 72.094
v 24.2 -1.89 70.58
v 24.194 -2.65 67.174
v 24.197 -1.723 69.318
v 24.203 -1.216 68.187
v 24.162 -0.375 67.179
v 23.91 -0.794 76.8
v 24.073 -0.546 76.587
v 16.385 3.74 67.009
v 17.18 2.645 65.957
v 15.793 4.577 68.645
v 18.065 1.345 65.412
v 15.587 4.874 70.58
v 15.666 4.786 71.754
v 18.949 0.085 65.371
v 15.916 4.407 72.971
v 19.871 -1.219 65.79
v 20.67 -2.394 66.799
v 16.516 3.575 74.363
v 21.299 -3.235 68.185
v 17.352 2.395 75.327
v 21.551 -3.613 69.403
v 18.236 1.094 75.79
v 21.595 -3.696 70.58
v 19.12 -0.165 75.749
v 21.383 -3.403 72.512
v 20.043 -1.426 75.202
v 20.835 -2.564 74.149
v 21.514 -0.627 63.187
v 21.847 -1.344 63.522
v 20.96 6.215 63.184
v 22.093 0.206 63.477
v 21.883 0.206 63.267
v 21.595 0.169 63.144
v 20 11.135 63.481
v 19.328 12.059 63.187
v 16.928 17.643 63.184
v 15.295 21.26 63.481
v 13.781 22.855 63.186
v 9.957 27.602 63.186
v 6.636 31.297 63.478
v 5.584 31.716 63.183
v 1.886 34.446 63.183
v -4.668 38.395 63.477
v -2.054 36.763 63.188
v -4.746 38.189 63.27
v -4.878 37.933 63.141
v -6.218 38.734 63.521
v -5.633 38.144 63.184
v 23.863 -3.655 66.798
v 23.908 -3.863 67.052
v 24.152 -3.238 67.132
v 24.194 -3.406 67.552
v 24.112 -3.657 67.301
v 24.153 -3.321 67.049
v 24.199 -3.109 67.134
v 24.194 -2.944 67.174
v 24.03 -3.613 67.05
v 24.034 -3.485 66.926
v 24.154 -3.237 67.049
v 23.699 -3.064 66.212
v 22.641 -1.262 64.192
v 22.436 -1.721 64.068
v 22.557 -1.514 64.108
v 23.689 -4.121 67.047
v 23.742 -4.155 67.221
v 24.073 -4.117 71
v 23.993 -3.988 67.515
v 24.162 -3.693 67.557
v 24.202 -3.821 72.765
v 24.11 -4.12 72.72
v 23.986 -4.371 72.721
v 23.696 -4.536 73.185
v 23.736 -4.58 72.974
v 23.781 -4.62 72.765
v 24.111 -4.036 72.972
v 24.026 -3.028 74.274
v 23.903 -4.286 73.225
v 24.036 -1.845 75.497
v -7.641 38.108 66.927
v -6.758 36.806 65.835
v -8.272 38.99 68.565
v -5.676 35.286 65.325
v -8.49 39.278 70.578
v -8.4 39.198 71.757
v -4.578 33.694 65.581
v -8.153 38.816 72.972
v -3.657 32.347 66.419
v -7.56 37.98 74.361
v -2.987 31.422 67.636
v -6.758 36.806 75.33
v -2.647 30.92 68.899
v -2.518 30.754 69.782
v -5.838 35.501 75.79
v -2.481 30.709 70.578
v -4.956 34.24 75.748
v -2.693 31.001 72.51
v -4.076 32.979 75.2
v -3.28 31.842 74.149
v -8.565 41.553 73.145
v -8.611 41.593 72.933
v -5.926 40.96 75.494
v -7.011 41.343 74.279
v -7.979 41.762 72.976
v -8.229 41.679 73.229
v -7.943 41.715 69.275
v -7.647 41.675 67.554
v -7.944 41.631 67.511
v -8.323 41.756 72.72
v -8.024 41.802 72.722
v -8.229 41.469 67.305
v -8.156 41.377 67.09
v -7.862 41.504 67.048
v -7.651 41.42 66.838
v -7.357 41.546 67.09
v -7.608 41.631 67.3
v -7.567 41.546 67.048
v -6.344 39.406 64.067
v -7.646 41.339 66.756
v -6.088 39.452 64.112
v -7.394 41.465 66.84
v -7.145 41.463 66.965
v -5.842 39.447 64.193
v 24.11 -0.381 67.132
v 23.614 0.758 66.086
v 23.189 2.142 65.495
v 22.898 3.782 65.329
v 22.765 5.332 65.536
v 22.772 6.891 66.127
v 22.856 8.235 66.967
v 16.936 22.312 66.969
v 20.455 15.499 67.006
v 21.883 11.844 67.174
v 12.018 28.78 67.01
v 9.197 31.674 67.174
v 6.051 34.282 66.967
v 4.665 35.417 67.177
v 3.152 36.383 66.967
v 0.757 37.138 65.664
v -1.559 38.227 65.325
v -3.229 39.327 65.835
v -3.867 39.868 66.335
v -4.411 40.415 66.967
v 22.186 -0.376 63.565
v 22.229 -1.257 63.734
v 22.389 -0.884 63.814
v -5.162 38.696 63.566
v -5.592 39.068 63.813
v 5.332 33.354 64.654
v 5.756 33.903 65.874
v 15.919 21.675 64.654
v 16.508 22.054 65.873
v 21.851 7.398 64.658
v 22.475 7.561 65.873
v 22.891 0.038 64.653
v 23.565 0.082 65.872
v -5.252 38.356 63.269
v 24.109 -3.701 67.384
v 24.12 -3.736 67.473
v 23.899 -3.995 67.174
v 23.905 -4.033 67.345
v 23.991 -4.367 72.765
v 24.119 -4.114 72.724
v 24.117 -4.116 72.765
v 24.11 -4.162 72.846
v 24.114 -4.118 72.932
v 23.903 -4.454 72.931
v 23.902 -4.371 73.057
v -8.02 41.804 72.934
v -8.064 41.803 72.807
v -8.359 41.676 73.059
v -8.397 41.721 72.893
v -7.684 41.679 67.473
v -7.643 41.636 67.388
v -8.02 41.595 67.347
v -7.985 41.548 67.175
v -7.308 41.551 67.051
v -7.269 41.507 66.966
v -7.606 41.422 66.839
v -7.557 41.427 66.801
v 24.161 -1.803 67.137
v -6.599 27.431 93.558
v -8.658 26.465 93.558
v -8.656 26.466 93.475
v -8.698 26.508 93.391
v -8.735 26.596 93.225
v -8.86 26.722 93.1
v -8.949 26.887 93.055
v -0.803 28.523 93.473
v -0.796 28.527 93.561
v -3.147 28.865 93.057
v -0.792 28.572 93.395
v -0.793 28.698 93.226
v -0.797 28.863 93.098
v -0.794 29.033 93.058
v -6.221 27.641 93.348
v -4.416 28.103 93.557
v -5.504 28.358 93.055
v -6.302 27.811 93.139
v -3.576 28.354 93.347
v -3.566 28.571 93.142
v 15.085 12.647 107.593
v 14.791 15.757 93.561
v 15.084 12.647 93.561
v 14.075 18.234 107.592
v 13.78 18.99 93.56
v 11.049 23.232 107.592
v 10.167 24.115 93.56
v 6.678 26.676 107.59
v 4.869 27.472 93.557
v 1.426 28.356 107.59
v -3.781 28.274 107.592
v -6.39 27.515 107.589
v -8.658 26.465 107.59
v 13.824 5.253 93.057
v 13.491 -5.164 93.058
v 9.791 0.128 93.057
v -12.641 32.184 93.058
v 23.021 1.47 93.055
v 20.916 11.549 93.053
v 15.549 11.515 93.058
v 14.701 17.979 93.054
v -3.155 38.815 93.053
v 2.725 28.648 93.053
v 16.68 20.923 93.056
v 11.382 23.608 93.054
v 8.109 31.341 93.056
v 6.132 27.474 93.055
v -10.335 28.82 97.593
v -9.871 28.149 98.476
v -9.573 27.773 99.36
v -10.969 29.784 97.003
v -9.492 27.645 99.989
v -9.494 27.644 100.576
v -11.762 30.921 96.837
v -12.523 31.968 97.171
v -13.146 32.898 93.226
v -13.655 33.566 93.601
v -13.993 34.069 94.188
v -13.196 32.892 97.969
v -9.616 27.815 101.922
v -10.083 28.484 103.18
v -10.749 29.454 104.023
v -8.698 26.466 107.759
v -8.744 26.548 107.883
v -8.819 26.68 108.013
v -8.863 26.763 108.055
v -8.946 26.889 108.097
v -11.553 30.585 104.315
v -13.609 33.527 99.149
v -15.627 36.425 97.762
v -15.713 36.507 97.97
v -15.752 36.594 98.476
v -15.753 36.593 98.224
v -13.785 33.774 100.573
v -12.727 32.267 108.097
v -12.303 31.681 104.15
v -15.592 36.336 103.64
v -13.571 33.44 102.213
v -13.742 33.69 101.414
v -13.189 32.939 107.971
v -15.496 36.26 104.065
v -15.545 36.297 103.852
v -15.466 36.126 104.228
v -13.024 32.727 103.39
v -13.658 33.564 107.632
v -13.994 34.068 107.085
v 12.061 3.322 107.594
v 9.492 0.545 107.59
v 9.497 0.506 107.677
v 9.539 0.506 107.761
v 9.583 0.423 107.93
v 9.669 0.256 108.057
v 9.788 0.126 108.095
v 12.815 3.488 108.097
v 14.201 7.353 107.592
v 15.086 8.573 108.098
v 15.507 14.413 108.098
v 13.868 20 108.098
v 10.252 24.746 108.096
v 5.423 27.814 108.097
v 0.339 28.99 108.097
v -4.204 28.692 108.094
v -6.759 27.899 108.098
v 15.162 12.937 107.8
v 15.335 12.982 108.012
v 12.267 21.804 107.802
v 12.436 21.888 108.012
v 5.004 27.689 108.014
v 9.497 0.548 93.561
v 12.473 3.946 93.557
v 14.452 8.15 93.56
v 9.496 0.505 93.392
v 9.576 0.418 93.264
v 9.668 0.298 93.142
v 9.702 0.208 93.096
v 10.173 24.203 93.353
v 10.297 24.37 93.142
v 14.162 18.194 93.352
v 14.326 18.233 93.14
v 15.248 10.964 93.139
v 23.438 -0.255 93.6
v 23.23 0.586 93.222
v 23.613 -0.964 94.191
v 13.993 -5.921 93.225
v 14.454 -6.552 93.603
v 14.826 -7.103 94.188
v 7.897 32.852 94.063
v -2.733 39.699 93.727
v -2.727 39.745 94.065
v -2.817 39.49 93.391
v -2.989 39.193 93.137
v -3.067 39.029 93.098
v 23.196 1.516 93.1
v 23.406 1.516 93.142
v 23.732 1.552 93.39
v 23.948 1.555 93.728
v 24.035 1.558 94.066
v 21.672 12.557 94.061
v 10.044 30.209 93.225
v 16.557 23.025 94.066
v 10.297 30.461 93.604
v 19.404 16.801 93.221
v 19.751 16.977 93.605
v -3.903 39.367 93.225
v -4.617 39.83 93.604
v -5.256 40.202 94.188
v 16.557 -9.534 97.973
v 16.593 -9.622 98.474
v 16.466 -9.454 97.76
v 16.593 -9.622 98.222
v 14.241 -6.26 98.475
v 13.78 -5.588 97.593
v 14.498 -6.635 99.359
v 13.113 -4.617 97.008
v 14.575 -6.766 99.986
v 16.427 -9.368 103.643
v 14.626 -6.76 100.578
v 12.315 -3.483 96.839
v 16.388 -9.324 103.854
v 16.345 -9.24 104.064
v 16.26 -9.157 104.231
v 14.452 -6.596 101.92
v 11.556 -2.393 97.174
v 14.031 -5.924 103.18
v 10.921 -1.513 97.97
v 10.463 -0.881 99.148
v 14.833 -7.098 107.089
v 13.314 -4.918 104.019
v 14.453 -6.595 107.634
v 10.294 -0.629 100.576
v 14.033 -5.965 107.97
v 13.53 -5.25 108.097
v 12.564 -3.821 104.316
v 11.758 -2.734 104.144
v 11.049 -1.68 103.391
v 10.542 -0.968 102.213
v 10.381 -0.711 101.418
v -3.319 31.929 100.575
v -3.49 32.179 99.146
v -3.952 32.767 97.969
v -4.58 33.693 97.172
v -5.332 34.788 96.838
v -6.139 35.916 97.002
v -6.808 36.885 97.592
v -7.274 37.512 98.472
v -7.526 37.89 99.354
v -7.605 38.02 99.987
v -7.642 38.066 100.578
v -7.472 37.857 101.923
v -7.06 37.221 103.179
v -6.338 36.218 104.023
v -5.591 35.119 104.313
v -4.792 34.027 104.145
v -4.075 32.979 103.391
v -3.573 32.221 102.213
v -3.407 32.01 101.414
v -4.956 37.685 108.096
v 4.375 32.101 108.099
v 12.015 24.492 108.095
v 18.484 13.023 108.095
v 21.299 0.168 108.095
v -8.108 41.297 104.231
v -6.601 39.277 107.085
v -7.854 41.215 104.484
v -8.612 41.634 98.475
v -8.23 41.511 103.645
v -8.49 41.421 97.759
v 24.072 0.882 94.147
v 24.116 0.253 94.4
v 24.073 -0.546 94.568
v 24.162 -0.291 94.822
v 23.906 -0.797 94.359
v 23.649 -4.414 97.759
v 24.154 -0.674 97.465
v 24.203 -2.644 97.259
v 24.075 0.59 96.376
v 24.199 -1.596 98.937
v 23.943 2.098 95.659
v 24.201 -1.889 100.577
v 23.742 3.827 95.327
v 23.484 5.461 95.45
v 24.2 -1.721 101.837
v 24.198 -2.647 103.978
v 24.193 -1.222 102.968
v 24.156 -0.379 103.978
v 23.189 7.015 96.038
v 22.901 8.364 97.049
v 22.645 9.285 98.433
v 22.563 9.623 99.485
v 20.465 15.716 103.813
v 22.519 9.747 100.576
v 22.562 9.622 101.711
v 22.691 9.246 102.804
v 22.816 8.615 103.812
v 16.969 22.347 103.808
v 12.061 28.823 103.77
v 2.27 37.013 96.123
v 3.447 36.258 97.3
v 4.197 35.749 98.809
v 0.845 37.898 95.495
v 4.447 35.538 100.573
v 6.088 34.321 103.808
v 4.367 35.624 101.709
v -0.719 38.731 95.322
v 4.028 35.874 102.8
v -2.311 39.574 95.702
v -3.324 40.033 94.145
v -3.91 40.287 94.398
v 3.481 36.21 103.808
v -3.784 40.245 96.499
v -4.417 40.495 94.817
v -4.956 40.71 97.72
v -7.733 41.758 98.39
v -5.673 41.002 99.063
v -5.925 41.087 100.575
v -5.752 41.048 101.754
v -7.099 41.55 103.811
v -5.337 40.876 102.843
v -4.703 40.627 103.812
v -7.354 41.632 103.599
v -4.707 40.54 94.567
v -5 40.457 94.358
v -4.417 40.285 94.019
v 20.753 -2.479 100.575
v 20.591 -2.223 99.15
v 20.16 -1.6 97.968
v 19.491 -0.716 97.171
v 18.737 0.378 96.837
v 17.936 1.51 97.003
v 17.268 2.48 97.594
v 16.801 3.148 98.473
v 16.55 3.485 99.356
v 16.473 3.616 99.989
v 16.472 3.657 100.577
v 16.589 3.441 101.917
v 17.057 2.815 103.18
v 17.727 1.805 104.02
v 18.526 0.713 104.314
v 19.282 -0.379 104.146
v 20.003 -1.425 103.393
v 20.538 -2.188 102.211
v 20.713 -2.394 101.417
v 23.742 -4.576 98.478
v 23.773 -4.205 103.64
v 23.611 -3.991 104.231
v 22.267 -1.89 107.088
v 23.616 -3.777 104.444
v -7.647 38.103 96.92
v -6.762 36.803 95.829
v -8.279 38.985 98.558
v -5.671 35.29 95.324
v -8.483 39.283 100.577
v -8.399 39.199 101.754
v -4.574 33.697 95.579
v -8.156 38.815 102.968
v -3.661 32.345 96.414
v -7.561 37.98 104.357
v -2.983 31.424 97.635
v -6.761 36.804 105.324
v -2.646 30.921 98.896
v -2.522 30.751 99.777
v -5.834 35.504 105.788
v -2.481 30.709 100.574
v -4.957 34.239 105.743
v -2.688 31.005 102.508
v -4.071 32.982 105.199
v -3.282 31.841 104.144
v -5.631 38.145 107.969
v -6.215 38.736 107.635
v 20.969 6.221 107.972
v 21.891 0.212 107.887
v 22.099 0.211 107.676
v 21.591 0.166 108.01
v 19.325 13.107 107.675
v 19.328 12.059 107.971
v 16.931 17.645 107.97
v 12.899 24.662 107.676
v 13.782 22.856 107.971
v 9.962 27.605 107.972
v 5.047 32.605 107.678
v 5.587 31.718 107.969
v 1.892 34.451 107.971
v -4.663 38.399 107.676
v -2.061 36.758 107.968
v -4.751 38.186 107.884
v -4.869 37.939 108.014
v 21.852 -1.34 107.636
v 21.51 -0.63 107.97
v -8.147 41.383 104.106
v -8.191 41.424 103.937
v -7.608 41.631 103.851
v -7.348 41.552 104.064
v -7.646 41.424 104.315
v -7.86 41.505 104.103
v -7.56 41.551 104.106
v -7.139 41.467 104.19
v -6.086 39.453 107.048
v -5.835 39.452 106.964
v -7.393 41.466 104.315
v -7.649 41.337 104.397
v -6.34 39.409 107.089
v -8.618 41.587 98.22
v -8.569 41.55 98.013
v -7.942 41.716 101.877
v -7.941 41.633 103.642
v -7.643 41.678 103.602
v -8.025 41.801 98.432
v -8.322 41.757 98.431
v -5.922 40.962 95.661
v -7.01 41.343 96.881
v -8.24 41.672 97.926
v -7.98 41.761 98.14
v 24.197 -3.824 98.39
v 24.117 -4.032 98.14
v 24.032 -3.024 96.879
v 23.904 -4.286 97.928
v 24.027 -1.851 95.659
v 23.774 -4.624 98.389
v 23.735 -4.58 98.138
v 23.697 -4.493 97.93
v 24.193 -3.407 103.597
v 24.196 -2.943 103.977
v -4.406 40.418 104.149
v -3.53 39.574 105.112
v -2.312 38.691 105.7
v -0.967 37.894 105.827
v 0.459 37.262 105.574
v 1.896 36.722 105.032
v 3.146 36.379 104.144
v 4.661 35.414 103.978
v 6.052 34.283 104.19
v 16.93 22.308 104.188
v 12.019 28.78 104.148
v 9.198 31.675 103.977
v 20.463 15.504 104.148
v 21.891 11.849 103.98
v 22.849 8.231 104.186
v 15.674 4.792 101.754
v 15.586 4.873 100.576
v 15.928 4.415 102.973
v 22.767 5.922 105.447
v 17.348 2.393 105.321
v 16.506 3.568 104.354
v 22.979 3.36 105.827
v 19.11 -0.172 105.74
v 18.236 1.095 105.787
v 23.403 1.388 105.366
v 20.036 -1.431 105.195
v 23.741 0.423 104.821
v 20.84 -2.561 104.148
v 24.112 -0.38 104.019
v 21.381 -3.405 102.507
v 21.591 -3.699 100.574
v 21.59 -3.658 99.775
v 21.085 -2.986 97.632
v 21.464 -3.49 98.893
v 20.463 -2.014 96.418
v 19.496 -0.713 95.577
v 18.405 0.885 95.326
v 17.353 2.396 95.829
v 16.422 3.694 96.918
v 15.84 4.58 98.56
v 23.737 -4.201 103.853
v 23.695 -4.117 104.063
v 24.067 -4.121 100.153
v 24.152 -3.7 103.598
v 23.987 -3.992 103.641
v 23.984 -4.372 98.431
v 24.117 -4.116 98.434
v 24.036 -3.483 104.233
v 24.161 -3.316 104.107
v 24.154 -3.237 104.103
v 23.693 -3.068 104.944
v 22.639 -1.264 106.959
v 22.563 -1.51 107.047
v 22.437 -1.72 107.089
v 23.857 -3.659 104.354
v 24.202 -3.106 104.022
v 24.16 -3.232 104.022
v 24.112 -3.657 103.851
v 23.9 -3.868 104.102
v 24.033 -3.611 104.106
v -5.586 39.071 107.34
v -5.257 38.353 107.883
v -5.169 38.691 107.591
v 5.33 33.354 106.497
v 5.755 33.903 105.28
v 16.506 22.053 105.278
v 21.848 7.395 106.5
v 22.476 7.562 105.281
v 22.896 0.042 106.499
v 22.389 -0.884 107.338
v 22.188 -0.374 107.594
v 23.563 0.08 105.278
v 22.22 -1.263 107.422
v -7.642 41.636 103.771
v -7.686 41.677 103.685
v -7.977 41.553 103.939
v -8.024 41.591 103.81
v -7.315 41.546 104.102
v -7.568 41.419 104.354
v -7.605 41.423 104.314
v -8.064 41.803 98.35
v -8.018 41.806 98.226
v -8.4 41.719 98.266
v -8.365 41.672 98.095
v 24.112 -4.119 98.222
v 24.109 -4.163 98.304
v 23.993 -4.366 98.393
v 24.113 -4.118 98.39
v 23.899 -4.373 98.052
v 23.909 -4.45 98.225
v 24.118 -4.115 98.435
v 24.113 -3.74 103.683
v 24.109 -3.701 103.766
v 23.903 -4.034 103.81
v 23.907 -3.989 103.938
v 24.162 -1.803 104.023
v -32.059 12.853 69.821
v -32.142 12.727 70.073
v -32.137 12.689 70.286
v -32.138 12.646 70.58
v -31.681 13.482 69.107
v -30.839 15.207 68.1
v -20.507 21.968 68.392
v -29.958 19.323 67.805
v -30.375 17.224 67.596
v -12.352 26.509 70.579
v -23.654 23.4 67.722
v -28.815 22.312 70.582
v -28.899 22.186 69.91
v -28.988 21.888 69.361
v -29.241 21.257 68.73
v -29.575 20.334 68.185
v -20.673 23.692 67.637
v -20.292 22.434 68.184
v -20.165 22.98 67.933
v -20.712 24.24 67.596
v -21.126 24.833 67.641
v -15.799 31.423 70.578
v -17.516 24.075 68.396
v -12.52 26.719 69.403
v -12.861 27.22 68.476
v -16.637 27.685 67.596
v -13.355 27.941 67.851
v -13.992 28.818 67.595
v -14.62 29.702 67.722
v -15.128 30.455 68.183
v -15.498 31.007 68.901
v -15.716 31.296 69.611
v -15.793 31.385 70.119
v -29.075 21.382 66.545
v -29.114 21.594 67.05
v -28.822 21.13 66.083
v -28.441 20.88 65.791
v -33.732 5.295 72.261
v -32.941 9.408 70.956
v -33.152 9.197 71.711
v -27.35 25.963 66.084
v -27.472 25.63 66.044
v -27.222 26.258 66.211
v -27.725 25.083 66.086
v -26.169 28.697 67.767
v -25.919 29.242 72.849
v -28.867 22.221 71.123
v -29.198 21.384 72.302
v -28.018 24.37 76.337
v -28.94 22.018 71.632
v -28.362 23.524 76.753
v -28.735 22.603 77.008
v -29.829 19.619 73.226
v -29.066 21.682 77.094
v -30.629 17.475 73.561
v -31.254 15.504 73.354
v -32.138 12.772 71.252
v -32.015 13.106 71.839
v -31.89 13.568 72.342
v -33.312 8.615 77.093
v -31.596 14.408 72.93
v -33.318 8.61 71.922
v -23.572 22.18 73.56
v -21.085 24.874 73.523
v -15.709 31.259 71.631
v -15.337 30.75 72.637
v -14.793 29.951 73.308
v -14.158 29.072 73.562
v -13.526 28.191 73.437
v -21.129 24.452 73.563
v -20.798 23.987 73.561
v -20.624 23.739 73.522
v -20.717 22.515 73.182
v -20.419 23.483 73.435
v -12.945 27.345 72.845
v -12.566 26.758 71.879
v -12.396 26.591 71.25
v -26.552 22.769 72.763
v -17.984 34.531 67.091
v -18.062 34.619 67.514
v -17.899 34.406 66.923
v -18.023 34.575 67.302
v -16.464 32.352 64.07
v -18.188 34.872 72.975
v -18.112 34.698 73.35
v -18.238 34.866 72.761
v -18.148 34.786 73.185
v -18.232 34.87 72.68
v -15.667 31.217 63.187
v -15.167 30.542 63.059
v -16.094 31.843 63.52
v -11.421 25.169 63.062
v -11.129 24.748 63.565
v -11.341 25.041 63.102
v -11.256 24.957 63.145
v -11.179 24.826 63.268
v -11.131 24.746 63.396
v -16.467 32.35 76.966
v -16.095 31.842 77.551
v -15.631 31.17 77.93
v -15.129 30.455 78.055
v -11.426 25.166 78.058
v -11.135 24.744 77.594
v -11.298 24.999 78.059
v -11.219 24.869 77.93
v -11.139 24.741 77.676
v -11.133 24.787 77.763
v -33.903 5.294 72.428
v -33.315 8.57 71.84
v -34.075 5.249 72.552
v -6.894 -20.085 63.939
v -16.054 -30.336 67.299
v -17.556 -28.732 67.473
v -23.861 -27.432 68.9
v -27.984 -27.436 71.249
v -30.203 -17.895 71.883
v -14.245 0.628 63.73
v -23.521 7.86 65.078
v -21.425 17.645 63.522
v -28.229 11.471 66.716
v -25.754 19.241 64.655
v -24.492 2.984 65.917
v -26.675 -3.99 67.64
v -22.81 -8.611 66.547
v -18.946 -18.988 66.757
v -20.797 -27.434 68.016
v -19.497 -27.604 67.763
v -18.531 -28.067 67.594
v -33.275 8.779 71.839
v -40.251 1.551 79.316
v -39.991 1.599 73.564
v -42.983 1.173 73.56
v -42.984 1.172 81.079
v -37.595 2.734 77.808
v -37.345 2.901 73.606
v -36.336 3.658 77.261
v -35.16 4.918 73.648
v -35.25 4.788 77.09
v -34.53 5.842 73.48
v -34.077 6.592 77.088
v -31.929 12.981 77.553
v -33.231 8.57 77.427
v -33.026 8.525 77.761
v -31.551 12.855 77.931
v -32.732 8.441 77.971
v -32.515 8.403 78.058
v -32.343 8.322 78.06
v -28.152 21.339 78.055
v -30.495 17.354 77.556
v -28.777 21.594 77.806
v -28.993 21.632 77.467
v -29.068 21.681 77.261
v -30.161 17.227 77.933
v -28.484 21.468 78.015
v -27.897 22.853 77.889
v -27.733 23.775 77.508
v -27.771 24.576 76.754
v -27.559 24.619 76.965
v -27.934 24.495 76.547
v -26.473 27.808 74.315
v -25.463 29.49 73.434
v -25.667 29.451 73.269
v -25.798 29.364 73.057
v -25.797 29.407 71.041
v -25.414 29.872 72.682
v -25.668 29.283 67.555
v -25.918 29.074 67.64
v -26.045 28.905 67.723
v -25.705 29.538 72.767
v -25.586 29.702 72.722
v -26.22 28.27 66.796
v -26.008 28.902 67.469
v -25.877 28.989 67.303
v -25.75 29.074 67.178
v -25.331 29.199 66.925
v -26.51 26.593 65.244
v -26.851 26.547 65.493
v -27.097 26.426 65.874
v -26.637 25.92 64.865
v -27.306 24.662 64.95
v -26.798 25.211 64.7
v -26.929 24.409 64.698
v -27.598 24.873 65.372
v -27.731 24.995 65.746
v -14.867 4.163 78.06
v -33.191 6.132 78.056
v -34.487 4.162 78.059
v -15.964 6.344 78.058
v -17.227 12.644 78.056
v -16.725 8.694 78.055
v -14.54 21.633 78.055
v -16.556 17.265 78.056
v -13.952 21.633 69.443
v -12.897 22.98 63.564
v -13.99 21.552 69.319
v -13.911 21.632 69.569
v -14.198 21.217 69.068
v -14.408 20.923 63.565
v -14.911 19.958 68.732
v -16.049 17.224 63.563
v -15.796 17.897 68.563
v -13.91 21.633 73.56
v -13.909 21.634 73.687
v -13.952 21.549 73.812
v -14.111 21.346 77.598
v -14.912 19.999 74.446
v -14.07 21.386 73.942
v -16.68 11.678 68.562
v -15.63 6.889 64.067
v -16.725 11.97 63.813
v -16.052 17.139 77.594
v -16.512 15.165 74.569
v -15.795 17.898 74.571
v -15.045 5.542 68.561
v -12.395 1.721 63.857
v -16.72 12.646 77.596
v -16.718 12.143 74.572
v -11.475 0.836 68.56
v -7.307 -1.889 63.565
v -16.264 8.819 77.593
v -15.507 6.592 74.568
v -15.506 6.551 77.594
v -6.635 -2.141 68.564
v -4.158 -2.898 63.564
v -14.41 4.411 77.595
v -12.306 1.641 74.572
v -13.403 2.94 77.931
v -3.737 -2.981 68.564
v -0.795 -3.275 63.565
v -13.989 21.553 97.341
v -14.321 20.967 93.562
v -11.139 24.741 93.557
v -13.947 21.636 97.425
v -13.905 21.636 97.593
v -14.199 21.217 97.089
v -12.399 1.761 78.895
v -14.913 19.956 96.711
v -0.923 -3.276 68.563
v 1.475 -3.106 63.566
v -7.053 -1.971 74.573
v -11.843 1.179 79.992
v -15.791 17.901 96.587
v -16.344 16.089 93.559
v -13.908 21.634 101.583
v -11.133 24.745 107.592
v -13.949 21.551 101.794
v -13.91 21.633 101.666
v 1.349 -3.106 68.733
v 3.699 -2.603 63.564
v 2.98 -2.817 69.192
v 3.15 -2.773 69.361
v 7.019 -1.174 63.565
v 3.24 -2.727 69.448
v 3.278 -2.73 69.572
v -16.683 11.676 96.582
v -16.471 9.871 93.558
v -13.825 21.76 107.59
v -14.909 20.001 102.427
v -14.074 21.384 101.962
v -15.119 19.581 107.594
v -15.802 17.893 102.589
v 0.422 -3.233 78.269
v -0.924 -3.277 74.571
v 0.205 -3.239 78.517
v 0.711 -3.195 78.14
v 1.305 -3.107 74.446
v 1.003 -3.154 78.055
v 2.73 -2.858 74.066
v -15.041 5.545 96.584
v -13.996 3.693 93.515
v -14.413 4.409 93.558
v -16.053 17.221 107.589
v -16.511 15.166 102.592
v -11.463 0.844 96.587
v -12.231 1.551 91.918
v -12.728 2.101 92.636
v -13.489 3.022 93.264
v -16.641 11.046 107.295
v -15.501 6.597 102.593
v -16.725 12.138 102.59
v 7.021 -1.173 78.06
v 3.281 -2.728 73.564
v 3.24 -2.727 73.691
v 3.145 -2.777 73.812
v -6.635 -2.14 96.586
v -14.874 5.208 107.086
v -12.305 1.641 102.594
v 0.214 -3.232 92.637
v 0.082 -3.236 92.382
v -3.74 -2.983 96.584
v -0.92 -3.274 96.586
v 0.418 -3.236 92.887
v 0.711 -3.195 93.012
v -11.762 1.093 107.34
v -7.056 -1.973 102.593
v 1.347 -3.107 96.712
v 1.003 -3.154 93.053
v -7.306 -1.888 107.593
v 2.983 -2.814 97.215
v 7.01 -1.18 93.053
v 3.147 -2.776 97.339
v 3.23 -2.734 97.464
v 3.271 -2.735 97.59
v -2.565 -3.153 107.59
v -0.921 -3.275 102.594
v 3.279 -2.729 101.585
v 2.441 -2.938 107.594
v 3.152 -2.772 101.837
v 2.731 -2.856 102.088
v 1.304 -3.108 102.425
v 7.01 -1.18 107.589
v 3.234 -2.731 101.709
v -7.645 -1.722 81.587
v -11.717 1.054 80.538
v -11.679 1.008 81.082
v -11.684 1.005 82.634
v -11.094 0.502 84.316
v -5.88 -2.436 80.075
v -5.838 -2.435 80.243
v -3.818 -2.979 79.867
v 0.083 -3.236 78.771
v 0.046 -3.232 79.11
v 0.08 -3.237 79.4
v -5.499 -2.559 81.883
v -7.017 -2.017 84.653
v -10.962 0.422 86.209
v -4.961 -2.733 83.895
v -3.19 -3.065 82.428
v 1.054 -3.148 83.479
v -4.871 -2.729 84.822
v -7.055 -1.973 87.091
v -11.221 0.627 87.424
v -4.869 -2.728 86.924
v -7.69 -1.682 89.736
v -11.68 1.007 90.072
v -11.847 1.176 91.081
v -11.675 1.011 88.521
v -5.044 -2.691 87.551
v -2.812 -3.149 85.789
v 1.047 -3.153 87.677
v -5.591 -2.523 89.567
v -5.843 -2.439 90.911
v 0.046 -3.232 92.049
v -3.273 -3.064 88.94
v 0.083 -3.236 91.753
v -13.277 23.315 63.059
v -19.408 27.56 63.06
v -18.524 22.31 63.061
v -14.793 21.17 63.057
v -16.508 17.395 63.061
v -23.531 27.724 64.359
v -20.715 29.405 64.066
v -25.505 29.406 67.511
v -25.285 29.664 73.355
v -25.379 29.573 73.392
v -34.326 5.46 72.721
v -34.494 5.669 73.015
v -34.538 5.752 73.224
v -18.57 -32.14 67.764
v -19.287 -30.461 67.847
v -19.707 -29.789 67.889
v -20.124 -29.366 67.975
v -20.337 -29.285 68.015
v -20.546 -29.242 68.058
v -23.184 -29.236 68.776
v -25.754 -28.316 69.865
v -27.267 -29.199 70.831
v -30.836 -18.023 72.134
v -30.039 -20.376 71.966
v -28.152 -27.521 71.333
v -30.373 -17.938 72.009
v -30.627 -17.981 72.091
v -32.388 -6.299 72.345
v -33.733 0.044 72.555
v -23.521 25.463 63.566
v -21.471 26.423 63.184
v -15.711 5.547 63.564
v -17.223 11.051 63.354
v -12.819 1.299 63.393
v -24.323 22.603 63.9
v -21.809 19.994 63.435
v -17.854 15.082 63.186
v -10.501 -1.931 63.229
v -10.33 -0.752 63.188
v -7.525 -2.356 63.057
v -8.282 -7.734 63.266
v -2.097 -16.214 63.061
v -6.139 -13.532 63.267
v -7.811 -25.078 66.002
v -5.424 -21.261 64.275
v -4.794 -21.639 64.821
v -11.85 -28.108 66.545
v -15.079 -30.246 67.178
v -15.844 -30.546 67.3
v -16.005 -30.499 67.345
v -8.868 -24.453 65.284
v -6.175 -20.711 63.942
v -33.315 7.058 77.931
v -33.647 7.187 77.555
v -33.987 5.714 77.932
v -35.036 4.622 77.764
v -34.784 4.412 77.974
v -34.622 4.282 78.055
v -34.325 5.881 77.552
v -35.208 4.745 77.426
v -36.595 2.687 78.476
v -38.986 1.723 79.318
v -43.065 1.174 73.56
v -23.269 1.18 84.068
v -43.06 1.178 84.066
v -22.69 1.173 82.635
v -21.551 1.177 81.082
v -22.187 1.173 81.794
v -36.76 2.101 72.596
v -34.95 4.749 72.934
v -34.696 4.541 72.725
v -34.533 4.412 72.638
v -34.371 4.323 72.635
v -35.12 4.874 73.269
v -42.972 0.508 72.641
v -39.748 0.669 72.551
v -42.977 0.169 72.554
v -42.974 0.843 72.85
v -42.982 1.089 73.182
v -42.975 1.136 73.395
v -39.573 1.472 72.849
v -25.334 29.786 73.184
v -25.38 29.824 72.971
v -25.42 29.868 72.762
v -25.71 29.199 67.345
v -25.411 29.328 67.095
v -25.465 29.362 67.299
v -20.256 1.298 80.113
v -18.774 1.6 79.53
v -12.14 1.261 80.327
v -12.853 1.178 81.084
v -12.01 1.18 81.085
v -12.438 1.511 79.695
v -14.16 1.301 80.115
v -12.98 1.976 79.025
v -13.653 2.689 78.478
v -15.622 1.601 79.531
v -14.282 3.405 78.185
v -17.188 1.719 79.315
v -14.793 4.197 78.055
v -14.709 4.239 78.013
v -14.541 4.323 77.929
v -14.453 4.411 77.763
v -15.925 6.888 78.014
v -15.75 6.977 77.808
v -16.717 9.749 78.017
v -16.893 12.643 77.929
v -17.013 12.646 78.058
v -16.51 9.747 77.805
v -16.723 12.644 77.678
v -16.763 12.646 77.763
v -16.298 17.227 78.017
v -16.132 17.141 77.806
v -14.323 21.512 78.017
v -14.164 21.38 77.802
v -14.745 21.259 93.056
v -11.428 25.164 93.055
v -11.338 25.042 93.1
v -11.264 24.952 93.137
v -11.169 24.833 93.268
v -11.129 24.747 93.393
v -14.701 4.245 93.099
v -14.878 4.155 93.053
v -16.976 9.786 93.054
v -14.584 4.323 93.221
v -14.454 4.41 93.391
v -14.455 4.409 93.474
v -15.67 19.032 93.14
v -16.809 16.214 93.054
v -15.464 18.945 93.348
v -16.931 11.301 93.139
v -16.716 11.346 93.352
v -12.147 1.256 90.784
v -11.842 1.138 90.075
v -12.019 1.174 90.071
v -12.392 1.471 91.418
v -12.944 1.972 92.129
v -13.65 2.691 92.679
v -14.283 3.403 92.972
v -12.013 1.178 89.065
v -11.847 1.134 88.812
v -17.181 -0.839 79.319
v -14.868 -0.838 79.782
v -12.898 -0.841 81.04
v -12.013 1.178 82.092
v -11.64 -0.842 82.719
v -11.843 1.137 82.345
v -11.007 -0.84 84.653
v -11.002 -0.837 86.504
v -11.635 -0.839 88.393
v -12.892 -0.837 90.117
v -14.118 1.301 91.038
v -12.861 1.173 90.07
v -14.619 -0.839 91.292
v -15.627 1.597 91.628
v -15.923 -0.84 91.711
v -17.179 1.725 91.839
v -17.179 -0.838 91.839
v -11.844 1.137 81.084
v -13.272 22.646 63.313
v -15.127 20.163 63.142
v -16.177 17.265 63.226
v -16.344 17.308 63.1
v -14.957 20.081 63.311
v -16.05 17.223 63.478
v -16.085 17.228 63.398
v -16.76 14.412 63.313
v -16.883 11.893 63.44
v -16.425 8.697 63.606
v -14.036 3.442 63.604
v -15.465 5.963 63.645
v -12.185 1.259 63.478
v -9.959 -0.59 63.31
v -7.309 -1.89 63.48
v -7.353 -1.933 63.395
v -7.389 -2.013 63.23
v -7.437 -2.185 63.101
v -16.844 11.513 63.481
v -15.584 6.262 63.649
v -12.523 1.594 63.478
v -5.291 -2.897 63.145
v -4.244 -3.404 63.059
v -5.253 -2.69 63.311
v -3.063 -3.358 63.145
v -0.801 -3.783 63.058
v -0.793 -3.399 63.23
v -0.799 -3.571 63.101
v -3.03 -3.196 63.309
v -0.803 -3.281 63.477
v -0.799 -3.319 63.395
v 1.554 -3.613 63.059
v 1.975 -3.276 63.144
v 3.867 -3.108 63.06
v 1.927 -3.112 63.309
v 4.663 -2.563 63.143
v 7.144 -1.301 63.228
v 7.221 -1.474 63.099
v 7.309 -1.597 63.059
v 4.619 -2.396 63.31
v 7.063 -1.215 63.482
v 7.058 -1.218 63.396
v 9.118 -4.158 68.606
v 8.821 -3.74 69.15
v 8.653 -3.488 69.78
v 9.582 -4.829 68.187
v 11.092 -6.973 63.06
v 8.573 -3.401 70.203
v 8.573 -3.401 70.58
v 10.083 -5.587 68.101
v 12.011 -8.279 63.519
v 10.581 -6.306 68.308
v 12.396 -8.821 64.069
v 11.551 -7.647 63.184
v 11.049 -6.89 68.857
v 8.659 -3.526 71.464
v 8.947 -3.95 72.301
v 9.406 -4.624 72.846
v 11.34 -7.312 69.612
v 13.821 -10.881 66.924
v 13.91 -10.962 67.094
v 13.947 -11.092 67.512
v 13.947 -11.05 67.302
v 11.429 -7.477 70.58
v 11.052 -6.888 78.059
v 9.958 -5.334 73.059
v 10.456 -6.095 72.93
v 14.11 -11.347 72.677
v 11.3 -7.269 71.671
v 11.381 -7.439 71.124
v 14.032 -11.175 73.352
v 14.156 -11.344 72.763
v 14.119 -11.299 72.975
v 14.074 -11.259 73.184
v 10.921 -6.765 72.469
v 11.551 -7.606 77.93
v 12.019 -8.273 77.555
v 12.396 -8.82 76.967
v 5.045 -18.399 78.059
v 3.152 -15.669 78.058
v 1.01 -23.82 78.058
v 2.815 -15.082 78.058
v 2.607 -14.325 78.058
v 2.441 -12.937 78.059
v 0.8 -26.886 89.191
v 0.089 -27.388 91.756
v 1.139 -26.8 86.588
v 1.13 -26.806 84.567
v 0.8 -26.886 81.966
v 0.082 -27.393 79.401
v 1.014 -23.816 93.058
v 3.148 -15.673 93.054
v 5.042 -18.401 93.056
v 2.81 -15.086 93.053
v 2.605 -14.325 93.056
v 2.437 -12.939 93.056
v 11.046 -6.892 93.054
v 8.828 -3.735 99.192
v 9.121 -4.156 98.603
v 8.652 -3.489 99.776
v 9.578 -4.832 98.181
v 8.574 -3.401 100.199
v 8.568 -3.404 100.575
v 10.088 -5.584 98.1
v 10.581 -6.306 98.304
v 11.557 -7.601 93.226
v 12.015 -8.276 93.602
v 12.39 -8.825 94.188
v 11.046 -6.892 98.852
v 8.658 -3.527 101.459
v 8.95 -3.948 102.299
v 9.413 -4.619 102.888
v 7.053 -1.222 107.757
v 7.095 -1.306 107.883
v 7.189 -1.425 108.014
v 7.264 -1.515 108.052
v 7.307 -1.599 108.094
v 11.345 -7.308 99.61
v 14.032 -11.175 97.761
v 14.077 -11.257 97.972
v 14.121 -11.339 98.478
v 14.111 -11.346 98.221
v 11.427 -7.478 100.576
v 11.097 -6.97 108.098
v 9.962 -5.332 103.057
v 10.462 -6.091 102.929
v 13.952 -11.088 103.645
v 11.299 -7.269 101.667
v 11.39 -7.433 101.124
v 11.557 -7.643 107.971
v 13.905 -10.966 104.062
v 13.948 -11.049 103.852
v 13.827 -10.877 104.233
v 10.923 -6.764 102.466
v 12.012 -8.278 107.632
v 12.394 -8.822 107.088
v 2.562 -3.403 108.095
v -7.433 -2.183 108.055
v -7.519 -2.352 108.096
v -2.603 -3.654 108.096
v -7.31 -1.89 107.676
v -7.356 -1.935 107.758
v 2.516 -3.196 108.009
v 2.483 -2.98 107.804
v -2.6 -3.442 108.014
v -7.391 -2.014 107.929
v -2.566 -3.237 107.8
v -9.914 -0.587 107.844
v -12.224 0.757 107.844
v -14.038 3.441 107.547
v -15.585 5.253 107.592
v -12.143 1.259 107.675
v -16.387 8.653 107.548
v -17.22 11.178 107.804
v -15.46 5.966 107.466
v -16.76 14.412 107.845
v -16.516 17.389 108.093
v -16.051 17.223 107.674
v -16.096 17.221 107.757
v -16.177 17.265 107.926
v -16.341 17.31 108.055
v -16.848 11.51 107.675
v -11.933 1.007 107.716
v -15.121 5.295 107.509
v -16.806 11.132 107.675
v -15.547 19.785 108.094
v -15.124 20.166 108.012
v -14.238 22.059 108.098
v -14.956 20.082 107.802
v -13.405 22.768 108.01
v -11.211 24.875 107.931
v -11.302 24.996 108.053
v -11.425 25.166 108.097
v -13.275 22.645 107.802
v -11.13 24.747 107.677
v -11.133 24.787 107.759
v -18.188 34.83 97.973
v -18.229 34.873 98.477
v -18.105 34.703 97.762
v -18.236 34.868 98.222
v -15.497 31.008 98.898
v -16.464 32.352 94.192
v -15.12 30.461 98.225
v -15.713 31.298 99.609
v -14.619 29.703 97.719
v -16.089 31.846 93.603
v -15.634 31.169 93.221
v -15.125 30.458 93.055
v -15.798 31.381 100.112
v -18.019 34.578 103.854
v -17.983 34.532 104.062
v -18.07 34.614 103.64
v -15.795 31.425 100.576
v -17.892 34.411 104.233
v -13.988 28.821 97.594
v -15.712 31.257 101.668
v -13.356 27.94 97.847
v -15.339 30.749 102.632
v -12.856 27.223 98.475
v -12.522 26.717 99.44
v -16.47 32.348 107.086
v -14.785 29.957 103.308
v -12.357 26.505 100.573
v -16.096 31.841 107.631
v -15.675 31.211 107.967
v -15.17 30.54 108.094
v -14.16 29.071 103.558
v -13.529 28.189 103.432
v -12.942 27.348 102.843
v -12.556 26.765 101.88
v -12.389 26.596 101.25
v -16.641 18.44 97.59
v -18.401 14.536 97.593
v -17.776 12.852 96.582
v -18.991 10.376 97.592
v -18.398 6.178 97.594
v -15.54 2.482 96.587
v -17.681 7.44 96.587
v -7.65 -4.162 97.591
v -3.775 -3.609 96.587
v -6.686 -3.365 96.581
v -1.975 -4.495 97.593
v -18.865 9.913 97.088
v -18.481 9.917 96.712
v -12.565 -1.935 97.591
v -16.172 1.808 97.09
v -16.34 1.85 97.594
v -15.834 2.062 96.713
v -11.682 -1.305 96.583
v -9.45 -3.443 97.09
v -9.323 -3.106 96.712
v -18.404 14.534 101.582
v -18.995 10.373 101.581
v -16.636 18.443 101.584
v -17.098 15.293 102.592
v -17.86 12.474 102.59
v -17.607 7.097 102.59
v -15.33 2.188 102.594
v -17.982 4.956 101.583
v -11.383 -1.511 102.593
v -14.962 0.164 101.581
v -10.628 -3.066 101.585
v -6.299 -3.401 102.593
v -5.499 -4.534 101.586
v -0.711 -4.241 101.586
v -18.861 9.916 102.047
v -15.839 2.058 102.466
v -16.175 1.806 102.046
v -9.455 -3.447 102.045
v -18.991 10.376 73.562
v -18.397 14.539 73.564
v -18.941 10.381 73.943
v -17.565 13.861 74.568
v -18.741 10.374 74.275
v -18.402 10.376 74.486
v -18.187 10.38 74.572
v -18.025 10.376 74.57
v -16.634 18.445 73.564
v -16.849 15.962 74.569
v -18.275 14.494 74.066
v -17.944 14.406 74.442
v -16.557 18.398 74.064
v -16.215 18.192 74.445
v -17.314 6.088 74.568
v -15.333 2.185 74.571
v -11.387 -1.514 74.569
v -6.348 -3.406 74.568
v -0.711 -4.241 73.564
v -5.503 -4.537 73.562
v -17.986 4.954 73.56
v -10.629 -3.067 73.562
v -6.339 -4.282 74.069
v -6.304 -3.909 74.443
v -14.961 0.165 73.56
v -11.594 -2.394 74.067
v -11.381 -2.098 74.446
v -15.76 1.256 74.064
v -15.455 1.516 74.447
v -18.399 6.177 69.572
v -18.989 10.377 69.571
v -16.34 1.85 69.572
v -12.564 -1.934 69.57
v -7.652 -4.163 69.568
v -1.979 -4.498 69.569
v -5.249 -3.569 68.564
v -16.973 5.083 68.563
v -18.022 10.377 68.563
v -18.195 10.374 68.603
v -18.399 10.378 68.648
v -18.733 10.38 68.901
v -18.943 10.38 69.237
v -9.498 -2.481 68.561
v -6.3 -3.906 68.69
v -6.349 -4.289 69.064
v -13.985 0.549 68.565
v -11.384 -2.1 68.689
v -11.596 -2.395 69.066
v -15.466 1.509 68.686
v -15.75 1.263 69.069
v -17.563 13.82 68.562
v -16.851 15.92 68.561
v -18.396 14.54 69.574
v -16.64 18.441 69.57
v -17.938 14.41 68.689
v -18.275 14.494 69.067
v -16.216 18.191 68.689
v -16.554 18.4 69.066
v -19.915 28.231 63.185
v -20.328 28.866 63.524
v -21.799 27.563 63.44
v -27.815 -28.066 71.166
v -10.633 -36.343 68.981
v -8.776 -30.876 68.943
v -8.693 -36.085 69.867
v -8.441 -27.809 67.724
v -16.339 -32.304 67.598
v -18.017 -33.269 67.768
v -17.177 -34.236 67.725
v -14.961 -32.478 67.636
v -15.078 -35.539 67.851
v -13.151 -32.182 67.764
v -12.645 -36.172 68.311
v -10.844 -31.386 68.14
v -26.845 -43.86 70.537
v -22.767 -43.858 68.606
v -20.001 -43.862 67.931
v -17.185 -43.861 67.722
v -28.689 -30.917 71.548
v -29.66 -43.86 71.504
v -28.187 -43.858 71.211
v -43.563 -0.334 72.555
v -43.395 0.044 72.555
v -43.224 0.13 72.557
v -43.487 -0.13 72.551
v -43.522 -0.209 72.555
v -43.061 0.169 72.554
v -37.94 -6.976 72.468
v -38.528 -7.69 72.468
v -37.141 -6.472 72.469
v -38.737 -8.278 72.469
v -38.775 -8.822 72.47
v -36.176 -6.347 72.468
v -38.61 -9.79 72.469
v -35.249 -6.555 72.469
v -34.487 -7.097 72.43
v -33.987 -7.898 72.428
v -33.783 -8.827 72.383
v -37.302 -11.13 72.43
v -36.422 -11.341 72.429
v -35.452 -11.213 72.389
v -34.665 -10.717 72.383
v -34.072 -9.957 72.385
v -33.856 -9.407 72.388
v -43.603 -34.278 72.514
v -38.103 -10.586 72.47
v -37.933 -28.944 72.261
v -38.526 -29.703 72.259
v -37.144 -28.488 72.215
v -38.733 -30.247 72.261
v -38.772 -30.833 72.262
v -36.175 -28.36 72.174
v -42.772 -35.923 72.468
v -43.527 -34.914 72.51
v -43.226 -35.497 72.514
v -38.604 -31.758 72.262
v -35.245 -28.566 72.135
v -38.108 -32.562 72.216
v -34.491 -29.114 72.092
v -37.302 -33.102 72.178
v -33.986 -29.911 72.05
v -36.419 -33.354 72.136
v -33.773 -30.834 72.01
v -31.715 -43.858 71.631
v -35.459 -33.19 72.049
v -34.655 -32.724 72.052
v -34.074 -31.973 72.006
v -33.863 -31.426 72.007
v -1.177 -17.561 63.521
v -0.837 -18.062 64.069
v -1.642 -16.891 63.184
v -6.298 -24.952 66.926
v -31.43 -43.864 84.062
v -34.788 -32.813 84.064
v -33.394 -43.857 84.067
v -34.242 -32.267 84.064
v -33.951 -31.639 84.062
v -35.545 -33.233 84.064
v -33.824 -31.218 84.063
v -33.776 -30.835 84.066
v -36.468 -33.317 84.064
v -38.108 -32.562 84.063
v -43.309 -36.715 84.067
v -37.354 -33.109 84.062
v -44.411 -35.209 84.062
v -43.947 -36.09 84.064
v -38.524 -29.743 84.066
v -44.528 -34.278 84.067
v -38.732 -30.289 84.066
v -38.782 -30.84 84.063
v -38.613 -31.806 84.063
v -20.082 -3.823 84.065
v -20.372 -3.82 84.067
v -20.084 -8.824 84.064
v -30.419 -8.825 84.063
v -34.49 -29.113 84.066
v -31.43 -9.834 84.063
v -35.29 -28.568 84.065
v -23.278 -0.843 84.063
v -34.782 -10.795 84.067
v -34.241 -10.252 84.064
v -33.947 -9.664 84.064
v -35.541 -11.216 84.066
v -36.21 -28.355 84.067
v -31.337 -9.45 84.067
v -33.814 -9.197 84.068
v -31.127 -9.156 84.067
v -33.781 -8.825 84.063
v -36.466 -11.343 84.065
v -37.099 -28.486 84.064
v -30.926 -8.994 84.062
v -33.941 -7.937 84.067
v -30.664 -8.861 84.067
v -37.349 -11.092 84.065
v -37.935 -28.945 84.066
v -34.49 -7.099 84.066
v -38.099 -10.583 84.068
v -35.289 -6.553 84.066
v -38.605 -9.786 84.067
v -36.22 -6.348 84.062
v -37.094 -6.468 84.066
v -37.93 -6.97 84.068
v -44.534 -0.337 84.064
v -38.523 -7.729 84.066
v -38.733 -8.275 84.066
v -38.781 -8.826 84.063
v -44.447 0.211 84.065
v -43.648 1.052 84.066
v -44.114 0.713 84.064
v -43.36 1.132 84.063
v -33.95 -29.957 84.063
v -43.352 1.137 73.564
v -43.649 1.009 73.563
v -44.452 0.208 73.56
v -44.111 0.715 73.563
v -44.526 -0.332 73.565
v -43.068 0.5 72.635
v -43.061 0.841 72.848
v -43.061 1.135 73.394
v -43.065 1.09 73.182
v -42.983 0.878 72.845
v -22.221 -0.838 81.882
v -20.548 -0.843 80.324
v -18.911 -0.844 79.567
v -33.191 6.133 93.055
v -34.491 4.159 93.056
v -32.354 8.314 93.053
v -28.15 21.34 93.054
v -21.554 1.175 90.072
v -39.024 1.726 91.798
v -36.672 2.649 92.679
v -20.254 1.3 91.037
v -18.783 1.593 91.625
v -42.984 1.172 90.07
v -17.183 -3.823 89.064
v -16.423 -3.82 88.982
v -15.667 -3.82 88.73
v -14.531 -3.819 87.891
v -13.869 -3.826 86.667
v -13.693 -3.821 85.453
v -13.992 -3.824 84.19
v -14.786 -3.822 83.058
v -15.969 -3.826 82.298
v -17.185 -3.825 82.089
v -5.709 -13.483 71.128
v -5.756 -13.402 70.579
v -5.627 -13.61 71.673
v -5.296 -14.118 72.469
v -4.793 -14.832 72.93
v -4.289 -15.547 73.056
v -3.782 -16.301 72.847
v -3.281 -16.933 72.3
v -2.986 -17.395 71.46
v -2.903 -17.521 70.577
v -2.905 -17.481 70.198
v -3.157 -17.145 69.148
v -2.988 -17.397 69.778
v -3.444 -16.72 68.605
v -3.901 -16.086 68.188
v -4.407 -15.331 68.103
v -4.959 -14.621 68.31
v -5.376 -13.989 68.858
v -5.669 -13.568 69.614
v 2.936 -13.657 77.929
v 3.405 -14.324 77.554
v 3.779 -14.832 76.964
v 5.414 -17.187 73.349
v 5.548 -17.349 72.681
v 2.817 -18.904 67.514
v 5.507 -17.348 72.724
v 3.401 -16.05 77.552
v 4.827 -18.068 74.484
v 3.524 -15.085 77.005
v 3.275 -15.756 77.3
v 3.321 -15.921 77.429
v 3.063 -14.665 77.635
v 3.322 -15.416 77.135
v 2.854 -15.042 77.972
v 0.044 -27.39 79.319
v 0.037 -27.353 79.189
v 0.041 -27.266 79.107
v 0.037 -27.143 78.979
v 0.209 -26.132 78.519
v 0.545 -24.956 78.183
v 0.211 -13.527 78.52
v 4.956 -17.898 73.603
v 5.508 -17.39 72.766
v 0.757 -28.945 84.78
v -0.46 -22.685 70.958
v 4.835 -18.021 74.026
v 0.34 -31.086 82.261
v 0.669 -31.133 85.576
v 0.668 -30.167 85.071
v -2.179 -27.892 73.985
v -0.589 -31.93 79.023
v -2.098 -33.607 76.042
v 0.291 -23.907 75.703
v 2.815 -18.905 103.643
v 5.499 -17.396 98.389
v 5.507 -17.348 98.435
v -0.461 -22.686 100.198
v 4.957 -17.897 97.551
v 4.832 -18.022 97.131
v 4.827 -18.068 96.666
v -2.18 -27.892 97.175
v 0.042 -27.181 92.132
v 0.088 -26.801 92.343
v -2.102 -33.611 95.113
v -0.592 -31.932 92.129
v 0.045 -27.306 92.007
v 0.048 -27.387 91.924
v 0.339 -31.087 88.898
v 0.757 -28.945 86.376
v 0.678 -30.16 86.084
v 0.291 -23.907 95.449
v 0.499 -25.084 92.927
v 0.213 -13.525 92.637
v 2.937 -13.656 93.222
v 3.399 -14.329 93.6
v 3.781 -14.83 94.19
v 3.619 -14.952 94.193
v 3.319 -15.796 93.812
v 3.408 -16.045 93.604
v 3.324 -15.457 94.024
v 3.063 -14.665 93.474
v 3.484 -15.127 94.146
v 2.854 -15.042 93.18
v -5.708 -13.482 101.124
v -5.752 -13.399 100.577
v -5.628 -13.61 101.669
v -5.293 -14.116 102.466
v -4.795 -14.834 102.926
v -4.283 -15.543 103.055
v -3.78 -16.3 102.887
v -3.28 -16.933 102.297
v -2.977 -17.389 101.46
v -2.903 -17.522 100.573
v -2.898 -17.476 100.198
v -3.152 -17.141 99.189
v -2.98 -17.391 99.779
v -3.45 -16.724 98.598
v -3.902 -16.087 98.183
v -4.411 -15.334 98.097
v -4.959 -14.621 98.306
v -5.372 -13.986 98.856
v -5.67 -13.568 99.61
v -2.099 -16.216 108.096
v -6.3 -24.953 104.232
v -4.791 -21.637 106.33
v -7.818 -25.084 105.153
v -0.835 -18.062 107.09
v 5.551 -17.347 98.478
v 5.422 -17.181 97.762
v -13.615 -0.969 107.422
v -21.427 17.644 107.633
v -23.109 25.625 107.674
v -18.49 22.263 108.093
v -19.411 27.558 108.095
v -6.138 -13.572 107.884
v -6.886 -20.079 107.215
v -8.276 -7.772 107.886
v -10.501 -1.973 107.887
v -19.16 17.769 107.968
v -21.717 19.915 107.719
v -28.438 20.882 105.367
v -24.872 18.82 106.793
v -23.988 22.183 107.34
v -26.925 24.412 106.46
v -32.141 12.644 100.574
v -32.133 12.691 100.872
v -32.099 12.812 101.247
v -31.888 13.106 101.667
v -31.127 14.496 102.72
v -23.567 22.897 103.559
v -29.032 21.802 101.919
v -28.909 22.136 101.287
v -28.863 22.265 100.953
v -28.815 22.312 100.578
v -23.653 21.803 103.558
v -30.543 16.258 103.39
v -30.292 17.812 103.557
v -29.953 19.326 103.307
v -29.452 20.668 102.801
v -21.094 24.7 103.515
v -20.801 24.279 103.556
v -20.587 24.029 103.558
v -20.712 23.317 103.474
v -20.966 21.635 102.759
v -20.75 22.353 103.098
v -20.546 23.021 103.347
v -30.632 14.658 98.556
v -30.288 18.403 97.636
v -31 16.303 97.637
v -31.629 14.288 98.31
v -31.933 13.399 98.935
v -32.099 12.938 99.608
v -32.143 12.726 100.069
v -20.715 21.592 98.558
v -29.622 20.205 98.137
v -23.653 23.4 97.719
v -28.861 22.182 99.946
v -28.987 21.889 99.358
v -29.235 21.303 98.772
v -20.294 22.391 98.18
v -20.666 23.739 97.636
v -20.162 22.983 97.93
v -20.755 24.282 97.592
v -21.128 24.874 97.637
v -17.52 24.114 98.349
v -16.638 27.684 97.592
v -27.562 24.617 94.189
v -27.731 23.566 93.558
v -27.935 22.478 93.183
v -25.29 29.661 97.761
v -25.458 29.493 97.719
v -25.37 29.58 97.763
v -25.666 29.284 103.602
v -25.5 29.409 103.643
v -25.412 29.873 98.477
v -23.526 27.728 106.793
v -25.336 29.196 104.229
v -26.504 26.597 105.914
v -20.714 29.406 107.086
v -7.1 -27.686 68.479
v -7.937 -35.96 70.329
v -7.69 -30.796 69.57
v -8.359 -30.205 68.942
v -10.547 -43.861 69.024
v -3.697 -34.912 73.898
v -4.869 -43.857 72.682
v -5.675 -35.67 71.922
v -0.97 -43.863 78.182
v 0.631 -43.859 84.78
v -3.397 -34.739 96.924
v -0.332 -43.857 91.461
v -7.942 -35.963 100.827
v -3.742 -43.862 97.297
v -4.999 -35.457 98.601
v -10.544 -36.34 102.13
v -9.069 -43.856 101.461
v -8.698 -36.089 101.289
v -14.877 -35.629 103.262
v -13.024 -43.86 102.928
v -12.514 -36.21 102.805
v -17.177 -34.235 103.435
v -17.183 -43.86 103.432
v -33.058 -43.857 72.136
v -33.402 -43.862 72.721
v -33.269 -43.857 72.388
v -33.361 -43.863 72.552
v -32.431 -43.859 71.798
v -26.551 -43.86 74.739
v -29.833 -43.863 78.853
v -22.522 -43.863 72.3
v -19.827 -43.858 71.505
v -17.184 -43.861 71.293
v -31.428 -43.863 87.088
v -30.873 -43.856 89.656
v -33.398 -43.859 87.091
v -12.017 -43.861 72.259
v -29.832 -43.863 92.255
v -33.404 -43.863 98.431
v -33.234 -43.862 98.852
v -33.362 -43.863 98.641
v -32.978 -43.86 99.063
v -32.603 -43.861 99.314
v -32.093 -43.858 99.443
v -31.723 -43.863 99.523
v -7.223 -43.858 75.328
v -26.977 -43.864 95.994
v -29.656 -43.857 99.653
v -28.184 -43.856 99.948
v -26.849 -43.863 100.616
v -22.557 -43.858 98.855
v -4.034 -43.861 80.032
v -22.767 -43.858 102.552
v -19.993 -43.857 103.225
v -17.179 -43.858 99.863
v -2.903 -43.863 85.197
v -14.239 -43.858 99.569
v -11.257 -43.858 98.602
v -3.692 -43.857 90.369
v -6.636 -43.859 95.199
v -44.278 -11.677 72.849
v -44.529 -34.279 73.522
v -44.487 -0.334 73.228
v -44.285 -0.339 72.888
v -43.94 -0.333 72.64
v -43.74 -0.34 72.593
v -44.28 -22.98 72.848
v -43.775 -34.28 72.555
v -43.983 -34.279 72.639
v -44.489 -34.281 73.143
v -44.283 -34.284 72.804
v -39.495 -39.116 72.51
v -42.974 -36.253 72.556
v -43.185 -36.506 72.807
v -43.27 -36.674 73.101
v -43.272 -36.718 73.268
v -43.313 -36.718 73.478
v -35.798 -41.762 72.258
v -30.881 -9.833 81.459
v -26.973 -9.832 75.158
v -29.828 -9.831 78.898
v -22.561 -9.831 72.302
v -17.186 -9.833 71.292
v -19.365 -8.821 88.015
v -22.304 -8.819 97.847
v -26.636 -8.823 94.946
v -20.077 -8.819 87.092
v -29.202 -8.825 91.331
v -30.412 -8.819 87.092
v -18.363 -8.825 88.6
v -17.187 -8.825 98.893
v -17.179 -8.82 88.814
v -12.398 -8.826 97.969
v -16.007 -8.823 88.602
v -28.815 -8.819 79.11
v -8.238 -8.825 95.406
v -14.954 -8.821 87.931
v -19.371 -8.825 83.139
v -25.457 -8.821 75.16
v -18.357 -8.821 82.554
v -5.128 -8.824 91.122
v -14.238 -8.82 86.924
v -13.95 -8.824 85.702
v -21.594 -8.823 73.016
v -17.178 -8.819 82.345
v -3.908 -8.823 85.997
v -14.117 -8.823 84.485
v -17.187 -8.825 72.258
v -16.427 -8.823 82.426
v -4.795 -8.826 80.785
v -14.748 -8.824 83.434
v -12.01 -8.819 73.313
v -15.708 -8.819 82.681
v -7.647 -8.823 76.335
v -18.363 -3.826 82.551
v -17.189 -3.827 82.34
v -19.367 -3.823 83.141
v -18.488 -3.825 82.299
v -19.616 -3.82 83.017
v -44.408 -35.249 73.519
v -43.991 -36.091 73.476
v -33.987 5.714 93.224
v -34.744 4.369 93.139
v -35.043 4.576 93.347
v -34.318 5.886 93.604
v -35.205 4.748 93.686
v -35.247 4.79 93.896
v -35.25 4.787 94.062
v -34.067 6.599 94.066
v -33.314 7.059 93.224
v -33.023 8.527 93.39
v -32.728 8.444 93.139
v -32.514 8.405 93.099
v -33.657 7.18 93.599
v -33.313 8.614 94.065
v -33.228 8.572 93.729
v -30.496 17.354 93.604
v -29.071 21.678 94.064
v -29.027 21.68 93.729
v -28.818 21.595 93.392
v -30.165 17.224 93.223
v -28.524 21.469 93.14
v -28.319 21.382 93.096
v -31.925 12.984 93.604
v -31.548 12.857 93.225
v -36.384 3.654 93.853
v -37.597 2.733 93.351
v -40.249 1.553 91.878
v -42.982 1.174 97.591
v -43.062 1.176 97.593
v -23.279 1.173 87.087
v -43.061 1.177 87.09
v -22.933 1.18 88.017
v -22.52 1.175 88.853
v -19.58 -0.842 91.374
v -21.507 -0.838 90.116
v -22.645 -0.841 88.686
v -23.274 -0.84 87.09
v -20.374 -3.822 87.091
v -19.623 -3.825 88.139
v -18.48 -3.819 88.857
v -16.009 -3.825 82.551
v -14.958 -3.824 83.224
v -20.087 -3.827 87.087
v -19.369 -3.824 88.013
v -14.238 -3.82 84.235
v -18.354 -3.82 88.605
v -13.947 -3.823 85.452
v -17.184 -3.824 88.812
v -16.427 -3.824 88.728
v -14.111 -3.82 86.672
v -15.716 -3.826 88.474
v -14.752 -3.827 87.717
v 5.499 -17.354 72.972
v 5.551 -17.347 72.767
v 5.456 -17.271 73.181
v 5.041 -17.645 73.478
v 5.169 -17.392 73.395
v -5.793 -29.069 70.203
v -4.952 -28.48 70.624
v -4.158 -27.895 71.042
v -2.776 -26.595 71.838
v 5.252 -17.477 73.184
v 5.548 -17.349 98.392
v 5.504 -17.351 98.181
v 5.256 -17.474 97.973
v 5.463 -17.265 97.972
v 5.164 -17.395 97.759
v 5.04 -17.646 97.676
v 5.507 -17.348 98.435
v -7.689 -30.795 101.583
v -7.094 -27.682 102.679
v -2.771 -26.592 99.316
v -4.196 -27.892 100.116
v -4.955 -28.482 100.535
v -5.799 -29.073 100.953
v -1.637 -16.888 107.97
v -1.173 -17.558 107.593
v -5.422 -21.26 106.876
v -16.043 -30.328 103.855
v -14.785 -30.078 104.064
v -11.801 -28.103 104.611
v -15.622 -30.454 103.897
v -15.875 -30.539 103.855
v -16.007 -30.501 103.81
v -8.864 -24.45 105.869
v -6.175 -20.711 107.214
v -17.727 -28.609 103.643
v -18.694 -27.979 103.517
v -19.617 -27.558 103.35
v -27.978 -27.433 99.904
v -23.991 -27.435 102.171
v -30.204 -17.895 99.274
v -23.276 7.309 106.12
v -28.236 11.466 104.438
v -33.738 5.292 98.894
v -24.162 2.139 105.278
v -23.441 -3.318 104.945
v -23.059 -3.778 105.031
v -22.856 -4.329 105.028
v -27.142 -0.422 103.683
v -32.134 -5.626 99.023
v -22.809 -4.913 104.988
v -22.893 -5.375 104.904
v -26.383 -4.369 103.601
v -31.55 -6.553 99.526
v -31.17 -7.644 99.779
v -26.003 -5.082 103.728
v -25.841 -5.843 103.724
v -22.48 -9.455 104.607
v -25.837 -6.554 103.643
v -31.052 -8.826 99.733
v -25.621 -9.533 103.435
v -31.125 -9.785 99.528
v -31.38 -10.669 99.148
v -27.313 24.657 106.202
v -28.816 21.134 105.073
v -27.602 24.871 105.743
v -29.069 21.386 104.61
v -27.733 24.993 105.404
v -29.116 21.592 104.103
v -27.723 25.084 105.073
v -26.63 25.925 106.292
v -26.808 25.204 106.455
v -21.805 27.559 107.717
v -19.913 28.232 107.97
v -20.331 28.863 107.593
v -28.523 23.066 94.233
v -28.021 24.367 94.82
v -25.923 29.239 98.306
v -26.168 28.697 103.393
v -27.227 26.255 104.901
v -27.554 25.505 105.116
v -27.387 25.882 105.073
v -33.144 9.203 99.443
v -33.317 8.611 99.23
v -27.94 24.491 94.609
v -27.769 24.577 94.4
v -25.373 29.83 98.224
v -25.336 29.784 97.969
v -25.665 29.453 97.889
v -25.582 29.704 98.435
v -25.791 29.369 98.099
v -25.709 29.536 98.392
v -27.177 26.176 95.663
v -25.88 29.197 101.835
v -25.959 28.991 103.477
v -25.793 29.157 103.559
v -25.457 29.409 103.811
v -25.707 29.201 103.813
v -25.412 29.327 104.023
v -25.749 29.075 103.98
v -26.588 27.395 104.905
v -25.966 28.944 103.725
v -26.085 28.823 103.56
v -27.098 26.425 105.281
v -26.848 26.55 105.658
v -8.827 -32.814 101.665
v -18.566 -32.137 103.392
v -16.344 -32.308 103.557
v -18.021 -33.272 103.391
v -14.95 -32.471 103.519
v -13.149 -32.18 103.391
v -10.834 -31.379 103.015
v -9.242 -30.584 102.55
v -8.691 -29.614 102.637
v -20.286 -29.32 103.183
v -20.538 -29.236 103.099
v -19.831 -29.62 103.221
v -19.115 -30.71 103.307
v -23.398 -29.238 102.299
v -27.266 -29.198 100.323
v -19.824 -9.827 99.654
v -17.186 -9.833 99.86
v -26.546 -9.827 96.377
v -22.515 -9.829 98.855
v -29.83 -9.832 92.298
v -31.419 -9.827 87.093
v -14.243 -9.831 71.587
v -11.258 -9.83 72.554
v -6.64 -9.832 75.956
v -3.702 -9.834 80.786
v -2.893 -9.827 85.958
v -4.028 -9.827 91.125
v -7.228 -9.832 95.827
v -12.018 -9.833 98.894
v -28.69 -30.918 99.611
v -30.835 -18.022 99.022
v -28.142 -27.514 99.78
v -43.319 -36.721 97.674
v -43.311 -36.716 87.091
v -17.189 -9.667 71.291
v -17.182 -9.452 71.378
v -17.182 -9.116 71.588
v -17.182 -8.906 71.924
v -28.688 -8.944 77.976
v -23.7 -9.372 72.971
v -23.531 -8.952 73.35
v -33.403 -32.309 87.088
v -34.157 -33.274 87.089
v -35.207 -33.904 87.089
v -33.146 -31.592 87.091
v -33.064 -30.837 87.09
v -36.422 -34.07 87.091
v -38.654 -33.107 87.088
v -37.637 -33.816 87.092
v -44.528 -34.278 87.092
v -43.981 -36.084 87.093
v -44.401 -35.244 87.093
v -39.535 -30.838 87.089
v -39.327 -32.058 87.088
v -39.193 -29.364 87.092
v -39.451 -30.082 87.089
v -34.16 -11.304 87.088
v -33.942 -28.608 87.091
v -34.959 -27.899 87.087
v -33.396 -10.291 87.091
v -35.2 -11.885 87.093
v -36.166 -27.598 87.093
v -33.15 -9.581 87.088
v -31.386 -9.581 87.088
v -33.057 -8.818 87.093
v -31.085 -9.114 87.092
v -31.258 -9.328 87.089
v -36.421 -12.097 87.091
v -37.386 -27.767 87.092
v -33.269 -7.643 87.092
v -30.796 -8.908 87.089
v -37.64 -11.803 87.091
v -38.435 -28.396 87.092
v -33.948 -6.597 87.089
v -38.648 -11.089 87.091
v -34.949 -5.879 87.092
v -39.325 -10.042 87.089
v -36.167 -5.584 87.092
v -37.389 -5.755 87.091
v -38.441 -6.386 87.09
v -44.536 -0.339 87.088
v -39.535 -8.824 87.089
v -39.202 -7.355 87.087
v -39.453 -8.069 87.088
v -44.453 0.207 87.088
v -43.648 1.009 87.091
v -43.358 1.133 87.089
v -44.112 0.715 87.09
v -33.275 -29.62 87.089
v -17.186 -9.497 99.818
v -17.179 -9.156 99.611
v -17.18 -8.905 99.274
v -17.184 -8.865 99.062
v -23.521 -8.944 97.806
v -29.03 -9.369 93.392
v -28.697 -8.95 93.18
v -5.841 -9.37 77.09
v -6.176 -8.949 77.301
v -3.022 -9.367 85.579
v -3.405 -8.95 85.576
v -5.839 -9.368 94.064
v -6.175 -8.948 93.854
v -39.999 1.593 97.591
v -37.353 2.895 97.548
v -35.159 4.919 97.511
v -34.536 5.838 97.675
v -33.775 7.186 98.392
v -43.059 0.38 98.561
v -43.063 0.167 98.559
v -42.977 0.169 98.559
v -42.976 0.506 98.518
v -43.057 0.55 98.477
v -42.973 0.844 98.309
v -42.978 1.092 97.971
v -43.061 1.093 97.929
v -43.064 0.881 98.264
v -42.984 1.13 97.758
v -43.02 0.882 98.265
v -43.611 1.048 97.591
v -44.065 0.76 97.595
v -44.406 0.294 97.593
v -44.534 -0.043 97.592
v -44.535 -0.338 97.591
v -8.363 -30.208 102.213
v -7.987 -30.168 101.959
v -41.552 -8.824 93.558
v -41.208 -7.012 98.604
v -41.549 -8.822 98.643
v -41.172 -6.89 93.56
v -40.159 -5.248 98.603
v -40.158 -5.29 93.562
v -38.777 -4.201 93.559
v -38.57 -4.119 98.642
v -37.223 -3.656 93.559
v -36.592 -3.613 98.643
v -35.665 -3.611 93.561
v -34.749 -3.827 98.64
v -34.113 -4.075 93.56
v -33.024 -4.707 98.684
v -32.648 -5.045 93.557
v -32.515 -5.208 98.812
v -32.773 -4.96 98.725
v -31.639 -6.431 93.558
v -31.169 -7.643 93.562
v -31.044 -8.82 93.561
v -33.736 0.042 98.601
v -25.758 -28.319 101.287
v -30.039 -20.376 99.189
v -30.631 -17.984 99.019
v -30.38 -17.943 99.144
v -31.303 -13.153 98.977
v -31.935 -11.725 98.85
v -31.597 -11.22 98.935
v -33.272 8.781 99.316
v -33.318 8.569 99.314
v -33.907 5.291 98.725
v -34.068 5.254 98.603
v -27.817 -28.067 99.985
v -36.798 2.061 98.561
v -34.363 4.329 98.518
v -39.74 0.674 98.56
v -43.562 -0.333 98.561
v -43.235 0.122 98.556
v -43.394 0.045 98.561
v -43.478 -0.123 98.561
v -43.518 -0.206 98.562
v -33.317 -13.151 98.852
v -35.166 -13.949 98.81
v -37.134 -14.029 98.771
v -34.242 -26.007 99.02
v -32.556 -27.18 99.149
v -31.423 -28.861 99.232
v -36.255 -25.584 98.938
v -31.049 -30.838 99.272
v -38.275 -25.965 98.852
v -39.024 -13.314 98.687
v -39.99 -27.094 98.772
v -40.494 -11.969 98.646
v -41.124 -28.816 98.73
v -41.294 -10.5 98.645
v -31.466 -32.852 99.316
v -32.601 -34.575 99.273
v -34.321 -35.708 99.19
v -36.338 -36.087 99.064
v -38.351 -35.664 98.94
v -43.608 -34.281 98.643
v -41.554 -30.839 98.725
v -41.177 -32.815 98.766
v -43.527 -34.914 98.642
v -42.767 -35.92 98.685
v -40.083 -34.494 98.851
v -43.232 -35.459 98.642
v -39.485 -39.109 98.646
v -43.274 -36.678 98.054
v -43.151 -36.47 98.388
v -42.976 -36.254 98.602
v -42.892 -36.086 98.644
v -35.796 -41.761 98.894
v -44.527 -34.278 97.637
v -44.406 -35.248 97.635
v -43.989 -36.09 97.675
v -33.275 -29.661 93.559
v -33.058 -30.833 93.562
v -33.942 -28.608 93.561
v -35 -27.857 93.557
v -36.171 -27.601 93.56
v -37.309 -27.772 93.558
v -38.438 -28.398 93.561
v -39.192 -29.405 93.562
v -39.451 -30.124 93.559
v -39.538 -30.84 93.557
v -39.278 -32.095 93.561
v -38.645 -33.101 93.562
v -37.69 -33.781 93.557
v -36.508 -34.071 93.56
v -35.328 -33.943 93.561
v -34.325 -33.4 93.559
v -33.603 -32.681 93.563
v -33.231 -31.886 93.56
v -33.061 -31.339 93.561
v -33.278 -7.692 93.557
v -33.065 -8.824 93.559
v -33.94 -6.592 93.562
v -34.994 -5.839 93.56
v -36.166 -5.584 93.562
v -37.303 -5.753 93.561
v -38.435 -6.382 93.563
v -39.199 -7.396 93.558
v -39.452 -8.153 93.558
v -39.528 -8.819 93.562
v -39.282 -10.083 93.559
v -38.656 -11.095 93.557
v -37.682 -11.803 93.561
v -36.508 -12.099 93.56
v -35.333 -11.932 93.559
v -34.324 -11.428 93.559
v -33.612 -10.673 93.558
v -33.236 -9.876 93.557
v -33.064 -9.327 93.559
v -34.662 4.535 98.474
v -34.909 4.749 98.266
v -35.08 4.873 97.928
v -35.159 4.919 97.721
v -37.516 2.437 98.265
v -34.281 5.924 98.307
v -34.49 5.715 98.056
v -34.411 5.543 98.347
v -34.237 5.379 98.518
v -44.486 -0.333 97.931
v -44.282 -0.337 98.264
v -43.941 -0.334 98.477
v -43.737 -0.338 98.557
v -41.124 -10.835 93.562
v -39.992 -12.559 93.561
v -38.309 -13.692 93.563
v -36.345 -14.077 93.557
v -34.321 -13.694 93.561
v -32.6 -12.561 93.56
v -31.462 -10.878 93.562
v -31.127 -9.87 93.561
v -31.465 -32.852 93.561
v -31.051 -30.84 93.557
v -32.52 -34.493 93.558
v -34.066 -35.58 93.562
v -35.968 -36.092 93.557
v -37.855 -35.837 93.559
v -39.493 -34.997 93.558
v -40.626 -33.778 93.559
v -41.258 -32.519 93.558
v -41.466 -31.635 93.559
v -41.554 -30.839 93.558
v -41.168 -28.902 93.561
v -40.159 -27.262 93.562
v -38.776 -26.215 93.56
v -37.219 -25.667 93.561
v -35.67 -25.629 93.558
v -34.11 -26.087 93.561
v -32.646 -27.057 93.558
v -31.638 -28.444 93.558
v -31.176 -29.663 93.558
v -44.279 -11.678 98.308
v -44.286 -22.984 98.304
v -44.493 -34.283 98.012
v -44.28 -34.282 98.349
v -43.985 -34.281 98.518
v -43.773 -34.279 98.603
v 21.553 -2.982 70.118
v 21.634 -2.984 69.402
v 21.85 -2.938 69.363
v 21.468 -2.899 69.445
v 21.889 -3.024 71.294
v 21.554 -2.981 70.959
v 21.38 -2.775 72.174
v 21.556 -2.518 73.018
v 21.006 -2.185 73.436
v 20.295 -1.216 74.53
v 20.875 -1.6 74.358
v 19.952 -0.296 75.241
v 19.362 0.122 75.156
v 18.946 1.175 75.452
v 18.405 1.515 75.161
v 17.983 2.564 75.076
v 17.224 3.613 74.234
v 17.478 2.815 74.529
v 16.759 3.862 73.35
v 16.763 4.328 73.226
v 16.515 4.624 72.472
v 16.302 4.496 71.714
v 16.255 4.661 71.754
v 16.39 4.835 71.759
v 21.043 -2.23 73.56
v 21.169 -2.23 73.644
v 17.939 2.395 75.075
v 16.803 5.124 71.755
v 17.266 4.453 73.52
v 18.021 3.36 74.738
v 18.986 1.972 75.367
v 19.992 0.5 75.408
v 21.005 -0.883 74.738
v 21.714 -1.936 73.601
v 22.146 -2.517 72.263
v 22.309 -2.772 70.958
v 22.306 -2.774 70.116
v 22.228 -2.644 69.363
v 20.967 -2.14 72.556
v 20.371 -1.306 73.77
v 21.213 -2.522 71.082
v 19.539 -0.081 74.53
v 21.177 -2.435 69.572
v 21.258 -2.605 68.437
v 18.608 1.216 74.653
v 20.798 -1.889 68.102
v 20.921 -2.059 67.512
v 17.732 2.481 74.11
v 20.087 -0.878 67.053
v 20.25 -1.092 66.547
v 17.013 3.486 73.057
v 19.409 0.084 66
v 19.2 0.379 66.505
v 18.572 1.263 65.96
v 16.631 4.071 71.585
v 18.275 1.681 66.63
v 16.55 4.115 70.074
v 17.812 2.352 66.336
v 17.43 2.895 67.342
v 16.263 4.582 69.951
v 16.852 3.743 68.608
v 17.096 3.359 67.133
v 16.558 4.163 68.356
v 22.351 -2.52 69.404
v 22.313 -2.307 69.447
v 22.351 -2.394 71.252
v 22.015 -1.932 72.89
v 21.385 -1.05 74.193
v 20.549 0.214 74.993
v 19.577 1.596 75.2
v 18.649 2.896 74.82
v 17.941 3.909 74.067
v 17.472 4.576 73.098
v 17.268 4.874 72.387
v 16.976 5.17 71.757
v 17.144 5.086 71.716
v 21.807 -1.805 73.648
v 21.803 -1.681 73.562
v 18.656 2.859 74.992
v 17.855 4.075 73.016
v 17.431 4.618 71.586
v 18.481 3.148 74.064
v 19.282 2.016 74.612
v 20.121 0.755 74.611
v 20.96 -0.381 74.064
v 21.557 -1.257 73.102
v 21.926 -1.767 71.964
v 22.061 -1.971 70.918
v 22.058 -1.973 70.202
v 22.012 -1.892 69.57
v 21.631 -1.39 68.224
v 20.965 -0.419 67.093
v 20.084 0.842 66.548
v 19.245 2.062 66.548
v 18.445 3.194 67.135
v 17.77 4.116 68.226
v 17.437 4.665 69.74
v 17.355 4.751 70.708
v 16.345 4.917 69.866
v 16.678 4.411 68.143
v 17.347 3.484 66.754
v 18.236 2.187 65.918
v 19.287 0.717 65.666
v 20.208 -0.672 66.084
v 20.958 -1.726 66.922
v 21.47 -2.435 67.934
v 21.673 -2.776 68.686
v 16.809 3.868 67.557
v 16.845 3.99 67.511
v 20.083 -0.671 66.085
v 22.187 -2.139 68.775
v 21.97 -1.808 68.058
v 21.472 -1.131 67.095
v 20.8 -0.165 66.296
v 19.876 1.138 65.919
v 18.905 2.563 66.168
v 17.096 5.124 69.906
v 18.02 3.779 66.965
v 17.388 4.66 68.266
v 21.765 -1.972 67.64
v 21.005 -0.883 66.42
v 20.036 0.459 65.746
v 19.03 1.932 65.748
v 18.024 3.32 66.421
v 17.311 4.37 67.555
v 16.893 5.003 68.901
v 16.719 5.25 70.201
v 16.717 5.207 71.04
v 17.436 4.412 67.513
v 17.559 4.41 67.554
v 20.749 -0.171 66.166
v 17.356 5.339 72.514
v 17.138 5.376 71.797
v 17.135 5.206 71.753
v 17.219 5.541 71.795
v 17.604 4.538 73.437
v 17.603 5 73.31
v 18.105 4.284 74.318
v 18.354 3.483 74.61
v 18.866 3.195 75.16
v 19.83 1.807 75.579
v 19.286 2.145 75.244
v 20.289 0.712 75.241
v 20.883 0.297 75.329
v 21.218 -0.629 74.614
v 21.799 -1.012 74.442
v 21.936 -1.635 73.523
v 22.35 -2.226 72.218
v 22.472 -1.978 73.056
v 22.854 -2.479 71.293
v 22.524 -2.433 70.96
v 22.521 -2.435 70.118
v 22.776 -2.391 69.364
v 22.602 -2.437 69.361
v 22.435 -2.352 69.403
v 18.816 3.063 75.156
v 18.732 2.979 75.072
v 22.009 -1.642 73.644
v 18.911 2.735 74.237
v 18.271 3.61 73.56
v 17.851 4.199 72.762
v 19.661 1.638 74.57
v 17.684 4.451 72.132
v 17.557 4.619 71.544
v 17.103 5.296 71.043
v 20.504 0.422 74.361
v 17.104 5.297 70.204
v 17.524 4.667 70.12
v 21.258 -0.63 73.688
v 17.226 5.084 68.941
v 17.807 4.281 68.602
v 21.805 -1.428 72.554
v 17.645 4.495 67.638
v 18.396 3.441 67.426
v 22.059 -1.805 71.169
v 18.361 3.489 66.547
v 19.16 2.354 66.758
v 22.015 -1.764 69.614
v 21.852 -1.508 68.776
v 19.33 2.146 65.919
v 19.958 1.178 66.589
v 21.975 -1.678 67.724
v 21.553 -1.049 67.975
v 20.296 0.717 65.918
v 20.842 -0.039 67.01
v 21.213 -0.632 66.545
v 17.395 5.673 71.799
v 17.897 4.958 73.562
v 18.65 3.863 74.821
v 19.666 2.482 75.497
v 20.712 0.966 75.495
v 21.679 -0.461 74.823
v 22.438 -1.51 73.648
v 22.85 -2.145 72.3
v 23.028 -2.391 70.96
v 23.026 -2.392 70.119
v 22.933 -2.272 69.358
v 1.386 -6.722 71.546
v 1.557 -6.93 72.303
v 1.81 -7.308 73.018
v 2.482 -8.274 74.068
v 3.365 -9.492 74.53
v 4.205 -10.71 74.446
v 4.618 -11.303 74.191
v 5.631 -12.728 72.555
v 5.039 -11.891 73.729
v 5.88 -13.151 71.041
v 5.835 -13.069 69.611
v 5.667 -12.859 68.854
v 5.418 -12.478 68.142
v 4.751 -11.509 67.094
v 3.905 -10.294 66.587
v 3.072 -9.113 66.717
v 2.642 -8.49 66.964
v 2.221 -7.902 67.426
v 1.633 -7.062 68.602
v 1.347 -6.636 70.118
v 22.649 -2.181 68.649
v 22.393 -1.848 67.849
v 21.886 -1.136 66.839
v 21.131 -0.043 66
v 20.169 1.347 65.582
v 19.119 2.859 65.834
v 18.194 4.161 66.716
v 17.523 5.129 68.103
v 17.183 5.63 69.823
v 21.002 -0.087 65.998
v 20.927 -0.08 66.087
v 17.649 4.54 67.515
v 23.019 -2.229 69.36
v 23.061 -2.313 71.292
v 22.726 -1.808 73.057
v 22.059 -0.838 74.446
v 21.137 0.466 75.329
v 20.084 1.976 75.538
v 19.121 3.365 75.162
v 18.362 4.455 74.32
v 17.849 5.163 73.265
v 17.607 5.507 72.514
v 17.474 5.711 71.796
v 22.439 -1.467 73.733
v 22.44 -1.466 73.733
v 19.11 3.316 75.198
v 2.895 -9.287 66.923
v 2.391 -8.573 67.301
v 1.934 -7.939 67.849
v 1.471 -7.267 68.983
v 1.255 -6.978 70.367
v 1.389 -7.14 71.757
v 1.767 -7.687 72.975
v 2.394 -8.571 73.856
v 3.148 -9.664 74.275
v 3.948 -10.797 74.192
v 4.451 -11.513 73.855
v 4.921 -12.137 73.271
v 5.374 -12.816 72.132
v 5.549 -13.105 70.791
v 5.456 -12.943 69.4
v 5.082 -12.394 68.184
v 4.457 -11.509 67.304
v 3.701 -10.416 66.842
v 22.474 -1.598 67.596
v 21.675 -0.464 66.335
v 20.714 0.926 65.665
v 19.657 2.434 65.662
v 18.656 3.867 66.338
v 17.943 4.918 67.473
v 17.479 5.547 68.858
v 17.308 5.797 70.159
v 17.314 5.759 71.044
v 26.469 2.06 70.244
v 26.425 2.143 69.781
v 26.34 2.226 71.713
v 26.464 2.056 70.83
v 26.052 2.65 72.64
v 25.582 3.359 73.393
v 24.913 4.285 73.814
v 24.196 5.292 73.813
v 23.567 6.217 73.394
v 23.064 6.932 72.554
v 22.729 7.394 71.378
v 17.388 5.794 69.821
v 17.772 5.294 68.101
v 18.446 4.329 66.716
v 19.373 2.987 65.835
v 20.419 1.513 65.581
v 21.388 0.129 66.002
v 22.141 -0.966 66.841
v 22.648 -1.678 67.851
v 22.902 -2.012 68.65
v 17.978 4.871 67.427
v 17.978 4.913 67.427
v 21.337 0.123 65.956
v 22.69 7.481 70.875
v 22.818 7.314 69.448
v 22.681 7.474 70.325
v 23.067 6.892 68.522
v 23.564 6.173 67.762
v 24.238 5.249 67.343
v 24.911 4.284 67.343
v 25.59 3.364 67.767
v 26.087 2.603 68.604
v 26.472 2.314 69.784
v 26.429 2.439 69.825
v 26.465 2.393 71.04
v 26.254 2.686 72.09
v 25.836 3.276 72.974
v 25.25 4.076 73.479
v 24.622 5.001 73.648
v 24.036 5.885 73.397
v 23.572 6.557 72.892
v 23.236 6.976 72.262
v 23.11 7.187 71.758
v 22.895 7.393 71.377
v 23.024 7.311 71.336
v 26.094 2.734 72.64
v 26.132 2.857 72.554
v 23.983 5.877 73.475
v 22.981 7.353 70.118
v 23.189 7.057 69.066
v 23.613 6.472 68.186
v 24.161 5.633 67.641
v 24.834 4.709 67.515
v 25.419 3.866 67.765
v 25.877 3.192 68.268
v 26.173 2.773 68.899
v 26.339 2.561 69.402
v 23.185 6.886 68.518
v 23.275 6.891 68.563
v 25.416 3.864 67.638
v 26.302 2.607 71.379
v 25.126 4.287 73.396
v 25.924 3.195 68.564
v 23.529 6.556 72.597
v 24.321 5.459 67.763
v 23.101 7.138 69.778
v 22.514 2.476 73.392
v 20.923 4.748 72.597
v 20.505 5.296 69.783
v 21.673 3.61 67.762
v 23.273 1.343 68.562
v 23.69 0.753 71.375
v -6.759 37.394 74.405
v -6.386 36.97 74.907
v -6.263 37.094 74.947
v -6.39 36.883 74.736
v -7.147 38.353 73.812
v -7.096 37.897 73.858
v -7.519 38.484 72.849
v -7.641 39.116 72.22
v -7.817 38.901 71.502
v -7.853 38.947 69.867
v -7.818 39.32 70.451
v -7.605 39.028 68.688
v -7.524 38.48 68.225
v -7.052 38.235 67.179
v -6.894 37.555 66.964
v -6.263 37.094 66.167
v -5.414 35.882 65.709
v -6.048 36.341 66.169
v -5.043 34.952 65.915
v -4.665 34.784 65.705
v -4.155 34.116 65.918
v -4.028 33.486 66.423
v -3.952 33.481 66.251
v -3.78 33.568 66.169
v -7.898 39.029 71.461
v -7.855 39.198 71.462
v -6.392 37.05 66.249
v -3.362 33.818 66.167
v -4.408 35.376 65.707
v -5.458 36.847 65.918
v -6.347 38.144 66.754
v -7.012 39.073 68.102
v -7.395 39.574 69.823
v -7.348 39.536 71.548
v -7.054 39.115 72.976
v -6.6 38.438 74.022
v -6.215 37.938 74.572
v -5.834 37.394 74.951
v -7.397 38.312 72.048
v -7.559 38.527 70.413
v -6.975 37.684 73.352
v -7.346 38.235 68.86
v -6.256 36.679 74.236
v -5.839 36.046 75.117
v -6.809 37.43 67.553
v -5.378 35.373 74.654
v -5.209 35.164 75.243
v -6.008 36.298 66.714
v -4.452 34.072 74.445
v -4.333 33.899 74.946
v -5.078 34.999 66.507
v -3.574 32.809 74.191
v -3.655 32.937 73.604
v -2.982 32.013 73.142
v -4.153 33.697 66.885
v -3.068 32.138 72.301
v -3.491 32.682 67.805
v -2.643 31.511 71.883
v -2.863 31.841 70.702
v -3.231 32.352 67.473
v -3.023 32.056 69.11
v -2.565 31.381 70.41
v -2.736 31.631 68.896
v -5.672 37.474 74.907
v -5.586 37.433 74.739
v -6.431 38.648 73.645
v -6.885 39.368 72.136
v -7.053 39.578 70.456
v -6.854 39.277 68.812
v -6.306 38.522 67.342
v -5.592 37.429 66.376
v -4.753 36.294 65.955
v -4.031 35.249 65.959
v -3.611 34.619 66.127
v -3.237 33.943 66.251
v -3.23 34.075 66.423
v -7.228 39.615 71.46
v -7.104 39.572 71.459
v -5.675 37.514 66.334
v -4.248 35.539 66.502
v -3.359 34.282 66.883
v -5.123 36.804 66.674
v -5.885 37.85 67.385
v -6.423 38.654 68.523
v -6.727 39.067 69.947
v -6.724 39.069 71.377
v -6.426 38.694 72.597
v -6.044 38.15 73.481
v -5.75 37.688 73.943
v -5.424 37.261 74.232
v -4.622 36.087 74.654
v -3.692 34.747 74.489
v -2.9 33.608 73.688
v -2.35 32.813 72.555
v -2.056 32.435 71.127
v -2.147 32.514 69.527
v -2.523 33.104 68.058
v -2.944 33.649 67.385
v -2.899 32.307 67.345
v -2.354 31.55 68.94
v -2.189 31.295 70.703
v -2.394 31.635 72.428
v -2.982 32.433 73.983
v -3.78 33.568 74.991
v -4.621 34.785 75.411
v -5.38 35.834 75.451
v -5.843 36.548 75.241
v -2.482 31.338 69.695
v -2.348 31.344 69.699
v -3.863 33.442 74.907
v -5.214 36.925 74.988
v -4.745 36.257 75.202
v -4.03 35.25 75.202
v -3.237 34.07 74.738
v -2.478 33.022 73.815
v -1.927 32.227 72.347
v -2.397 32.893 67.511
v -1.726 31.968 70.704
v -1.895 32.178 69.023
v -4.792 35.876 75.451
v -3.745 34.403 75.24
v -2.853 33.108 74.405
v -2.18 32.142 73.061
v -1.804 31.637 71.337
v -1.845 31.679 69.615
v -2.147 32.136 68.183
v -2.609 32.766 67.132
v -2.98 33.317 66.548
v -1.766 31.76 69.696
v -1.728 31.883 69.694
v -3.194 33.987 74.822
v -3.239 34.74 65.788
v -2.987 34.069 66.166
v -3.106 34.116 66.338
v -2.851 34.159 66.087
v -4.155 35.587 65.834
v -3.739 35.416 65.622
v -4.495 36.508 65.622
v -5.171 37.009 66.04
v -5.38 37.767 66.083
v -6.179 38.9 67.133
v -6.009 38.272 66.882
v -6.679 39.197 68.185
v -6.763 39.744 68.647
v -7.021 39.655 69.863
v -6.974 40.037 70.453
v -6.975 39.616 71.503
v -6.682 39.195 72.889
v -6.805 39.827 72.26
v -6.26 39.028 73.856
v -6.263 38.564 73.939
v -5.879 38.064 74.446
v -5.375 37.77 75.076
v -5.499 37.646 74.993
v -5.505 37.557 74.822
v -5.504 37.726 66.126
v -5.541 37.646 66.213
v -7.016 39.743 71.462
v -5.336 37.264 66.966
v -4.618 36.258 66.632
v -4.028 35.377 66.633
v -5.96 38.193 67.81
v -3.612 34.828 66.757
v -3.314 34.369 67.011
v -2.725 33.571 66.675
v -6.425 38.863 69.068
v -2.393 33.064 67.219
v -2.649 33.398 67.847
v -6.591 39.116 70.498
v -1.934 32.432 68.226
v -2.139 32.729 69.195
v -6.47 38.902 71.923
v -1.636 32.014 69.656
v -2.013 32.561 70.791
v -6.05 38.272 73.184
v -1.637 31.972 71.294
v -2.227 32.811 72.218
v -5.341 37.261 74.148
v -4.877 36.589 74.442
v -1.976 32.432 72.973
v -2.689 33.483 73.394
v -4.496 36.087 75.326
v -4.324 35.838 74.572
v -2.606 33.398 74.276
v -3.439 34.537 74.279
v -3.481 34.621 75.119
v -2.649 34.28 66.083
v -3.743 35.833 65.578
v -4.832 37.348 65.832
v -5.715 38.649 66.671
v -6.433 39.613 68.056
v -6.758 40.125 69.826
v -6.768 40.076 71.544
v -6.424 39.661 73.018
v -5.96 38.99 74.111
v -5.584 38.443 74.656
v -5.204 37.898 75.077
v -19.498 23.019 67.006
v -19.911 23.655 66.716
v -20.372 24.327 66.59
v -21.298 25.628 66.799
v -22.058 26.718 67.638
v -22.562 27.432 68.814
v -22.733 27.641 69.527
v -22.644 27.56 71.966
v -22.773 27.768 70.368
v -22.182 26.887 73.31
v -21.504 25.925 74.153
v -21.089 25.333 74.445
v -20.592 24.657 74.567
v -19.699 23.362 74.321
v -18.947 22.266 73.52
v -18.447 21.549 72.342
v -18.28 21.338 71.585
v -18.187 21.219 70.791
v -18.318 21.426 69.193
v -18.821 22.098 67.849
v -4.957 37.18 75.327
v -4.495 36.508 75.537
v -3.693 35.376 75.539
v -2.859 34.154 75.074
v -2.058 33.022 74.025
v -1.475 32.177 72.467
v -1.263 31.885 70.704
v -1.427 32.098 68.9
v -1.936 32.85 67.301
v -2.945 34.068 74.988
v -3.028 34.027 74.905
v -1.552 31.93 69.698
v -5.122 37.939 75.034
v -6.051 39.196 73.856
v -6.549 39.998 72.262
v -6.719 40.207 70.455
v -6.509 39.913 68.69
v -5.928 39.068 67.132
v -5.131 37.932 66.081
v -4.279 36.68 65.625
v -3.485 35.585 65.623
v -3.024 34.912 65.832
v -2.608 34.321 66.083
v -6.716 40.125 71.507
v -6.716 40.125 71.506
v -5.206 37.939 66.128
v -18.781 21.593 72.217
v -18.611 21.342 71.335
v -18.564 21.261 70.372
v -18.743 21.548 69.022
v -19.195 22.227 67.851
v -19.866 23.194 67.095
v -20.665 24.286 66.843
v -21.471 25.415 67.049
v -22.139 26.426 67.807
v -22.641 27.1 68.9
v -22.813 27.349 69.823
v -22.852 27.435 70.791
v -22.639 27.143 72.137
v -22.184 26.466 73.267
v -21.504 25.505 74.069
v -20.708 24.412 74.32
v -19.957 23.274 74.066
v -19.238 22.269 73.354
v -4.114 36.342 75.58
v -3.071 34.825 75.325
v -2.146 33.523 74.485
v -1.468 32.56 73.101
v -1.092 32.055 71.336
v -1.139 32.052 69.569
v -1.427 32.518 68.102
v -1.888 33.191 67.052
v -2.311 33.735 66.462
v -0.626 40.712 73.27
v -0.382 40.37 73.518
v -1.179 41.506 72.216
v -0.887 41.084 72.888
v -1.385 41.802 71.21
v -1.425 41.846 70.077
v -1.178 41.506 68.898
v -0.715 40.835 68.016
v -0.131 39.992 67.426
v 0.591 38.989 67.262
v 1.307 37.982 67.599
v -1.718 33.066 67.305
v -1.171 32.269 68.902
v -1.005 32.057 70.707
v -1.219 32.348 72.469
v -1.808 33.188 74.024
v -2.603 34.324 75.075
v -3.491 35.539 75.535
v -4.244 36.675 75.536
v -4.751 37.346 75.325
v -1.094 32.054 69.654
v -1.094 32.096 69.654
v -2.604 34.282 75.033
v 1.559 37.603 67.851
v 2.099 36.801 68.94
v 1.801 37.218 68.224
v 2.308 36.507 69.906
v 2.315 36.469 71.086
v 2.106 36.806 72.22
v 1.634 37.471 73.14
v 1.048 38.313 73.729
v 0.336 39.323 73.856
v -0.253 40.415 73.478
v -0.168 40.373 73.31
v -0.72 41.167 72.593
v -1.045 41.637 71.59
v -1.175 41.76 70.496
v -1.009 41.591 69.403
v -0.668 41.09 68.439
v -0.174 40.369 67.804
v 0.339 39.619 67.556
v 0.839 38.944 67.554
v 1.13 38.479 67.636
v 1.389 38.064 67.682
v 1.383 38.144 67.805
v -1.3 41.845 71.169
v -1.214 41.805 71.17
v -0.25 40.416 67.765
v 1.928 37.345 68.56
v 2.273 36.889 69.531
v 2.358 36.764 70.666
v 2.222 36.925 71.754
v 1.852 37.435 72.682
v 1.39 38.149 73.354
v 0.84 38.903 73.604
v 0.379 39.576 73.605
v 0.089 40.041 73.523
v 2.356 36.594 69.993
v 2.349 36.674 69.989
v 1.391 38.065 73.396
v -0.793 41.217 72.178
v -0.877 41.385 69.279
v 0.709 39.109 73.433
v 0.507 39.409 67.682
v 2.095 37.134 71.837
v 1.98 37.31 68.986
v -3.487 39.533 69.277
v -2.148 37.554 67.678
v -0.635 35.454 68.98
v -0.542 35.293 71.842
v -1.93 37.266 73.438
v -3.4 39.409 72.177
v 18.401 1.386 105.155
v 18.868 0.844 105.409
v 19.033 0.967 105.492
v 18.818 0.796 105.237
v 17.943 2.482 105.073
v 17.982 2.018 104.945
v 17.308 2.94 104.398
v 17.101 3.74 104.064
v 16.719 3.78 103.39
v 16.299 4.41 101.919
v 16.511 4.58 102.592
v 16.256 4.914 100.869
v 16.17 4.576 100.237
v 16.389 4.708 99.065
v 16.429 4.203 98.561
v 16.848 4.076 97.551
v 17.472 3.148 96.498
v 17.021 3.407 97.218
v 17.861 2.189 96.251
v 18.189 2.183 95.911
v 18.648 1.467 95.742
v 18.861 0.712 95.911
v 18.95 0.758 95.746
v 19.07 0.88 95.659
v 16.68 3.95 103.391
v 16.726 4.037 103.477
v 16.718 3.989 97.633
v 19.495 1.178 95.661
v 18.407 2.693 96.041
v 17.516 3.947 97.003
v 16.925 4.828 98.472
v 16.679 5.209 100.197
v 16.759 5.039 102.002
v 17.227 4.413 103.517
v 17.858 3.489 104.61
v 18.528 2.521 105.197
v 19.031 1.848 105.407
v 19.451 1.218 105.491
v 17.226 3.068 103.559
v 16.682 3.825 102.216
v 17.976 2.013 104.354
v 16.512 4.118 100.618
v 18.819 0.797 104.692
v 19.452 -0.083 105.113
v 16.682 3.868 99.023
v 19.742 -0.506 104.355
v 20.034 -0.928 104.732
v 17.187 3.154 97.679
v 20.502 -1.596 103.474
v 20.753 -1.933 103.852
v 17.942 2.061 96.796
v 21.264 -2.685 102.595
v 21.05 -2.351 102.131
v 21.509 -3.025 101.205
v 18.857 0.71 96.456
v 21.218 -2.603 100.535
v 19.748 -0.502 96.796
v 21.468 -2.983 99.778
v 21.004 -2.312 98.936
v 19.877 -0.668 96.293
v 20.455 -1.557 97.591
v 21.22 -2.601 98.435
v 20.666 -1.851 97.171
v 19.575 1.343 105.406
v 19.661 1.386 105.239
v 18.613 2.858 104.862
v 17.808 4.03 103.892
v 17.22 4.786 102.506
v 17.017 5.127 100.829
v 17.139 4.956 99.146
v 17.565 4.33 97.721
v 18.188 3.443 96.709
v 18.82 2.52 96.164
v 19.286 1.893 95.956
v 19.619 1.26 95.744
v 19.701 1.3 95.911
v 17.304 4.492 103.472
v 17.439 4.456 103.393
v 17.483 4.415 97.68
v 18.78 2.605 96.795
v 19.698 1.299 96.456
v 18.069 3.658 97.595
v 17.562 4.37 98.812
v 17.314 4.709 100.284
v 17.432 4.535 101.75
v 17.808 4.029 103.052
v 18.315 3.234 103.936
v 18.907 2.438 104.442
v 19.278 1.887 104.606
v 19.667 1.391 104.696
v 20.5 0.167 104.398
v 21.256 -0.968 103.557
v 21.802 -1.724 102.255
v 22.019 -2.013 100.788
v 21.891 -1.846 99.317
v 21.467 -1.219 97.928
v 20.715 -0.166 96.922
v 20.208 0.589 96.585
v 20.161 -0.675 96.078
v 21.052 -1.888 97.091
v 21.588 -2.735 98.556
v 21.847 -3.108 100.282
v 21.724 -2.896 102.09
v 21.256 -2.228 103.599
v 20.633 -1.299 104.653
v 19.913 -0.337 105.238
v 19.455 0.338 105.409
v 21.085 -2.356 97.758
v 21.221 -2.391 97.679
v 21.173 -2.312 103.516
v 20.04 0.799 105.197
v 20.505 0.128 104.988
v 21.134 -0.754 104.442
v 21.76 -1.64 103.431
v 22.224 -2.268 102.004
v 22.347 -2.481 100.322
v 20.712 -0.168 96.29
v 22.099 -2.142 98.644
v 21.549 -1.347 97.255
v 20.506 -0.291 105.115
v 21.381 -1.556 104.145
v 22.02 -2.433 102.679
v 22.261 -2.818 100.951
v 22.135 -2.65 99.145
v 21.718 -2.018 97.634
v 21.042 -1.096 96.54
v 20.378 -0.124 95.955
v 19.911 0.544 95.743
v 21.808 -1.93 97.679
v 21.846 -1.849 97.761
v 21.808 -1.803 103.477
v 19.532 2.14 95.617
v 19.826 1.384 95.658
v 19.782 1.341 95.826
v 19.995 1.511 95.575
v 18.739 2.858 96.165
v 19.077 2.817 95.83
v 18.362 3.825 96.418
v 17.86 4.079 97.133
v 17.691 4.75 97.469
v 17.225 5.42 99.022
v 17.303 4.911 98.514
v 17.02 5.297 100.2
v 17.093 5.626 100.867
v 17.141 5.126 101.962
v 17.352 5.253 102.635
v 17.557 4.493 103.43
v 18.188 3.611 104.481
v 17.934 4.408 104.144
v 18.824 3.153 105.156
v 18.865 2.69 105.072
v 19.325 2.017 105.281
v 19.91 1.594 105.573
v 19.783 1.467 105.489
v 19.749 1.431 105.325
v 17.607 4.708 97.553
v 17.556 4.576 97.632
v 17.518 4.621 103.474
v 17.939 3.949 98.097
v 18.488 3.237 97.258
v 19.029 2.435 96.793
v 17.567 4.499 99.36
v 19.412 1.851 96.628
v 19.792 1.348 96.587
v 20.212 0.759 95.872
v 17.481 4.666 100.83
v 20.674 0.129 96.083
v 20.59 0.213 96.839
v 17.64 4.366 102.212
v 21.298 -0.842 96.667
v 21.336 -0.886 97.716
v 18.143 3.693 103.429
v 21.933 -1.721 97.72
v 21.848 -1.637 99.022
v 18.857 2.685 104.27
v 22.349 -2.311 99.189
v 22.055 -1.891 100.449
v 19.745 1.428 104.566
v 20.247 0.712 104.481
v 22.472 -2.482 100.952
v 21.931 -1.722 101.878
v 20.759 -0.081 104.989
v 20.756 0.002 104.19
v 22.222 -2.102 102.633
v 21.464 -1.053 103.22
v 21.638 -1.301 104.022
v 20.166 1.638 95.576
v 19.029 3.191 95.953
v 18.153 4.498 96.964
v 17.522 5.38 98.435
v 17.27 5.758 100.199
v 17.397 5.59 102.048
v 17.857 4.917 103.602
v 18.49 3.995 104.695
v 19.2 3.025 105.281
v 19.664 2.312 105.492
v 20.077 1.678 105.573
v 3.615 -9.955 96.586
v 3.152 -9.326 96.627
v 2.686 -8.656 96.877
v 1.928 -7.607 97.8
v 1.426 -6.892 99.104
v 1.255 -6.642 100.531
v 1.305 -6.72 101.333
v 1.976 -7.645 103.433
v 1.469 -6.933 102.129
v 2.729 -8.739 104.314
v 3.57 -9.915 104.566
v 3.995 -10.542 104.527
v 4.453 -11.217 104.272
v 5.214 -12.264 103.351
v 5.711 -12.983 102.045
v 5.883 -13.191 100.618
v 5.84 -13.149 99.82
v 5.674 -12.938 99.023
v 5.163 -12.229 97.717
v 4.406 -11.137 96.834
v 20.375 0.966 105.533
v 20.837 0.252 105.323
v 21.557 -0.71 104.737
v 22.221 -1.683 103.683
v 22.688 -2.352 102.131
v 22.815 -2.561 100.283
v 22.558 -2.186 98.516
v 21.968 -1.347 97.003
v 21.085 -0.087 95.994
v 22.098 -1.765 103.6
v 22.02 -1.76 103.519
v 22.009 -1.81 97.674
v 20.171 1.726 105.578
v 19.074 3.32 105.155
v 18.191 4.579 104.147
v 17.597 5.416 102.631
v 17.356 5.801 100.872
v 17.48 5.589 99.023
v 17.942 4.917 97.51
v 18.617 3.995 96.419
v 19.283 2.983 95.828
v 19.791 2.271 95.62
v 20.203 1.678 95.574
v 17.852 4.956 103.557
v 17.859 5.002 103.519
v 17.895 4.956 97.55
v 5.498 -13.154 100.615
v 5.466 -13.063 99.653
v 5.246 -12.776 98.766
v 4.746 -12.016 97.676
v 4.038 -11.004 97.007
v 3.229 -9.877 96.834
v 2.478 -8.781 97.172
v 1.811 -7.853 98.015
v 1.386 -7.226 99.189
v 1.219 -7.015 100.534
v 1.304 -7.099 101.501
v 1.475 -7.39 102.385
v 2.019 -8.107 103.475
v 2.685 -9.119 104.145
v 3.489 -10.25 104.315
v 4.29 -11.382 103.981
v 4.92 -12.306 103.141
v 5.379 -12.938 101.963
v 21.217 0.127 105.197
v 22.1 -1.175 104.189
v 22.732 -2.014 102.72
v 22.985 -2.433 100.956
v 22.856 -2.267 99.106
v 22.435 -1.596 97.551
v 21.759 -0.674 96.457
v 21.091 0.295 95.871
v 20.588 1.01 95.661
v 24.202 5.17 103.854
v 24.491 4.746 103.894
v 23.442 6.302 103.306
v 23.901 5.627 103.683
v 23.028 6.894 102.595
v 22.729 7.31 101.542
v 22.641 7.434 100.322
v 22.808 7.181 99.145
v 23.233 6.597 98.181
v 23.821 5.756 97.509
v 24.535 4.706 97.257
v 21.294 0.08 95.994
v 22.18 -1.178 97.003
v 22.809 -2.019 98.515
v 23.061 -2.397 100.28
v 22.894 -2.186 102.129
v 22.434 -1.512 103.642
v 21.759 -0.548 104.733
v 21.09 0.42 105.323
v 20.586 1.135 105.533
v 22.481 -1.635 97.637
v 22.472 -1.599 97.633
v 22.435 -1.554 103.601
v 24.823 4.281 97.296
v 25.582 3.191 97.843
v 25.165 3.823 97.467
v 26.046 2.562 98.558
v 26.341 2.143 99.609
v 26.427 2.018 100.828
v 26.21 2.307 102.002
v 25.841 2.86 102.972
v 25.246 3.737 103.641
v 24.62 4.832 103.811
v 24.657 4.871 103.64
v 23.994 5.844 103.393
v 23.444 6.597 102.761
v 23.062 7.141 101.835
v 22.896 7.352 100.743
v 22.976 7.223 99.607
v 23.278 6.809 98.687
v 23.69 6.214 98.01
v 24.109 5.626 97.674
v 24.406 5.208 97.55
v 24.662 4.79 97.341
v 24.662 4.832 97.509
v 23.103 6.93 102.507
v 23.187 6.93 102.465
v 23.196 6.894 98.646
v 25.371 3.862 97.759
v 25.915 3.063 98.388
v 26.255 2.561 99.314
v 26.426 2.311 100.408
v 26.34 2.435 101.541
v 26.043 2.854 102.464
v 25.631 3.447 103.14
v 25.205 4.031 103.473
v 24.917 4.498 103.603
v 26.093 2.649 98.645
v 26.13 2.73 98.685
v 26.092 2.775 102.51
v 23.823 6.051 103.055
v 23.018 7.181 100.531
v 25.462 3.657 103.098
v 23.863 6.008 98.055
v 26.335 2.475 100.615
v 25.505 3.658 98.099
v 20.376 5.378 100.534
v 21.218 4.16 98.056
v 22.895 1.806 98.096
v 23.695 0.631 100.618
v 22.849 1.845 103.094
v 21.218 4.203 103.056
v -7.777 38.774 102.128
v -7.599 38.696 102.847
v -7.52 38.861 102.886
v -7.604 38.525 102.76
v -7.816 39.322 101.037
v -7.855 38.946 101.332
v -7.899 38.944 100.071
v -7.732 39.153 99.23
v -7.688 38.651 98.685
v -7.138 37.897 97.343
v -7.27 38.523 97.634
v -6.507 37.436 96.419
v -6.35 36.714 96.329
v -5.55 36.043 95.742
v -5.383 35.37 95.91
v -4.583 34.657 95.742
v -3.737 33.443 96.25
v -4.41 34.03 96.165
v -3.565 32.773 96.965
v -3.11 32.558 97.004
v -2.771 32.098 97.635
v -2.901 31.801 98.39
v -2.729 31.72 98.308
v -2.567 31.758 98.263
v -7.692 38.732 98.557
v -7.65 38.858 98.515
v -4.707 34.658 95.744
v -2.138 32.058 98.267
v -2.858 33.062 96.794
v -3.776 34.369 95.915
v -4.787 35.837 95.703
v -5.8 37.262 96.121
v -6.639 38.481 97.13
v -7.188 39.278 98.557
v -7.433 39.577 100.073
v -7.395 39.574 101.373
v -7.265 39.409 102.215
v -7.099 39.155 102.887
v -7.518 38.4 99.526
v -7.097 37.855 98.057
v -7.56 38.526 101.039
v -6.382 36.846 97.006
v -7.311 38.146 102.507
v -7.228 38.019 103.641
v -5.509 35.58 96.498
v -6.726 37.261 103.766
v -6.764 37.348 104.398
v -4.582 34.238 96.625
v -5.878 36.091 104.527
v -5.963 36.216 105.03
v -3.743 33.06 97.381
v -5.078 34.958 105.242
v -4.958 34.785 104.65
v -4.289 33.817 104.943
v -3.155 32.22 98.641
v -4.081 33.521 104.144
v -2.904 31.841 100.111
v -3.568 32.813 104.232
v -3.365 32.514 103.094
v -2.6 31.386 100.032
v -2.978 31.932 101.628
v -3.027 32.012 103.137
v -2.651 31.464 101.75
v -6.929 39.199 102.846
v -6.767 39.111 102.759
v -7.054 39.535 101.039
v -6.969 39.41 99.318
v -6.559 38.773 97.8
v -5.837 37.77 96.628
v -4.916 36.466 95.996
v -3.992 35.121 95.996
v -3.191 33.988 96.459
v -2.608 33.145 97.171
v -2.267 32.686 97.804
v -2.015 32.224 98.308
v -2.059 32.391 98.391
v -7.06 39.279 98.516
v -6.935 39.279 98.558
v -4.03 35.124 95.872
v -2.945 33.606 97.381
v -2.347 32.773 98.646
v -3.692 34.705 96.671
v -4.534 35.922 96.502
v -5.383 37.135 96.834
v -6.09 38.148 97.72
v -6.55 38.821 98.897
v -6.76 39.073 100.157
v -6.716 39.075 101.251
v -6.643 38.899 101.917
v -6.508 38.695 102.51
v -5.961 37.939 103.687
v -5.171 36.8 104.481
v -4.243 35.458 104.651
v -3.402 34.282 104.273
v -2.729 33.316 103.391
v -2.222 32.604 102.048
v -2.054 32.394 100.41
v -2.137 32.521 99.486
v -2.221 31.344 100.116
v -2.309 31.468 101.921
v -2.773 32.096 103.516
v -3.532 33.187 104.733
v -4.49 34.579 105.41
v -5.502 35.963 105.407
v -6.342 37.182 104.904
v -6.93 38.064 104.148
v -7.265 38.527 103.518
v -2.735 31.632 102.59
v -2.606 31.634 102.634
v -5.545 35.836 105.407
v -6.559 38.773 103.346
v -6.257 38.358 103.98
v -5.676 37.513 104.69
v -4.87 36.384 105.156
v -3.905 35.039 105.156
v -3.019 33.739 104.528
v -1.761 31.973 100.115
v -2.264 32.688 103.351
v -1.847 32.098 101.836
v -6.389 38.144 104.355
v -5.456 36.848 105.241
v -4.456 35.372 105.448
v -3.483 33.948 105.031
v -2.608 32.725 104.019
v -2.056 31.931 102.594
v -1.847 31.594 101.08
v -1.846 31.636 99.778
v -1.977 31.801 98.936
v -1.974 32.055 102.634
v -1.976 32.18 102.592
v -4.873 36.34 105.281
v -1.852 32.683 97.591
v -1.769 32.304 98.263
v -1.935 32.389 98.348
v -1.592 32.352 98.225
v -2.602 33.359 96.88
v -2.182 33.149 96.922
v -2.81 34.032 96.167
v -3.482 34.621 96.041
v -3.657 35.247 95.659
v -4.666 36.716 95.659
v -4.498 36.002 95.827
v -5.458 37.393 96.25
v -5.677 38.1 96.329
v -6.299 38.569 97.258
v -6.424 39.242 97.595
v -6.812 39.361 98.64
v -7.053 39.663 100.074
v -6.886 39.872 99.191
v -6.979 40.033 101.035
v -7.014 39.66 101.333
v -6.895 39.487 102.169
v -6.682 39.574 102.927
v -6.764 39.407 102.886
v -6.717 39.242 102.805
v -3.787 35.244 95.657
v -3.905 35.207 95.745
v -6.846 39.45 98.518
v -3.948 35.248 96.627
v -3.282 34.278 97.044
v -2.772 33.567 97.635
v -4.746 36.425 96.627
v -2.523 33.188 98.18
v -2.306 32.898 98.687
v -1.769 32.136 98.977
v -5.541 37.561 97.175
v -1.634 31.974 99.821
v -2.063 32.556 100.069
v -6.17 38.445 98.184
v -1.634 31.932 101.082
v -2.137 32.647 101.629
v -6.554 38.945 99.483
v -1.844 32.268 102.51
v -2.52 33.231 103.054
v -6.641 39.069 100.952
v -2.389 33.025 103.897
v -3.197 34.153 104.019
v -6.346 38.691 102.465
v -6.087 38.276 103.183
v -3.239 34.195 104.901
v -3.955 35.244 104.522
v -6.054 38.269 104.27
v -5.676 37.723 103.808
v -4.206 35.581 105.321
v -4.83 36.551 104.483
v -5.172 36.967 105.111
v -1.427 32.476 98.224
v -2.142 33.484 96.711
v -3.065 34.829 95.829
v -4.116 36.298 95.577
v -5.124 37.769 96.039
v -6.013 38.983 97.086
v -6.6 39.782 98.515
v -6.81 40.118 100.027
v -6.802 40.124 101.376
v -6.675 39.915 102.259
v -6.469 39.659 102.929
v -18.482 21.596 98.687
v -18.738 21.93 98.013
v -19.078 22.431 97.422
v -19.914 23.61 96.71
v -20.8 24.868 96.624
v -21.591 26.007 97.048
v -21.976 26.548 97.507
v -22.726 27.645 99.526
v -22.307 27.056 98.097
v -22.774 27.725 101.078
v -22.516 27.351 102.467
v -22.268 27.012 103.137
v -21.932 26.508 103.725
v -21.13 25.334 104.442
v -20.206 24.074 104.525
v -19.449 22.94 104.106
v -19.077 22.39 103.641
v -18.692 21.89 103.056
v -18.319 21.298 101.625
v -18.228 21.219 100.074
v -6.426 39.24 103.559
v -6.097 38.731 104.228
v -5.461 37.853 104.987
v -4.627 36.63 105.488
v -3.616 35.204 105.49
v -2.603 33.778 104.819
v -1.844 32.688 103.561
v -1.382 32.016 101.964
v -1.262 31.885 100.113
v -4.661 36.51 105.492
v -4.745 36.426 105.408
v -1.762 32.225 102.636
v -6.423 39.704 102.931
v -6.764 40.163 101.038
v -6.632 40.041 99.192
v -6.175 39.365 97.593
v -5.419 38.273 96.333
v -4.413 36.885 95.659
v -3.4 35.418 95.662
v -2.558 34.201 96.167
v -1.931 33.316 96.921
v -1.597 32.852 97.592
v -1.391 32.514 98.221
v -6.557 39.783 98.474
v -6.506 39.789 98.478
v -3.486 35.458 95.619
v -19.704 22.896 103.894
v -19.237 22.227 103.309
v -18.905 21.72 102.592
v -18.607 21.303 101.292
v -18.617 21.296 99.9
v -18.903 21.721 98.56
v -19.452 22.518 97.55
v -20.167 23.525 96.962
v -20.965 24.702 96.836
v -21.718 25.797 97.258
v -22.182 26.425 97.845
v -22.524 26.926 98.556
v -22.81 27.351 99.863
v -22.854 27.35 101.29
v -22.556 26.933 102.594
v -22.008 26.135 103.603
v -21.262 25.12 104.186
v -20.455 23.992 104.317
v -5.754 38.652 104.441
v -4.832 37.306 105.323
v -3.785 35.833 105.573
v -2.771 34.366 105.113
v -1.892 33.146 104.062
v -1.349 32.346 102.632
v -1.089 32.015 101.123
v -1.134 32.013 99.778
v -1.262 32.222 98.894
v -1.346 41.716 101.667
v -1.222 41.547 102.128
v -1.472 41.842 100.239
v -1.429 41.801 101.121
v -1.307 41.63 99.229
v -0.926 41.086 98.264
v -0.337 40.246 97.55
v 0.33 39.277 97.254
v 1.014 38.319 97.428
v 1.643 37.436 98.015
v 2.102 36.761 99.022
v -1.045 32.058 100.116
v -1.14 32.177 101.959
v -1.598 32.852 103.558
v -2.391 33.948 104.82
v -3.357 35.376 105.493
v -4.367 36.804 105.492
v -5.206 38.023 104.988
v -5.839 38.903 104.231
v -6.176 39.365 103.558
v -1.35 32.345 102.674
v -1.3 32.392 102.677
v -4.374 36.715 105.531
v 2.232 36.595 99.486
v 2.309 36.465 100.911
v 2.312 36.467 100.03
v 2.183 36.675 101.919
v 1.804 37.221 102.885
v 1.224 38.024 103.603
v 0.545 38.986 103.894
v -0.124 39.954 103.727
v -0.756 40.835 103.138
v -1.089 41.552 102.09
v -0.962 41.468 102.006
v -1.17 41.764 100.873
v -1.094 41.674 99.734
v -0.845 41.252 98.725
v -0.336 40.583 97.971
v 0.256 39.703 97.553
v 0.886 38.821 97.553
v 1.389 38.065 97.846
v 1.759 37.512 98.346
v 1.979 37.225 98.729
v 2.189 36.889 99.065
v 2.139 37.009 99.145
v -1.174 41.593 99.191
v -1.092 41.592 99.231
v 0.844 38.822 97.427
v 2.313 36.762 100.283
v 2.268 36.843 101.415
v 1.977 37.224 102.425
v 1.518 37.898 103.183
v 0.921 38.775 103.599
v 0.297 39.661 103.602
v -0.251 40.416 103.307
v -0.635 40.958 102.8
v -0.836 41.258 102.426
v 2.179 36.756 101.959
v 2.224 36.884 101.919
v 0.294 39.617 103.726
v -1.092 41.592 100.492
v -0.212 40.372 98.012
v -0.292 40.5 103.013
v 1.476 37.982 98.142
v 1.346 38.148 103.139
v 2.227 36.886 100.66
v -2.81 38.528 98.015
v -1.174 36.174 98.14
v -0.377 35.039 100.66
v -1.264 36.295 103.136
v -2.903 38.648 103.01
v -3.696 39.786 100.492
v -40.126 -9.834 100.741
v -40.374 -11.722 95.87
v -39.537 -11.136 100.742
v -40.251 -8.699 100.742
v -41.167 -9.996 95.873
v -40.084 -7.776 100.741
v -41.255 -8.108 95.87
v -39.453 -6.515 100.741
v -40.708 -6.511 95.913
v -38.314 -5.461 100.744
v -39.743 -5.21 95.912
v -36.887 -4.958 100.743
v -38.487 -4.372 95.91
v -35.459 -5 100.743
v -36.969 -3.864 95.913
v -35.249 -3.95 95.912
v -34.201 -5.548 100.742
v -33.695 -4.581 95.911
v -33.105 -6.554 100.744
v -32.855 -5.211 95.911
v -32.227 -5.968 95.91
v -40.041 -7.775 100.868
v -39.908 -7.812 100.913
v -39.283 -6.598 100.91
v -38.191 -5.631 100.911
v -36.803 -5.126 100.911
v -35.416 -5.21 100.911
v -34.198 -5.756 100.911
v -33.151 -6.809 100.91
v -32.351 -8.866 100.743
v -32.563 -7.691 100.742
v -32.606 -8.196 100.909
v -32.563 -9.077 100.91
v -32.512 -9.953 100.746
v -32.595 -9.911 100.873
v -32.73 -9.875 100.91
v -38.152 -5.507 100.867
v -35.249 -5.168 100.869
v -32.931 -7.012 100.873
v -31.42 -7.727 95.914
v -31.338 -9.619 95.914
v -33.146 -11.216 100.744
v -31.967 -11.299 95.914
v -32.771 -10.547 100.742
v -34.7 -12.434 100.744
v -33.145 -12.728 95.913
v -33.819 -11.889 100.744
v -35.877 -12.771 100.744
v -34.787 -13.613 95.911
v -37.134 -12.684 100.746
v -36.508 -13.821 95.913
v -38.437 -12.139 100.745
v -38.063 -13.528 95.87
v -39.233 -12.894 95.873
v -39.915 -12.312 95.868
v -41.175 -10.001 94.902
v -40.377 -11.724 94.902
v -41.254 -8.107 94.905
v -40.627 -6.303 94.903
v -39.991 -5.459 94.906
v -39.2 -4.75 94.902
v -37.468 -3.987 94.907
v -35.541 -3.906 94.905
v -33.778 -4.537 94.904
v -32.941 -5.171 94.902
v -32.223 -5.966 94.904
v -33.395 -11.172 100.914
v -34.454 -12.102 100.91
v -37.096 -12.519 100.912
v -35.706 -12.558 100.914
v -38.36 -11.976 100.91
v -39.864 -9.996 100.914
v -39.318 -11.046 100.872
v -40.033 -9.029 100.914
v -39.996 -8.361 100.911
v -34.91 -12.476 100.828
v -34.954 -12.436 100.87
v -39.412 -11.179 100.825
v -39.369 -11.136 100.867
v -34.066 -9.491 100.914
v -34.655 -7.223 100.914
v -35.755 -11.093 100.91
v -36.838 -6.592 100.915
v -37.983 -10.464 100.909
v -38.524 -8.192 100.912
v -31.43 -7.692 94.901
v -31.344 -9.581 94.902
v -31.967 -11.34 94.906
v -32.599 -12.224 94.905
v -33.402 -12.942 94.903
v -35.119 -13.694 94.905
v -37.008 -13.777 94.906
v -38.824 -13.153 94.901
v -39.656 -12.517 94.906
v -34.575 -11.301 94.904
v -34.068 -10.878 94.906
v -33.697 -10.337 94.902
v -33.31 -9.281 94.907
v -33.355 -8.149 94.905
v -38.025 -6.389 94.902
v -37.18 -5.965 94.904
v -34.234 -6.634 94.907
v -33.862 -7.101 94.904
v -34.788 -6.262 94.903
v -36.3 -5.841 94.903
v -35.464 -5.97 94.901
v -36.842 -11.762 94.905
v -35.705 -11.76 94.906
v -37.933 -11.34 94.906
v -35.126 -11.598 94.902
v -38.741 -10.591 94.901
v -39.073 -10 94.903
v -39.244 -9.414 94.901
v -39.234 -8.273 94.906
v -38.819 -7.226 94.904
v -35.75 -11.09 97.888
v -37.974 -10.458 97.889
v -33.865 -7.102 93.6
v -33.361 -8.111 93.516
v -33.309 -9.28 93.479
v -33.524 -9.998 93.434
v -33.992 -10.758 93.389
v -34.612 -11.339 93.353
v -35.332 -11.679 93.308
v -36.004 -11.805 93.266
v -36.76 -11.805 93.224
v -37.427 -11.591 93.184
v -38.063 -11.26 93.139
v -38.446 -10.927 93.095
v -38.74 -10.591 93.095
v -39.198 -9.537 93.013
v -39.239 -8.403 92.971
v -39.03 -7.647 92.929
v -38.612 -6.934 92.886
v -37.931 -6.34 92.848
v -37.265 -6.008 92.803
v -36.552 -5.841 92.76
v -35.416 -5.966 93.686
v -35.841 -5.885 92.717
v -35.454 -5.963 92.889
v -34.622 -6.347 93.642
v -35.158 -6.046 92.68
v -34.203 -6.684 93.641
v -34.662 -6.303 92.844
v -34.531 -6.384 92.637
v -34.116 -6.766 92.802
v -34.15 -6.718 92.638
v -33.824 -7.103 92.801
v -33.823 -7.102 92.592
v -38.528 -8.195 97.885
v -34.068 -9.492 97.888
v -34.618 -7.226 97.887
v -36.85 -6.6 97.884
v -35.503 -11.009 74.905
v -35.038 -10.755 74.948
v -36.343 -11.219 74.905
v -34.661 -10.462 74.948
v -34.287 -10.002 74.988
v -34.027 -9.451 75.034
v -39.114 -8.361 74.906
v -39.196 -8.191 74.949
v -38.983 -7.728 74.908
v -38.737 -7.143 74.906
v -39.193 -9.408 75.034
v -39.025 -9.24 74.908
v -39.024 -9.912 75.035
v -38.698 -10.549 75.072
v -38.65 -10.082 74.907
v -37.897 -11.345 75.158
v -38.061 -10.712 74.907
v -36.839 -11.76 75.203
v -35.711 -11.764 75.284
v -37.217 -11.129 74.909
v -34.659 -11.343 75.327
v -33.825 -10.549 75.408
v -33.358 -9.537 75.452
v -33.943 -8.905 75.076
v -33.274 -8.361 75.536
v -34.033 -8.321 75.115
v -33.485 -7.689 75.578
v -34.196 -7.771 75.159
v -33.823 -7.102 75.577
v -34.528 -7.264 75.203
v -34.619 -6.303 75.662
v -35.494 -6.634 75.287
v -35.001 -6.894 75.24
v -36.04 -6.508 75.329
v -35.669 -5.883 75.704
v -36.848 -5.884 75.787
v -37.22 -6.72 75.412
v -36.638 -6.556 75.367
v -37.896 -6.303 75.83
v -37.679 -7.012 75.455
v -38.695 -7.102 75.871
v -38.393 -7.936 75.54
v -38.099 -7.432 75.497
v -39.199 -8.11 75.956
v -38.571 -8.49 75.576
v -39.234 -9.239 76.001
v -38.396 -9.661 75.664
v -38.571 -9.078 75.619
v -39.035 -9.919 76.038
v -38.145 -10.165 75.706
v -38.693 -10.545 76.083
v -37.725 -10.586 75.747
v -37.893 -11.342 76.168
v -37.22 -10.922 75.79
v -36.841 -11.761 76.21
v -36.128 -11.132 75.832
v -36.675 -11.09 75.79
v -35.712 -11.765 76.25
v -35.546 -11.01 75.871
v -34.659 -11.343 76.335
v -34.571 -10.373 75.959
v -34.996 -10.755 75.914
v -33.816 -10.542 76.379
v -34.242 -9.917 75.997
v -33.359 -9.538 76.46
v -33.951 -8.784 76.08
v -34.031 -9.37 76.04
v -33.31 -8.357 76.506
v -34.029 -8.192 76.125
v -33.488 -7.691 76.543
v -34.284 -7.69 76.166
v -34.617 -7.225 76.209
v -33.818 -7.099 76.588
v -34.657 -6.3 76.672
v -35.58 -6.593 76.295
v -35.083 -6.85 76.249
v -35.669 -5.883 76.712
v -36.171 -6.511 76.336
v -37.301 -6.76 76.422
v -36.848 -5.884 76.753
v -36.765 -6.557 76.375
v -37.897 -6.304 76.838
v -37.767 -7.099 76.462
v -38.445 -8.069 76.543
v -38.695 -7.102 76.88
v -38.188 -7.52 76.503
v -39.196 -8.108 76.965
v -38.57 -8.615 76.585
v -39.237 -9.241 77.008
v -38.521 -9.198 76.631
v -39.028 -9.914 77.05
v -38.353 -9.744 76.673
v -38.699 -10.549 77.088
v -37.641 -10.67 76.756
v -38.06 -10.249 76.714
v -37.891 -11.341 77.135
v -37.139 -10.966 76.797
v -36.84 -11.761 77.219
v -35.999 -11.087 76.842
v -36.594 -11.092 76.796
v -35.707 -11.762 77.26
v -35.41 -10.961 76.884
v -34.658 -11.342 77.344
v -34.49 -10.292 76.966
v -34.908 -10.711 76.925
v -33.819 -10.544 77.386
v -34.192 -9.785 77.01
v -33.361 -9.539 77.468
v -33.948 -8.657 77.09
v -33.982 -9.239 77.052
v -33.316 -8.403 77.511
v -34.066 -8.104 77.136
v -34.324 -7.563 77.175
v -33.488 -7.692 77.551
v -33.815 -7.097 77.597
v -34.699 -7.14 77.218
v -35.162 -6.762 77.26
v -34.655 -6.298 77.64
v -35.666 -5.881 77.722
v -36.303 -6.515 77.341
v -35.711 -6.596 77.301
v -36.85 -5.886 77.76
v -36.881 -6.592 77.388
v -37.852 -7.184 77.469
v -37.891 -6.299 77.849
v -37.394 -6.809 77.425
v -38.692 -7.099 77.89
v -38.228 -7.644 77.513
v -38.562 -8.735 77.598
v -39.201 -8.111 77.929
v -38.477 -8.146 77.556
v -38.523 -9.325 77.638
v -39.236 -9.24 78.017
v -38.315 -9.873 77.679
v -39.071 -9.915 78.057
v -38.017 -10.332 77.723
v -38.733 -10.544 78.1
v -37.895 -11.344 78.141
v -37.059 -11.01 77.803
v -37.562 -10.715 77.762
v -36.846 -11.765 78.224
v -36.466 -11.133 77.806
v -35.707 -11.761 78.269
v -35.331 -10.922 77.89
v -35.874 -11.088 77.849
v -34.658 -11.342 78.352
v -34.829 -10.63 77.931
v -33.819 -10.545 78.393
v -34.11 -9.702 78.017
v -34.404 -10.207 77.975
v -33.993 -9.162 78.055
v -33.353 -9.533 78.48
v -34.115 -7.983 78.141
v -33.321 -8.406 78.517
v -33.985 -8.569 78.1
v -34.369 -7.48 78.182
v -33.487 -7.691 78.559
v -34.781 -7.055 78.228
v -33.814 -7.096 78.606
v -35.292 -6.723 78.266
v -34.659 -6.301 78.646
v -36.426 -6.514 78.35
v -35.664 -5.879 78.732
v -35.837 -6.555 78.309
v -36.972 -6.639 78.392
v -36.84 -5.879 78.773
v -37.931 -7.222 78.48
v -37.897 -6.303 78.813
v -37.515 -6.889 78.436
v -38.315 -7.73 78.52
v -38.737 -7.102 78.896
v -38.571 -8.825 78.601
v -39.2 -8.111 78.938
v -38.528 -8.278 78.56
v -38.482 -9.41 78.646
v -39.237 -9.241 79.024
v -38.277 -9.96 78.686
v -39.076 -9.918 79.063
v -37.942 -10.422 78.727
v -38.73 -10.541 79.068
v -36.927 -11.048 78.814
v -37.889 -11.339 79.153
v -37.474 -10.796 78.772
v -36.377 -11.129 78.816
v -36.842 -11.762 79.193
v -35.244 -10.878 78.9
v -35.714 -11.766 79.273
v -35.788 -11.087 78.858
v -34.745 -10.546 78.939
v -34.655 -11.34 79.32
v -34.11 -9.576 79.026
v -33.825 -10.549 79.399
v -34.368 -10.127 78.98
v -33.991 -9.035 79.064
v -33.36 -9.538 79.443
v -33.984 -8.442 79.109
v -33.319 -8.405 79.526
v -33.485 -7.689 79.569
v -34.155 -7.898 79.15
v -33.825 -7.104 79.609
v -34.865 -6.971 79.236
v -34.45 -7.395 79.191
v -34.657 -6.3 79.655
v -35.37 -6.677 79.277
v -35.669 -5.883 79.695
v -36.506 -6.511 79.361
v -35.916 -6.551 79.32
v -36.844 -5.882 79.78
v -37.097 -6.68 79.401
v -37.894 -6.302 79.822
v -38.019 -7.351 79.486
v -37.603 -6.934 79.442
v -38.733 -7.099 79.907
v -38.357 -7.815 79.527
v -39.192 -8.105 79.95
v -38.567 -8.949 79.611
v -38.52 -8.357 79.572
v -39.238 -9.242 80.032
v -38.485 -9.539 79.652
v -39.067 -9.954 80.034
v -38.225 -10.037 79.699
v -38.729 -10.541 80.077
v -37.858 -10.507 79.735
v -37.896 -11.344 80.157
v -37.349 -10.84 79.779
v -36.845 -11.764 80.2
v -36.253 -11.131 79.823
v -36.843 -11.048 79.78
v -35.713 -11.765 80.283
v -35.673 -11.053 79.861
v -34.658 -10.46 79.949
v -34.659 -11.343 80.326
v -35.126 -10.842 79.904
v -33.822 -10.547 80.409
v -34.068 -9.492 80.034
v -34.285 -10.043 79.988
v -33.355 -9.535 80.453
v -33.948 -8.908 80.073
v -33.317 -8.404 80.535
v -34.029 -8.318 80.116
v -33.479 -7.685 80.58
v -34.195 -7.77 80.159
v -33.816 -7.098 80.58
v -34.528 -7.306 80.203
v -34.66 -6.302 80.662
v -35.505 -6.642 80.281
v -34.951 -6.93 80.244
v -35.667 -5.881 80.705
v -36.044 -6.511 80.327
v -36.845 -5.882 80.788
v -37.181 -6.722 80.41
v -36.63 -6.551 80.37
v -37.896 -6.303 80.829
v -37.688 -7.018 80.45
v -38.731 -7.097 80.916
v -38.393 -7.936 80.539
v -38.108 -7.438 80.492
v -39.201 -8.111 80.954
v -38.566 -8.486 80.578
v -39.233 -9.238 81.001
v -38.435 -9.659 80.665
v -38.569 -9.076 80.619
v -39.071 -9.957 81.04
v -38.151 -10.17 80.702
v -38.737 -10.547 81.081
v -37.766 -10.585 80.747
v -37.891 -11.341 81.168
v -37.269 -10.927 80.786
v -36.127 -11.131 80.832
v -36.841 -11.761 81.21
v -36.718 -11.091 80.788
v -35.544 -11.008 80.871
v -35.713 -11.766 81.291
v -34.571 -10.416 80.958
v -34.659 -11.343 81.334
v -35.041 -10.758 80.912
v -33.815 -10.542 81.379
v -34.241 -9.916 80.998
v -33.943 -8.821 81.083
v -33.361 -9.539 81.458
v -34.032 -9.37 81.039
v -33.319 -8.405 81.501
v -34.035 -8.238 81.121
v -34.238 -7.687 81.167
v -33.481 -7.686 81.546
v -34.619 -7.227 81.208
v -33.818 -7.099 81.587
v -34.664 -6.305 81.668
v -35.589 -6.599 81.29
v -35.083 -6.85 81.249
v -35.668 -5.882 81.712
v -36.176 -6.515 81.332
v -36.844 -5.882 81.796
v -37.31 -6.766 81.417
v -36.757 -6.552 81.378
v -37.893 -6.301 81.839
v -37.767 -7.057 81.461
v -38.73 -7.097 81.883
v -38.446 -8.028 81.542
v -38.194 -7.524 81.5
v -39.198 -8.109 81.964
v -38.569 -8.614 81.585
v -39.24 -9.244 82.006
v -38.561 -9.197 81.631
v -39.071 -9.957 82.048
v -38.398 -9.746 81.671
v -37.684 -10.67 81.755
v -38.733 -10.544 82.091
v -38.11 -10.255 81.709
v -37.179 -10.964 81.797
v -37.892 -11.341 82.134
v -36.006 -11.135 81.837
v -36.846 -11.765 82.215
v -36.596 -11.094 81.794
v -35.459 -10.966 81.88
v -35.71 -11.763 82.258
v -34.537 -10.337 81.963
v -34.657 -11.342 82.344
v -34.957 -10.715 81.921
v -33.82 -10.545 82.384
v -34.2 -9.833 82.005
v -33.989 -8.697 82.09
v -33.355 -9.535 82.47
v -34.028 -9.284 82.049
v -34.076 -8.112 82.13
v -33.317 -8.403 82.51
v -34.327 -7.607 82.173
v -33.478 -7.684 82.555
v -34.7 -7.141 82.217
v -33.819 -7.1 82.595
v -35.161 -6.804 82.26
v -34.658 -6.301 82.637
v -36.294 -6.509 82.345
v -35.674 -5.886 82.718
v -35.704 -6.592 82.303
v -36.843 -5.881 82.763
v -37.387 -6.804 82.428
v -36.885 -6.595 82.385
v -37.854 -7.143 82.468
v -37.899 -6.305 82.844
v -38.733 -7.099 82.889
v -38.487 -8.153 82.55
v -38.231 -7.605 82.51
v -39.196 -8.108 82.931
v -38.567 -8.697 82.595
v -39.236 -9.241 83.016
v -38.521 -9.282 82.639
v -38.357 -9.831 82.678
v -39.071 -9.957 83.057
v -38.024 -10.338 82.719
v -38.733 -10.544 83.099
v -37.059 -11.01 82.802
v -37.895 -11.343 83.141
v -37.6 -10.713 82.763
v -36.511 -11.135 82.803
v -36.84 -11.76 83.227
v -35.328 -10.92 82.891
v -35.706 -11.761 83.269
v -35.923 -11.093 82.845
v -34.871 -10.63 82.93
v -34.656 -11.341 83.352
v -34.158 -9.706 83.014
v -33.819 -10.545 83.393
v -34.448 -10.208 82.973
v -33.987 -9.158 83.057
v -33.362 -9.54 83.475
v -34.114 -8.025 83.141
v -33.309 -8.398 83.522
v -33.981 -8.566 83.102
v -34.366 -7.521 83.182
v -33.483 -7.688 83.561
v -33.822 -7.102 83.602
v -34.783 -7.056 83.226
v -34.665 -6.305 83.642
v -35.29 -6.764 83.267
v -35.662 -5.878 83.732
v -36.384 -6.513 83.35
v -35.79 -6.551 83.311
v -36.846 -5.883 83.77
v -36.969 -6.637 83.393
v -37.889 -6.298 83.816
v -37.936 -7.226 83.477
v -37.519 -6.892 83.434
v -38.732 -7.098 83.899
v -38.317 -7.732 83.517
v -38.561 -8.818 83.606
v -39.197 -8.108 83.939
v -38.522 -8.233 83.562
v -38.521 -9.408 83.647
v -39.241 -9.244 84.022
v -39.07 -9.956 84.065
v -38.268 -9.954 83.689
v -38.73 -10.542 84.067
v -37.939 -10.42 83.728
v -37.899 -11.346 84.147
v -36.971 -11.05 83.771
v -37.472 -10.796 83.772
v -36.847 -11.765 84.19
v -36.381 -11.132 83.814
v -35.708 -11.762 84.276
v -35.253 -10.885 83.894
v -35.794 -11.091 83.855
v -34.657 -11.341 84.318
v -34.785 -10.587 83.939
v -33.824 -10.548 84.399
v -34.117 -9.623 84.021
v -34.37 -10.128 83.979
v -33.353 -9.534 84.445
v -33.99 -9.076 84.064
v -33.318 -8.405 84.526
v -33.989 -8.488 84.106
v -33.484 -7.731 84.569
v -34.159 -7.901 84.147
v -33.816 -7.098 84.613
v -34.865 -7.013 84.235
v -34.451 -7.395 84.19
v -34.664 -6.305 84.651
v -35.376 -6.724 84.274
v -35.708 -5.88 84.696
v -36.507 -6.511 84.36
v -35.923 -6.556 84.316
v -36.841 -5.88 84.781
v -37.1 -6.683 84.399
v -37.89 -6.299 84.823
v -38.026 -7.314 84.483
v -37.597 -6.93 84.445
v -38.736 -7.101 84.904
v -38.358 -7.815 84.526
v -38.565 -8.947 84.612
v -39.195 -8.107 84.948
v -38.519 -8.356 84.572
v -39.235 -9.24 85.033
v -38.481 -9.536 84.654
v -38.235 -10.044 84.693
v -39.071 -9.957 85.031
v -37.858 -10.507 84.734
v -38.739 -10.548 85.071
v -37.39 -10.838 84.78
v -37.896 -11.344 85.156
v -36.841 -11.761 85.201
v -36.26 -11.136 84.819
v -36.844 -11.049 84.779
v -35.707 -11.761 85.285
v -35.169 -10.843 84.903
v -35.709 -11.049 84.864
v -34.659 -11.343 85.326
v -34.705 -10.505 84.946
v -33.818 -10.544 85.41
v -34.075 -9.497 85.029
v -34.322 -10.04 84.99
v -33.354 -9.535 85.453
v -33.991 -8.951 85.071
v -33.319 -8.405 85.534
v -34.029 -8.36 85.115
v -33.48 -7.728 85.579
v -34.197 -7.814 85.157
v -33.821 -7.101 85.577
v -34.534 -7.311 85.199
v -34.66 -6.302 85.661
v -35.504 -6.683 85.281
v -34.958 -6.935 85.239
v -35.715 -5.885 85.701
v -36.041 -6.508 85.328
v -37.177 -6.72 85.411
v -36.849 -5.885 85.785
v -36.628 -6.55 85.37
v -37.679 -7.012 85.454
v -37.899 -6.305 85.827
v -38.397 -7.939 85.536
v -38.735 -7.1 85.913
v -38.103 -7.435 85.494
v -39.196 -8.108 85.956
v -38.565 -8.485 85.578
v -38.436 -9.617 85.664
v -39.243 -9.246 85.995
v -38.567 -9.075 85.619
v -38.184 -10.122 85.706
v -39.075 -9.959 86.038
v -37.764 -10.584 85.748
v -38.732 -10.543 86.083
v -37.309 -10.883 85.786
v -37.9 -11.347 86.163
v -36.168 -11.13 85.832
v -36.839 -11.759 86.21
v -36.762 -11.093 85.786
v -35.579 -11.004 85.874
v -35.715 -11.767 86.289
v -34.62 -10.42 85.954
v -34.659 -11.343 86.334
v -35.076 -10.794 85.916
v -33.821 -10.546 86.417
v -34.243 -9.959 85.996
v -33.359 -9.538 86.459
v -33.984 -8.82 86.083
v -34.03 -9.411 86.039
v -33.32 -8.406 86.499
v -34.024 -8.231 86.126
v -33.484 -7.731 86.543
v -34.235 -7.727 86.168
v -33.815 -7.097 86.588
v -34.621 -7.228 86.206
v -35.59 -6.642 86.289
v -34.664 -6.305 86.668
v -35.032 -6.844 86.253
v -36.171 -6.511 86.334
v -35.709 -5.881 86.712
v -37.307 -6.764 86.417
v -36.847 -5.884 86.794
v -36.759 -6.553 86.376
v -37.898 -6.304 86.836
v -37.77 -7.059 86.459
v -38.446 -8.028 86.541
v -38.73 -7.097 86.882
v -38.186 -7.519 86.503
v -39.195 -8.107 86.965
v -38.57 -8.573 86.584
v -38.562 -9.155 86.63
v -39.235 -9.282 87.008
v -38.394 -9.744 86.672
v -39.073 -9.959 87.047
v -37.685 -10.671 86.753
v -38.732 -10.543 87.091
v -38.1 -10.248 86.714
v -37.89 -11.34 87.134
v -37.182 -10.966 86.795
v -36.045 -11.133 86.838
v -36.883 -11.761 87.217
v -36.634 -11.091 86.796
v -35.456 -11.006 86.881
v -35.706 -11.761 87.26
v -34.532 -10.334 86.964
v -34.659 -11.343 87.342
v -34.953 -10.712 86.922
v -34.198 -9.831 87.005
v -33.816 -10.543 87.386
v -33.984 -8.736 87.092
v -33.357 -9.536 87.468
v -34.026 -9.282 87.05
v -34.074 -8.152 87.13
v -33.316 -8.403 87.51
v -34.321 -7.603 87.175
v -33.482 -7.729 87.553
v -34.703 -7.143 87.215
v -33.814 -7.096 87.597
v -35.165 -6.807 87.257
v -34.659 -6.301 87.678
v -35.709 -6.595 87.3
v -35.705 -5.878 87.723
v -36.254 -6.51 87.343
v -36.843 -5.881 87.763
v -37.394 -6.809 87.424
v -36.846 -6.597 87.383
v -37.891 -6.299 87.848
v -37.855 -7.144 87.467
v -38.731 -7.098 87.89
v -38.481 -8.149 87.553
v -38.226 -7.601 87.512
v -39.198 -8.109 87.971
v -38.565 -8.695 87.595
v -39.242 -9.287 88.013
v -38.529 -9.288 87.634
v -39.077 -9.961 88.053
v -38.351 -9.827 87.681
v -38.732 -10.543 88.1
v -38.023 -10.336 87.719
v -37.896 -11.344 88.14
v -37.096 -11.007 87.804
v -37.596 -10.71 87.764
v -36.885 -11.763 88.225
v -36.504 -11.13 87.806
v -35.713 -11.766 88.264
v -35.375 -10.966 87.888
v -35.916 -11.088 87.848
v -34.658 -11.342 88.351
v -34.866 -10.668 87.932
v -33.818 -10.544 88.393
v -34.161 -9.751 88.011
v -34.448 -10.25 87.973
v -33.359 -9.538 88.475
v -33.99 -9.202 88.055
v -34.113 -8.024 88.141
v -33.317 -8.404 88.517
v -33.99 -8.614 88.097
v -34.364 -7.519 88.183
v -33.479 -7.727 88.562
v -34.783 -7.098 88.226
v -33.822 -7.102 88.601
v -35.243 -6.761 88.268
v -34.658 -6.3 88.645
v -36.385 -6.514 88.348
v -35.707 -5.879 88.73
v -35.8 -6.558 88.305
v -36.839 -5.878 88.773
v -36.975 -6.641 88.39
v -37.897 -6.304 88.853
v -37.934 -7.224 88.477
v -37.478 -6.85 88.433
v -38.732 -7.098 88.898
v -38.313 -7.687 88.519
v -39.196 -8.108 88.939
v -38.612 -8.825 88.601
v -38.525 -8.235 88.56
v -39.242 -9.287 89.021
v -38.526 -9.412 88.643
v -39.067 -9.954 89.066
v -38.32 -9.96 88.684
v -38.737 -10.546 89.063
v -37.973 -10.415 88.731
v -37.894 -11.343 89.149
v -36.97 -11.049 88.77
v -37.515 -10.796 88.771
v -36.882 -11.76 89.193
v -36.425 -11.134 88.812
v -35.712 -11.765 89.273
v -35.286 -10.921 88.898
v -35.832 -11.088 88.856
v -34.66 -11.343 89.316
v -34.783 -10.585 88.94
v -33.82 -10.545 89.4
v -34.116 -9.623 89.021
v -34.408 -10.167 88.98
v -33.359 -9.538 89.442
v -33.983 -9.071 89.067
v -33.986 -8.485 89.107
v -33.314 -8.402 89.527
v -34.152 -7.938 89.15
v -33.484 -7.731 89.568
v -34.871 -7.017 89.232
v -33.815 -7.097 89.613
v -34.452 -7.438 89.189
v -34.655 -6.299 89.655
v -35.375 -6.723 89.274
v -36.504 -6.551 89.361
v -35.709 -5.881 89.695
v -35.922 -6.555 89.316
v -37.096 -6.68 89.401
v -36.844 -5.881 89.779
v -38.024 -7.312 89.483
v -37.891 -6.3 89.822
v -37.598 -6.931 89.443
v -38.737 -7.102 89.903
v -38.355 -7.813 89.527
v -39.2 -8.11 89.945
v -38.609 -8.949 89.61
v -38.528 -8.363 89.567
v -39.237 -9.283 90.032
v -38.48 -9.493 89.654
v -39.066 -9.954 90.033
v -38.23 -10.041 89.695
v -38.737 -10.547 90.071
v -37.897 -10.505 89.735
v -37.89 -11.34 90.159
v -36.886 -11.049 89.779
v -37.426 -10.835 89.782
v -36.884 -11.761 90.2
v -36.293 -11.13 89.823
v -35.711 -11.764 90.282
v -35.16 -10.836 89.907
v -35.715 -11.053 89.86
v -34.702 -10.503 89.946
v -34.656 -11.341 90.327
v -34.067 -9.533 90.033
v -33.818 -10.586 90.409
v -34.319 -10.08 89.991
v -33.36 -9.539 90.449
v -33.985 -8.947 90.074
v -34.033 -8.363 90.113
v -33.309 -8.398 90.538
v -34.203 -7.818 90.154
v -33.489 -7.734 90.574
v -34.53 -7.35 90.2
v -33.816 -7.098 90.578
v -35.452 -6.676 90.286
v -34.665 -6.306 90.658
v -34.955 -6.933 90.24
v -36.043 -6.552 90.326
v -35.708 -5.881 90.704
v -37.184 -6.725 90.407
v -36.842 -5.88 90.788
v -36.637 -6.556 90.365
v -37.894 -6.302 90.829
v -37.684 -6.973 90.451
v -38.397 -7.897 90.536
v -38.736 -7.101 90.912
v -38.099 -7.39 90.495
v -38.562 -8.441 90.579
v -39.196 -8.15 90.955
v -38.446 -9.624 90.658
v -39.233 -9.281 91
v -38.564 -9.031 90.62
v -39.07 -9.956 91.039
v -38.188 -10.124 90.703
v -38.729 -10.583 91.084
v -37.813 -10.589 90.743
v -37.891 -11.341 91.167
v -37.311 -10.884 90.785
v -36.885 -11.762 91.208
v -36.167 -11.13 90.831
v -36.76 -11.091 90.787
v -35.624 -11.048 90.872
v -35.715 -11.767 91.289
v -34.663 -11.346 91.331
v -34.623 -10.423 90.952
v -35.084 -10.8 90.911
v -34.287 -9.961 90.994
v -33.819 -10.587 91.417
v -33.985 -8.863 91.082
v -33.358 -9.537 91.459
v -34.074 -9.413 91.037
v -34.034 -8.279 91.121
v -33.311 -8.399 91.503
v -34.243 -7.733 91.163
v -33.485 -7.731 91.542
v -34.617 -7.268 91.207
v -33.814 -7.096 91.588
v -35.585 -6.639 91.29
v -34.654 -6.298 91.672
v -35.036 -6.889 91.25
v -36.132 -6.514 91.332
v -35.713 -5.884 91.71
v -36.846 -5.883 91.794
v -37.303 -6.761 91.419
v -36.722 -6.556 91.373
v -37.896 -6.303 91.837
v -37.769 -7.058 91.459
v -38.741 -7.104 91.876
v -38.445 -8.027 91.541
v -38.188 -7.519 91.502
v -39.197 -8.15 91.963
v -38.572 -8.574 91.583
v -39.237 -9.284 92.006
v -38.569 -9.16 91.626
v -39.075 -9.96 92.045
v -38.396 -9.745 91.67
v -38.74 -10.591 92.087
v -37.725 -10.628 91.754
v -38.142 -10.205 91.714
v -37.894 -11.343 92.131
v -37.222 -10.965 91.795
v -36.083 -11.13 91.84
v -36.891 -11.767 92.213
v -36.671 -11.088 91.798
v -35.706 -11.761 92.259
v -35.502 -11.009 91.878
v -34.665 -11.347 92.339
v -34.535 -10.336 91.962
v -35.001 -10.759 91.919
v -33.816 -10.585 92.385
v -34.242 -9.874 92.004
v -33.363 -9.54 92.465
v -33.988 -8.739 92.089
v -34.034 -9.329 92.045
v -33.313 -8.401 92.51
v -34.076 -8.154 92.129
v -33.48 -7.728 92.553
v -34.327 -7.649 92.171
v -34.665 -7.188 92.212
v -35.169 -6.809 92.255
v -35.674 -6.6 92.296
v -36.256 -6.512 92.341
v -36.843 -6.595 92.384
v -37.389 -6.805 92.426
v -37.847 -7.138 92.47
v -38.231 -7.604 92.509
v -38.484 -8.109 92.551
v -38.605 -8.694 92.595
v -38.361 -9.834 92.675
v -38.571 -9.287 92.633
v -38.059 -10.332 92.721
v -37.638 -10.71 92.764
v -37.094 -11.005 92.763
v -36.547 -11.131 92.805
v -35.959 -11.131 92.847
v -35.416 -10.966 92.887
v -34.907 -10.668 92.932
v -34.492 -10.251 92.971
v -34.027 -9.199 93.057
v -34.153 -9.745 93.015
v -33.991 -8.615 93.096
v -34.117 -8.068 93.138
v -34.404 -7.518 93.183
v -34.949 -6.971 93.268
v -35.627 -6.639 93.307
v -34.116 -10.126 74.905
v -34.741 -10.669 74.908
v -33.734 -9.326 74.907
v -33.608 -8.443 74.907
v -33.818 -7.477 74.907
v -37.933 -6.341 74.908
v -34.453 -6.556 74.905
v -36.883 -5.88 74.908
v -36.09 -5.841 74.906
v -35.333 -5.967 74.906
v -36.05 -5.843 74.946
v -36.636 -5.841 74.947
v -37.514 -6.09 74.992
v -38.192 -6.514 75.031
v -38.897 -7.39 75.119
v -39.239 -8.487 75.158
v -39.158 -9.539 75.241
v -38.689 -10.542 75.287
v -38.226 -11.088 75.329
v -37.595 -11.507 75.371
v -36.545 -11.802 75.413
v -35.37 -11.677 75.497
v -34.41 -11.177 75.536
v -33.648 -10.291 75.622
v -33.319 -9.245 75.661
v -33.356 -8.107 75.747
v -33.814 -7.096 75.792
v -34.286 -6.557 75.828
v -34.912 -6.134 75.872
v -35.957 -5.836 75.917
v -37.143 -5.969 75.996
v -38.105 -6.428 76.041
v -38.866 -7.356 76.122
v -39.238 -8.359 76.167
v -39.2 -9.539 76.207
v -38.689 -10.542 76.295
v -38.231 -11.092 76.334
v -37.598 -11.51 76.378
v -36.587 -11.802 76.421
v -35.372 -11.678 76.504
v -34.412 -11.178 76.543
v -33.656 -10.296 76.627
v -33.316 -9.243 76.671
v -33.361 -8.111 76.753
v -33.824 -7.103 76.795
v -34.276 -6.55 76.842
v -34.911 -6.134 76.881
v -35.957 -5.836 76.925
v -37.132 -5.962 77.01
v -38.104 -6.427 77.049
v -38.865 -7.355 77.089
v -39.243 -8.363 77.173
v -39.199 -9.538 77.216
v -38.688 -10.542 77.303
v -38.235 -11.094 77.299
v -37.6 -11.511 77.385
v -36.597 -11.808 77.425
v -35.373 -11.679 77.47
v -34.407 -11.174 77.554
v -33.655 -10.295 77.593
v -33.314 -9.241 77.68
v -33.36 -8.11 77.72
v -33.818 -7.099 77.806
v -34.281 -6.553 77.848
v -34.91 -6.133 77.89
v -35.961 -5.839 77.932
v -37.137 -5.965 77.974
v -38.102 -6.468 78.059
v -38.866 -7.356 78.097
v -39.244 -8.364 78.181
v -39.191 -9.533 78.228
v -38.732 -10.543 78.269
v -38.233 -11.093 78.308
v -37.601 -11.512 78.351
v -36.594 -11.806 78.435
v -35.38 -11.683 78.475
v -34.402 -11.171 78.564
v -33.657 -10.297 78.601
v -33.31 -9.239 78.69
v -33.36 -8.11 78.728
v -33.824 -7.103 78.811
v -34.276 -6.55 78.817
v -34.956 -6.135 78.855
v -35.964 -5.841 78.939
v -37.139 -5.966 78.981
v -38.107 -6.472 79.064
v -38.86 -7.352 79.108
v -39.239 -8.36 79.15
v -39.198 -9.537 79.233
v -38.729 -10.541 79.279
v -38.231 -11.091 79.318
v -37.596 -11.508 79.362
v -36.586 -11.801 79.405
v -35.369 -11.676 79.488
v -34.453 -11.178 79.526
v -33.656 -10.296 79.609
v -33.318 -9.244 79.653
v -33.361 -8.111 79.736
v -33.815 -7.097 79.782
v -34.278 -6.551 79.824
v -34.959 -6.138 79.861
v -35.963 -5.841 79.947
v -37.141 -5.967 79.989
v -38.107 -6.471 80.031
v -38.866 -7.356 80.113
v -39.243 -8.405 80.156
v -39.197 -9.537 80.242
v -38.731 -10.543 80.286
v -38.231 -11.091 80.326
v -37.605 -11.515 80.366
v -36.587 -11.802 80.412
v -35.371 -11.677 80.496
v -34.453 -11.178 80.534
v -33.649 -10.291 80.621
v -33.321 -9.247 80.659
v -33.361 -8.111 80.744
v -33.822 -7.102 80.787
v -34.276 -6.55 80.833
v -34.949 -6.13 80.875
v -35.962 -5.84 80.914
v -37.132 -5.962 81.001
v -38.108 -6.472 81.038
v -38.861 -7.352 81.124
v -39.235 -8.4 81.168
v -39.203 -9.541 81.205
v -38.733 -10.544 81.293
v -38.231 -11.092 81.334
v -37.601 -11.512 81.376
v -36.593 -11.806 81.418
v -35.371 -11.677 81.504
v -34.453 -11.177 81.543
v -33.649 -10.291 81.629
v -33.321 -9.247 81.667
v -33.355 -8.107 81.755
v -33.817 -7.099 81.797
v -34.283 -6.555 81.837
v -34.952 -6.133 81.881
v -35.967 -5.843 81.92
v -37.142 -5.968 82.004
v -38.106 -6.471 82.048
v -38.901 -7.351 82.091
v -39.244 -8.406 82.172
v -39.201 -9.54 82.214
v -38.731 -10.542 82.302
v -38.227 -11.088 82.344
v -37.604 -11.514 82.383
v -36.593 -11.806 82.426
v -35.374 -11.68 82.468
v -34.452 -11.177 82.551
v -33.651 -10.292 82.595
v -33.31 -9.239 82.681
v -33.353 -8.105 82.723
v -33.821 -7.101 82.804
v -34.28 -6.553 82.847
v -34.955 -6.135 82.888
v -35.963 -5.84 82.93
v -37.141 -5.968 82.971
v -38.107 -6.471 83.056
v -38.908 -7.356 83.096
v -39.242 -8.405 83.181
v -39.191 -9.533 83.228
v -38.735 -10.545 83.267
v -38.231 -11.092 83.308
v -37.598 -11.51 83.352
v -36.587 -11.802 83.437
v -35.372 -11.678 83.478
v -34.451 -11.176 83.56
v -33.646 -10.29 83.605
v -33.32 -9.288 83.685
v -33.358 -8.109 83.729
v -33.817 -7.098 83.814
v -34.282 -6.554 83.813
v -34.952 -6.132 83.856
v -35.962 -5.839 83.939
v -37.134 -5.963 83.983
v -38.101 -6.467 84.067
v -38.904 -7.353 84.107
v -39.241 -8.404 84.148
v -39.194 -9.534 84.235
v -38.739 -10.548 84.273
v -38.27 -11.089 84.318
v -37.598 -11.51 84.36
v -36.59 -11.804 84.402
v -35.371 -11.677 84.487
v -34.444 -11.171 84.53
v -33.657 -10.297 84.608
v -33.31 -9.281 84.656
v -33.359 -8.11 84.736
v -33.814 -7.096 84.782
v -34.282 -6.554 84.821
v -34.953 -6.134 84.863
v -35.967 -5.843 84.945
v -37.183 -5.967 84.988
v -38.106 -6.471 85.031
v -38.902 -7.352 85.115
v -39.236 -8.4 85.159
v -39.201 -9.54 85.239
v -38.73 -10.541 85.286
v -38.268 -11.088 85.328
v -37.599 -11.51 85.368
v -36.596 -11.808 85.408
v -35.371 -11.677 85.495
v -34.444 -11.213 85.538
v -33.657 -10.297 85.617
v -33.312 -9.283 85.663
v -33.362 -8.112 85.743
v -33.817 -7.099 85.788
v -34.282 -6.554 85.829
v -34.958 -6.137 85.869
v -35.964 -5.841 85.913
v -37.184 -5.968 85.996
v -38.109 -6.473 86.037
v -38.897 -7.348 86.126
v -39.237 -8.401 86.166
v -39.196 -9.536 86.208
v -38.738 -10.547 86.29
v -38.267 -11.087 86.336
v -37.603 -11.513 86.374
v -36.589 -11.803 86.419
v -35.369 -11.676 86.504
v -34.447 -11.215 86.545
v -33.655 -10.295 86.626
v -33.312 -9.283 86.671
v -33.361 -8.111 86.752
v -33.824 -7.103 86.793
v -34.276 -6.55 86.84
v -34.956 -6.135 86.879
v -35.962 -5.84 86.922
v -37.18 -5.965 87.006
v -38.101 -6.467 87.05
v -38.906 -7.355 87.088
v -39.237 -8.401 87.175
v -39.197 -9.537 87.216
v -38.74 -10.549 87.297
v -38.27 -11.09 87.343
v -37.6 -11.511 87.384
v -36.589 -11.803 87.428
v -35.415 -11.679 87.468
v -34.452 -11.219 87.551
v -33.652 -10.294 87.593
v -33.318 -9.287 87.676
v -33.354 -8.106 87.722
v -33.816 -7.098 87.806
v -34.285 -6.556 87.844
v -34.949 -6.13 87.891
v -35.966 -5.842 87.928
v -37.185 -5.969 87.97
v -38.102 -6.468 88.057
v -38.901 -7.351 88.099
v -39.244 -8.406 88.179
v -39.198 -9.538 88.223
v -38.729 -10.541 88.269
v -38.274 -11.092 88.307
v -37.596 -11.508 88.353
v -36.593 -11.806 88.434
v -35.411 -11.676 88.479
v -34.452 -11.219 88.559
v -33.655 -10.295 88.601
v -33.318 -9.287 88.685
v -33.353 -8.105 88.73
v -33.823 -7.102 88.811
v -34.327 -6.556 88.811
v -34.951 -6.132 88.856
v -35.965 -5.842 88.937
v -37.182 -5.967 88.98
v -38.105 -6.47 89.064
v -38.904 -7.353 89.106
v -39.236 -8.4 89.15
v -39.192 -9.533 89.235
v -38.734 -10.544 89.275
v -38.275 -11.093 89.315
v -37.598 -11.51 89.359
v -36.598 -11.809 89.398
v -35.42 -11.683 89.482
v -34.449 -11.216 89.527
v -33.656 -10.296 89.608
v -33.315 -9.284 89.653
v -33.353 -8.105 89.739
v -33.819 -7.1 89.779
v -34.329 -6.6 89.818
v -34.954 -6.134 89.862
v -35.965 -5.842 89.945
v -37.181 -5.966 89.989
v -38.106 -6.471 90.03
v -38.897 -7.348 90.118
v -39.244 -8.406 90.154
v -39.196 -9.536 90.241
v -38.739 -10.548 90.281
v -38.271 -11.09 90.326
v -37.594 -11.507 90.37
v -36.59 -11.804 90.41
v -35.422 -11.683 90.49
v -34.451 -11.218 90.534
v -33.695 -10.294 90.618
v -33.32 -9.288 90.659
v -33.357 -8.108 90.745
v -33.816 -7.098 90.789
v -34.326 -6.598 90.828
v -34.949 -6.131 90.873
v -35.961 -5.839 90.914
v -37.178 -5.964 90.998
v -38.099 -6.466 91.042
v -38.908 -7.356 91.12
v -39.244 -8.406 91.163
v -39.198 -9.537 91.206
v -38.739 -10.59 91.289
v -38.268 -11.088 91.335
v -37.6 -11.511 91.375
v -36.592 -11.806 91.417
v -35.41 -11.675 91.504
v -34.448 -11.216 91.544
v -33.696 -10.295 91.626
v -33.32 -9.288 91.667
v -33.36 -8.11 91.752
v -33.825 -7.104 91.792
v -34.32 -6.594 91.839
v -34.948 -6.13 91.882
v -35.963 -5.84 91.921
v -37.181 -5.966 92.005
v -38.151 -6.473 92.045
v -38.901 -7.351 92.09
v -39.239 -8.402 92.173
v -39.203 -9.541 92.212
v -38.732 -10.585 92.301
v -38.267 -11.087 92.344
v -37.6 -11.511 92.384
v -36.594 -11.807 92.424
v -35.41 -11.717 92.512
v -34.452 -11.219 92.55
v -33.691 -10.291 92.595
v -33.311 -9.282 92.68
v -33.359 -8.11 92.718
v -39.068 -4.913 94.738
v -37.895 -4.328 94.736
v -39.076 -4.919 93.725
v -36.549 -4.032 94.736
v -37.477 -4.203 93.726
v -34.825 -4.283 94.737
v -35.707 -4.073 93.729
v -33.276 -5.128 94.734
v -34.025 -4.618 93.73
v -32.689 -5.716 93.726
v -32.137 -6.469 94.737
v -31.555 -8.111 94.734
v -31.762 -7.227 93.727
v -31.594 -9.873 94.736
v -31.503 -8.945 93.73
v -32.312 -11.515 94.734
v -31.842 -10.669 93.729
v -32.562 -11.85 93.726
v -33.522 -12.769 94.738
v -33.523 -12.77 93.729
v -35.25 -13.529 94.735
v -37.007 -13.566 94.739
v -38.688 -13.02 94.738
v -40.036 -11.888 94.737
v -40.877 -10.292 94.736
v -41.091 -8.657 94.734
v -40.789 -7.181 94.738
v -40.166 -6.01 94.735
v -39.614 -5.376 94.737
v -39.911 -11.973 93.728
v -36.89 -13.614 93.726
v -38.569 -13.067 93.727
v -40.798 -10.464 93.725
v -35.122 -13.486 93.728
v -41.09 -8.74 93.726
v -40.714 -7.019 93.725
v -40.034 -5.838 93.729
v -40.25 -30.965 100.742
v -40.925 -32.731 95.867
v -39.953 -32.307 100.744
v -40.075 -29.783 100.746
v -41.303 -30.84 95.867
v -39.744 -28.905 100.743
v -40.922 -28.99 95.869
v -38.825 -27.816 100.741
v -40.035 -27.559 95.871
v -37.515 -27.096 100.745
v -38.823 -26.512 95.868
v -35.962 -26.929 100.744
v -37.39 -25.963 95.87
v -34.571 -27.304 100.746
v -35.791 -25.877 95.914
v -34.156 -26.342 95.912
v -33.481 -28.104 100.745
v -32.774 -27.311 95.91
v -32.639 -29.364 100.745
v -32.1 -28.108 95.911
v -31.677 -28.988 95.912
v -39.661 -28.948 100.826
v -39.57 -28.984 100.872
v -38.698 -27.984 100.867
v -37.387 -27.263 100.872
v -35.919 -27.139 100.912
v -34.619 -27.519 100.911
v -33.527 -28.317 100.911
v -32.767 -29.575 100.913
v -32.48 -31.764 100.741
v -32.389 -30.583 100.744
v -32.56 -31.047 100.911
v -32.73 -31.931 100.91
v -32.892 -32.767 100.745
v -32.942 -32.73 100.825
v -33.059 -32.682 100.914
v -37.346 -27.138 100.871
v -34.401 -27.513 100.873
v -32.607 -29.832 100.867
v -31.295 -30.876 95.914
v -31.674 -32.725 95.914
v -33.776 -33.86 100.744
v -32.644 -34.24 95.912
v -33.236 -33.319 100.741
v -35.588 -34.705 100.741
v -34.116 -35.334 95.869
v -34.571 -34.362 100.746
v -36.799 -34.742 100.745
v -35.916 -35.833 95.872
v -37.982 -34.41 100.742
v -37.639 -35.665 95.872
v -39.16 -33.571 100.741
v -39.066 -34.992 95.873
v -40.073 -34.109 95.873
v -40.588 -33.403 95.868
v -41.292 -30.833 94.907
v -40.925 -32.731 94.901
v -40.918 -28.987 94.905
v -39.908 -27.389 94.905
v -39.117 -26.722 94.902
v -38.146 -26.215 94.904
v -36.296 -25.836 94.905
v -34.452 -26.217 94.903
v -32.852 -27.223 94.905
v -32.143 -28.025 94.902
v -31.678 -28.989 94.903
v -33.991 -33.78 100.868
v -35.25 -34.451 100.868
v -37.94 -34.2 100.868
v -36.589 -34.573 100.871
v -39.024 -33.396 100.872
v -40.039 -31.174 100.869
v -39.747 -32.31 100.867
v -39.993 -30.163 100.871
v -39.782 -29.532 100.871
v -35.791 -34.699 100.829
v -35.797 -34.62 100.868
v -39.871 -32.392 100.785
v -39.821 -32.387 100.872
v -34.285 -31.973 100.868
v -34.323 -29.66 100.912
v -36.295 -33.145 100.871
v -36.336 -28.523 100.872
v -38.317 -32.015 100.868
v -38.318 -29.704 100.868
v -31.294 -30.833 94.906
v -31.637 -32.686 94.903
v -32.69 -34.285 94.901
v -33.48 -34.993 94.906
v -34.403 -35.454 94.906
v -36.298 -35.836 94.904
v -38.152 -35.504 94.901
v -39.746 -34.452 94.902
v -40.417 -33.653 94.903
v -35.163 -33.608 94.905
v -34.614 -33.312 94.906
v -34.112 -32.894 94.905
v -33.522 -31.968 94.906
v -33.268 -30.833 94.907
v -37.428 -28.061 94.906
v -36.461 -27.85 94.907
v -33.782 -29.201 94.902
v -33.52 -29.699 94.906
v -34.242 -28.654 94.903
v -35.578 -27.934 94.907
v -34.831 -28.234 94.902
v -37.52 -33.57 94.902
v -36.419 -33.816 94.907
v -38.44 -32.894 94.905
v -35.79 -33.775 94.906
v -39.069 -31.969 94.905
v -39.241 -31.343 94.903
v -39.282 -30.712 94.903
v -39.028 -29.618 94.904
v -38.354 -28.692 94.905
v -36.297 -33.146 97.887
v -38.269 -32.01 97.889
v -33.523 -29.701 93.603
v -33.267 -30.832 93.521
v -33.482 -31.97 93.476
v -33.866 -32.646 93.431
v -34.49 -33.23 93.392
v -35.252 -33.654 93.306
v -36.008 -33.822 93.263
v -36.716 -33.818 93.267
v -37.432 -33.609 93.224
v -38.019 -33.272 93.182
v -38.571 -32.814 93.137
v -38.863 -32.393 93.096
v -39.067 -31.969 93.057
v -39.282 -30.837 93.013
v -39.067 -29.7 92.973
v -38.698 -29.034 92.927
v -38.101 -28.439 92.889
v -37.346 -28.02 92.846
v -36.592 -27.854 92.803
v -35.882 -27.856 92.76
v -34.79 -28.235 93.683
v -35.166 -28.065 92.718
v -34.828 -28.232 92.887
v -34.114 -28.779 93.643
v -34.539 -28.403 92.675
v -33.779 -29.241 93.601
v -34.115 -28.737 92.845
v -34.026 -28.86 92.637
v -33.695 -29.325 92.803
v -33.736 -29.283 92.593
v -33.483 -29.702 92.803
v -33.479 -29.699 92.596
v -38.314 -29.702 97.887
v -34.278 -31.969 97.888
v -34.318 -29.656 97.89
v -36.336 -28.523 97.889
v -36.002 -33.104 74.907
v -35.502 -33.023 74.905
v -36.889 -33.149 74.905
v -35.08 -32.811 74.948
v -34.617 -32.433 74.991
v -34.239 -31.971 75.033
v -38.904 -29.703 74.906
v -38.986 -29.576 74.949
v -38.655 -29.159 74.904
v -38.277 -28.613 74.904
v -39.239 -30.71 74.991
v -39.033 -30.629 74.905
v -39.237 -31.255 75.033
v -39.033 -31.932 75.072
v -38.858 -31.507 74.908
v -38.446 -32.899 75.156
v -38.44 -32.264 74.907
v -37.522 -33.571 75.198
v -36.387 -33.823 75.24
v -37.721 -32.849 74.909
v -35.245 -33.649 75.328
v -34.286 -33.066 75.367
v -33.569 -32.182 75.452
v -34.027 -31.423 75.076
v -33.271 -31.087 75.496
v -33.94 -30.833 75.119
v -33.279 -30.378 75.534
v -34.026 -30.288 75.16
v -33.488 -29.706 75.576
v -34.24 -29.745 75.2
v -34.114 -28.736 75.663
v -34.991 -28.859 75.287
v -34.576 -29.24 75.243
v -35.538 -28.649 75.329
v -35.002 -28.11 75.702
v -36.127 -27.81 75.748
v -36.679 -28.57 75.409
v -36.092 -28.529 75.367
v -37.267 -27.982 75.829
v -37.228 -28.74 75.45
v -38.229 -28.567 75.874
v -38.143 -29.49 75.538
v -37.724 -29.07 75.496
v -38.944 -29.45 75.957
v -38.402 -29.999 75.577
v -39.233 -30.581 76.002
v -38.524 -31.13 75.621
v -38.566 -30.542 75.579
v -39.234 -31.253 76.043
v -38.401 -31.72 75.662
v -39.029 -31.929 76.083
v -38.106 -32.224 75.704
v -38.444 -32.898 76.123
v -37.686 -32.644 75.746
v -37.512 -33.564 76.211
v -36.638 -33.108 75.829
v -37.218 -32.934 75.791
v -36.386 -33.822 76.249
v -36.051 -33.109 75.87
v -35.246 -33.65 76.336
v -34.958 -32.73 75.954
v -35.504 -33.024 75.913
v -34.277 -33.06 76.379
v -34.539 -32.353 75.996
v -33.571 -32.183 76.459
v -33.991 -31.344 76.081
v -34.199 -31.888 76.04
v -33.278 -31.092 76.5
v -33.942 -30.75 76.126
v -33.276 -30.376 76.544
v -34.029 -30.164 76.167
v -34.285 -29.621 76.207
v -33.481 -29.701 76.588
v -34.112 -28.735 76.63
v -35.12 -28.819 76.294
v -34.664 -29.159 76.249
v -34.997 -28.107 76.712
v -35.628 -28.611 76.334
v -36.808 -28.572 76.416
v -36.133 -27.814 76.753
v -36.217 -28.528 76.375
v -37.264 -27.98 76.839
v -37.348 -28.778 76.461
v -38.188 -29.576 76.545
v -38.232 -28.569 76.88
v -37.809 -29.113 76.504
v -38.941 -29.447 76.925
v -38.444 -30.083 76.543
v -39.242 -30.587 77.005
v -38.569 -30.67 76.586
v -39.234 -31.254 77.051
v -38.523 -31.256 76.63
v -39.032 -31.931 77.089
v -38.026 -32.31 76.71
v -38.351 -31.799 76.674
v -38.442 -32.896 77.132
v -37.598 -32.683 76.756
v -37.517 -33.568 77.217
v -36.555 -33.108 76.837
v -37.094 -32.977 76.798
v -36.382 -33.82 77.259
v -35.959 -33.103 76.883
v -35.248 -33.651 77.343
v -34.864 -32.681 76.968
v -35.368 -32.975 76.926
v -34.283 -33.065 77.384
v -34.455 -32.269 77.004
v -33.571 -32.184 77.467
v -33.985 -31.213 77.092
v -34.155 -31.761 77.049
v -33.274 -31.089 77.511
v -33.946 -30.627 77.133
v -34.071 -30.08 77.176
v -33.27 -30.372 77.555
v -33.481 -29.7 77.597
v -34.329 -29.538 77.214
v -34.743 -29.114 77.259
v -34.109 -28.733 77.639
v -35 -28.109 77.719
v -35.753 -28.569 77.343
v -35.204 -28.776 77.302
v -36.135 -27.815 77.761
v -36.335 -28.523 77.387
v -37.434 -28.863 77.469
v -37.261 -27.978 77.807
v -36.931 -28.612 77.426
v -38.234 -28.57 77.888
v -37.891 -29.196 77.513
v -38.482 -30.206 77.553
v -38.948 -29.452 77.93
v -38.274 -29.661 77.553
v -38.566 -30.794 77.596
v -39.242 -30.587 78.014
v -38.525 -31.383 77.637
v -39.244 -31.26 78.055
v -38.32 -31.891 77.676
v -39.034 -31.933 78.055
v -38.435 -32.891 78.144
v -37.514 -32.768 77.764
v -37.977 -32.39 77.722
v -37.516 -33.567 78.184
v -37.014 -33.023 77.804
v -36.384 -33.821 78.267
v -35.832 -33.103 77.891
v -36.429 -33.151 77.845
v -35.244 -33.648 78.311
v -35.294 -32.94 77.929
v -34.276 -33.059 78.396
v -34.412 -32.184 78.013
v -34.788 -32.603 77.972
v -34.116 -31.679 78.056
v -33.572 -32.184 78.433
v -33.993 -30.504 78.139
v -33.278 -31.092 78.517
v -33.983 -31.085 78.102
v -34.113 -29.954 78.183
v -33.321 -30.378 78.559
v -34.407 -29.449 78.226
v -33.488 -29.706 78.601
v -34.829 -29.031 78.267
v -34.116 -28.738 78.644
v -35.879 -28.569 78.351
v -34.993 -28.104 78.689
v -35.293 -28.738 78.308
v -36.472 -28.53 78.391
v -36.133 -27.814 78.77
v -37.56 -28.905 78.477
v -37.265 -27.98 78.813
v -37.012 -28.652 78.436
v -37.973 -29.278 78.522
v -38.231 -28.568 78.898
v -38.527 -30.334 78.56
v -38.943 -29.449 78.941
v -38.317 -29.788 78.56
v -38.563 -30.918 78.605
v -39.238 -30.584 78.982
v -38.478 -31.463 78.648
v -39.236 -31.255 79.025
v -38.228 -32.011 78.689
v -39.031 -31.931 79.064
v -37.432 -32.811 78.771
v -38.435 -32.891 79.152
v -37.894 -32.474 78.73
v -36.881 -33.06 78.816
v -37.521 -33.57 79.189
v -35.707 -33.061 78.899
v -36.384 -33.821 79.275
v -36.293 -33.144 78.858
v -35.205 -32.852 78.94
v -35.25 -33.653 79.317
v -34.318 -32.093 79.026
v -34.287 -33.067 79.399
v -34.699 -32.515 78.983
v -34.076 -31.554 79.063
v -33.607 -32.179 79.445
v -33.95 -31.008 79.105
v -33.277 -31.091 79.526
v -33.318 -30.377 79.568
v -33.99 -30.418 79.148
v -33.486 -29.704 79.569
v -34.491 -29.366 79.234
v -34.152 -29.868 79.193
v -34.11 -28.734 79.655
v -34.906 -28.942 79.279
v -35.001 -28.109 79.693
v -36.001 -28.524 79.361
v -35.419 -28.696 79.316
v -36.127 -27.809 79.782
v -36.546 -28.523 79.404
v -37.264 -27.98 79.822
v -37.644 -28.989 79.485
v -37.135 -28.692 79.445
v -38.23 -28.567 79.864
v -38.067 -29.369 79.526
v -38.943 -29.449 79.949
v -38.53 -30.42 79.567
v -38.354 -29.869 79.571
v -39.242 -30.587 79.988
v -38.569 -31.006 79.611
v -39.236 -31.255 80.033
v -38.442 -31.593 79.653
v -39.029 -31.929 80.074
v -38.191 -32.099 79.695
v -38.444 -32.897 80.156
v -37.805 -32.555 79.74
v -37.518 -33.568 80.199
v -36.755 -33.059 79.825
v -37.304 -32.894 79.781
v -36.382 -33.819 80.242
v -36.208 -33.143 79.867
v -35.077 -32.809 79.949
v -35.294 -33.655 80.324
v -35.631 -33.066 79.904
v -34.283 -33.064 80.367
v -34.281 -31.971 80.032
v -34.621 -32.435 79.988
v -33.611 -32.182 80.451
v -34.025 -31.464 80.076
v -33.276 -31.09 80.493
v -33.946 -30.879 80.116
v -33.32 -30.378 80.534
v -34.032 -30.292 80.157
v -33.48 -29.7 80.58
v -34.233 -29.74 80.203
v -34.113 -28.735 80.663
v -34.995 -28.904 80.284
v -34.58 -29.285 80.24
v -34.999 -28.108 80.703
v -35.541 -28.652 80.326
v -36.125 -27.808 80.749
v -36.676 -28.568 80.41
v -36.083 -28.522 80.37
v -37.261 -27.977 80.832
v -37.227 -28.739 80.45
v -38.229 -28.567 80.873
v -38.141 -29.446 80.539
v -37.732 -29.034 80.491
v -38.947 -29.494 80.955
v -38.401 -29.956 80.535
v -39.241 -30.586 80.997
v -38.572 -31.135 80.617
v -38.564 -30.54 80.579
v -39.241 -31.258 81.039
v -38.402 -31.679 80.66
v -39.025 -31.926 81.084
v -38.107 -32.183 80.703
v -38.437 -32.892 81.126
v -37.732 -32.647 80.743
v -36.675 -33.104 80.831
v -37.517 -33.568 81.208
v -37.225 -32.939 80.787
v -36.091 -33.149 80.87
v -36.383 -33.82 81.25
v -35 -32.772 80.954
v -35.29 -33.652 81.334
v -35.497 -33.019 80.916
v -34.28 -33.062 81.377
v -34.528 -32.345 81.001
v -34.031 -31.342 81.081
v -33.614 -32.184 81.458
v -34.239 -31.886 81.041
v -33.268 -31.085 81.505
v -33.948 -30.755 81.123
v -34.031 -30.207 81.166
v -33.318 -30.376 81.543
v -34.279 -29.658 81.21
v -33.479 -29.699 81.588
v -34.115 -28.737 81.628
v -35.074 -28.816 81.295
v -34.665 -29.202 81.248
v -35.032 -28.102 81.715
v -35.631 -28.614 81.332
v -36.132 -27.813 81.754
v -36.801 -28.567 81.419
v -36.214 -28.526 81.376
v -37.266 -27.981 81.837
v -37.351 -28.78 81.459
v -38.225 -28.564 81.883
v -38.185 -29.574 81.546
v -37.806 -29.111 81.504
v -38.944 -29.492 81.923
v -38.44 -30.08 81.545
v -39.243 -30.588 82.004
v -38.573 -30.673 81.583
v -39.238 -31.256 82.049
v -38.523 -31.255 81.629
v -38.066 -32.309 81.711
v -39.073 -31.972 82.089
v -38.359 -31.804 81.669
v -37.643 -32.685 81.754
v -38.437 -32.893 82.134
v -36.549 -33.105 81.839
v -37.516 -33.567 82.217
v -37.136 -32.978 81.798
v -35.967 -33.108 81.878
v -36.384 -33.821 82.257
v -34.916 -32.688 81.962
v -35.293 -33.653 82.341
v -35.415 -32.979 81.923
v -34.282 -33.064 82.384
v -34.493 -32.266 82.006
v -33.99 -31.258 82.089
v -33.61 -32.181 82.468
v -34.161 -31.806 82.046
v -33.987 -30.668 82.133
v -33.275 -31.09 82.51
v -34.075 -30.083 82.172
v -33.313 -30.373 82.554
v -34.328 -29.58 82.214
v -33.483 -29.702 82.595
v -34.743 -29.114 82.259
v -34.114 -28.736 82.636
v -35.747 -28.565 82.345
v -35.039 -28.107 82.72
v -35.203 -28.776 82.302
v -36.125 -27.808 82.765
v -36.887 -28.611 82.426
v -36.335 -28.523 82.387
v -37.436 -28.822 82.467
v -37.266 -27.981 82.804
v -38.235 -28.571 82.886
v -38.272 -29.659 82.553
v -37.895 -29.199 82.51
v -38.946 -29.493 82.93
v -38.48 -30.204 82.554
v -39.234 -30.581 83.017
v -38.568 -30.753 82.594
v -38.528 -31.343 82.635
v -39.233 -31.253 83.06
v -38.309 -31.883 82.681
v -39.074 -31.973 83.055
v -37.555 -32.767 82.764
v -38.446 -32.899 83.138
v -37.975 -32.389 82.722
v -37.016 -33.024 82.803
v -37.518 -33.568 83.182
v -35.875 -33.103 82.89
v -36.381 -33.819 83.267
v -36.466 -33.147 82.847
v -35.332 -32.937 82.931
v -35.288 -33.65 83.31
v -34.412 -32.184 83.012
v -34.277 -33.06 83.395
v -34.828 -32.601 82.973
v -34.113 -31.676 83.057
v -33.607 -32.18 83.436
v -33.985 -30.54 83.142
v -33.271 -31.087 83.52
v -33.984 -31.128 83.101
v -34.114 -29.997 83.182
v -33.312 -30.372 83.563
v -33.489 -29.706 83.6
v -34.408 -29.451 83.224
v -34.108 -28.732 83.648
v -34.822 -29.026 83.27
v -35.037 -28.105 83.687
v -35.878 -28.568 83.351
v -35.287 -28.734 83.31
v -36.125 -27.808 83.774
v -36.469 -28.528 83.391
v -37.266 -27.981 83.812
v -37.514 -28.902 83.478
v -37.009 -28.65 83.436
v -38.268 -28.564 83.899
v -37.984 -29.286 83.516
v -38.527 -30.292 83.56
v -38.946 -29.493 83.938
v -38.318 -29.746 83.559
v -38.561 -30.875 83.606
v -39.277 -30.582 84.025
v -39.236 -31.255 84.024
v -38.484 -31.467 83.644
v -39.076 -31.974 84.062
v -38.268 -32.01 83.689
v -38.442 -32.896 84.148
v -37.433 -32.812 83.77
v -37.893 -32.474 83.73
v -37.52 -33.569 84.189
v -36.931 -33.065 83.812
v -36.383 -33.82 84.275
v -35.752 -33.063 83.897
v -36.346 -33.151 83.852
v -35.293 -33.654 84.315
v -35.211 -32.899 83.936
v -34.285 -33.066 84.399
v -34.367 -32.098 84.022
v -34.738 -32.555 83.984
v -33.603 -32.177 84.446
v -34.07 -31.591 84.066
v -33.27 -31.087 84.529
v -33.989 -31.006 84.106
v -33.32 -30.378 84.567
v -33.986 -30.416 84.15
v -33.482 -29.701 84.57
v -34.491 -29.366 84.233
v -34.151 -29.867 84.193
v -34.114 -28.736 84.653
v -34.909 -28.986 84.277
v -35.032 -28.102 84.698
v -35.966 -28.529 84.357
v -35.418 -28.696 84.316
v -36.13 -27.854 84.779
v -36.546 -28.523 84.403
v -37.267 -28.023 84.82
v -37.642 -28.945 84.486
v -37.136 -28.692 84.444
v -38.272 -28.567 84.864
v -38.064 -29.367 84.527
v -38.525 -30.417 84.569
v -38.947 -29.494 84.946
v -38.36 -29.872 84.526
v -39.275 -30.581 84.992
v -38.561 -31.001 84.614
v -38.442 -31.552 84.653
v -39.237 -31.255 85.032
v -38.193 -32.1 84.693
v -39.071 -31.971 85.073
v -37.81 -32.558 84.738
v -38.436 -32.892 85.16
v -37.514 -33.566 85.2
v -36.803 -33.064 84.821
v -37.351 -32.855 84.778
v -36.382 -33.819 85.241
v -35.666 -33.062 84.906
v -36.215 -33.148 84.863
v -35.286 -33.649 85.327
v -35.116 -32.807 84.95
v -34.276 -33.101 85.37
v -34.283 -32.014 85.03
v -34.664 -32.478 84.987
v -33.612 -32.182 85.45
v -34.07 -31.466 85.074
v -33.273 -31.089 85.493
v -33.984 -30.876 85.117
v -33.315 -30.374 85.536
v -34.031 -30.333 85.157
v -33.487 -29.705 85.576
v -34.241 -29.787 85.199
v -34.116 -28.738 85.66
v -34.997 -28.905 85.283
v -34.576 -29.283 85.241
v -35.043 -28.11 85.701
v -35.5 -28.652 85.325
v -36.672 -28.565 85.412
v -36.125 -27.851 85.748
v -36.093 -28.529 85.365
v -37.218 -28.733 85.453
v -37.264 -28.021 85.83
v -38.149 -29.452 85.534
v -38.278 -28.571 85.869
v -37.727 -29.031 85.493
v -38.949 -29.495 85.953
v -38.403 -29.957 85.533
v -38.565 -31.13 85.62
v -39.277 -30.582 86
v -38.57 -30.545 85.576
v -38.437 -31.674 85.663
v -39.236 -31.255 86.041
v -38.15 -32.184 85.702
v -39.071 -31.971 86.081
v -37.729 -32.603 85.744
v -38.44 -32.895 86.124
v -36.676 -33.105 85.83
v -37.52 -33.57 86.206
v -37.259 -32.934 85.79
v -36.085 -33.145 85.873
v -36.379 -33.817 86.251
v -35.034 -32.766 85.958
v -35.292 -33.653 86.333
v -35.544 -33.023 85.913
v -34.284 -33.107 86.375
v -34.571 -32.388 86
v -33.604 -32.177 86.462
v -34.024 -31.379 86.084
v -34.233 -31.925 86.043
v -33.272 -31.087 86.503
v -33.982 -30.791 86.126
v -33.314 -30.373 86.545
v -34.068 -30.204 86.167
v -33.486 -29.704 86.584
v -34.281 -29.66 86.208
v -35.076 -28.86 86.293
v -34.118 -28.739 86.626
v -34.62 -29.2 86.248
v -35.626 -28.61 86.334
v -35.041 -28.108 86.71
v -36.801 -28.567 86.418
v -36.132 -27.855 86.753
v -36.212 -28.524 86.377
v -37.265 -28.022 86.838
v -37.349 -28.779 86.459
v -38.19 -29.535 86.543
v -38.276 -28.57 86.878
v -37.812 -29.115 86.501
v -38.95 -29.496 86.919
v -38.446 -30.084 86.541
v -38.564 -30.625 86.587
v -39.285 -30.587 87.004
v -38.572 -31.218 86.625
v -39.241 -31.258 87.047
v -38.059 -32.263 86.713
v -39.074 -31.973 87.088
v -38.395 -31.758 86.671
v -38.444 -32.897 87.13
v -37.64 -32.684 86.755
v -36.589 -33.103 86.839
v -37.517 -33.567 87.216
v -37.137 -32.978 86.796
v -36 -33.102 86.882
v -36.38 -33.818 87.259
v -34.912 -32.685 86.964
v -35.284 -33.647 87.345
v -35.456 -32.978 86.923
v -34.49 -32.306 87.007
v -34.28 -33.104 87.385
v -34.028 -31.255 87.091
v -33.604 -32.177 87.471
v -34.203 -31.806 87.045
v -33.983 -30.666 87.134
v -33.27 -31.086 87.511
v -34.067 -30.119 87.176
v -33.314 -30.373 87.553
v -34.321 -29.575 87.217
v -33.478 -29.699 87.596
v -34.706 -29.117 87.256
v -34.116 -28.737 87.635
v -35.204 -28.776 87.301
v -35.038 -28.106 87.72
v -35.757 -28.613 87.34
v -36.177 -27.857 87.759
v -36.89 -28.613 87.424
v -36.343 -28.528 87.382
v -37.268 -28.024 87.802
v -37.428 -28.817 87.47
v -38.275 -28.569 87.887
v -38.268 -29.657 87.554
v -37.896 -29.199 87.509
v -38.94 -29.489 87.933
v -38.484 -30.165 87.551
v -39.284 -30.587 88.013
v -38.571 -30.756 87.592
v -39.24 -31.258 88.055
v -38.52 -31.337 87.639
v -39.067 -31.968 88.058
v -38.311 -31.884 87.68
v -38.441 -32.895 88.14
v -37.554 -32.766 87.764
v -38.024 -32.351 87.718
v -37.519 -33.569 88.181
v -37.055 -33.022 87.803
v -36.421 -33.818 88.267
v -35.873 -33.102 87.891
v -36.47 -33.15 87.844
v -35.289 -33.65 88.309
v -35.334 -32.938 87.929
v -34.281 -33.105 88.393
v -34.413 -32.227 88.011
v -34.828 -32.644 87.972
v -33.606 -32.179 88.436
v -34.151 -31.716 88.058
v -33.992 -30.546 88.138
v -33.275 -31.09 88.517
v -33.985 -31.129 88.099
v -34.108 -29.992 88.185
v -33.313 -30.373 88.561
v -34.412 -29.495 88.222
v -33.486 -29.704 88.601
v -34.833 -29.075 88.264
v -34.113 -28.736 88.645
v -35.834 -28.567 88.351
v -35.043 -28.109 88.684
v -35.286 -28.733 88.31
v -36.173 -27.855 88.77
v -36.428 -28.528 88.39
v -37.269 -28.025 88.81
v -37.512 -28.901 88.478
v -37.013 -28.652 88.434
v -38.274 -28.569 88.896
v -37.976 -29.281 88.519
v -38.943 -29.491 88.939
v -38.526 -30.291 88.56
v -38.317 -29.746 88.559
v -39.275 -30.58 89.025
v -38.563 -30.876 88.604
v -39.24 -31.258 89.022
v -38.525 -31.467 88.644
v -39.066 -31.967 89.067
v -38.269 -31.969 88.688
v -38.444 -32.898 89.147
v -37.477 -32.813 88.769
v -37.938 -32.434 88.727
v -37.515 -33.567 89.191
v -36.933 -33.067 88.81
v -36.421 -33.817 89.276
v -35.793 -33.104 88.897
v -36.338 -33.146 88.855
v -35.293 -33.654 89.315
v -35.249 -32.896 88.938
v -34.286 -33.108 89.398
v -34.36 -32.135 89.025
v -34.739 -32.556 88.983
v -33.614 -32.184 89.44
v -34.115 -31.594 89.063
v -33.99 -31.048 89.105
v -33.277 -31.091 89.525
v -33.984 -30.456 89.15
v -33.318 -30.377 89.567
v -34.495 -29.41 89.231
v -33.479 -29.699 89.571
v -34.156 -29.912 89.19
v -34.119 -28.74 89.65
v -34.911 -28.988 89.275
v -35.967 -28.572 89.356
v -35.032 -28.102 89.697
v -35.415 -28.694 89.317
v -36.548 -28.525 89.401
v -36.172 -27.854 89.779
v -37.644 -28.947 89.484
v -37.259 -28.018 89.823
v -37.09 -28.69 89.445
v -38.277 -28.571 89.903
v -38.068 -29.37 89.524
v -38.945 -29.493 89.946
v -38.571 -30.42 89.566
v -38.354 -29.826 89.528
v -39.284 -30.587 89.987
v -38.57 -31.007 89.609
v -39.235 -31.254 90.033
v -38.482 -31.551 89.653
v -39.067 -31.968 90.074
v -38.232 -32.098 89.694
v -38.44 -32.895 90.157
v -37.396 -32.857 89.776
v -37.847 -32.513 89.739
v -37.52 -33.57 90.197
v -36.841 -33.061 89.822
v -36.423 -33.818 90.283
v -35.665 -33.061 89.906
v -36.253 -33.145 89.864
v -35.117 -32.85 89.949
v -35.291 -33.652 90.324
v -34.329 -32.017 90.028
v -34.276 -33.101 90.369
v -34.665 -32.479 89.986
v -33.606 -32.179 90.452
v -34.071 -31.509 90.073
v -33.986 -30.92 90.115
v -33.272 -31.088 90.493
v -34.025 -30.33 90.159
v -33.319 -30.377 90.533
v -34.235 -29.783 90.201
v -33.481 -29.701 90.578
v -35.001 -28.908 90.28
v -34.118 -28.739 90.659
v -34.532 -29.323 90.241
v -35.503 -28.654 90.323
v -35.036 -28.104 90.704
v -36.68 -28.57 90.407
v -36.172 -27.853 90.787
v -36.088 -28.526 90.367
v -37.265 -28.022 90.828
v -37.226 -28.739 90.449
v -38.146 -29.45 90.535
v -38.267 -28.564 90.874
v -37.727 -29.03 90.493
v -38.403 -29.957 90.533
v -38.943 -29.491 90.956
v -38.571 -31.091 90.617
v -39.276 -30.581 90.999
v -38.568 -30.501 90.576
v -39.235 -31.254 91.041
v -38.441 -31.677 90.66
v -39.071 -31.971 91.081
v -38.147 -32.181 90.703
v -38.437 -32.892 91.125
v -37.772 -32.604 90.743
v -37.518 -33.569 91.206
v -36.723 -33.109 90.826
v -37.262 -32.935 90.788
v -36.136 -33.151 90.868
v -36.428 -33.822 91.247
v -35.288 -33.65 91.334
v -35.043 -32.773 90.952
v -35.59 -33.025 90.91
v -34.572 -32.388 90.999
v -34.324 -33.105 91.375
v -34.024 -31.379 91.083
v -33.608 -32.18 91.459
v -34.235 -31.926 91.041
v -33.986 -30.794 91.124
v -33.32 -31.092 91.499
v -34.071 -30.248 91.165
v -33.312 -30.372 91.545
v -34.28 -29.701 91.208
v -33.482 -29.701 91.586
v -35.078 -28.861 91.292
v -34.114 -28.737 91.627
v -34.622 -29.243 91.247
v -35.62 -28.606 91.336
v -35.035 -28.104 91.712
v -36.169 -27.852 91.755
v -36.761 -28.568 91.417
v -36.22 -28.53 91.372
v -37.267 -28.024 91.836
v -37.304 -28.776 91.46
v -38.272 -28.567 91.879
v -38.183 -29.53 91.546
v -37.813 -29.116 91.5
v -38.948 -29.494 91.92
v -38.435 -30.034 91.546
v -39.28 -30.584 92.006
v -38.562 -30.623 91.588
v -39.24 -31.3 92.046
v -38.561 -31.21 91.63
v -39.068 -31.969 92.091
v -38.1 -32.262 91.713
v -38.396 -31.759 91.67
v -38.441 -32.895 92.131
v -37.69 -32.689 91.75
v -36.587 -33.102 91.84
v -37.517 -33.567 92.215
v -37.18 -32.979 91.795
v -36.423 -33.819 92.258
v -36.001 -33.145 91.881
v -35.289 -33.651 92.341
v -34.953 -32.727 91.963
v -35.452 -32.975 91.924
v -34.323 -33.105 92.384
v -34.529 -32.304 92.007
v -33.608 -32.18 92.468
v -34.027 -31.297 92.091
v -34.197 -31.845 92.047
v -33.32 -31.092 92.507
v -33.992 -30.714 92.129
v -33.32 -30.377 92.549
v -34.073 -30.123 92.173
v -34.325 -29.619 92.215
v -34.707 -29.16 92.255
v -35.203 -28.818 92.301
v -35.705 -28.606 92.344
v -36.301 -28.528 92.382
v -36.885 -28.609 92.426
v -37.437 -28.824 92.465
v -37.892 -29.196 92.511
v -38.274 -29.619 92.551
v -38.481 -30.163 92.552
v -38.524 -31.34 92.636
v -38.604 -30.749 92.596
v -38.352 -31.884 92.679
v -38.022 -32.35 92.718
v -37.595 -32.723 92.764
v -37.054 -33.021 92.803
v -36.504 -33.144 92.847
v -35.916 -33.103 92.889
v -35.373 -32.936 92.93
v -34.875 -32.647 92.969
v -34.156 -31.719 93.055
v -34.451 -32.224 93.013
v -33.988 -31.173 93.097
v -33.993 -30.588 93.137
v -34.156 -29.996 93.181
v -34.538 -29.327 93.221
v -35.124 -28.821 93.306
v -34.487 -32.598 74.909
v -35.208 -32.981 74.905
v -33.905 -31.888 74.906
v -33.565 -31.087 74.908
v -33.567 -30.08 74.906
v -37.306 -28.022 74.907
v -33.946 -29.072 74.906
v -36.177 -27.815 74.904
v -35.417 -27.939 74.906
v -34.703 -28.275 74.906
v -35.333 -27.981 74.906
v -35.915 -27.85 74.951
v -36.839 -27.892 74.993
v -37.604 -28.15 75.031
v -38.524 -28.861 75.117
v -39.076 -29.832 75.156
v -39.233 -30.833 75.203
v -39.024 -31.926 75.287
v -38.69 -32.557 75.328
v -38.185 -33.144 75.371
v -37.259 -33.648 75.413
v -36.045 -33.818 75.495
v -34.992 -33.565 75.538
v -34.066 -32.849 75.623
v -33.48 -31.927 75.664
v -33.268 -30.791 75.749
v -33.477 -29.698 75.792
v -33.823 -29.075 75.829
v -34.323 -28.526 75.873
v -35.243 -27.976 75.917
v -36.469 -27.814 75.997
v -37.521 -28.109 76.039
v -38.438 -28.776 76.084
v -39.024 -29.699 76.169
v -39.24 -30.837 76.208
v -39.031 -31.93 76.292
v -38.693 -32.559 76.293
v -38.192 -33.149 76.333
v -37.266 -33.652 76.418
v -36.049 -33.822 76.459
v -35.001 -33.571 76.542
v -34.066 -32.849 76.59
v -33.479 -31.926 76.673
v -33.276 -30.796 76.712
v -33.484 -29.703 76.797
v -33.822 -29.074 76.838
v -34.324 -28.526 76.881
v -35.286 -27.977 76.925
v -36.466 -27.812 76.965
v -37.513 -28.103 77.051
v -38.446 -28.782 77.088
v -39.024 -29.699 77.178
v -39.282 -30.837 77.217
v -39.025 -31.926 77.261
v -38.689 -32.556 77.303
v -38.189 -33.148 77.343
v -37.264 -33.651 77.428
v -36.051 -33.823 77.467
v -35.035 -33.565 77.555
v -34.073 -32.854 77.595
v -33.479 -31.926 77.682
v -33.276 -30.797 77.72
v -33.481 -29.701 77.806
v -33.822 -29.074 77.804
v -34.328 -28.529 77.845
v -35.288 -27.979 77.932
v -36.471 -27.815 77.971
v -37.522 -28.11 78.055
v -38.481 -28.777 78.1
v -39.034 -29.706 78.139
v -39.28 -30.836 78.226
v -39.032 -31.931 78.266
v -38.696 -32.561 78.308
v -38.188 -33.146 78.352
v -37.261 -33.649 78.395
v -36.052 -33.823 78.475
v -35.035 -33.565 78.521
v -34.067 -32.85 78.606
v -33.478 -31.925 78.648
v -33.274 -30.795 78.729
v -33.483 -29.702 78.772
v -33.817 -29.07 78.815
v -34.367 -28.527 78.855
v -35.287 -27.978 78.941
v -36.471 -27.857 78.979
v -37.518 -28.107 79.023
v -38.478 -28.775 79.11
v -39.03 -29.703 79.149
v -39.281 -30.837 79.234
v -39.031 -31.93 79.275
v -38.698 -32.562 79.315
v -38.189 -33.147 79.36
v -37.263 -33.65 79.403
v -36.09 -33.821 79.485
v -35.032 -33.564 79.53
v -34.073 -32.854 79.611
v -33.483 -31.928 79.654
v -33.277 -30.797 79.736
v -33.483 -29.702 79.78
v -33.821 -29.073 79.821
v -34.364 -28.525 79.864
v -35.291 -27.98 79.905
v -36.461 -27.85 79.992
v -37.51 -28.102 80.035
v -38.486 -28.78 80.114
v -39.066 -29.699 80.16
v -39.283 -30.838 80.199
v -39.031 -31.93 80.283
v -38.688 -32.556 80.328
v -38.184 -33.144 80.37
v -37.268 -33.654 80.408
v -36.091 -33.821 80.493
v -35.041 -33.57 80.534
v -34.072 -32.854 80.62
v -33.481 -31.927 80.663
v -33.277 -30.797 80.744
v -33.479 -29.699 80.79
v -33.824 -29.075 80.828
v -34.37 -28.529 80.87
v -35.285 -27.976 80.917
v -36.461 -27.85 81.001
v -37.52 -28.109 81.038
v -38.484 -28.779 81.082
v -39.068 -29.7 81.168
v -39.284 -30.839 81.206
v -39.025 -31.968 81.294
v -38.687 -32.555 81.295
v -38.193 -33.15 81.332
v -37.27 -33.655 81.416
v -36.084 -33.816 81.462
v -35.036 -33.566 81.545
v -34.074 -32.855 81.585
v -33.482 -31.928 81.671
v -33.275 -30.796 81.711
v -33.487 -29.705 81.795
v -33.82 -29.073 81.838
v -34.367 -28.527 81.88
v -35.292 -27.981 81.921
v -36.46 -27.849 81.967
v -37.513 -28.103 82.05
v -38.477 -28.774 82.093
v -39.075 -29.705 82.172
v -39.281 -30.837 82.216
v -39.071 -31.971 82.258
v -38.733 -32.558 82.301
v -38.186 -33.146 82.344
v -37.262 -33.649 82.428
v -36.09 -33.82 82.468
v -35.034 -33.564 82.555
v -34.075 -32.856 82.593
v -33.489 -31.933 82.676
v -33.275 -30.796 82.72
v -33.48 -29.7 82.806
v -33.818 -29.071 82.805
v -34.368 -28.527 82.846
v -35.288 -27.978 82.932
v -36.472 -27.858 82.97
v -37.515 -28.105 83.057
v -38.483 -28.778 83.099
v -39.068 -29.701 83.142
v -39.28 -30.836 83.225
v -39.065 -31.967 83.27
v -38.74 -32.563 83.306
v -38.192 -33.15 83.349
v -37.259 -33.648 83.395
v -36.091 -33.821 83.475
v -35.036 -33.566 83.52
v -34.071 -32.853 83.603
v -33.489 -31.933 83.642
v -33.268 -30.791 83.731
v -33.479 -29.699 83.773
v -33.82 -29.072 83.813
v -34.369 -28.528 83.853
v -35.289 -27.979 83.939
v -36.469 -27.856 83.979
v -37.514 -28.104 84.024
v -38.487 -28.781 84.105
v -39.072 -29.703 84.149
v -39.284 -30.839 84.231
v -39.066 -31.968 84.277
v -38.735 -32.559 84.317
v -38.192 -33.149 84.357
v -37.265 -33.652 84.401
v -36.082 -33.815 84.488
v -35.042 -33.57 84.525
v -34.076 -32.856 84.609
v -33.484 -31.929 84.653
v -33.268 -30.791 84.74
v -33.477 -29.698 84.782
v -33.82 -29.072 84.821
v -34.371 -28.53 84.86
v -35.286 -27.977 84.907
v -36.464 -27.852 84.99
v -37.511 -28.102 85.034
v -38.484 -28.779 85.115
v -39.069 -29.701 85.158
v -39.285 -30.839 85.197
v -39.072 -31.972 85.283
v -38.733 -32.558 85.326
v -38.189 -33.147 85.367
v -37.261 -33.649 85.411
v -36.082 -33.815 85.496
v -35.036 -33.566 85.536
v -34.074 -32.855 85.618
v -33.486 -31.931 85.66
v -33.272 -30.794 85.746
v -33.479 -29.699 85.79
v -33.817 -29.112 85.831
v -34.363 -28.524 85.873
v -35.284 -27.976 85.916
v -36.47 -27.856 85.996
v -37.514 -28.104 86.041
v -38.48 -28.776 86.083
v -39.072 -29.703 86.165
v -39.282 -30.837 86.207
v -39.07 -31.97 86.292
v -38.737 -32.561 86.29
v -38.184 -33.144 86.378
v -37.268 -33.654 86.416
v -36.087 -33.819 86.46
v -35.032 -33.563 86.547
v -34.068 -32.851 86.587
v -33.477 -31.925 86.673
v -33.276 -30.796 86.711
v -33.487 -29.705 86.794
v -33.825 -29.118 86.835
v -34.362 -28.523 86.882
v -35.288 -27.978 86.923
v -36.463 -27.852 86.965
v -37.512 -28.103 87.05
v -38.488 -28.781 87.087
v -39.074 -29.704 87.172
v -39.287 -30.841 87.213
v -39.069 -31.97 87.259
v -38.734 -32.558 87.3
v -38.192 -33.149 87.34
v -37.262 -33.65 87.427
v -36.085 -33.817 87.47
v -35.038 -33.567 87.552
v -34.073 -32.854 87.593
v -33.481 -31.927 87.679
v -33.273 -30.795 87.72
v -33.48 -29.7 87.806
v -33.821 -29.115 87.803
v -34.36 -28.522 87.849
v -35.284 -28.018 87.933
v -36.466 -27.854 87.972
v -37.511 -28.102 88.059
v -38.487 -28.781 88.096
v -39.069 -29.701 88.141
v -39.285 -30.839 88.222
v -39.067 -31.968 88.268
v -38.739 -32.562 88.306
v -38.19 -33.148 88.349
v -37.261 -33.649 88.394
v -36.084 -33.817 88.478
v -35.033 -33.564 88.52
v -34.067 -32.85 88.605
v -33.482 -31.928 88.645
v -33.277 -30.797 88.726
v -33.485 -29.704 88.769
v -33.818 -29.113 88.813
v -34.367 -28.527 88.854
v -35.291 -28.023 88.938
v -36.469 -27.856 88.979
v -37.522 -28.11 89.02
v -38.486 -28.78 89.105
v -39.07 -29.701 89.149
v -39.281 -30.837 89.232
v -39.069 -31.97 89.275
v -38.729 -32.555 89.319
v -38.192 -33.15 89.357
v -37.261 -33.649 89.402
v -36.088 -33.819 89.484
v -35.039 -33.568 89.526
v -34.066 -32.85 89.613
v -33.481 -31.927 89.654
v -33.279 -30.799 89.734
v -33.478 -29.699 89.781
v -33.813 -29.11 89.824
v -34.369 -28.528 89.861
v -35.293 -28.024 89.903
v -36.468 -27.855 89.988
v -37.517 -28.107 90.03
v -38.48 -28.776 90.116
v -39.066 -29.699 90.159
v -39.284 -30.839 90.197
v -39.071 -31.971 90.283
v -38.729 -32.555 90.328
v -38.193 -33.15 90.365
v -37.263 -33.65 90.409
v -36.083 -33.816 90.495
v -35.034 -33.565 90.537
v -34.068 -32.893 90.62
v -33.488 -31.932 90.659
v -33.275 -30.796 90.744
v -33.488 -29.705 90.785
v -33.818 -29.113 90.83
v -34.362 -28.524 90.872
v -35.292 -28.024 90.912
v -36.46 -27.85 91
v -37.512 -28.102 91.041
v -38.485 -28.78 91.08
v -39.067 -29.699 91.167
v -39.277 -30.834 91.209
v -39.068 -31.969 91.292
v -38.731 -32.556 91.335
v -38.188 -33.147 91.375
v -37.269 -33.654 91.415
v -36.092 -33.822 91.457
v -35.037 -33.567 91.544
v -34.074 -32.897 91.584
v -33.482 -31.928 91.67
v -33.279 -30.798 91.708
v -33.488 -29.705 91.793
v -33.857 -29.111 91.839
v -34.364 -28.525 91.88
v -35.288 -28.02 91.922
v -36.463 -27.851 91.965
v -37.521 -28.109 92.045
v -38.483 -28.778 92.089
v -39.077 -29.706 92.17
v -39.277 -30.834 92.217
v -39.074 -31.973 92.256
v -38.73 -32.556 92.302
v -38.187 -33.146 92.342
v -37.261 -33.649 92.427
v -36.094 -33.823 92.464
v -35.033 -33.564 92.554
v -34.076 -32.899 92.591
v -33.483 -31.971 92.677
v -33.273 -30.836 92.719
v -38.099 -26.38 94.739
v -36.808 -26.051 94.733
v -38.11 -26.387 93.725
v -35.455 -26.129 94.738
v -36.379 -26.045 93.729
v -33.781 -26.764 94.734
v -34.619 -26.342 93.727
v -32.478 -27.898 94.734
v -33.101 -27.22 93.73
v -32.059 -28.613 93.725
v -31.671 -29.488 94.739
v -31.503 -31.21 94.739
v -31.513 -30.293 93.726
v -31.967 -32.935 94.738
v -31.635 -32.055 93.727
v -33.026 -34.369 94.734
v -32.391 -33.651 93.728
v -33.353 -34.614 93.73
v -34.492 -35.29 94.736
v -34.488 -35.287 93.73
v -36.346 -35.63 94.733
v -38.099 -35.286 94.739
v -39.576 -34.324 94.735
v -40.623 -32.935 94.737
v -41.083 -31.211 94.738
v -40.918 -29.533 94.737
v -40.289 -28.19 94.736
v -39.411 -27.184 94.734
v -38.737 -26.721 94.735
v -40.547 -33.067 93.725
v -37.979 -35.332 93.728
v -39.453 -34.452 93.726
v -41.04 -31.379 93.73
v -36.218 -35.629 93.726
v -40.92 -29.619 93.727
v -40.204 -28.021 93.728
v -39.234 -27.052 93.73
v -19.75 0.291 90.869
v -20.547 0.292 90.449
v -20.585 0.21 90.535
v -18.441 0.211 91.46
v -18.782 0.292 91.247
v -17.227 0.293 91.458
v -16.217 0.21 91.501
v -15.371 0.297 91.209
v -13.57 0.294 90.241
v -14.155 0.212 90.746
v -12.473 0.213 89.319
v -11.385 0.294 86.544
v -12.102 0.292 88.559
v -11.47 0.209 87.341
v -11.22 0.208 85.24
v -11.6 0.207 83.39
v -11.429 0.293 84.4
v -12.221 0.297 82.387
v -12.394 0.21 81.964
v -13.104 0.213 81.21
v -13.868 0.291 80.702
v -13.824 0.209 80.619
v -15.295 0.292 91.206
v -15.287 0.256 91.252
v -12.304 0.298 88.941
v -12.269 0.251 88.98
v -11.217 0.252 85.325
v -18.188 0.296 83.478
v -15.843 0.291 79.82
v -18.022 0.295 79.738
v -20.038 0.295 80.411
v -21.723 0.292 81.795
v -15.881 0.294 83.687
v -19.496 0.292 85.408
v -22.768 0.296 83.688
v -23.112 0.29 85.827
v -14.911 0.296 85.747
v -22.602 0.294 87.93
v -18.486 0.293 87.468
v -21.761 0.295 89.317
v -16.213 0.296 87.68
v -20.583 -0.838 90.536
v -19.409 -0.84 91.165
v -18.194 -0.842 91.5
v -16.008 -0.841 91.458
v -13.949 -0.841 90.618
v -12.273 -0.844 88.978
v -11.719 -0.839 88.015
v -11.339 -0.838 86.798
v -11.214 -0.838 85.327
v -11.508 -0.838 83.647
v -12.391 -0.838 82.008
v -13.817 -0.837 80.622
v -18.485 -2.689 87.468
v -16.215 -2.688 87.679
v -15.963 0.211 79.697
v -18.186 0.214 79.657
v -20.254 0.207 80.408
v -21.89 0.209 81.838
v -22.936 0.212 83.814
v -22.772 0.209 87.761
v -23.188 0.211 85.915
v -22.012 0.211 89.149
v -21.295 0.213 89.949
v -19.111 0.297 79.95
v -19.119 0.249 79.904
v -22.141 0.252 82.174
v -23.152 0.292 85.828
v -23.187 0.254 85.831
v -12.856 -0.925 89.652
v -12.263 -0.921 88.941
v -13.613 -0.925 90.366
v -15.037 -0.922 91.124
v -16.842 -0.921 91.546
v -18.948 -0.925 91.29
v -22.014 -0.84 89.148
v -20.883 -0.926 90.239
v -22.352 -0.925 88.602
v -22.9 -0.843 87.508
v -23.189 -0.839 85.83
v -23.069 -0.927 86.584
v -23.02 -0.923 84.36
v -23.065 -0.841 84.359
v -22.687 -0.841 83.14
v -22.142 -0.926 82.215
v -22.142 -0.842 82.174
v -16.932 -0.883 91.542
v -16.925 -0.878 91.588
v -20.589 -0.884 90.491
v -20.587 -0.883 90.534
v -22.894 -0.881 87.511
v -21.546 -0.92 81.505
v -20.464 -0.844 80.534
v -20.757 -0.926 80.787
v -19.367 -0.924 80.032
v -18.397 -0.837 79.698
v -17.516 -0.922 79.613
v -15.462 -0.925 79.863
v -16.215 -0.839 79.655
v -14.958 -0.841 79.989
v -13.483 -0.922 80.874
v -12.053 -0.922 82.555
v -11.298 -0.922 84.571
v -11.348 -0.928 86.793
v -17.437 -0.884 79.611
v -17.437 -0.884 79.569
v -13.817 -0.879 80.623
v -13.823 -0.883 80.62
v -11.511 -0.882 83.645
v -14.911 -2.687 85.747
v -15.876 -2.686 83.689
v -18.191 -2.689 83.477
v -19.489 -2.686 85.411
v -19.916 -3.867 84.274
v -19.703 -3.865 83.855
v -20.205 -3.863 85.579
v -20.125 -3.866 84.737
v -20.083 -3.866 86.501
v -19.578 -3.866 87.426
v -18.743 -3.869 88.179
v -17.686 -3.864 88.561
v -16.59 -3.862 88.563
v -15.54 -3.862 88.1
v -14.706 -3.866 87.299
v -14.448 -3.863 86.882
v -14.154 -3.862 85.58
v -14.284 -3.865 86.376
v -14.331 -3.868 84.651
v -14.824 -3.861 83.732
v -15.675 -3.869 82.97
v -16.683 -3.868 82.592
v -17.808 -3.862 82.597
v -18.864 -3.866 83.014
v -19.662 -3.95 83.897
v -19.992 -3.945 84.446
v -20.16 -3.945 85.16
v -20.079 -3.947 86.335
v -19.572 -3.945 87.387
v -18.782 -3.951 88.097
v -17.776 -3.953 88.516
v -16.599 -3.952 88.516
v -15.507 -3.952 88.054
v -14.708 -3.952 87.256
v -20.041 -3.866 86.543
v -17.062 -3.911 88.558
v -17.062 -3.869 88.6
v -14.491 -3.947 86.881
v -14.326 -3.949 86.376
v -14.2 -3.949 85.577
v -14.328 -3.951 84.652
v -15.673 -3.951 83.013
v -14.833 -3.951 83.727
v -16.725 -3.952 82.634
v -18.82 -3.948 83.057
v -17.811 -3.948 82.637
v -14.364 -3.904 84.613
v -14.322 -3.862 84.613
v -17.306 -3.905 82.596
v -17.306 -3.863 82.554
v -19.911 -38.565 84.277
v -19.667 -38.57 83.894
v -20.076 -38.563 84.782
v -20.212 -38.57 85.575
v -20.043 -38.569 86.5
v -19.572 -38.563 87.428
v -18.733 -38.564 88.142
v -17.688 -38.567 88.518
v -15.582 -38.564 88.1
v -16.593 -38.565 88.519
v -14.704 -38.567 87.258
v -14.488 -38.563 86.883
v -14.324 -38.565 86.377
v -14.199 -38.566 85.578
v -14.331 -38.57 84.651
v -14.828 -38.565 83.73
v -15.672 -38.568 83.014
v -16.723 -38.568 82.635
v -17.813 -38.567 82.637
v -18.819 -38.565 83.058
v -15.038 -38.649 87.595
v -14.745 -38.65 87.259
v -15.413 -38.647 87.933
v -16.128 -38.648 88.31
v -17.014 -38.65 88.518
v -18.059 -38.646 88.395
v -19.037 -38.655 87.885
v -19.744 -38.65 87.09
v -20.118 -38.647 86.084
v -20.078 -38.648 84.991
v -19.619 -38.65 83.897
v -17.052 -38.605 88.563
v -17.053 -38.564 88.562
v -20.036 -38.564 86.545
v -19.364 -38.648 83.563
v -18.952 -38.654 83.222
v -18.277 -38.652 82.846
v -17.356 -38.654 82.634
v -16.337 -38.647 82.765
v -15.376 -38.65 83.267
v -14.66 -38.649 84.066
v -14.286 -38.652 85.072
v -14.329 -38.653 86.164
v -17.314 -38.612 82.592
v -17.313 -38.57 82.593
v -14.368 -38.567 84.611
v -19.454 -38.863 84.484
v -19.282 -38.86 84.15
v -19.622 -38.863 84.904
v -19.7 -38.858 85.579
v -19.615 -38.858 86.336
v -19.201 -38.862 87.131
v -18.481 -38.858 87.764
v -17.606 -38.863 88.055
v -16.682 -38.863 88.054
v -15.838 -38.86 87.678
v -15.122 -38.859 87.007
v -14.916 -38.862 86.669
v -14.786 -38.859 86.251
v -14.658 -38.858 85.58
v -14.789 -38.861 84.821
v -15.214 -38.864 84.02
v -15.923 -38.861 83.393
v -16.758 -38.857 83.101
v -17.684 -38.859 83.1
v -18.574 -38.864 83.474
v -19.244 -38.904 84.19
v -19.622 -38.905 85.072
v -19.62 -38.903 85.997
v -19.323 -38.901 86.839
v -18.735 -38.901 87.511
v -17.94 -38.903 87.93
v -17.053 -38.9 88.058
v -16.3 -38.903 87.888
v -15.712 -38.903 87.552
v -15.377 -38.903 87.258
v -15.163 -38.9 86.966
v -19.573 -38.9 86.378
v -19.573 -38.899 86.378
v -17.1 -38.904 88.055
v -14.783 -38.899 86.084
v -14.742 -38.899 85.16
v -15.085 -38.904 84.316
v -15.671 -38.903 83.645
v -16.464 -38.899 83.227
v -17.349 -38.902 83.099
v -18.104 -38.9 83.268
v -18.694 -38.902 83.603
v -18.987 -38.901 83.898
v -14.831 -38.903 84.779
v -14.828 -38.901 84.78
v -17.315 -38.907 83.096
f 1 2 3
f 1 3 4
f 1 4 5
f 1 5 6
f 1 6 7
f 8 1 7
f 9 1 8
f 10 9 8
f 11 12 13
f 11 13 10
f 14 15 16
f 17 14 18
f 19 17 18
f 20 17 19
f 21 20 19
f 22 21 19
f 23 22 19
f 24 23 19
f 25 24 19
f 26 13 9
f 26 9 10
f 26 10 13
f 27 15 12
f 27 12 11
f 28 11 16
f 28 27 11
f 28 15 27
f 28 16 15
f 29 18 14
f 30 16 18
f 30 14 16
f 30 18 29
f 30 29 14
f 31 9 13
f 31 13 32
f 33 1 9
f 33 9 31
f 34 2 1
f 34 1 33
f 35 36 37
f 38 20 39
f 38 39 36
f 38 36 35
f 40 17 20
f 40 20 38
f 41 14 17
f 41 17 40
f 42 15 14
f 42 14 41
f 43 12 15
f 43 15 42
f 44 13 12
f 44 12 43
f 32 13 44
f 8 7 45
f 8 45 46
f 10 46 47
f 10 8 46
f 11 10 47
f 48 16 11
f 48 11 47
f 18 16 48
f 49 19 18
f 49 18 48
f 25 19 49
f 50 51 52
f 50 52 25
f 50 25 49
f 53 54 51
f 53 51 50
f 55 56 57
f 58 56 55
f 57 59 60
f 56 61 57
f 57 61 59
f 56 62 61
f 63 64 65
f 66 64 63
f 60 64 66
f 59 64 60
f 67 68 69
f 56 70 62
f 68 71 69
f 69 72 56
f 56 72 70
f 64 73 65
f 73 74 65
f 69 75 72
f 71 75 69
f 74 34 76
f 76 34 77
f 77 34 78
f 78 34 79
f 73 80 74
f 74 80 34
f 71 81 75
f 80 82 34
f 82 83 34
f 71 84 81
f 81 84 85
f 84 86 85
f 83 87 34
f 86 88 85
f 88 45 85
f 85 45 89
f 89 45 90
f 45 7 90
f 87 2 34
f 7 2 90
f 90 2 91
f 91 2 92
f 92 2 93
f 93 2 87
f 7 6 2
f 2 5 3
f 3 5 4
f 6 5 2
f 94 35 95
f 94 95 96
f 94 96 97
f 94 97 98
f 94 98 99
f 38 35 94
f 100 38 94
f 40 38 100
f 101 41 102
f 42 41 101
f 44 43 103
f 104 44 103
f 105 31 32
f 106 33 31
f 106 31 105
f 107 33 106
f 34 33 107
f 79 34 107
f 78 79 107
f 77 78 107
f 76 77 107
f 74 76 107
f 108 41 40
f 108 102 41
f 109 100 102
f 109 102 108
f 109 108 40
f 109 40 100
f 110 43 42
f 110 103 43
f 111 101 103
f 111 42 101
f 111 103 110
f 111 110 42
f 112 32 44
f 112 44 104
f 113 104 105
f 113 112 104
f 113 105 32
f 113 32 112
f 96 95 97
f 97 35 98
f 95 35 97
f 35 99 98
f 35 114 99
f 35 115 114
f 35 116 115
f 99 117 118
f 114 117 99
f 35 119 116
f 35 120 119
f 117 121 118
f 122 123 124
f 125 123 122
f 118 123 125
f 121 123 118
f 123 126 124
f 120 37 127
f 127 37 128
f 35 37 120
f 37 129 128
f 130 131 37
f 131 132 37
f 132 133 37
f 133 54 37
f 37 54 129
f 134 135 126
f 126 135 124
f 54 136 129
f 137 138 139
f 135 138 137
f 140 138 134
f 134 138 135
f 136 53 141
f 54 53 136
f 140 142 138
f 143 142 144
f 144 142 140
f 142 145 146
f 142 147 145
f 143 147 142
f 148 147 143
f 53 149 141
f 149 150 141
f 141 151 148
f 148 151 147
f 150 151 141
f 52 20 21
f 52 21 22
f 52 22 23
f 52 23 24
f 52 24 25
f 130 37 36
f 131 130 36
f 132 131 36
f 133 132 36
f 54 133 36
f 152 39 20
f 152 20 52
f 153 52 51
f 153 51 39
f 153 152 52
f 153 39 152
f 154 36 39
f 154 39 51
f 155 51 54
f 155 36 154
f 155 154 51
f 155 54 36
f 150 156 151
f 149 156 150
f 53 157 149
f 149 157 156
f 53 158 157
f 53 50 158
f 159 160 161
f 159 162 160
f 159 163 162
f 159 164 163
f 159 46 164
f 159 47 46
f 165 50 49
f 166 165 49
f 167 166 49
f 168 167 49
f 169 49 170
f 169 168 49
f 171 48 47
f 171 172 48
f 173 159 172
f 173 172 171
f 173 47 159
f 173 171 47
f 174 49 48
f 174 170 49
f 175 172 170
f 175 174 48
f 175 48 172
f 175 170 174
f 176 86 84
f 177 88 176
f 176 88 86
f 46 45 178
f 178 45 177
f 177 45 88
f 179 93 87
f 180 92 93
f 180 93 179
f 181 91 92
f 181 92 180
f 182 90 91
f 182 91 181
f 183 89 90
f 183 90 182
f 184 85 89
f 184 89 183
f 185 81 85
f 185 85 184
f 186 75 81
f 186 81 185
f 187 72 75
f 187 75 186
f 188 72 187
f 188 70 72
f 189 61 62
f 189 62 70
f 189 70 188
f 190 59 61
f 190 61 189
f 191 64 59
f 191 59 190
f 192 73 64
f 192 64 191
f 193 80 73
f 193 73 192
f 194 82 80
f 194 80 193
f 195 83 82
f 195 82 194
f 196 83 195
f 197 87 83
f 197 83 196
f 179 87 197
f 101 198 199
f 102 198 101
f 103 101 199
f 200 103 199
f 100 201 198
f 100 198 102
f 104 103 200
f 94 201 100
f 105 104 200
f 202 105 200
f 118 201 94
f 99 118 94
f 106 105 202
f 107 106 202
f 65 74 107
f 65 107 202
f 203 204 205
f 60 204 203
f 57 60 203
f 206 56 207
f 206 69 56
f 176 84 208
f 84 71 208
f 209 144 140
f 210 143 144
f 210 144 209
f 211 148 143
f 211 143 210
f 212 141 148
f 212 148 211
f 213 136 141
f 213 141 212
f 214 129 136
f 214 136 213
f 215 128 129
f 215 129 214
f 216 127 128
f 216 128 215
f 217 120 127
f 217 127 216
f 218 120 217
f 218 119 120
f 219 115 116
f 219 116 119
f 219 119 218
f 220 114 115
f 220 115 219
f 221 117 114
f 221 114 220
f 222 121 117
f 222 117 221
f 223 123 121
f 223 121 222
f 224 126 123
f 224 123 223
f 225 134 126
f 225 126 224
f 226 134 225
f 227 140 134
f 227 134 226
f 209 140 227
f 147 151 228
f 228 151 156
f 138 229 230
f 142 229 138
f 231 232 233
f 124 135 232
f 124 232 231
f 157 234 156
f 235 236 237
f 235 237 234
f 235 234 157
f 165 158 50
f 166 158 165
f 238 157 158
f 238 235 157
f 167 238 158
f 167 158 166
f 168 238 167
f 169 238 168
f 236 239 240
f 238 241 235
f 235 241 236
f 236 241 239
f 239 242 240
f 169 243 238
f 238 243 241
f 242 244 240
f 169 245 243
f 246 247 244
f 244 247 240
f 246 248 247
f 169 249 245
f 246 250 248
f 250 251 248
f 249 170 252
f 252 170 253
f 169 170 249
f 170 254 253
f 170 255 254
f 170 256 255
f 255 256 257
f 257 256 258
f 258 256 259
f 259 256 260
f 172 261 170
f 170 261 256
f 159 262 172
f 172 262 261
f 159 263 262
f 159 264 265
f 265 266 159
f 159 267 264
f 159 268 263
f 266 268 159
f 268 269 263
f 159 161 267
f 267 161 270
f 269 271 263
f 272 273 161
f 161 273 270
f 272 274 273
f 271 275 263
f 276 277 274
f 274 277 273
f 276 278 277
f 276 279 278
f 279 280 278
f 279 281 280
f 281 282 283
f 283 282 284
f 284 282 285
f 279 282 281
f 178 162 163
f 178 163 164
f 178 164 46
f 272 161 160
f 272 160 162
f 272 162 178
f 286 177 176
f 274 178 177
f 274 272 178
f 287 274 177
f 287 177 286
f 276 274 287
f 288 194 289
f 290 195 288
f 288 195 194
f 290 196 195
f 289 193 291
f 194 193 289
f 292 197 290
f 290 197 196
f 293 179 292
f 292 179 197
f 291 192 294
f 193 192 291
f 295 180 293
f 293 180 179
f 294 191 296
f 192 191 294
f 191 297 296
f 295 181 180
f 191 190 297
f 295 298 181
f 298 182 181
f 189 299 190
f 190 299 297
f 298 300 182
f 188 301 189
f 189 301 299
f 182 302 183
f 300 302 182
f 187 303 188
f 188 303 301
f 183 304 184
f 302 304 183
f 186 305 187
f 187 305 303
f 304 306 184
f 184 306 185
f 306 307 185
f 186 307 305
f 185 307 186
f 308 65 202
f 309 63 308
f 308 63 65
f 309 66 63
f 204 60 309
f 309 60 66
f 310 311 312
f 310 312 313
f 310 313 202
f 310 202 200
f 310 314 311
f 310 200 314
f 315 314 200
f 316 200 199
f 316 317 314
f 316 314 315
f 316 315 200
f 316 199 317
f 318 317 199
f 319 199 198
f 319 320 317
f 319 317 318
f 319 318 199
f 319 198 320
f 321 320 198
f 322 198 201
f 322 323 320
f 322 321 198
f 322 320 321
f 324 322 201
f 324 325 323
f 324 326 325
f 324 201 326
f 324 323 322
f 327 124 231
f 327 122 124
f 328 125 327
f 327 125 122
f 201 118 328
f 328 118 125
f 329 330 203
f 329 203 205
f 331 332 333
f 331 333 334
f 335 332 331
f 336 332 335
f 337 329 338
f 337 338 334
f 337 333 330
f 337 330 329
f 337 334 333
f 339 334 338
f 340 341 339
f 340 329 205
f 340 338 329
f 340 205 204
f 340 204 342
f 340 342 343
f 340 343 341
f 340 339 338
f 344 57 203
f 345 55 344
f 344 55 57
f 207 58 345
f 345 58 55
f 207 56 58
f 346 207 347
f 346 347 348
f 346 348 332
f 346 332 349
f 346 349 350
f 346 350 351
f 346 351 206
f 346 206 207
f 71 352 208
f 68 352 71
f 67 353 68
f 68 353 352
f 69 354 67
f 67 354 353
f 69 206 354
f 279 355 349
f 356 208 357
f 356 357 355
f 356 355 279
f 358 279 276
f 358 286 176
f 358 287 286
f 358 276 287
f 358 176 208
f 358 208 356
f 358 356 279
f 359 224 360
f 361 225 359
f 359 225 224
f 361 226 225
f 360 223 362
f 224 223 360
f 363 227 361
f 361 227 226
f 364 209 363
f 363 209 227
f 223 222 362
f 222 365 362
f 366 210 364
f 364 210 209
f 222 221 365
f 221 367 365
f 366 211 210
f 221 220 367
f 366 368 211
f 220 369 367
f 368 212 211
f 220 219 369
f 368 370 212
f 219 371 369
f 218 372 219
f 219 372 371
f 212 373 213
f 370 373 212
f 217 374 218
f 218 374 372
f 213 375 214
f 373 375 213
f 216 376 217
f 217 376 374
f 375 377 214
f 214 377 215
f 377 378 215
f 216 378 376
f 215 378 216
f 379 145 228
f 228 145 147
f 380 146 379
f 379 146 145
f 229 142 380
f 380 142 146
f 381 237 236
f 381 234 237
f 381 156 234
f 381 236 240
f 382 228 156
f 382 240 383
f 382 383 384
f 382 384 228
f 382 156 381
f 382 381 240
f 385 247 386
f 385 386 387
f 385 387 230
f 385 230 229
f 385 229 388
f 385 388 389
f 385 389 240
f 385 240 247
f 390 138 230
f 391 139 390
f 390 139 138
f 232 137 391
f 391 137 139
f 232 135 137
f 392 393 233
f 392 233 232
f 248 394 395
f 247 248 395
f 396 394 393
f 396 392 395
f 396 393 392
f 396 395 394
f 233 397 231
f 398 399 397
f 398 397 233
f 400 399 398
f 401 402 399
f 401 399 400
f 349 282 279
f 282 332 336
f 349 332 282
f 281 301 303
f 283 299 301
f 283 301 281
f 284 297 299
f 284 299 283
f 285 297 284
f 403 297 285
f 404 296 297
f 404 297 403
f 405 291 294
f 405 294 296
f 405 296 404
f 406 289 291
f 406 291 405
f 407 288 289
f 407 289 406
f 408 290 288
f 408 288 407
f 409 290 408
f 271 409 275
f 271 290 409
f 269 292 290
f 269 290 271
f 268 292 269
f 268 293 292
f 266 295 293
f 266 293 268
f 265 295 266
f 264 298 295
f 264 295 265
f 267 300 298
f 267 298 264
f 270 302 300
f 270 300 267
f 273 304 302
f 273 302 270
f 277 306 304
f 277 304 273
f 278 305 307
f 278 307 306
f 278 306 277
f 280 303 305
f 280 305 278
f 281 303 280
f 410 263 411
f 262 263 410
f 412 263 275
f 412 275 409
f 412 409 411
f 412 411 263
f 410 261 262
f 410 413 261
f 414 415 256
f 414 256 261
f 414 413 415
f 414 261 413
f 416 256 415
f 416 415 417
f 416 417 260
f 416 260 256
f 257 372 374
f 258 371 372
f 258 372 257
f 259 371 258
f 417 369 371
f 417 259 260
f 417 371 259
f 418 367 369
f 418 369 417
f 419 362 365
f 419 365 367
f 419 367 418
f 420 360 362
f 420 362 419
f 421 359 360
f 421 360 420
f 422 359 421
f 251 359 422
f 250 361 359
f 250 359 251
f 246 363 361
f 246 361 250
f 244 363 246
f 244 364 363
f 242 366 364
f 242 364 244
f 239 368 366
f 239 366 242
f 241 370 368
f 241 368 239
f 243 375 373
f 243 373 370
f 243 370 241
f 245 375 243
f 249 377 375
f 249 375 245
f 252 378 377
f 252 377 249
f 253 376 378
f 253 378 252
f 254 376 253
f 255 374 376
f 255 376 254
f 257 374 255
f 251 401 248
f 422 401 251
f 313 308 202
f 312 308 313
f 312 423 308
f 311 423 312
f 424 342 204
f 424 343 342
f 424 341 343
f 424 204 309
f 424 309 308
f 424 423 425
f 424 425 341
f 424 308 423
f 426 427 402
f 422 402 401
f 422 421 402
f 420 323 426
f 420 426 402
f 420 402 421
f 419 323 420
f 418 323 419
f 413 320 415
f 317 320 413
f 411 314 317
f 409 314 411
f 405 311 406
f 428 320 323
f 428 418 417
f 428 323 418
f 429 417 415
f 429 415 320
f 429 428 417
f 429 320 428
f 430 317 413
f 430 411 317
f 431 413 410
f 431 410 411
f 431 411 430
f 431 430 413
f 432 407 406
f 432 408 407
f 432 311 314
f 432 406 311
f 433 409 408
f 433 432 314
f 433 408 432
f 433 314 409
f 434 405 404
f 434 423 311
f 434 425 423
f 434 341 425
f 434 311 405
f 435 404 403
f 435 403 339
f 435 339 341
f 435 434 404
f 435 341 434
f 427 426 327
f 397 327 231
f 397 427 327
f 399 427 397
f 402 427 399
f 436 323 325
f 436 325 326
f 436 326 201
f 436 201 328
f 436 328 327
f 436 426 323
f 436 327 426
f 334 339 331
f 330 344 203
f 332 437 333
f 347 438 348
f 348 438 332
f 332 438 437
f 437 438 347
f 344 439 345
f 333 439 330
f 437 439 333
f 347 439 437
f 330 439 344
f 345 440 207
f 207 440 347
f 439 440 345
f 347 440 439
f 351 354 206
f 441 354 351
f 349 442 350
f 350 442 351
f 441 442 443
f 443 442 349
f 351 442 441
f 357 208 352
f 443 444 441
f 349 444 443
f 355 445 349
f 349 445 444
f 441 446 354
f 354 446 353
f 444 446 441
f 353 447 352
f 357 447 355
f 355 447 445
f 445 447 444
f 446 447 353
f 444 447 446
f 352 447 357
f 384 379 228
f 240 448 383
f 388 449 389
f 389 449 240
f 240 449 448
f 379 450 380
f 383 450 384
f 448 450 383
f 384 450 379
f 380 451 229
f 229 451 388
f 388 451 449
f 449 451 448
f 448 451 450
f 450 451 380
f 392 232 391
f 247 452 386
f 386 452 387
f 395 453 247
f 247 453 452
f 452 453 387
f 387 454 230
f 230 454 390
f 390 455 391
f 392 455 395
f 395 455 453
f 453 455 387
f 387 455 454
f 454 455 390
f 391 455 392
f 248 401 394
f 400 393 394
f 398 233 393
f 401 456 394
f 394 456 400
f 400 457 401
f 456 457 400
f 401 457 456
f 400 458 393
f 393 458 398
f 398 459 400
f 458 459 398
f 400 459 458
f 335 339 336
f 336 339 282
f 335 331 339
f 285 460 403
f 403 460 339
f 282 460 285
f 339 460 282
f 461 462 463
f 461 463 464
f 461 464 465
f 461 465 466
f 461 466 467
f 468 469 470
f 471 468 470
f 472 471 470
f 473 472 470
f 474 473 470
f 475 476 461
f 475 477 476
f 478 467 477
f 478 477 475
f 478 461 467
f 478 475 461
f 479 469 476
f 479 470 469
f 480 477 470
f 480 470 479
f 480 476 477
f 480 479 476
f 481 482 483
f 484 485 482
f 484 482 481
f 486 487 485
f 486 485 484
f 488 489 487
f 488 487 486
f 490 469 489
f 490 489 488
f 491 476 469
f 491 469 490
f 492 461 476
f 492 476 491
f 493 462 461
f 493 461 492
f 494 495 496
f 477 467 497
f 498 495 494
f 499 494 500
f 499 498 494
f 501 499 500
f 502 503 474
f 502 470 477
f 502 474 470
f 502 477 497
f 504 501 505
f 504 499 501
f 506 505 507
f 506 507 503
f 506 504 505
f 506 503 502
f 464 463 465
f 465 462 466
f 463 462 465
f 462 467 466
f 462 508 467
f 462 509 508
f 462 510 509
f 467 511 497
f 508 511 467
f 462 512 510
f 462 513 512
f 511 514 497
f 497 515 516
f 516 515 517
f 517 515 518
f 514 515 497
f 515 519 518
f 513 493 520
f 520 493 521
f 462 493 513
f 493 522 521
f 523 524 493
f 524 525 493
f 525 526 493
f 526 527 493
f 493 527 522
f 527 528 522
f 529 530 519
f 519 530 518
f 531 532 533
f 530 532 531
f 534 532 529
f 529 532 530
f 527 535 528
f 528 535 536
f 534 537 532
f 538 537 539
f 539 537 534
f 535 540 536
f 537 541 542
f 538 543 537
f 537 543 541
f 544 543 538
f 540 545 536
f 544 546 543
f 545 546 536
f 536 546 544
f 547 548 549
f 547 549 550
f 547 550 551
f 547 551 552
f 547 552 553
f 554 547 553
f 555 547 554
f 556 555 554
f 481 555 556
f 484 481 557
f 558 484 557
f 488 486 559
f 560 488 559
f 491 490 561
f 562 491 561
f 492 491 562
f 563 492 562
f 493 492 563
f 523 493 563
f 524 523 563
f 525 524 563
f 526 525 563
f 527 526 563
f 564 557 481
f 565 556 557
f 565 481 556
f 565 557 564
f 565 564 481
f 566 486 484
f 566 484 558
f 567 558 559
f 567 566 558
f 567 486 566
f 567 559 486
f 568 490 488
f 568 560 561
f 568 488 560
f 568 561 490
f 547 569 548
f 547 570 569
f 555 571 570
f 555 570 547
f 481 483 571
f 481 571 555
f 503 469 468
f 503 468 471
f 503 471 472
f 503 472 473
f 503 473 474
f 489 469 503
f 507 489 503
f 487 489 507
f 485 487 505
f 500 483 482
f 500 482 501
f 494 571 500
f 570 571 494
f 572 569 570
f 573 572 570
f 574 573 570
f 575 574 570
f 496 570 494
f 496 575 570
f 576 487 507
f 576 505 487
f 577 507 505
f 577 576 507
f 577 505 576
f 578 482 485
f 578 501 482
f 579 505 501
f 579 578 485
f 579 501 578
f 579 485 505
f 580 571 483
f 580 483 500
f 580 500 571
f 581 495 582
f 582 495 498
f 583 584 581
f 581 584 495
f 583 585 584
f 583 586 585
f 587 506 502
f 587 588 589
f 587 590 588
f 587 591 590
f 587 592 591
f 587 502 592
f 593 498 499
f 594 593 499
f 595 594 499
f 596 595 499
f 597 499 598
f 597 596 499
f 599 504 506
f 599 600 504
f 601 587 600
f 601 506 587
f 601 600 599
f 601 599 506
f 602 499 504
f 602 598 499
f 603 600 598
f 603 602 504
f 603 598 602
f 603 504 600
f 497 604 502
f 516 605 497
f 497 605 604
f 517 606 516
f 518 606 517
f 516 606 605
f 607 608 609
f 610 608 607
f 609 611 586
f 586 611 612
f 608 613 609
f 609 613 611
f 584 614 495
f 585 614 584
f 586 614 585
f 612 614 586
f 608 615 613
f 616 617 608
f 608 617 615
f 614 618 495
f 619 620 616
f 620 621 616
f 618 496 495
f 616 622 617
f 621 622 616
f 496 569 575
f 575 569 574
f 574 569 573
f 573 569 572
f 618 623 496
f 496 623 569
f 621 624 622
f 623 625 569
f 625 626 569
f 621 627 624
f 624 627 628
f 627 629 628
f 626 630 569
f 629 631 628
f 631 632 628
f 628 632 633
f 633 632 634
f 632 553 634
f 630 548 569
f 553 548 634
f 634 548 635
f 635 548 636
f 636 548 637
f 637 548 630
f 553 552 548
f 548 551 549
f 549 551 550
f 552 551 548
f 638 512 513
f 639 509 510
f 639 510 512
f 639 512 638
f 640 508 509
f 640 509 639
f 641 511 508
f 641 508 640
f 642 514 511
f 642 511 641
f 643 515 514
f 643 514 642
f 644 519 515
f 644 515 643
f 645 529 519
f 645 519 644
f 646 529 645
f 647 534 529
f 647 529 646
f 648 534 647
f 648 539 534
f 649 538 539
f 649 539 648
f 650 544 538
f 650 538 649
f 651 536 544
f 651 544 650
f 652 528 536
f 652 536 651
f 653 522 528
f 653 528 652
f 654 521 522
f 654 522 653
f 655 520 521
f 655 521 654
f 656 513 520
f 656 520 655
f 638 513 656
f 563 657 535
f 563 535 527
f 562 657 563
f 561 657 562
f 658 657 561
f 560 658 561
f 559 658 560
f 659 658 559
f 558 659 559
f 660 558 557
f 556 660 557
f 632 554 553
f 661 556 554
f 661 554 632
f 661 660 556
f 660 659 558
f 546 662 543
f 663 664 662
f 663 662 546
f 537 665 532
f 537 666 665
f 667 518 530
f 667 606 518
f 668 596 597
f 668 595 596
f 582 594 595
f 582 593 594
f 582 498 593
f 582 668 669
f 582 595 668
f 670 669 671
f 581 582 669
f 581 669 670
f 672 581 670
f 583 581 672
f 583 673 586
f 586 673 609
f 671 674 675
f 668 676 669
f 669 676 671
f 671 676 674
f 674 677 675
f 597 678 668
f 668 678 676
f 677 679 675
f 597 680 678
f 597 681 680
f 682 683 679
f 679 683 675
f 682 684 683
f 684 685 683
f 681 598 686
f 686 598 687
f 597 598 681
f 598 688 687
f 598 689 688
f 689 690 691
f 691 690 692
f 692 690 693
f 693 690 694
f 600 690 598
f 598 690 689
f 600 695 690
f 600 696 695
f 587 696 600
f 587 697 698
f 698 699 587
f 587 700 697
f 699 701 587
f 587 702 696
f 701 702 587
f 701 703 702
f 587 589 700
f 700 589 704
f 703 705 702
f 589 706 704
f 707 706 589
f 707 708 706
f 705 709 702
f 708 710 706
f 711 710 708
f 711 712 710
f 712 713 714
f 711 713 712
f 713 715 714
f 716 717 718
f 718 717 719
f 715 720 716
f 713 720 715
f 716 720 717
f 708 721 711
f 605 606 722
f 588 707 589
f 590 707 588
f 590 604 707
f 591 604 590
f 592 604 591
f 502 604 592
f 723 604 605
f 723 722 721
f 723 708 707
f 723 721 708
f 723 605 722
f 723 707 604
f 724 615 617
f 725 611 613
f 725 613 615
f 725 615 724
f 726 612 611
f 726 611 725
f 727 614 612
f 727 612 726
f 728 618 614
f 728 614 727
f 729 623 618
f 729 618 728
f 730 625 623
f 730 623 729
f 731 626 625
f 731 625 730
f 732 626 731
f 733 630 626
f 733 626 732
f 734 630 733
f 734 637 630
f 735 636 637
f 735 637 734
f 736 635 636
f 736 636 735
f 737 634 635
f 737 635 736
f 738 633 634
f 738 634 737
f 739 628 633
f 739 633 738
f 740 624 628
f 740 628 739
f 741 622 624
f 741 624 740
f 742 617 622
f 742 622 741
f 724 617 742
f 743 616 608
f 744 616 743
f 745 746 627
f 745 627 621
f 745 747 746
f 748 644 749
f 750 645 748
f 748 645 644
f 750 646 645
f 749 643 751
f 644 643 749
f 752 647 750
f 750 647 646
f 753 648 752
f 752 648 647
f 643 642 751
f 642 754 751
f 755 649 753
f 753 649 648
f 642 641 754
f 641 756 754
f 755 650 649
f 641 640 756
f 755 757 650
f 640 758 756
f 757 651 650
f 640 639 758
f 757 759 651
f 639 760 758
f 638 761 639
f 639 761 760
f 651 762 652
f 759 762 651
f 656 763 638
f 638 763 761
f 652 764 653
f 762 764 652
f 655 765 656
f 656 765 763
f 764 766 653
f 653 766 654
f 655 767 765
f 766 767 654
f 654 767 655
f 768 535 657
f 769 540 768
f 768 540 535
f 769 545 540
f 663 546 769
f 769 546 545
f 770 771 772
f 770 773 771
f 770 661 773
f 770 772 774
f 770 660 661
f 775 660 770
f 775 774 660
f 775 770 774
f 776 774 777
f 776 659 660
f 776 660 774
f 778 659 776
f 778 777 659
f 778 776 777
f 779 658 659
f 779 777 780
f 779 659 777
f 781 779 780
f 781 658 779
f 781 780 658
f 782 657 658
f 782 780 783
f 782 658 780
f 784 783 785
f 784 785 786
f 784 786 657
f 784 782 783
f 784 657 782
f 787 627 746
f 787 629 627
f 788 631 787
f 787 631 629
f 661 632 788
f 788 632 631
f 789 543 662
f 790 541 789
f 789 541 543
f 666 542 790
f 790 542 541
f 666 537 542
f 791 792 717
f 791 717 720
f 664 793 794
f 662 664 794
f 795 793 792
f 795 791 794
f 795 792 791
f 795 794 793
f 796 797 798
f 799 797 796
f 800 801 797
f 800 797 799
f 664 663 801
f 664 801 800
f 802 532 665
f 803 533 802
f 802 533 532
f 667 531 803
f 803 531 533
f 667 530 531
f 804 666 805
f 804 805 806
f 804 806 720
f 804 720 713
f 804 713 807
f 804 807 808
f 804 808 665
f 804 665 666
f 809 722 606
f 809 721 722
f 809 711 721
f 809 606 667
f 809 713 711
f 810 667 811
f 810 811 812
f 810 812 713
f 810 713 809
f 810 809 667
f 675 813 814
f 815 814 816
f 815 816 673
f 815 675 814
f 817 815 673
f 817 673 583
f 817 583 672
f 817 672 670
f 817 670 671
f 817 671 675
f 817 675 815
f 610 818 608
f 608 818 743
f 607 819 610
f 610 819 818
f 609 820 607
f 607 820 819
f 609 673 820
f 675 683 813
f 813 683 821
f 821 683 822
f 719 796 823
f 719 717 796
f 715 753 752
f 716 755 753
f 716 753 715
f 718 757 755
f 718 755 716
f 719 757 718
f 823 757 719
f 824 762 759
f 824 759 757
f 824 757 823
f 825 764 762
f 825 762 824
f 826 766 764
f 826 764 825
f 827 767 766
f 827 766 826
f 828 765 767
f 828 767 827
f 829 765 828
f 705 829 709
f 705 765 829
f 703 763 765
f 703 765 705
f 701 763 703
f 701 761 763
f 699 760 761
f 699 761 701
f 698 758 760
f 698 760 699
f 697 756 758
f 697 758 698
f 700 756 697
f 704 754 756
f 704 756 700
f 706 751 754
f 706 754 704
f 710 748 749
f 710 749 751
f 710 751 706
f 712 750 748
f 712 748 710
f 714 752 750
f 714 750 712
f 715 752 714
f 830 831 702
f 830 702 709
f 830 709 829
f 830 829 831
f 832 696 833
f 695 696 832
f 834 702 831
f 834 831 833
f 834 696 702
f 834 833 696
f 832 690 695
f 832 835 690
f 836 835 837
f 836 837 694
f 836 694 690
f 836 690 835
f 692 838 839
f 692 839 691
f 693 840 838
f 693 838 692
f 837 693 694
f 837 840 693
f 841 842 843
f 841 843 840
f 841 840 837
f 844 845 846
f 844 846 842
f 844 842 841
f 847 848 845
f 847 845 844
f 849 850 848
f 849 848 847
f 851 850 849
f 685 850 851
f 684 852 850
f 684 850 685
f 682 853 852
f 682 852 684
f 679 853 682
f 679 854 853
f 677 855 856
f 677 856 854
f 677 854 679
f 674 857 855
f 674 855 677
f 676 858 857
f 676 857 674
f 678 859 858
f 678 858 676
f 680 860 859
f 680 859 678
f 681 861 860
f 681 860 680
f 686 861 681
f 687 862 861
f 687 861 686
f 688 862 687
f 689 839 862
f 689 862 688
f 691 839 689
f 861 730 860
f 862 731 861
f 861 731 730
f 862 732 731
f 860 729 859
f 730 729 860
f 839 733 862
f 862 733 732
f 838 734 839
f 839 734 733
f 729 728 859
f 728 858 859
f 840 735 838
f 838 735 734
f 728 727 858
f 727 857 858
f 840 736 735
f 727 726 857
f 840 843 736
f 726 855 857
f 843 737 736
f 726 725 855
f 843 842 737
f 725 856 855
f 724 854 725
f 725 854 856
f 737 846 738
f 842 846 737
f 742 853 724
f 724 853 854
f 738 845 739
f 846 845 738
f 741 852 742
f 742 852 853
f 845 848 739
f 739 848 740
f 741 850 852
f 848 850 740
f 740 850 741
f 863 616 744
f 864 619 863
f 863 619 616
f 745 620 864
f 864 620 619
f 745 621 620
f 865 821 866
f 865 866 867
f 865 867 744
f 865 744 743
f 865 743 868
f 865 868 869
f 865 869 813
f 865 813 821
f 870 871 872
f 873 874 875
f 873 875 876
f 873 876 746
f 873 746 747
f 873 747 877
f 873 877 870
f 873 872 874
f 873 870 872
f 878 821 822
f 879 880 821
f 879 821 878
f 871 880 879
f 877 745 881
f 747 745 877
f 882 881 880
f 882 870 877
f 882 871 870
f 882 880 871
f 882 877 881
f 797 883 798
f 797 769 883
f 801 769 797
f 663 769 801
f 884 785 783
f 884 786 785
f 884 657 786
f 884 783 885
f 884 885 883
f 884 769 768
f 884 768 657
f 884 883 769
f 798 823 796
f 783 824 885
f 885 824 883
f 883 824 798
f 798 824 823
f 783 825 824
f 783 826 825
f 783 827 826
f 827 780 828
f 783 780 827
f 777 833 780
f 777 832 833
f 774 837 835
f 772 847 844
f 828 886 829
f 780 886 828
f 833 886 780
f 829 887 831
f 831 887 833
f 833 887 886
f 886 887 829
f 774 888 777
f 832 888 835
f 777 888 832
f 835 888 774
f 772 889 774
f 841 889 844
f 774 889 837
f 844 889 772
f 837 890 841
f 889 890 837
f 841 890 889
f 874 891 892
f 892 891 893
f 893 891 772
f 772 891 847
f 872 894 874
f 847 894 849
f 849 894 851
f 851 894 872
f 874 894 891
f 891 894 847
f 771 893 772
f 771 788 893
f 773 788 771
f 661 788 773
f 895 875 874
f 895 876 875
f 895 746 876
f 895 874 892
f 895 892 893
f 895 788 787
f 895 787 746
f 895 893 788
f 794 789 662
f 720 896 791
f 805 897 806
f 806 897 720
f 720 897 896
f 896 897 805
f 791 898 794
f 789 898 790
f 805 898 896
f 896 898 791
f 794 898 789
f 666 899 805
f 790 899 666
f 805 899 898
f 898 899 790
f 717 792 796
f 792 793 799
f 793 664 800
f 796 900 799
f 792 900 796
f 799 900 792
f 799 901 800
f 901 902 800
f 800 902 793
f 793 902 799
f 799 902 901
f 811 667 803
f 713 903 807
f 807 903 808
f 812 904 713
f 713 904 903
f 665 905 802
f 808 905 665
f 903 905 808
f 802 906 803
f 811 906 812
f 812 906 904
f 904 906 903
f 905 906 802
f 903 906 905
f 803 906 811
f 816 820 673
f 813 907 814
f 909 908 910
f 910 908 813
f 813 908 907
f 814 911 816
f 820 911 819
f 907 911 814
f 816 911 820
f 819 912 818
f 818 912 909
f 909 912 908
f 907 912 911
f 908 912 907
f 911 912 819
f 869 868 909
f 868 818 909
f 868 743 818
f 910 913 909
f 813 913 910
f 869 913 813
f 909 913 869
f 881 745 864
f 821 914 866
f 866 914 867
f 880 915 821
f 821 915 914
f 914 915 867
f 744 916 863
f 867 916 744
f 863 917 864
f 881 917 880
f 880 917 915
f 915 917 867
f 916 917 863
f 867 917 916
f 864 917 881
f 871 879 872
f 683 872 822
f 822 872 878
f 878 872 879
f 872 918 851
f 851 918 685
f 685 918 683
f 683 918 872
f 919 920 921
f 919 921 922
f 923 919 922
f 924 923 922
f 925 926 927
f 925 927 924
f 925 922 928
f 925 924 922
f 929 930 931
f 929 931 932
f 929 932 933
f 929 933 934
f 929 934 926
f 929 926 925
f 935 925 936
f 935 936 937
f 935 929 925
f 938 935 937
f 939 940 930
f 939 930 929
f 939 935 938
f 939 929 935
f 941 928 942
f 941 942 943
f 941 939 938
f 941 936 925
f 941 925 928
f 941 937 936
f 941 938 937
f 944 943 945
f 944 945 946
f 944 946 947
f 944 947 948
f 944 948 949
f 944 949 950
f 944 950 951
f 944 951 940
f 944 940 939
f 944 941 943
f 944 939 941
f 952 926 953
f 954 926 952
f 955 927 926
f 955 926 954
f 955 956 924
f 924 956 923
f 955 924 927
f 957 956 958
f 957 958 921
f 957 919 923
f 957 920 919
f 957 921 920
f 957 923 956
f 959 960 961
f 960 962 961
f 953 932 962
f 953 933 932
f 962 931 961
f 932 931 962
f 953 934 933
f 961 930 963
f 963 930 964
f 931 930 961
f 953 926 934
f 930 965 964
f 966 967 968
f 968 967 965
f 965 967 964
f 966 969 967
f 966 970 969
f 971 972 966
f 966 972 970
f 971 973 972
f 973 974 972
f 921 958 922
f 922 958 975
f 975 958 976
f 976 958 977
f 977 978 979
f 979 978 974
f 980 978 958
f 974 978 972
f 958 978 977
f 922 975 976
f 922 976 977
f 922 977 979
f 922 979 974
f 981 974 973
f 981 973 971
f 981 922 974
f 982 930 940
f 982 940 983
f 982 983 984
f 982 984 985
f 982 985 986
f 982 986 987
f 988 981 982
f 989 988 982
f 989 981 988
f 990 989 982
f 991 928 922
f 991 922 981
f 991 981 989
f 991 989 990
f 992 987 993
f 992 993 994
f 992 994 995
f 992 995 928
f 992 982 987
f 992 990 982
f 992 928 991
f 992 991 990
f 996 971 966
f 996 966 968
f 996 968 965
f 996 965 930
f 996 930 982
f 996 981 971
f 996 982 981
f 997 998 999
f 1000 998 997
f 999 948 1001
f 1002 1003 1004
f 1005 1003 1002
f 1004 1003 1006
f 998 949 999
f 999 949 948
f 998 950 949
f 1007 947 1008
f 1009 947 1007
f 1001 947 1009
f 948 947 1001
f 998 951 950
f 1006 940 998
f 998 940 951
f 1008 946 1010
f 947 946 1008
f 1010 1011 1012
f 1012 1011 1013
f 1013 1011 1014
f 1014 1011 1015
f 1003 983 1006
f 1006 983 940
f 1010 945 1011
f 946 945 1010
f 1003 984 983
f 945 943 1011
f 943 942 1011
f 1003 1016 984
f 984 1016 985
f 942 928 1011
f 1016 1017 985
f 1017 1018 985
f 1018 1019 985
f 985 1019 986
f 986 1019 987
f 1019 1020 987
f 928 1021 1011
f 1020 1021 987
f 987 1021 993
f 993 1021 994
f 994 1021 995
f 995 1021 928
f 1020 1022 1021
f 1022 1023 1021
f 1021 1023 1024
f 1024 1023 1025
f 1026 1027 956
f 1028 1027 1026
f 958 956 1027
f 1029 1030 1031
f 1032 1033 1034
f 1035 1036 1037
f 1037 1038 1039
f 1039 1038 955
f 955 1038 956
f 1036 1038 1037
f 1036 1040 1038
f 1038 1040 956
f 1035 1040 1036
f 956 1041 1034
f 1040 1041 956
f 1029 1042 1035
f 1040 1042 1041
f 1035 1042 1040
f 1041 1042 1034
f 1032 1043 1044
f 1044 1043 1045
f 1045 1043 1046
f 1046 1043 1031
f 1031 1043 1029
f 1029 1043 1042
f 1042 1043 1034
f 1034 1043 1032
f 1047 958 1027
f 1047 1027 980
f 1047 980 958
f 1048 1049 1050
f 1048 1050 1051
f 1052 1053 1049
f 1052 1049 1048
f 1054 1055 1053
f 1054 1053 1052
f 1056 1057 1055
f 1056 1055 1054
f 1058 1057 1056
f 978 980 1057
f 978 1057 1058
f 1059 978 1060
f 1059 1060 1061
f 1059 972 978
f 1062 1061 1063
f 1062 1063 1064
f 1062 1064 1065
f 1062 1065 1066
f 1062 1059 1061
f 1067 1068 1069
f 1067 1069 1070
f 1067 1070 972
f 1067 972 1059
f 1071 1066 1072
f 1071 1072 1068
f 1071 1068 1067
f 1071 1062 1066
f 1071 1067 1059
f 1071 1059 1062
f 1073 1072 1066
f 1073 1068 1072
f 970 1069 1068
f 970 1070 1069
f 970 972 1070
f 970 1068 1073
f 969 1073 1074
f 969 970 1073
f 1075 1074 1076
f 1077 969 1074
f 1077 1074 1075
f 967 969 1077
f 1078 1075 1076
f 1078 1077 1075
f 1078 967 1077
f 1078 1076 1079
f 1078 1079 1080
f 1078 1080 1081
f 1078 1081 964
f 1078 964 967
f 1082 1083 1084
f 1082 1084 1085
f 1082 1085 1086
f 1082 1086 963
f 1082 963 964
f 1082 964 1087
f 1082 1087 1088
f 1082 1088 1083
f 1089 961 963
f 1089 963 1090
f 1089 1090 1091
f 1089 1091 1092
f 1089 1092 1093
f 1089 1093 1094
f 1089 1094 1095
f 1089 1095 1096
f 1089 1096 961
f 1097 1095 1094
f 1096 1095 1097
f 959 961 1096
f 1098 1099 1100
f 960 1097 1099
f 960 1096 1097
f 960 959 1096
f 1101 960 1099
f 1101 1099 1098
f 1102 960 1101
f 962 960 1102
f 955 1098 1100
f 954 1101 1098
f 954 1098 955
f 952 1102 1101
f 952 1101 954
f 953 962 1102
f 953 1102 952
f 1103 1104 1105
f 1106 1104 1103
f 1107 1065 1108
f 1108 1065 1106
f 1106 1065 1104
f 1020 1019 1109
f 1109 1066 1110
f 1110 1066 1107
f 1019 1066 1109
f 1107 1066 1065
f 1111 1112 1011
f 1111 1113 1112
f 1114 1111 1011
f 1115 1116 1112
f 1115 1112 1113
f 1117 1118 1116
f 1117 1116 1115
f 1021 1114 1011
f 1119 1118 1117
f 1120 1114 1021
f 1121 1120 1021
f 1122 1121 1021
f 1123 1124 1125
f 1123 1125 1122
f 1123 1122 1021
f 1126 1127 1128
f 1126 1128 1118
f 1126 1118 1119
f 1129 1130 1131
f 1129 1131 1124
f 1129 1124 1123
f 1132 1133 1127
f 1132 1127 1126
f 1134 1135 1130
f 1134 1130 1129
f 1136 1137 1133
f 1136 1133 1132
f 1138 1139 1135
f 1138 1135 1134
f 1140 1139 1138
f 1141 1142 1137
f 1141 1137 1136
f 1143 1144 1139
f 1143 1139 1140
f 1145 1144 1143
f 1146 1142 1141
f 1146 1147 1142
f 1148 1149 1150
f 1151 1148 1150
f 1152 1151 1150
f 1153 1149 1148
f 1154 1144 1145
f 1155 1149 1153
f 1156 1147 1146
f 1156 1157 1147
f 1158 1144 1154
f 1159 1158 1154
f 1160 1161 1149
f 1160 1149 1155
f 1162 1152 1150
f 1163 1162 1150
f 1163 1164 1165
f 1163 1165 1162
f 1166 1157 1156
f 1166 1167 1157
f 1168 1167 1166
f 1169 1170 1167
f 1169 1167 1168
f 1171 1170 1169
f 1172 1170 1171
f 1173 1174 1161
f 1173 1161 1160
f 1175 1164 1163
f 1175 1176 1177
f 1175 1177 1164
f 1178 1176 1175
f 1178 1179 1176
f 1180 1181 1182
f 1183 1184 1181
f 1183 1181 1180
f 1185 1184 1183
f 1185 1186 1184
f 1187 1188 1189
f 1187 1189 1174
f 1187 1174 1173
f 1190 1179 1178
f 1190 1191 1179
f 1192 1193 1194
f 1192 1194 1195
f 1192 1195 1188
f 1192 1188 1187
f 1196 1191 1190
f 1196 1197 1198
f 1196 1198 1191
f 1199 1186 1185
f 1199 1172 1200
f 1199 1200 1201
f 1199 1201 1202
f 1199 1202 1186
f 1199 1170 1172
f 1203 1193 1192
f 1204 1197 1196
f 1204 1205 1197
f 1206 1207 1208
f 1209 1210 1206
f 1209 1211 1210
f 1209 1206 1208
f 1212 1205 1204
f 1212 1213 1205
f 1214 1215 1211
f 1214 1211 1209
f 1216 1213 1212
f 1217 1215 1214
f 1218 1215 1217
f 1218 1217 1219
f 1218 1219 1220
f 1218 1220 1221
f 1222 1213 1216
f 1222 1223 1213
f 1224 1218 1221
f 1225 1223 1222
f 1225 1226 1227
f 1225 1227 1228
f 1225 1228 1223
f 1229 1218 1224
f 1229 1224 1230
f 1229 1230 1226
f 1229 1226 1225
f 1231 1159 1232
f 1231 1232 1233
f 1231 1233 1234
f 1231 1234 1235
f 1236 1159 1231
f 1236 1158 1159
f 1237 1236 1231
f 1238 1181 1158
f 1238 1182 1181
f 1238 1236 1237
f 1238 1239 1182
f 1238 1240 1239
f 1238 1241 1240
f 1238 1158 1236
f 1242 1237 1231
f 1242 1238 1237
f 1243 1242 1231
f 1243 1231 1235
f 1243 1235 1244
f 1245 1242 1243
f 1246 1247 1241
f 1246 1238 1242
f 1246 1242 1245
f 1246 1241 1238
f 1248 1245 1243
f 1249 1244 1250
f 1249 1243 1244
f 1251 1248 1243
f 1251 1243 1249
f 1252 1253 1254
f 1252 1254 1193
f 1252 1249 1250
f 1252 1193 1203
f 1252 1250 1255
f 1252 1255 1253
f 1256 1251 1249
f 1257 1258 1247
f 1257 1247 1246
f 1257 1246 1245
f 1257 1245 1248
f 1257 1248 1251
f 1259 1256 1249
f 1259 1249 1252
f 1260 1252 1203
f 1260 1207 1261
f 1260 1259 1252
f 1260 1208 1207
f 1260 1203 1208
f 1262 1261 1263
f 1262 1263 1258
f 1262 1251 1256
f 1262 1258 1257
f 1262 1257 1251
f 1262 1256 1259
f 1262 1260 1261
f 1262 1259 1260
f 1008 1264 1265
f 1265 1264 1266
f 1008 1010 1264
f 1264 1267 1266
f 1267 1268 1266
f 1093 1269 1094
f 999 1270 1093
f 1093 1270 1269
f 999 1001 1270
f 1084 1083 1271
f 1083 998 1271
f 1083 1006 998
f 1079 1272 1273
f 1016 1003 1272
f 1016 1079 1076
f 1016 1272 1079
f 1019 1073 1066
f 1019 1074 1073
f 1018 1076 1019
f 1017 1076 1018
f 1016 1076 1017
f 1019 1076 1074
f 1274 1027 1028
f 1275 980 1027
f 1275 1027 1274
f 1276 980 1275
f 1057 980 1276
f 1030 1277 1031
f 1031 1278 1046
f 1277 1278 1031
f 1046 1279 1045
f 1278 1279 1046
f 1279 1280 1045
f 1045 1281 1044
f 1280 1281 1045
f 1281 1282 1044
f 1044 1283 1032
f 1282 1283 1044
f 1033 1284 1285
f 1285 1284 1283
f 1032 1284 1033
f 1283 1284 1032
f 1286 1287 1288
f 1288 1287 1033
f 1033 1287 1034
f 1034 1287 1289
f 1289 1287 1290
f 1290 1287 1286
f 1290 1291 1289
f 1286 1291 1290
f 1034 1291 956
f 956 1291 1292
f 1292 1291 1286
f 1289 1291 1034
f 1266 1293 1294
f 1266 1294 1265
f 1295 1037 1296
f 1035 1295 1297
f 1035 1037 1295
f 1298 955 1100
f 1298 1100 1293
f 1298 1293 1266
f 1299 1266 1268
f 1299 1037 1039
f 1299 1039 955
f 1299 955 1298
f 1299 1298 1266
f 1300 1268 1296
f 1300 1296 1037
f 1300 1299 1268
f 1300 1037 1299
f 1301 1297 1302
f 1301 1302 1303
f 1301 1035 1297
f 1304 1303 1305
f 1304 1029 1035
f 1304 1301 1303
f 1304 1035 1301
f 1306 1305 1029
f 1306 1029 1304
f 1306 1304 1305
f 1307 1308 1309
f 1030 1310 1311
f 1030 1311 1312
f 1030 1312 1313
f 1314 1030 1029
f 1314 1029 1315
f 1314 1315 1308
f 1314 1307 1310
f 1314 1308 1307
f 1314 1310 1030
f 1316 1104 1065
f 1316 1063 1061
f 1316 1064 1063
f 1316 1065 1064
f 1317 1060 978
f 1317 1061 1060
f 1317 978 1058
f 1317 1316 1061
f 1317 1058 1104
f 1317 1104 1316
f 1318 1319 1320
f 1318 1320 1321
f 1318 1321 1105
f 1318 1105 1104
f 1322 1056 1323
f 1322 1323 1319
f 1322 1058 1056
f 1322 1318 1104
f 1322 1319 1318
f 1322 1104 1058
f 1054 1323 1056
f 1054 1319 1323
f 1054 1320 1319
f 1054 1321 1320
f 1054 1105 1321
f 1324 1054 1052
f 1324 1105 1054
f 1325 1324 1052
f 1048 1325 1052
f 1051 1325 1048
f 1051 1050 1326
f 1327 1051 1328
f 1327 1329 1051
f 1326 1328 1051
f 1330 1051 1331
f 1331 1051 1329
f 1332 1333 1334
f 1332 1334 1335
f 1332 1335 1336
f 1053 1055 1337
f 1053 1337 1333
f 1053 1333 1332
f 1338 1339 1340
f 1341 1049 1339
f 1341 1339 1338
f 1342 1049 1341
f 1343 1049 1342
f 1050 1049 1343
f 1344 1332 1339
f 1344 1049 1053
f 1344 1053 1332
f 1344 1339 1049
f 1335 1274 1028
f 1335 1028 1336
f 1334 1274 1335
f 1333 1275 1274
f 1333 1274 1334
f 1337 1276 1275
f 1337 1275 1333
f 1055 1057 1276
f 1055 1276 1337
f 1273 1080 1079
f 1345 1273 1272
f 1345 1080 1273
f 1346 1081 1080
f 1346 1080 1345
f 1087 964 1081
f 1087 1081 1346
f 1088 1087 1346
f 1347 1088 1346
f 1083 1088 1347
f 1085 1091 1090
f 1085 1084 1091
f 1086 1090 963
f 1086 1085 1090
f 1348 1084 1348
f 1348 1348 1092
f 1348 1092 1091
f 1348 1091 1084
f 1092 1349 1093
f 1348 1350 1349
f 1348 1349 1092
f 1084 1271 1350
f 1084 1350 1348
f 1330 1325 1051
f 1330 1324 1325
f 1330 1105 1324
f 1351 1105 1330
f 1352 1105 1351
f 1353 1354 1355
f 1356 1357 1354
f 1356 1354 1353
f 1358 1357 1356
f 1359 1360 1357
f 1359 1357 1358
f 1361 1360 1359
f 1103 1352 1362
f 1103 1362 1360
f 1103 1105 1352
f 1103 1360 1361
f 1106 1103 1363
f 1106 1363 1364
f 1106 1364 1365
f 1140 1365 1366
f 1140 1366 1143
f 1140 1106 1365
f 1367 1108 1106
f 1367 1138 1108
f 1368 1140 1138
f 1368 1138 1367
f 1368 1367 1106
f 1368 1106 1140
f 1369 1107 1108
f 1369 1370 1371
f 1369 1371 1107
f 1372 1138 1134
f 1372 1134 1373
f 1372 1373 1374
f 1372 1374 1370
f 1372 1370 1369
f 1372 1108 1138
f 1372 1369 1108
f 1110 1107 1371
f 1129 1373 1134
f 1129 1374 1373
f 1022 1020 1109
f 1023 1022 1109
f 1375 1371 1370
f 1375 1110 1371
f 1376 1370 1374
f 1376 1129 1123
f 1376 1374 1129
f 1376 1375 1370
f 1377 1025 1023
f 1377 1109 1110
f 1377 1375 1376
f 1377 1110 1375
f 1377 1023 1109
f 1378 1021 1024
f 1378 1024 1025
f 1378 1123 1021
f 1378 1025 1377
f 1378 1376 1123
f 1378 1377 1376
f 1379 1380 1381
f 1379 1381 1382
f 1379 1382 1383
f 1379 1383 1384
f 1149 1384 1150
f 1149 1379 1384
f 1385 1386 1387
f 1388 1387 1174
f 1388 1385 1387
f 1389 1388 1174
f 1390 1389 1174
f 1189 1390 1174
f 1391 1392 1379
f 1391 1379 1149
f 1393 1149 1161
f 1393 1161 1392
f 1393 1391 1149
f 1393 1392 1391
f 1394 1387 1392
f 1394 1392 1161
f 1395 1161 1174
f 1395 1387 1394
f 1395 1394 1161
f 1395 1174 1387
f 1396 1397 1398
f 1254 1253 1397
f 1254 1397 1396
f 1399 1254 1396
f 1193 1254 1399
f 1400 1193 1399
f 1194 1193 1400
f 1401 1194 1400
f 1195 1194 1401
f 1402 1195 1401
f 1188 1195 1402
f 1385 1402 1386
f 1385 1188 1402
f 1388 1188 1385
f 1389 1188 1388
f 1390 1188 1389
f 1189 1188 1390
f 1403 1253 1404
f 1404 1253 1255
f 1403 1397 1253
f 1403 1398 1397
f 1405 1360 1362
f 1406 1357 1360
f 1406 1360 1405
f 1407 1408 1354
f 1407 1354 1357
f 1407 1357 1406
f 1409 1234 1410
f 1409 1410 1408
f 1409 1408 1407
f 1235 1234 1409
f 1411 1235 1409
f 1244 1235 1411
f 1412 1250 1244
f 1412 1244 1411
f 1413 1403 1404
f 1413 1404 1255
f 1413 1255 1250
f 1413 1250 1412
f 1414 1415 1416
f 1414 1416 1403
f 1414 1403 1413
f 1417 1418 1415
f 1417 1415 1414
f 1419 1420 1418
f 1419 1418 1417
f 1421 1420 1419
f 1355 1408 1422
f 1422 1408 1233
f 1408 1410 1233
f 1410 1234 1233
f 1361 1363 1103
f 1361 1364 1363
f 1361 1365 1364
f 1361 1366 1365
f 1361 1143 1366
f 1145 1361 1359
f 1145 1143 1361
f 1358 1145 1359
f 1154 1145 1358
f 1356 1154 1358
f 1159 1356 1353
f 1159 1154 1356
f 1232 1159 1353
f 1422 1353 1355
f 1422 1232 1353
f 1233 1232 1422
f 1264 1010 1012
f 1264 1012 1013
f 1264 1013 1014
f 1112 1014 1015
f 1112 1015 1011
f 1112 1264 1014
f 1423 1267 1264
f 1423 1112 1116
f 1423 1264 1112
f 1423 1116 1267
f 1424 1425 1426
f 1424 1426 1268
f 1424 1268 1267
f 1424 1267 1116
f 1427 1118 1428
f 1427 1428 1429
f 1427 1429 1425
f 1427 1116 1118
f 1427 1424 1116
f 1427 1425 1424
f 1430 1296 1268
f 1430 1428 1118
f 1430 1429 1428
f 1430 1425 1429
f 1430 1426 1425
f 1430 1268 1426
f 1430 1118 1128
f 1431 1430 1128
f 1431 1296 1430
f 1432 1128 1127
f 1432 1295 1296
f 1433 1297 1295
f 1433 1127 1133
f 1433 1295 1434
f 1433 1434 1127
f 1435 1302 1297
f 1436 1137 1437
f 1436 1437 1438
f 1436 1438 1439
f 1436 1439 1440
f 1436 1440 1303
f 1436 1303 1302
f 1436 1133 1137
f 1436 1435 1133
f 1436 1302 1435
f 1441 1432 1296
f 1441 1431 1128
f 1441 1296 1431
f 1441 1128 1432
f 1442 1295 1432
f 1442 1432 1127
f 1442 1434 1295
f 1442 1127 1434
f 1443 1297 1433
f 1443 1133 1435
f 1443 1433 1133
f 1443 1435 1297
f 1444 1445 1303
f 1444 1440 1439
f 1444 1303 1440
f 1446 1437 1137
f 1446 1438 1437
f 1446 1439 1438
f 1446 1137 1142
f 1446 1444 1439
f 1446 1445 1444
f 1446 1142 1445
f 1447 1448 1445
f 1447 1449 1450
f 1447 1450 1448
f 1447 1445 1142
f 1451 1142 1147
f 1451 1147 1452
f 1451 1452 1453
f 1451 1453 1449
f 1451 1449 1447
f 1451 1447 1142
f 1454 1450 1449
f 1454 1448 1450
f 1157 1452 1147
f 1157 1453 1452
f 1157 1449 1453
f 1157 1454 1449
f 1455 1456 1454
f 1455 1167 1456
f 1457 1157 1167
f 1457 1454 1157
f 1457 1167 1455
f 1457 1455 1454
f 1458 1459 1460
f 1458 1460 1461
f 1458 1461 1456
f 1462 1170 1463
f 1462 1463 1464
f 1462 1464 1459
f 1462 1167 1170
f 1462 1458 1456
f 1462 1459 1458
f 1462 1456 1167
f 1464 1463 1459
f 1459 1170 1460
f 1463 1170 1459
f 1170 1461 1460
f 1170 1465 1461
f 1170 1466 1465
f 1170 1467 1466
f 1461 1468 1469
f 1465 1468 1461
f 1170 1470 1467
f 1170 1471 1470
f 1468 1472 1469
f 1473 1474 1475
f 1476 1474 1473
f 1469 1474 1476
f 1472 1474 1469
f 1474 1477 1475
f 1471 1199 1478
f 1478 1199 1479
f 1479 1199 1480
f 1170 1199 1471
f 1481 1482 1477
f 1477 1482 1475
f 1483 1484 1485
f 1482 1484 1483
f 1486 1484 1481
f 1481 1484 1482
f 1480 1487 1488
f 1488 1487 1489
f 1199 1487 1480
f 1486 1490 1484
f 1491 1490 1492
f 1492 1490 1486
f 1490 1493 1494
f 1491 1493 1490
f 1495 1493 1496
f 1494 1493 1495
f 1497 1493 1491
f 1487 1498 1489
f 1498 1499 1489
f 1497 1500 1493
f 1499 1500 1489
f 1489 1500 1497
f 1501 1502 1503
f 1502 1504 1503
f 1504 1505 1503
f 1505 1506 1503
f 1199 1185 1487
f 1487 1185 1506
f 1185 1503 1506
f 1507 1263 1508
f 1509 1258 1507
f 1510 1258 1509
f 1507 1258 1263
f 1511 1247 1510
f 1510 1247 1258
f 1512 1241 1511
f 1511 1241 1247
f 1513 1514 1515
f 1513 1516 1514
f 1513 1517 1516
f 1513 1518 1517
f 1215 1519 1518
f 1215 1218 1519
f 1513 1215 1518
f 1218 1520 1521
f 1218 1522 1520
f 1218 1523 1519
f 1521 1523 1218
f 1218 1524 1522
f 1218 1525 1524
f 1523 1526 1519
f 1519 1527 1528
f 1528 1527 1529
f 1529 1527 1530
f 1526 1527 1519
f 1527 1531 1530
f 1525 1229 1532
f 1532 1229 1533
f 1533 1229 1534
f 1218 1229 1525
f 1535 1536 1229
f 1536 1537 1229
f 1537 1538 1229
f 1229 1539 1534
f 1538 1539 1229
f 1540 1541 1531
f 1531 1541 1530
f 1542 1543 1544
f 1541 1543 1542
f 1545 1543 1540
f 1540 1543 1541
f 1534 1546 1547
f 1547 1546 1548
f 1539 1546 1534
f 1545 1549 1543
f 1550 1549 1551
f 1551 1549 1545
f 1546 1552 1548
f 1549 1553 1554
f 1549 1555 1553
f 1550 1555 1549
f 1556 1555 1550
f 1552 1557 1548
f 1556 1558 1555
f 1557 1558 1548
f 1548 1558 1556
f 1559 1539 1538
f 1559 1538 1537
f 1560 1561 1562
f 1563 1564 1222
f 1216 1563 1222
f 1565 1537 1536
f 1565 1536 1535
f 1565 1559 1537
f 1566 1535 1229
f 1566 1229 1225
f 1566 1225 1565
f 1566 1565 1535
f 1567 1568 1560
f 1567 1562 1559
f 1567 1565 1225
f 1567 1560 1562
f 1567 1559 1565
f 1569 1564 1568
f 1569 1225 1222
f 1569 1567 1225
f 1569 1568 1567
f 1569 1222 1564
f 1570 1216 1212
f 1570 1571 1561
f 1570 1563 1216
f 1570 1564 1563
f 1570 1568 1564
f 1570 1560 1568
f 1570 1561 1560
f 1572 1573 1571
f 1572 1212 1204
f 1572 1571 1574
f 1572 1574 1212
f 1575 1204 1196
f 1575 1576 1573
f 1575 1573 1577
f 1575 1577 1204
f 1578 1579 1576
f 1578 1190 1580
f 1578 1580 1581
f 1578 1581 1582
f 1578 1582 1583
f 1578 1583 1579
f 1578 1196 1190
f 1578 1576 1584
f 1578 1584 1196
f 1585 1570 1212
f 1585 1571 1570
f 1585 1574 1571
f 1585 1212 1574
f 1586 1577 1573
f 1586 1204 1577
f 1586 1573 1572
f 1586 1572 1204
f 1587 1584 1576
f 1587 1196 1584
f 1587 1575 1196
f 1587 1576 1575
f 1588 1583 1582
f 1588 1579 1583
f 1178 1580 1190
f 1178 1581 1580
f 1178 1582 1581
f 1178 1588 1582
f 1589 1590 1588
f 1589 1175 1590
f 1591 1178 1175
f 1591 1175 1589
f 1591 1588 1178
f 1591 1589 1588
f 1592 1593 1594
f 1592 1594 1595
f 1592 1595 1590
f 1596 1175 1163
f 1596 1163 1597
f 1596 1597 1598
f 1596 1598 1593
f 1596 1592 1590
f 1596 1593 1592
f 1596 1590 1175
f 1599 1600 1601
f 1602 1600 1599
f 1601 1603 1604
f 1604 1603 1605
f 1600 1606 1601
f 1601 1606 1603
f 1604 1607 1608
f 1608 1607 1609
f 1609 1607 1610
f 1605 1607 1604
f 1600 1611 1606
f 1612 1613 1614
f 1614 1615 1600
f 1600 1615 1611
f 1613 1616 1614
f 1610 1617 1380
f 1607 1617 1610
f 1380 1150 1381
f 1381 1150 1382
f 1382 1150 1383
f 1383 1150 1384
f 1614 1618 1615
f 1616 1618 1614
f 1617 1619 1380
f 1380 1619 1150
f 1616 1620 1618
f 1619 1621 1150
f 1621 1622 1150
f 1620 1623 1624
f 1616 1623 1620
f 1622 1625 1150
f 1623 1626 1624
f 1626 1627 1624
f 1627 1628 1624
f 1624 1628 1629
f 1629 1628 1630
f 1628 1595 1630
f 1625 1163 1150
f 1595 1163 1630
f 1630 1163 1631
f 1631 1163 1632
f 1632 1163 1633
f 1633 1163 1625
f 1595 1594 1163
f 1163 1593 1597
f 1597 1593 1598
f 1594 1593 1163
f 1152 1148 1151
f 1152 1153 1148
f 1152 1155 1153
f 1152 1634 1155
f 1634 1160 1155
f 1634 1635 1160
f 1635 1636 1160
f 1635 1637 1636
f 1638 1639 1640
f 1641 1642 1643
f 1641 1644 1642
f 1644 1209 1642
f 1644 1214 1209
f 1214 1221 1217
f 1644 1221 1214
f 1220 1219 1221
f 1221 1219 1217
f 1638 1645 1637
f 1640 1645 1638
f 1636 1646 1640
f 1640 1646 1645
f 1645 1646 1637
f 1637 1646 1636
f 1647 1648 1649
f 1649 1648 1638
f 1638 1648 1639
f 1639 1650 1651
f 1648 1650 1639
f 1651 1650 1647
f 1647 1650 1648
f 1641 1652 1647
f 1647 1652 1651
f 1651 1653 1643
f 1641 1653 1652
f 1652 1653 1651
f 1643 1653 1641
f 1192 1639 1651
f 1187 1640 1639
f 1187 1639 1192
f 1203 1651 1643
f 1203 1192 1651
f 1208 1643 1642
f 1208 1203 1643
f 1173 1640 1187
f 1636 1640 1173
f 1209 1208 1642
f 1160 1636 1173
f 1635 1654 1655
f 1635 1655 1637
f 1634 1656 1654
f 1634 1654 1635
f 1152 1162 1656
f 1152 1656 1634
f 1164 1162 1165
f 1164 1177 1162
f 1177 1176 1162
f 1179 1656 1176
f 1176 1656 1162
f 1179 1657 1656
f 1657 1654 1656
f 1657 1658 1654
f 1658 1655 1654
f 1659 1660 1661
f 1660 1662 1663
f 1662 1664 1663
f 1665 1223 1666
f 1223 1667 1666
f 1223 1228 1667
f 1230 1224 1226
f 1226 1224 1227
f 1227 1224 1228
f 1228 1224 1667
f 1655 1668 1661
f 1659 1668 1658
f 1658 1668 1655
f 1661 1668 1659
f 1660 1669 1661
f 1663 1669 1660
f 1661 1670 1663
f 1669 1670 1661
f 1663 1670 1669
f 1664 1671 1666
f 1665 1671 1662
f 1662 1671 1664
f 1666 1671 1665
f 1660 1205 1662
f 1662 1213 1665
f 1205 1213 1662
f 1659 1197 1660
f 1660 1197 1205
f 1658 1198 1659
f 1659 1198 1197
f 1213 1223 1665
f 1657 1191 1658
f 1658 1191 1198
f 1657 1179 1191
f 1667 1224 1221
f 1644 1666 1667
f 1644 1667 1221
f 1641 1664 1666
f 1641 1666 1644
f 1647 1663 1664
f 1647 1664 1641
f 1649 1661 1663
f 1649 1663 1647
f 1638 1661 1649
f 1655 1661 1638
f 1637 1655 1638
f 1672 1673 1674
f 1674 1675 1676
f 1676 1675 1677
f 1677 1675 1678
f 1678 1675 1679
f 1673 1680 1681
f 1680 1120 1124
f 1120 1125 1124
f 1121 1122 1120
f 1120 1122 1125
f 1673 1682 1674
f 1674 1682 1675
f 1681 1682 1673
f 1675 1683 1681
f 1682 1683 1675
f 1681 1683 1682
f 1680 1684 1681
f 1124 1684 1680
f 1681 1685 1131
f 1131 1685 1124
f 1124 1685 1684
f 1684 1685 1681
f 1130 1681 1131
f 1675 1681 1130
f 1135 1675 1130
f 1679 1675 1135
f 1139 1686 1679
f 1139 1679 1135
f 1687 1686 1139
f 1144 1687 1139
f 1688 1687 1144
f 1158 1688 1144
f 1689 1688 1158
f 1181 1689 1158
f 1200 1202 1201
f 1200 1186 1202
f 1200 1184 1186
f 1200 1690 1184
f 1690 1181 1184
f 1690 1691 1181
f 1691 1689 1181
f 1692 1686 1687
f 1692 1672 1686
f 1672 1674 1686
f 1674 1676 1686
f 1676 1677 1686
f 1677 1678 1686
f 1678 1679 1686
f 1693 1694 1691
f 1691 1695 1689
f 1689 1695 1693
f 1693 1695 1694
f 1694 1695 1691
f 1696 1697 1693
f 1688 1697 1696
f 1689 1698 1688
f 1688 1698 1697
f 1697 1698 1693
f 1693 1698 1689
f 1692 1699 1696
f 1687 1699 1692
f 1688 1700 1687
f 1699 1700 1696
f 1687 1700 1699
f 1696 1700 1688
f 1701 1702 1672
f 1692 1703 1701
f 1692 1701 1672
f 1696 1704 1703
f 1696 1703 1692
f 1693 1705 1704
f 1693 1704 1696
f 1691 1706 1705
f 1691 1705 1693
f 1690 1706 1691
f 1172 1706 1690
f 1200 1172 1690
f 1168 1172 1169
f 1169 1172 1171
f 1168 1166 1172
f 1156 1706 1166
f 1166 1706 1172
f 1156 1707 1706
f 1708 1701 1703
f 1708 1709 1701
f 1709 1710 1701
f 1710 1711 1701
f 1711 1712 1701
f 1712 1713 1701
f 1713 1702 1701
f 1714 1715 1707
f 1705 1715 1714
f 1706 1716 1705
f 1707 1716 1706
f 1705 1716 1715
f 1715 1716 1707
f 1717 1718 1714
f 1704 1718 1717
f 1705 1719 1704
f 1704 1719 1718
f 1718 1719 1714
f 1714 1719 1705
f 1708 1720 1717
f 1703 1720 1708
f 1704 1721 1703
f 1703 1721 1720
f 1717 1721 1704
f 1720 1721 1717
f 1709 1126 1722
f 1722 1126 1723
f 1723 1126 1119
f 1708 1132 1709
f 1709 1132 1126
f 1708 1717 1132
f 1717 1136 1132
f 1717 1714 1136
f 1714 1141 1136
f 1714 1707 1141
f 1707 1146 1141
f 1707 1156 1146
f 1712 1722 1713
f 1711 1722 1712
f 1710 1722 1711
f 1709 1722 1710
f 1713 1724 1702
f 1722 1724 1713
f 1723 1725 1724
f 1111 1114 1113
f 1113 1114 1115
f 1115 1114 1117
f 1117 1114 1725
f 1723 1726 1722
f 1723 1727 1726
f 1722 1727 1724
f 1724 1727 1723
f 1726 1727 1722
f 1117 1728 1119
f 1119 1728 1723
f 1728 1729 1723
f 1117 1729 1728
f 1723 1729 1725
f 1725 1729 1117
f 1725 1114 1120
f 1680 1725 1120
f 1724 1725 1680
f 1673 1724 1680
f 1702 1724 1673
f 1672 1702 1673
f 1730 1008 1265
f 1731 1007 1730
f 1730 1007 1008
f 1731 1009 1007
f 1270 1001 1731
f 1731 1001 1009
f 1099 1293 1100
f 1097 1293 1099
f 1094 1269 1293
f 1094 1293 1097
f 1732 1269 1270
f 1732 1270 1731
f 1732 1731 1730
f 1732 1730 1265
f 1732 1294 1293
f 1732 1265 1294
f 1732 1293 1269
f 1349 999 1093
f 1350 997 1349
f 1349 997 999
f 1350 1000 997
f 1271 998 1350
f 1350 998 1000
f 1347 1006 1083
f 1347 1004 1006
f 1346 1004 1347
f 1346 1002 1004
f 1345 1005 1346
f 1346 1005 1002
f 1272 1003 1345
f 1345 1003 1005
f 1288 1733 1285
f 1285 1733 1033
f 1033 1733 1288
f 1734 1735 1736
f 1310 1307 1737
f 1030 1738 1277
f 1277 1738 1739
f 1739 1738 1740
f 1311 1738 1312
f 1312 1738 1313
f 1313 1738 1030
f 1740 1741 1742
f 1310 1741 1311
f 1738 1741 1740
f 1311 1741 1738
f 1742 1743 1744
f 1741 1743 1742
f 1310 1743 1741
f 1744 1745 1734
f 1735 1745 1737
f 1743 1745 1744
f 1734 1745 1735
f 1737 1745 1310
f 1310 1745 1743
f 1281 1280 1282
f 1280 1279 1282
f 1282 1278 1283
f 1279 1278 1282
f 1278 1277 1283
f 1277 1739 1283
f 1283 1746 1285
f 1740 1747 1739
f 1739 1747 1283
f 1283 1747 1746
f 1740 1748 1747
f 1740 1749 1748
f 1746 1750 1285
f 1285 1750 1288
f 1288 1750 1286
f 1751 1750 1752
f 1752 1750 1746
f 1286 1750 1751
f 1753 1754 1755
f 1753 1756 1754
f 1753 1757 1756
f 1758 1753 1755
f 1340 1753 1758
f 1339 1753 1340
f 1292 1332 1336
f 1292 1339 1332
f 1759 1753 1339
f 1760 1753 1759
f 1761 1759 1339
f 1762 1753 1760
f 1763 1753 1762
f 1764 1339 1292
f 1764 1761 1339
f 1765 1753 1763
f 1766 1764 1292
f 1767 1766 1292
f 1768 1767 1292
f 1769 1768 1292
f 1286 1769 1292
f 1286 1770 1771
f 1286 1771 1772
f 1286 1772 1773
f 1286 1773 1774
f 1286 1774 1775
f 1286 1775 1769
f 1776 1765 1777
f 1776 1753 1765
f 1778 1777 1770
f 1779 1776 1777
f 1779 1777 1778
f 1780 1770 1286
f 1780 1778 1770
f 1781 1776 1779
f 1782 1776 1781
f 1783 1780 1286
f 1784 1785 1776
f 1784 1786 1785
f 1787 1776 1782
f 1788 1783 1286
f 1789 1784 1776
f 1789 1776 1787
f 1790 1788 1286
f 1791 1784 1789
f 1792 1790 1286
f 1793 1784 1791
f 1794 1792 1286
f 1795 1793 1796
f 1795 1796 1797
f 1795 1784 1793
f 1751 1797 1798
f 1751 1798 1799
f 1751 1799 1794
f 1751 1794 1286
f 1751 1795 1797
f 956 1336 1026
f 1026 1336 1028
f 956 1292 1336
f 1308 1800 1801
f 1308 1801 1309
f 1315 1802 1800
f 1315 1800 1308
f 1029 1305 1802
f 1029 1802 1315
f 1454 1305 1448
f 1448 1305 1445
f 1445 1305 1303
f 1461 1469 1456
f 1456 1469 1454
f 1454 1469 1305
f 1801 1803 1309
f 1309 1803 1307
f 1475 1482 1801
f 1801 1482 1803
f 1804 1805 1806
f 1804 1807 1805
f 1804 1808 1807
f 1805 1809 1806
f 1804 1810 1808
f 1804 1811 1810
f 1809 1812 1806
f 1813 1814 1815
f 1815 1814 1812
f 1812 1814 1806
f 1814 1816 1817
f 1818 1819 1820
f 1820 1819 1821
f 1821 1819 1822
f 1822 1819 1813
f 1813 1819 1814
f 1814 1819 1816
f 1823 1824 1825
f 1824 1826 1825
f 1827 1828 1829
f 1824 1830 1826
f 1828 1831 1829
f 1828 1832 1831
f 1828 1833 1832
f 1831 1834 1829
f 1829 1834 1835
f 1836 1837 1828
f 1828 1837 1833
f 1838 1839 1836
f 1836 1839 1837
f 1834 1840 1835
f 1835 1840 1841
f 1842 1843 1838
f 1844 1843 1842
f 1838 1843 1839
f 1840 1845 1841
f 1841 1845 1846
f 1826 1847 1844
f 1830 1847 1826
f 1844 1847 1843
f 1818 1848 1819
f 1846 1848 1818
f 1845 1848 1846
f 1327 1849 1830
f 1830 1849 1847
f 1848 1850 1819
f 1849 1328 1851
f 1851 1328 1852
f 1852 1328 1853
f 1327 1328 1849
f 1853 1854 1855
f 1855 1854 1856
f 1856 1854 1857
f 1857 1854 1850
f 1850 1854 1819
f 1328 1854 1853
f 1328 1858 1854
f 1859 1860 1861
f 1861 1860 1328
f 1328 1860 1858
f 1804 1828 1811
f 1811 1828 1862
f 1862 1828 1827
f 1863 1861 1326
f 1326 1861 1328
f 1864 1859 1863
f 1863 1859 1861
f 1865 1860 1866
f 1866 1860 1864
f 1864 1860 1859
f 1867 1858 1865
f 1865 1858 1860
f 1867 1854 1858
f 1338 1340 1758
f 1868 1338 1758
f 1341 1338 1868
f 1869 1341 1868
f 1870 1343 1342
f 1870 1342 1871
f 1326 1050 1343
f 1326 1343 1870
f 1872 1342 1341
f 1872 1869 1871
f 1872 1341 1869
f 1872 1871 1342
f 1830 1329 1327
f 1873 1331 1329
f 1873 1330 1331
f 1873 1329 1830
f 1874 1351 1330
f 1874 1330 1873
f 1875 1352 1351
f 1875 1351 1874
f 1405 1362 1352
f 1405 1352 1875
f 1408 1355 1354
f 1876 1386 1877
f 1878 1387 1876
f 1876 1387 1386
f 1878 1879 1387
f 1879 1392 1387
f 1879 1379 1392
f 1379 1610 1380
f 1879 1610 1379
f 1880 1881 1882
f 1880 1882 1877
f 1883 1880 1877
f 1884 1883 1877
f 1386 1884 1877
f 1420 1884 1386
f 1418 1386 1402
f 1418 1420 1386
f 1401 1418 1402
f 1415 1401 1400
f 1415 1418 1401
f 1399 1415 1400
f 1416 1399 1396
f 1416 1415 1399
f 1398 1416 1396
f 1880 1885 1881
f 1398 1403 1416
f 1419 1886 1421
f 1419 1887 1886
f 1417 1888 1887
f 1417 1887 1419
f 1414 1889 1888
f 1414 1888 1417
f 1413 1890 1889
f 1413 1889 1414
f 1412 1891 1890
f 1412 1890 1413
f 1411 1892 1891
f 1411 1891 1412
f 1409 1893 1892
f 1409 1892 1411
f 1407 1893 1409
f 1406 1894 1893
f 1406 1893 1407
f 1405 1895 1894
f 1405 1894 1406
f 1471 1896 1897
f 1478 1898 1896
f 1478 1896 1471
f 1479 1899 1898
f 1479 1898 1478
f 1480 1900 1899
f 1480 1899 1479
f 1488 1901 1900
f 1488 1900 1480
f 1489 1902 1901
f 1489 1901 1488
f 1497 1903 1902
f 1497 1902 1489
f 1491 1904 1903
f 1491 1903 1497
f 1492 1905 1904
f 1492 1904 1491
f 1486 1905 1492
f 1486 1906 1905
f 1481 1907 1908
f 1481 1908 1906
f 1481 1906 1486
f 1477 1909 1907
f 1477 1907 1481
f 1474 1910 1909
f 1474 1909 1477
f 1472 1911 1910
f 1472 1910 1474
f 1468 1912 1911
f 1468 1911 1472
f 1465 1913 1912
f 1465 1912 1468
f 1466 1914 1913
f 1466 1913 1465
f 1467 1914 1466
f 1470 1897 1914
f 1470 1914 1467
f 1471 1897 1470
f 1506 1498 1487
f 1915 1498 1506
f 1916 1499 1915
f 1915 1499 1498
f 1917 1500 1916
f 1916 1500 1499
f 1493 1500 1917
f 1493 1917 1918
f 1490 1919 1484
f 1484 1919 1920
f 1919 1921 1920
f 1922 1501 1923
f 1502 1501 1922
f 1917 1916 1924
f 1925 1502 1926
f 1926 1502 1922
f 1915 1505 1916
f 1915 1506 1505
f 1924 1927 1928
f 1916 1927 1924
f 1505 1927 1916
f 1928 1929 1925
f 1504 1929 1505
f 1502 1929 1504
f 1927 1929 1928
f 1505 1929 1927
f 1925 1929 1502
f 1512 1930 1931
f 1512 1931 1932
f 1512 1932 1933
f 1934 1512 1933
f 1935 1512 1934
f 1936 1503 1185
f 1936 1185 1183
f 1936 1183 1180
f 1936 1180 1182
f 1936 1182 1239
f 1936 1239 1240
f 1936 1240 1241
f 1936 1241 1512
f 1936 1935 1503
f 1936 1512 1935
f 1937 1920 1938
f 1938 1920 1921
f 1939 1511 1510
f 1923 1940 1941
f 1941 1940 1937
f 1937 1940 1920
f 1511 1942 1512
f 1943 1942 1944
f 1944 1942 1939
f 1939 1942 1511
f 1933 1945 1934
f 1512 1946 1930
f 1930 1946 1931
f 1931 1946 1932
f 1932 1946 1933
f 1942 1946 1512
f 1933 1946 1945
f 1946 1947 1945
f 1934 1948 1935
f 1935 1948 1503
f 1503 1948 1501
f 1501 1948 1923
f 1940 1948 1945
f 1923 1948 1940
f 1945 1948 1934
f 1949 1950 1951
f 1952 1953 1949
f 1949 1953 1950
f 1952 1954 1953
f 1952 1955 1954
f 1956 1957 1958
f 1959 1960 1956
f 1957 1960 1961
f 1961 1960 1962
f 1962 1960 1508
f 1956 1960 1957
f 1508 1963 1507
f 1960 1963 1508
f 1507 1964 1509
f 1963 1964 1507
f 1963 1965 1964
f 1963 1943 1965
f 1956 1966 1952
f 1955 1966 1515
f 1515 1966 1513
f 1513 1966 1967
f 1967 1966 1958
f 1952 1966 1955
f 1958 1966 1956
f 1961 1962 1508
f 1957 1961 1508
f 1958 1957 1508
f 1967 1958 1508
f 1968 1508 1263
f 1968 1263 1261
f 1968 1261 1207
f 1968 1207 1206
f 1968 1206 1210
f 1968 1210 1211
f 1968 1211 1215
f 1968 1215 1513
f 1968 1513 1967
f 1968 1967 1508
f 1528 1518 1519
f 1529 1969 1528
f 1528 1969 1518
f 1530 1970 1529
f 1529 1970 1969
f 1530 1971 1970
f 1969 1517 1518
f 1970 1517 1969
f 1971 1972 1970
f 1973 1974 1514
f 1975 1976 1977
f 1977 1976 1972
f 1970 1976 1517
f 1972 1976 1970
f 1516 1978 1514
f 1517 1978 1516
f 1973 1978 1975
f 1976 1978 1517
f 1975 1978 1976
f 1514 1978 1973
f 1974 1515 1514
f 1974 1955 1515
f 1525 1979 1980
f 1532 1981 1979
f 1532 1979 1525
f 1533 1982 1981
f 1533 1981 1532
f 1534 1983 1982
f 1534 1982 1533
f 1547 1984 1983
f 1547 1983 1534
f 1548 1985 1984
f 1548 1984 1547
f 1556 1986 1985
f 1556 1985 1548
f 1550 1987 1986
f 1550 1986 1556
f 1551 1988 1987
f 1551 1987 1550
f 1545 1988 1551
f 1545 1989 1988
f 1540 1990 1991
f 1540 1991 1989
f 1540 1989 1545
f 1531 1992 1990
f 1531 1990 1540
f 1527 1993 1992
f 1527 1992 1531
f 1526 1994 1993
f 1526 1993 1527
f 1523 1995 1994
f 1523 1994 1526
f 1521 1996 1995
f 1521 1995 1523
f 1520 1997 1996
f 1520 1996 1521
f 1522 1997 1520
f 1524 1980 1997
f 1524 1997 1522
f 1525 1980 1524
f 1998 1562 1561
f 1998 1559 1562
f 1998 1546 1559
f 1546 1539 1559
f 1999 2000 2001
f 1999 2002 2000
f 1999 1555 2002
f 1555 1558 2002
f 1549 2003 1543
f 2003 1949 1951
f 1549 1949 2003
f 1530 1541 2004
f 1530 2004 1971
f 1573 2005 1571
f 2006 1573 1576
f 2007 2008 2009
f 2006 2005 1573
f 2010 2011 1998
f 2012 2005 2011
f 2012 1998 1561
f 2012 2010 1998
f 2012 2011 2010
f 2013 1561 1571
f 2013 2005 2012
f 2013 1571 2005
f 2013 2012 1561
f 2014 1576 1579
f 2014 1579 2008
f 2014 2006 1576
f 2015 2016 2017
f 2015 2017 2006
f 2015 2014 2008
f 2015 2006 2014
f 2018 2007 2019
f 2018 2019 2016
f 2018 2016 2015
f 2018 2008 2007
f 2018 2015 2008
f 1579 1588 2008
f 1588 1590 2008
f 1590 2009 2008
f 1590 1595 2009
f 1595 1628 2009
f 2020 2021 2022
f 2020 2022 2023
f 2020 2023 2024
f 2025 2026 2027
f 2025 2027 2028
f 2025 2028 2029
f 2030 2031 2032
f 2030 2032 2033
f 2030 2033 2034
f 2030 2034 2026
f 2030 2026 2025
f 2035 2029 1615
f 2035 1615 1618
f 2035 1618 1620
f 2035 1620 1624
f 2035 1624 1629
f 2035 2025 2029
f 2036 2025 2035
f 2036 2035 1629
f 2037 1629 1630
f 2037 1630 1631
f 2037 1631 1632
f 2037 2036 1629
f 2038 2025 2036
f 2038 2036 2037
f 2039 1625 2020
f 2039 2024 2031
f 2039 2020 2024
f 2039 2031 2030
f 2040 2025 2038
f 2040 2039 2030
f 2040 1625 2039
f 2040 2030 2025
f 2041 1632 1633
f 2041 1633 1625
f 2041 2040 2038
f 2041 2038 2037
f 2041 2037 1632
f 2041 1625 2040
f 2042 2043 2044
f 2042 2044 2045
f 2042 2045 2046
f 2042 2046 2047
f 2042 2047 2048
f 2042 2048 2020
f 2049 2050 2043
f 2049 2020 1625
f 2049 2043 2042
f 2049 2042 2020
f 2051 2029 2052
f 2051 2052 2053
f 2051 2053 2054
f 2051 2054 2050
f 2051 2049 2055
f 2051 2050 2049
f 2056 2051 2055
f 2056 2055 2057
f 2058 2056 2057
f 2059 1615 2029
f 2059 2051 2056
f 2059 2029 2051
f 2059 2056 2058
f 2060 1625 1622
f 2060 1622 1621
f 2060 2058 2057
f 2060 2055 2049
f 2060 2059 2058
f 2060 2049 1625
f 2060 2057 2055
f 2061 1621 1619
f 2061 1619 1617
f 2061 1617 1607
f 2061 1607 1605
f 2061 1605 1603
f 2061 1603 1606
f 2061 1606 1611
f 2061 1611 1615
f 2061 2059 2060
f 2061 2060 1621
f 2061 1615 2059
f 2062 1610 2063
f 2063 1610 2064
f 2064 1610 1879
f 2062 1609 1610
f 2062 1608 1609
f 2062 1604 1608
f 2065 2066 2067
f 1604 2062 2066
f 1604 2066 2065
f 1601 1604 2065
f 2068 2069 2070
f 2070 1614 1600
f 2069 1614 2070
f 2071 2072 2073
f 2071 2074 2072
f 1623 1616 2074
f 2074 1616 2072
f 1803 2075 1307
f 2075 1737 1307
f 2076 1736 2077
f 2077 1736 1735
f 1737 2078 1735
f 2077 2078 2075
f 2075 2078 1737
f 1735 2078 2077
f 1742 1749 1740
f 1744 1749 1742
f 2076 2079 1736
f 1734 2079 1744
f 1736 2079 1734
f 1744 2079 1749
f 2080 2081 2082
f 2082 2081 2076
f 2076 2081 2079
f 1946 2083 1947
f 1947 2083 2080
f 2080 2083 2081
f 1963 2084 1943
f 1942 2084 1946
f 1943 2084 1942
f 1946 2084 2083
f 2085 2086 1959
f 1960 2086 1963
f 1959 2086 1960
f 1963 2086 2084
f 2087 2088 2089
f 2089 2088 2085
f 2085 2088 2086
f 2090 2091 2092
f 2092 2091 2087
f 2087 2091 2088
f 2093 2094 2095
f 2095 2094 2090
f 2090 2094 2091
f 2096 2097 2093
f 2093 2097 2094
f 2098 2099 2100
f 2100 2099 2101
f 2098 2102 2099
f 2102 1795 2099
f 1752 2103 1751
f 1746 2103 1752
f 1751 2104 1795
f 1795 2104 2099
f 2103 2104 1751
f 1747 2105 1746
f 1746 2105 2103
f 2104 1806 2099
f 1748 2106 1747
f 1747 2106 2105
f 2104 1804 1806
f 1749 2107 1748
f 1748 2107 2106
f 2108 2109 2110
f 2079 2111 1749
f 1749 2111 2107
f 2112 2113 2109
f 2109 2113 2110
f 2113 2114 2115
f 2113 2116 2114
f 2113 2117 2116
f 2113 2118 2117
f 2113 2119 2118
f 2081 2120 2079
f 2079 2120 2111
f 2112 2121 2113
f 2113 2121 2119
f 2121 2122 2119
f 2121 2123 2122
f 2121 2124 2123
f 2121 2125 2124
f 2120 2083 2126
f 2081 2083 2120
f 2125 2127 2124
f 2125 2128 2127
f 2129 2128 2125
f 2083 2084 2126
f 2126 2084 2130
f 2129 2097 2128
f 2131 2097 2129
f 2131 2094 2097
f 2132 2094 2131
f 2084 2086 2130
f 2130 2086 2133
f 2132 2091 2094
f 2134 2091 2132
f 2133 2088 2134
f 2086 2088 2133
f 2134 2088 2091
f 1811 1792 1794
f 1862 1790 1792
f 1862 1792 1811
f 1827 1788 1790
f 1827 1790 1862
f 1829 1783 1788
f 1829 1788 1827
f 1835 1780 1783
f 1835 1783 1829
f 1841 1778 1780
f 1841 1780 1835
f 1846 1779 1778
f 1846 1778 1841
f 1818 1781 1779
f 1818 1779 1846
f 1820 1782 1781
f 1820 1781 1818
f 1821 1782 1820
f 1822 1787 1782
f 1822 1782 1821
f 1813 1789 1787
f 1813 1787 1822
f 1815 1791 1789
f 1815 1789 1813
f 1812 1793 1791
f 1812 1791 1815
f 1809 1796 1793
f 1809 1793 1812
f 1805 1797 1796
f 1805 1796 1809
f 1807 1798 1797
f 1807 1797 1805
f 1808 1799 1798
f 1808 1798 1807
f 1810 1794 1799
f 1810 1799 1808
f 1811 1794 1810
f 1839 1768 1769
f 1843 1767 1768
f 1843 1768 1839
f 1847 1766 1767
f 1847 1767 1843
f 1849 1764 1766
f 1849 1766 1847
f 1851 1761 1764
f 1851 1764 1849
f 1852 1759 1761
f 1852 1761 1851
f 1853 1760 1759
f 1853 1759 1852
f 1855 1762 1760
f 1855 1760 1853
f 1856 1762 1855
f 1857 1763 1762
f 1857 1762 1856
f 1850 1765 1763
f 1850 1763 1857
f 1848 1777 1765
f 1848 1765 1850
f 1845 1770 1777
f 1845 1777 1848
f 1840 1771 1770
f 1840 1770 1845
f 1834 1772 1771
f 1834 1771 1840
f 1831 1773 1772
f 1831 1772 1834
f 1832 1774 1773
f 1832 1773 1831
f 1833 1775 1774
f 1833 1774 1832
f 1837 1769 1775
f 1837 1775 1833
f 1839 1769 1837
f 2135 2136 1867
f 2135 1867 2137
f 2135 2137 2138
f 2135 2138 2139
f 2135 2139 2140
f 2135 2140 1753
f 2141 2142 2143
f 2141 1753 1776
f 2141 2144 2136
f 2141 2145 2144
f 2141 2143 2145
f 2141 1776 2142
f 2141 2136 2135
f 2141 2135 1753
f 2146 2147 1784
f 2146 2148 2147
f 2146 2149 2148
f 2146 2150 2149
f 2146 2151 2150
f 2146 2099 2151
f 2152 1784 1795
f 2152 1795 2102
f 2152 2102 2098
f 2152 2098 2100
f 2152 2100 2101
f 2152 2101 2099
f 2152 2146 1784
f 2152 2099 2146
f 1800 1475 1801
f 1802 1473 1800
f 1800 1473 1475
f 1802 1476 1473
f 1305 1469 1802
f 1802 1469 1476
f 1920 1485 1484
f 1920 1483 1485
f 1920 1482 1483
f 1803 1482 1920
f 1804 2153 1828
f 2104 2154 2155
f 2104 2155 2153
f 2104 2153 1804
f 2103 2156 2154
f 2103 2154 2104
f 2105 2156 2103
f 2106 2157 2156
f 2106 2156 2105
f 2107 2157 2106
f 2158 2159 2160
f 2161 2160 2162
f 2161 2162 2163
f 2161 2158 2160
f 2164 2165 2159
f 2164 2159 2158
f 2166 2167 2165
f 2166 2165 2164
f 2168 2167 2166
f 1825 1826 2169
f 2170 2167 2168
f 2171 2170 2168
f 2172 1825 2169
f 2173 2174 2172
f 2173 2172 2169
f 2175 2171 2176
f 2175 2176 2177
f 2175 2170 2171
f 2178 2179 2174
f 2178 2174 2173
f 2180 2177 2181
f 2180 2175 2177
f 2182 2183 2179
f 2182 2179 2178
f 2184 2181 2185
f 2184 2180 2181
f 2186 2187 2183
f 2186 2183 2182
f 2188 2185 2187
f 2188 2184 2185
f 2188 2187 2186
f 2189 2174 2179
f 2189 2172 2174
f 2189 2179 2190
f 2191 1825 2172
f 2191 2172 2189
f 1823 1825 2191
f 1875 2192 1895
f 1875 1895 1405
f 1874 2193 2192
f 1874 2192 1875
f 1873 1824 2193
f 1873 2193 1874
f 1830 1824 1873
f 1867 2136 1819
f 1854 1867 1819
f 2194 1816 2136
f 2136 1816 1819
f 2195 1817 2194
f 2194 1817 1816
f 2151 1814 2195
f 2195 1814 1817
f 1806 2151 2099
f 1806 1814 2151
f 1865 2137 1867
f 2138 2137 1865
f 1866 2138 1865
f 1757 2140 2139
f 1757 1753 2140
f 1870 1863 1326
f 1756 2139 2138
f 1756 1757 2139
f 1871 1864 1863
f 1871 1863 1870
f 1754 2138 1866
f 1754 1756 2138
f 1869 1866 1864
f 1869 1754 1866
f 1869 1864 1871
f 1755 1754 1869
f 1868 1755 1869
f 1758 1755 1868
f 2196 1877 2197
f 2196 2197 2198
f 2196 1876 1877
f 2199 2198 2200
f 2199 2200 2201
f 2199 2201 2202
f 2199 2202 2203
f 2199 2196 2198
f 2199 2203 1876
f 2199 1876 2196
f 2204 2205 2206
f 2204 2206 2207
f 2204 2207 1878
f 2204 1878 1876
f 2208 2203 2209
f 2208 2209 2210
f 2208 2210 2205
f 2208 2204 1876
f 2208 1876 2203
f 2208 2205 2204
f 2211 2212 2213
f 2211 2213 2214
f 2215 2214 2216
f 2215 2216 2217
f 2215 2217 1879
f 2215 2211 2214
f 2218 2210 2209
f 2218 2205 2210
f 2218 2209 2212
f 2218 2212 2211
f 2219 2206 2205
f 2219 2207 2206
f 2219 1878 2207
f 2219 1879 1878
f 2219 2218 2211
f 2219 2211 2215
f 2219 2215 1879
f 2219 2205 2218
f 2220 2197 1877
f 2220 2198 2197
f 2220 2200 2198
f 2220 2201 2200
f 2220 2202 2201
f 1882 2220 1877
f 2221 2220 1882
f 1881 2221 1882
f 2222 2221 1881
f 1885 2222 1881
f 2223 1885 2224
f 2225 2226 1885
f 2227 2225 1885
f 2228 2227 1885
f 1885 1880 2228
f 2226 2224 1885
f 1421 1884 1420
f 2229 1883 1884
f 2229 1884 1421
f 2230 2228 1880
f 2230 1880 1883
f 2230 1883 2229
f 2231 2227 2228
f 2231 2228 2230
f 2232 2225 2227
f 2232 2227 2231
f 2231 2233 2232
f 2231 2234 2233
f 2230 2234 2231
f 2229 2235 2234
f 2229 2234 2230
f 1421 1886 2235
f 1421 2235 2229
f 2192 2193 2191
f 1823 2193 1824
f 1823 2191 2193
f 2189 2192 2191
f 1895 2192 2189
f 2190 1895 2189
f 1894 1895 2190
f 2236 1894 2190
f 1893 1894 2236
f 2237 1893 2236
f 2234 2238 2233
f 2239 2238 2234
f 2240 1893 2237
f 1892 1893 2240
f 2235 2241 2239
f 2235 2239 2234
f 2242 1892 2240
f 1891 1892 2242
f 1886 2243 2241
f 1886 2241 2235
f 1887 2244 2243
f 1887 2243 1886
f 1890 2242 2245
f 1890 1891 2242
f 1888 2246 2244
f 1888 2244 1887
f 1889 2245 2247
f 1889 2247 2246
f 1889 1890 2245
f 1889 2246 1888
f 1897 1896 1914
f 1914 1896 1913
f 1913 1896 1912
f 1912 1896 1911
f 1898 1899 1896
f 1910 1905 1909
f 1909 1905 1907
f 1907 1905 1908
f 1908 1905 1906
f 1901 1902 1900
f 1900 1902 1899
f 1911 1903 1910
f 1905 1903 1904
f 1896 1903 1911
f 1899 1903 1896
f 1902 1903 1899
f 1910 1903 1905
f 1494 2248 2249
f 1496 2248 1495
f 1495 2248 1494
f 1493 2250 1496
f 1496 2250 2248
f 1493 1918 2250
f 1923 1917 1924
f 1923 1924 1928
f 1923 1928 1925
f 1923 1925 1926
f 1923 1926 1922
f 2251 1941 1937
f 2252 1923 1941
f 2252 1941 2251
f 1918 1917 1923
f 1918 1923 2252
f 1919 2249 1921
f 2249 1938 1921
f 1494 2249 1490
f 1490 2249 1919
f 1965 1943 1944
f 1964 1944 1939
f 1964 1965 1944
f 1510 1964 1939
f 1509 1964 1510
f 2076 2077 2082
f 2080 1945 1947
f 1803 1920 2075
f 2075 2253 2077
f 2077 2253 2082
f 2253 2254 2082
f 2075 2254 2253
f 2082 2255 2080
f 1940 2255 1920
f 2254 2255 2082
f 2080 2255 1945
f 2075 2255 2254
f 1920 2255 2075
f 1945 2256 1940
f 2255 2256 1945
f 1940 2256 2255
f 2249 2248 1938
f 1938 2257 1937
f 1937 2257 2251
f 2251 2257 2252
f 2252 2257 1918
f 2250 2257 2248
f 1918 2257 2250
f 2248 2257 1938
f 2258 1950 2259
f 2259 2260 2261
f 2261 2260 2004
f 2004 2260 2262
f 2262 2260 2263
f 2263 2260 1953
f 1953 2260 1950
f 1950 2260 2259
f 2258 2003 1951
f 1950 2264 1951
f 2258 2264 1950
f 1951 2264 2258
f 1959 1956 2085
f 2089 2265 2087
f 1949 1999 2266
f 1952 2267 1956
f 1949 2268 1952
f 2085 2268 2089
f 2267 2268 1956
f 1956 2268 2085
f 2266 2268 1949
f 1952 2268 2267
f 2266 2269 2268
f 2268 2269 2089
f 2265 2270 2266
f 2089 2270 2265
f 2269 2270 2089
f 2266 2270 2269
f 2263 1953 1954
f 2262 1954 1955
f 2262 2263 1954
f 2004 2262 1955
f 1973 1955 1974
f 1975 1955 1973
f 1977 1955 1975
f 1972 1955 1977
f 1971 2004 1955
f 1971 1955 1972
f 1980 1979 1997
f 1997 1979 1996
f 1996 1979 1995
f 1995 1979 1994
f 1981 1982 1979
f 1993 1988 1992
f 1992 1988 1990
f 1990 1988 1991
f 1991 1988 1989
f 1984 1985 1983
f 1983 1985 1982
f 1994 1986 1993
f 1988 1986 1987
f 1979 1986 1994
f 1982 1986 1979
f 1985 1986 1982
f 1993 1986 1988
f 2271 1546 1998
f 2272 1552 2271
f 2271 1552 1546
f 2272 1557 1552
f 2002 1558 2272
f 2272 1558 1557
f 2001 2000 2273
f 2274 2275 2276
f 2277 2275 2274
f 2278 2274 2279
f 2278 2277 2274
f 2280 2273 2281
f 2280 2281 2011
f 2280 2011 2274
f 2280 2276 2001
f 2280 2001 2273
f 2280 2274 2276
f 1949 1555 1999
f 1949 1553 1555
f 1949 1554 1553
f 1949 1549 1554
f 2272 2273 2000
f 2272 2000 2002
f 2271 2281 2273
f 2271 2011 2281
f 2271 2273 2272
f 1998 2011 2271
f 2258 1543 2003
f 2259 1544 2258
f 2258 1544 1543
f 2261 1542 2259
f 2259 1542 1544
f 2004 1541 2261
f 2261 1541 1542
f 2282 2274 2011
f 2283 2282 2011
f 2284 2283 2011
f 2285 2286 2287
f 2288 2005 2006
f 2289 2017 2016
f 2289 2006 2017
f 2289 2016 2290
f 2289 2288 2006
f 2291 2289 2290
f 2291 2005 2288
f 2291 2288 2289
f 2292 2005 2291
f 2293 2005 2292
f 2294 2005 2293
f 2295 2290 2296
f 2295 2291 2290
f 2295 2292 2291
f 2297 2005 2294
f 2298 2005 2297
f 2299 2296 2300
f 2299 2300 2301
f 2299 2292 2295
f 2299 2295 2296
f 2302 2298 2297
f 2302 2297 2294
f 2302 2293 2292
f 2302 2294 2293
f 2302 2292 2299
f 2303 2298 2302
f 2303 2302 2299
f 2304 2286 2284
f 2304 2011 2005
f 2304 2005 2298
f 2304 2284 2011
f 2304 2287 2286
f 2305 2301 2306
f 2305 2299 2301
f 2305 2303 2299
f 2305 2298 2303
f 2305 2304 2298
f 2307 2308 2309
f 2307 2306 2308
f 2307 2309 2287
f 2307 2305 2306
f 2307 2287 2304
f 2307 2304 2305
f 2310 2311 2016
f 2310 2016 2019
f 2312 2313 2311
f 2312 2311 2310
f 2314 2315 2313
f 2314 2313 2312
f 2316 2315 2314
f 2317 2071 2073
f 2317 2007 2071
f 2318 2007 2317
f 2019 2007 2318
f 2319 2007 2009
f 2319 2009 2320
f 2319 2320 2321
f 2319 2321 2074
f 2319 2074 2071
f 2319 2071 2007
f 2321 1623 2074
f 2320 1626 2321
f 2321 1626 1623
f 2320 1627 1626
f 2009 1628 2320
f 2320 1628 1627
f 2212 2054 2322
f 2322 2054 2323
f 2323 2054 2053
f 2323 2052 2324
f 2053 2052 2323
f 2212 2050 2054
f 2324 2029 2325
f 2052 2029 2324
f 2029 2326 2325
f 2029 2028 2326
f 2326 2327 2328
f 2212 2043 2050
f 2027 2316 2028
f 2028 2316 2326
f 2326 2316 2327
f 2027 2026 2316
f 2212 2044 2043
f 2034 2315 2026
f 2026 2315 2316
f 2034 2033 2315
f 2044 2209 2045
f 2045 2209 2046
f 2212 2209 2044
f 2046 2329 2047
f 2047 2329 2048
f 2048 2329 2020
f 2020 2329 2021
f 2209 2329 2046
f 2209 2330 2329
f 2033 2313 2315
f 2033 2311 2313
f 2033 2016 2311
f 2032 2016 2033
f 2031 2016 2032
f 2329 2022 2021
f 2329 2023 2022
f 2290 2023 2329
f 2290 2016 2024
f 2024 2016 2031
f 2290 2024 2023
f 2063 2331 2332
f 2063 2332 2062
f 2322 2323 2331
f 2322 2063 2064
f 2322 2331 2063
f 2217 2064 1879
f 2216 2064 2217
f 2214 2064 2216
f 2213 2322 2064
f 2213 2064 2214
f 2212 2322 2213
f 1602 2333 1600
f 1600 2333 2070
f 1601 2334 1599
f 1599 2334 1602
f 1602 2334 2333
f 1601 2065 2334
f 2067 2334 2065
f 2335 2067 2066
f 2335 2334 2067
f 2336 2070 2333
f 2337 2333 2334
f 2337 2334 2335
f 2338 2336 2333
f 2338 2333 2337
f 2324 2338 2337
f 2339 2331 2323
f 2339 2332 2331
f 2339 2062 2332
f 2339 2323 2324
f 2339 2335 2066
f 2339 2337 2335
f 2339 2324 2337
f 2339 2066 2062
f 2340 2324 2325
f 2340 2325 2341
f 2340 2341 2342
f 2340 2342 2068
f 2340 2068 2070
f 2340 2338 2324
f 2340 2336 2338
f 2340 2070 2336
f 2068 2343 2069
f 2344 2345 2343
f 2344 2343 2068
f 2346 2072 2345
f 2346 2345 2344
f 2343 1614 2069
f 2345 1612 2343
f 2343 1612 1614
f 2072 1613 2345
f 2345 1613 1612
f 2072 1616 1613
f 2347 2073 2072
f 2347 2072 2346
f 2347 2346 2348
f 2347 2348 2349
f 2347 2349 2325
f 2347 2325 2326
f 2347 2326 2350
f 2347 2350 2351
f 2347 2351 2073
f 2090 2092 2352
f 2353 2354 2274
f 2274 2354 2279
f 2279 2354 2278
f 2278 2354 2277
f 2277 2354 2275
f 2096 2354 2355
f 2355 2354 2353
f 2093 2356 2096
f 2354 2356 2275
f 2096 2356 2354
f 2275 2357 2276
f 2095 2357 2093
f 2356 2357 2275
f 2093 2357 2356
f 2276 2358 2001
f 2090 2358 2095
f 2357 2358 2276
f 2095 2358 2357
f 2352 2358 2090
f 2001 2359 2360
f 2360 2359 2352
f 2352 2359 2358
f 2358 2359 2001
f 2361 2362 2363
f 2362 2364 2363
f 2364 2365 2353
f 2353 2365 2355
f 2362 2365 2364
f 2096 2128 2097
f 2355 2127 2096
f 2365 2127 2355
f 2096 2127 2128
f 2366 2124 2365
f 2365 2124 2127
f 2129 2367 2368
f 2125 2369 2370
f 2125 2370 2367
f 2125 2367 2129
f 2121 2371 2369
f 2121 2369 2125
f 2112 2371 2121
f 2109 2372 2371
f 2109 2371 2112
f 2108 2372 2109
f 2107 2373 2157
f 2111 2374 2373
f 2111 2373 2107
f 2120 2375 2374
f 2120 2374 2111
f 2126 2376 2375
f 2126 2375 2120
f 2130 2377 2376
f 2130 2376 2126
f 2133 2378 2377
f 2133 2377 2130
f 2134 2379 2378
f 2134 2378 2133
f 2132 2380 2379
f 2132 2379 2134
f 2131 2368 2380
f 2131 2380 2132
f 2129 2368 2131
f 2122 2381 2382
f 2366 2381 2124
f 2123 2381 2122
f 2124 2381 2123
f 2382 2381 2383
f 2383 2381 2366
f 2110 2384 2385
f 2113 2384 2110
f 1828 2153 1836
f 1836 2153 1838
f 1838 2153 1842
f 1842 2153 1844
f 1844 2153 1826
f 2155 2169 2153
f 2153 2169 1826
f 2156 2157 2178
f 2157 2386 2178
f 2386 2387 2178
f 2387 2388 2178
f 2388 2389 2178
f 2389 2182 2178
f 2154 2390 2155
f 2169 2390 2173
f 2155 2390 2169
f 2173 2390 2154
f 2156 2391 2154
f 2154 2391 2173
f 2173 2392 2178
f 2391 2392 2173
f 2156 2392 2391
f 2178 2392 2156
f 2244 2166 2243
f 2244 2168 2166
f 2246 2171 2168
f 2246 2168 2244
f 2247 2176 2171
f 2247 2171 2246
f 2245 2177 2176
f 2245 2176 2247
f 2242 2181 2177
f 2242 2177 2245
f 2240 2185 2181
f 2240 2181 2242
f 2237 2187 2185
f 2237 2185 2240
f 2236 2183 2187
f 2236 2187 2237
f 2190 2179 2183
f 2190 2183 2236
f 2239 2161 2238
f 2239 2158 2161
f 2241 2164 2158
f 2241 2158 2239
f 2243 2166 2164
f 2243 2164 2241
f 2393 2108 2394
f 2395 2108 2110
f 2395 2394 2108
f 2396 2108 2393
f 2397 2108 2396
f 2398 2395 2110
f 2385 2399 2400
f 2385 2400 2398
f 2385 2398 2110
f 2401 2385 2402
f 2401 2402 2403
f 2401 2404 2405
f 2401 2405 2399
f 2401 2406 2407
f 2401 2407 2404
f 2401 2399 2385
f 2233 2238 2161
f 2163 2233 2161
f 2232 2233 2163
f 2408 2372 2409
f 2408 2409 2410
f 2411 2372 2408
f 2412 2410 2413
f 2412 2408 2410
f 2414 2415 2372
f 2414 2372 2411
f 2416 2417 2418
f 2416 2418 2415
f 2416 2415 2414
f 2419 2412 2413
f 2419 2413 2420
f 2421 2163 2422
f 2421 2422 2417
f 2421 2417 2416
f 2423 2420 2424
f 2423 2419 2420
f 2425 2232 2163
f 2425 2163 2421
f 2426 2406 2401
f 2426 2424 2406
f 2426 2423 2424
f 2427 2225 2232
f 2427 2232 2425
f 2428 2426 2401
f 2429 2225 2427
f 2226 2429 2430
f 2226 2430 2431
f 2226 2225 2429
f 2432 2433 2428
f 2432 2428 2401
f 2432 2431 2434
f 2432 2434 2435
f 2432 2435 2433
f 2432 2226 2431
f 2436 2226 2432
f 2437 2438 2226
f 2437 2226 2436
f 2439 2437 2436
f 2372 2108 2397
f 2372 2397 2440
f 2372 2440 2409
f 2368 2367 2441
f 2441 2367 2442
f 2442 2367 2443
f 2443 2367 2444
f 2444 2367 2165
f 2370 2159 2367
f 2367 2159 2165
f 2371 2372 2162
f 2372 2415 2162
f 2415 2418 2162
f 2418 2417 2162
f 2417 2422 2162
f 2422 2163 2162
f 2159 2445 2160
f 2369 2445 2370
f 2370 2445 2159
f 2160 2445 2369
f 2371 2446 2369
f 2369 2446 2160
f 2160 2447 2162
f 2162 2447 2371
f 2371 2447 2446
f 2446 2447 2160
f 2389 2373 2182
f 2388 2373 2389
f 2387 2373 2388
f 2386 2373 2387
f 2157 2373 2386
f 2374 2186 2373
f 2373 2186 2182
f 2375 2188 2374
f 2374 2188 2186
f 2377 2378 2180
f 2378 2175 2180
f 2379 2380 2170
f 2380 2167 2170
f 2368 2441 2380
f 2380 2442 2167
f 2441 2442 2380
f 2442 2443 2167
f 2443 2444 2167
f 2444 2165 2167
f 2376 2448 2375
f 2184 2448 2376
f 2188 2449 2184
f 2375 2449 2188
f 2448 2449 2375
f 2184 2449 2448
f 2377 2450 2376
f 2180 2450 2377
f 2184 2451 2180
f 2180 2451 2450
f 2450 2451 2376
f 2376 2451 2184
f 2379 2452 2378
f 2378 2452 2175
f 2175 2453 2170
f 2379 2453 2452
f 2452 2453 2175
f 2170 2453 2379
f 2195 2148 2149
f 2195 2149 2150
f 2195 2150 2151
f 1786 1784 2147
f 1786 2147 2148
f 1786 2195 2194
f 1786 2148 2195
f 2144 2194 2136
f 1785 1786 2194
f 2145 2194 2144
f 2145 1785 2194
f 2143 1785 2145
f 2142 1785 2143
f 1776 1785 2142
f 2223 2222 1885
f 2454 2221 2222
f 2454 2222 2223
f 2455 2220 2221
f 2455 2221 2454
f 2456 2202 2220
f 2456 2220 2455
f 2457 2203 2202
f 2457 2202 2456
f 2458 2209 2203
f 2458 2203 2457
f 2330 2209 2458
f 2459 2460 2461
f 2462 2463 2459
f 2462 2459 2461
f 2464 2463 2462
f 2465 2466 2467
f 2465 2467 2464
f 2468 2466 2465
f 2224 2466 2468
f 2223 2224 2468
f 2469 2467 2463
f 2469 2463 2464
f 2469 2464 2467
f 2438 2224 2226
f 2437 2470 2438
f 2438 2470 2224
f 2439 2471 2437
f 2437 2471 2470
f 2436 2472 2439
f 2439 2472 2471
f 2432 2473 2436
f 2436 2473 2472
f 2432 2474 2473
f 2001 2266 1999
f 2001 2360 2266
f 2092 2087 2352
f 2352 2087 2265
f 2352 2475 2360
f 2265 2475 2352
f 2266 2476 2265
f 2265 2476 2475
f 2475 2476 2360
f 2360 2476 2266
f 2477 2478 2479
f 2480 2481 2478
f 2480 2478 2477
f 2482 2481 2480
f 2483 2484 2481
f 2483 2481 2482
f 2485 2486 2484
f 2485 2484 2483
f 2487 2488 2486
f 2487 2486 2485
f 2489 2490 2488
f 2489 2488 2487
f 2491 2492 2493
f 2491 2493 2490
f 2491 2490 2489
f 2494 2296 2492
f 2494 2492 2491
f 2495 2300 2296
f 2495 2301 2300
f 2495 2306 2301
f 2495 2296 2494
f 2496 2306 2495
f 2490 2493 2497
f 2493 2492 2497
f 2497 2296 2290
f 2492 2296 2497
f 2353 2274 2364
f 2364 2282 2363
f 2274 2282 2364
f 2282 2283 2363
f 2361 2284 2362
f 2363 2284 2361
f 2283 2284 2363
f 2284 2365 2362
f 2284 2286 2365
f 2366 2498 2285
f 2285 2498 2286
f 2365 2498 2366
f 2286 2498 2365
f 2285 2499 2383
f 2383 2499 2382
f 2382 2499 2500
f 2500 2499 2501
f 2501 2499 2287
f 2287 2499 2285
f 2382 2502 2503
f 2503 2502 2504
f 2504 2502 2309
f 2309 2502 2287
f 2500 2502 2382
f 2501 2502 2500
f 2287 2502 2501
f 2318 2310 2019
f 2312 2310 2318
f 2327 2314 2312
f 2327 2316 2314
f 2327 2312 2318
f 2351 2317 2073
f 2328 2318 2317
f 2328 2317 2351
f 2328 2327 2318
f 2350 2328 2351
f 2326 2328 2350
f 2505 2506 2329
f 2505 2329 2330
f 2505 2330 2506
f 2290 2506 2507
f 2507 2506 2508
f 2290 2329 2506
f 2342 2344 2068
f 2346 2344 2342
f 2348 2342 2341
f 2348 2346 2342
f 2349 2341 2325
f 2349 2348 2341
f 2383 2509 2285
f 2285 2509 2366
f 2366 2509 2383
f 2510 2497 2511
f 2488 2490 2497
f 2486 2510 2512
f 2486 2497 2510
f 2486 2488 2497
f 2484 2486 2512
f 2461 2484 2512
f 2513 2461 2460
f 2513 2460 2514
f 2513 2514 2515
f 2513 2515 2516
f 2513 2516 2517
f 2481 2484 2461
f 2481 2461 2513
f 2478 2481 2513
f 2382 2503 2518
f 2519 2382 2518
f 2479 2478 2513
f 2520 2382 2519
f 2521 2522 2382
f 2523 2382 2522
f 2524 2521 2382
f 2524 2382 2520
f 2525 2382 2523
f 2526 2520 2527
f 2526 2524 2520
f 2528 2526 2527
f 2528 2527 2529
f 2530 2528 2529
f 2530 2529 2531
f 2122 2525 2532
f 2122 2532 2533
f 2119 2122 2533
f 2119 2533 2534
f 2119 2534 2535
f 2119 2535 2536
f 2537 2530 2531
f 2537 2538 2530
f 2537 2539 2538
f 2540 2539 2537
f 2541 2119 2536
f 2541 2536 2542
f 2543 2539 2540
f 2543 2542 2539
f 2543 2541 2542
f 2122 2382 2525
f 2513 2537 2479
f 2479 2537 2531
f 2544 2384 2113
f 2544 2545 2384
f 2544 2546 2545
f 2544 2547 2546
f 2544 2548 2547
f 2544 2541 2548
f 2549 2113 2115
f 2549 2115 2114
f 2549 2114 2116
f 2549 2116 2117
f 2549 2117 2118
f 2549 2118 2119
f 2549 2119 2541
f 2549 2541 2544
f 2549 2544 2113
f 2403 2550 2401
f 2402 2551 2403
f 2403 2551 2550
f 2385 2552 2402
f 2402 2552 2551
f 2385 2384 2552
f 2553 2397 2554
f 2553 2440 2397
f 2555 2409 2440
f 2555 2410 2409
f 2555 2440 2553
f 2556 2413 2410
f 2556 2410 2555
f 2557 2413 2556
f 2558 2420 2413
f 2558 2413 2557
f 2559 2424 2420
f 2559 2406 2424
f 2559 2420 2558
f 2560 2407 2406
f 2560 2406 2559
f 2561 2404 2407
f 2561 2407 2560
f 2562 2404 2561
f 2562 2405 2404
f 2563 2399 2405
f 2563 2405 2562
f 2564 2399 2563
f 2565 2400 2399
f 2565 2399 2564
f 2566 2398 2400
f 2566 2400 2565
f 2567 2395 2398
f 2567 2398 2566
f 2568 2394 2395
f 2568 2395 2567
f 2569 2393 2394
f 2569 2394 2568
f 2570 2396 2393
f 2570 2393 2569
f 2571 2397 2396
f 2571 2396 2570
f 2554 2397 2571
f 2572 2416 2573
f 2572 2421 2416
f 2574 2425 2421
f 2574 2427 2425
f 2574 2421 2572
f 2575 2429 2427
f 2575 2427 2574
f 2576 2429 2575
f 2577 2430 2429
f 2577 2429 2576
f 2578 2431 2430
f 2578 2434 2431
f 2578 2430 2577
f 2579 2435 2434
f 2579 2434 2578
f 2580 2433 2435
f 2580 2435 2579
f 2581 2433 2580
f 2581 2428 2433
f 2582 2426 2428
f 2582 2428 2581
f 2583 2426 2582
f 2584 2423 2426
f 2584 2426 2583
f 2585 2419 2423
f 2585 2423 2584
f 2586 2412 2419
f 2586 2419 2585
f 2587 2408 2412
f 2587 2412 2586
f 2588 2411 2408
f 2588 2408 2587
f 2589 2414 2411
f 2589 2411 2588
f 2590 2416 2414
f 2590 2414 2589
f 2573 2416 2590
f 2474 2401 2550
f 2474 2432 2401
f 2512 2462 2461
f 2512 2464 2462
f 2454 2465 2464
f 2454 2468 2465
f 2454 2223 2468
f 2454 2464 2512
f 2591 2510 2511
f 2592 2455 2510
f 2592 2510 2591
f 2593 2455 2592
f 2594 2455 2593
f 2456 2455 2594
f 2595 2455 2454
f 2595 2512 2510
f 2595 2454 2512
f 2595 2510 2455
f 2506 2458 2508
f 2330 2458 2506
f 2596 2458 2457
f 2596 2457 2597
f 2596 2597 2598
f 2596 2598 2599
f 2596 2599 2508
f 2596 2508 2458
f 2594 2597 2457
f 2594 2457 2456
f 2593 2597 2594
f 2592 2598 2597
f 2592 2597 2593
f 2591 2599 2598
f 2591 2598 2592
f 2511 2508 2599
f 2511 2599 2591
f 2470 2466 2224
f 2467 2466 2470
f 2471 2467 2470
f 2514 2459 2463
f 2514 2460 2459
f 2600 2472 2473
f 2600 2473 2474
f 2515 2463 2467
f 2515 2467 2471
f 2515 2514 2463
f 2601 2471 2472
f 2601 2515 2471
f 2601 2472 2600
f 2516 2515 2601
f 2602 2516 2601
f 2517 2516 2602
f 2603 2517 2602
f 2513 2517 2603
f 2583 2604 2605
f 2584 2605 2606
f 2584 2583 2605
f 2582 2604 2583
f 2585 2606 2607
f 2585 2584 2606
f 2581 2477 2604
f 2581 2604 2582
f 2580 2480 2477
f 2580 2477 2581
f 2586 2607 2608
f 2586 2585 2607
f 2579 2480 2580
f 2587 2586 2608
f 2482 2480 2579
f 2609 2587 2608
f 2578 2482 2579
f 2588 2587 2609
f 2483 2578 2577
f 2483 2482 2578
f 2610 2589 2588
f 2610 2588 2609
f 2611 2590 2589
f 2611 2589 2610
f 2485 2577 2576
f 2485 2483 2577
f 2496 2573 2590
f 2496 2590 2611
f 2487 2485 2576
f 2487 2576 2575
f 2495 2572 2573
f 2495 2573 2496
f 2489 2487 2575
f 2494 2574 2572
f 2494 2572 2495
f 2491 2574 2494
f 2491 2575 2574
f 2491 2489 2575
f 2496 2308 2306
f 2611 2504 2309
f 2611 2309 2308
f 2611 2308 2496
f 2610 2503 2504
f 2610 2504 2611
f 2609 2518 2503
f 2609 2503 2610
f 2608 2519 2518
f 2608 2518 2609
f 2607 2520 2519
f 2607 2519 2608
f 2606 2527 2520
f 2606 2520 2607
f 2605 2529 2527
f 2605 2527 2606
f 2604 2531 2529
f 2604 2529 2605
f 2477 2479 2531
f 2477 2531 2604
f 2507 2511 2290
f 2508 2511 2507
f 2511 2497 2290
f 2612 2532 2525
f 2612 2525 2613
f 2614 2533 2532
f 2614 2532 2612
f 2615 2534 2533
f 2615 2533 2614
f 2616 2535 2534
f 2616 2534 2615
f 2617 2536 2535
f 2617 2535 2616
f 2618 2542 2536
f 2618 2536 2617
f 2619 2539 2542
f 2619 2542 2618
f 2620 2539 2619
f 2621 2538 2539
f 2621 2539 2620
f 2622 2538 2621
f 2623 2538 2622
f 2623 2530 2538
f 2624 2528 2530
f 2624 2530 2623
f 2625 2526 2528
f 2625 2528 2624
f 2626 2524 2526
f 2626 2526 2625
f 2627 2521 2524
f 2627 2524 2626
f 2628 2521 2627
f 2629 2522 2521
f 2629 2521 2628
f 2630 2523 2522
f 2630 2522 2629
f 2631 2525 2523
f 2631 2523 2630
f 2613 2525 2631
f 2632 2537 2513
f 2632 2600 2474
f 2632 2601 2600
f 2632 2602 2601
f 2632 2603 2602
f 2632 2513 2603
f 2632 2474 2550
f 2633 2537 2632
f 2633 2550 2634
f 2633 2634 2635
f 2633 2635 2636
f 2633 2636 2637
f 2633 2637 2537
f 2633 2632 2550
f 2551 2634 2550
f 2551 2635 2634
f 2540 2636 2635
f 2540 2637 2636
f 2540 2537 2637
f 2540 2551 2552
f 2540 2635 2551
f 2545 2552 2384
f 2543 2540 2552
f 2546 2552 2545
f 2546 2543 2552
f 2547 2543 2546
f 2548 2543 2547
f 2541 2543 2548
f 2564 2619 2618
f 2565 2618 2617
f 2565 2564 2618
f 2563 2620 2619
f 2563 2621 2620
f 2563 2619 2564
f 2566 2617 2616
f 2566 2565 2617
f 2562 2622 2621
f 2562 2621 2563
f 2561 2623 2622
f 2561 2622 2562
f 2567 2616 2615
f 2567 2566 2616
f 2560 2623 2561
f 2568 2567 2615
f 2624 2623 2560
f 2614 2568 2615
f 2559 2624 2560
f 2569 2568 2614
f 2625 2559 2558
f 2625 2624 2559
f 2612 2570 2569
f 2612 2571 2570
f 2612 2569 2614
f 2626 2558 2557
f 2626 2625 2558
f 2613 2554 2571
f 2613 2571 2612
f 2627 2626 2557
f 2627 2557 2556
f 2631 2553 2554
f 2631 2554 2613
f 2628 2627 2556
f 2630 2553 2631
f 2630 2555 2553
f 2629 2628 2556
f 2629 2556 2555
f 2629 2555 2630
f 2638 2639 2640
f 2638 2641 2639
f 2642 2643 2638
f 2642 2638 2640
f 2644 2643 2642
f 2645 2644 2642
f 2646 2644 2645
f 2647 2646 2648
f 2649 2647 2648
f 2650 2647 2649
f 2651 2650 2649
f 2652 2650 2651
f 2653 2652 2651
f 2654 2655 2653
f 2656 2655 2654
f 2657 2656 2654
f 2658 2656 2657
f 2659 2656 2658
f 2660 2659 2658
f 2661 2660 2658
f 2662 2648 2646
f 2663 2645 2648
f 2663 2648 2662
f 2663 2646 2645
f 2663 2662 2646
f 2664 2655 2652
f 2664 2652 2653
f 2664 2653 2655
f 2661 2658 2665
f 2657 2666 2658
f 2658 2666 2665
f 2657 2654 2666
f 2654 2667 2666
f 2654 2653 2667
f 2653 2668 2667
f 2653 2651 2668
f 2651 2669 2668
f 2651 2649 2669
f 2649 2670 2669
f 2649 2648 2670
f 2648 2671 2670
f 2648 2645 2671
f 2645 2672 2671
f 2645 2642 2672
f 2642 2673 2672
f 2642 2674 2673
f 2642 2640 2674
f 2640 2675 2674
f 2676 2644 2646
f 2677 2646 2647
f 2677 2676 2646
f 2678 2643 2644
f 2678 2644 2676
f 2638 2643 2678
f 2679 2647 2650
f 2679 2677 2647
f 2680 2641 2638
f 2680 2638 2678
f 2681 2641 2680
f 2682 2679 2650
f 2652 2682 2650
f 2683 2681 2680
f 2684 2681 2683
f 2685 2682 2652
f 2686 2684 2683
f 2687 2684 2686
f 2655 2685 2652
f 2688 2685 2655
f 2689 2687 2686
f 2690 2689 2686
f 2656 2688 2655
f 2691 2689 2690
f 2692 2688 2656
f 2693 2691 2690
f 2659 2692 2656
f 2694 2692 2659
f 2695 2691 2693
f 2696 2695 2693
f 2697 2694 2659
f 2697 2698 2694
f 2699 2695 2696
f 2699 2696 2698
f 2700 2699 2698
f 2700 2698 2697
f 2674 2701 2702
f 2674 2675 2701
f 2703 2673 2674
f 2703 2674 2702
f 2672 2673 2703
f 2704 2672 2703
f 2671 2672 2704
f 2670 2671 2705
f 2706 2670 2705
f 2669 2670 2706
f 2707 2669 2706
f 2668 2669 2707
f 2708 2668 2707
f 2709 2667 2708
f 2666 2667 2709
f 2710 2666 2709
f 2711 2666 2710
f 2665 2666 2711
f 2712 2665 2711
f 2713 2712 2711
f 2714 2705 2671
f 2715 2704 2705
f 2715 2705 2714
f 2715 2671 2704
f 2715 2714 2671
f 2716 2667 2668
f 2716 2668 2708
f 2716 2708 2667
f 2717 2688 2692
f 2717 2692 2718
f 2719 2685 2688
f 2719 2688 2717
f 2720 2682 2685
f 2720 2685 2719
f 2721 2679 2682
f 2721 2682 2720
f 2722 2677 2679
f 2722 2679 2721
f 2723 2676 2677
f 2723 2677 2722
f 2724 2678 2676
f 2724 2676 2723
f 2725 2678 2724
f 2726 2680 2678
f 2726 2678 2725
f 2727 2680 2726
f 2728 2680 2727
f 2728 2683 2680
f 2729 2686 2683
f 2729 2683 2728
f 2730 2690 2686
f 2730 2686 2729
f 2731 2693 2690
f 2731 2690 2730
f 2732 2696 2693
f 2732 2693 2731
f 2733 2698 2696
f 2733 2696 2732
f 2734 2694 2698
f 2734 2698 2733
f 2735 2692 2694
f 2735 2694 2734
f 2718 2692 2735
f 2697 2659 2660
f 2697 2660 2661
f 2736 2697 2661
f 2700 2697 2736
f 2737 2700 2736
f 2695 2699 2738
f 2739 2695 2738
f 2691 2695 2739
f 2740 2691 2739
f 2689 2691 2740
f 2741 2689 2740
f 2742 2687 2741
f 2684 2687 2742
f 2743 2684 2742
f 2681 2684 2743
f 2744 2681 2743
f 2641 2681 2744
f 2639 2641 2744
f 2640 2639 2744
f 2745 2699 2700
f 2745 2700 2737
f 2746 2737 2738
f 2746 2745 2737
f 2746 2699 2745
f 2746 2738 2699
f 2747 2687 2689
f 2747 2689 2741
f 2747 2741 2687
f 2704 2723 2705
f 2703 2724 2704
f 2704 2724 2723
f 2703 2725 2724
f 2723 2722 2705
f 2722 2706 2705
f 2703 2726 2725
f 2703 2702 2726
f 2702 2727 2726
f 2702 2748 2727
f 2722 2721 2706
f 2721 2707 2706
f 2749 2728 2748
f 2748 2728 2727
f 2721 2720 2707
f 2749 2750 2728
f 2720 2708 2707
f 2750 2729 2728
f 2720 2719 2708
f 2750 2751 2729
f 2719 2709 2708
f 2751 2730 2729
f 2719 2717 2709
f 2717 2710 2709
f 2751 2752 2730
f 2717 2711 2710
f 2752 2731 2730
f 2717 2718 2711
f 2718 2713 2711
f 2718 2735 2713
f 2752 2753 2731
f 2753 2732 2731
f 2735 2754 2713
f 2734 2754 2735
f 2753 2755 2732
f 2732 2755 2733
f 2734 2756 2754
f 2755 2756 2733
f 2733 2756 2734
f 2640 2744 2675
f 2743 2757 2744
f 2744 2757 2675
f 2743 2742 2757
f 2742 2758 2757
f 2742 2741 2758
f 2741 2759 2758
f 2741 2740 2759
f 2740 2760 2759
f 2740 2739 2760
f 2739 2761 2760
f 2739 2738 2761
f 2738 2762 2761
f 2738 2737 2762
f 2737 2763 2762
f 2737 2736 2763
f 2736 2764 2763
f 2736 2765 2764
f 2736 2661 2765
f 2661 2665 2765
f 2765 2665 2712
f 2765 2712 2713
f 2754 2764 2765
f 2754 2765 2713
f 2763 2764 2754
f 2756 2763 2754
f 2762 2763 2756
f 2761 2762 2755
f 2753 2761 2755
f 2760 2761 2753
f 2752 2760 2753
f 2759 2760 2752
f 2751 2759 2752
f 2750 2758 2751
f 2757 2758 2750
f 2749 2757 2750
f 2748 2757 2749
f 2675 2757 2748
f 2701 2675 2748
f 2702 2701 2748
f 2766 2755 2762
f 2767 2756 2755
f 2767 2755 2766
f 2767 2766 2762
f 2767 2762 2756
f 2768 2758 2759
f 2768 2759 2751
f 2768 2751 2758
f 2769 2770 2771
f 2769 2772 2770
f 2773 2774 2769
f 2773 2769 2771
f 2775 2774 2773
f 2776 2775 2773
f 2777 2775 2776
f 2778 2777 2779
f 2780 2778 2779
f 2781 2778 2780
f 2782 2781 2780
f 2783 2781 2782
f 2784 2783 2782
f 2785 2786 2784
f 2787 2786 2785
f 2788 2787 2785
f 2789 2787 2788
f 2790 2787 2789
f 2791 2790 2789
f 2792 2791 2789
f 2793 2779 2777
f 2794 2776 2779
f 2794 2779 2793
f 2794 2777 2776
f 2794 2793 2777
f 2795 2786 2783
f 2795 2783 2784
f 2795 2784 2786
f 2776 2796 2779
f 2773 2797 2776
f 2776 2797 2796
f 2773 2798 2797
f 2779 2799 2780
f 2796 2799 2779
f 2771 2800 2773
f 2773 2800 2798
f 2771 2801 2800
f 2771 2802 2801
f 2799 2803 2780
f 2803 2782 2780
f 2804 2805 2802
f 2802 2805 2801
f 2803 2806 2782
f 2804 2807 2805
f 2806 2784 2782
f 2807 2808 2805
f 2806 2809 2784
f 2807 2810 2808
f 2809 2785 2784
f 2810 2811 2808
f 2809 2812 2785
f 2812 2788 2785
f 2810 2813 2811
f 2813 2814 2811
f 2812 2789 2788
f 2812 2815 2789
f 2815 2792 2789
f 2815 2816 2792
f 2813 2817 2814
f 2817 2818 2814
f 2816 2819 2792
f 2820 2819 2816
f 2817 2821 2818
f 2818 2821 2822
f 2820 2823 2819
f 2821 2823 2822
f 2822 2823 2820
f 2772 2769 2824
f 2774 2825 2769
f 2769 2825 2824
f 2774 2775 2825
f 2775 2826 2825
f 2775 2777 2826
f 2777 2827 2826
f 2777 2778 2827
f 2778 2828 2827
f 2778 2781 2828
f 2781 2829 2828
f 2781 2783 2829
f 2783 2830 2829
f 2783 2786 2830
f 2786 2831 2830
f 2786 2787 2831
f 2787 2832 2831
f 2787 2833 2832
f 2787 2790 2833
f 2790 2834 2833
f 2835 2800 2801
f 2836 2800 2835
f 2837 2798 2836
f 2836 2798 2800
f 2838 2797 2837
f 2837 2797 2798
f 2839 2796 2838
f 2838 2796 2797
f 2840 2799 2839
f 2839 2799 2796
f 2841 2803 2840
f 2840 2803 2799
f 2842 2806 2843
f 2843 2806 2841
f 2841 2806 2803
f 2842 2809 2806
f 2844 2812 2842
f 2842 2812 2809
f 2845 2815 2844
f 2844 2815 2812
f 2846 2815 2845
f 2847 2816 2846
f 2846 2816 2815
f 2848 2820 2847
f 2847 2820 2816
f 2849 2822 2848
f 2848 2822 2820
f 2850 2818 2849
f 2849 2818 2822
f 2851 2814 2850
f 2850 2814 2818
f 2852 2811 2851
f 2851 2811 2814
f 2853 2808 2852
f 2852 2808 2811
f 2835 2805 2854
f 2854 2805 2853
f 2853 2805 2808
f 2835 2801 2805
f 2855 2790 2791
f 2855 2791 2792
f 2819 2856 2855
f 2819 2855 2792
f 2857 2856 2819
f 2823 2857 2819
f 2858 2857 2823
f 2859 2858 2821
f 2817 2859 2821
f 2860 2859 2817
f 2813 2860 2817
f 2861 2860 2813
f 2810 2861 2813
f 2807 2862 2810
f 2863 2862 2807
f 2804 2863 2807
f 2802 2863 2804
f 2772 2863 2802
f 2770 2772 2802
f 2771 2770 2802
f 2864 2821 2858
f 2865 2823 2821
f 2865 2821 2864
f 2865 2864 2858
f 2865 2858 2823
f 2866 2862 2861
f 2866 2861 2810
f 2866 2810 2862
f 2833 2834 2867
f 2868 2832 2833
f 2831 2832 2868
f 2869 2831 2868
f 2830 2831 2869
f 2829 2830 2870
f 2871 2829 2870
f 2828 2829 2871
f 2872 2828 2871
f 2827 2828 2872
f 2873 2827 2872
f 2874 2826 2873
f 2825 2826 2874
f 2875 2825 2874
f 2876 2825 2875
f 2824 2825 2876
f 2877 2824 2876
f 2867 2868 2833
f 2878 2870 2830
f 2879 2869 2870
f 2879 2830 2869
f 2879 2870 2878
f 2879 2878 2830
f 2880 2826 2827
f 2880 2827 2873
f 2880 2873 2826
f 2881 2851 2850
f 2882 2851 2881
f 2882 2852 2851
f 2882 2883 2852
f 2884 2853 2883
f 2883 2853 2852
f 2885 2854 2884
f 2884 2854 2853
f 2886 2835 2885
f 2885 2835 2854
f 2886 2836 2835
f 2886 2887 2836
f 2887 2837 2836
f 2888 2838 2887
f 2887 2838 2837
f 2889 2839 2888
f 2888 2839 2838
f 2889 2890 2839
f 2890 2840 2839
f 2891 2841 2890
f 2890 2841 2840
f 2891 2843 2841
f 2891 2892 2843
f 2893 2842 2892
f 2892 2842 2843
f 2894 2844 2893
f 2893 2844 2842
f 2895 2845 2894
f 2894 2845 2844
f 2895 2846 2845
f 2895 2896 2846
f 2896 2847 2846
f 2897 2848 2896
f 2896 2848 2847
f 2898 2849 2897
f 2897 2849 2848
f 2898 2881 2849
f 2881 2850 2849
f 2790 2855 2834
f 2856 2899 2855
f 2855 2899 2834
f 2856 2857 2899
f 2857 2900 2899
f 2857 2858 2900
f 2858 2901 2900
f 2858 2859 2901
f 2859 2902 2901
f 2859 2860 2902
f 2860 2903 2902
f 2860 2861 2903
f 2861 2904 2903
f 2861 2862 2904
f 2862 2905 2904
f 2862 2863 2905
f 2863 2906 2905
f 2863 2907 2906
f 2863 2772 2907
f 2772 2824 2907
f 2908 2867 2909
f 2910 2868 2911
f 2911 2868 2908
f 2908 2868 2867
f 2912 2869 2910
f 2910 2869 2868
f 2913 2870 2912
f 2912 2870 2869
f 2914 2871 2913
f 2913 2871 2870
f 2915 2872 2914
f 2914 2872 2871
f 2916 2873 2915
f 2915 2873 2872
f 2917 2874 2916
f 2916 2874 2873
f 2917 2875 2874
f 2918 2876 2917
f 2917 2876 2875
f 2918 2877 2876
f 2888 2886 2889
f 2887 2886 2888
f 2889 2891 2890
f 2889 2892 2891
f 2885 2883 2886
f 2884 2883 2885
f 2892 2894 2893
f 2889 2895 2892
f 2892 2895 2894
f 2882 2898 2883
f 2881 2898 2882
f 2886 2898 2889
f 2883 2898 2886
f 2889 2898 2895
f 2895 2897 2896
f 2898 2897 2895
f 2907 2824 2877
f 2919 2906 2907
f 2905 2906 2919
f 2920 2905 2919
f 2904 2905 2920
f 2903 2904 2921
f 2922 2903 2921
f 2902 2903 2922
f 2923 2902 2922
f 2901 2902 2923
f 2924 2901 2923
f 2925 2900 2924
f 2899 2900 2925
f 2926 2899 2925
f 2927 2899 2926
f 2834 2899 2927
f 2867 2834 2927
f 2877 2919 2907
f 2928 2921 2904
f 2929 2920 2921
f 2929 2904 2920
f 2929 2921 2928
f 2929 2928 2904
f 2930 2900 2901
f 2930 2901 2924
f 2930 2924 2900
f 2931 2877 2918
f 2932 2919 2933
f 2933 2919 2931
f 2931 2919 2877
f 2934 2920 2932
f 2932 2920 2919
f 2935 2921 2934
f 2934 2921 2920
f 2936 2922 2935
f 2935 2922 2921
f 2937 2923 2936
f 2936 2923 2922
f 2938 2924 2937
f 2937 2924 2923
f 2939 2925 2938
f 2938 2925 2924
f 2939 2926 2925
f 2909 2927 2939
f 2939 2927 2926
f 2909 2867 2927
f 2908 2909 2940
f 2908 2940 2941
f 2942 2911 2908
f 2942 2908 2941
f 2910 2911 2942
f 2943 2910 2942
f 2912 2910 2943
f 2913 2912 2944
f 2945 2913 2944
f 2914 2913 2945
f 2946 2914 2945
f 2915 2914 2946
f 2947 2915 2946
f 2948 2916 2947
f 2917 2916 2948
f 2949 2917 2948
f 2950 2917 2949
f 2918 2917 2950
f 2951 2918 2950
f 2952 2951 2950
f 2953 2912 2943
f 2953 2944 2912
f 2954 2943 2944
f 2954 2953 2943
f 2954 2944 2953
f 2955 2916 2915
f 2955 2915 2947
f 2955 2947 2916
f 2931 2951 2952
f 2931 2918 2951
f 2956 2933 2931
f 2956 2931 2952
f 2932 2933 2956
f 2957 2932 2956
f 2934 2932 2957
f 2935 2934 2958
f 2959 2935 2958
f 2936 2935 2959
f 2960 2936 2959
f 2937 2936 2960
f 2961 2937 2960
f 2962 2938 2961
f 2939 2938 2962
f 2963 2939 2962
f 2964 2939 2963
f 2909 2939 2964
f 2940 2909 2964
f 2941 2940 2964
f 2965 2934 2957
f 2965 2958 2934
f 2966 2957 2958
f 2966 2965 2957
f 2966 2958 2965
f 2967 2938 2937
f 2967 2937 2961
f 2967 2961 2938
f 2942 2968 2943
f 2943 2968 2944
f 2942 2941 2968
f 2944 2969 2945
f 2968 2969 2944
f 2969 2946 2945
f 2963 2970 2964
f 2964 2970 2941
f 2941 2970 2968
f 2963 2962 2970
f 2969 2947 2946
f 2962 2961 2970
f 2947 2971 2948
f 2969 2971 2947
f 2971 2949 2948
f 2971 2950 2949
f 2960 2972 2961
f 2961 2972 2970
f 2971 2952 2950
f 2960 2959 2972
f 2971 2973 2952
f 2973 2956 2952
f 2972 2958 2973
f 2959 2958 2972
f 2958 2957 2973
f 2973 2957 2956
f 2969 2974 2971
f 2974 2975 2971
f 2975 2973 2971
f 2976 2973 2975
f 2976 2977 2973
f 2973 2977 2972
f 2972 2977 2970
f 2977 2978 2970
f 2970 2978 2968
f 2968 2978 2979
f 2979 2974 2968
f 2968 2974 2969
f 2979 2975 2974
f 2978 2977 2976
f 2978 2976 2975
f 2978 2975 2979
f 2980 2981 2982
f 2980 2983 2981
f 2984 2985 2980
f 2984 2980 2982
f 2986 2985 2984
f 2987 2986 2984
f 2988 2986 2987
f 2989 2988 2990
f 2991 2989 2990
f 2992 2989 2991
f 2993 2992 2991
f 2994 2992 2993
f 2995 2994 2993
f 2996 2997 2995
f 2998 2997 2996
f 2999 2998 2996
f 3000 2998 2999
f 3001 2998 3000
f 3002 3001 3000
f 3003 3002 3000
f 3004 2990 2988
f 3005 2987 2990
f 3005 2990 3004
f 3005 2988 2987
f 3005 3004 2988
f 3006 2997 2994
f 3006 2994 2995
f 3006 2995 2997
f 3003 3000 3007
f 2999 3008 3000
f 3000 3008 3007
f 2999 2996 3008
f 2996 3009 3008
f 2996 2995 3009
f 2995 3010 3009
f 2995 2993 3010
f 2993 3011 3010
f 2993 2991 3011
f 2991 3012 3011
f 2991 2990 3012
f 2990 3013 3012
f 2990 2987 3013
f 2987 3014 3013
f 2987 2984 3014
f 2984 3015 3014
f 2984 3016 3015
f 2984 2982 3016
f 2982 3017 3016
f 3018 2986 2988
f 3019 2988 2989
f 3019 3018 2988
f 3020 2985 2986
f 3020 2986 3018
f 2980 2985 3020
f 3021 2989 2992
f 3021 3019 2989
f 3022 2983 2980
f 3022 2980 3020
f 3023 2983 3022
f 3024 3021 2992
f 2994 3024 2992
f 3025 3023 3022
f 3026 3023 3025
f 3027 3024 2994
f 3028 3026 3025
f 3029 3026 3028
f 2997 3027 2994
f 3030 3027 2997
f 3031 3029 3028
f 3032 3031 3028
f 2998 3030 2997
f 3033 3031 3032
f 3034 3030 2998
f 3035 3033 3032
f 3001 3034 2998
f 3036 3034 3001
f 3037 3033 3035
f 3038 3037 3035
f 3039 3036 3001
f 3039 3040 3036
f 3041 3037 3038
f 3041 3038 3040
f 3042 3041 3040
f 3042 3040 3039
f 3016 3043 3044
f 3016 3017 3043
f 3045 3015 3016
f 3045 3016 3044
f 3014 3015 3045
f 3046 3014 3045
f 3013 3014 3046
f 3012 3013 3047
f 3048 3012 3047
f 3011 3012 3048
f 3049 3011 3048
f 3010 3011 3049
f 3050 3010 3049
f 3051 3009 3050
f 3008 3009 3051
f 3052 3008 3051
f 3053 3008 3052
f 3007 3008 3053
f 3054 3007 3053
f 3055 3054 3053
f 3056 3047 3013
f 3057 3046 3047
f 3057 3047 3056
f 3057 3013 3046
f 3057 3056 3013
f 3058 3009 3010
f 3058 3010 3050
f 3058 3050 3009
f 3059 3030 3034
f 3059 3034 3060
f 3061 3027 3030
f 3061 3030 3059
f 3062 3024 3027
f 3062 3027 3061
f 3063 3021 3024
f 3063 3024 3062
f 3064 3019 3021
f 3064 3021 3063
f 3065 3018 3019
f 3065 3019 3064
f 3066 3020 3018
f 3066 3018 3065
f 3067 3020 3066
f 3068 3022 3020
f 3068 3020 3067
f 3069 3022 3068
f 3070 3022 3069
f 3070 3025 3022
f 3071 3028 3025
f 3071 3025 3070
f 3072 3032 3028
f 3072 3028 3071
f 3073 3035 3032
f 3073 3032 3072
f 3074 3038 3035
f 3074 3035 3073
f 3075 3040 3038
f 3075 3038 3074
f 3076 3036 3040
f 3076 3040 3075
f 3077 3034 3036
f 3077 3036 3076
f 3060 3034 3077
f 3039 3001 3002
f 3039 3002 3003
f 3078 3039 3003
f 3042 3039 3078
f 3079 3042 3078
f 3037 3041 3080
f 3081 3037 3080
f 3033 3037 3081
f 3082 3033 3081
f 3031 3033 3082
f 3083 3031 3082
f 3084 3029 3083
f 3026 3029 3084
f 3085 3026 3084
f 3023 3026 3085
f 3086 3023 3085
f 2983 3023 3086
f 2981 2983 3086
f 2982 2981 3086
f 3087 3041 3042
f 3087 3042 3079
f 3088 3079 3080
f 3088 3087 3079
f 3088 3041 3087
f 3088 3080 3041
f 3089 3029 3031
f 3089 3031 3083
f 3089 3083 3029
f 3046 3065 3047
f 3045 3066 3046
f 3046 3066 3065
f 3045 3067 3066
f 3065 3064 3047
f 3064 3048 3047
f 3045 3068 3067
f 3045 3044 3068
f 3044 3069 3068
f 3044 3090 3069
f 3064 3063 3048
f 3063 3049 3048
f 3091 3070 3090
f 3090 3070 3069
f 3063 3062 3049
f 3091 3092 3070
f 3062 3050 3049
f 3092 3071 3070
f 3062 3061 3050
f 3092 3093 3071
f 3061 3051 3050
f 3093 3072 3071
f 3061 3059 3051
f 3059 3052 3051
f 3093 3094 3072
f 3059 3053 3052
f 3094 3073 3072
f 3059 3060 3053
f 3060 3055 3053
f 3060 3077 3055
f 3094 3095 3073
f 3095 3074 3073
f 3077 3096 3055
f 3076 3096 3077
f 3095 3097 3074
f 3074 3097 3075
f 3076 3098 3096
f 3097 3098 3075
f 3075 3098 3076
f 2982 3086 3017
f 3085 3099 3086
f 3086 3099 3017
f 3085 3084 3099
f 3084 3100 3099
f 3084 3083 3100
f 3083 3101 3100
f 3083 3082 3101
f 3082 3102 3101
f 3082 3081 3102
f 3081 3103 3102
f 3081 3080 3103
f 3080 3104 3103
f 3080 3079 3104
f 3079 3105 3104
f 3079 3078 3105
f 3078 3106 3105
f 3078 3107 3106
f 3078 3003 3107
f 3003 3007 3107
f 3107 3007 3054
f 3107 3054 3055
f 3096 3106 3107
f 3096 3107 3055
f 3105 3106 3096
f 3098 3105 3096
f 3104 3105 3098
f 3103 3104 3097
f 3095 3103 3097
f 3102 3103 3095
f 3094 3102 3095
f 3101 3102 3094
f 3093 3101 3094
f 3092 3100 3093
f 3099 3100 3092
f 3091 3099 3092
f 3090 3099 3091
f 3017 3099 3090
f 3043 3017 3090
f 3044 3043 3090
f 3108 3097 3104
f 3109 3098 3097
f 3109 3097 3108
f 3109 3108 3104
f 3109 3104 3098
f 3110 3100 3101
f 3110 3101 3093
f 3110 3093 3100
f 3111 3112 3113
f 3111 3114 3112
f 3115 3116 3111
f 3115 3111 3113
f 3117 3116 3115
f 3118 3117 3115
f 3119 3117 3118
f 3120 3119 3121
f 3122 3120 3121
f 3123 3120 3122
f 3124 3123 3122
f 3125 3123 3124
f 3126 3125 3124
f 3127 3128 3126
f 3129 3128 3127
f 3130 3129 3127
f 3131 3129 3130
f 3132 3129 3131
f 3133 3132 3131
f 3134 3133 3131
f 3135 3121 3119
f 3136 3118 3121
f 3136 3121 3135
f 3136 3119 3118
f 3136 3135 3119
f 3137 3128 3125
f 3137 3125 3126
f 3137 3126 3128
f 3118 3138 3121
f 3115 3139 3118
f 3118 3139 3138
f 3115 3140 3139
f 3121 3141 3122
f 3138 3141 3121
f 3113 3142 3115
f 3115 3142 3140
f 3113 3143 3142
f 3113 3144 3143
f 3141 3145 3122
f 3145 3124 3122
f 3146 3147 3144
f 3144 3147 3143
f 3145 3148 3124
f 3146 3149 3147
f 3148 3126 3124
f 3149 3150 3147
f 3148 3151 3126
f 3149 3152 3150
f 3151 3127 3126
f 3152 3153 3150
f 3151 3154 3127
f 3154 3130 3127
f 3152 3155 3153
f 3155 3156 3153
f 3154 3131 3130
f 3154 3157 3131
f 3157 3134 3131
f 3157 3158 3134
f 3155 3159 3156
f 3159 3160 3156
f 3158 3161 3134
f 3162 3161 3158
f 3159 3163 3160
f 3160 3163 3164
f 3162 3165 3161
f 3163 3165 3164
f 3164 3165 3162
f 3114 3111 3166
f 3116 3167 3111
f 3111 3167 3166
f 3116 3117 3167
f 3117 3168 3167
f 3117 3119 3168
f 3119 3169 3168
f 3119 3120 3169
f 3120 3170 3169
f 3120 3123 3170
f 3123 3171 3170
f 3123 3125 3171
f 3125 3172 3171
f 3125 3128 3172
f 3128 3173 3172
f 3128 3129 3173
f 3129 3174 3173
f 3129 3175 3174
f 3129 3132 3175
f 3132 3176 3175
f 3177 3142 3143
f 3178 3142 3177
f 3179 3140 3178
f 3178 3140 3142
f 3180 3139 3179
f 3179 3139 3140
f 3181 3138 3180
f 3180 3138 3139
f 3182 3141 3181
f 3181 3141 3138
f 3183 3145 3182
f 3182 3145 3141
f 3184 3148 3185
f 3185 3148 3183
f 3183 3148 3145
f 3184 3151 3148
f 3186 3154 3184
f 3184 3154 3151
f 3187 3157 3186
f 3186 3157 3154
f 3188 3157 3187
f 3189 3158 3188
f 3188 3158 3157
f 3190 3162 3189
f 3189 3162 3158
f 3191 3164 3190
f 3190 3164 3162
f 3192 3160 3191
f 3191 3160 3164
f 3193 3156 3192
f 3192 3156 3160
f 3194 3153 3193
f 3193 3153 3156
f 3195 3150 3194
f 3194 3150 3153
f 3177 3147 3196
f 3196 3147 3195
f 3195 3147 3150
f 3177 3143 3147
f 3197 3132 3133
f 3197 3133 3134
f 3161 3198 3197
f 3161 3197 3134
f 3199 3198 3161
f 3165 3199 3161
f 3200 3199 3165
f 3201 3200 3163
f 3159 3201 3163
f 3202 3201 3159
f 3155 3202 3159
f 3203 3202 3155
f 3152 3203 3155
f 3149 3204 3152
f 3205 3204 3149
f 3146 3205 3149
f 3144 3205 3146
f 3114 3205 3144
f 3112 3114 3144
f 3113 3112 3144
f 3206 3163 3200
f 3207 3165 3163
f 3207 3163 3206
f 3207 3206 3200
f 3207 3200 3165
f 3208 3204 3203
f 3208 3203 3152
f 3208 3152 3204
f 3175 3176 3209
f 3210 3174 3175
f 3173 3174 3210
f 3211 3173 3210
f 3172 3173 3211
f 3171 3172 3212
f 3213 3171 3212
f 3170 3171 3213
f 3214 3170 3213
f 3169 3170 3214
f 3215 3169 3214
f 3216 3168 3215
f 3167 3168 3216
f 3217 3167 3216
f 3218 3167 3217
f 3166 3167 3218
f 3219 3166 3218
f 3209 3210 3175
f 3220 3212 3172
f 3221 3211 3212
f 3221 3172 3211
f 3221 3212 3220
f 3221 3220 3172
f 3222 3168 3169
f 3222 3169 3215
f 3222 3215 3168
f 3223 3193 3192
f 3224 3193 3223
f 3224 3194 3193
f 3224 3225 3194
f 3226 3195 3225
f 3225 3195 3194
f 3227 3196 3226
f 3226 3196 3195
f 3228 3177 3227
f 3227 3177 3196
f 3228 3178 3177
f 3228 3229 3178
f 3229 3179 3178
f 3230 3180 3229
f 3229 3180 3179
f 3231 3181 3230
f 3230 3181 3180
f 3231 3232 3181
f 3232 3182 3181
f 3233 3183 3232
f 3232 3183 3182
f 3233 3185 3183
f 3233 3234 3185
f 3235 3184 3234
f 3234 3184 3185
f 3236 3186 3235
f 3235 3186 3184
f 3237 3187 3236
f 3236 3187 3186
f 3237 3188 3187
f 3237 3238 3188
f 3238 3189 3188
f 3239 3190 3238
f 3238 3190 3189
f 3240 3191 3239
f 3239 3191 3190
f 3240 3223 3191
f 3223 3192 3191
f 3132 3197 3176
f 3198 3241 3197
f 3197 3241 3176
f 3198 3199 3241
f 3199 3242 3241
f 3199 3200 3242
f 3200 3243 3242
f 3200 3201 3243
f 3201 3244 3243
f 3201 3202 3244
f 3202 3245 3244
f 3202 3203 3245
f 3203 3246 3245
f 3203 3204 3246
f 3204 3247 3246
f 3204 3205 3247
f 3205 3248 3247
f 3205 3249 3248
f 3205 3114 3249
f 3114 3166 3249
f 3250 3209 3251
f 3252 3210 3253
f 3253 3210 3250
f 3250 3210 3209
f 3254 3211 3252
f 3252 3211 3210
f 3255 3212 3254
f 3254 3212 3211
f 3256 3213 3255
f 3255 3213 3212
f 3257 3214 3256
f 3256 3214 3213
f 3258 3215 3257
f 3257 3215 3214
f 3259 3216 3258
f 3258 3216 3215
f 3259 3217 3216
f 3260 3218 3259
f 3259 3218 3217
f 3260 3219 3218
f 3230 3228 3231
f 3229 3228 3230
f 3231 3233 3232
f 3231 3234 3233
f 3227 3225 3228
f 3226 3225 3227
f 3234 3236 3235
f 3231 3237 3234
f 3234 3237 3236
f 3224 3240 3225
f 3223 3240 3224
f 3228 3240 3231
f 3225 3240 3228
f 3231 3240 3237
f 3237 3239 3238
f 3240 3239 3237
f 3249 3166 3219
f 3261 3248 3249
f 3247 3248 3261
f 3262 3247 3261
f 3246 3247 3262
f 3245 3246 3263
f 3264 3245 3263
f 3244 3245 3264
f 3265 3244 3264
f 3243 3244 3265
f 3266 3243 3265
f 3267 3242 3266
f 3241 3242 3267
f 3268 3241 3267
f 3269 3241 3268
f 3176 3241 3269
f 3209 3176 3269
f 3219 3261 3249
f 3270 3263 3246
f 3271 3262 3263
f 3271 3246 3262
f 3271 3263 3270
f 3271 3270 3246
f 3272 3242 3243
f 3272 3243 3266
f 3272 3266 3242
f 3273 3219 3260
f 3274 3261 3275
f 3275 3261 3273
f 3273 3261 3219
f 3276 3262 3274
f 3274 3262 3261
f 3277 3263 3276
f 3276 3263 3262
f 3278 3264 3277
f 3277 3264 3263
f 3279 3265 3278
f 3278 3265 3264
f 3280 3266 3279
f 3279 3266 3265
f 3281 3267 3280
f 3280 3267 3266
f 3281 3268 3267
f 3251 3269 3281
f 3281 3269 3268
f 3251 3209 3269
f 3250 3251 3282
f 3250 3282 3283
f 3284 3253 3250
f 3284 3250 3283
f 3252 3253 3284
f 3285 3252 3284
f 3254 3252 3285
f 3255 3254 3286
f 3287 3255 3286
f 3256 3255 3287
f 3288 3256 3287
f 3257 3256 3288
f 3289 3257 3288
f 3290 3258 3289
f 3259 3258 3290
f 3291 3259 3290
f 3292 3259 3291
f 3260 3259 3292
f 3293 3260 3292
f 3294 3293 3292
f 3295 3254 3285
f 3295 3286 3254
f 3296 3285 3286
f 3296 3295 3285
f 3296 3286 3295
f 3297 3258 3257
f 3297 3257 3289
f 3297 3289 3258
f 3273 3293 3294
f 3273 3260 3293
f 3298 3275 3273
f 3298 3273 3294
f 3274 3275 3298
f 3299 3274 3298
f 3276 3274 3299
f 3277 3276 3300
f 3301 3277 3300
f 3278 3277 3301
f 3302 3278 3301
f 3279 3278 3302
f 3303 3279 3302
f 3304 3280 3303
f 3281 3280 3304
f 3305 3281 3304
f 3306 3281 3305
f 3251 3281 3306
f 3282 3251 3306
f 3283 3282 3306
f 3307 3276 3299
f 3307 3300 3276
f 3308 3299 3300
f 3308 3307 3299
f 3308 3300 3307
f 3309 3280 3279
f 3309 3279 3303
f 3309 3303 3280
f 3284 3310 3285
f 3285 3310 3286
f 3284 3283 3310
f 3286 3311 3287
f 3310 3311 3286
f 3311 3288 3287
f 3305 3312 3306
f 3306 3312 3283
f 3283 3312 3310
f 3305 3304 3312
f 3311 3289 3288
f 3304 3303 3312
f 3289 3313 3290
f 3311 3313 3289
f 3313 3291 3290
f 3313 3292 3291
f 3302 3314 3303
f 3303 3314 3312
f 3313 3294 3292
f 3302 3301 3314
f 3313 3315 3294
f 3315 3298 3294
f 3314 3300 3315
f 3301 3300 3314
f 3300 3299 3315
f 3315 3299 3298
f 3311 3316 3313
f 3316 3317 3313
f 3317 3315 3313
f 3318 3315 3317
f 3318 3319 3315
f 3315 3319 3314
f 3314 3319 3312
f 3319 3320 3312
f 3312 3320 3310
f 3310 3320 3321
f 3321 3316 3310
f 3310 3316 3311
f 3321 3317 3316
f 3320 3319 3318
f 3320 3318 3317
f 3320 3317 3321
f 3322 3323 3324
f 3322 3325 3323
f 3326 3327 3322
f 3326 3322 3324
f 3328 3327 3326
f 3329 3328 3326
f 3330 3328 3329
f 3331 3330 3332
f 3333 3331 3332
f 3334 3331 3333
f 3335 3334 3333
f 3336 3334 3335
f 3337 3336 3335
f 3338 3339 3337
f 3340 3339 3338
f 3341 3340 3338
f 3342 3340 3341
f 3343 3340 3342
f 3344 3343 3342
f 3345 3344 3342
f 3346 3332 3330
f 3347 3329 3332
f 3347 3332 3346
f 3347 3330 3329
f 3347 3346 3330
f 3348 3339 3336
f 3348 3336 3337
f 3348 3337 3339
f 3345 3342 3349
f 3341 3350 3342
f 3342 3350 3349
f 3341 3338 3350
f 3338 3351 3350
f 3338 3337 3351
f 3337 3352 3351
f 3337 3335 3352
f 3335 3353 3352
f 3335 3333 3353
f 3333 3354 3353
f 3333 3332 3354
f 3332 3355 3354
f 3332 3329 3355
f 3329 3356 3355
f 3329 3326 3356
f 3326 3357 3356
f 3326 3358 3357
f 3326 3324 3358
f 3324 3359 3358
f 3360 3328 3330
f 3361 3330 3331
f 3361 3360 3330
f 3362 3327 3328
f 3362 3328 3360
f 3322 3327 3362
f 3363 3331 3334
f 3363 3361 3331
f 3364 3325 3322
f 3364 3322 3362
f 3365 3325 3364
f 3366 3363 3334
f 3336 3366 3334
f 3367 3365 3364
f 3368 3365 3367
f 3369 3366 3336
f 3370 3368 3367
f 3371 3368 3370
f 3339 3369 3336
f 3372 3369 3339
f 3373 3371 3370
f 3374 3373 3370
f 3340 3372 3339
f 3375 3373 3374
f 3376 3372 3340
f 3377 3375 3374
f 3343 3376 3340
f 3378 3376 3343
f 3379 3375 3377
f 3380 3379 3377
f 3381 3378 3343
f 3381 3382 3378
f 3383 3379 3380
f 3383 3380 3382
f 3384 3383 3382
f 3384 3382 3381
f 3358 3385 3386
f 3358 3359 3385
f 3387 3357 3358
f 3387 3358 3386
f 3356 3357 3387
f 3388 3356 3387
f 3355 3356 3388
f 3354 3355 3389
f 3390 3354 3389
f 3353 3354 3390
f 3391 3353 3390
f 3352 3353 3391
f 3392 3352 3391
f 3393 3351 3392
f 3350 3351 3393
f 3394 3350 3393
f 3395 3350 3394
f 3349 3350 3395
f 3396 3349 3395
f 3397 3396 3395
f 3398 3389 3355
f 3399 3388 3389
f 3399 3389 3398
f 3399 3355 3388
f 3399 3398 3355
f 3400 3351 3352
f 3400 3352 3392
f 3400 3392 3351
f 3401 3372 3376
f 3401 3376 3402
f 3403 3369 3372
f 3403 3372 3401
f 3404 3366 3369
f 3404 3369 3403
f 3405 3363 3366
f 3405 3366 3404
f 3406 3361 3363
f 3406 3363 3405
f 3407 3360 3361
f 3407 3361 3406
f 3408 3362 3360
f 3408 3360 3407
f 3409 3362 3408
f 3410 3364 3362
f 3410 3362 3409
f 3411 3364 3410
f 3412 3364 3411
f 3412 3367 3364
f 3413 3370 3367
f 3413 3367 3412
f 3414 3374 3370
f 3414 3370 3413
f 3415 3377 3374
f 3415 3374 3414
f 3416 3380 3377
f 3416 3377 3415
f 3417 3382 3380
f 3417 3380 3416
f 3418 3378 3382
f 3418 3382 3417
f 3419 3376 3378
f 3419 3378 3418
f 3402 3376 3419
f 3381 3343 3344
f 3381 3344 3345
f 3420 3381 3345
f 3384 3381 3420
f 3421 3384 3420
f 3379 3383 3422
f 3423 3379 3422
f 3375 3379 3423
f 3424 3375 3423
f 3373 3375 3424
f 3425 3373 3424
f 3426 3371 3425
f 3368 3371 3426
f 3427 3368 3426
f 3365 3368 3427
f 3428 3365 3427
f 3325 3365 3428
f 3323 3325 3428
f 3324 3323 3428
f 3429 3383 3384
f 3429 3384 3421
f 3430 3421 3422
f 3430 3429 3421
f 3430 3383 3429
f 3430 3422 3383
f 3431 3371 3373
f 3431 3373 3425
f 3431 3425 3371
f 3388 3407 3389
f 3387 3408 3388
f 3388 3408 3407
f 3387 3409 3408
f 3407 3406 3389
f 3406 3390 3389
f 3387 3410 3409
f 3387 3386 3410
f 3386 3411 3410
f 3386 3432 3411
f 3406 3405 3390
f 3405 3391 3390
f 3433 3412 3432
f 3432 3412 3411
f 3405 3404 3391
f 3433 3434 3412
f 3404 3392 3391
f 3434 3413 3412
f 3404 3403 3392
f 3434 3435 3413
f 3403 3393 3392
f 3435 3414 3413
f 3403 3401 3393
f 3401 3394 3393
f 3435 3436 3414
f 3401 3395 3394
f 3436 3415 3414
f 3401 3402 3395
f 3402 3397 3395
f 3402 3419 3397
f 3436 3437 3415
f 3437 3416 3415
f 3419 3438 3397
f 3418 3438 3419
f 3437 3439 3416
f 3416 3439 3417
f 3418 3440 3438
f 3439 3440 3417
f 3417 3440 3418
f 3324 3428 3359
f 3427 3441 3428
f 3428 3441 3359
f 3427 3426 3441
f 3426 3442 3441
f 3426 3425 3442
f 3425 3443 3442
f 3425 3424 3443
f 3424 3444 3443
f 3424 3423 3444
f 3423 3445 3444
f 3423 3422 3445
f 3422 3446 3445
f 3422 3421 3446
f 3421 3447 3446
f 3421 3420 3447
f 3420 3448 3447
f 3420 3449 3448
f 3420 3345 3449
f 3345 3349 3449
f 3449 3349 3396
f 3449 3396 3397
f 3438 3448 3449
f 3438 3449 3397
f 3447 3448 3438
f 3440 3447 3438
f 3446 3447 3440
f 3445 3446 3439
f 3437 3445 3439
f 3444 3445 3437
f 3436 3444 3437
f 3443 3444 3436
f 3435 3443 3436
f 3434 3442 3435
f 3441 3442 3434
f 3433 3441 3434
f 3432 3441 3433
f 3359 3441 3432
f 3385 3359 3432
f 3386 3385 3432
f 3450 3439 3446
f 3451 3440 3439
f 3451 3439 3450
f 3451 3450 3446
f 3451 3446 3440
f 3452 3442 3443
f 3452 3443 3435
f 3452 3435 3442
f 3453 3454 3455
f 3453 3456 3454
f 3457 3458 3453
f 3457 3453 3455
f 3459 3458 3457
f 3460 3459 3457
f 3461 3459 3460
f 3462 3461 3463
f 3464 3462 3463
f 3465 3462 3464
f 3466 3465 3464
f 3467 3465 3466
f 3468 3467 3466
f 3469 3470 3468
f 3471 3470 3469
f 3472 3471 3469
f 3473 3471 3472
f 3474 3471 3473
f 3475 3474 3473
f 3476 3475 3473
f 3477 3463 3461
f 3478 3460 3463
f 3478 3463 3477
f 3478 3461 3460
f 3478 3477 3461
f 3479 3470 3467
f 3479 3467 3468
f 3479 3468 3470
f 3460 3480 3463
f 3457 3481 3460
f 3460 3481 3480
f 3457 3482 3481
f 3463 3483 3464
f 3480 3483 3463
f 3455 3484 3457
f 3457 3484 3482
f 3455 3485 3484
f 3455 3486 3485
f 3483 3487 3464
f 3487 3466 3464
f 3488 3489 3486
f 3486 3489 3485
f 3487 3490 3466
f 3488 3491 3489
f 3490 3468 3466
f 3491 3492 3489
f 3490 3493 3468
f 3491 3494 3492
f 3493 3469 3468
f 3494 3495 3492
f 3493 3496 3469
f 3496 3472 3469
f 3494 3497 3495
f 3497 3498 3495
f 3496 3473 3472
f 3496 3499 3473
f 3499 3476 3473
f 3499 3500 3476
f 3497 3501 3498
f 3501 3502 3498
f 3500 3503 3476
f 3504 3503 3500
f 3501 3505 3502
f 3502 3505 3506
f 3504 3507 3503
f 3505 3507 3506
f 3506 3507 3504
f 3456 3453 3508
f 3458 3509 3453
f 3453 3509 3508
f 3458 3459 3509
f 3459 3510 3509
f 3459 3461 3510
f 3461 3511 3510
f 3461 3462 3511
f 3462 3512 3511
f 3462 3465 3512
f 3465 3513 3512
f 3465 3467 3513
f 3467 3514 3513
f 3467 3470 3514
f 3470 3515 3514
f 3470 3471 3515
f 3471 3516 3515
f 3471 3517 3516
f 3471 3474 3517
f 3474 3518 3517
f 3519 3484 3485
f 3520 3484 3519
f 3521 3482 3520
f 3520 3482 3484
f 3522 3481 3521
f 3521 3481 3482
f 3523 3480 3522
f 3522 3480 3481
f 3524 3483 3523
f 3523 3483 3480
f 3525 3487 3524
f 3524 3487 3483
f 3526 3490 3527
f 3527 3490 3525
f 3525 3490 3487
f 3526 3493 3490
f 3528 3496 3526
f 3526 3496 3493
f 3529 3499 3528
f 3528 3499 3496
f 3530 3499 3529
f 3531 3500 3530
f 3530 3500 3499
f 3532 3504 3531
f 3531 3504 3500
f 3533 3506 3532
f 3532 3506 3504
f 3534 3502 3533
f 3533 3502 3506
f 3535 3498 3534
f 3534 3498 3502
f 3536 3495 3535
f 3535 3495 3498
f 3537 3492 3536
f 3536 3492 3495
f 3519 3489 3538
f 3538 3489 3537
f 3537 3489 3492
f 3519 3485 3489
f 3539 3474 3475
f 3539 3475 3476
f 3503 3540 3539
f 3503 3539 3476
f 3541 3540 3503
f 3507 3541 3503
f 3542 3541 3507
f 3543 3542 3505
f 3501 3543 3505
f 3544 3543 3501
f 3497 3544 3501
f 3545 3544 3497
f 3494 3545 3497
f 3491 3546 3494
f 3547 3546 3491
f 3488 3547 3491
f 3486 3547 3488
f 3456 3547 3486
f 3454 3456 3486
f 3455 3454 3486
f 3548 3505 3542
f 3549 3507 3505
f 3549 3505 3548
f 3549 3548 3542
f 3549 3542 3507
f 3550 3546 3545
f 3550 3545 3494
f 3550 3494 3546
f 3517 3518 3551
f 3552 3516 3517
f 3515 3516 3552
f 3553 3515 3552
f 3514 3515 3553
f 3513 3514 3554
f 3555 3513 3554
f 3512 3513 3555
f 3556 3512 3555
f 3511 3512 3556
f 3557 3511 3556
f 3558 3510 3557
f 3509 3510 3558
f 3559 3509 3558
f 3560 3509 3559
f 3508 3509 3560
f 3561 3508 3560
f 3551 3552 3517
f 3562 3554 3514
f 3563 3553 3554
f 3563 3514 3553
f 3563 3554 3562
f 3563 3562 3514
f 3564 3510 3511
f 3564 3511 3557
f 3564 3557 3510
f 3565 3535 3534
f 3566 3535 3565
f 3566 3536 3535
f 3566 3567 3536
f 3568 3537 3567
f 3567 3537 3536
f 3569 3538 3568
f 3568 3538 3537
f 3570 3519 3569
f 3569 3519 3538
f 3570 3520 3519
f 3570 3571 3520
f 3571 3521 3520
f 3572 3522 3571
f 3571 3522 3521
f 3573 3523 3572
f 3572 3523 3522
f 3573 3574 3523
f 3574 3524 3523
f 3575 3525 3574
f 3574 3525 3524
f 3575 3527 3525
f 3575 3576 3527
f 3577 3526 3576
f 3576 3526 3527
f 3578 3528 3577
f 3577 3528 3526
f 3579 3529 3578
f 3578 3529 3528
f 3579 3530 3529
f 3579 3580 3530
f 3580 3531 3530
f 3581 3532 3580
f 3580 3532 3531
f 3582 3533 3581
f 3581 3533 3532
f 3582 3565 3533
f 3565 3534 3533
f 3474 3539 3518
f 3540 3583 3539
f 3539 3583 3518
f 3540 3541 3583
f 3541 3584 3583
f 3541 3542 3584
f 3542 3585 3584
f 3542 3543 3585
f 3543 3586 3585
f 3543 3544 3586
f 3544 3587 3586
f 3544 3545 3587
f 3545 3588 3587
f 3545 3546 3588
f 3546 3589 3588
f 3546 3547 3589
f 3547 3590 3589
f 3547 3591 3590
f 3547 3456 3591
f 3456 3508 3591
f 3592 3551 3593
f 3594 3552 3595
f 3595 3552 3592
f 3592 3552 3551
f 3596 3553 3594
f 3594 3553 3552
f 3597 3554 3596
f 3596 3554 3553
f 3598 3555 3597
f 3597 3555 3554
f 3599 3556 3598
f 3598 3556 3555
f 3600 3557 3599
f 3599 3557 3556
f 3601 3558 3600
f 3600 3558 3557
f 3601 3559 3558
f 3602 3560 3601
f 3601 3560 3559
f 3602 3561 3560
f 3572 3570 3573
f 3571 3570 3572
f 3573 3575 3574
f 3573 3576 3575
f 3569 3567 3570
f 3568 3567 3569
f 3576 3578 3577
f 3573 3579 3576
f 3576 3579 3578
f 3566 3582 3567
f 3565 3582 3566
f 3570 3582 3573
f 3567 3582 3570
f 3573 3582 3579
f 3579 3581 3580
f 3582 3581 3579
f 3591 3508 3561
f 3603 3590 3591
f 3589 3590 3603
f 3604 3589 3603
f 3588 3589 3604
f 3587 3588 3605
f 3606 3587 3605
f 3586 3587 3606
f 3607 3586 3606
f 3585 3586 3607
f 3608 3585 3607
f 3609 3584 3608
f 3583 3584 3609
f 3610 3583 3609
f 3611 3583 3610
f 3518 3583 3611
f 3551 3518 3611
f 3561 3603 3591
f 3612 3605 3588
f 3613 3604 3605
f 3613 3588 3604
f 3613 3605 3612
f 3613 3612 3588
f 3614 3584 3585
f 3614 3585 3608
f 3614 3608 3584
f 3615 3561 3602
f 3616 3603 3617
f 3617 3603 3615
f 3615 3603 3561
f 3618 3604 3616
f 3616 3604 3603
f 3619 3605 3618
f 3618 3605 3604
f 3620 3606 3619
f 3619 3606 3605
f 3621 3607 3620
f 3620 3607 3606
f 3622 3608 3621
f 3621 3608 3607
f 3623 3609 3622
f 3622 3609 3608
f 3623 3610 3609
f 3593 3611 3623
f 3623 3611 3610
f 3593 3551 3611
f 3592 3593 3624
f 3592 3624 3625
f 3626 3595 3592
f 3626 3592 3625
f 3594 3595 3626
f 3627 3594 3626
f 3596 3594 3627
f 3597 3596 3628
f 3629 3597 3628
f 3598 3597 3629
f 3630 3598 3629
f 3599 3598 3630
f 3631 3599 3630
f 3632 3600 3631
f 3601 3600 3632
f 3633 3601 3632
f 3634 3601 3633
f 3602 3601 3634
f 3635 3602 3634
f 3636 3635 3634
f 3637 3596 3627
f 3637 3628 3596
f 3638 3627 3628
f 3638 3637 3627
f 3638 3628 3637
f 3639 3600 3599
f 3639 3599 3631
f 3639 3631 3600
f 3615 3635 3636
f 3615 3602 3635
f 3640 3617 3615
f 3640 3615 3636
f 3616 3617 3640
f 3641 3616 3640
f 3618 3616 3641
f 3619 3618 3642
f 3643 3619 3642
f 3620 3619 3643
f 3644 3620 3643
f 3621 3620 3644
f 3645 3621 3644
f 3646 3622 3645
f 3623 3622 3646
f 3647 3623 3646
f 3648 3623 3647
f 3593 3623 3648
f 3624 3593 3648
f 3625 3624 3648
f 3649 3618 3641
f 3649 3642 3618
f 3650 3641 3642
f 3650 3649 3641
f 3650 3642 3649
f 3651 3622 3621
f 3651 3621 3645
f 3651 3645 3622
f 3626 3652 3627
f 3627 3652 3628
f 3626 3625 3652
f 3628 3653 3629
f 3652 3653 3628
f 3653 3630 3629
f 3647 3654 3648
f 3648 3654 3625
f 3625 3654 3652
f 3647 3646 3654
f 3653 3631 3630
f 3646 3645 3654
f 3631 3655 3632
f 3653 3655 3631
f 3655 3633 3632
f 3655 3634 3633
f 3644 3656 3645
f 3645 3656 3654
f 3655 3636 3634
f 3644 3643 3656
f 3655 3657 3636
f 3657 3640 3636
f 3656 3642 3657
f 3643 3642 3656
f 3642 3641 3657
f 3657 3641 3640
f 3653 3658 3655
f 3658 3659 3655
f 3659 3657 3655
f 3660 3657 3659
f 3660 3661 3657
f 3657 3661 3656
f 3656 3661 3654
f 3661 3662 3654
f 3654 3662 3652
f 3652 3662 3663
f 3663 3658 3652
f 3652 3658 3653
f 3663 3659 3658
f 3662 3661 3660
f 3662 3660 3659
f 3662 3659 3663
f 3664 3665 3666
f 3664 3667 3665
f 3668 3669 3664
f 3668 3664 3666
f 3670 3669 3668
f 3671 3670 3668
f 3672 3670 3671
f 3673 3672 3674
f 3675 3673 3674
f 3676 3673 3675
f 3677 3676 3675
f 3678 3676 3677
f 3679 3678 3677
f 3680 3681 3679
f 3682 3681 3680
f 3683 3682 3680
f 3684 3682 3683
f 3685 3682 3684
f 3686 3685 3684
f 3687 3686 3684
f 3688 3674 3672
f 3689 3671 3674
f 3689 3674 3688
f 3689 3672 3671
f 3689 3688 3672
f 3690 3681 3678
f 3690 3678 3679
f 3690 3679 3681
f 3687 3684 3691
f 3683 3692 3684
f 3684 3692 3691
f 3683 3680 3692
f 3680 3693 3692
f 3680 3679 3693
f 3679 3694 3693
f 3679 3677 3694
f 3677 3695 3694
f 3677 3675 3695
f 3675 3696 3695
f 3675 3674 3696
f 3674 3697 3696
f 3674 3671 3697
f 3671 3698 3697
f 3671 3668 3698
f 3668 3699 3698
f 3668 3700 3699
f 3668 3666 3700
f 3666 3701 3700
f 3702 3670 3672
f 3703 3672 3673
f 3703 3702 3672
f 3704 3669 3670
f 3704 3670 3702
f 3664 3669 3704
f 3705 3673 3676
f 3705 3703 3673
f 3706 3667 3664
f 3706 3664 3704
f 3707 3667 3706
f 3708 3705 3676
f 3678 3708 3676
f 3709 3707 3706
f 3710 3707 3709
f 3711 3708 3678
f 3712 3710 3709
f 3713 3710 3712
f 3681 3711 3678
f 3714 3711 3681
f 3715 3713 3712
f 3716 3715 3712
f 3682 3714 3681
f 3717 3715 3716
f 3718 3714 3682
f 3719 3717 3716
f 3685 3718 3682
f 3720 3718 3685
f 3721 3717 3719
f 3722 3721 3719
f 3723 3720 3685
f 3723 3724 3720
f 3725 3721 3722
f 3725 3722 3724
f 3726 3725 3724
f 3726 3724 3723
f 3700 3727 3728
f 3700 3701 3727
f 3729 3699 3700
f 3729 3700 3728
f 3698 3699 3729
f 3730 3698 3729
f 3697 3698 3730
f 3696 3697 3731
f 3732 3696 3731
f 3695 3696 3732
f 3733 3695 3732
f 3694 3695 3733
f 3734 3694 3733
f 3735 3693 3734
f 3692 3693 3735
f 3736 3692 3735
f 3737 3692 3736
f 3691 3692 3737
f 3738 3691 3737
f 3739 3738 3737
f 3740 3731 3697
f 3741 3730 3731
f 3741 3731 3740
f 3741 3697 3730
f 3741 3740 3697
f 3742 3693 3694
f 3742 3694 3734
f 3742 3734 3693
f 3743 3714 3718
f 3743 3718 3744
f 3745 3711 3714
f 3745 3714 3743
f 3746 3708 3711
f 3746 3711 3745
f 3747 3705 3708
f 3747 3708 3746
f 3748 3703 3705
f 3748 3705 3747
f 3749 3702 3703
f 3749 3703 3748
f 3750 3704 3702
f 3750 3702 3749
f 3751 3704 3750
f 3752 3706 3704
f 3752 3704 3751
f 3753 3706 3752
f 3754 3706 3753
f 3754 3709 3706
f 3755 3712 3709
f 3755 3709 3754
f 3756 3716 3712
f 3756 3712 3755
f 3757 3719 3716
f 3757 3716 3756
f 3758 3722 3719
f 3758 3719 3757
f 3759 3724 3722
f 3759 3722 3758
f 3760 3720 3724
f 3760 3724 3759
f 3761 3718 3720
f 3761 3720 3760
f 3744 3718 3761
f 3723 3685 3686
f 3723 3686 3687
f 3762 3723 3687
f 3726 3723 3762
f 3763 3726 3762
f 3721 3725 3764
f 3765 3721 3764
f 3717 3721 3765
f 3766 3717 3765
f 3715 3717 3766
f 3767 3715 3766
f 3768 3713 3767
f 3710 3713 3768
f 3769 3710 3768
f 3707 3710 3769
f 3770 3707 3769
f 3667 3707 3770
f 3665 3667 3770
f 3666 3665 3770
f 3771 3725 3726
f 3771 3726 3763
f 3772 3763 3764
f 3772 3771 3763
f 3772 3725 3771
f 3772 3764 3725
f 3773 3713 3715
f 3773 3715 3767
f 3773 3767 3713
f 3730 3749 3731
f 3729 3750 3730
f 3730 3750 3749
f 3729 3751 3750
f 3749 3748 3731
f 3748 3732 3731
f 3729 3752 3751
f 3729 3728 3752
f 3728 3753 3752
f 3728 3774 3753
f 3748 3747 3732
f 3747 3733 3732
f 3775 3754 3774
f 3774 3754 3753
f 3747 3746 3733
f 3775 3776 3754
f 3746 3734 3733
f 3776 3755 3754
f 3746 3745 3734
f 3776 3777 3755
f 3745 3735 3734
f 3777 3756 3755
f 3745 3743 3735
f 3743 3736 3735
f 3777 3778 3756
f 3743 3737 3736
f 3778 3757 3756
f 3743 3744 3737
f 3744 3739 3737
f 3744 3761 3739
f 3778 3779 3757
f 3779 3758 3757
f 3761 3780 3739
f 3760 3780 3761
f 3779 3781 3758
f 3758 3781 3759
f 3760 3782 3780
f 3781 3782 3759
f 3759 3782 3760
f 3666 3770 3701
f 3769 3783 3770
f 3770 3783 3701
f 3769 3768 3783
f 3768 3784 3783
f 3768 3767 3784
f 3767 3785 3784
f 3767 3766 3785
f 3766 3786 3785
f 3766 3765 3786
f 3765 3787 3786
f 3765 3764 3787
f 3764 3788 3787
f 3764 3763 3788
f 3763 3789 3788
f 3763 3762 3789
f 3762 3790 3789
f 3762 3791 3790
f 3762 3687 3791
f 3687 3691 3791
f 3791 3691 3738
f 3791 3738 3739
f 3780 3790 3791
f 3780 3791 3739
f 3789 3790 3780
f 3782 3789 3780
f 3788 3789 3782
f 3787 3788 3781
f 3779 3787 3781
f 3786 3787 3779
f 3778 3786 3779
f 3785 3786 3778
f 3777 3785 3778
f 3776 3784 3777
f 3783 3784 3776
f 3775 3783 3776
f 3774 3783 3775
f 3701 3783 3774
f 3727 3701 3774
f 3728 3727 3774
f 3792 3781 3788
f 3793 3782 3781
f 3793 3781 3792
f 3793 3792 3788
f 3793 3788 3782
f 3794 3784 3785
f 3794 3785 3777
f 3794 3777 3784
f 3795 3796 3797
f 3795 3798 3796
f 3799 3800 3795
f 3799 3795 3797
f 3801 3800 3799
f 3802 3801 3799
f 3803 3801 3802
f 3804 3803 3805
f 3806 3804 3805
f 3807 3804 3806
f 3808 3807 3806
f 3809 3807 3808
f 3810 3809 3808
f 3811 3812 3810
f 3813 3812 3811
f 3814 3813 3811
f 3815 3813 3814
f 3816 3813 3815
f 3817 3816 3815
f 3818 3817 3815
f 3819 3805 3803
f 3820 3802 3805
f 3820 3805 3819
f 3820 3803 3802
f 3820 3819 3803
f 3821 3812 3809
f 3821 3809 3810
f 3821 3810 3812
f 3802 3822 3805
f 3799 3823 3802
f 3802 3823 3822
f 3799 3824 3823
f 3805 3825 3806
f 3822 3825 3805
f 3797 3826 3799
f 3799 3826 3824
f 3797 3827 3826
f 3797 3828 3827
f 3825 3829 3806
f 3829 3808 3806
f 3830 3831 3828
f 3828 3831 3827
f 3829 3832 3808
f 3830 3833 3831
f 3832 3810 3808
f 3833 3834 3831
f 3832 3835 3810
f 3833 3836 3834
f 3835 3811 3810
f 3836 3837 3834
f 3835 3838 3811
f 3838 3814 3811
f 3836 3839 3837
f 3839 3840 3837
f 3838 3815 3814
f 3838 3841 3815
f 3841 3818 3815
f 3841 3842 3818
f 3839 3843 3840
f 3843 3844 3840
f 3842 3845 3818
f 3846 3845 3842
f 3843 3847 3844
f 3844 3847 3848
f 3846 3849 3845
f 3847 3849 3848
f 3848 3849 3846
f 3798 3795 3850
f 3800 3851 3795
f 3795 3851 3850
f 3800 3801 3851
f 3801 3852 3851
f 3801 3803 3852
f 3803 3853 3852
f 3803 3804 3853
f 3804 3854 3853
f 3804 3807 3854
f 3807 3855 3854
f 3807 3809 3855
f 3809 3856 3855
f 3809 3812 3856
f 3812 3857 3856
f 3812 3813 3857
f 3813 3858 3857
f 3813 3859 3858
f 3813 3816 3859
f 3816 3860 3859
f 3861 3826 3827
f 3862 3826 3861
f 3863 3824 3862
f 3862 3824 3826
f 3864 3823 3863
f 3863 3823 3824
f 3865 3822 3864
f 3864 3822 3823
f 3866 3825 3865
f 3865 3825 3822
f 3867 3829 3866
f 3866 3829 3825
f 3868 3832 3869
f 3869 3832 3867
f 3867 3832 3829
f 3868 3835 3832
f 3870 3838 3868
f 3868 3838 3835
f 3871 3841 3870
f 3870 3841 3838
f 3872 3841 3871
f 3873 3842 3872
f 3872 3842 3841
f 3874 3846 3873
f 3873 3846 3842
f 3875 3848 3874
f 3874 3848 3846
f 3876 3844 3875
f 3875 3844 3848
f 3877 3840 3876
f 3876 3840 3844
f 3878 3837 3877
f 3877 3837 3840
f 3879 3834 3878
f 3878 3834 3837
f 3861 3831 3880
f 3880 3831 3879
f 3879 3831 3834
f 3861 3827 3831
f 3881 3816 3817
f 3881 3817 3818
f 3845 3882 3881
f 3845 3881 3818
f 3883 3882 3845
f 3849 3883 3845
f 3884 3883 3849
f 3885 3884 3847
f 3843 3885 3847
f 3886 3885 3843
f 3839 3886 3843
f 3887 3886 3839
f 3836 3887 3839
f 3833 3888 3836
f 3889 3888 3833
f 3830 3889 3833
f 3828 3889 3830
f 3798 3889 3828
f 3796 3798 3828
f 3797 3796 3828
f 3890 3847 3884
f 3891 3849 3847
f 3891 3847 3890
f 3891 3890 3884
f 3891 3884 3849
f 3892 3888 3887
f 3892 3887 3836
f 3892 3836 3888
f 3859 3860 3893
f 3894 3858 3859
f 3857 3858 3894
f 3895 3857 3894
f 3856 3857 3895
f 3855 3856 3896
f 3897 3855 3896
f 3854 3855 3897
f 3898 3854 3897
f 3853 3854 3898
f 3899 3853 3898
f 3900 3852 3899
f 3851 3852 3900
f 3901 3851 3900
f 3902 3851 3901
f 3850 3851 3902
f 3903 3850 3902
f 3893 3894 3859
f 3904 3896 3856
f 3905 3895 3896
f 3905 3856 3895
f 3905 3896 3904
f 3905 3904 3856
f 3906 3852 3853
f 3906 3853 3899
f 3906 3899 3852
f 3907 3877 3876
f 3908 3877 3907
f 3908 3878 3877
f 3908 3909 3878
f 3910 3879 3909
f 3909 3879 3878
f 3911 3880 3910
f 3910 3880 3879
f 3912 3861 3911
f 3911 3861 3880
f 3912 3862 3861
f 3912 3913 3862
f 3913 3863 3862
f 3914 3864 3913
f 3913 3864 3863
f 3915 3865 3914
f 3914 3865 3864
f 3915 3916 3865
f 3916 3866 3865
f 3917 3867 3916
f 3916 3867 3866
f 3917 3869 3867
f 3917 3918 3869
f 3919 3868 3918
f 3918 3868 3869
f 3920 3870 3919
f 3919 3870 3868
f 3921 3871 3920
f 3920 3871 3870
f 3921 3872 3871
f 3921 3922 3872
f 3922 3873 3872
f 3923 3874 3922
f 3922 3874 3873
f 3924 3875 3923
f 3923 3875 3874
f 3924 3907 3875
f 3907 3876 3875
f 3816 3881 3860
f 3882 3925 3881
f 3881 3925 3860
f 3882 3883 3925
f 3883 3926 3925
f 3883 3884 3926
f 3884 3927 3926
f 3884 3885 3927
f 3885 3928 3927
f 3885 3886 3928
f 3886 3929 3928
f 3886 3887 3929
f 3887 3930 3929
f 3887 3888 3930
f 3888 3931 3930
f 3888 3889 3931
f 3889 3932 3931
f 3889 3933 3932
f 3889 3798 3933
f 3798 3850 3933
f 3934 3893 3935
f 3936 3894 3937
f 3937 3894 3934
f 3934 3894 3893
f 3938 3895 3936
f 3936 3895 3894
f 3939 3896 3938
f 3938 3896 3895
f 3940 3897 3939
f 3939 3897 3896
f 3941 3898 3940
f 3940 3898 3897
f 3942 3899 3941
f 3941 3899 3898
f 3943 3900 3942
f 3942 3900 3899
f 3943 3901 3900
f 3944 3902 3943
f 3943 3902 3901
f 3944 3903 3902
f 3914 3912 3915
f 3913 3912 3914
f 3915 3917 3916
f 3915 3918 3917
f 3911 3909 3912
f 3910 3909 3911
f 3918 3920 3919
f 3915 3921 3918
f 3918 3921 3920
f 3908 3924 3909
f 3907 3924 3908
f 3912 3924 3915
f 3909 3924 3912
f 3915 3924 3921
f 3921 3923 3922
f 3924 3923 3921
f 3933 3850 3903
f 3945 3932 3933
f 3931 3932 3945
f 3946 3931 3945
f 3930 3931 3946
f 3929 3930 3947
f 3948 3929 3947
f 3928 3929 3948
f 3949 3928 3948
f 3927 3928 3949
f 3950 3927 3949
f 3951 3926 3950
f 3925 3926 3951
f 3952 3925 3951
f 3953 3925 3952
f 3860 3925 3953
f 3893 3860 3953
f 3903 3945 3933
f 3954 3947 3930
f 3955 3946 3947
f 3955 3930 3946
f 3955 3947 3954
f 3955 3954 3930
f 3956 3926 3927
f 3956 3927 3950
f 3956 3950 3926
f 3957 3903 3944
f 3958 3945 3959
f 3959 3945 3957
f 3957 3945 3903
f 3960 3946 3958
f 3958 3946 3945
f 3961 3947 3960
f 3960 3947 3946
f 3962 3948 3961
f 3961 3948 3947
f 3963 3949 3962
f 3962 3949 3948
f 3964 3950 3963
f 3963 3950 3949
f 3965 3951 3964
f 3964 3951 3950
f 3965 3952 3951
f 3935 3953 3965
f 3965 3953 3952
f 3935 3893 3953
f 3934 3935 3966
f 3934 3966 3967
f 3968 3937 3934
f 3968 3934 3967
f 3936 3937 3968
f 3969 3936 3968
f 3938 3936 3969
f 3939 3938 3970
f 3971 3939 3970
f 3940 3939 3971
f 3972 3940 3971
f 3941 3940 3972
f 3973 3941 3972
f 3974 3942 3973
f 3943 3942 3974
f 3975 3943 3974
f 3976 3943 3975
f 3944 3943 3976
f 3977 3944 3976
f 3978 3977 3976
f 3979 3938 3969
f 3979 3970 3938
f 3980 3969 3970
f 3980 3979 3969
f 3980 3970 3979
f 3981 3942 3941
f 3981 3941 3973
f 3981 3973 3942
f 3957 3977 3978
f 3957 3944 3977
f 3982 3959 3957
f 3982 3957 3978
f 3958 3959 3982
f 3983 3958 3982
f 3960 3958 3983
f 3961 3960 3984
f 3985 3961 3984
f 3962 3961 3985
f 3986 3962 3985
f 3963 3962 3986
f 3987 3963 3986
f 3988 3964 3987
f 3965 3964 3988
f 3989 3965 3988
f 3990 3965 3989
f 3935 3965 3990
f 3966 3935 3990
f 3967 3966 3990
f 3991 3960 3983
f 3991 3984 3960
f 3992 3983 3984
f 3992 3991 3983
f 3992 3984 3991
f 3993 3964 3963
f 3993 3963 3987
f 3993 3987 3964
f 3968 3994 3969
f 3969 3994 3970
f 3968 3967 3994
f 3970 3995 3971
f 3994 3995 3970
f 3995 3972 3971
f 3989 3996 3990
f 3990 3996 3967
f 3967 3996 3994
f 3989 3988 3996
f 3995 3973 3972
f 3988 3987 3996
f 3973 3997 3974
f 3995 3997 3973
f 3997 3975 3974
f 3997 3976 3975
f 3986 3998 3987
f 3987 3998 3996
f 3997 3978 3976
f 3986 3985 3998
f 3997 3999 3978
f 3999 3982 3978
f 3998 3984 3999
f 3985 3984 3998
f 3984 3983 3999
f 3999 3983 3982
f 3995 4000 3997
f 4000 4001 3997
f 4001 3999 3997
f 4002 3999 4001
f 4002 4003 3999
f 3999 4003 3998
f 3998 4003 3996
f 4003 4004 3996
f 3996 4004 3994
f 3994 4004 4005
f 4005 4000 3994
f 3994 4000 3995
f 4005 4001 4000
f 4004 4003 4002
f 4004 4002 4001
f 4004 4001 4005
f 4006 4007 4008
f 4009 4010 4006
f 4006 4010 4007
f 4011 4012 4009
f 4009 4012 4010
f 4013 4014 4011
f 4011 4014 4012
f 4015 4016 4013
f 4013 4016 4014
f 4017 4018 4015
f 4015 4018 4016
f 4019 4020 4017
f 4017 4020 4018
f 4019 4021 4020
f 4022 4023 4019
f 4019 4023 4021
f 4024 4025 4022
f 4022 4025 4023
f 4024 4026 4025
f 4013 4011 4027
f 4013 4027 4028
f 4029 4013 4028
f 4015 4013 4029
f 4030 4015 4029
f 4019 4017 4031
f 4032 4019 4031
f 4024 4022 4033
f 4034 4024 4033
f 4035 4036 4037
f 4038 4035 4037
f 4039 4035 4038
f 4040 4039 4038
f 4041 4040 4038
f 4042 4017 4015
f 4042 4030 4031
f 4042 4015 4030
f 4042 4031 4017
f 4043 4022 4019
f 4043 4032 4033
f 4043 4019 4032
f 4043 4033 4022
f 4044 4036 4024
f 4044 4034 4037
f 4044 4024 4034
f 4044 4037 4036
f 4036 4026 4024
f 4035 4045 4036
f 4036 4045 4026
f 4039 4046 4035
f 4035 4046 4045
f 4047 4048 4049
f 4049 4048 4039
f 4039 4048 4046
f 4050 4051 4052
f 4052 4051 4047
f 4047 4051 4048
f 4053 4054 4050
f 4050 4054 4051
f 4055 4056 4053
f 4053 4056 4054
f 4057 4058 4055
f 4055 4058 4056
f 4057 4059 4058
f 4008 4060 4057
f 4057 4060 4059
f 4008 4007 4060
f 4010 4061 4007
f 4007 4061 4062
f 4012 4063 4010
f 4010 4063 4061
f 4012 4014 4063
f 4014 4064 4063
f 4016 4065 4014
f 4014 4065 4064
f 4018 4066 4016
f 4016 4066 4065
f 4020 4067 4018
f 4018 4067 4066
f 4021 4068 4020
f 4020 4068 4067
f 4023 4069 4021
f 4021 4069 4068
f 4025 4070 4023
f 4023 4070 4069
f 4026 4071 4025
f 4025 4071 4070
f 4049 4040 4041
f 4049 4039 4040
f 4072 4047 4049
f 4072 4049 4041
f 4052 4047 4072
f 4073 4052 4072
f 4050 4052 4073
f 4074 4055 4053
f 4074 4053 4075
f 4057 4055 4074
f 4076 4057 4074
f 4077 4006 4008
f 4077 4008 4078
f 4079 4006 4077
f 4009 4006 4079
f 4080 4009 4079
f 4011 4009 4080
f 4027 4011 4080
f 4028 4027 4080
f 4081 4053 4050
f 4081 4075 4053
f 4082 4073 4075
f 4082 4075 4081
f 4082 4050 4073
f 4082 4081 4050
f 4083 4008 4057
f 4083 4057 4076
f 4084 4076 4078
f 4084 4078 4008
f 4084 4083 4076
f 4084 4008 4083
f 4037 4085 4038
f 4038 4085 4041
f 4041 4085 4072
f 4033 4086 4034
f 4034 4086 4037
f 4037 4086 4085
f 4072 4087 4073
f 4073 4087 4075
f 4085 4087 4072
f 4033 4032 4086
f 4087 4074 4075
f 4032 4088 4086
f 4032 4031 4088
f 4087 4089 4074
f 4089 4076 4074
f 4031 4030 4088
f 4089 4078 4076
f 4090 4077 4089
f 4089 4077 4078
f 4088 4029 4090
f 4030 4029 4088
f 4090 4079 4077
f 4029 4028 4090
f 4028 4080 4090
f 4090 4080 4079
f 4026 4091 4071
f 4045 4091 4026
f 4046 4092 4045
f 4045 4092 4091
f 4046 4048 4092
f 4048 4093 4092
f 4051 4094 4048
f 4048 4094 4093
f 4051 4095 4094
f 4051 4054 4095
f 4054 4096 4095
f 4054 4056 4096
f 4056 4097 4096
f 4056 4058 4097
f 4059 4098 4058
f 4058 4098 4097
f 4060 4099 4059
f 4059 4099 4098
f 4007 4062 4060
f 4060 4062 4099
f 4100 4101 4095
f 4095 4101 4094
f 4094 4102 4093
f 4101 4102 4094
f 4102 4103 4093
f 4103 4092 4093
f 4104 4091 4103
f 4103 4091 4092
f 4105 4066 4106
f 4107 4071 4108
f 4108 4071 4104
f 4104 4071 4091
f 4109 4070 4107
f 4107 4070 4071
f 4106 4067 4110
f 4066 4067 4106
f 4111 4069 4109
f 4109 4069 4070
f 4110 4068 4111
f 4067 4068 4110
f 4111 4068 4069
f 4112 4097 4098
f 4113 4096 4097
f 4113 4097 4112
f 4114 4098 4099
f 4114 4112 4098
f 4115 4095 4096
f 4115 4096 4113
f 4100 4095 4115
f 4116 4099 4062
f 4116 4114 4099
f 4117 4062 4061
f 4117 4116 4062
f 4118 4117 4061
f 4063 4118 4061
f 4119 4118 4063
f 4064 4120 4119
f 4064 4119 4063
f 4065 4105 4120
f 4065 4120 4064
f 4066 4105 4065
f 4121 4122 4087
f 4087 4122 4089
f 4104 4123 4108
f 4103 4124 4104
f 4104 4124 4123
f 4103 4125 4124
f 4102 4126 4103
f 4103 4126 4125
f 4101 4127 4102
f 4102 4127 4126
f 4115 4128 4100
f 4100 4128 4101
f 4101 4128 4127
f 4113 4129 4115
f 4115 4129 4128
f 4112 4130 4113
f 4113 4130 4129
f 4112 4131 4130
f 4114 4132 4112
f 4112 4132 4131
f 4114 4133 4132
f 4116 4134 4114
f 4114 4134 4133
f 4116 4135 4134
f 4117 4135 4116
f 4118 4136 4117
f 4117 4136 4135
f 4119 4137 4118
f 4118 4137 4136
f 4120 4138 4119
f 4119 4138 4137
f 4105 4139 4120
f 4120 4139 4138
f 4106 4140 4105
f 4105 4140 4139
f 4106 4141 4140
f 4110 4142 4106
f 4106 4142 4141
f 4111 4143 4110
f 4109 4143 4111
f 4110 4143 4142
f 4143 4144 4142
f 4143 4145 4144
f 4107 4146 4109
f 4109 4146 4143
f 4145 4147 4144
f 4108 4148 4107
f 4107 4148 4146
f 4145 4149 4147
f 4149 4150 4147
f 4108 4123 4148
f 4149 4151 4150
f 4151 4152 4150
f 4153 4154 4151
f 4151 4154 4152
f 4089 4122 4090
f 4122 4155 4090
f 4085 4156 4087
f 4156 4121 4087
f 4157 4155 4122
f 4157 4122 4121
f 4157 4121 4156
f 4158 4155 4157
f 4159 4160 4161
f 4160 4162 4161
f 4162 4163 4161
f 4163 4164 4161
f 4165 4166 4167
f 4167 4166 4168
f 4165 4169 4166
f 4170 4171 4165
f 4165 4171 4169
f 4170 4172 4171
f 4173 4174 4170
f 4170 4174 4172
f 4175 4176 4173
f 4173 4176 4174
f 4175 4177 4176
f 4178 4179 4175
f 4175 4179 4177
f 4161 4180 4178
f 4178 4180 4179
f 4164 4181 4161
f 4161 4181 4180
f 4182 4181 4164
f 4182 4183 4181
f 4184 4183 4182
f 4184 4185 4183
f 4186 4185 4184
f 4186 4187 4185
f 4188 4187 4186
f 4188 4189 4187
f 4190 4189 4191
f 4191 4189 4188
f 4192 4193 4190
f 4190 4193 4189
f 4192 4194 4193
f 4195 4194 4196
f 4196 4194 4192
f 4195 4197 4194
f 4198 4197 4195
f 4198 4199 4197
f 4200 4199 4201
f 4201 4199 4198
f 4200 4202 4199
f 4203 4202 4200
f 4203 4204 4202
f 4205 4204 4206
f 4206 4204 4203
f 4205 4207 4204
f 4208 4207 4205
f 4208 4209 4207
f 4210 4209 4208
f 4210 4211 4209
f 4212 4211 4210
f 4212 4213 4211
f 4214 4213 4215
f 4215 4213 4212
f 4214 4216 4213
f 4217 4216 4214
f 4217 4218 4216
f 4219 4218 4220
f 4220 4218 4217
f 4219 4221 4218
f 4222 4221 4219
f 4222 4223 4221
f 4224 4223 4225
f 4225 4223 4222
f 4224 4226 4223
f 4227 4226 4224
f 4227 4228 4226
f 4229 4228 4227
f 4230 4231 4229
f 4229 4231 4228
f 4230 4232 4231
f 4233 4232 4234
f 4234 4232 4230
f 4233 4235 4232
f 4236 4235 4233
f 4237 4238 4239
f 4239 4238 4236
f 4236 4238 4235
f 4237 4240 4238
f 4241 4240 4237
f 4242 4243 4244
f 4244 4243 4241
f 4241 4243 4240
f 4242 4245 4243
f 4246 4245 4242
f 4246 4247 4245
f 4248 4247 4246
f 4248 4249 4247
f 4250 4249 4248
f 4250 4251 4249
f 4252 4251 4253
f 4253 4251 4250
f 4252 4254 4251
f 4255 4254 4252
f 4255 4256 4254
f 4257 4256 4258
f 4258 4256 4255
f 4257 4259 4256
f 4260 4259 4257
f 4260 4261 4259
f 4262 4261 4263
f 4263 4261 4260
f 4262 4264 4261
f 4265 4264 4262
f 4265 4266 4264
f 4267 4266 4268
f 4268 4266 4265
f 4267 4269 4266
f 4270 4269 4267
f 4271 4272 4270
f 4270 4272 4269
f 4271 4273 4272
f 4274 4273 4271
f 4275 4276 4274
f 4274 4276 4273
f 4275 4277 4276
f 4278 4277 4279
f 4279 4277 4275
f 4278 4280 4277
f 4281 4280 4278
f 4282 4283 4284
f 4284 4283 4281
f 4281 4283 4280
f 4282 4285 4283
f 4286 4285 4282
f 4287 4288 4289
f 4289 4288 4286
f 4286 4288 4285
f 4290 4291 4287
f 4287 4291 4288
f 4292 4293 4290
f 4290 4293 4291
f 4294 4295 4292
f 4292 4295 4293
f 4294 4296 4295
f 4297 4296 4298
f 4298 4296 4294
f 4297 4299 4296
f 4300 4299 4297
f 4300 4301 4299
f 4302 4301 4303
f 4303 4301 4300
f 4302 4304 4301
f 4305 4304 4302
f 4305 4306 4304
f 4307 4306 4308
f 4308 4306 4305
f 4309 4310 4307
f 4307 4310 4306
f 4311 4312 4313
f 4313 4312 4309
f 4309 4312 4310
f 4314 4315 4311
f 4311 4315 4312
f 4316 4317 4314
f 4314 4317 4315
f 4318 4319 4316
f 4316 4319 4317
f 4320 4321 4322
f 4322 4321 4318
f 4318 4321 4319
f 4323 4324 4320
f 4320 4324 4321
f 4325 4326 4327
f 4327 4326 4323
f 4323 4326 4324
f 4328 4329 4325
f 4325 4329 4326
f 4330 4331 4332
f 4332 4331 4328
f 4328 4331 4329
f 4333 4334 4330
f 4330 4334 4331
f 4335 4336 4333
f 4333 4336 4334
f 4337 4338 4335
f 4335 4338 4336
f 4339 4340 4341
f 4341 4340 4337
f 4337 4340 4338
f 4342 4343 4339
f 4339 4343 4340
f 4344 4345 4346
f 4346 4345 4342
f 4342 4345 4343
f 4347 4348 4344
f 4344 4348 4345
f 4349 4350 4351
f 4351 4350 4347
f 4347 4350 4348
f 4352 4353 4349
f 4349 4353 4350
f 4354 4355 4352
f 4352 4355 4353
f 4354 4356 4355
f 4357 4356 4354
f 4357 4358 4356
f 4359 4358 4360
f 4360 4358 4357
f 4359 4361 4358
f 4362 4361 4359
f 4362 4363 4361
f 4364 4363 4365
f 4365 4363 4362
f 4364 4366 4363
f 4367 4366 4364
f 4367 4368 4366
f 4369 4368 4370
f 4370 4368 4367
f 4369 4371 4368
f 4372 4371 4369
f 4372 4373 4371
f 4374 4373 4375
f 4375 4373 4372
f 4374 4376 4373
f 4377 4376 4374
f 4377 4378 4376
f 4379 4378 4377
f 4379 4380 4378
f 4381 4380 4379
f 4381 4382 4380
f 4383 4382 4381
f 4383 4384 4382
f 4385 4384 4386
f 4386 4384 4383
f 4385 4387 4384
f 4388 4387 4385
f 4389 4390 4391
f 4391 4390 4388
f 4388 4390 4387
f 4389 4392 4390
f 4393 4392 4394
f 4394 4392 4389
f 4393 4395 4392
f 4396 4395 4393
f 4396 4397 4395
f 4398 4397 4396
f 4398 4399 4397
f 4400 4399 4398
f 4400 4401 4399
f 4402 4401 4400
f 4402 4403 4401
f 4404 4403 4405
f 4405 4403 4402
f 4404 4406 4403
f 4407 4406 4404
f 4407 4408 4406
f 4409 4408 4410
f 4410 4408 4407
f 4409 4411 4408
f 4412 4411 4409
f 4412 4413 4411
f 4414 4413 4415
f 4415 4413 4412
f 4414 4416 4413
f 4417 4416 4414
f 4417 4418 4416
f 4419 4418 4420
f 4420 4418 4417
f 4419 4421 4418
f 4422 4421 4419
f 4422 4423 4421
f 4424 4423 4422
f 4424 4425 4423
f 4426 4425 4424
f 4427 4428 4429
f 4429 4428 4426
f 4426 4428 4425
f 4430 4431 4427
f 4427 4431 4428
f 4432 4433 4434
f 4434 4433 4430
f 4430 4433 4431
f 4432 4435 4433
f 4436 4435 4432
f 4437 4438 4439
f 4439 4438 4436
f 4436 4438 4435
f 4437 4440 4438
f 4441 4440 4437
f 4442 4443 4441
f 4441 4443 4440
f 4444 4445 4442
f 4442 4445 4443
f 4444 4446 4445
f 4447 4446 4448
f 4448 4446 4444
f 4447 4449 4446
f 4450 4449 4447
f 4450 4451 4449
f 4452 4451 4453
f 4453 4451 4450
f 4452 4454 4451
f 4455 4454 4452
f 4455 4456 4454
f 4457 4456 4458
f 4458 4456 4455
f 4457 4459 4456
f 4460 4459 4457
f 4460 4461 4459
f 4462 4461 4460
f 4462 4463 4461
f 4464 4463 4462
f 4465 4466 4467
f 4467 4466 4464
f 4464 4466 4463
f 4468 4469 4465
f 4465 4469 4466
f 4470 4471 4472
f 4472 4471 4468
f 4468 4471 4469
f 4473 4474 4470
f 4470 4474 4471
f 4475 4476 4477
f 4477 4476 4473
f 4473 4476 4474
f 4475 4478 4476
f 4479 4478 4475
f 4480 4481 4482
f 4482 4481 4479
f 4479 4481 4478
f 4483 4484 4480
f 4480 4484 4481
f 4485 4486 4483
f 4483 4486 4484
f 4487 4488 4485
f 4485 4488 4486
f 4489 4490 4487
f 4487 4490 4488
f 4491 4492 4493
f 4493 4492 4489
f 4489 4492 4490
f 4491 4494 4492
f 4495 4494 4496
f 4496 4494 4491
f 4497 4498 4495
f 4495 4498 4494
f 4497 4499 4498
f 4500 4499 4501
f 4501 4499 4497
f 4500 4502 4499
f 4503 4502 4500
f 4503 4504 4502
f 4505 4504 4503
f 4506 4507 4505
f 4505 4507 4504
f 4508 4509 4506
f 4506 4509 4507
f 4510 4511 4512
f 4512 4511 4508
f 4508 4511 4509
f 4513 4514 4510
f 4510 4514 4511
f 4515 4516 4517
f 4517 4516 4513
f 4513 4516 4514
f 4518 4519 4515
f 4515 4519 4516
f 4520 4521 4522
f 4522 4521 4518
f 4518 4521 4519
f 4523 4524 4520
f 4520 4524 4521
f 4525 4526 4527
f 4527 4526 4523
f 4523 4526 4524
f 4528 4529 4525
f 4525 4529 4526
f 4528 4530 4529
f 4531 4530 4528
f 4531 4532 4530
f 4533 4532 4531
f 4533 4534 4532
f 4535 4534 4536
f 4536 4534 4533
f 4535 4537 4534
f 4538 4537 4535
f 4538 4539 4537
f 4540 4539 4541
f 4541 4539 4538
f 4540 4542 4539
f 4543 4542 4540
f 4544 4545 4546
f 4546 4545 4543
f 4543 4545 4542
f 4547 4548 4544
f 4544 4548 4545
f 4547 4549 4548
f 4550 4549 4547
f 4550 4551 4549
f 4552 4551 4550
f 4552 4553 4551
f 4554 4553 4555
f 4555 4553 4552
f 4554 4556 4553
f 4557 4556 4554
f 4557 4558 4556
f 4559 4558 4560
f 4560 4558 4557
f 4559 4561 4558
f 4562 4561 4559
f 4562 4563 4561
f 4564 4563 4565
f 4565 4563 4562
f 4564 4566 4563
f 4567 4566 4564
f 4567 4568 4566
f 4569 4568 4567
f 4569 4570 4568
f 4571 4570 4569
f 4571 4572 4570
f 4573 4572 4574
f 4574 4572 4571
f 4573 4575 4572
f 4576 4575 4573
f 4576 4577 4575
f 4578 4577 4579
f 4579 4577 4576
f 4578 4580 4577
f 4581 4580 4578
f 4581 4582 4580
f 4583 4582 4584
f 4584 4582 4581
f 4583 4585 4582
f 4586 4585 4583
f 4587 4588 4589
f 4589 4588 4586
f 4586 4588 4585
f 4587 4590 4588
f 4591 4590 4587
f 4592 4593 4591
f 4591 4593 4590
f 4594 4595 4592
f 4592 4595 4593
f 4596 4597 4594
f 4594 4597 4595
f 4596 4598 4597
f 4599 4598 4600
f 4600 4598 4596
f 4599 4601 4598
f 4602 4601 4603
f 4603 4601 4599
f 4602 4604 4601
f 4605 4604 4602
f 4605 4606 4604
f 4607 4606 4608
f 4608 4606 4605
f 4607 4609 4606
f 4610 4609 4607
f 4610 4611 4609
f 4612 4611 4610
f 4612 4613 4611
f 4614 4613 4612
f 4614 4615 4613
f 4616 4615 4614
f 4616 4617 4615
f 4618 4617 4619
f 4619 4617 4616
f 4618 4620 4617
f 4621 4620 4618
f 4622 4623 4624
f 4624 4623 4621
f 4621 4623 4620
f 4625 4626 4622
f 4622 4626 4623
f 4627 4628 4629
f 4629 4628 4625
f 4625 4628 4626
f 4627 4630 4628
f 4631 4630 4627
f 4632 4633 4634
f 4634 4633 4631
f 4631 4633 4630
f 4635 4636 4632
f 4632 4636 4633
f 4637 4638 4635
f 4635 4638 4636
f 4639 4640 4637
f 4637 4640 4638
f 4641 4642 4643
f 4643 4642 4639
f 4639 4642 4640
f 4644 4645 4641
f 4641 4645 4642
f 4646 4647 4648
f 4648 4647 4644
f 4644 4647 4645
f 4646 4649 4647
f 4650 4649 4646
f 4650 4651 4649
f 4652 4651 4653
f 4653 4651 4650
f 4652 4654 4651
f 4655 4654 4652
f 4655 4656 4654
f 4657 4656 4655
f 4657 4658 4656
f 4659 4658 4657
f 4660 4661 4662
f 4659 4661 4658
f 4662 4661 4659
f 4663 4664 4660
f 4660 4664 4661
f 4665 4666 4667
f 4667 4666 4663
f 4663 4666 4664
f 4665 4668 4666
f 4669 4668 4665
f 4670 4671 4672
f 4672 4671 4669
f 4669 4671 4668
f 4670 4673 4671
f 4674 4673 4670
f 4675 4676 4674
f 4674 4676 4673
f 4677 4678 4675
f 4675 4678 4676
f 4679 4680 4681
f 4681 4680 4677
f 4677 4680 4678
f 4679 4682 4680
f 4683 4682 4679
f 4684 4685 4686
f 4686 4685 4683
f 4683 4685 4682
f 4687 4688 4684
f 4684 4688 4685
f 4689 4690 4691
f 4691 4690 4687
f 4687 4690 4688
f 4692 4693 4689
f 4689 4693 4690
f 4694 4695 4696
f 4696 4695 4692
f 4692 4695 4693
f 4697 4698 4694
f 4694 4698 4695
f 4699 4700 4697
f 4697 4700 4698
f 4701 4702 4699
f 4699 4702 4700
f 4703 4704 4701
f 4701 4704 4702
f 4705 4704 4703
f 4705 4706 4704
f 4707 4706 4705
f 4707 4708 4706
f 4709 4708 4710
f 4710 4708 4707
f 4709 4711 4708
f 4712 4711 4709
f 4712 4713 4711
f 4714 4713 4715
f 4715 4713 4712
f 4714 4716 4713
f 4717 4716 4714
f 4717 4718 4716
f 4719 4718 4717
f 4719 4720 4718
f 4721 4720 4719
f 4721 4722 4720
f 4723 4722 4721
f 4723 4724 4722
f 4725 4724 4726
f 4726 4724 4723
f 4725 4727 4724
f 4728 4727 4725
f 4728 4729 4727
f 4730 4729 4731
f 4731 4729 4728
f 4730 4732 4729
f 4733 4732 4730
f 4733 4734 4732
f 4735 4734 4736
f 4736 4734 4733
f 4735 4737 4734
f 4738 4737 4735
f 4739 4740 4741
f 4741 4740 4738
f 4738 4740 4737
f 4742 4743 4739
f 4739 4743 4740
f 4744 4745 4742
f 4742 4745 4743
f 4746 4747 4744
f 4744 4747 4745
f 4748 4749 4750
f 4750 4749 4746
f 4746 4749 4747
f 4748 4751 4749
f 4752 4751 4748
f 4752 4753 4751
f 4754 4753 4755
f 4755 4753 4752
f 4754 4756 4753
f 4757 4756 4754
f 4757 4758 4756
f 4759 4758 4760
f 4760 4758 4757
f 4759 4761 4758
f 4762 4761 4759
f 4762 4763 4761
f 4764 4763 4762
f 4764 4765 4763
f 4766 4765 4764
f 4766 4767 4765
f 4768 4767 4769
f 4769 4767 4766
f 4768 4770 4767
f 4771 4770 4768
f 4771 4772 4770
f 4773 4772 4774
f 4774 4772 4771
f 4773 4775 4772
f 4776 4775 4773
f 4776 4777 4775
f 4778 4777 4779
f 4779 4777 4776
f 4778 4780 4777
f 4781 4780 4778
f 4782 4783 4781
f 4781 4783 4780
f 4784 4785 4782
f 4782 4785 4783
f 4786 4787 4788
f 4788 4787 4784
f 4784 4787 4785
f 4786 4789 4787
f 4790 4789 4786
f 4791 4792 4793
f 4793 4792 4790
f 4790 4792 4789
f 4794 4795 4791
f 4791 4795 4792
f 4796 4797 4798
f 4798 4797 4794
f 4794 4797 4795
f 4796 4799 4797
f 4800 4799 4796
f 4800 4801 4799
f 4802 4801 4803
f 4803 4801 4800
f 4802 4804 4801
f 4805 4804 4802
f 4805 4806 4804
f 4807 4806 4805
f 4807 4808 4806
f 4809 4808 4807
f 4809 4810 4808
f 4811 4810 4812
f 4812 4810 4809
f 4811 4813 4810
f 4814 4813 4811
f 4814 4815 4813
f 4816 4815 4817
f 4817 4815 4814
f 4818 4819 4816
f 4816 4819 4815
f 4820 4821 4822
f 4822 4821 4818
f 4818 4821 4819
f 4820 4823 4821
f 4824 4823 4820
f 4825 4826 4824
f 4824 4826 4823
f 4827 4828 4825
f 4825 4828 4826
f 4829 4830 4827
f 4827 4830 4828
f 4831 4832 4833
f 4833 4832 4829
f 4829 4832 4830
f 4834 4835 4831
f 4831 4835 4832
f 4836 4837 4838
f 4838 4837 4834
f 4834 4837 4835
f 4836 4839 4837
f 4840 4839 4836
f 4841 4842 4843
f 4843 4842 4840
f 4840 4842 4839
f 4844 4845 4841
f 4841 4845 4842
f 4846 4847 4848
f 4848 4847 4844
f 4844 4847 4845
f 4846 4849 4847
f 4850 4849 4846
f 4850 4851 4849
f 4852 4851 4850
f 4852 4853 4851
f 4854 4853 4852
f 4854 4855 4853
f 4856 4855 4857
f 4857 4855 4854
f 4858 4859 4856
f 4856 4859 4855
f 4858 4860 4859
f 4861 4860 4862
f 4862 4860 4858
f 4863 4864 4861
f 4861 4864 4860
f 4865 4866 4867
f 4867 4866 4863
f 4863 4866 4864
f 4868 4869 4865
f 4865 4869 4866
f 4870 4871 4868
f 4868 4871 4869
f 4872 4873 4870
f 4870 4873 4871
f 4874 4875 4876
f 4876 4875 4872
f 4872 4875 4873
f 4877 4878 4874
f 4874 4878 4875
f 4877 4879 4878
f 4880 4879 4881
f 4881 4879 4877
f 4880 4882 4879
f 4883 4882 4880
f 4883 4884 4882
f 4885 4884 4886
f 4886 4884 4883
f 4885 4887 4884
f 4888 4887 4885
f 4888 4889 4887
f 4890 4889 4888
f 4890 4891 4889
f 4892 4891 4890
f 4892 4893 4891
f 4894 4893 4895
f 4895 4893 4892
f 4894 4896 4893
f 4897 4896 4894
f 4898 4899 4900
f 4900 4899 4897
f 4897 4899 4896
f 4898 4901 4899
f 4902 4901 4898
f 4902 4903 4901
f 4904 4903 4905
f 4905 4903 4902
f 4904 4906 4903
f 4907 4906 4904
f 4907 4908 4906
f 4909 4908 4910
f 4910 4908 4907
f 4909 4911 4908
f 4912 4911 4909
f 4912 4913 4911
f 4914 4913 4912
f 4914 4154 4913
f 4915 4154 4914
f 4915 4152 4154
f 4915 4150 4152
f 4916 4150 4915
f 4916 4147 4150
f 4917 4147 4916
f 4917 4144 4147
f 4918 4144 4917
f 4918 4142 4144
f 4919 4142 4918
f 4919 4141 4142
f 4920 4141 4919
f 4920 4140 4141
f 4921 4140 4920
f 4921 4139 4140
f 4922 4139 4921
f 4922 4138 4139
f 4923 4138 4922
f 4923 4137 4138
f 4924 4137 4923
f 4925 4136 4926
f 4926 4136 4924
f 4924 4136 4137
f 4927 4135 4925
f 4925 4135 4136
f 4928 4134 4927
f 4927 4134 4135
f 4928 4133 4134
f 4929 4132 4928
f 4928 4132 4133
f 4930 4131 4929
f 4929 4131 4132
f 4931 4130 4930
f 4930 4130 4131
f 4932 4129 4931
f 4931 4129 4130
f 4933 4128 4932
f 4932 4128 4129
f 4934 4127 4933
f 4933 4127 4128
f 4935 4126 4936
f 4936 4126 4934
f 4934 4126 4127
f 4937 4125 4935
f 4935 4125 4126
f 4937 4124 4125
f 4938 4124 4937
f 4938 4123 4124
f 4939 4123 4938
f 4939 4148 4123
f 4940 4148 4939
f 4940 4146 4148
f 4941 4146 4940
f 4941 4143 4146
f 4941 4145 4143
f 4155 4158 4090
f 4090 4158 4088
f 4157 4156 4086
f 4086 4156 4085
f 4159 4161 4178
f 4159 4178 4175
f 4173 4159 4175
f 4942 4943 4159
f 4170 4159 4173
f 4944 4942 4159
f 4165 4159 4170
f 4945 4944 4159
f 4946 4945 4159
f 4947 4165 4167
f 4947 4167 4168
f 4947 4159 4165
f 4948 4946 4159
f 4949 4159 4947
f 4950 4951 4948
f 4950 4948 4159
f 4950 4159 4949
f 4951 4952 4948
f 4952 4953 4948
f 4943 4160 4159
f 4953 4954 4948
f 4943 4162 4160
f 4942 4163 4943
f 4943 4163 4162
f 4942 4164 4163
f 4944 4182 4942
f 4942 4182 4164
f 4944 4184 4182
f 4944 4186 4184
f 4945 4188 4944
f 4944 4188 4186
f 4945 4191 4188
f 4946 4190 4945
f 4945 4190 4191
f 4946 4192 4190
f 4948 4196 4946
f 4946 4196 4192
f 4954 4195 4948
f 4948 4195 4196
f 4954 4198 4195
f 4955 4198 4954
f 4955 4201 4198
f 4956 4201 4955
f 4956 4200 4201
f 4957 4200 4956
f 4957 4203 4200
f 4957 4206 4203
f 4958 4206 4957
f 4958 4205 4206
f 4959 4205 4958
f 4959 4208 4205
f 4960 4208 4959
f 4960 4210 4208
f 4961 4210 4960
f 4961 4212 4210
f 4962 4215 4961
f 4961 4215 4212
f 4963 4214 4962
f 4962 4214 4215
f 4963 4217 4214
f 4964 4220 4963
f 4963 4220 4217
f 4965 4219 4964
f 4964 4219 4220
f 4965 4222 4219
f 4965 4225 4222
f 4966 4225 4965
f 4966 4224 4225
f 4967 4224 4966
f 4967 4227 4224
f 4967 4229 4227
f 4968 4229 4967
f 4968 4230 4229
f 4969 4230 4968
f 4969 4234 4230
f 4970 4234 4969
f 4970 4233 4234
f 4971 4233 4970
f 4971 4236 4233
f 4972 4236 4971
f 4972 4239 4236
f 4972 4237 4239
f 4973 4237 4972
f 4973 4241 4237
f 4974 4241 4973
f 4974 4244 4241
f 4974 4242 4244
f 4975 4242 4974
f 4975 4246 4242
f 4976 4246 4975
f 4976 4248 4246
f 4976 4250 4248
f 4977 4250 4976
f 4977 4253 4250
f 4978 4253 4977
f 4979 4252 4978
f 4978 4252 4253
f 4980 4255 4979
f 4979 4255 4252
f 4980 4258 4255
f 4981 4257 4980
f 4980 4257 4258
f 4982 4260 4981
f 4981 4260 4257
f 4982 4263 4260
f 4983 4262 4982
f 4982 4262 4263
f 4984 4265 4983
f 4983 4265 4262
f 4984 4268 4265
f 4985 4267 4984
f 4984 4267 4268
f 4986 4270 4985
f 4985 4270 4267
f 4986 4271 4270
f 4987 4274 4986
f 4986 4274 4271
f 4987 4275 4274
f 4988 4275 4987
f 4988 4279 4275
f 4989 4279 4988
f 4989 4278 4279
f 4990 4278 4989
f 4990 4281 4278
f 4991 4284 4990
f 4990 4284 4281
f 4991 4282 4284
f 4992 4282 4991
f 4992 4286 4282
f 4992 4289 4286
f 4993 4289 4992
f 4993 4287 4289
f 4994 4287 4993
f 4994 4290 4287
f 4994 4292 4290
f 4995 4292 4994
f 4996 4294 4995
f 4995 4294 4292
f 4997 4298 4996
f 4996 4298 4294
f 4998 4297 4997
f 4997 4297 4298
f 4998 4300 4297
f 4999 4303 4998
f 4998 4303 4300
f 5000 4302 4999
f 4999 4302 4303
f 5000 4305 4302
f 5001 4308 5000
f 5000 4308 4305
f 5002 4307 5001
f 5001 4307 4308
f 5002 4309 4307
f 5003 4313 5002
f 5002 4313 4309
f 5004 4311 5003
f 5003 4311 4313
f 5005 4314 5004
f 5004 4314 4311
f 5006 4316 5005
f 5005 4316 4314
f 5006 4318 4316
f 5007 4322 5006
f 5006 4322 4318
f 5008 4320 5007
f 5007 4320 4322
f 5008 4323 4320
f 5008 4327 4323
f 5009 4327 5008
f 5009 4325 4327
f 5010 4325 5009
f 5010 4328 4325
f 5010 4332 4328
f 5011 4332 5010
f 5011 4330 4332
f 5012 4330 5011
f 5012 4333 4330
f 5012 4335 4333
f 5013 4335 5012
f 5014 4337 5013
f 5013 4337 4335
f 5015 4341 5014
f 5014 4341 4337
f 5015 4339 4341
f 5016 4339 5015
f 5016 4342 4339
f 5017 4346 5016
f 5016 4346 4342
f 5017 4344 4346
f 5018 4344 5017
f 5018 4347 4344
f 5019 4351 5018
f 5018 4351 4347
f 5019 4349 4351
f 5020 4349 5019
f 5020 4352 4349
f 5021 4354 5020
f 5020 4354 4352
f 5021 4357 4354
f 5022 4357 5021
f 5023 4360 5022
f 5022 4360 4357
f 5024 4359 5023
f 5023 4359 4360
f 5025 4362 5024
f 5024 4362 4359
f 5025 4365 4362
f 5026 4364 5025
f 5025 4364 4365
f 5027 4367 5026
f 5026 4367 4364
f 5027 4370 4367
f 5028 4369 5027
f 5027 4369 4370
f 5029 4372 5028
f 5028 4372 4369
f 5029 4375 4372
f 5030 4374 5029
f 5029 4374 4375
f 5031 4377 5030
f 5030 4377 4374
f 5031 4379 4377
f 5032 4381 5031
f 5031 4381 4379
f 5033 4383 5032
f 5032 4383 4381
f 5034 4386 5033
f 5033 4386 4383
f 5035 4385 5034
f 5034 4385 4386
f 5035 4388 4385
f 5035 4391 4388
f 5036 4391 5035
f 5036 4389 4391
f 5037 4389 5036
f 5037 4394 4389
f 5037 4393 4394
f 5038 4393 5037
f 5038 4396 4393
f 5039 4396 5038
f 5039 4398 4396
f 5039 4400 4398
f 5040 4400 5039
f 5040 4402 4400
f 5041 4402 5040
f 5041 4405 4402
f 5042 4405 5041
f 5042 4404 4405
f 5043 4404 5042
f 5043 4407 4404
f 5043 4410 4407
f 5044 4410 5043
f 5044 4409 4410
f 5045 4409 5044
f 5045 4412 4409
f 5045 4415 4412
f 5046 4415 5045
f 5046 4414 4415
f 5047 4414 5046
f 5047 4417 4414
f 5047 4420 4417
f 5048 4420 5047
f 5049 4419 5048
f 5048 4419 4420
f 5049 4422 4419
f 5050 4422 5049
f 5050 4424 4422
f 5051 4424 5050
f 5051 4426 4424
f 5052 4429 5051
f 5051 4429 4426
f 5052 4427 4429
f 5053 4427 5052
f 5053 4430 4427
f 5053 4434 4430
f 5054 4434 5053
f 5054 4432 4434
f 5055 4432 5054
f 5055 4436 4432
f 5055 4439 4436
f 5056 4439 5055
f 5056 4437 4439
f 5057 4437 5056
f 5057 4441 4437
f 5057 4442 4441
f 5058 4442 5057
f 5058 4444 4442
f 5059 4444 5058
f 5059 4448 4444
f 5060 4448 5059
f 5060 4447 4448
f 5061 4447 5060
f 5061 4450 4447
f 5061 4453 4450
f 5062 4453 5061
f 5062 4452 4453
f 5063 4452 5062
f 5063 4455 4452
f 5063 4458 4455
f 5064 4458 5063
f 5064 4457 4458
f 5065 4457 5064
f 5065 4460 4457
f 5065 4462 4460
f 5066 4462 5065
f 5067 4464 5066
f 5066 4464 4462
f 5067 4467 4464
f 5068 4467 5067
f 5068 4465 4467
f 5069 4465 5068
f 5069 4468 4465
f 5070 4468 5069
f 5070 4472 4468
f 5071 4470 5070
f 5070 4470 4472
f 5071 4473 4470
f 5072 4473 5071
f 5072 4477 4473
f 5072 4475 4477
f 5073 4475 5072
f 5073 4479 4475
f 5074 4479 5073
f 5074 4482 4479
f 5074 4480 4482
f 5075 4480 5074
f 5075 4483 4480
f 5076 4483 5075
f 5076 4485 4483
f 5076 4487 4485
f 5077 4487 5076
f 5077 4489 4487
f 5078 4489 5077
f 5078 4493 4489
f 5079 4493 5078
f 5079 4491 4493
f 5080 4491 5079
f 5080 4496 4491
f 5080 4495 4496
f 5081 4495 5080
f 5081 4497 4495
f 5082 4497 5081
f 5082 4501 4497
f 5082 4500 4501
f 5083 4500 5082
f 5084 4503 5083
f 5083 4503 4500
f 5084 4505 4503
f 5085 4506 5084
f 5084 4506 4505
f 5085 4508 4506
f 5086 4508 5085
f 5086 4512 4508
f 5087 4512 5086
f 5087 4510 4512
f 5088 4510 5087
f 5088 4513 4510
f 5089 4517 5088
f 5088 4517 4513
f 5090 4515 5089
f 5089 4515 4517
f 5090 4518 4515
f 5091 4522 5090
f 5090 4522 4518
f 5092 4520 5091
f 5091 4520 4522
f 5092 4523 4520
f 5093 4527 5092
f 5092 4527 4523
f 5094 4525 5093
f 5093 4525 4527
f 5094 4528 4525
f 5095 4528 5094
f 5095 4531 4528
f 5096 4531 5095
f 5096 4533 4531
f 5097 4536 5096
f 5096 4536 4533
f 5097 4535 4536
f 5098 4535 5097
f 5098 4538 4535
f 5098 4541 4538
f 5099 4541 5098
f 5099 4540 4541
f 5100 4540 5099
f 5100 4543 4540
f 5100 4546 4543
f 5101 4546 5100
f 5102 4544 5101
f 5101 4544 4546
f 5102 4547 4544
f 5102 4550 4547
f 5103 4550 5102
f 5103 4552 4550
f 5104 4552 5103
f 5105 4555 5104
f 5104 4555 4552
f 5106 4554 5105
f 5105 4554 4555
f 5106 4557 4554
f 5107 4560 5106
f 5106 4560 4557
f 5108 4559 5107
f 5107 4559 4560
f 5108 4562 4559
f 5109 4565 5108
f 5108 4565 4562
f 5110 4564 5109
f 5109 4564 4565
f 5110 4567 4564
f 5111 4569 5110
f 5110 4569 4567
f 5112 4571 5111
f 5111 4571 4569
f 5113 4574 5112
f 5112 4574 4571
f 5114 4573 5113
f 5113 4573 4574
f 5115 4576 5114
f 5114 4576 4573
f 5115 4579 4576
f 5115 4578 4579
f 5116 4578 5115
f 5116 4581 4578
f 5117 4581 5116
f 5117 4584 4581
f 5117 4583 4584
f 5118 4583 5117
f 5118 4586 4583
f 5119 4586 5118
f 5119 4589 4586
f 5120 4587 5119
f 5119 4587 4589
f 5121 4591 5120
f 5120 4591 4587
f 5121 4592 4591
f 5122 4594 5121
f 5121 4594 4592
f 5122 4596 4594
f 5123 4596 5122
f 5124 4600 5123
f 5123 4600 4596
f 5125 4599 5124
f 5124 4599 4600
f 5125 4603 4599
f 5126 4602 5125
f 5125 4602 4603
f 5127 4605 5126
f 5126 4605 4602
f 5127 4608 4605
f 5128 4607 5127
f 5127 4607 4608
f 5129 4610 5128
f 5128 4610 4607
f 5129 4612 4610
f 5130 4614 5129
f 5129 4614 4612
f 5131 4616 5130
f 5130 4616 4614
f 5132 4619 5131
f 5131 4619 4616
f 5133 4618 5132
f 5132 4618 4619
f 5133 4621 4618
f 5134 4624 5133
f 5133 4624 4621
f 5135 4622 5134
f 5134 4622 4624
f 5135 4625 4622
f 5136 4629 5135
f 5135 4629 4625
f 5136 4627 4629
f 5137 4627 5136
f 5137 4631 4627
f 5137 4634 4631
f 5138 4634 5137
f 5138 4632 4634
f 5139 4632 5138
f 5139 4635 4632
f 5140 4635 5139
f 5140 4637 4635
f 5141 4637 5140
f 5141 4639 4637
f 5141 4643 4639
f 5142 4643 5141
f 5142 4641 4643
f 5143 4641 5142
f 5143 4644 4641
f 5143 4648 4644
f 5144 4648 5143
f 5144 4646 4648
f 5145 4646 5144
f 5145 4650 4646
f 5145 4653 4650
f 5146 4653 5145
f 5146 4652 4653
f 5147 4652 5146
f 5147 4655 4652
f 5147 4657 4655
f 5148 4657 5147
f 5148 4659 4657
f 5149 4659 5148
f 5149 4662 4659
f 5150 4662 5149
f 5150 4660 4662
f 5151 4660 5150
f 5151 4663 4660
f 5151 4667 4663
f 5152 4667 5151
f 5152 4665 4667
f 5153 4665 5152
f 5153 4669 4665
f 5154 4672 5153
f 5153 4672 4669
f 5154 4670 4672
f 5155 4670 5154
f 5155 4674 4670
f 5156 4675 5155
f 5155 4675 4674
f 5156 4677 4675
f 5157 4677 5156
f 5157 4681 4677
f 5158 4681 5157
f 5158 4679 4681
f 5159 4679 5158
f 5159 4683 4679
f 5160 4683 5159
f 5160 4686 4683
f 5160 4684 4686
f 5161 4684 5160
f 5161 4687 4684
f 5162 4687 5161
f 5162 4691 4687
f 5162 4689 4691
f 5163 4689 5162
f 5163 4692 4689
f 5164 4692 5163
f 5164 4696 4692
f 5164 4694 4696
f 5165 4694 5164
f 5165 4697 4694
f 5166 4697 5165
f 5166 4699 4697
f 5166 4701 4699
f 5167 4701 5166
f 5167 4703 4701
f 5168 4703 5167
f 5168 4705 4703
f 5169 4705 5168
f 5169 4707 4705
f 5170 4707 5169
f 5170 4710 4707
f 5170 4709 4710
f 5171 4709 5170
f 5172 4712 5171
f 5171 4712 4709
f 5172 4715 4712
f 5173 4714 5172
f 5172 4714 4715
f 5173 4717 4714
f 5174 4717 5173
f 5174 4719 4717
f 5175 4721 5174
f 5174 4721 4719
f 5175 4723 4721
f 5176 4723 5175
f 5177 4726 5176
f 5176 4726 4723
f 5178 4725 5177
f 5177 4725 4726
f 5178 4728 4725
f 5179 4731 5178
f 5178 4731 4728
f 5180 4730 5179
f 5179 4730 4731
f 5180 4733 4730
f 5180 4736 4733
f 5181 4736 5180
f 5181 4735 4736
f 5182 4735 5181
f 5182 4738 4735
f 5182 4741 4738
f 5183 4741 5182
f 5183 4739 4741
f 5184 4739 5183
f 5184 4742 4739
f 5185 4742 5184
f 5185 4744 4742
f 5186 4744 5185
f 5186 4746 4744
f 5186 4750 4746
f 5187 4750 5186
f 5187 4748 4750
f 5188 4748 5187
f 5188 4752 4748
f 5188 4755 4752
f 5189 4755 5188
f 5190 4754 5189
f 5189 4754 4755
f 5190 4757 4754
f 5191 4760 5190
f 5190 4760 4757
f 5191 4759 4760
f 5192 4759 5191
f 5192 4762 4759
f 5193 4764 5192
f 5192 4764 4762
f 5193 4766 4764
f 5194 4766 5193
f 5195 4769 5194
f 5194 4769 4766
f 5196 4768 5195
f 5195 4768 4769
f 5196 4771 4768
f 5197 4774 5196
f 5196 4774 4771
f 5198 4773 5197
f 5197 4773 4774
f 5198 4776 4773
f 5199 4779 5198
f 5198 4779 4776
f 5200 4778 5199
f 5199 4778 4779
f 5200 4781 4778
f 5200 4782 4781
f 5201 4782 5200
f 5201 4784 4782
f 5202 4784 5201
f 5202 4788 4784
f 5203 4788 5202
f 5203 4786 4788
f 5204 4786 5203
f 5204 4790 4786
f 5205 4790 5204
f 5205 4793 4790
f 5206 4791 5205
f 5205 4791 4793
f 5206 4794 4791
f 5207 4794 5206
f 5207 4798 4794
f 5207 4796 4798
f 5208 4796 5207
f 5208 4800 4796
f 5209 4800 5208
f 5209 4803 4800
f 5210 4802 5209
f 5209 4802 4803
f 5211 4805 5210
f 5210 4805 4802
f 5211 4807 4805
f 5212 4809 5211
f 5211 4809 4807
f 5213 4812 5212
f 5212 4812 4809
f 5214 4811 5213
f 5213 4811 4812
f 5215 4814 5214
f 5214 4814 4811
f 5215 4817 4814
f 5216 4816 5215
f 5215 4816 4817
f 5217 4818 5216
f 5216 4818 4816
f 5217 4822 4818
f 5218 4820 5217
f 5217 4820 4822
f 5219 4824 5218
f 5218 4824 4820
f 5219 4825 4824
f 5220 4827 5219
f 5219 4827 4825
f 5221 4829 5220
f 5220 4829 4827
f 5222 4833 5221
f 5221 4833 4829
f 5222 4831 4833
f 5223 4831 5222
f 5223 4834 4831
f 5223 4838 4834
f 5224 4838 5223
f 5225 4836 5224
f 5224 4836 4838
f 5225 4840 4836
f 5226 4843 5225
f 5225 4843 4840
f 5227 4841 5226
f 5226 4841 4843
f 5227 4844 4841
f 5228 4848 5227
f 5227 4848 4844
f 5229 4846 5228
f 5228 4846 4848
f 5230 4850 5229
f 5229 4850 4846
f 5231 4852 5230
f 5230 4852 4850
f 5231 4854 4852
f 5232 4857 5231
f 5231 4857 4854
f 5233 4856 5232
f 5232 4856 4857
f 5233 4858 4856
f 5234 4862 5233
f 5233 4862 4858
f 5235 4861 5234
f 5234 4861 4862
f 5235 4863 4861
f 5236 4867 5235
f 5235 4867 4863
f 5237 4865 5236
f 5236 4865 4867
f 5237 4868 4865
f 5237 4870 4868
f 5238 4870 5237
f 5238 4872 4870
f 5239 4872 5238
f 5239 4876 4872
f 5240 4876 5239
f 5240 4874 4876
f 5241 4874 5240
f 5241 4877 4874
f 5241 4881 4877
f 5242 4881 5241
f 5242 4880 4881
f 5243 4880 5242
f 5243 4883 4880
f 5244 4886 5243
f 5243 4886 4883
f 5244 4885 4886
f 5245 4885 5244
f 5245 4888 4885
f 5245 4890 4888
f 5246 4890 5245
f 5246 4892 4890
f 5247 4892 5246
f 5247 4895 4892
f 5248 4895 5247
f 5248 4894 4895
f 5249 4894 5248
f 5249 4897 4894
f 5250 4897 5249
f 5250 4900 4897
f 5250 4898 4900
f 5251 4898 5250
f 5251 4902 4898
f 5252 4902 5251
f 5252 4905 4902
f 5252 4904 4905
f 5253 4904 5252
f 5253 4907 4904
f 5254 4907 5253
f 5254 4910 4907
f 5254 4909 4910
f 5255 4909 5254
f 5255 4912 4909
f 5256 4912 5255
f 5256 4914 4912
f 5256 4915 4914
f 5257 4915 5256
f 5257 4916 4915
f 5258 4916 5257
f 5258 4917 4916
f 5259 4917 5258
f 5260 4918 5259
f 5259 4918 4917
f 5260 4919 4918
f 5260 4920 4919
f 5261 4920 5260
f 5262 4921 5261
f 5261 4921 4920
f 5262 4922 4921
f 5262 4923 4922
f 5263 4923 5262
f 5263 4924 4923
f 5264 4924 5263
f 5264 4926 4924
f 5264 4925 4926
f 5265 4925 5264
f 5265 4927 4925
f 5266 4927 5265
f 5266 4928 4927
f 5267 4928 5266
f 5267 4929 4928
f 5268 4929 5267
f 5268 4930 4929
f 5268 4931 4930
f 5269 4931 5268
f 5269 4932 4931
f 5270 4932 5269
f 5270 4933 4932
f 5270 4934 4933
f 5271 4934 5270
f 5271 4936 4934
f 5272 4936 5271
f 5272 4935 4936
f 5272 4937 4935
f 5273 4937 5272
f 5273 4938 4937
f 4153 4938 5273
f 4153 4939 4938
f 4151 4939 4153
f 4151 4940 4939
f 4149 4940 4151
f 4149 4941 4940
f 4145 4941 4149
f 4153 4913 4154
f 4153 5273 4913
f 5273 4911 4913
f 5273 5272 4911
f 5272 4908 4911
f 5272 5271 4908
f 5271 4906 4908
f 5271 5270 4906
f 5270 4903 4906
f 5270 5269 4903
f 5269 4901 4903
f 5269 5268 4901
f 5268 4899 4901
f 5268 5267 4899
f 5267 4896 4899
f 5267 5266 4896
f 5265 4893 5266
f 5266 4893 4896
f 5265 4891 4893
f 5265 5264 4891
f 5264 4889 4891
f 5264 5263 4889
f 5263 4887 4889
f 5263 5262 4887
f 5262 4884 4887
f 5262 5261 4884
f 5261 4882 4884
f 5261 5260 4882
f 5260 4879 4882
f 5260 5259 4879
f 5259 4878 4879
f 5259 5258 4878
f 5258 4875 4878
f 5258 5257 4875
f 5256 4873 5257
f 5257 4873 4875
f 5256 4871 4873
f 5256 5255 4871
f 5255 4869 4871
f 5255 5254 4869
f 5254 4866 4869
f 5254 5253 4866
f 5253 4864 4866
f 5253 5252 4864
f 5252 4860 4864
f 5252 5251 4860
f 5251 4859 4860
f 5251 5250 4859
f 5250 4855 4859
f 5250 5249 4855
f 5249 4853 4855
f 5249 5248 4853
f 5247 4851 5248
f 5248 4851 4853
f 5247 4849 4851
f 5247 5246 4849
f 5246 4847 4849
f 5246 5245 4847
f 5245 4845 4847
f 5245 5244 4845
f 5244 4842 4845
f 5244 5243 4842
f 5243 4839 4842
f 5243 5242 4839
f 5242 4837 4839
f 5242 5241 4837
f 5241 4835 4837
f 5241 5240 4835
f 5240 4832 4835
f 5240 5239 4832
f 5238 4830 5239
f 5239 4830 4832
f 5238 4828 4830
f 5238 5237 4828
f 5237 4826 4828
f 5237 5236 4826
f 5236 4823 4826
f 5236 5235 4823
f 5235 4821 4823
f 5235 5234 4821
f 5234 4819 4821
f 5234 5233 4819
f 5233 4815 4819
f 5233 5232 4815
f 5232 4813 4815
f 5232 5231 4813
f 5231 4810 4813
f 5231 5230 4810
f 5229 4808 5230
f 5230 4808 4810
f 5229 4806 4808
f 5229 5228 4806
f 5228 4804 4806
f 5228 5227 4804
f 5227 4801 4804
f 5227 5226 4801
f 5226 4799 4801
f 5226 5225 4799
f 5225 4797 4799
f 5225 5224 4797
f 5224 4795 4797
f 5224 5223 4795
f 5223 4792 4795
f 5223 5222 4792
f 5222 4789 4792
f 5222 5221 4789
f 5220 4787 5221
f 5221 4787 4789
f 5220 4785 4787
f 5220 5219 4785
f 5219 4783 4785
f 5219 5218 4783
f 5218 4780 4783
f 5218 5217 4780
f 5217 4777 4780
f 5217 5216 4777
f 5216 4775 4777
f 5216 5215 4775
f 5215 4772 4775
f 5215 5214 4772
f 5214 4770 4772
f 5214 5213 4770
f 5213 4767 4770
f 5213 5212 4767
f 5211 4765 5212
f 5212 4765 4767
f 5211 4763 4765
f 5211 5210 4763
f 5210 4761 4763
f 5210 5209 4761
f 5209 4758 4761
f 5209 5208 4758
f 5208 4756 4758
f 5208 5207 4756
f 5207 4753 4756
f 5207 5206 4753
f 5206 4751 4753
f 5206 5205 4751
f 5205 4749 4751
f 5205 5204 4749
f 5204 4747 4749
f 5204 5203 4747
f 5202 4745 5203
f 5203 4745 4747
f 5202 4743 4745
f 5202 5201 4743
f 5201 4740 4743
f 5201 5200 4740
f 5200 4737 4740
f 5200 5199 4737
f 5199 4734 4737
f 5199 5198 4734
f 5198 4732 4734
f 5198 5197 4732
f 5197 4729 4732
f 5197 5196 4729
f 5196 4727 4729
f 5196 5195 4727
f 5195 4724 4727
f 5195 5194 4724
f 5193 4722 5194
f 5194 4722 4724
f 5193 4720 4722
f 5193 5192 4720
f 5192 4718 4720
f 5192 5191 4718
f 5191 4716 4718
f 5191 5190 4716
f 5190 4713 4716
f 5190 5189 4713
f 5189 4711 4713
f 5189 5188 4711
f 5188 4708 4711
f 5188 5187 4708
f 5187 4706 4708
f 5187 5186 4706
f 5186 4704 4706
f 5186 5185 4704
f 5184 4702 5185
f 5185 4702 4704
f 5184 4700 4702
f 5184 5183 4700
f 5183 4698 4700
f 5183 5182 4698
f 5182 4695 4698
f 5182 5181 4695
f 5181 4693 4695
f 5181 5180 4693
f 5180 4690 4693
f 5180 5179 4690
f 5179 4688 4690
f 5179 5178 4688
f 5178 4685 4688
f 5178 5177 4685
f 5177 4682 4685
f 5177 5176 4682
f 5175 4680 5176
f 5176 4680 4682
f 5175 4678 4680
f 5175 5174 4678
f 5174 4676 4678
f 5174 5173 4676
f 5173 4673 4676
f 5173 5172 4673
f 5172 4671 4673
f 5172 5171 4671
f 5171 4668 4671
f 5171 5170 4668
f 5170 4666 4668
f 5170 5169 4666
f 5169 4664 4666
f 5169 5168 4664
f 5168 4661 4664
f 5168 5167 4661
f 5166 4658 5167
f 5167 4658 4661
f 5166 4656 4658
f 5166 5165 4656
f 5165 4654 4656
f 5165 5164 4654
f 5164 4651 4654
f 5164 5163 4651
f 5163 4649 4651
f 5163 5162 4649
f 5162 4647 4649
f 5162 5161 4647
f 5161 4645 4647
f 5161 5160 4645
f 5160 4642 4645
f 5160 5159 4642
f 5159 4640 4642
f 5159 5158 4640
f 5157 4638 5158
f 5158 4638 4640
f 5157 4636 4638
f 5157 5156 4636
f 5156 4633 4636
f 5156 5155 4633
f 5155 4630 4633
f 5155 5154 4630
f 5154 4628 4630
f 5154 5153 4628
f 5153 4626 4628
f 5153 5152 4626
f 5152 4623 4626
f 5152 5151 4623
f 5151 4620 4623
f 5151 5150 4620
f 5150 4617 4620
f 5150 5149 4617
f 5148 4615 5149
f 5149 4615 4617
f 5148 4613 4615
f 5148 5147 4613
f 5147 4611 4613
f 5147 5146 4611
f 5146 4609 4611
f 5146 5145 4609
f 5145 4606 4609
f 5145 5144 4606
f 5144 4604 4606
f 5144 5143 4604
f 5143 4601 4604
f 5143 5142 4601
f 5142 4598 4601
f 5142 5141 4598
f 5141 4597 4598
f 5141 5140 4597
f 5139 4595 5140
f 5140 4595 4597
f 5139 4593 4595
f 5139 5138 4593
f 5138 4590 4593
f 5138 5137 4590
f 5137 4588 4590
f 5137 5136 4588
f 5136 4585 4588
f 5136 5135 4585
f 5135 4582 4585
f 5135 5134 4582
f 5134 4580 4582
f 5134 5133 4580
f 5133 4577 4580
f 5133 5132 4577
f 5132 4575 4577
f 5132 5131 4575
f 5130 4572 5131
f 5131 4572 4575
f 5130 4570 4572
f 5130 5129 4570
f 5129 4568 4570
f 5129 5128 4568
f 5128 4566 4568
f 5128 5127 4566
f 5127 4563 4566
f 5127 5126 4563
f 5126 4561 4563
f 5126 5125 4561
f 5125 4558 4561
f 5125 5124 4558
f 5124 4556 4558
f 5124 5123 4556
f 5123 4553 4556
f 5123 5122 4553
f 5121 4551 5122
f 5122 4551 4553
f 5121 4549 4551
f 5121 5120 4549
f 5120 4548 4549
f 5120 5119 4548
f 5119 4545 4548
f 5119 5118 4545
f 5118 4542 4545
f 5118 5117 4542
f 5117 4539 4542
f 5117 5116 4539
f 5116 4537 4539
f 5116 5115 4537
f 5115 4534 4537
f 5115 5114 4534
f 5114 4532 4534
f 5114 5113 4532
f 5112 4530 5113
f 5113 4530 4532
f 5112 4529 4530
f 5112 5111 4529
f 5111 4526 4529
f 5111 5110 4526
f 5110 4524 4526
f 5110 5109 4524
f 5109 4521 4524
f 5109 5108 4521
f 5108 4519 4521
f 5108 5107 4519
f 5107 4516 4519
f 5107 5106 4516
f 5106 4514 4516
f 5106 5105 4514
f 5105 4511 4514
f 5105 5104 4511
f 5103 4509 5104
f 5104 4509 4511
f 5103 4507 4509
f 5103 5102 4507
f 5102 4504 4507
f 5102 5101 4504
f 5101 4502 4504
f 5101 5100 4502
f 5100 4499 4502
f 5100 5099 4499
f 5099 4498 4499
f 5099 5098 4498
f 5098 4494 4498
f 5098 5097 4494
f 5097 4492 4494
f 5097 5096 4492
f 5096 4490 4492
f 5096 5095 4490
f 5094 4488 5095
f 5095 4488 4490
f 5094 4486 4488
f 5094 5093 4486
f 5093 4484 4486
f 5093 5092 4484
f 5092 4481 4484
f 5092 5091 4481
f 5091 4478 4481
f 5091 5090 4478
f 5090 4476 4478
f 5090 5089 4476
f 5089 4474 4476
f 5089 5088 4474
f 5088 4471 4474
f 5088 5087 4471
f 5087 4469 4471
f 5087 5086 4469
f 5085 4466 5086
f 5086 4466 4469
f 5085 4463 4466
f 5085 5084 4463
f 5084 4461 4463
f 5084 5083 4461
f 5083 4459 4461
f 5083 5082 4459
f 5082 4456 4459
f 5082 5081 4456
f 5081 4454 4456
f 5081 5080 4454
f 5080 4451 4454
f 5080 5079 4451
f 5079 4449 4451
f 5079 5078 4449
f 5078 4446 4449
f 5078 5077 4446
f 5076 4445 5077
f 5077 4445 4446
f 5076 4443 4445
f 5076 5075 4443
f 5075 4440 4443
f 5075 5074 4440
f 5074 4438 4440
f 5074 5073 4438
f 5073 4435 4438
f 5073 5072 4435
f 5072 4433 4435
f 5072 5071 4433
f 5071 4431 4433
f 5071 5070 4431
f 5070 4428 4431
f 5070 5069 4428
f 5069 4425 4428
f 5069 5068 4425
f 5067 4423 5068
f 5068 4423 4425
f 5067 4421 4423
f 5067 5066 4421
f 5066 4418 4421
f 5066 5065 4418
f 5065 4416 4418
f 5065 5064 4416
f 5064 4413 4416
f 5064 5063 4413
f 5063 4411 4413
f 5063 5062 4411
f 5062 4408 4411
f 5062 5061 4408
f 5061 4406 4408
f 5061 5060 4406
f 5060 4403 4406
f 5060 5059 4403
f 5058 4401 5059
f 5059 4401 4403
f 5058 4399 4401
f 5058 5057 4399
f 5057 4397 4399
f 5057 5056 4397
f 5056 4395 4397
f 5056 5055 4395
f 5055 4392 4395
f 5055 5054 4392
f 5054 4390 4392
f 5054 5053 4390
f 5053 4387 4390
f 5053 5052 4387
f 5052 4384 4387
f 5052 5051 4384
f 5051 4382 4384
f 5051 5050 4382
f 5049 4380 5050
f 5050 4380 4382
f 5049 4378 4380
f 5049 5048 4378
f 5048 4376 4378
f 5048 5047 4376
f 5047 4373 4376
f 5047 5046 4373
f 5046 4371 4373
f 5046 5045 4371
f 5045 4368 4371
f 5045 5044 4368
f 5044 4366 4368
f 5044 5043 4366
f 5043 4363 4366
f 5043 5042 4363
f 5042 4361 4363
f 5042 5041 4361
f 5040 4358 5041
f 5041 4358 4361
f 5040 4356 4358
f 5040 5039 4356
f 5039 4355 4356
f 5039 5038 4355
f 5038 4353 4355
f 5038 5037 4353
f 5037 4350 4353
f 5037 5036 4350
f 5036 4348 4350
f 5036 5035 4348
f 5035 4345 4348
f 5035 5034 4345
f 5034 4343 4345
f 5034 5033 4343
f 5033 4340 4343
f 5033 5032 4340
f 5031 4338 5032
f 5032 4338 4340
f 5031 4336 4338
f 5031 5030 4336
f 5030 4334 4336
f 5030 5029 4334
f 5029 4331 4334
f 5029 5028 4331
f 5028 4329 4331
f 5028 5027 4329
f 5027 4326 4329
f 5027 5026 4326
f 5026 4324 4326
f 5026 5025 4324
f 5025 4321 4324
f 5025 5024 4321
f 5024 4319 4321
f 5024 5023 4319
f 5022 4317 5023
f 5023 4317 4319
f 5022 4315 4317
f 5022 5021 4315
f 5021 4312 4315
f 5021 5020 4312
f 5020 4310 4312
f 5020 5019 4310
f 5019 4306 4310
f 5019 5018 4306
f 5018 4304 4306
f 5018 5017 4304
f 5017 4301 4304
f 5017 5016 4301
f 5016 4299 4301
f 5016 5015 4299
f 5015 4296 4299
f 5015 5014 4296
f 5013 4295 5014
f 5014 4295 4296
f 5013 4293 4295
f 5013 5012 4293
f 5012 4291 4293
f 5012 5011 4291
f 5011 4288 4291
f 5011 5010 4288
f 5010 4285 4288
f 5010 5009 4285
f 5009 4283 4285
f 5009 5008 4283
f 5008 4280 4283
f 5008 5007 4280
f 5007 4277 4280
f 5007 5006 4277
f 5006 4276 4277
f 5006 5005 4276
f 5004 4273 5005
f 5005 4273 4276
f 5004 4272 4273
f 5004 5003 4272
f 5003 4269 4272
f 5003 5002 4269
f 5002 4266 4269
f 5002 5001 4266
f 5001 4264 4266
f 5001 5000 4264
f 5000 4261 4264
f 5000 4999 4261
f 4999 4259 4261
f 4999 4998 4259
f 4998 4256 4259
f 4998 4997 4256
f 4997 4254 4256
f 4997 4996 4254
f 4995 4251 4996
f 4996 4251 4254
f 4995 4249 4251
f 4995 4994 4249
f 4994 4247 4249
f 4994 4993 4247
f 4993 4245 4247
f 4993 4992 4245
f 4992 4243 4245
f 4992 4991 4243
f 4991 4240 4243
f 4991 4990 4240
f 4990 4238 4240
f 4990 4989 4238
f 4989 4235 4238
f 4989 4988 4235
f 4988 4232 4235
f 4988 4987 4232
f 4986 4231 4987
f 4987 4231 4232
f 4986 4228 4231
f 4986 4985 4228
f 4985 4226 4228
f 4985 4984 4226
f 4984 4223 4226
f 4984 4983 4223
f 4983 4221 4223
f 4983 4982 4221
f 4982 4218 4221
f 4982 4981 4218
f 4981 4216 4218
f 4981 4980 4216
f 4980 4213 4216
f 4980 4979 4213
f 4979 4211 4213
f 4979 4978 4211
f 4977 4209 4978
f 4978 4209 4211
f 4977 4207 4209
f 4977 4976 4207
f 4976 4204 4207
f 4976 4975 4204
f 4975 4202 4204
f 4975 4974 4202
f 4974 4199 4202
f 4974 4973 4199
f 4973 4197 4199
f 4973 4972 4197
f 4972 4194 4197
f 4972 4971 4194
f 4971 4193 4194
f 4971 4970 4193
f 4970 4189 4193
f 4970 4969 4189
f 4968 4187 4969
f 4969 4187 4189
f 4968 4185 4187
f 4968 4967 4185
f 4967 4183 4185
f 4967 4966 4183
f 4966 4181 4183
f 4966 4965 4181
f 4965 4180 4181
f 4965 4964 4180
f 4964 4179 4180
f 4964 4963 4179
f 4963 4177 4179
f 4963 4962 4177
f 4962 4176 4177
f 4962 4961 4176
f 4961 4174 4176
f 4961 4960 4174
f 4959 4172 4960
f 4960 4172 4174
f 4959 4171 4172
f 4959 4958 4171
f 4958 4169 4171
f 4958 4957 4169
f 4957 4166 4169
f 4957 4956 4166
f 4956 4168 4166
f 4956 4955 4168
f 4955 4947 4168
f 4955 4954 4947
f 4954 4949 4947
f 4954 4953 4949
f 4953 4950 4949
f 4953 4952 4950
f 4952 4951 4950
f 4158 4157 4088
f 4088 4157 4086
f 5274 5275 5276
f 5277 5278 5275
f 5275 5278 5276
f 5279 5280 5277
f 5277 5280 5278
f 5281 5282 5279
f 5279 5282 5280
f 5281 5283 5282
f 5281 5284 5283
f 5285 5286 5284
f 5284 5286 5283
f 5287 5288 5285
f 5285 5288 5286
f 5289 5290 5287
f 5287 5290 5288
f 5289 5291 5290
f 5289 5292 5291
f 5292 5293 5291
f 5294 5292 5295
f 5295 5292 5296
f 5296 5289 5297
f 5292 5289 5296
f 5289 5287 5297
f 5285 5284 5287
f 5287 5284 5297
f 5298 5274 5299
f 5299 5274 5300
f 5300 5274 5301
f 5301 5274 5302
f 5284 5281 5297
f 5298 5275 5274
f 5297 5277 5298
f 5298 5277 5275
f 5281 5279 5297
f 5297 5279 5277
f 5303 5304 5305
f 5306 5307 5304
f 5306 5304 5303
f 5291 5293 5307
f 5290 5291 5307
f 5288 5290 5307
f 5286 5288 5307
f 5278 5306 5308
f 5278 5308 5309
f 5278 5309 5310
f 5278 5310 5276
f 5278 5307 5306
f 5278 5286 5307
f 5280 5282 5283
f 5280 5283 5286
f 5280 5286 5278
f 5292 5307 5293
f 5294 5307 5292
f 5295 5304 5294
f 5294 5304 5307
f 5296 5305 5295
f 5295 5305 5304
f 5297 5303 5296
f 5296 5303 5305
f 5298 5306 5297
f 5297 5306 5303
f 5299 5308 5298
f 5298 5308 5306
f 5299 5300 5308
f 5300 5309 5308
f 5300 5301 5309
f 5302 5310 5301
f 5301 5310 5309
f 5274 5276 5302
f 5302 5276 5310
f 5311 5312 5313
f 5314 5315 5311
f 5311 5315 5312
f 5316 5317 5314
f 5314 5317 5315
f 5318 5319 5316
f 5316 5319 5317
f 5320 5321 5318
f 5318 5321 5319
f 5322 5323 5320
f 5320 5323 5321
f 5324 5325 5322
f 5322 5325 5323
f 5324 5326 5325
f 5327 5328 5324
f 5324 5328 5326
f 5329 5330 5327
f 5327 5330 5328
f 5329 5331 5330
f 5318 5316 5332
f 5318 5332 5333
f 5334 5318 5333
f 5320 5318 5334
f 5335 5320 5334
f 5324 5322 5336
f 5337 5324 5336
f 5329 5327 5338
f 5339 5329 5338
f 5340 5341 5342
f 5343 5340 5342
f 5344 5340 5343
f 5345 5344 5343
f 5346 5345 5343
f 5347 5322 5320
f 5347 5335 5336
f 5347 5320 5335
f 5347 5336 5322
f 5348 5327 5324
f 5348 5337 5338
f 5348 5324 5337
f 5348 5338 5327
f 5349 5341 5329
f 5349 5339 5342
f 5349 5329 5339
f 5349 5342 5341
f 5341 5331 5329
f 5340 5350 5341
f 5341 5350 5331
f 5344 5351 5340
f 5340 5351 5350
f 5352 5353 5354
f 5354 5353 5344
f 5344 5353 5351
f 5355 5356 5357
f 5357 5356 5352
f 5352 5356 5353
f 5358 5359 5355
f 5355 5359 5356
f 5360 5361 5358
f 5358 5361 5359
f 5362 5363 5360
f 5360 5363 5361
f 5362 5364 5363
f 5313 5365 5362
f 5362 5365 5364
f 5313 5312 5365
f 5315 5366 5312
f 5312 5366 5367
f 5317 5368 5315
f 5315 5368 5366
f 5317 5319 5368
f 5319 5369 5368
f 5321 5370 5319
f 5319 5370 5369
f 5323 5371 5321
f 5321 5371 5370
f 5325 5372 5323
f 5323 5372 5371
f 5326 5373 5325
f 5325 5373 5372
f 5328 5374 5326
f 5326 5374 5373
f 5330 5375 5328
f 5328 5375 5374
f 5331 5376 5330
f 5330 5376 5375
f 5354 5345 5346
f 5354 5344 5345
f 5377 5352 5354
f 5377 5354 5346
f 5357 5352 5377
f 5378 5357 5377
f 5355 5357 5378
f 5379 5360 5358
f 5379 5358 5380
f 5362 5360 5379
f 5381 5362 5379
f 5382 5311 5313
f 5382 5313 5383
f 5384 5311 5382
f 5314 5311 5384
f 5385 5314 5384
f 5316 5314 5385
f 5332 5316 5385
f 5333 5332 5385
f 5386 5358 5355
f 5386 5380 5358
f 5387 5378 5380
f 5387 5380 5386
f 5387 5355 5378
f 5387 5386 5355
f 5388 5313 5362
f 5388 5362 5381
f 5389 5381 5383
f 5389 5383 5313
f 5389 5388 5381
f 5389 5313 5388
f 5342 5390 5343
f 5343 5390 5346
f 5346 5390 5377
f 5338 5391 5339
f 5339 5391 5342
f 5342 5391 5390
f 5377 5392 5378
f 5378 5392 5380
f 5390 5392 5377
f 5338 5337 5391
f 5392 5379 5380
f 5337 5393 5391
f 5337 5336 5393
f 5392 5394 5379
f 5394 5381 5379
f 5336 5335 5393
f 5394 5383 5381
f 5395 5382 5394
f 5394 5382 5383
f 5393 5334 5395
f 5335 5334 5393
f 5395 5384 5382
f 5334 5333 5395
f 5333 5385 5395
f 5395 5385 5384
f 5331 5396 5376
f 5350 5396 5331
f 5351 5397 5350
f 5350 5397 5396
f 5351 5353 5397
f 5353 5398 5397
f 5356 5399 5353
f 5353 5399 5398
f 5356 5400 5399
f 5356 5359 5400
f 5359 5401 5400
f 5359 5361 5401
f 5361 5402 5401
f 5361 5363 5402
f 5364 5403 5363
f 5363 5403 5402
f 5365 5404 5364
f 5364 5404 5403
f 5312 5367 5365
f 5365 5367 5404
f 5405 5406 5400
f 5400 5406 5399
f 5399 5407 5398
f 5406 5407 5399
f 5407 5408 5398
f 5408 5397 5398
f 5409 5396 5408
f 5408 5396 5397
f 5410 5371 5411
f 5412 5376 5413
f 5413 5376 5409
f 5409 5376 5396
f 5414 5375 5412
f 5412 5375 5376
f 5411 5372 5415
f 5371 5372 5411
f 5416 5374 5414
f 5414 5374 5375
f 5415 5373 5416
f 5372 5373 5415
f 5416 5373 5374
f 5417 5402 5403
f 5418 5401 5402
f 5418 5402 5417
f 5419 5403 5404
f 5419 5417 5403
f 5420 5400 5401
f 5420 5401 5418
f 5405 5400 5420
f 5421 5404 5367
f 5421 5419 5404
f 5422 5367 5366
f 5422 5421 5367
f 5423 5422 5366
f 5368 5423 5366
f 5424 5423 5368
f 5369 5425 5424
f 5369 5424 5368
f 5370 5410 5425
f 5370 5425 5369
f 5371 5410 5370
f 5426 5427 5392
f 5392 5427 5394
f 5409 5428 5413
f 5408 5429 5409
f 5409 5429 5428
f 5408 5430 5429
f 5407 5431 5408
f 5408 5431 5430
f 5406 5432 5407
f 5407 5432 5431
f 5420 5433 5405
f 5405 5433 5406
f 5406 5433 5432
f 5418 5434 5420
f 5420 5434 5433
f 5417 5435 5418
f 5418 5435 5434
f 5417 5436 5435
f 5419 5437 5417
f 5417 5437 5436
f 5419 5438 5437
f 5421 5439 5419
f 5419 5439 5438
f 5421 5440 5439
f 5422 5440 5421
f 5423 5441 5422
f 5422 5441 5440
f 5424 5442 5423
f 5423 5442 5441
f 5425 5443 5424
f 5424 5443 5442
f 5410 5444 5425
f 5425 5444 5443
f 5411 5445 5410
f 5410 5445 5444
f 5411 5446 5445
f 5415 5447 5411
f 5411 5447 5446
f 5416 5448 5415
f 5414 5448 5416
f 5415 5448 5447
f 5448 5449 5447
f 5448 5450 5449
f 5412 5451 5414
f 5414 5451 5448
f 5450 5452 5449
f 5413 5453 5412
f 5412 5453 5451
f 5450 5454 5452
f 5454 5455 5452
f 5413 5428 5453
f 5454 5456 5455
f 5456 5457 5455
f 5458 5459 5456
f 5456 5459 5457
f 5394 5427 5395
f 5427 5460 5395
f 5390 5461 5392
f 5461 5426 5392
f 5462 5460 5427
f 5462 5427 5426
f 5462 5426 5461
f 5463 5460 5462
f 5464 5465 5466
f 5465 5467 5466
f 5467 5468 5466
f 5468 5469 5466
f 5470 5471 5472
f 5472 5471 5473
f 5470 5474 5471
f 5475 5476 5470
f 5470 5476 5474
f 5475 5477 5476
f 5478 5479 5475
f 5475 5479 5477
f 5480 5481 5478
f 5478 5481 5479
f 5480 5482 5481
f 5483 5484 5480
f 5480 5484 5482
f 5466 5485 5483
f 5483 5485 5484
f 5469 5486 5466
f 5466 5486 5485
f 5487 5486 5469
f 5487 5488 5486
f 5489 5488 5487
f 5489 5490 5488
f 5491 5490 5489
f 5491 5492 5490
f 5493 5492 5491
f 5493 5494 5492
f 5495 5494 5496
f 5496 5494 5493
f 5497 5498 5495
f 5495 5498 5494
f 5497 5499 5498
f 5500 5499 5501
f 5501 5499 5497
f 5500 5502 5499
f 5503 5502 5500
f 5503 5504 5502
f 5505 5504 5506
f 5506 5504 5503
f 5505 5507 5504
f 5508 5507 5505
f 5508 5509 5507
f 5510 5509 5511
f 5511 5509 5508
f 5510 5512 5509
f 5513 5512 5510
f 5513 5514 5512
f 5515 5514 5513
f 5515 5516 5514
f 5517 5516 5515
f 5517 5518 5516
f 5519 5518 5520
f 5520 5518 5517
f 5519 5521 5518
f 5522 5521 5519
f 5522 5523 5521
f 5524 5523 5525
f 5525 5523 5522
f 5524 5526 5523
f 5527 5526 5524
f 5527 5528 5526
f 5529 5528 5530
f 5530 5528 5527
f 5529 5531 5528
f 5532 5531 5529
f 5532 5533 5531
f 5534 5533 5532
f 5535 5536 5534
f 5534 5536 5533
f 5535 5537 5536
f 5538 5537 5539
f 5539 5537 5535
f 5538 5540 5537
f 5541 5540 5538
f 5542 5543 5544
f 5544 5543 5541
f 5541 5543 5540
f 5542 5545 5543
f 5546 5545 5542
f 5547 5548 5549
f 5549 5548 5546
f 5546 5548 5545
f 5547 5550 5548
f 5551 5550 5547
f 5551 5552 5550
f 5553 5552 5551
f 5553 5554 5552
f 5555 5554 5553
f 5555 5556 5554
f 5557 5556 5558
f 5558 5556 5555
f 5557 5559 5556
f 5560 5559 5557
f 5560 5561 5559
f 5562 5561 5563
f 5563 5561 5560
f 5562 5564 5561
f 5565 5564 5562
f 5565 5566 5564
f 5567 5566 5568
f 5568 5566 5565
f 5567 5569 5566
f 5570 5569 5567
f 5570 5571 5569
f 5572 5571 5573
f 5573 5571 5570
f 5572 5574 5571
f 5575 5574 5572
f 5576 5577 5575
f 5575 5577 5574
f 5576 5578 5577
f 5579 5578 5576
f 5580 5581 5579
f 5579 5581 5578
f 5580 5582 5581
f 5583 5582 5584
f 5584 5582 5580
f 5583 5585 5582
f 5586 5585 5583
f 5587 5588 5589
f 5589 5588 5586
f 5586 5588 5585
f 5587 5590 5588
f 5591 5590 5587
f 5592 5593 5594
f 5594 5593 5591
f 5591 5593 5590
f 5595 5596 5592
f 5592 5596 5593
f 5597 5598 5595
f 5595 5598 5596
f 5599 5600 5597
f 5597 5600 5598
f 5599 5601 5600
f 5602 5601 5603
f 5603 5601 5599
f 5602 5604 5601
f 5605 5604 5602
f 5605 5606 5604
f 5607 5606 5608
f 5608 5606 5605
f 5607 5609 5606
f 5610 5609 5607
f 5610 5611 5609
f 5612 5611 5613
f 5613 5611 5610
f 5614 5615 5612
f 5612 5615 5611
f 5616 5617 5618
f 5618 5617 5614
f 5614 5617 5615
f 5619 5620 5616
f 5616 5620 5617
f 5621 5622 5619
f 5619 5622 5620
f 5623 5624 5621
f 5621 5624 5622
f 5625 5626 5627
f 5627 5626 5623
f 5623 5626 5624
f 5628 5629 5625
f 5625 5629 5626
f 5630 5631 5632
f 5632 5631 5628
f 5628 5631 5629
f 5633 5634 5630
f 5630 5634 5631
f 5635 5636 5637
f 5637 5636 5633
f 5633 5636 5634
f 5638 5639 5635
f 5635 5639 5636
f 5640 5641 5638
f 5638 5641 5639
f 5642 5643 5640
f 5640 5643 5641
f 5644 5645 5646
f 5646 5645 5642
f 5642 5645 5643
f 5647 5648 5644
f 5644 5648 5645
f 5649 5650 5651
f 5651 5650 5647
f 5647 5650 5648
f 5652 5653 5649
f 5649 5653 5650
f 5654 5655 5656
f 5656 5655 5652
f 5652 5655 5653
f 5657 5658 5654
f 5654 5658 5655
f 5659 5660 5657
f 5657 5660 5658
f 5659 5661 5660
f 5662 5661 5659
f 5662 5663 5661
f 5664 5663 5665
f 5665 5663 5662
f 5664 5666 5663
f 5667 5666 5664
f 5667 5668 5666
f 5669 5668 5670
f 5670 5668 5667
f 5669 5671 5668
f 5672 5671 5669
f 5672 5673 5671
f 5674 5673 5675
f 5675 5673 5672
f 5674 5676 5673
f 5677 5676 5674
f 5677 5678 5676
f 5679 5678 5680
f 5680 5678 5677
f 5679 5681 5678
f 5682 5681 5679
f 5682 5683 5681
f 5684 5683 5682
f 5684 5685 5683
f 5686 5685 5684
f 5686 5687 5685
f 5688 5687 5686
f 5688 5689 5687
f 5690 5689 5691
f 5691 5689 5688
f 5690 5692 5689
f 5693 5692 5690
f 5694 5695 5696
f 5696 5695 5693
f 5693 5695 5692
f 5694 5697 5695
f 5698 5697 5699
f 5699 5697 5694
f 5698 5700 5697
f 5701 5700 5698
f 5701 5702 5700
f 5703 5702 5701
f 5703 5704 5702
f 5705 5704 5703
f 5705 5706 5704
f 5707 5706 5705
f 5707 5708 5706
f 5709 5708 5710
f 5710 5708 5707
f 5709 5711 5708
f 5712 5711 5709
f 5712 5713 5711
f 5714 5713 5715
f 5715 5713 5712
f 5714 5716 5713
f 5717 5716 5714
f 5717 5718 5716
f 5719 5718 5720
f 5720 5718 5717
f 5719 5721 5718
f 5722 5721 5719
f 5722 5723 5721
f 5724 5723 5725
f 5725 5723 5722
f 5724 5726 5723
f 5727 5726 5724
f 5727 5728 5726
f 5729 5728 5727
f 5729 5730 5728
f 5731 5730 5729
f 5732 5733 5734
f 5734 5733 5731
f 5731 5733 5730
f 5735 5736 5732
f 5732 5736 5733
f 5737 5738 5739
f 5739 5738 5735
f 5735 5738 5736
f 5737 5740 5738
f 5741 5740 5737
f 5742 5743 5744
f 5744 5743 5741
f 5741 5743 5740
f 5742 5745 5743
f 5746 5745 5742
f 5747 5748 5746
f 5746 5748 5745
f 5749 5750 5747
f 5747 5750 5748
f 5749 5751 5750
f 5752 5751 5753
f 5753 5751 5749
f 5752 5754 5751
f 5755 5754 5752
f 5755 5756 5754
f 5757 5756 5758
f 5758 5756 5755
f 5757 5759 5756
f 5760 5759 5757
f 5760 5761 5759
f 5762 5761 5763
f 5763 5761 5760
f 5762 5764 5761
f 5765 5764 5762
f 5765 5766 5764
f 5767 5766 5765
f 5767 5768 5766
f 5769 5768 5767
f 5770 5771 5772
f 5772 5771 5769
f 5769 5771 5768
f 5773 5774 5770
f 5770 5774 5771
f 5775 5776 5777
f 5777 5776 5773
f 5773 5776 5774
f 5778 5779 5775
f 5775 5779 5776
f 5780 5781 5782
f 5782 5781 5778
f 5778 5781 5779
f 5780 5783 5781
f 5784 5783 5780
f 5785 5786 5787
f 5787 5786 5784
f 5784 5786 5783
f 5788 5789 5785
f 5785 5789 5786
f 5790 5791 5788
f 5788 5791 5789
f 5792 5793 5790
f 5790 5793 5791
f 5794 5795 5792
f 5792 5795 5793
f 5796 5797 5798
f 5798 5797 5794
f 5794 5797 5795
f 5796 5799 5797
f 5800 5799 5801
f 5801 5799 5796
f 5802 5803 5800
f 5800 5803 5799
f 5802 5804 5803
f 5805 5804 5806
f 5806 5804 5802
f 5805 5807 5804
f 5808 5807 5805
f 5808 5809 5807
f 5810 5809 5808
f 5811 5812 5810
f 5810 5812 5809
f 5813 5814 5811
f 5811 5814 5812
f 5815 5816 5817
f 5817 5816 5813
f 5813 5816 5814
f 5818 5819 5815
f 5815 5819 5816
f 5820 5821 5822
f 5822 5821 5818
f 5818 5821 5819
f 5823 5824 5820
f 5820 5824 5821
f 5825 5826 5827
f 5827 5826 5823
f 5823 5826 5824
f 5828 5829 5825
f 5825 5829 5826
f 5830 5831 5832
f 5832 5831 5828
f 5828 5831 5829
f 5833 5834 5830
f 5830 5834 5831
f 5833 5835 5834
f 5836 5835 5833
f 5836 5837 5835
f 5838 5837 5836
f 5838 5839 5837
f 5840 5839 5841
f 5841 5839 5838
f 5840 5842 5839
f 5843 5842 5840
f 5843 5844 5842
f 5845 5844 5846
f 5846 5844 5843
f 5845 5847 5844
f 5848 5847 5845
f 5849 5850 5851
f 5851 5850 5848
f 5848 5850 5847
f 5852 5853 5849
f 5849 5853 5850
f 5852 5854 5853
f 5855 5854 5852
f 5855 5856 5854
f 5857 5856 5855
f 5857 5858 5856
f 5859 5858 5860
f 5860 5858 5857
f 5859 5861 5858
f 5862 5861 5859
f 5862 5863 5861
f 5864 5863 5865
f 5865 5863 5862
f 5864 5866 5863
f 5867 5866 5864
f 5867 5868 5866
f 5869 5868 5870
f 5870 5868 5867
f 5869 5871 5868
f 5872 5871 5869
f 5872 5873 5871
f 5874 5873 5872
f 5874 5875 5873
f 5876 5875 5874
f 5876 5877 5875
f 5878 5877 5879
f 5879 5877 5876
f 5878 5880 5877
f 5881 5880 5878
f 5881 5882 5880
f 5883 5882 5884
f 5884 5882 5881
f 5883 5885 5882
f 5886 5885 5883
f 5886 5887 5885
f 5888 5887 5889
f 5889 5887 5886
f 5888 5890 5887
f 5891 5890 5888
f 5892 5893 5894
f 5894 5893 5891
f 5891 5893 5890
f 5892 5895 5893
f 5896 5895 5892
f 5897 5898 5896
f 5896 5898 5895
f 5899 5900 5897
f 5897 5900 5898
f 5901 5902 5899
f 5899 5902 5900
f 5901 5903 5902
f 5904 5903 5905
f 5905 5903 5901
f 5904 5906 5903
f 5907 5906 5908
f 5908 5906 5904
f 5907 5909 5906
f 5910 5909 5907
f 5910 5911 5909
f 5912 5911 5913
f 5913 5911 5910
f 5912 5914 5911
f 5915 5914 5912
f 5915 5916 5914
f 5917 5916 5915
f 5917 5918 5916
f 5919 5918 5917
f 5919 5920 5918
f 5921 5920 5919
f 5921 5922 5920
f 5923 5922 5924
f 5924 5922 5921
f 5923 5925 5922
f 5926 5925 5923
f 5927 5928 5929
f 5929 5928 5926
f 5926 5928 5925
f 5930 5931 5927
f 5927 5931 5928
f 5932 5933 5934
f 5934 5933 5930
f 5930 5933 5931
f 5932 5935 5933
f 5936 5935 5932
f 5937 5938 5939
f 5939 5938 5936
f 5936 5938 5935
f 5940 5941 5937
f 5937 5941 5938
f 5942 5943 5940
f 5940 5943 5941
f 5944 5945 5942
f 5942 5945 5943
f 5946 5947 5948
f 5948 5947 5944
f 5944 5947 5945
f 5949 5950 5946
f 5946 5950 5947
f 5951 5952 5953
f 5953 5952 5949
f 5949 5952 5950
f 5951 5954 5952
f 5955 5954 5951
f 5955 5956 5954
f 5957 5956 5958
f 5958 5956 5955
f 5957 5959 5956
f 5960 5959 5957
f 5960 5961 5959
f 5962 5961 5960
f 5962 5963 5961
f 5964 5963 5962
f 5965 5966 5967
f 5964 5966 5963
f 5967 5966 5964
f 5968 5969 5965
f 5965 5969 5966
f 5970 5971 5972
f 5972 5971 5968
f 5968 5971 5969
f 5970 5973 5971
f 5974 5973 5970
f 5975 5976 5977
f 5977 5976 5974
f 5974 5976 5973
f 5975 5978 5976
f 5979 5978 5975
f 5980 5981 5979
f 5979 5981 5978
f 5982 5983 5980
f 5980 5983 5981
f 5984 5985 5986
f 5986 5985 5982
f 5982 5985 5983
f 5984 5987 5985
f 5988 5987 5984
f 5989 5990 5991
f 5991 5990 5988
f 5988 5990 5987
f 5992 5993 5989
f 5989 5993 5990
f 5994 5995 5996
f 5996 5995 5992
f 5992 5995 5993
f 5997 5998 5994
f 5994 5998 5995
f 5999 6000 6001
f 6001 6000 5997
f 5997 6000 5998
f 6002 6003 5999
f 5999 6003 6000
f 6004 6005 6002
f 6002 6005 6003
f 6006 6007 6004
f 6004 6007 6005
f 6008 6009 6006
f 6006 6009 6007
f 6010 6009 6008
f 6010 6011 6009
f 6012 6011 6010
f 6012 6013 6011
f 6014 6013 6015
f 6015 6013 6012
f 6014 6016 6013
f 6017 6016 6014
f 6017 6018 6016
f 6019 6018 6020
f 6020 6018 6017
f 6019 6021 6018
f 6022 6021 6019
f 6022 6023 6021
f 6024 6023 6022
f 6024 6025 6023
f 6026 6025 6024
f 6026 6027 6025
f 6028 6027 6026
f 6028 6029 6027
f 6030 6029 6031
f 6031 6029 6028
f 6030 6032 6029
f 6033 6032 6030
f 6033 6034 6032
f 6035 6034 6036
f 6036 6034 6033
f 6035 6037 6034
f 6038 6037 6035
f 6038 6039 6037
f 6040 6039 6041
f 6041 6039 6038
f 6040 6042 6039
f 6043 6042 6040
f 6044 6045 6046
f 6046 6045 6043
f 6043 6045 6042
f 6047 6048 6044
f 6044 6048 6045
f 6049 6050 6047
f 6047 6050 6048
f 6051 6052 6049
f 6049 6052 6050
f 6053 6054 6055
f 6055 6054 6051
f 6051 6054 6052
f 6053 6056 6054
f 6057 6056 6053
f 6057 6058 6056
f 6059 6058 6060
f 6060 6058 6057
f 6059 6061 6058
f 6062 6061 6059
f 6062 6063 6061
f 6064 6063 6065
f 6065 6063 6062
f 6064 6066 6063
f 6067 6066 6064
f 6067 6068 6066
f 6069 6068 6067
f 6069 6070 6068
f 6071 6070 6069
f 6071 6072 6070
f 6073 6072 6074
f 6074 6072 6071
f 6073 6075 6072
f 6076 6075 6073
f 6076 6077 6075
f 6078 6077 6079
f 6079 6077 6076
f 6078 6080 6077
f 6081 6080 6078
f 6081 6082 6080
f 6083 6082 6084
f 6084 6082 6081
f 6083 6085 6082
f 6086 6085 6083
f 6087 6088 6086
f 6086 6088 6085
f 6089 6090 6087
f 6087 6090 6088
f 6091 6092 6093
f 6093 6092 6089
f 6089 6092 6090
f 6091 6094 6092
f 6095 6094 6091
f 6096 6097 6098
f 6098 6097 6095
f 6095 6097 6094
f 6099 6100 6096
f 6096 6100 6097
f 6101 6102 6103
f 6103 6102 6099
f 6099 6102 6100
f 6101 6104 6102
f 6105 6104 6101
f 6105 6106 6104
f 6107 6106 6108
f 6108 6106 6105
f 6107 6109 6106
f 6110 6109 6107
f 6110 6111 6109
f 6112 6111 6110
f 6112 6113 6111
f 6114 6113 6112
f 6114 6115 6113
f 6116 6115 6117
f 6117 6115 6114
f 6116 6118 6115
f 6119 6118 6116
f 6119 6120 6118
f 6121 6120 6122
f 6122 6120 6119
f 6123 6124 6121
f 6121 6124 6120
f 6125 6126 6127
f 6127 6126 6123
f 6123 6126 6124
f 6125 6128 6126
f 6129 6128 6125
f 6130 6131 6129
f 6129 6131 6128
f 6132 6133 6130
f 6130 6133 6131
f 6134 6135 6132
f 6132 6135 6133
f 6136 6137 6138
f 6138 6137 6134
f 6134 6137 6135
f 6139 6140 6136
f 6136 6140 6137
f 6141 6142 6143
f 6143 6142 6139
f 6139 6142 6140
f 6141 6144 6142
f 6145 6144 6141
f 6146 6147 6148
f 6148 6147 6145
f 6145 6147 6144
f 6149 6150 6146
f 6146 6150 6147
f 6151 6152 6153
f 6153 6152 6149
f 6149 6152 6150
f 6151 6154 6152
f 6155 6154 6151
f 6155 6156 6154
f 6157 6156 6155
f 6157 6158 6156
f 6159 6158 6157
f 6159 6160 6158
f 6161 6160 6162
f 6162 6160 6159
f 6163 6164 6161
f 6161 6164 6160
f 6163 6165 6164
f 6166 6165 6167
f 6167 6165 6163
f 6168 6169 6166
f 6166 6169 6165
f 6170 6171 6172
f 6172 6171 6168
f 6168 6171 6169
f 6173 6174 6170
f 6170 6174 6171
f 6175 6176 6173
f 6173 6176 6174
f 6177 6178 6175
f 6175 6178 6176
f 6179 6180 6181
f 6181 6180 6177
f 6177 6180 6178
f 6182 6183 6179
f 6179 6183 6180
f 6182 6184 6183
f 6185 6184 6186
f 6186 6184 6182
f 6185 6187 6184
f 6188 6187 6185
f 6188 6189 6187
f 6190 6189 6191
f 6191 6189 6188
f 6190 6192 6189
f 6193 6192 6190
f 6193 6194 6192
f 6195 6194 6193
f 6195 6196 6194
f 6197 6196 6195
f 6197 6198 6196
f 6199 6198 6200
f 6200 6198 6197
f 6199 6201 6198
f 6202 6201 6199
f 6203 6204 6205
f 6205 6204 6202
f 6202 6204 6201
f 6203 6206 6204
f 6207 6206 6203
f 6207 6208 6206
f 6209 6208 6210
f 6210 6208 6207
f 6209 6211 6208
f 6212 6211 6209
f 6212 6213 6211
f 6214 6213 6215
f 6215 6213 6212
f 6214 6216 6213
f 6217 6216 6214
f 6217 6218 6216
f 6219 6218 6217
f 6219 5459 6218
f 6220 5459 6219
f 6220 5457 5459
f 6220 5455 5457
f 6221 5455 6220
f 6221 5452 5455
f 6222 5452 6221
f 6222 5449 5452
f 6223 5449 6222
f 6223 5447 5449
f 6224 5447 6223
f 6224 5446 5447
f 6225 5446 6224
f 6225 5445 5446
f 6226 5445 6225
f 6226 5444 5445
f 6227 5444 6226
f 6227 5443 5444
f 6228 5443 6227
f 6228 5442 5443
f 6229 5442 6228
f 6230 5441 6231
f 6231 5441 6229
f 6229 5441 5442
f 6232 5440 6230
f 6230 5440 5441
f 6233 5439 6232
f 6232 5439 5440
f 6233 5438 5439
f 6234 5437 6233
f 6233 5437 5438
f 6235 5436 6234
f 6234 5436 5437
f 6236 5435 6235
f 6235 5435 5436
f 6237 5434 6236
f 6236 5434 5435
f 6238 5433 6237
f 6237 5433 5434
f 6239 5432 6238
f 6238 5432 5433
f 6240 5431 6241
f 6241 5431 6239
f 6239 5431 5432
f 6242 5430 6240
f 6240 5430 5431
f 6242 5429 5430
f 6243 5429 6242
f 6243 5428 5429
f 6244 5428 6243
f 6244 5453 5428
f 6245 5453 6244
f 6245 5451 5453
f 6246 5451 6245
f 6246 5448 5451
f 6246 5450 5448
f 5460 5463 5395
f 5395 5463 5393
f 5462 5461 5391
f 5391 5461 5390
f 5464 5466 5483
f 5464 5483 5480
f 5478 5464 5480
f 6247 6248 5464
f 5475 5464 5478
f 6249 6247 5464
f 5470 5464 5475
f 6250 6249 5464
f 6251 6250 5464
f 6252 5470 5472
f 6252 5472 5473
f 6252 5464 5470
f 6253 6251 5464
f 6254 5464 6252
f 6255 6256 6253
f 6255 6253 5464
f 6255 5464 6254
f 6256 6257 6253
f 6257 6258 6253
f 6248 5465 5464
f 6258 6259 6253
f 6248 5467 5465
f 6247 5468 6248
f 6248 5468 5467
f 6247 5469 5468
f 6249 5487 6247
f 6247 5487 5469
f 6249 5489 5487
f 6249 5491 5489
f 6250 5493 6249
f 6249 5493 5491
f 6250 5496 5493
f 6251 5495 6250
f 6250 5495 5496
f 6251 5497 5495
f 6253 5501 6251
f 6251 5501 5497
f 6259 5500 6253
f 6253 5500 5501
f 6259 5503 5500
f 6260 5503 6259
f 6260 5506 5503
f 6261 5506 6260
f 6261 5505 5506
f 6262 5505 6261
f 6262 5508 5505
f 6262 5511 5508
f 6263 5511 6262
f 6263 5510 5511
f 6264 5510 6263
f 6264 5513 5510
f 6265 5513 6264
f 6265 5515 5513
f 6266 5515 6265
f 6266 5517 5515
f 6267 5520 6266
f 6266 5520 5517
f 6268 5519 6267
f 6267 5519 5520
f 6268 5522 5519
f 6269 5525 6268
f 6268 5525 5522
f 6270 5524 6269
f 6269 5524 5525
f 6270 5527 5524
f 6270 5530 5527
f 6271 5530 6270
f 6271 5529 5530
f 6272 5529 6271
f 6272 5532 5529
f 6272 5534 5532
f 6273 5534 6272
f 6273 5535 5534
f 6274 5535 6273
f 6274 5539 5535
f 6275 5539 6274
f 6275 5538 5539
f 6276 5538 6275
f 6276 5541 5538
f 6277 5541 6276
f 6277 5544 5541
f 6277 5542 5544
f 6278 5542 6277
f 6278 5546 5542
f 6279 5546 6278
f 6279 5549 5546
f 6279 5547 5549
f 6280 5547 6279
f 6280 5551 5547
f 6281 5551 6280
f 6281 5553 5551
f 6281 5555 5553
f 6282 5555 6281
f 6282 5558 5555
f 6283 5558 6282
f 6284 5557 6283
f 6283 5557 5558
f 6285 5560 6284
f 6284 5560 5557
f 6285 5563 5560
f 6286 5562 6285
f 6285 5562 5563
f 6287 5565 6286
f 6286 5565 5562
f 6287 5568 5565
f 6288 5567 6287
f 6287 5567 5568
f 6289 5570 6288
f 6288 5570 5567
f 6289 5573 5570
f 6290 5572 6289
f 6289 5572 5573
f 6291 5575 6290
f 6290 5575 5572
f 6291 5576 5575
f 6292 5579 6291
f 6291 5579 5576
f 6292 5580 5579
f 6293 5580 6292
f 6293 5584 5580
f 6294 5584 6293
f 6294 5583 5584
f 6295 5583 6294
f 6295 5586 5583
f 6296 5589 6295
f 6295 5589 5586
f 6296 5587 5589
f 6297 5587 6296
f 6297 5591 5587
f 6297 5594 5591
f 6298 5594 6297
f 6298 5592 5594
f 6299 5592 6298
f 6299 5595 5592
f 6299 5597 5595
f 6300 5597 6299
f 6301 5599 6300
f 6300 5599 5597
f 6302 5603 6301
f 6301 5603 5599
f 6303 5602 6302
f 6302 5602 5603
f 6303 5605 5602
f 6304 5608 6303
f 6303 5608 5605
f 6305 5607 6304
f 6304 5607 5608
f 6305 5610 5607
f 6306 5613 6305
f 6305 5613 5610
f 6307 5612 6306
f 6306 5612 5613
f 6307 5614 5612
f 6308 5618 6307
f 6307 5618 5614
f 6309 5616 6308
f 6308 5616 5618
f 6310 5619 6309
f 6309 5619 5616
f 6311 5621 6310
f 6310 5621 5619
f 6311 5623 5621
f 6312 5627 6311
f 6311 5627 5623
f 6313 5625 6312
f 6312 5625 5627
f 6313 5628 5625
f 6313 5632 5628
f 6314 5632 6313
f 6314 5630 5632
f 6315 5630 6314
f 6315 5633 5630
f 6315 5637 5633
f 6316 5637 6315
f 6316 5635 5637
f 6317 5635 6316
f 6317 5638 5635
f 6317 5640 5638
f 6318 5640 6317
f 6319 5642 6318
f 6318 5642 5640
f 6320 5646 6319
f 6319 5646 5642
f 6320 5644 5646
f 6321 5644 6320
f 6321 5647 5644
f 6322 5651 6321
f 6321 5651 5647
f 6322 5649 5651
f 6323 5649 6322
f 6323 5652 5649
f 6324 5656 6323
f 6323 5656 5652
f 6324 5654 5656
f 6325 5654 6324
f 6325 5657 5654
f 6326 5659 6325
f 6325 5659 5657
f 6326 5662 5659
f 6327 5662 6326
f 6328 5665 6327
f 6327 5665 5662
f 6329 5664 6328
f 6328 5664 5665
f 6330 5667 6329
f 6329 5667 5664
f 6330 5670 5667
f 6331 5669 6330
f 6330 5669 5670
f 6332 5672 6331
f 6331 5672 5669
f 6332 5675 5672
f 6333 5674 6332
f 6332 5674 5675
f 6334 5677 6333
f 6333 5677 5674
f 6334 5680 5677
f 6335 5679 6334
f 6334 5679 5680
f 6336 5682 6335
f 6335 5682 5679
f 6336 5684 5682
f 6337 5686 6336
f 6336 5686 5684
f 6338 5688 6337
f 6337 5688 5686
f 6339 5691 6338
f 6338 5691 5688
f 6340 5690 6339
f 6339 5690 5691
f 6340 5693 5690
f 6340 5696 5693
f 6341 5696 6340
f 6341 5694 5696
f 6342 5694 6341
f 6342 5699 5694
f 6342 5698 5699
f 6343 5698 6342
f 6343 5701 5698
f 6344 5701 6343
f 6344 5703 5701
f 6344 5705 5703
f 6345 5705 6344
f 6345 5707 5705
f 6346 5707 6345
f 6346 5710 5707
f 6347 5710 6346
f 6347 5709 5710
f 6348 5709 6347
f 6348 5712 5709
f 6348 5715 5712
f 6349 5715 6348
f 6349 5714 5715
f 6350 5714 6349
f 6350 5717 5714
f 6350 5720 5717
f 6351 5720 6350
f 6351 5719 5720
f 6352 5719 6351
f 6352 5722 5719
f 6352 5725 5722
f 6353 5725 6352
f 6354 5724 6353
f 6353 5724 5725
f 6354 5727 5724
f 6355 5727 6354
f 6355 5729 5727
f 6356 5729 6355
f 6356 5731 5729
f 6357 5734 6356
f 6356 5734 5731
f 6357 5732 5734
f 6358 5732 6357
f 6358 5735 5732
f 6358 5739 5735
f 6359 5739 6358
f 6359 5737 5739
f 6360 5737 6359
f 6360 5741 5737
f 6360 5744 5741
f 6361 5744 6360
f 6361 5742 5744
f 6362 5742 6361
f 6362 5746 5742
f 6362 5747 5746
f 6363 5747 6362
f 6363 5749 5747
f 6364 5749 6363
f 6364 5753 5749
f 6365 5753 6364
f 6365 5752 5753
f 6366 5752 6365
f 6366 5755 5752
f 6366 5758 5755
f 6367 5758 6366
f 6367 5757 5758
f 6368 5757 6367
f 6368 5760 5757
f 6368 5763 5760
f 6369 5763 6368
f 6369 5762 5763
f 6370 5762 6369
f 6370 5765 5762
f 6370 5767 5765
f 6371 5767 6370
f 6372 5769 6371
f 6371 5769 5767
f 6372 5772 5769
f 6373 5772 6372
f 6373 5770 5772
f 6374 5770 6373
f 6374 5773 5770
f 6375 5773 6374
f 6375 5777 5773
f 6376 5775 6375
f 6375 5775 5777
f 6376 5778 5775
f 6377 5778 6376
f 6377 5782 5778
f 6377 5780 5782
f 6378 5780 6377
f 6378 5784 5780
f 6379 5784 6378
f 6379 5787 5784
f 6379 5785 5787
f 6380 5785 6379
f 6380 5788 5785
f 6381 5788 6380
f 6381 5790 5788
f 6381 5792 5790
f 6382 5792 6381
f 6382 5794 5792
f 6383 5794 6382
f 6383 5798 5794
f 6384 5798 6383
f 6384 5796 5798
f 6385 5796 6384
f 6385 5801 5796
f 6385 5800 5801
f 6386 5800 6385
f 6386 5802 5800
f 6387 5802 6386
f 6387 5806 5802
f 6387 5805 5806
f 6388 5805 6387
f 6389 5808 6388
f 6388 5808 5805
f 6389 5810 5808
f 6390 5811 6389
f 6389 5811 5810
f 6390 5813 5811
f 6391 5813 6390
f 6391 5817 5813
f 6392 5817 6391
f 6392 5815 5817
f 6393 5815 6392
f 6393 5818 5815
f 6394 5822 6393
f 6393 5822 5818
f 6395 5820 6394
f 6394 5820 5822
f 6395 5823 5820
f 6396 5827 6395
f 6395 5827 5823
f 6397 5825 6396
f 6396 5825 5827
f 6397 5828 5825
f 6398 5832 6397
f 6397 5832 5828
f 6399 5830 6398
f 6398 5830 5832
f 6399 5833 5830
f 6400 5833 6399
f 6400 5836 5833
f 6401 5836 6400
f 6401 5838 5836
f 6402 5841 6401
f 6401 5841 5838
f 6402 5840 5841
f 6403 5840 6402
f 6403 5843 5840
f 6403 5846 5843
f 6404 5846 6403
f 6404 5845 5846
f 6405 5845 6404
f 6405 5848 5845
f 6405 5851 5848
f 6406 5851 6405
f 6407 5849 6406
f 6406 5849 5851
f 6407 5852 5849
f 6407 5855 5852
f 6408 5855 6407
f 6408 5857 5855
f 6409 5857 6408
f 6410 5860 6409
f 6409 5860 5857
f 6411 5859 6410
f 6410 5859 5860
f 6411 5862 5859
f 6412 5865 6411
f 6411 5865 5862
f 6413 5864 6412
f 6412 5864 5865
f 6413 5867 5864
f 6414 5870 6413
f 6413 5870 5867
f 6415 5869 6414
f 6414 5869 5870
f 6415 5872 5869
f 6416 5874 6415
f 6415 5874 5872
f 6417 5876 6416
f 6416 5876 5874
f 6418 5879 6417
f 6417 5879 5876
f 6419 5878 6418
f 6418 5878 5879
f 6420 5881 6419
f 6419 5881 5878
f 6420 5884 5881
f 6420 5883 5884
f 6421 5883 6420
f 6421 5886 5883
f 6422 5886 6421
f 6422 5889 5886
f 6422 5888 5889
f 6423 5888 6422
f 6423 5891 5888
f 6424 5891 6423
f 6424 5894 5891
f 6425 5892 6424
f 6424 5892 5894
f 6426 5896 6425
f 6425 5896 5892
f 6426 5897 5896
f 6427 5899 6426
f 6426 5899 5897
f 6427 5901 5899
f 6428 5901 6427
f 6429 5905 6428
f 6428 5905 5901
f 6430 5904 6429
f 6429 5904 5905
f 6430 5908 5904
f 6431 5907 6430
f 6430 5907 5908
f 6432 5910 6431
f 6431 5910 5907
f 6432 5913 5910
f 6433 5912 6432
f 6432 5912 5913
f 6434 5915 6433
f 6433 5915 5912
f 6434 5917 5915
f 6435 5919 6434
f 6434 5919 5917
f 6436 5921 6435
f 6435 5921 5919
f 6437 5924 6436
f 6436 5924 5921
f 6438 5923 6437
f 6437 5923 5924
f 6438 5926 5923
f 6439 5929 6438
f 6438 5929 5926
f 6440 5927 6439
f 6439 5927 5929
f 6440 5930 5927
f 6441 5934 6440
f 6440 5934 5930
f 6441 5932 5934
f 6442 5932 6441
f 6442 5936 5932
f 6442 5939 5936
f 6443 5939 6442
f 6443 5937 5939
f 6444 5937 6443
f 6444 5940 5937
f 6445 5940 6444
f 6445 5942 5940
f 6446 5942 6445
f 6446 5944 5942
f 6446 5948 5944
f 6447 5948 6446
f 6447 5946 5948
f 6448 5946 6447
f 6448 5949 5946
f 6448 5953 5949
f 6449 5953 6448
f 6449 5951 5953
f 6450 5951 6449
f 6450 5955 5951
f 6450 5958 5955
f 6451 5958 6450
f 6451 5957 5958
f 6452 5957 6451
f 6452 5960 5957
f 6452 5962 5960
f 6453 5962 6452
f 6453 5964 5962
f 6454 5964 6453
f 6454 5967 5964
f 6455 5967 6454
f 6455 5965 5967
f 6456 5965 6455
f 6456 5968 5965
f 6456 5972 5968
f 6457 5972 6456
f 6457 5970 5972
f 6458 5970 6457
f 6458 5974 5970
f 6459 5977 6458
f 6458 5977 5974
f 6459 5975 5977
f 6460 5975 6459
f 6460 5979 5975
f 6461 5980 6460
f 6460 5980 5979
f 6461 5982 5980
f 6462 5982 6461
f 6462 5986 5982
f 6463 5986 6462
f 6463 5984 5986
f 6464 5984 6463
f 6464 5988 5984
f 6465 5988 6464
f 6465 5991 5988
f 6465 5989 5991
f 6466 5989 6465
f 6466 5992 5989
f 6467 5992 6466
f 6467 5996 5992
f 6467 5994 5996
f 6468 5994 6467
f 6468 5997 5994
f 6469 5997 6468
f 6469 6001 5997
f 6469 5999 6001
f 6470 5999 6469
f 6470 6002 5999
f 6471 6002 6470
f 6471 6004 6002
f 6471 6006 6004
f 6472 6006 6471
f 6472 6008 6006
f 6473 6008 6472
f 6473 6010 6008
f 6474 6010 6473
f 6474 6012 6010
f 6475 6012 6474
f 6475 6015 6012
f 6475 6014 6015
f 6476 6014 6475
f 6477 6017 6476
f 6476 6017 6014
f 6477 6020 6017
f 6478 6019 6477
f 6477 6019 6020
f 6478 6022 6019
f 6479 6022 6478
f 6479 6024 6022
f 6480 6026 6479
f 6479 6026 6024
f 6480 6028 6026
f 6481 6028 6480
f 6482 6031 6481
f 6481 6031 6028
f 6483 6030 6482
f 6482 6030 6031
f 6483 6033 6030
f 6484 6036 6483
f 6483 6036 6033
f 6485 6035 6484
f 6484 6035 6036
f 6485 6038 6035
f 6485 6041 6038
f 6486 6041 6485
f 6486 6040 6041
f 6487 6040 6486
f 6487 6043 6040
f 6487 6046 6043
f 6488 6046 6487
f 6488 6044 6046
f 6489 6044 6488
f 6489 6047 6044
f 6490 6047 6489
f 6490 6049 6047
f 6491 6049 6490
f 6491 6051 6049
f 6491 6055 6051
f 6492 6055 6491
f 6492 6053 6055
f 6493 6053 6492
f 6493 6057 6053
f 6493 6060 6057
f 6494 6060 6493
f 6495 6059 6494
f 6494 6059 6060
f 6495 6062 6059
f 6496 6065 6495
f 6495 6065 6062
f 6496 6064 6065
f 6497 6064 6496
f 6497 6067 6064
f 6498 6069 6497
f 6497 6069 6067
f 6498 6071 6069
f 6499 6071 6498
f 6500 6074 6499
f 6499 6074 6071
f 6501 6073 6500
f 6500 6073 6074
f 6501 6076 6073
f 6502 6079 6501
f 6501 6079 6076
f 6503 6078 6502
f 6502 6078 6079
f 6503 6081 6078
f 6504 6084 6503
f 6503 6084 6081
f 6505 6083 6504
f 6504 6083 6084
f 6505 6086 6083
f 6505 6087 6086
f 6506 6087 6505
f 6506 6089 6087
f 6507 6089 6506
f 6507 6093 6089
f 6508 6093 6507
f 6508 6091 6093
f 6509 6091 6508
f 6509 6095 6091
f 6510 6095 6509
f 6510 6098 6095
f 6511 6096 6510
f 6510 6096 6098
f 6511 6099 6096
f 6512 6099 6511
f 6512 6103 6099
f 6512 6101 6103
f 6513 6101 6512
f 6513 6105 6101
f 6514 6105 6513
f 6514 6108 6105
f 6515 6107 6514
f 6514 6107 6108
f 6516 6110 6515
f 6515 6110 6107
f 6516 6112 6110
f 6517 6114 6516
f 6516 6114 6112
f 6518 6117 6517
f 6517 6117 6114
f 6519 6116 6518
f 6518 6116 6117
f 6520 6119 6519
f 6519 6119 6116
f 6520 6122 6119
f 6521 6121 6520
f 6520 6121 6122
f 6522 6123 6521
f 6521 6123 6121
f 6522 6127 6123
f 6523 6125 6522
f 6522 6125 6127
f 6524 6129 6523
f 6523 6129 6125
f 6524 6130 6129
f 6525 6132 6524
f 6524 6132 6130
f 6526 6134 6525
f 6525 6134 6132
f 6527 6138 6526
f 6526 6138 6134
f 6527 6136 6138
f 6528 6136 6527
f 6528 6139 6136
f 6528 6143 6139
f 6529 6143 6528
f 6530 6141 6529
f 6529 6141 6143
f 6530 6145 6141
f 6531 6148 6530
f 6530 6148 6145
f 6532 6146 6531
f 6531 6146 6148
f 6532 6149 6146
f 6533 6153 6532
f 6532 6153 6149
f 6534 6151 6533
f 6533 6151 6153
f 6535 6155 6534
f 6534 6155 6151
f 6536 6157 6535
f 6535 6157 6155
f 6536 6159 6157
f 6537 6162 6536
f 6536 6162 6159
f 6538 6161 6537
f 6537 6161 6162
f 6538 6163 6161
f 6539 6167 6538
f 6538 6167 6163
f 6540 6166 6539
f 6539 6166 6167
f 6540 6168 6166
f 6541 6172 6540
f 6540 6172 6168
f 6542 6170 6541
f 6541 6170 6172
f 6542 6173 6170
f 6542 6175 6173
f 6543 6175 6542
f 6543 6177 6175
f 6544 6177 6543
f 6544 6181 6177
f 6545 6181 6544
f 6545 6179 6181
f 6546 6179 6545
f 6546 6182 6179
f 6546 6186 6182
f 6547 6186 6546
f 6547 6185 6186
f 6548 6185 6547
f 6548 6188 6185
f 6549 6191 6548
f 6548 6191 6188
f 6549 6190 6191
f 6550 6190 6549
f 6550 6193 6190
f 6550 6195 6193
f 6551 6195 6550
f 6551 6197 6195
f 6552 6197 6551
f 6552 6200 6197
f 6553 6200 6552
f 6553 6199 6200
f 6554 6199 6553
f 6554 6202 6199
f 6555 6202 6554
f 6555 6205 6202
f 6555 6203 6205
f 6556 6203 6555
f 6556 6207 6203
f 6557 6207 6556
f 6557 6210 6207
f 6557 6209 6210
f 6558 6209 6557
f 6558 6212 6209
f 6559 6212 6558
f 6559 6215 6212
f 6559 6214 6215
f 6560 6214 6559
f 6560 6217 6214
f 6561 6217 6560
f 6561 6219 6217
f 6561 6220 6219
f 6562 6220 6561
f 6562 6221 6220
f 6563 6221 6562
f 6563 6222 6221
f 6564 6222 6563
f 6565 6223 6564
f 6564 6223 6222
f 6565 6224 6223
f 6565 6225 6224
f 6566 6225 6565
f 6567 6226 6566
f 6566 6226 6225
f 6567 6227 6226
f 6567 6228 6227
f 6568 6228 6567
f 6568 6229 6228
f 6569 6229 6568
f 6569 6231 6229
f 6569 6230 6231
f 6570 6230 6569
f 6570 6232 6230
f 6571 6232 6570
f 6571 6233 6232
f 6572 6233 6571
f 6572 6234 6233
f 6573 6234 6572
f 6573 6235 6234
f 6573 6236 6235
f 6574 6236 6573
f 6574 6237 6236
f 6575 6237 6574
f 6575 6238 6237
f 6575 6239 6238
f 6576 6239 6575
f 6576 6241 6239
f 6577 6241 6576
f 6577 6240 6241
f 6577 6242 6240
f 6578 6242 6577
f 6578 6243 6242
f 5458 6243 6578
f 5458 6244 6243
f 5456 6244 5458
f 5456 6245 6244
f 5454 6245 5456
f 5454 6246 6245
f 5450 6246 5454
f 5458 6218 5459
f 5458 6578 6218
f 6578 6216 6218
f 6578 6577 6216
f 6577 6213 6216
f 6577 6576 6213
f 6576 6211 6213
f 6576 6575 6211
f 6575 6208 6211
f 6575 6574 6208
f 6574 6206 6208
f 6574 6573 6206
f 6573 6204 6206
f 6573 6572 6204
f 6572 6201 6204
f 6572 6571 6201
f 6570 6198 6571
f 6571 6198 6201
f 6570 6196 6198
f 6570 6569 6196
f 6569 6194 6196
f 6569 6568 6194
f 6568 6192 6194
f 6568 6567 6192
f 6567 6189 6192
f 6567 6566 6189
f 6566 6187 6189
f 6566 6565 6187
f 6565 6184 6187
f 6565 6564 6184
f 6564 6183 6184
f 6564 6563 6183
f 6563 6180 6183
f 6563 6562 6180
f 6561 6178 6562
f 6562 6178 6180
f 6561 6176 6178
f 6561 6560 6176
f 6560 6174 6176
f 6560 6559 6174
f 6559 6171 6174
f 6559 6558 6171
f 6558 6169 6171
f 6558 6557 6169
f 6557 6165 6169
f 6557 6556 6165
f 6556 6164 6165
f 6556 6555 6164
f 6555 6160 6164
f 6555 6554 6160
f 6554 6158 6160
f 6554 6553 6158
f 6552 6156 6553
f 6553 6156 6158
f 6552 6154 6156
f 6552 6551 6154
f 6551 6152 6154
f 6551 6550 6152
f 6550 6150 6152
f 6550 6549 6150
f 6549 6147 6150
f 6549 6548 6147
f 6548 6144 6147
f 6548 6547 6144
f 6547 6142 6144
f 6547 6546 6142
f 6546 6140 6142
f 6546 6545 6140
f 6545 6137 6140
f 6545 6544 6137
f 6543 6135 6544
f 6544 6135 6137
f 6543 6133 6135
f 6543 6542 6133
f 6542 6131 6133
f 6542 6541 6131
f 6541 6128 6131
f 6541 6540 6128
f 6540 6126 6128
f 6540 6539 6126
f 6539 6124 6126
f 6539 6538 6124
f 6538 6120 6124
f 6538 6537 6120
f 6537 6118 6120
f 6537 6536 6118
f 6536 6115 6118
f 6536 6535 6115
f 6534 6113 6535
f 6535 6113 6115
f 6534 6111 6113
f 6534 6533 6111
f 6533 6109 6111
f 6533 6532 6109
f 6532 6106 6109
f 6532 6531 6106
f 6531 6104 6106
f 6531 6530 6104
f 6530 6102 6104
f 6530 6529 6102
f 6529 6100 6102
f 6529 6528 6100
f 6528 6097 6100
f 6528 6527 6097
f 6527 6094 6097
f 6527 6526 6094
f 6525 6092 6526
f 6526 6092 6094
f 6525 6090 6092
f 6525 6524 6090
f 6524 6088 6090
f 6524 6523 6088
f 6523 6085 6088
f 6523 6522 6085
f 6522 6082 6085
f 6522 6521 6082
f 6521 6080 6082
f 6521 6520 6080
f 6520 6077 6080
f 6520 6519 6077
f 6519 6075 6077
f 6519 6518 6075
f 6518 6072 6075
f 6518 6517 6072
f 6516 6070 6517
f 6517 6070 6072
f 6516 6068 6070
f 6516 6515 6068
f 6515 6066 6068
f 6515 6514 6066
f 6514 6063 6066
f 6514 6513 6063
f 6513 6061 6063
f 6513 6512 6061
f 6512 6058 6061
f 6512 6511 6058
f 6511 6056 6058
f 6511 6510 6056
f 6510 6054 6056
f 6510 6509 6054
f 6509 6052 6054
f 6509 6508 6052
f 6507 6050 6508
f 6508 6050 6052
f 6507 6048 6050
f 6507 6506 6048
f 6506 6045 6048
f 6506 6505 6045
f 6505 6042 6045
f 6505 6504 6042
f 6504 6039 6042
f 6504 6503 6039
f 6503 6037 6039
f 6503 6502 6037
f 6502 6034 6037
f 6502 6501 6034
f 6501 6032 6034
f 6501 6500 6032
f 6500 6029 6032
f 6500 6499 6029
f 6498 6027 6499
f 6499 6027 6029
f 6498 6025 6027
f 6498 6497 6025
f 6497 6023 6025
f 6497 6496 6023
f 6496 6021 6023
f 6496 6495 6021
f 6495 6018 6021
f 6495 6494 6018
f 6494 6016 6018
f 6494 6493 6016
f 6493 6013 6016
f 6493 6492 6013
f 6492 6011 6013
f 6492 6491 6011
f 6491 6009 6011
f 6491 6490 6009
f 6489 6007 6490
f 6490 6007 6009
f 6489 6005 6007
f 6489 6488 6005
f 6488 6003 6005
f 6488 6487 6003
f 6487 6000 6003
f 6487 6486 6000
f 6486 5998 6000
f 6486 6485 5998
f 6485 5995 5998
f 6485 6484 5995
f 6484 5993 5995
f 6484 6483 5993
f 6483 5990 5993
f 6483 6482 5990
f 6482 5987 5990
f 6482 6481 5987
f 6480 5985 6481
f 6481 5985 5987
f 6480 5983 5985
f 6480 6479 5983
f 6479 5981 5983
f 6479 6478 5981
f 6478 5978 5981
f 6478 6477 5978
f 6477 5976 5978
f 6477 6476 5976
f 6476 5973 5976
f 6476 6475 5973
f 6475 5971 5973
f 6475 6474 5971
f 6474 5969 5971
f 6474 6473 5969
f 6473 5966 5969
f 6473 6472 5966
f 6471 5963 6472
f 6472 5963 5966
f 6471 5961 5963
f 6471 6470 5961
f 6470 5959 5961
f 6470 6469 5959
f 6469 5956 5959
f 6469 6468 5956
f 6468 5954 5956
f 6468 6467 5954
f 6467 5952 5954
f 6467 6466 5952
f 6466 5950 5952
f 6466 6465 5950
f 6465 5947 5950
f 6465 6464 5947
f 6464 5945 5947
f 6464 6463 5945
f 6462 5943 6463
f 6463 5943 5945
f 6462 5941 5943
f 6462 6461 5941
f 6461 5938 5941
f 6461 6460 5938
f 6460 5935 5938
f 6460 6459 5935
f 6459 5933 5935
f 6459 6458 5933
f 6458 5931 5933
f 6458 6457 5931
f 6457 5928 5931
f 6457 6456 5928
f 6456 5925 5928
f 6456 6455 5925
f 6455 5922 5925
f 6455 6454 5922
f 6453 5920 6454
f 6454 5920 5922
f 6453 5918 5920
f 6453 6452 5918
f 6452 5916 5918
f 6452 6451 5916
f 6451 5914 5916
f 6451 6450 5914
f 6450 5911 5914
f 6450 6449 5911
f 6449 5909 5911
f 6449 6448 5909
f 6448 5906 5909
f 6448 6447 5906
f 6447 5903 5906
f 6447 6446 5903
f 6446 5902 5903
f 6446 6445 5902
f 6444 5900 6445
f 6445 5900 5902
f 6444 5898 5900
f 6444 6443 5898
f 6443 5895 5898
f 6443 6442 5895
f 6442 5893 5895
f 6442 6441 5893
f 6441 5890 5893
f 6441 6440 5890
f 6440 5887 5890
f 6440 6439 5887
f 6439 5885 5887
f 6439 6438 5885
f 6438 5882 5885
f 6438 6437 5882
f 6437 5880 5882
f 6437 6436 5880
f 6435 5877 6436
f 6436 5877 5880
f 6435 5875 5877
f 6435 6434 5875
f 6434 5873 5875
f 6434 6433 5873
f 6433 5871 5873
f 6433 6432 5871
f 6432 5868 5871
f 6432 6431 5868
f 6431 5866 5868
f 6431 6430 5866
f 6430 5863 5866
f 6430 6429 5863
f 6429 5861 5863
f 6429 6428 5861
f 6428 5858 5861
f 6428 6427 5858
f 6426 5856 6427
f 6427 5856 5858
f 6426 5854 5856
f 6426 6425 5854
f 6425 5853 5854
f 6425 6424 5853
f 6424 5850 5853
f 6424 6423 5850
f 6423 5847 5850
f 6423 6422 5847
f 6422 5844 5847
f 6422 6421 5844
f 6421 5842 5844
f 6421 6420 5842
f 6420 5839 5842
f 6420 6419 5839
f 6419 5837 5839
f 6419 6418 5837
f 6417 5835 6418
f 6418 5835 5837
f 6417 5834 5835
f 6417 6416 5834
f 6416 5831 5834
f 6416 6415 5831
f 6415 5829 5831
f 6415 6414 5829
f 6414 5826 5829
f 6414 6413 5826
f 6413 5824 5826
f 6413 6412 5824
f 6412 5821 5824
f 6412 6411 5821
f 6411 5819 5821
f 6411 6410 5819
f 6410 5816 5819
f 6410 6409 5816
f 6408 5814 6409
f 6409 5814 5816
f 6408 5812 5814
f 6408 6407 5812
f 6407 5809 5812
f 6407 6406 5809
f 6406 5807 5809
f 6406 6405 5807
f 6405 5804 5807
f 6405 6404 5804
f 6404 5803 5804
f 6404 6403 5803
f 6403 5799 5803
f 6403 6402 5799
f 6402 5797 5799
f 6402 6401 5797
f 6401 5795 5797
f 6401 6400 5795
f 6399 5793 6400
f 6400 5793 5795
f 6399 5791 5793
f 6399 6398 5791
f 6398 5789 5791
f 6398 6397 5789
f 6397 5786 5789
f 6397 6396 5786
f 6396 5783 5786
f 6396 6395 5783
f 6395 5781 5783
f 6395 6394 5781
f 6394 5779 5781
f 6394 6393 5779
f 6393 5776 5779
f 6393 6392 5776
f 6392 5774 5776
f 6392 6391 5774
f 6390 5771 6391
f 6391 5771 5774
f 6390 5768 5771
f 6390 6389 5768
f 6389 5766 5768
f 6389 6388 5766
f 6388 5764 5766
f 6388 6387 5764
f 6387 5761 5764
f 6387 6386 5761
f 6386 5759 5761
f 6386 6385 5759
f 6385 5756 5759
f 6385 6384 5756
f 6384 5754 5756
f 6384 6383 5754
f 6383 5751 5754
f 6383 6382 5751
f 6381 5750 6382
f 6382 5750 5751
f 6381 5748 5750
f 6381 6380 5748
f 6380 5745 5748
f 6380 6379 5745
f 6379 5743 5745
f 6379 6378 5743
f 6378 5740 5743
f 6378 6377 5740
f 6377 5738 5740
f 6377 6376 5738
f 6376 5736 5738
f 6376 6375 5736
f 6375 5733 5736
f 6375 6374 5733
f 6374 5730 5733
f 6374 6373 5730
f 6372 5728 6373
f 6373 5728 5730
f 6372 5726 5728
f 6372 6371 5726
f 6371 5723 5726
f 6371 6370 5723
f 6370 5721 5723
f 6370 6369 5721
f 6369 5718 5721
f 6369 6368 5718
f 6368 5716 5718
f 6368 6367 5716
f 6367 5713 5716
f 6367 6366 5713
f 6366 5711 5713
f 6366 6365 5711
f 6365 5708 5711
f 6365 6364 5708
f 6363 5706 6364
f 6364 5706 5708
f 6363 5704 5706
f 6363 6362 5704
f 6362 5702 5704
f 6362 6361 5702
f 6361 5700 5702
f 6361 6360 5700
f 6360 5697 5700
f 6360 6359 5697
f 6359 5695 5697
f 6359 6358 5695
f 6358 5692 5695
f 6358 6357 5692
f 6357 5689 5692
f 6357 6356 5689
f 6356 5687 5689
f 6356 6355 5687
f 6354 5685 6355
f 6355 5685 5687
f 6354 5683 5685
f 6354 6353 5683
f 6353 5681 5683
f 6353 6352 5681
f 6352 5678 5681
f 6352 6351 5678
f 6351 5676 5678
f 6351 6350 5676
f 6350 5673 5676
f 6350 6349 5673
f 6349 5671 5673
f 6349 6348 5671
f 6348 5668 5671
f 6348 6347 5668
f 6347 5666 5668
f 6347 6346 5666
f 6345 5663 6346
f 6346 5663 5666
f 6345 5661 5663
f 6345 6344 5661
f 6344 5660 5661
f 6344 6343 5660
f 6343 5658 5660
f 6343 6342 5658
f 6342 5655 5658
f 6342 6341 5655
f 6341 5653 5655
f 6341 6340 5653
f 6340 5650 5653
f 6340 6339 5650
f 6339 5648 5650
f 6339 6338 5648
f 6338 5645 5648
f 6338 6337 5645
f 6336 5643 6337
f 6337 5643 5645
f 6336 5641 5643
f 6336 6335 5641
f 6335 5639 5641
f 6335 6334 5639
f 6334 5636 5639
f 6334 6333 5636
f 6333 5634 5636
f 6333 6332 5634
f 6332 5631 5634
f 6332 6331 5631
f 6331 5629 5631
f 6331 6330 5629
f 6330 5626 5629
f 6330 6329 5626
f 6329 5624 5626
f 6329 6328 5624
f 6327 5622 6328
f 6328 5622 5624
f 6327 5620 5622
f 6327 6326 5620
f 6326 5617 5620
f 6326 6325 5617
f 6325 5615 5617
f 6325 6324 5615
f 6324 5611 5615
f 6324 6323 5611
f 6323 5609 5611
f 6323 6322 5609
f 6322 5606 5609
f 6322 6321 5606
f 6321 5604 5606
f 6321 6320 5604
f 6320 5601 5604
f 6320 6319 5601
f 6318 5600 6319
f 6319 5600 5601
f 6318 5598 5600
f 6318 6317 5598
f 6317 5596 5598
f 6317 6316 5596
f 6316 5593 5596
f 6316 6315 5593
f 6315 5590 5593
f 6315 6314 5590
f 6314 5588 5590
f 6314 6313 5588
f 6313 5585 5588
f 6313 6312 5585
f 6312 5582 5585
f 6312 6311 5582
f 6311 5581 5582
f 6311 6310 5581
f 6309 5578 6310
f 6310 5578 5581
f 6309 5577 5578
f 6309 6308 5577
f 6308 5574 5577
f 6308 6307 5574
f 6307 5571 5574
f 6307 6306 5571
f 6306 5569 5571
f 6306 6305 5569
f 6305 5566 5569
f 6305 6304 5566
f 6304 5564 5566
f 6304 6303 5564
f 6303 5561 5564
f 6303 6302 5561
f 6302 5559 5561
f 6302 6301 5559
f 6300 5556 6301
f 6301 5556 5559
f 6300 5554 5556
f 6300 6299 5554
f 6299 5552 5554
f 6299 6298 5552
f 6298 5550 5552
f 6298 6297 5550
f 6297 5548 5550
f 6297 6296 5548
f 6296 5545 5548
f 6296 6295 5545
f 6295 5543 5545
f 6295 6294 5543
f 6294 5540 5543
f 6294 6293 5540
f 6293 5537 5540
f 6293 6292 5537
f 6291 5536 6292
f 6292 5536 5537
f 6291 5533 5536
f 6291 6290 5533
f 6290 5531 5533
f 6290 6289 5531
f 6289 5528 5531
f 6289 6288 5528
f 6288 5526 5528
f 6288 6287 5526
f 6287 5523 5526
f 6287 6286 5523
f 6286 5521 5523
f 6286 6285 5521
f 6285 5518 5521
f 6285 6284 5518
f 6284 5516 5518
f 6284 6283 5516
f 6282 5514 6283
f 6283 5514 5516
f 6282 5512 5514
f 6282 6281 5512
f 6281 5509 5512
f 6281 6280 5509
f 6280 5507 5509
f 6280 6279 5507
f 6279 5504 5507
f 6279 6278 5504
f 6278 5502 5504
f 6278 6277 5502
f 6277 5499 5502
f 6277 6276 5499
f 6276 5498 5499
f 6276 6275 5498
f 6275 5494 5498
f 6275 6274 5494
f 6273 5492 6274
f 6274 5492 5494
f 6273 5490 5492
f 6273 6272 5490
f 6272 5488 5490
f 6272 6271 5488
f 6271 5486 5488
f 6271 6270 5486
f 6270 5485 5486
f 6270 6269 5485
f 6269 5484 5485
f 6269 6268 5484
f 6268 5482 5484
f 6268 6267 5482
f 6267 5481 5482
f 6267 6266 5481
f 6266 5479 5481
f 6266 6265 5479
f 6264 5477 6265
f 6265 5477 5479
f 6264 5476 5477
f 6264 6263 5476
f 6263 5474 5476
f 6263 6262 5474
f 6262 5471 5474
f 6262 6261 5471
f 6261 5473 5471
f 6261 6260 5473
f 6260 6252 5473
f 6260 6259 6252
f 6259 6254 6252
f 6259 6258 6254
f 6258 6255 6254
f 6258 6257 6255
f 6257 6256 6255
f 5463 5462 5393
f 5393 5462 5391
f 6579 6580 6581
f 6582 6583 6580
f 6580 6583 6581
f 6584 6585 6582
f 6582 6585 6583
f 6586 6587 6584
f 6584 6587 6585
f 6586 6588 6587
f 6586 6589 6588
f 6590 6591 6589
f 6589 6591 6588
f 6592 6593 6590
f 6590 6593 6591
f 6594 6595 6592
f 6592 6595 6593
f 6594 6596 6595
f 6594 6597 6596
f 6597 6598 6596
f 6599 6597 6600
f 6600 6597 6601
f 6601 6594 6602
f 6597 6594 6601
f 6594 6592 6602
f 6590 6589 6592
f 6592 6589 6602
f 6603 6579 6604
f 6604 6579 6605
f 6605 6579 6606
f 6606 6579 6607
f 6589 6586 6602
f 6603 6580 6579
f 6602 6582 6603
f 6603 6582 6580
f 6586 6584 6602
f 6602 6584 6582
f 6608 6609 6610
f 6611 6612 6609
f 6611 6609 6608
f 6596 6598 6612
f 6595 6596 6612
f 6593 6595 6612
f 6591 6593 6612
f 6583 6611 6613
f 6583 6613 6614
f 6583 6614 6615
f 6583 6615 6581
f 6583 6612 6611
f 6583 6591 6612
f 6585 6587 6588
f 6585 6588 6591
f 6585 6591 6583
f 6597 6612 6598
f 6599 6612 6597
f 6600 6609 6599
f 6599 6609 6612
f 6601 6610 6600
f 6600 6610 6609
f 6602 6608 6601
f 6601 6608 6610
f 6603 6611 6602
f 6602 6611 6608
f 6604 6613 6603
f 6603 6613 6611
f 6604 6605 6613
f 6605 6614 6613
f 6605 6606 6614
f 6607 6615 6606
f 6606 6615 6614
f 6579 6581 6607
f 6607 6581 6615
f 6616 6617 6618
f 6619 6620 6616
f 6619 6616 6618
f 6621 6620 6619
f 6622 6621 6619
f 6623 6621 6622
f 6624 6623 6625
f 6626 6624 6625
f 6627 6628 6629
f 6630 6627 6629
f 6631 6632 6630
f 6633 6632 6631
f 6634 6633 6631
f 6635 6633 6634
f 6636 6633 6635
f 6637 6636 6635
f 6638 6625 6623
f 6639 6622 6625
f 6639 6623 6622
f 6639 6638 6623
f 6639 6625 6638
f 6640 6628 6624
f 6640 6624 6626
f 6641 6626 6629
f 6641 6640 6626
f 6641 6628 6640
f 6641 6629 6628
f 6642 6632 6627
f 6642 6627 6630
f 6642 6630 6632
f 6643 6644 6645
f 6643 6645 6646
f 6643 6646 6647
f 6648 6633 6636
f 6648 6636 6644
f 6648 6644 6643
f 6649 6647 6650
f 6649 6650 6651
f 6649 6643 6647
f 6652 6632 6633
f 6652 6633 6648
f 6653 6649 6651
f 6654 6649 6653
f 6627 6632 6652
f 6655 6654 6653
f 6628 6652 6656
f 6628 6627 6652
f 6617 6654 6655
f 6616 6654 6617
f 6624 6628 6656
f 6620 6654 6616
f 6621 6656 6654
f 6621 6654 6620
f 6623 6624 6656
f 6623 6656 6621
f 6657 6658 6618
f 6659 6619 6658
f 6658 6619 6618
f 6660 6622 6659
f 6659 6622 6619
f 6661 6625 6660
f 6660 6625 6622
f 6662 6626 6661
f 6661 6626 6625
f 6662 6663 6626
f 6664 6629 6663
f 6663 6629 6626
f 6665 6630 6664
f 6664 6630 6629
f 6665 6666 6630
f 6666 6631 6630
f 6666 6667 6631
f 6667 6634 6631
f 6668 6635 6667
f 6667 6635 6634
f 6668 6637 6635
f 6654 6656 6669
f 6669 6656 6670
f 6644 6636 6637
f 6671 6644 6637
f 6645 6644 6671
f 6672 6645 6671
f 6647 6646 6673
f 6674 6647 6673
f 6651 6650 6675
f 6676 6651 6677
f 6653 6651 6676
f 6678 6653 6676
f 6655 6653 6678
f 6679 6655 6678
f 6617 6655 6679
f 6618 6617 6679
f 6680 6646 6645
f 6680 6645 6672
f 6681 6672 6673
f 6681 6646 6680
f 6681 6680 6672
f 6681 6673 6646
f 6682 6650 6647
f 6682 6674 6675
f 6682 6647 6674
f 6682 6675 6650
f 6683 6651 6675
f 6683 6677 6651
f 6684 6675 6677
f 6684 6683 6675
f 6684 6677 6683
f 6685 6686 6662
f 6661 6687 6685
f 6688 6687 6661
f 6660 6688 6661
f 6689 6688 6660
f 6690 6689 6659
f 6658 6690 6659
f 6691 6692 6657
f 6693 6692 6691
f 6694 6693 6691
f 6695 6696 6694
f 6697 6696 6695
f 6698 6697 6695
f 6699 6697 6698
f 6700 6697 6699
f 6701 6700 6699
f 6662 6661 6685
f 6702 6659 6689
f 6703 6660 6659
f 6703 6689 6660
f 6703 6659 6702
f 6703 6702 6689
f 6704 6692 6690
f 6704 6690 6658
f 6705 6658 6657
f 6705 6657 6692
f 6705 6692 6704
f 6705 6704 6658
f 6706 6696 6693
f 6706 6693 6694
f 6706 6694 6696
f 6707 6700 6701
f 6708 6709 6707
f 6710 6709 6708
f 6711 6710 6708
f 6712 6710 6711
f 6713 6712 6714
f 6715 6713 6714
f 6667 6716 6668
f 6717 6716 6667
f 6666 6717 6667
f 6665 6718 6666
f 6719 6718 6665
f 6664 6719 6665
f 6663 6719 6664
f 6686 6719 6663
f 6662 6686 6663
f 6701 6708 6707
f 6720 6714 6712
f 6721 6711 6714
f 6721 6712 6711
f 6721 6720 6712
f 6721 6714 6720
f 6722 6716 6713
f 6722 6713 6715
f 6723 6715 6668
f 6723 6716 6722
f 6723 6722 6715
f 6723 6668 6716
f 6724 6718 6717
f 6724 6717 6666
f 6724 6666 6718
f 6656 6652 6670
f 6670 6652 6725
f 6725 6726 6727
f 6670 6727 6728
f 6670 6728 6669
f 6670 6725 6727
f 6728 6649 6669
f 6649 6654 6669
f 6668 6715 6637
f 6714 6671 6715
f 6715 6671 6637
f 6711 6672 6714
f 6714 6672 6671
f 6708 6673 6711
f 6711 6673 6672
f 6701 6674 6708
f 6708 6674 6673
f 6701 6699 6674
f 6698 6675 6699
f 6699 6675 6674
f 6695 6677 6698
f 6698 6677 6675
f 6695 6694 6677
f 6694 6676 6677
f 6694 6691 6676
f 6691 6678 6676
f 6691 6679 6678
f 6691 6657 6679
f 6657 6618 6679
f 6729 6700 6730
f 6731 6697 6732
f 6732 6697 6729
f 6729 6697 6700
f 6733 6696 6731
f 6731 6696 6697
f 6734 6693 6733
f 6733 6693 6696
f 6735 6692 6734
f 6734 6692 6693
f 6736 6690 6735
f 6735 6690 6692
f 6737 6689 6736
f 6736 6689 6690
f 6738 6688 6737
f 6737 6688 6689
f 6738 6687 6688
f 6739 6685 6738
f 6738 6685 6687
f 6739 6686 6685
f 6740 6686 6739
f 6741 6719 6742
f 6742 6719 6740
f 6740 6719 6686
f 6743 6718 6741
f 6741 6718 6719
f 6744 6717 6743
f 6743 6717 6718
f 6745 6716 6744
f 6744 6716 6717
f 6746 6713 6745
f 6745 6713 6716
f 6747 6712 6746
f 6746 6712 6713
f 6748 6710 6747
f 6747 6710 6712
f 6748 6709 6710
f 6730 6707 6748
f 6748 6707 6709
f 6730 6700 6707
f 6725 6652 6726
f 6652 6648 6726
f 6643 6649 6727
f 6727 6649 6728
f 6749 6729 6730
f 6749 6750 6729
f 6750 6732 6729
f 6750 6751 6732
f 6751 6731 6732
f 6751 6752 6731
f 6752 6733 6731
f 6753 6754 6734
f 6754 6735 6734
f 6754 6755 6735
f 6755 6736 6735
f 6756 6738 6737
f 6756 6757 6738
f 6758 6739 6757
f 6757 6739 6738
f 6753 6759 6752
f 6733 6759 6734
f 6752 6759 6733
f 6734 6759 6753
f 6756 6760 6755
f 6755 6760 6736
f 6737 6760 6756
f 6736 6761 6737
f 6737 6761 6760
f 6760 6761 6736
f 6762 6740 6758
f 6758 6740 6739
f 6763 6742 6762
f 6762 6742 6740
f 6764 6741 6763
f 6763 6741 6742
f 6765 6743 6764
f 6764 6743 6741
f 6766 6745 6767
f 6767 6745 6744
f 6768 6746 6766
f 6766 6746 6745
f 6769 6748 6770
f 6770 6748 6747
f 6749 6730 6769
f 6769 6730 6748
f 6767 6771 6765
f 6743 6772 6744
f 6765 6772 6743
f 6744 6772 6767
f 6771 6772 6765
f 6767 6772 6771
f 6770 6773 6768
f 6746 6774 6747
f 6773 6774 6768
f 6770 6774 6773
f 6768 6774 6746
f 6747 6774 6770
f 6648 6643 6726
f 6726 6643 6727
f 6775 6749 6776
f 6777 6750 6775
f 6775 6750 6749
f 6778 6751 6777
f 6777 6751 6750
f 6779 6752 6778
f 6778 6752 6751
f 6780 6753 6779
f 6779 6753 6752
f 6781 6754 6780
f 6780 6754 6753
f 6782 6755 6781
f 6781 6755 6754
f 6783 6756 6784
f 6784 6756 6782
f 6782 6756 6755
f 6785 6757 6783
f 6783 6757 6756
f 6785 6758 6757
f 6785 6762 6758
f 6786 6762 6785
f 6787 6763 6786
f 6786 6763 6762
f 6788 6764 6787
f 6787 6764 6763
f 6789 6765 6788
f 6788 6765 6764
f 6790 6767 6789
f 6789 6767 6765
f 6791 6766 6790
f 6790 6766 6767
f 6792 6768 6791
f 6791 6768 6766
f 6793 6770 6792
f 6792 6770 6768
f 6794 6769 6793
f 6793 6769 6770
f 6776 6749 6794
f 6794 6749 6769
f 6795 6796 6785
f 6783 6797 6795
f 6783 6795 6785
f 6798 6797 6783
f 6784 6798 6783
f 6799 6798 6784
f 6800 6799 6782
f 6781 6800 6782
f 6801 6800 6781
f 6780 6801 6781
f 6802 6801 6780
f 6779 6802 6780
f 6778 6803 6779
f 6804 6803 6778
f 6777 6804 6778
f 6775 6804 6777
f 6805 6804 6775
f 6776 6805 6775
f 6806 6782 6799
f 6807 6784 6782
f 6807 6799 6784
f 6807 6806 6799
f 6807 6782 6806
f 6808 6803 6802
f 6808 6802 6779
f 6808 6779 6803
f 6809 6805 6776
f 6794 6810 6809
f 6794 6809 6776
f 6811 6810 6794
f 6793 6811 6794
f 6812 6811 6793
f 6813 6812 6792
f 6791 6813 6792
f 6814 6813 6791
f 6790 6814 6791
f 6815 6814 6790
f 6789 6815 6790
f 6788 6816 6789
f 6817 6816 6788
f 6787 6817 6788
f 6786 6817 6787
f 6796 6817 6786
f 6785 6796 6786
f 6818 6792 6812
f 6819 6793 6792
f 6819 6812 6793
f 6819 6818 6812
f 6819 6792 6818
f 6820 6816 6815
f 6820 6815 6789
f 6820 6789 6816
f 6821 6805 6822
f 6823 6804 6821
f 6821 6804 6805
f 6823 6824 6804
f 6825 6803 6824
f 6824 6803 6804
f 6826 6802 6825
f 6825 6802 6803
f 6827 6801 6826
f 6826 6801 6802
f 6828 6800 6827
f 6827 6800 6801
f 6829 6799 6828
f 6828 6799 6800
f 6829 6798 6799
f 6829 6830 6798
f 6830 6797 6798
f 6831 6795 6830
f 6830 6795 6797
f 6831 6796 6795
f 6831 6832 6796
f 6833 6817 6832
f 6832 6817 6796
f 6833 6834 6817
f 6835 6816 6834
f 6834 6816 6817
f 6836 6815 6835
f 6835 6815 6816
f 6837 6814 6836
f 6836 6814 6815
f 6838 6813 6837
f 6837 6813 6814
f 6839 6812 6838
f 6838 6812 6813
f 6839 6811 6812
f 6839 6840 6811
f 6840 6810 6811
f 6840 6809 6810
f 6840 6822 6809
f 6822 6805 6809
f 6821 6822 6841
f 6842 6823 6821
f 6824 6823 6842
f 6843 6824 6842
f 6825 6824 6843
f 6826 6825 6844
f 6845 6826 6844
f 6827 6826 6845
f 6846 6827 6845
f 6828 6827 6846
f 6847 6828 6846
f 6848 6829 6847
f 6830 6829 6848
f 6849 6830 6848
f 6850 6830 6849
f 6831 6830 6850
f 6851 6831 6850
f 6841 6842 6821
f 6852 6844 6825
f 6853 6843 6844
f 6853 6825 6843
f 6853 6852 6825
f 6853 6844 6852
f 6854 6829 6828
f 6854 6828 6847
f 6854 6847 6829
f 6832 6831 6851
f 6855 6833 6832
f 6834 6833 6855
f 6856 6834 6855
f 6835 6834 6856
f 6836 6835 6857
f 6858 6836 6857
f 6837 6836 6858
f 6859 6837 6858
f 6838 6837 6859
f 6860 6838 6859
f 6861 6839 6860
f 6840 6839 6861
f 6862 6840 6861
f 6863 6840 6862
f 6822 6840 6863
f 6841 6822 6863
f 6851 6855 6832
f 6864 6857 6835
f 6865 6856 6857
f 6865 6835 6856
f 6865 6864 6835
f 6865 6857 6864
f 6866 6839 6838
f 6866 6838 6860
f 6866 6860 6839
f 6855 6851 6856
f 6856 6851 6857
f 6850 6849 6851
f 6849 6848 6851
f 6848 6847 6851
f 6857 6846 6858
f 6851 6846 6857
f 6847 6846 6851
f 6859 6841 6860
f 6860 6841 6861
f 6861 6841 6862
f 6862 6841 6863
f 6858 6845 6859
f 6846 6845 6858
f 6845 6844 6859
f 6859 6844 6841
f 6841 6843 6842
f 6844 6843 6841
