# PUBLIC SHELL OBJ - display only, not CAD source
# Precision intentionally degraded; multi-part structure removed
o shell
v 4.953 -15.212 -4.533
v 4.922 -15.234 -4.282
v 4.943 -15.219 -4.271
v 5.091 -15.209 -4.665
v 5.217 -12.411 -5.203
v 5.351 -15.214 -4.801
v 5.492 -15.209 -4.931
v 5.62 -15.213 -4.934
v 4.535 -12.42 -4.542
v -5.331 -3.598 -12.145
v -3.727 -3.998 -11.21
v -5.733 -3.733 -11.879
v -9.491 -4.013 -11.221
v -7.594 -3.594 -12.142
v -7.343 -3.738 -11.883
v -9.754 -4.011 -11.486
v -15.902 -7.62 -7.35
v -13.367 -5.485 -9.354
v -14.544 -6.936 -7.472
v -17.363 -9.751 -6.145
v -16.557 -9.347 -5.742
v 4.691 -12.271 -5.065
v 3.622 -9.868 -5.466
v 4.147 -9.741 -6.138
v 3.591 -9.623 -6.015
v 2.131 -7.748 -6.812
v 2.138 -7.076 -7.743
v 1.597 -6.947 -7.747
v -0.249 -5.596 -8.937
v -0.384 -5.196 -9.605
v -0.952 -5.086 -9.756
v -3.055 -4.128 -11.341
v -3.592 -3.997 -11.343
v -6.549 -3.609 -12.153
v -10.132 -4.128 -11.074
v -12.144 -5.069 -9.477
v -13.075 -5.601 -9.208
v -15.496 -7.616 -7.214
v -17.096 -10.018 -5.877
v -17.606 -12.004 -4.664
v -18.437 -12.292 -5.213
v -18.013 -12.676 -4.934
v -18.17 -15.095 -4.278
v -18.562 -15.09 -4.942
v -18.817 -15.081 -4.935
v -18.281 -15.08 -4.667
v -18.141 -15.075 -4.531
v -18.169 -15.095 -4.411
v -21.752 -3.597 -12.411
v -21.223 -2.532 -15.752
v -22.687 -5.466 -9.341
v -23.633 -8.145 -6.943
v -24.557 -11.475 -5.469
v -24.828 -15.483 -4.937
v -18.416 -17.885 -5.202
v -24.305 -19.898 -5.877
v -17.369 -20.57 -6.147
v -23.111 -23.642 -8.151
v 8.027 -2.526 -15.747
v -15.76 -22.835 -7.479
v -21.889 -26.431 -11.612
v 8.688 -3.999 -11.612
v -13.2 -24.955 -9.471
v -21.227 -27.77 -15.754
v 9.873 -6.681 -8.149
v -9.483 -26.439 -11.618
v -7.479 -26.705 -12.151
v 11.076 -10.419 -5.878
v 11.615 -14.822 -4.941
v 11.331 -18.839 -5.483
v 5.226 -17.879 -5.198
v 10.417 -22.162 -6.942
v 4.274 -20.294 -6.008
v 9.477 -24.837 -9.348
v 2.257 -23.108 -7.617
v 8.533 -26.846 -12.424
v -0.281 -25.111 -9.62
v 8.014 -27.77 -15.754
v -5.192 -26.693 -12.142
v -2.95 -26.178 -11.222
v -21.212 -2.391 -16.013
v -21.216 -2.394 -16.149
v 8.002 -2.41 -16.027
v -21.234 -2.139 -16.158
v 8.029 -2.257 -16.147
v -21.213 -1.991 -16.281
v 8.028 -2.125 -16.148
v 8.002 -2.009 -16.294
v -22.012 -27.091 -12.808
v -21.615 -28.296 -15.748
v -22.45 -26.984 -11.625
v -21.244 -27.782 -15.763
v -21.359 -27.903 -15.753
v -21.501 -27.909 -15.758
v -21.612 -28.16 -15.746
v -22.845 -25.245 -9.62
v -23.508 -24.306 -8.149
v -23.779 -22.707 -7.35
v -24.565 -20.56 -5.873
v -24.551 -19.749 -5.733
v -25.253 -16.302 -4.682
v -25.091 -16.682 -4.935
v -24.982 -13.362 -4.947
v -24.982 -11.759 -5.081
v -24.287 -9.47 -6.135
v -24.021 -7.735 -6.937
v -23.514 -6.687 -8.019
v -22.819 -4.531 -9.874
v -22.553 -4.398 -10.542
v -22.166 -2.939 -12.685
v -21.77 -2.942 -13.622
v -21.644 -2.013 -15.762
v -21.619 -2.128 -15.75
v -21.623 -2.265 -15.752
v -21.485 -2.395 -15.749
v -21.349 -2.527 -15.748
v -21.225 -28.169 -16.153
v 8.01 -28.307 -16.29
v -21.226 -28.304 -16.288
v -21.231 -28.04 -16.157
v 8.029 -28.16 -16.147
v -21.217 -27.897 -16.016
v 8.008 -27.908 -16.157
v 8.001 -27.912 -16.027
v 8.827 -3.195 -12.811
v 8.43 -1.99 -15.746
v 9.201 -3.48 -11.622
v 8.021 -2.53 -15.75
v 8.138 -2.408 -15.759
v 8.269 -2.41 -15.76
v 8.399 -2.145 -15.761
v 9.616 -5.072 -9.612
v 10.298 -6.13 -8.136
v 10.55 -7.61 -7.343
v 11.332 -9.759 -5.883
v 11.344 -10.552 -5.744
v 12.026 -14.013 -4.669
v 11.895 -13.744 -4.934
v 11.76 -16.95 -4.935
v 11.739 -18.567 -5.079
v 11.095 -20.82 -6.135
v 10.827 -22.556 -6.937
v 10.268 -23.642 -8.017
v 9.601 -25.778 -9.886
v 9.351 -25.899 -10.546
v 8.933 -27.38 -12.691
v 8.531 -27.382 -13.626
v 8.4 -28.314 -15.761
v 8.397 -28.183 -15.763
v 8.396 -28.183 -15.763
v 8.293 -27.895 -15.748
v 8.129 -27.916 -15.763
v -18.169 -15.229 -4.278
v -17.774 -18.036 -4.548
v -5.994 -26.694 -11.876
v -7.599 -26.562 -11.877
v -17.749 -18.553 -5.203
v -16.806 -20.55 -5.466
v -16.274 -21.619 -6.535
v -15.357 -22.567 -6.811
v -14.031 -24.041 -8.417
v -12.939 -24.692 -8.806
v -11.344 -25.765 -10.412
v -9.601 -26.295 -11.076
v -7.995 -26.559 -11.875
v -4.802 -26.567 -11.881
v -3.725 -26.294 -11.209
v -2.002 -25.769 -10.548
v -1.08 -25.243 -9.486
v 0.285 -24.422 -8.803
v 1.318 -23.511 -7.486
v 2.254 -22.709 -7.218
v 3.351 -20.954 -5.735
v 4.121 -19.907 -5.617
v 4.424 -18.28 -4.664
v 5.067 -16.427 -4.81
v -21.635 -2.006 -15.891
v -21.354 -2.13 -16.151
v -21.372 -2.009 -16.16
v -21.5 -2.005 -16.024
v -21.354 -2.263 -16.151
v -21.514 -2.282 -16.031
v -21.357 -2.399 -16.019
v -21.223 -1.064 -16.286
v -18.698 -0.27 -16.292
v -16.419 1.338 -16.288
v -8.425 -0.543 -16.296
v -9.087 0.128 -16.293
v -9.476 0.937 -16.287
v -7.468 -1.062 -16.285
v -14.835 3.461 -16.297
v -9.615 1.334 -16.29
v -13.482 5.21 -16.287
v -9.619 1.865 -16.292
v -6.416 -1.207 -16.293
v -9.357 2.93 -16.295
v -11.755 6.672 -16.292
v -8.796 3.883 -16.281
v -8.933 7.886 -16.283
v -7.867 4.547 -16.284
v -6.798 4.814 -16.284
v -5.88 8.141 -16.292
v -5.73 4.681 -16.284
v -2.926 7.485 -16.284
v -4.802 4.276 -16.287
v -4.153 3.461 -16.297
v -3.868 0.671 -16.287
v 3.208 1.338 -16.288
v -4.402 -0.264 -16.287
v -3.734 2.807 -16.287
v 1.591 3.463 -16.295
v -3.605 2.27 -16.289
v -3.597 1.875 -16.286
v 5.469 -0.271 -16.292
v -5.324 -0.923 -16.281
v -0.386 5.751 -16.282
v 8.018 -1.063 -16.286
v 8.397 -2.013 -15.896
v 8.134 -2.277 -16.161
v 8.164 -2.123 -16.146
v 8.261 -2.015 -16.164
v 8.154 -1.997 -16.151
v 8.138 -2.408 -16.026
v 8.276 -2.271 -16.023
v -22.957 -26.298 -9.476
v -24.037 -23.903 -7.078
v -24.7 -22.164 -5.741
v -22.163 -28.038 -12.416
v -25.772 -17.626 -4.007
v -21.627 -28.972 -15.754
v -25.771 -13.62 -3.873
v -25.38 -10.69 -4.545
v -24.718 -8.157 -5.75
v -24.556 -8.003 -5.869
v -24.319 -7.223 -6.418
v -23.233 -4.407 -8.813
v -22.284 -2.26 -12.01
v -21.627 -1.066 -15.754
v -21.623 -28.301 -15.885
v -21.358 -28.035 -16.153
v -21.373 -28.18 -16.161
v -21.509 -28.315 -16.162
v -21.345 -28.294 -16.147
v -21.369 -27.91 -16.025
v -21.507 -28.046 -16.027
v 8.431 -28.293 -15.879
v 8.156 -28.165 -16.15
v 8.127 -28.318 -16.164
v 8.26 -28.319 -16.032
v 8.163 -28.026 -16.147
v 8.277 -28.04 -16.023
v 8.133 -27.914 -16.028
v -21.219 -28.966 -16.284
v -20.573 -28.982 -16.295
v -18.433 -29.513 -16.293
v -11.496 -37.128 -16.296
v -8.405 -34.577 -16.286
v -8.693 -38.33 -16.297
v -13.893 -35.121 -16.293
v -9.087 -33.92 -16.293
v -9.488 -33.119 -16.293
v -7.464 -34.973 -16.283
v -9.609 -32.576 -16.287
v -15.486 -32.443 -16.288
v -9.631 -32.191 -16.298
v -6.426 -35.128 -16.298
v -5.611 -38.456 -16.291
v -16.551 -30.705 -16.286
v -9.336 -31.103 -16.284
v -5.358 -34.86 -16.298
v -2.664 -37.648 -16.286
v -8.82 -30.047 -16.293
v -4.404 -34.179 -16.288
v -7.751 -29.379 -16.293
v -3.888 -33.391 -16.297
v -0.127 -35.912 -16.286
v -3.59 -32.167 -16.282
v 1.213 -34.307 -16.284
v -3.885 -30.852 -16.296
v 2.261 -32.451 -16.294
v -3.733 -31.507 -16.287
v -4.691 -29.921 -16.298
v 3.327 -30.717 -16.295
v 5.2 -29.513 -16.293
v -5.608 -29.374 -16.289
v 7.356 -28.965 -16.283
v 8.009 -28.975 -16.29
v -6.667 -29.101 -16.285
v 8.934 -28.047 -12.423
v 8.394 -28.986 -15.764
v 9.754 -26.298 -9.476
v 10.826 -23.892 -7.071
v 11.468 -22.174 -5.748
v 12.156 -19.623 -4.537
v 12.548 -16.692 -3.873
v 12.548 -12.686 -4.007
v 9.075 -2.273 -12.019
v 8.406 -1.072 -15.758
v 11.471 -8.153 -5.747
v 11.335 -8.021 -5.882
v 11.099 -7.198 -6.401
v 9.997 -4.418 -8.821
v -21.347 -1.057 -16.148
v -21.492 -1.065 -16.02
v -21.615 -1.057 -15.881
v -3.742 1.867 -16.158
v -3.867 1.873 -16.153
v -4.006 1.869 -16.023
v -4.157 1.857 -15.898
v -4.154 1.859 -15.763
v -4.272 2.804 -15.755
v -4.815 3.599 -15.76
v -6.426 4.261 -15.764
v -5.605 4.141 -15.754
v -7.331 4.281 -15.749
v -8.661 3.217 -15.746
v -8.958 2.662 -15.761
v -9.079 2.27 -15.755
v -9.468 1.878 -16.15
v -9.224 1.861 -16.161
v -9.211 1.87 -15.888
v -9.098 1.856 -15.898
v -9.069 1.877 -15.75
v -4.955 3.995 -16.163
v -5.092 3.859 -16.032
v -8.288 3.999 -16.161
v -8.128 3.884 -16.014
v -8.156 3.864 -15.761
v -8.939 0.939 -15.752
v -8.416 0.13 -15.757
v -6.81 -0.668 -15.756
v -7.616 -0.404 -15.758
v -5.874 -0.534 -15.755
v -4.558 0.388 -15.764
v -4.285 1.059 -15.762
v -4.136 1.471 -15.754
v -8.277 -0.4 -16.155
v -8.126 -0.254 -16.013
v -4.946 -0.405 -16.159
v -5.066 -0.262 -16.019
v -5.082 -0.14 -15.76
v 8.416 -1.065 -15.886
v 8.281 -1.066 -16.154
v 8.13 -1.078 -16.163
v -18.84 0.258 -15.628
v -21.222 -0.662 -15.885
v -21.235 -0.671 -15.758
v -21.246 -0.679 -15.63
v -21.232 -0.937 -16.157
v -16.295 1.999 -16.025
v -15.216 3.742 -15.753
v -15.222 3.738 -15.889
v -15.084 3.608 -16.021
v -15.093 3.601 -16.158
v -14.944 3.479 -16.151
v -16.821 1.737 -15.621
v -18.815 0.141 -16.017
v -21.227 -0.799 -16.021
v -17.745 0.81 -16.016
v -16.675 1.612 -16.015
v -1.747 7.202 -16.028
v -6.006 8.547 -16.021
v -7.595 8.69 -15.614
v -4.557 8.4 -15.63
v -10.431 7.733 -16.03
v -14.411 4.68 -16.018
v -13.207 6.15 -15.616
v 1.201 4.672 -16.023
v 0.417 5.753 -15.614
v 1.986 3.727 -15.764
v 1.993 3.732 -15.894
v 1.875 3.609 -16.019
v 1.862 3.6 -16.159
v 1.737 3.472 -16.155
v 0.131 5.873 -16.023
v -0.796 6.679 -16.02
v -1.597 7.347 -15.619
v -2.144 7.471 -16.026
v -3.592 8.154 -16.016
v -5.204 8.414 -16.021
v -6.665 8.553 -16.017
v -8.266 8.42 -16.016
v -9.894 8.002 -16.029
v -10.679 7.88 -15.62
v -11.202 7.353 -16.015
v -12.539 6.55 -16.017
v -13.472 5.751 -16.016
v 3.59 1.725 -15.629
v 6.129 -0.142 -16.029
v 5.599 0.261 -15.626
v 8.023 -0.66 -15.616
v 7.998 -0.677 -15.895
v 7.995 -0.679 -16.03
v 7.996 -0.945 -16.163
v 8.015 -1.065 -16.154
v 3.466 1.598 -16.025
v 4.543 0.804 -16.02
v 5.619 0.141 -16.017
v -21.361 -28.972 -16.155
v -21.489 -28.969 -16.152
v -21.616 -28.963 -15.881
v -22.03 -1.602 -12.818
v -21.908 -1.877 -11.755
v -21.508 -0.676 -15.628
v -21.647 -0.813 -15.764
v -21.631 -0.935 -15.756
v -22.562 -2.936 -10.146
v -22.842 -4.013 -8.417
v -23.517 -4.685 -7.886
v -24.439 -7.08 -6.278
v -24.306 -7.08 -6.145
v -24.176 -6.949 -5.879
v -24.016 -6.931 -5.866
v -23.9 -6.943 -5.742
v -23.097 -4.138 -8.544
v -24.43 -7.207 -5.873
v -24.556 -7.869 -5.735
v -24.581 -7.753 -5.614
v -24.423 -7.603 -5.469
v -24.309 -7.616 -5.345
v -24.174 -7.616 -5.211
v -24.689 -8.003 -5.602
v -24.716 -8.022 -5.482
v -24.574 -7.882 -5.344
v -24.448 -7.888 -5.214
v -24.313 -7.886 -5.08
v -24.567 -7.744 -5.474
v -25.504 -11.35 -3.873
v -25.652 -14.031 -3.079
v -25.086 -10.804 -3.731
v -25.92 -15.1 -3.347
v -25.387 -18.305 -3.347
v -25.504 -18.961 -3.873
v -24.702 -22.298 -5.608
v -24.689 -22.423 -5.468
v -24.58 -22.44 -5.347
v -24.431 -22.429 -5.206
v -24.312 -22.44 -5.08
v -25.113 -9.221 -4.679
v -25.364 -10.678 -4.137
v -25.908 -13.756 -3.474
v -25.78 -18.032 -3.61
v -24.417 -22.954 -5.733
v -24.015 -24.02 -6.934
v -24.023 -24.159 -6.67
v -23.911 -24.308 -6.548
v -23.782 -24.312 -6.55
v -23.506 -24.305 -6.412
v -21.615 -29.364 -15.347
v -21.239 -29.514 -15.626
v -21.643 -28.582 -12.156
v -21.627 -29.105 -15.754
v -21.62 -29.234 -15.75
v -21.491 -29.37 -15.752
v -21.365 -29.509 -15.622
v -22.149 -28.162 -11.875
v -22.57 -26.707 -8.948
v -23.228 -26.167 -8.543
v -22.02 -28.432 -12.279
v -22.959 -26.7 -9.21
v 8.421 -28.967 -15.884
v 8.274 -28.977 -16.025
v 8.164 -28.96 -16.146
v -4.14 -32.579 -15.756
v -4.15 -32.186 -15.761
v -4.546 -33.518 -15.758
v -4.265 -32.974 -15.751
v -5.058 -34.17 -15.747
v -5.888 -34.59 -15.762
v -6.819 -34.722 -15.76
v -7.593 -34.436 -15.747
v -8.419 -33.919 -15.759
v -8.942 -33.11 -15.753
v -9.064 -32.167 -15.747
v -9.072 -31.639 -15.752
v -8.815 -31.112 -15.756
v -8.26 -30.296 -15.746
v -7.335 -29.769 -15.751
v -6.544 -29.642 -15.756
v -5.603 -29.905 -15.753
v -4.794 -30.434 -15.749
v -4.291 -31.257 -15.765
v 8.009 -29.108 -16.157
v 8.025 -29.231 -16.149
v 7.353 -29.234 -16.151
v 7.994 -29.386 -16.031
v 7.345 -29.373 -16.021
v 8.028 -29.496 -15.88
v 7.335 -29.514 -15.893
v 8.028 -29.496 -15.613
v 7.337 -29.512 -15.758
v 7.328 -29.519 -15.63
v 5.333 -29.914 -15.626
v 2.683 -32.703 -15.882
v 3.721 -30.989 -15.63
v 2.665 -32.716 -15.758
v 2.269 -32.579 -16.156
v 2.421 -32.566 -16.147
v 5.323 -29.787 -16.031
v 4.405 -30.31 -16.023
v 3.616 -30.969 -16.017
v 2.534 -32.581 -16.024
v -13.754 -35.784 -16.023
v -13.096 -36.592 -15.627
v -14.672 -34.838 -15.748
v -10.819 -37.922 -16.024
v -6.541 -38.853 -16.022
v -2.406 -37.922 -16.024
v -1.321 -37.376 -15.615
v -4.154 -38.731 -15.629
v 0.546 -35.775 -16.017
v -15.203 -33.767 -16.013
v -15.89 -32.713 -15.756
v -15.895 -32.716 -15.892
v -15.766 -32.587 -16.028
v -15.632 -32.586 -16.161
v -15.498 -32.585 -16.161
v -14.414 -35.112 -16.019
v -12.408 -36.979 -16.018
v -10.433 -38.333 -15.631
v -9.612 -38.453 -16.022
v -7.344 -38.988 -15.622
v -8.017 -38.725 -16.025
v -4.953 -38.73 -16.029
v -3.335 -38.318 -16.021
v -1.882 -37.662 -16.029
v -0.549 -36.862 -16.03
v 1.053 -35.393 -15.763
v 1.199 -34.984 -16.024
v 2.144 -33.641 -16.018
v -20.544 -29.495 -15.88
v -18.578 -29.921 -15.631
v -20.545 -29.496 -15.613
v -20.545 -29.095 -16.147
v -20.555 -29.236 -16.152
v -16.149 -31.906 -16.019
v -16.955 -30.975 -15.621
v -16.81 -30.967 -16.016
v -17.625 -30.309 -16.023
v -18.548 -29.767 -16.017
v -20.555 -29.369 -16.019
v -21.228 -29.24 -16.155
v -21.233 -29.377 -16.024
v -21.233 -29.51 -15.89
v -21.211 -29.495 -15.746
v 11.477 -8.015 -5.61
v 11.351 -7.876 -5.74
v 11.483 -8.011 -5.474
v 11.338 -7.752 -5.614
v 11.219 -7.608 -5.473
v 11.221 -7.874 -5.204
v 11.353 -7.875 -5.339
v 11.072 -7.617 -5.346
v 11.07 -7.886 -5.08
v 10.93 -7.624 -5.217
v 11.358 -7.871 -5.47
v 11.203 -7.486 -5.748
v 11.083 -7.076 -6.275
v 11.093 -7.069 -6.137
v 10.959 -6.935 -5.869
v 10.807 -6.949 -5.879
v 10.691 -6.936 -5.736
v 8.685 -1.598 -12.815
v 8.684 -1.865 -11.747
v 8.396 -0.945 -15.763
v 8.294 -0.79 -15.748
v 8.156 -0.66 -15.616
v 9.334 -2.946 -10.153
v 9.602 -4.014 -8.418
v 10.16 -4.664 -7.871
v 9.899 -4.126 -8.536
v 8.393 -29.387 -15.364
v 8.402 -28.58 -12.155
v 8.017 -29.504 -15.619
v 8.154 -29.501 -15.617
v 8.285 -29.369 -15.752
v 8.396 -29.252 -15.763
v 8.943 -28.174 -11.884
v 9.355 -26.698 -8.941
v 9.89 -26.163 -8.54
v 10.805 -24.04 -6.948
v 10.816 -24.167 -6.676
v 10.694 -24.292 -6.536
v 10.532 -24.312 -6.551
v 10.292 -24.293 -6.403
v 8.826 -28.43 -12.277
v 9.75 -26.702 -9.211
v 10.963 -23.623 -6.268
v 11.467 -22.309 -5.616
v 11.499 -22.42 -5.466
v 11.342 -22.436 -5.344
v 11.208 -22.436 -5.211
v 11.081 -22.432 -5.074
v 12.29 -18.956 -3.869
v 12.4 -16.302 -3.08
v 11.88 -19.496 -3.74
v 12.671 -15.23 -3.345
v 12.162 -12.008 -3.332
v 12.302 -11.337 -3.863
v 11.891 -21.09 -4.669
v 12.163 -19.618 -4.133
v 12.675 -16.563 -3.476
v 12.551 -12.417 -3.605
v -21.345 -0.922 -16.147
v -21.379 -1.079 -16.164
v -21.478 -0.788 -15.88
v -21.645 -0.945 -15.896
v -9.062 1.881 -4.264
v -9.075 2.406 -4.271
v -8.797 2.948 -4.265
v -8.28 3.737 -4.274
v -7.343 4.273 -4.272
v -6.556 4.263 -4.279
v -5.617 4.132 -4.277
v -4.799 3.61 -4.269
v -4.255 2.682 -4.264
v -4.14 1.869 -4.273
v -4.12 1.482 -4.263
v -4.282 1.061 -4.278
v -4.552 0.392 -4.279
v -5.057 -0.122 -4.264
v -5.882 -0.539 -4.276
v -6.812 -0.67 -4.274
v -7.618 -0.406 -4.276
v -8.429 0.121 -4.281
v -8.945 0.935 -4.272
v 8.131 -1.078 -16.163
v 8.151 -0.93 -16.153
v 8.408 -0.937 -15.891
v 8.287 -0.795 -15.884
v -15.36 2.266 -9.883
v -15.501 0.792 -6.549
v -17.1 -2.543 -5.078
v -15.745 -1.195 -3.333
v -21.648 -5.62 -6.284
v -18.281 0.275 -14.281
v -18.283 -0.127 -12.546
v -18.427 -0.802 -10.816
v -18.55 -1.596 -9.075
v -18.699 -2.675 -7.614
v -18.817 -3.732 -6.137
v -18.68 -3.864 -6.002
v 2.125 2.262 -9.886
v -14.952 -0.8 -0.934
v 2.277 0.806 -6.539
v -2.405 4.138 -2.671
v 2.551 -1.192 -3.331
v 1.338 -0.665 -0.265
v -0.521 0.409 1.876
v -3.063 1.207 3.208
v -6.011 1.6 3.604
v -2.396 6.548 -9.076
v -10.818 4.137 -2.672
v -8.805 1.474 3.475
v -11.612 0.804 2.539
v -13.768 -0.278 0.793
v -10.797 6.555 -9.07
v -6.684 6.27 -5.612
v 7.628 -5.061 -6.267
v 3.867 -2.54 -5.076
v 5.06 0.258 -14.293
v 5.09 -0.122 -12.543
v 5.209 -0.8 -10.814
v 5.352 -1.595 -9.074
v 5.463 -2.678 -7.616
v 5.608 -3.738 -6.142
v 5.608 -3.872 -6.008
v -21.367 -29.11 -16.158
v -21.371 -29.246 -16.16
v -21.627 -29.238 -15.887
v -21.379 -29.386 -15.897
v -23.348 -22.152 -4.664
v -20.546 -22.82 -1.06
v -21.485 -20.554 0.406
v -21.223 -22.293 -2.667
v -21.506 -9.754 0.396
v -20.577 -7.488 -1.076
v -20.815 -7.868 -1.996
v -22.306 -18.031 1.331
v -22.679 -19.614 -2.127
v -22.436 -22.167 -4.008
v -22.55 -15.211 1.61
v -23.226 -16.952 -1.332
v -22.309 -12.291 1.33
v -23.362 -14.284 -1.2
v -23.093 -12.013 -1.599
v -22.448 -9.759 -2.545
v -22.573 -8.151 -4.143
v -21.377 -8.155 -2.811
v -20.551 -28.966 -13.48
v -20.703 -28.312 -11.487
v -20.966 -26.439 -8.547
v 8.132 -29.25 -16.162
v 8.131 -29.117 -16.163
v 8.143 -29.375 -15.89
v 8.403 -29.247 -15.893
v -4.135 -32.576 -4.271
v -4.12 -32.165 -4.263
v -4.282 -32.986 -4.277
v -4.522 -33.501 -4.264
v -5.067 -34.177 -4.269
v -5.865 -34.575 -4.268
v -6.812 -34.717 -4.274
v -7.62 -34.455 -4.277
v -8.423 -33.922 -4.278
v -8.952 -33.117 -4.276
v -9.082 -32.18 -4.274
v -9.063 -31.632 -4.264
v -8.275 -30.307 -4.271
v -8.805 -31.105 -4.269
v -7.349 -29.779 -4.275
v -6.554 -29.649 -4.278
v -5.611 -29.911 -4.274
v -4.824 -30.454 -4.281
v -4.284 -31.252 -4.278
v 5.355 -26.827 -8.004
v 7.495 -28.294 -11.474
v 6.554 -26.429 -8.406
v 7.755 -26.429 -8.54
v 2.941 -28.971 -6.007
v 2.814 -31.504 -10.677
v 3.859 -27.781 -7.083
v 7.341 -28.976 -13.487
v 4.523 -29.253 -11.625
v -16.022 -31.51 -10.681
v -1.868 -34.18 -2.803
v 1.862 -29.379 -1.205
v 0.673 -30.038 0.804
v -1.731 -31.107 2.673
v -4.554 -31.788 3.464
v -1.872 -36.586 -9.081
v -11.364 -34.191 -2.811
v -10.428 -31.386 3.064
v -12.799 -30.563 1.745
v -14.691 -29.644 -0.403
v -15.772 -29.119 -3.079
v -16.161 -28.977 -6.011
v -11.352 -36.586 -9.081
v -6.67 -35.379 -2.4
v -7.471 -31.907 3.608
v -4.922 -36.839 -6.667
v -6.667 -36.578 -5.604
v -8.283 -36.054 -4.542
v -6.675 -37.652 -8.945
v -16.674 -28.162 -6.802
v -19.109 -26.581 -8.286
v -17.743 -29.23 -11.608
v -17.508 -27.383 -7.486
v 10.129 -8.158 -4.682
v 7.347 -7.475 -1.067
v 8.269 -9.753 0.396
v 8.012 -8.01 -2.67
v 8.273 -20.566 0.398
v 7.333 -22.839 -1.073
v 7.626 -22.42 -1.995
v 9.09 -12.276 1.34
v 9.463 -10.693 -2.145
v 9.2 -8.287 -4.012
v 9.361 -15.211 1.61
v 10.019 -13.348 -1.332
v 9.072 -18.03 1.332
v 10.151 -16.02 -1.2
v 9.876 -18.295 -1.605
v 9.199 -20.572 -2.544
v 9.357 -22.157 -4.134
v 8.127 -22.176 -2.813
v -23.218 -7.868 -4.8
v -22.422 -8.004 -4.134
v -19.361 -5.609 -2.537
v -20.438 -7.217 -1.207
v -21.225 -7.874 -2.801
v -16.156 -2.137 -2.938
v -17.481 -3.598 -3.333
v -16.574 -2.682 -2.679
v -17.753 -3.735 -3.469
v -17.231 -3.343 -2.941
v -17.083 -3.199 -2.4
v -19.219 -5.068 -4.803
v -18.034 -4.012 -3.476
v -18.299 -4.277 -3.475
v -18.572 -4.682 -3.344
v 2.945 -2.131 -2.934
v 2.55 -2.127 1.342
v 3.329 -2.677 -2.675
v 3.888 -3.193 -2.396
v 0.131 -0.803 4.271
v -2.945 0.262 5.871
v -6.135 0.672 6.412
v -9.461 0.547 6.151
v -14.685 -1.467 2.939
v -12.406 -0.392 4.946
v -16.14 -2.393 0.408
v -2.668 0.402 4.274
v -11.356 0.262 4.002
v 4.017 -3.33 -2.932
v 4.146 -3.466 -3.201
v 4.394 -3.614 -3.344
v 4.661 -3.88 -3.477
v 5.088 -4.262 -3.464
v 9.347 -8.011 -4.272
v 5.865 -5.348 -2.942
v 7.224 -7.2 -1.194
v 7.48 -7.609 -2.135
v 7.061 -6.153 -4.681
v 8.001 -7.885 -3.076
v -21.749 -8.001 -3.597
v -20.289 -24.697 -5.738
v -17.618 -26.699 -5.471
v -18.561 -26.171 -6.677
v -19.768 -26.041 -7.748
v 9.343 -15.223 8.277
v 8.549 -19.892 8.28
v 6.529 -24.043 8.271
v 2.547 -28.165 8.283
v 1.201 -28.974 3.204
v -2.66 -30.569 8.283
v -1.479 -30.183 5.202
v 3.199 -27.643 -0.404
v -4.549 -30.983 6.271
v -8.426 -30.986 8.271
v -7.859 -30.963 6.418
v 4.399 -26.709 -5.478
v -13.899 -29.25 8.272
v -11.081 -30.442 5.608
v -13.884 -29.239 3.74
v -18.414 -25.761 8.284
v -16.033 -28.047 0.796
v -16.942 -27.227 -2.129
v -21.496 -20.828 8.279
v -22.562 -15.219 8.28
v -21.78 -10.56 8.27
v -19.749 -6.267 8.284
v -15.738 -2.124 8.287
v -10.555 0.262 8.275
v -4.79 0.679 8.286
v 0.663 -1.072 8.276
v 5.203 -4.543 8.276
v 8.275 -9.482 8.276
v 6.526 -26.048 -7.752
v 3.22 -28.295 -5.867
v 3.607 -27.637 -5.74
v 5.861 -26.18 -7.618
v 5.339 -26.171 -6.677
v 3.995 -27.246 -6.548
v -16.691 -27.906 -5.742
v -17.084 -27.233 -5.604
v -12.81 -30.037 3.075
v -4.674 -31.111 4.806
v 2.133 -28.709 -0.002
v -17.237 -27.247 -6.549
v -19.108 -26.18 -7.618
v 7.058 -24.714 -5.751
v 8.539 -8.016 -3.608
v -16.155 -25.235 8.278
v -19.361 -20.829 8.278
v -11.756 -28.044 8.275
v -20.151 -18.018 8.283
v -20.55 -15.213 8.284
v -6.399 -29.1 8.283
v -19.483 -9.873 8.284
v -1.216 -27.915 8.271
v -16.574 -5.353 8.269
v 3.33 -24.974 8.274
v -12.025 -2.409 8.274
v 6.284 -20.422 8.283
v -6.807 -1.2 8.279
v 7.34 -15.224 8.276
v 6.93 -12.293 8.272
v -1.469 -2.27 8.278
v 6.13 -9.488 8.272
v 2.928 -5.08 8.273
v -20.578 -15.232 38.312
v -19.479 -20.418 38.328
v -16.559 -24.97 38.319
v -12.001 -27.894 38.328
v -6.808 -29.106 38.321
v -1.458 -28.031 38.325
v 2.939 -25.234 38.321
v 6.153 -20.821 38.326
v 6.927 -18.036 38.312
v 7.346 -15.22 38.321
v 6.265 -9.888 38.315
v 3.353 -5.33 38.328
v -1.203 -2.404 38.32
v -6.425 -1.213 38.312
v -11.755 -2.274 38.317
v -16.15 -5.07 38.323
v -19.346 -9.47 38.327
v -20.167 -12.288 38.317
v -14.57 -23.511 38.312
v -17.093 -19.896 38.319
v -10.689 -25.908 38.316
v -17.888 -17.622 38.322
v -18.157 -15.22 38.321
v -6.393 -26.692 38.328
v -17.21 -10.806 38.327
v -2.008 -25.773 38.318
v -14.813 -7.071 38.324
v 1.61 -23.227 38.324
v -11.223 -4.545 38.316
v 4.017 -19.486 38.326
v -6.801 -3.599 38.325
v 4.946 -15.217 38.323
v 4.671 -12.686 38.319
v -2.536 -4.406 38.321
v 3.886 -10.405 38.327
v 1.202 -6.809 38.32
v -9.358 -26.312 -7.75
v -7.063 -26.695 -9.206
v -10.269 -26.028 -6.002
v -7.339 -26.7 -7.208
v -5.475 -26.571 -8.145
v -3.891 -26.316 -8.688
v -6.945 -26.705 -5.609
v -5.336 -26.567 -6.273
v -2.789 -26.026 -6.669
v 2.41 -22.293 16.827
v -17.375 -19.239 2.528
v -15.367 -22.573 -0.407
v -17.104 -19.904 6.135
v -12.161 -25.243 -0.806
v -14.428 -23.639 2.266
v -13.081 -24.698 1.738
v -14.035 -24.044 6.935
v -12.956 -24.838 16.421
v -6.813 -26.706 9.078
v -17.757 -18.158 16.824
v -1.334 -25.368 -1.068
v 1.876 -22.96 -0.397
v -0.533 -24.967 1.603
v 0.916 -23.779 2.127
v -6.661 -26.693 13.894
v 1.452 -23.378 7.068
v -6.662 -26.694 16.296
v -1.487 -25.381 12.942
v -0.417 -24.846 16.281
v -17.351 -19.089 30.98
v -17.083 -19.889 27.375
v -6.813 -26.707 -0.937
v -8.812 -26.437 0.935
v -6.277 -26.705 0.4
v -6.8 -26.697 1.74
v -4.557 -26.449 -0.142
v -6.823 -26.714 4.132
v -13.201 -24.555 22.44
v -6.554 -26.712 23.627
v -13.371 -24.447 25.493
v -1.336 -25.369 20.295
v -12.537 -24.959 29.782
v -15.076 -22.823 34.588
v 1.05 -23.646 26.294
v 0.808 -23.895 33.384
v -6.129 -26.695 28.179
v 0.388 -24.309 30.97
v -5.875 -26.704 30.309
v -6.132 -26.697 32.984
v 4.127 -19.235 32.306
v -11.217 -25.637 33.78
v -3.876 -4.008 -7.746
v -6.152 -3.612 -9.218
v -2.919 -4.26 -5.999
v -6.004 -3.736 -7.074
v -7.734 -3.731 -8.14
v -9.332 -3.996 -8.672
v -6.28 -3.608 -5.61
v -7.87 -3.733 -6.272
v -10.397 -4.261 -6.667
v -15.618 -8.009 16.825
v 4.14 -11.081 2.537
v 2.154 -7.732 -0.392
v 3.854 -10.427 6.133
v -1.071 -5.076 -0.803
v 1.203 -6.675 2.271
v -0.148 -5.618 1.728
v 0.796 -6.279 6.941
v -0.257 -5.467 16.428
v -6.408 -3.604 9.08
v 4.528 -12.159 16.818
v -12.009 -4.935 -1.064
v -15.092 -7.48 -0.403
v -12.693 -5.347 1.598
v -14.147 -6.538 2.139
v -6.538 -3.602 13.888
v -14.692 -6.946 7.074
v -6.54 -3.604 16.29
v -11.743 -4.936 12.955
v -12.834 -5.485 16.281
v 4.151 -11.208 30.982
v 3.886 -10.405 27.378
v -6.533 -3.598 -0.93
v -4.524 -3.861 0.942
v -6.94 -3.603 0.402
v -6.414 -3.608 1.733
v -8.675 -3.869 -0.132
v -6.398 -3.598 4.144
v 0.012 -5.733 22.437
v -6.688 -3.614 23.627
v 0.15 -5.863 25.51
v -11.883 -4.94 20.295
v -0.659 -5.335 29.779
v 1.859 -7.484 34.577
v -14.289 -6.678 26.302
v -14.034 -6.419 33.372
v -7.091 -3.615 28.165
v -13.626 -6.014 30.973
v -7.341 -3.737 30.31
v -7.207 -3.736 32.981
v -17.345 -11.074 32.318
v -1.992 -4.665 33.786
v -9.605 -36.846 -26.299
v -9.614 -36.985 -26.17
v -9.728 -36.972 -26.16
v -9.495 -36.729 -26.311
v -9.498 -36.731 -26.179
v -9.494 -36.861 -26.177
v -9.609 -36.982 -26.301
v -9.473 -36.847 -26.3
v -9.472 -36.846 -26.299
v -11.881 -32.177 -31.643
v -11.88 -32.176 -31.642
v -11.878 -32.174 -31.641
v -12.031 -32.856 -30.984
v -12.298 -32.322 -31.785
v -12.132 -32.299 -31.769
v -11.999 -32.299 -31.769
v -12.035 -33.927 -29.784
v -11.879 -33.51 -30.307
v -11.485 -34.183 -28.975
v -11.617 -34.048 -29.508
v -11.351 -34.716 -28.841
v -11.219 -35.518 -27.907
v -11.084 -35.251 -28.174
v -10.672 -35.51 -27.5
v -10.145 -36.315 -26.836
v -9.483 -36.587 -26.038
v -9.466 -36.575 -26.163
v -10.686 -35.786 -27.507
v -10.817 -35.517 -27.773
v -9.473 -36.58 -26.166
v -9.489 -36.991 -26.041
v -9.22 -36.857 -25.907
v -9.328 -36.972 -25.894
v -9.328 -37.106 -25.894
v -9.483 -37.121 -25.904
v -9.599 -37.109 -25.896
v -12.15 -32.312 -31.778
v -12.034 -32.324 -31.786
v -11.893 -32.185 -31.782
v -11.873 -32.171 -31.772
v -12.036 -32.325 -31.787
v -15.207 -33.904 -19.754
v -15.219 -33.245 -23.231
v -13.22 -36.452 -19.762
v -9.479 -37.252 -25.769
v -10.699 -38.066 -19.77
v -9.339 -37.38 -25.632
v -9.094 -37.396 -25.51
v -7.625 -38.865 -19.768
v -15.223 -31.913 -26.571
v -7.743 -37.652 -25.502
v -6.275 -37.786 -25.502
v -4.53 -38.714 -19.756
v -15.236 -28.049 -31.518
v -4.121 -37.373 -25.493
v -1.61 -37.658 -19.765
v -3.869 -37.383 -25.634
v -3.745 -37.257 -25.773
v 0.532 -36.052 -19.762
v -3.588 -37.106 -25.894
v -13.341 -28.565 -34.175
v -2.271 -35.784 -27.505
v -3.462 -36.978 -26.165
v -15.232 -22.172 -35.254
v -14.669 -19.882 -36.976
v -14.17 -24.312 -35.925
v -15.234 -15.23 -36.591
v 2.01 -31.773 -26.7
v 1.989 -33.924 -19.768
v -0.927 -32.306 -31.774
v -1.478 -34.455 -29.112
v -15.232 -11.757 -36.322
v -14.675 -10.673 -36.979
v -14.802 -15.342 -37.376
v -15.216 -8.141 -35.246
v 2.01 -27.5 -32.041
v 0.128 -28.443 -34.317
v -14.166 -6.285 -36.057
v 0.917 -24.046 -36.059
v 1.477 -19.622 -36.981
v 1.985 -22.176 -35.258
v 2.021 -18.68 -36.308
v 1.595 -14.959 -37.389
v -15.217 1.472 -26.702
v -12.296 1.994 -31.784
v -15.239 -2.817 -32.054
v -13.348 -1.866 -34.312
v 1.996 -15.226 -36.588
v 1.453 -10.425 -36.993
v -11.749 4.139 -29.107
v -10.961 5.466 -27.511
v 0.937 -6.007 -35.916
v 1.998 -8.148 -35.251
v -9.63 6.798 -25.911
v -9.735 6.684 -26.164
v -13.638 5.728 -19.77
v -15.216 3.609 -19.758
v -9.485 6.94 -25.772
v -0.949 1.993 -31.785
v 2.014 -2.262 -31.505
v 0.118 -1.747 -34.189
v -11.604 7.352 -19.755
v -9.36 6.933 -25.643
v -9.08 7.076 -25.503
v -8.671 8.417 -19.757
v -6.958 7.333 -25.51
v -2.02 5.195 -27.914
v 1.987 1.458 -26.578
v -1.213 3.597 -29.78
v -5.599 8.551 -19.757
v -5.491 7.332 -25.511
v -4.131 7.082 -25.498
v -2.555 7.731 -19.77
v -3.859 6.952 -25.629
v -3.742 6.94 -25.771
v 1.991 2.929 -23.238
v -3.612 6.805 -25.906
v -3.455 6.687 -26.162
v 0.005 6.012 -19.758
v 2.007 3.608 -19.759
v -14.691 -26.173 -34.049
v -15.238 -15.233 -36.726
v 1.487 -26.157 -34.038
v -14.698 -4.147 -34.053
v 1.483 -4.129 -34.04
v -4.155 -36.729 -25.51
v -3.349 -36.325 -24.707
v -3.995 -36.711 -25.63
v -3.877 -36.588 -25.772
v -2.55 -35.525 -27.378
v -2.28 -35.123 -24.706
v -1.618 -33.925 -24.709
v -1.735 -34.18 -28.973
v -1.459 -32.972 -24.696
v -1.347 -32.186 -24.707
v -1.339 -32.181 -31.646
v -4.278 -36.855 -25.505
v -5.074 -37.118 -24.701
v -3.752 -36.593 -26.043
v -5.731 -37.378 -25.497
v -6.95 -37.39 -24.704
v -7.491 -37.395 -25.509
v -8.823 -36.993 -24.707
v -8.957 -36.859 -25.508
v -9.092 -36.727 -25.508
v -9.224 -36.726 -25.641
v -10.406 -35.777 -24.697
v -9.364 -36.597 -25.778
v -11.491 -34.186 -24.705
v -11.891 -32.184 -24.705
v -9.345 -36.717 -26.036
v -9.351 -36.721 -25.772
v -9.211 -36.85 -25.902
v -9.214 -37.119 -25.77
v -9.088 -37.258 -25.64
v -9.098 -37.132 -25.779
v -4.557 -37.264 -25.778
v -4.148 -37.124 -25.773
v -4.138 -37.251 -25.635
v -6.691 -37.529 -25.777
v -8.689 -37.259 -25.774
v -4.001 -36.982 -25.767
v -3.875 -36.987 -25.904
v -4.004 -36.85 -25.902
v -3.857 -37.108 -25.895
v -3.724 -37.108 -25.895
v -3.749 -36.992 -26.041
v -3.75 -36.726 -26.175
v -3.72 -36.839 -26.161
v -3.732 -36.847 -26.166
v -3.605 -36.985 -26.17
v -1.33 -32.175 -31.642
v -1.35 -32.188 -31.651
v -1.213 -32.32 -31.783
v -2.535 -35.782 -27.504
v -3.591 -36.842 -26.296
v -3.737 -36.85 -26.303
v -3.746 -36.723 -26.307
v -3.74 -36.586 -26.171
v -1.888 -34.728 -28.849
v -1.323 -33.505 -30.303
v -1.05 -32.299 -31.768
v -2.532 -35.646 -27.636
v -1.73 -34.444 -29.104
v -0.939 -31.38 -32.581
v -1.066 -32.31 -31.777
v -1.187 -32.301 -31.77
v -1.337 -32.179 -31.778
v -1.345 -32.185 -31.783
v -0.551 -30.454 -33.121
v 0.018 -28.427 -34.306
v 0.526 -24.306 -35.921
v 0.39 -26.444 -35.254
v 0.522 -25.377 -35.656
v 0.651 -24.312 -36.059
v 1.058 -22.038 -36.723
v 1.185 -19.772 -37.127
v 1.2 -15.223 -37.253
v 1.197 -18.696 -37.254
v 1.345 -17.484 -37.381
v 1.35 -15.077 -37.378
v 1.326 -12.824 -37.39
v 1.206 -11.613 -37.25
v 1.208 -10.544 -37.115
v 0.527 -6.28 -36.054
v 0.927 -8.283 -36.721
v 0.408 -3.867 -35.245
v -0.282 -2.013 -34.188
v 0.663 -6.012 -36.053
v 0.117 -2.815 -34.857
v 0.011 -1.862 -34.309
v -0.53 0.136 -33.111
v -1.329 1.873 -31.775
v -1.338 1.867 -31.779
v -1.218 1.991 -31.786
v -1.084 1.992 -31.785
v 0.788 -24.176 -36.057
v 0.818 -5.996 -36.042
v -1.336 1.869 -31.644
v -1.352 1.857 -31.653
v -1.345 1.862 -31.649
v -1.203 2.536 -30.977
v -1.057 2.011 -31.772
v -1.21 1.997 -31.782
v -1.318 3.216 -30.301
v -1.721 3.882 -28.966
v -1.602 3.738 -29.508
v -1.879 4.399 -28.845
v -2.14 4.937 -28.175
v -2.537 5.074 -27.505
v -3.07 6.009 -26.837
v -3.73 6.281 -26.032
v -3.733 6.279 -26.167
v -3.755 6.397 -26.312
v -3.619 6.532 -26.311
v -2.532 5.477 -27.503
v -2.415 5.199 -27.778
v -3.731 6.681 -26.032
v -3.612 6.671 -26.173
v -3.736 6.544 -26.169
v -3.758 6.529 -26.179
v -3.722 6.421 -26.161
v -3.993 6.551 -25.897
v -3.872 6.676 -25.903
v -3.878 6.805 -25.906
v -3.75 6.802 -25.908
v -4.001 6.679 -25.767
v -4.136 6.945 -25.634
v -4.155 6.798 -25.777
v -3.878 6.805 -25.906
v -8.692 6.934 -25.776
v -9.07 6.816 -25.764
v -9.072 6.948 -25.632
v -6.423 7.2 -25.776
v -7.611 7.21 -25.77
v -4.55 6.936 -25.775
v -7.862 7.221 -25.628
v -9.348 6.675 -25.904
v -9.204 6.682 -25.765
v -9.226 6.533 -25.909
v -9.358 6.801 -25.909
v -9.475 6.813 -25.9
v -9.072 6.948 -25.632
v -9.495 6.665 -26.044
v -9.476 6.412 -26.168
v -9.498 6.53 -26.179
v -9.478 6.544 -26.302
v -9.595 6.689 -26.16
v -11.889 1.865 -31.647
v -11.889 1.865 -31.647
v -11.896 1.86 -31.65
v -12.02 2.001 -31.779
v -10.677 5.477 -27.503
v -9.625 6.534 -26.309
v -9.491 6.535 -26.309
v -9.482 6.408 -26.304
v -9.476 6.278 -26.168
v -9.462 6.288 -26.028
v -10.81 4.944 -27.769
v -11.345 4.409 -28.838
v -11.607 3.344 -29.637
v -11.865 3.217 -30.3
v -12.169 1.99 -31.787
v -10.815 5.208 -27.772
v -11.621 3.868 -29.51
v -12.295 1.06 -32.584
v -12.15 2.003 -31.778
v -12.031 1.993 -31.785
v -11.876 1.874 -31.774
v -11.887 1.866 -31.78
v -12.68 0.137 -33.111
v -13.206 -1.86 -34.308
v -13.759 -6.013 -35.92
v -13.628 -3.879 -35.254
v -13.754 -4.941 -35.65
v -13.9 -6.018 -36.057
v -14.29 -8.281 -36.72
v -14.433 -10.557 -37.125
v -14.419 -15.087 -37.251
v -14.426 -11.754 -37.255
v -14.548 -12.814 -37.383
v -14.54 -15.211 -37.378
v -14.553 -17.491 -37.385
v -14.411 -18.686 -37.247
v -14.424 -19.764 -37.12
v -13.746 -24.029 -36.047
v -14.272 -22.021 -36.711
v -13.626 -26.442 -35.252
v -12.938 -28.297 -34.174
v -13.883 -24.298 -36.049
v -13.352 -27.505 -34.848
v -13.211 -28.568 -34.311
v -12.677 -30.437 -33.109
v -14.02 -6.142 -36.05
v -14.015 -24.298 -36.048
v -21.241 -29.649 -19.767
v -21.615 -28.963 -22.29
v -18.815 -30.434 -19.755
v -16.819 -31.908 -19.758
v -23.093 -15.217 -32.175
v -20.031 -15.223 -32.714
v -23.11 -18.968 -31.65
v -17.207 -15.209 -34.306
v -23.089 -25.495 -27.767
v -20.045 -27.65 -26.045
v -22.032 -27.906 -24.568
v -17.223 -28.973 -26.837
v -20.022 -22.027 -30.974
v -23.096 -22.429 -30.174
v -17.234 -22.705 -32.45
v -23.091 -11.344 -31.64
v -21.227 -0.666 -19.76
v -18.834 0.128 -19.765
v -21.639 -1.609 -22.836
v -16.826 1.6 -19.762
v -23.09 -4.801 -27.768
v -20.013 -8.268 -30.969
v -23.083 -7.866 -30.167
v -17.223 -7.61 -32.445
v -20.044 -2.682 -26.044
v -22.291 -2.933 -25.499
v -17.217 -1.33 -26.834
v -11.465 7.222 -19.352
v -12.97 5.729 -19.236
v -10.293 7.335 -19.233
v -7.211 8.545 -19.361
v -2.821 7.732 -19.369
v -4.279 7.873 -19.23
v -1.456 6.685 -19.221
v 1.213 4.681 -19.355
v 0.264 5.205 -19.228
v 1.614 3.346 -19.221
v 2.008 3.609 -19.625
v 1.883 3.614 -19.354
v 1.86 3.465 -19.232
v 1.728 3.466 -19.231
v -14.406 4.683 -19.353
v -15.216 3.609 -19.625
v -15.085 3.607 -19.359
v -15.069 3.485 -19.217
v -14.958 3.468 -19.229
v -14.815 3.342 -19.224
v -13.351 5.876 -19.36
v -12.399 6.689 -19.351
v -10.955 7.473 -19.363
v -9.617 8.008 -19.362
v -7.348 8.141 -19.229
v -8.01 8.412 -19.36
v -6.424 8.534 -19.368
v -4.927 8.421 -19.354
v -3.355 7.999 -19.369
v -1.99 7.353 -19.354
v -0.668 6.542 -19.361
v 0.261 5.737 -19.363
v 4.002 -15.224 -34.316
v 6.822 -15.213 -32.706
v 9.877 -11.352 -31.646
v 9.871 -15.228 -32.183
v 3.61 1.606 -19.758
v 5.59 0.121 -19.77
v 7.996 -0.678 -19.768
v 8.404 -1.341 -22.302
v 3.996 -7.617 -32.45
v 6.828 -8.265 -30.967
v 9.88 -7.878 -30.176
v 9.877 -4.809 -27.774
v 4.018 -1.327 -26.831
v 6.796 -2.68 -26.043
v 8.818 -2.399 -24.564
v 3.602 -31.913 -19.762
v 5.606 -30.443 -19.762
v 8.427 -28.83 -22.824
v 8.007 -29.644 -19.763
v 9.882 -18.958 -31.643
v 4.02 -28.963 -26.83
v 6.806 -27.641 -26.038
v 9.074 -27.375 -25.505
v 9.87 -25.51 -27.777
v 3.995 -22.705 -32.45
v 6.821 -22.023 -30.971
v 9.863 -22.443 -30.184
v 1.183 -34.995 -19.37
v 2.002 -33.914 -19.628
v 1.863 -33.918 -19.363
v 1.851 -33.793 -19.236
v 1.738 -33.779 -19.226
v 1.611 -33.641 -19.222
v -0.249 -36.038 -19.218
v -2.785 -38.04 -19.351
v -7.889 -38.729 -19.366
v -5.87 -38.45 -19.224
v -8.933 -38.178 -19.221
v -12.003 -37.109 -19.354
v 0.137 -36.181 -19.358
v -0.793 -36.979 -19.356
v -2.937 -37.652 -19.227
v -2.118 -37.773 -19.351
v -3.599 -38.316 -19.357
v -5.222 -38.731 -19.367
v -6.673 -38.852 -19.359
v -8.296 -38.733 -19.369
v -9.874 -38.316 -19.357
v -11.759 -36.991 -19.231
v -11.221 -37.656 -19.363
v -12.55 -36.851 -19.36
v -13.494 -35.522 -19.231
v -13.484 -36.049 -19.36
v -14.415 -34.845 -19.358
v -14.82 -33.646 -19.227
v -14.966 -33.789 -19.233
v -15.104 -33.925 -19.368
v -15.231 -33.921 -19.499
v -15.233 -33.922 -19.633
v -9.23 -27.65 -25.511
v -9.899 -28.052 -24.71
v -10.947 -29.24 -24.701
v -8.138 -27.099 -24.698
v -11.763 -31.386 -31.517
v -7.608 -26.969 -25.501
v -10.663 -28.827 -28.831
v -11.633 -30.454 -24.709
v -11.765 -31.388 -24.709
v -6.277 -26.972 -24.702
v -11.627 -30.583 -30.982
v -11.217 -29.642 -30.176
v -5.857 -26.958 -25.493
v -4.408 -27.373 -24.702
v -4.271 -27.504 -25.502
v -4.145 -27.509 -25.505
v -4.018 -27.647 -25.642
v -2.817 -28.582 -24.708
v -3.887 -27.649 -25.777
v -1.741 -30.179 -24.704
v -2.14 -29.377 -29.643
v -1.591 -30.435 -30.971
v -1.45 -31.231 -31.501
v -1.331 -31.641 -31.642
v -9.23 -36.997 -25.778
v -9.073 -36.847 -25.632
v -8.939 -36.98 -25.632
v -9.087 -37.124 -25.773
v -9.072 -36.98 -25.766
v -4.256 -36.973 -25.627
v -4.154 -37.129 -25.777
v -7.47 -37.381 -25.632
v -5.734 -37.38 -25.632
v -3.996 -36.978 -25.764
v -3.856 -36.706 -25.761
v -4.02 -36.861 -25.91
v -3.884 -36.726 -25.909
v -3.746 -36.59 -26.174
v -8.536 -34.708 -24.696
v -9.35 -34.05 -24.703
v -9.746 -33.245 -24.7
v -7.608 -35.248 -24.7
v -9.895 -32.722 -24.708
v -9.863 -32.166 -24.692
v -6.427 -35.396 -24.71
v -9.613 -30.976 -24.701
v -5.193 -35.105 -24.694
v -8.957 -29.916 -24.707
v -4.257 -34.437 -24.693
v -7.883 -29.245 -24.704
v -3.621 -33.391 -24.709
v -6.661 -28.963 -24.693
v -3.324 -32.168 -24.694
v -3.481 -31.517 -24.706
v -5.622 -29.117 -24.708
v -3.739 -30.71 -24.701
v -4.531 -29.769 -24.697
v -3.728 -36.844 -26.298
v -3.616 -36.993 -26.309
v -1.211 -32.318 -31.782
v -1.204 2.001 -31.779
v -3.994 -25.36 -25.897
v -2.13 -29.236 -29.771
v -4.012 -27.51 -25.906
v -2.804 -22.431 -28.573
v -2.003 -18.96 -30.176
v -1.592 -30.302 -30.972
v -1.476 -31.248 -31.514
v -1.992 -11.342 -30.17
v -1.731 -15.218 -30.841
v -3.997 -2.798 -25.899
v -2.524 -1.593 -28.967
v -4.02 -4.95 -25.91
v -2.82 -7.889 -28.581
v -1.472 0.932 -31.512
v -1.613 -0.008 -30.982
v -3.623 6.53 -26.312
v -3.753 6.532 -26.311
v -3.731 6.281 -26.166
v -10.266 5.619 -24.693
v -11.333 4.284 -24.693
v -11.747 3.073 -24.7
v -9.343 6.278 -25.768
v -9.205 6.414 -25.632
v -9.084 6.406 -25.504
v -8.831 6.529 -24.71
v -8.94 6.546 -25.499
v -11.885 1.868 -24.702
v -7.46 7.088 -25.494
v -7.212 7.075 -24.702
v -5.738 7.079 -25.5
v -5.726 6.954 -24.693
v -4.262 6.55 -25.497
v -4.12 6.422 -24.692
v -4.15 6.401 -25.508
v -3.99 6.42 -25.628
v -2.788 5.352 -24.693
v -3.869 6.278 -25.768
v -1.743 3.733 -24.705
v -1.342 1.864 -24.705
v -3.99 6.553 -25.895
v -4.15 6.802 -25.775
v -4.024 6.663 -25.778
v -9.097 6.797 -25.778
v -4.289 6.665 -25.644
v -8.965 6.663 -25.645
v -5.747 7.072 -25.639
v -7.477 7.076 -25.636
v -9.201 6.684 -25.763
v -9.197 6.554 -25.895
v -9.475 6.546 -26.301
v -9.603 6.55 -26.298
v -12.024 1.998 -31.781
v -9.485 6.272 -26.172
v -11.741 -31.238 -31.506
v -11.628 -30.317 -30.982
v -10.676 -28.703 -28.837
v -9.214 -27.372 -25.77
v -9.227 -27.381 -25.643
v -9.228 -25.513 -25.777
v -10.671 -21.623 -29.102
v -9.213 -25.502 -25.769
v -11.361 -17.232 -30.582
v -11.368 -13.098 -30.585
v -10.811 -9.077 -29.239
v -10.159 -6.817 -27.778
v -10.956 -1.207 -29.779
v -11.612 0.003 -30.974
v -11.759 0.928 -31.515
v -11.882 1.336 -31.644
v -9.226 -4.816 -25.776
v -9.224 -4.815 -25.775
v -9.205 -3.065 -25.765
v -9.224 -2.945 -25.641
v -21.228 -29.64 -19.493
v -21.243 -29.651 -19.634
v -18.684 -30.036 -19.222
v -21.237 -29.112 -19.23
v -21.231 -29.375 -19.227
v -16.273 -32.3 -19.352
v -16.407 -31.633 -19.219
v -18.84 -30.319 -19.367
v -21.248 -29.521 -19.37
v -17.77 -30.985 -19.366
v -16.69 -31.911 -19.36
v -21.647 -29.119 -19.636
v -22.021 -28.299 -22.56
v -21.492 -29.505 -19.759
v -21.648 -29.387 -19.77
v -21.633 -29.243 -19.762
v -22.149 -28.295 -23.492
v -22.699 -26.972 -25.102
v -22.428 -27.503 -24.833
v -22.948 -26.425 -26.428
v -23.493 -25.097 -27.235
v -23.249 -25.514 -27.78
v -23.356 -25.495 -27.633
v -23.493 -25.364 -27.502
v -23.481 -25.223 -27.363
v -24.046 -22.574 -30.182
v -24.97 -18.961 -31.645
v -25.225 -15.214 -32.173
v -24.959 -11.343 -31.639
v -24.019 -7.734 -30.168
v -22.02 -1.862 -22.026
v -21.637 -1.207 -19.631
v -21.621 -1.062 -19.756
v -21.513 -0.813 -19.769
v -21.35 -0.792 -19.754
v -22.16 -2 -23.497
v -22.435 -2.807 -24.303
v -22.444 -2.813 -24.841
v -22.969 -3.875 -26.439
v -23.239 -4.811 -27.775
v -23.351 -4.796 -27.631
v -23.518 -4.953 -27.514
v -23.509 -5.081 -27.376
v -23.509 -5.214 -27.243
v -15.62 2.805 -19.359
v -16.407 1.346 -19.219
v -19.905 -0.408 -19.365
v -21.225 -0.664 -19.625
v -21.211 -0.788 -19.485
v -21.243 -0.944 -19.367
v -21.215 -1.058 -19.22
v -21.231 -1.203 -19.228
v -18.707 -0.277 -19.234
v -16.682 1.608 -19.356
v -17.776 0.655 -19.369
v -18.81 0.012 -19.352
v 8.013 -1.201 -19.226
v 5.465 -0.274 -19.232
v 8.017 -2.132 -19.224
v -4.687 -0.677 -19.234
v 3.212 1.207 -19.223
v -3.864 0.006 -19.223
v -3.456 0.812 -19.219
v -5.615 -1.207 -19.23
v -3.327 1.343 -19.221
v -3.326 1.878 -19.221
v -6.826 -1.48 -19.235
v -3.608 2.935 -19.228
v -4.278 4.135 -19.23
v -5.349 4.801 -19.231
v -6.54 5.076 -19.225
v -7.624 4.931 -19.234
v -8.692 4.263 -19.234
v -9.619 0.53 -19.23
v -8.944 -0.399 -19.226
v -9.899 1.856 -19.236
v -9.751 2.534 -19.229
v -8 -1.06 -19.221
v -9.466 3.214 -19.22
v -21.225 -2.133 -19.225
v 11.743 -11.354 -31.647
v 12.02 -15.219 -32.177
v 10.821 -7.74 -30.172
v 8.019 -0.796 -19.49
v 8.005 -0.672 -19.63
v 8.029 -1.056 -19.218
v 3.052 1.99 -19.37
v 5.601 -0.004 -19.364
v 8.029 -0.788 -19.351
v 4.54 0.668 -19.36
v 3.485 1.478 -19.353
v 8.823 -1.995 -22.559
v 8.665 -1.478 -21.904
v 8.403 -1.208 -19.632
v 8.15 -0.798 -19.758
v 8.268 -0.808 -19.766
v 8.411 -0.935 -19.761
v 8.397 -1.079 -19.768
v 9.606 -3.477 -25.907
v 9.471 -3.344 -25.106
v 10.265 -5.219 -27.246
v 10.277 -5.076 -27.373
v 10.288 -4.935 -27.501
v 10.159 -4.799 -27.633
v 10.023 -4.8 -27.767
v 9.202 -2.811 -24.84
v 10.805 -22.572 -30.181
v 11.758 -18.954 -31.64
v 9.23 -27.493 -24.292
v 8.808 -28.443 -22.033
v 8.696 -28.828 -21.889
v 8.43 -29.095 -19.618
v 8.417 -29.237 -19.758
v 8.43 -29.361 -19.752
v 8.274 -29.511 -19.763
v 8.146 -29.507 -19.76
v 9.625 -26.83 -25.897
v 10.016 -25.501 -27.771
v 10.153 -25.499 -27.636
v 10.279 -25.37 -27.506
v 10.282 -25.234 -27.371
v 10.27 -25.109 -27.243
v 9.224 -27.497 -24.829
v 3.197 -31.649 -19.23
v 6.156 -30.032 -19.353
v 8.004 -29.646 -19.631
v 8.024 -29.499 -19.488
v 8.017 -29.37 -19.357
v 8.022 -29.233 -19.222
v 8.024 -29.098 -19.22
v 5.484 -30.035 -19.222
v 3.474 -31.909 -19.359
v 4.523 -30.988 -19.369
v 5.625 -30.297 -19.352
v 8.005 -28.177 -19.23
v -3.878 -34.052 -19.23
v -4.689 -34.726 -19.235
v -3.453 -33.233 -19.218
v -5.595 -35.24 -19.22
v -3.351 -32.721 -19.233
v -3.337 -32.178 -19.226
v -6.806 -35.38 -19.225
v -3.607 -30.978 -19.228
v -8.007 -35.113 -19.225
v -4.282 -29.915 -19.231
v -8.954 -34.454 -19.231
v -5.348 -29.246 -19.231
v -9.627 -33.389 -19.233
v -9.883 -32.18 -19.228
v -9.76 -31.519 -19.233
v -8.68 -29.776 -19.228
v -9.479 -30.709 -19.226
v -21.242 -28.182 -19.233
v -7.596 -29.097 -19.219
v -6.532 -28.967 -19.222
v -1.484 -31.521 -31.518
v -1.616 -30.853 -31.25
v -1.728 -30.17 -30.705
v -2.018 -29.519 -30.05
v -2.41 -28.978 -29.244
v -2.798 -28.436 -28.303
v -3.862 -27.632 -25.764
v -4.015 -27.378 -25.774
v -4.121 -27.492 -25.626
v -4.155 -27.249 -25.777
v -4.139 -27.238 -25.769
v -4.264 -27.365 -25.631
v -5.877 -26.706 -25.771
v -7.606 -26.701 -25.767
v -9.204 -27.498 -25.631
v -5.885 -26.844 -25.641
v -5.87 -26.967 -25.633
v -7.736 -26.832 -25.632
v -7.617 -26.975 -25.639
v -10.264 -28.294 -28.031
v -10.686 -28.843 -29.109
v -11.097 -29.518 -30.049
v -11.482 -30.041 -30.709
v -11.623 -30.714 -31.247
v -11.745 -31.374 -31.508
v -4.002 -25.5 -25.767
v -4.133 -25.498 -25.766
v -2.933 -23.096 -27.77
v -3.987 -25.222 -25.76
v -3.881 -25.108 -25.773
v -3.87 -25.1 -25.635
v -3.737 -25.101 -25.635
v -2.531 -22.294 -28.17
v -2.271 -20.697 -29.241
v -1.732 -18.957 -29.907
v -1.854 -18.015 -30.168
v -1.488 -15.234 -30.452
v -1.619 -15.233 -30.451
v -1.739 -15.223 -30.578
v -1.717 -15.208 -30.7
v -2.682 -22.306 -28.312
v -2.021 -18.972 -30.051
v -1.876 -12.288 -30.179
v -1.753 -11.361 -29.917
v -2.282 -9.622 -29.247
v -2.547 -8.018 -28.178
v -2.947 -7.217 -27.777
v -3.757 -5.22 -25.645
v -3.87 -5.206 -25.635
v -3.856 -5.196 -25.761
v -4.004 -5.072 -25.768
v -1.984 -11.336 -30.032
v -2.688 -8.023 -28.315
v -3.998 -4.801 -25.765
v -4.134 -3.067 -25.767
v -4.004 -2.937 -25.769
v -3.998 -4.935 -25.765
v -4.144 -4.81 -25.772
v -1.35 1.325 -31.518
v -2.795 -1.863 -28.302
v -3.87 -2.669 -25.768
v -3.884 -2.679 -25.775
v -2.147 -0.942 -29.646
v -2.385 -1.322 -29.231
v -1.99 -0.792 -30.036
v -1.613 0.126 -30.848
v -1.739 -0.136 -30.711
v -1.584 0.413 -31.235
v -1.458 0.942 -31.372
v -1.478 1.062 -31.515
v -3.882 6.268 -26.041
v -3.872 6.409 -25.769
v -9.336 6.416 -25.764
v -9.361 6.399 -25.91
v -4.146 -2.808 -25.505
v -3.346 -2.276 -24.705
v -3.987 -2.657 -25.626
v -2.261 -1.062 -24.697
v -4.267 -2.8 -25.499
v -5.067 -3.2 -24.698
v -5.876 -3.339 -25.503
v -6.927 -3.327 -24.693
v -1.469 1.068 -24.701
v -1.594 0.139 -24.697
v -7.597 -3.328 -25.495
v -8.819 -2.942 -24.704
v -9.23 -2.682 -25.511
v -10.431 -1.881 -24.709
v -10.952 -1.071 -29.643
v -11.493 -0.141 -24.706
v -11.469 0.009 -30.836
v -11.747 0.937 -31.376
v -11.864 1.348 -31.501
v -8.531 -0.658 -24.694
v -9.348 -0.001 -24.702
v -9.765 0.788 -24.71
v -7.592 -1.189 -24.692
v -9.895 1.325 -24.708
v -9.899 1.857 -24.71
v -6.406 -1.467 -24.7
v -9.6 2.947 -24.694
v -5.193 -1.058 -24.694
v -8.957 4.131 -24.707
v -4.264 -0.394 -24.697
v -7.864 4.816 -24.694
v -3.593 0.542 -24.695
v -3.338 1.869 -24.701
v -6.677 5.073 -24.702
v -3.483 2.529 -24.707
v -5.599 4.946 -24.697
v -3.737 3.206 -24.7
v -4.522 4.285 -24.692
v -9.603 -5.734 -26.432
v -9.354 -4.946 -25.373
v -10.7 -7.757 -28.048
v -9.228 -4.951 -25.643
v -9.218 -5.078 -25.505
v -9.33 -5.062 -25.36
v -10.162 -6.953 -27.512
v -10.542 -8.14 -28.436
v -10.831 -9.358 -29.249
v -11.485 -11.351 -29.776
v -11.072 -10.808 -29.77
v -11.338 -12.143 -30.17
v -11.478 -13.616 -30.44
v -11.733 -15.209 -30.434
v -11.485 -15.223 -30.577
v -11.495 -16.699 -30.449
v -11.465 -19.081 -29.766
v -11.363 -18.168 -30.182
v -11.078 -19.624 -29.773
v -10.826 -20.97 -29.246
v -10.694 -22.574 -28.045
v -10.554 -22.302 -28.443
v -10.167 -23.379 -27.515
v -9.621 -24.573 -26.441
v -9.331 -25.358 -25.361
v -9.328 -25.356 -25.359
v -9.206 -25.364 -25.499
v -9.2 -25.36 -25.629
v -10.284 -7.346 -27.907
v -11.748 1.069 -31.51
v -11.634 0.388 -31.252
v -11.495 -0.276 -30.716
v -11.095 -0.81 -30.048
v -10.679 -1.467 -29.106
v -10.277 -2 -28.037
v -9.199 -2.794 -25.629
v -21.646 -29.385 -19.502
v -21.645 -29.118 -19.501
v -21.492 -29.104 -19.358
v -21.482 -29.498 -19.487
v -21.367 -29.244 -19.362
v -21.368 -29.11 -19.229
v -21.361 -29.373 -19.359
v -21.614 -28.161 -19.619
v -22.426 -26.834 -23.898
v -23.494 -24.163 -27.235
v -24.57 -22.166 -29.509
v -24.56 -20.423 -29.637
v -25.371 -18.695 -30.978
v -25.246 -16.164 -30.581
v -25.654 -14.299 -31.386
v -24.966 -11.748 -30.308
v -22.154 -3.064 -22.827
v -21.632 -2.138 -19.628
v -24.971 -9.615 -30.177
v -24.05 -7.756 -28.448
v -22.832 -4.673 -25.502
v -24.302 -23.367 -29.375
v -24.707 -21.768 -30.312
v -25.241 -19.498 -31.246
v -25.619 -17.346 -31.769
v -25.631 -15.218 -31.909
v -25.628 -12.946 -31.774
v -25.227 -10.809 -31.239
v -24.84 -8.816 -30.445
v -24.288 -7.068 -29.368
v -24.553 -22.421 -29.901
v -25.371 -18.961 -31.378
v -25.646 -14.694 -31.916
v -21.482 -0.791 -19.487
v -21.618 -0.926 -19.488
v -21.513 -1.213 -19.368
v -21.635 -1.205 -19.496
v -21.378 -0.945 -19.368
v -21.362 -1.067 -19.36
v -21.378 -1.212 -19.234
v -21.635 -2.14 -19.496
v -21.516 -2.15 -19.37
v -21.352 -2.128 -19.221
v -21.218 -2.262 -19.221
v -21.23 -2.404 -19.361
v 8.017 -2.265 -19.224
v -21.213 -2.525 -19.486
v 8.009 -2.405 -19.361
v -21.227 -2.535 -19.626
v 7.994 -2.549 -19.503
v 8.008 -2.539 -19.629
v 8.147 -2.135 -19.226
v 8.264 -2.146 -19.367
v 8.157 -1.193 -19.221
v 8.398 -2.146 -19.501
v 8.283 -1.198 -19.358
v 8.414 -2.135 -19.626
v 8.421 -1.195 -19.489
v 10.932 -7.088 -29.382
v 11.747 -9.482 -30.177
v 11.501 -8.533 -30.3
v 12.024 -10.81 -31.24
v 12.435 -14.274 -31.368
v 12.416 -12.952 -31.778
v 12.405 -17.366 -31.784
v 12.143 -18.698 -30.98
v 12.402 -15.098 -31.919
v 11.601 -21.507 -30.45
v 11.363 -22.155 -29.501
v 12.025 -19.488 -31.239
v 10.957 -23.227 -29.37
v 12.405 -14.696 -31.917
v 12.147 -18.962 -31.379
v 11.358 -22.425 -29.904
v 8.408 -0.937 -19.496
v 8.286 -0.796 -19.49
v 8.128 -1.08 -19.369
v 8.152 -0.93 -19.357
v 9.596 -25.648 -25.511
v 10.812 -22.567 -28.441
v 8.933 -27.38 -22.838
v 11.765 -18.548 -30.301
v 8.418 -28.168 -19.624
v 12.01 -14.158 -30.579
v 11.347 -9.882 -29.643
v 10.277 -6.145 -27.24
v 9.205 -3.477 -23.904
v 8.422 -29.1 -19.489
v 8.275 -29.51 -19.495
v 8.269 -29.114 -19.365
v 8.398 -29.384 -19.501
v 8.155 -29.367 -19.355
v 8.15 -29.237 -19.357
v 8.163 -29.094 -19.218
v -21.646 -28.184 -19.502
v -21.511 -28.182 -19.367
v -21.369 -28.177 -19.23
v 8.137 -28.178 -19.231
v 8.273 -28.176 -19.363
v 8.398 -28.182 -19.501
v -21.232 -27.774 -19.495
v 8.002 -27.779 -19.632
v -21.219 -27.764 -19.622
v -21.229 -27.905 -19.36
v 8.025 -27.762 -19.487
v -21.244 -28.049 -19.234
v 7.996 -27.916 -19.368
v 8.03 -28.026 -19.217
v -4.146 -25.374 -25.639
v -3.734 -25.232 -25.5
v -3.861 -25.228 -25.497
v -4.146 -25.373 -25.639
v -4.017 -25.377 -25.374
v -4.13 -25.229 -25.498
v -4.138 -25.368 -25.368
v -22.031 -26.037 -24.301
v -21.5 -27.107 -22.032
v -23.228 -23.23 -27.503
v -24.315 -19.504 -29.649
v -24.822 -15.212 -30.436
v 8.663 -26.314 -23.774
v 9.875 -23.636 -27.24
v 10.936 -20.036 -29.514
v 11.497 -17.615 -30.168
v 11.6 -15.233 -30.451
v -4.146 -4.945 -25.639
v -4.023 -4.952 -25.377
v -4.135 -4.937 -25.366
v -4.141 -5.075 -25.503
v -3.994 -5.066 -25.363
v -3.858 -5.064 -25.495
v -4.124 -4.93 -25.628
v -4.124 -4.93 -25.628
v -24.685 -12.673 -30.168
v -23.108 -6.682 -27.242
v -24.165 -10.279 -29.507
v -21.886 -3.998 -23.761
v 11.091 -10.809 -29.637
v 10.008 -7.081 -27.508
v 8.796 -4.284 -24.309
v 8.293 -3.194 -22.023
v -4.26 -2.929 -25.63
v -7.605 -3.601 -25.767
v -5.877 -3.606 -25.77
v -7.756 -3.48 -25.642
v -7.599 -3.33 -25.63
v -5.878 -3.474 -25.637
v -5.873 -3.337 -25.635
v -22.037 -3.343 -22.702
v -21.227 -2.535 -19.626
v -21.378 -2.548 -19.635
v -21.511 -2.413 -19.634
v -21.638 -2.275 -19.631
v -22.845 -5.217 -25.776
v -23.783 -7.622 -28.047
v -24.568 -10.548 -29.641
v -24.966 -13.751 -30.441
v -24.97 -16.958 -30.443
v -24.302 -20.83 -29.241
v -23.501 -23.634 -27.372
v -22.553 -25.761 -24.829
v -21.747 -27.36 -21.889
v -21.626 -28.17 -19.625
v -21.614 -28.028 -19.619
v -21.485 -27.897 -19.621
v -21.365 -27.773 -19.628
v -21.479 -2.257 -19.485
v -21.373 -2.41 -19.499
v -21.376 -2.279 -19.233
v -21.353 -2.263 -19.222
v 8.135 -2.543 -19.632
v 8.423 -2.129 -19.622
v 8.426 -2.26 -19.62
v 8.138 -2.408 -19.497
v 8.29 -2.395 -19.622
v 8.293 -2.259 -19.486
v 8.163 -2.257 -19.218
v 8.139 -2.274 -19.23
v 8.663 -26.982 -22.706
v 8.005 -27.777 -19.631
v 8.128 -27.784 -19.636
v 8.263 -27.916 -19.635
v 8.428 -28.028 -19.619
v 9.61 -25.104 -25.771
v 10.531 -22.71 -28.048
v 11.336 -19.77 -29.648
v 11.743 -16.561 -30.446
v 11.754 -13.349 -30.44
v 11.075 -9.618 -29.244
v 10.281 -6.676 -27.371
v 9.338 -4.546 -24.839
v 8.539 -2.942 -21.9
v -21.359 -27.903 -19.492
v -21.482 -28.029 -19.487
v -21.377 -28.049 -19.234
v -21.38 -28.184 -19.235
v 8.284 -28.035 -19.491
v 8.131 -27.915 -19.501
v 8.136 -28.179 -19.231
v 8.14 -28.043 -19.229
v -9.609 1.338 -6.273
v -9.352 0.663 -25.772
v -9.348 0.667 -6.276
v -9.603 2.01 -6.27
v -9.621 1.864 -25.773
v -9.345 3.205 -6.275
v -9.365 2.924 -25.779
v -8.535 4.146 -6.27
v -8.818 3.868 -25.772
v -7.601 4.68 -6.271
v -7.877 4.54 -25.769
v -6.561 4.794 -6.285
v -6.816 4.802 -25.773
v -5.352 4.532 -6.281
v -5.591 4.685 -25.761
v -4.422 3.861 -6.283
v -4.69 4.127 -25.778
v -3.882 2.93 -6.28
v -4.146 3.6 -25.773
v -3.866 2.942 -25.766
v -9.092 1.46 -5.748
v -8.958 0.926 -5.747
v -9.075 2.005 -5.739
v -8.831 2.924 -5.751
v -8.289 3.731 -5.747
v -7.459 4.152 -5.732
v -6.531 4.281 -5.735
v -5.591 4.151 -5.733
v -4.801 3.609 -5.738
v -4.255 2.816 -5.732
v -3.743 2.534 -6.278
v -3.738 1.202 -6.275
v -3.611 1.865 -25.772
v -3.615 1.996 -6.28
v -4.003 0.402 -6.274
v -3.861 0.809 -25.764
v -4.659 -0.391 -6.268
v -4.389 -0.255 -25.76
v -5.619 -1.076 -6.281
v -5.323 -0.922 -25.76
v -6.658 -1.189 -6.266
v -6.416 -1.206 -25.773
v -7.737 -0.93 -6.272
v -7.619 -1.074 -25.773
v -8.662 -0.256 -6.267
v -8.539 -0.396 -25.766
v -9.086 0.129 -25.773
v -1.718 1.881 -25.761
v -2.015 -0.008 -25.775
v -2.95 -1.478 -25.776
v -4.421 -2.547 -25.777
v -2.148 3.731 -25.775
v -6.158 -3.082 -25.777
v -2.549 4.531 -25.775
v -3.087 5.196 -25.777
v -7.861 -2.926 -25.761
v -4.417 6.268 -25.775
v -9.357 -2.277 -25.775
v -6.021 6.667 -25.776
v -10.277 -1.333 -25.767
v -7.614 6.674 -25.771
v -10.802 -0.659 -25.763
v -11.101 -0.013 -25.778
v -9.062 6.154 -25.761
v -11.482 1.869 -25.769
v -10.292 5.066 -25.775
v -11.197 3.618 -25.76
v -4.156 1.857 -5.75
v -4.262 0.942 -5.736
v -4.81 0.131 -5.743
v -5.465 -0.394 -5.737
v -6.427 -0.68 -5.75
v -7.213 -0.536 -5.743
v -8.003 -0.261 -5.737
v -8.527 0.146 -5.732
v -8.823 0.527 -5.747
v -11.479 1.872 -26.168
v -11.072 0.007 -26.165
v -11.215 3.605 -26.169
v -10.268 5.083 -26.163
v -9.09 6.134 -26.175
v -7.618 6.671 -26.174
v -6.017 6.67 -26.174
v -4.408 6.274 -26.171
v -3.07 5.208 -26.169
v -2.553 4.528 -26.178
v -2.135 3.74 -26.169
v -1.721 1.88 -26.162
v -1.986 0.012 -26.161
v -2.955 -1.481 -26.179
v -4.405 -2.536 -26.169
v -6.143 -3.072 -26.17
v -7.871 -2.933 -26.167
v -9.345 -2.269 -26.169
v -10.272 -1.329 -26.165
v -10.808 -0.662 -26.166
v -4.259 3.615 -30.97
v -3.856 2.948 -30.969
v -4.665 4.145 -30.972
v -5.596 4.682 -30.97
v -6.798 4.814 -30.971
v -7.88 4.538 -30.978
v -8.815 3.87 -30.978
v -9.349 2.936 -30.978
v -9.606 1.875 -30.973
v -9.36 0.658 -30.983
v -8.942 0.136 -30.975
v -8.557 -0.409 -30.982
v -7.609 -0.933 -30.976
v -6.396 -1.059 -30.97
v -5.334 -0.797 -30.973
v -4.392 -0.123 -30.969
v -3.87 0.802 -30.976
v -3.608 1.867 -30.978
v -8.414 -0.402 -30.978
v -5.473 -0.8 -30.976
v -9.483 2.267 -30.978
v -3.726 1.478 -30.97
v -7.759 4.529 -30.984
v -4.824 4.127 -30.985
v -4.824 4.127 -27.514
v -7.758 4.53 -27.512
v -9.491 2.262 -27.51
v -8.428 -0.412 -27.513
v -5.457 -0.789 -27.496
v -3.754 1.458 -27.513
v -9.616 -32.714 -6.277
v -9.334 -33.238 -25.763
v -9.359 -33.255 -6.282
v -9.615 -31.912 -6.276
v -9.625 -32.187 -25.775
v -9.357 -30.851 -6.281
v -9.365 -31.123 -25.779
v -8.529 -29.897 -6.267
v -8.825 -30.184 -25.776
v -7.629 -29.387 -6.285
v -7.875 -29.506 -25.768
v -6.549 -29.112 -6.279
v -6.817 -29.112 -25.773
v -5.349 -29.38 -6.28
v -5.596 -29.366 -25.763
v -4.394 -30.033 -6.269
v -4.665 -29.903 -25.765
v -3.871 -30.976 -6.275
v -4.124 -30.432 -25.762
v -3.854 -30.964 -25.76
v -9.092 -32.588 -5.748
v -8.942 -33.11 -5.74
v -9.064 -31.9 -5.733
v -8.815 -31.112 -5.743
v -8.271 -30.304 -5.738
v -7.494 -29.787 -5.75
v -6.539 -29.639 -5.74
v -5.615 -29.914 -5.745
v -4.814 -30.447 -5.745
v -4.275 -31.245 -5.743
v -3.724 -31.5 -6.268
v -3.723 -32.702 -6.268
v -3.59 -32.167 -25.762
v -3.606 -31.912 -6.276
v -3.997 -33.641 -6.271
v -3.865 -33.241 -25.766
v -4.659 -34.438 -6.268
v -4.401 -34.178 -25.767
v -5.625 -34.994 -6.284
v -5.333 -34.843 -25.765
v -6.692 -35.127 -6.284
v -6.413 -35.118 -25.771
v -7.735 -34.842 -6.271
v -7.601 -34.975 -25.764
v -8.66 -34.301 -6.266
v -8.556 -34.456 -25.775
v -9.08 -33.914 -25.77
v -1.738 -32.18 -25.77
v -1.999 -33.911 -25.767
v -2.941 -35.519 -25.771
v -4.416 -36.591 -25.774
v -2.135 -30.308 -25.769
v -6.137 -36.981 -25.767
v -2.553 -29.519 -25.777
v -3.075 -28.709 -25.771
v -7.887 -36.858 -25.774
v -4.408 -27.773 -25.77
v -9.334 -36.309 -25.763
v -6.008 -27.237 -25.769
v -10.296 -35.393 -25.777
v -7.622 -27.379 -25.775
v -10.8 -34.704 -25.762
v -11.091 -34.053 -25.774
v -9.068 -27.898 -25.764
v -11.493 -32.186 -25.775
v -10.267 -28.964 -25.762
v -11.223 -30.314 -25.773
v -4.131 -32.172 -5.737
v -4.29 -33.125 -5.75
v -4.794 -33.905 -5.735
v -5.488 -34.457 -5.748
v -6.403 -34.711 -5.738
v -7.225 -34.592 -5.749
v -8.002 -34.308 -5.737
v -8.532 -33.771 -5.735
v -8.812 -33.513 -5.741
v -11.491 -32.184 -26.174
v -11.067 -34.037 -26.162
v -11.197 -30.296 -26.16
v -10.266 -28.963 -26.162
v -9.077 -27.904 -26.169
v -7.592 -27.358 -26.16
v -6.01 -27.239 -26.171
v -4.409 -27.774 -26.171
v -3.074 -28.709 -26.171
v -2.55 -29.517 -26.176
v -2.134 -30.307 -26.169
v -1.719 -32.166 -26.161
v -2.019 -33.925 -26.178
v -2.929 -35.51 -26.166
v -4.407 -36.585 -26.17
v -6.143 -36.986 -26.171
v -7.894 -36.863 -26.178
v -9.349 -36.319 -26.171
v -10.272 -35.377 -26.166
v -10.82 -34.718 -26.172
v -4.268 -30.44 -30.974
v -3.89 -30.989 -30.985
v -4.663 -29.902 -30.972
v -5.605 -29.373 -30.975
v -6.826 -29.252 -30.985
v -7.887 -29.514 -30.981
v -8.829 -30.187 -30.985
v -9.355 -31.116 -30.981
v -9.601 -32.169 -30.97
v -9.359 -33.255 -30.983
v -8.955 -33.921 -30.981
v -8.543 -34.446 -30.975
v -7.624 -34.991 -30.983
v -6.407 -35.114 -30.975
v -5.326 -34.838 -30.969
v -4.407 -34.182 -30.977
v -3.877 -33.249 -30.979
v -3.603 -32.177 -30.975
v -8.393 -34.435 -30.967
v -5.464 -34.842 -30.972
v -9.461 -31.765 -30.967
v -3.747 -32.585 -30.981
v -7.763 -29.521 -30.986
v -4.825 -29.921 -30.986
v -4.792 -29.898 -27.497
v -7.755 -29.516 -27.511
v -9.474 -31.774 -27.502
v -8.393 -34.435 -27.496
v -5.477 -34.85 -27.506
v -3.731 -32.574 -27.501
v -6.682 -29.112 245.272
v -6.143 -31.111 245.274
v -6.675 -31.11 245.275
v -5.73 -28.966 245.147
v -4.941 -30.977 244.607
v -5.752 -30.984 245.003
v -5.055 -28.96 244.617
v -4.532 -30.971 243.81
v -4.529 -28.966 243.945
v -4.408 -28.842 243.538
v -4.414 -30.849 243.001
v -4.419 -28.849 242.999
v -4.413 -28.845 241.533
v -4.419 -30.852 241.53
v -7.883 -28.977 249.812
v -2.386 -28.427 249.824
v -7.464 -28.964 245.148
v -8.126 -28.961 244.617
v -13.091 -27.509 249.812
v 6.015 -20.958 246.48
v 5.224 -22.42 249.823
v 6.826 -18.815 249.823
v 7.223 -16.948 249.821
v 5.343 -22.296 246.745
v 3.994 -24.175 246.738
v 2.125 -25.911 249.809
v 4.814 -22.96 244.745
v 4.129 -23.907 245.137
v 4.681 -23.227 244.612
v 3.999 -24.038 244.738
v 3.216 -24.96 245.148
v 1.478 -26.43 245.68
v 1.481 -26.429 245.415
v 1.337 -26.569 245.142
v 2.282 -25.894 243.011
v 1.727 -26.309 243.401
v -0.268 -27.506 244.073
v -0.383 -27.626 243.815
v -4.395 -28.833 241.008
v -16.552 -24.832 246.746
v -17.218 -24.163 249.818
v -14.037 -26.983 243.397
v -8.694 -28.984 243.932
v -8.8 -28.832 243.545
v -8.803 -28.834 243.01
v -8.815 -28.842 241.535
v -16.296 -25.106 245.272
v -16.141 -25.358 244.882
v -15.492 -25.772 243.004
v -18.81 -21.753 246.485
v -20.563 -15.222 249.814
v -19.906 -19.369 249.809
v -17.892 -23.233 244.607
v -18.151 -22.96 244.878
v 6.277 -20.294 166.366
v 7.331 -15.23 249.808
v 7.333 -15.229 9.741
v -19.483 -20.287 166.37
v -20.581 -15.234 9.738
v -17.892 -23.233 124.573
v -16.832 -24.573 124.57
v -17.743 -23.489 124.581
v 5.472 -22.166 86.253
v 4.679 -23.228 124.577
v -19.11 -21.241 86.245
v 2.127 -26.043 202.811
v -0.391 -27.632 214.971
v 2.14 -25.9 216.303
v -15.351 -25.9 202.951
v -15.478 -25.896 216.306
v -12.805 -27.496 214.973
v -6.679 -29.109 162.759
v -6.664 -29.099 166.371
v -3.459 -28.698 165.17
v -11.206 -28.299 164.634
v -12.682 -27.637 163.963
v -10.28 -28.573 137.258
v -15.894 -25.506 124.571
v -9.892 -28.715 111.75
v 6.279 -20.559 237.533
v 6.293 -20.283 233
v 6.293 -20.282 226.324
v 5.334 -22.303 222.974
v -19.098 -21.233 236.861
v -19.493 -20.294 232.992
v -19.491 -20.293 226.317
v -18.561 -22.165 222.977
v -4.547 -28.845 206.818
v 1.745 -26.297 202.82
v -9.748 -28.707 210.96
v -6.663 -29.098 214.973
v -15.081 -26.165 202.819
v -8.149 -28.977 208.955
v -6.677 -29.108 202.815
v -6.666 -29.1 198.816
v -6.686 -29.114 190.661
v 1.853 -26.181 186.652
v 1.747 -26.162 178.521
v 0.273 -27.234 173.979
v -15.227 -26.04 186.657
v 2.92 -25.381 165.689
v 1.877 -26.164 162.764
v -15.086 -26.169 178.516
v -12.548 -27.636 174.378
v 2.284 -25.759 159.696
v 2.523 -25.646 158.213
v -13.904 -26.983 165.689
v -15.21 -26.028 162.899
v -15.098 -26.177 166.36
v -16.555 -24.834 165.431
v 3.324 -24.844 146.998
v -10.285 -28.576 156.483
v -15.489 -25.903 157.553
v -15.627 -25.773 155.013
v 0.948 -26.828 137.265
v -1.854 -28.162 139.402
v -8.286 -28.979 143.663
v -16.274 -25.091 151.819
v -14.035 -26.982 149.133
v -4.525 -28.83 150.083
v -0.53 -27.636 134.189
v -3.622 -28.718 135.113
v -0.149 -27.516 128.838
v 4.522 -23.512 124.565
v 2.281 -25.762 124.579
v -0.525 -27.632 124.578
v -1.456 -28.03 130.989
v -3.478 -28.711 130.846
v -2.391 -28.431 128.852
v -7.336 -29.102 124.578
v -0.135 -27.506 120.3
v 1.612 -26.43 118.169
v -1.465 -28.036 118.167
v -3.188 -28.695 118.173
v -0.409 -27.644 114.956
v -0.533 -27.638 114.961
v -3.485 -28.716 113.885
v -1.485 -28.05 109.611
v -7.604 -28.969 105.35
v -3.614 -28.713 99.067
v 1.865 -26.172 92.661
v 2.942 -25.232 86.256
v -13.48 -27.234 101.21
v -9.997 -28.695 96.944
v -15.737 -25.623 99.08
v -14.172 -26.851 95.858
v -11.07 -28.297 92.669
v -9.357 -28.848 92.657
v -14.966 -26.311 95.861
v -12.29 -27.91 90.523
v -5.356 -28.985 86.246
v -14.437 -26.716 86.245
v -15.075 -26.161 92.669
v 1.855 -26.18 77.701
v -16.296 -25.107 92.659
v -16.818 -24.564 86.256
v -18.3 -22.703 86.25
v 1.206 -26.567 73.571
v -14.542 -26.562 77.714
v -12.832 -27.648 77.701
v -15.764 -25.642 77.704
v -13.211 -27.367 73.573
v -11.879 -28.036 73.571
v -14.024 -26.84 73.567
v 5.073 -22.832 52.206
v 4.818 -23.091 35.255
v -18.009 -22.954 52.214
v 5.59 -21.909 26.829
v 6.657 -19.374 9.737
v 4.002 -24.17 9.745
v 3.199 -24.972 26.835
v 2.799 -25.372 35.247
v -14.033 -26.847 26.831
v -15.351 -25.9 35.251
v -13.363 -27.379 35.244
v -16.546 -24.828 26.842
v -17.355 -23.898 35.25
v -16.422 -24.967 35.25
v -18.173 -22.975 26.83
v -18.971 -21.505 26.832
v -18.437 -22.439 9.741
v -20.036 -18.832 9.743
v -20.427 -16.956 9.747
v 2.262 -25.908 240.064
v 4.012 -24.162 236.733
v 2.256 -25.912 238.592
v 2.404 -25.769 236.463
v -0.004 -27.375 237.395
v -5.862 -29.099 239.406
v -5.089 -28.984 239.793
v -4.545 -28.978 240.466
v 2.123 -26.045 236.189
v 3.33 -24.84 231.786
v -1.354 -28.052 233.917
v 0.939 -26.834 231.124
v 0.659 -26.977 231.118
v -12.953 -27.506 238.732
v -8.693 -28.85 240.728
v -8.26 -28.961 239.943
v -7.466 -28.966 239.539
v -15.24 -26.049 239.925
v -15.071 -26.158 238.474
v -14.816 -26.3 238.201
v -1.598 -28.17 225.783
v -12.028 -27.913 233.92
v -15.368 -25.912 236.189
v -16.975 -24.447 236.454
v 0.678 -26.964 218.977
v 1.21 -26.698 218.041
v -14.297 -26.711 231.25
v -14.02 -26.971 231.122
v -16.705 -24.712 231.782
v -11.761 -28.047 225.776
v -14.001 -26.958 218.981
v -14.55 -26.568 218.039
v -6.674 -29.105 182.522
v -6.69 -29.117 178.508
v -3.205 -28.573 175.711
v -5.071 -28.972 176.514
v -8.69 -28.848 177.174
v -6.125 -29.095 174.251
v -6.275 -29.107 171.573
v -4.406 -28.84 159.155
v -3.346 -28.712 157.282
v -3.754 -28.717 154.875
v -2.679 -28.446 146.867
v -1.719 -28.161 145.277
v -8.945 -28.839 127.779
v -13.867 -26.958 124.583
v -8.801 -28.832 121.375
v -3.336 -28.706 92.663
v -5.221 -28.983 80.639
v -5.192 -28.963 77.716
v -2.531 -28.436 74.907
v -4.682 -28.98 75.701
v -7.487 -28.981 76.368
v -5.063 -28.966 73.575
v -5.203 -28.971 69.299
v 0.947 -26.829 56.485
v -5.323 -28.961 60.76
v -13.359 -27.376 62.217
v -6.016 -29.113 55.14
v -12.966 -27.516 56.471
v -6.423 -29.117 52.199
v -1.457 -28.031 43.8
v -0.935 -27.906 40.99
v 0.013 -27.362 35.256
v -7.872 -28.97 46.601
v -10.82 -28.443 35.247
v -5.19 -28.961 35.258
v -3.198 -28.568 29.645
v -8.427 -28.984 32.438
v -7.096 -29.121 30.967
v -4.957 -28.985 26.829
v -5.064 -28.967 21.101
v -0.115 -27.492 9.756
v -5.356 -28.984 9.739
v -6.674 -29.106 233.927
v -6.686 -29.114 239.262
v -6.528 -29.097 229.794
v 0.665 -27.106 53.674
v 0.4 -27.105 52.206
v -0.12 -27.495 49.409
v -14.037 -26.983 49.393
v -10.669 -28.431 15.495
v -10.805 -28.432 9.752
v -15.373 -25.915 9.738
v -3.061 -30.703 250.754
v -8.795 -30.831 250.758
v -7.491 -30.986 245.135
v 7.495 -22.552 250.758
v 7.881 -21.761 247.146
v 8.805 -19.232 250.746
v 9.218 -17.087 250.752
v 7.069 -23.371 247.14
v 5.195 -25.911 250.743
v 5.722 -25.115 247.402
v 6.403 -24.171 245.272
v 5.599 -25.375 245.271
v 6.285 -24.427 245.147
v 1.609 -28.836 250.753
v 3.721 -27.25 247.536
v 4.683 -26.296 245.681
v 4.54 -26.57 245.275
v 3.08 -27.766 245.947
v 2.951 -27.896 245.682
v 3.465 -27.51 243.269
v 1.998 -28.577 243.67
v 0.783 -29.254 244.064
v -4.41 -30.845 241.001
v -14.694 -28.845 250.746
v -14.964 -28.713 246.872
v -13.073 -29.633 245.147
v -8.148 -30.979 244.606
v -8.695 -30.988 243.932
v -14.948 -28.702 246.213
v -13.092 -29.646 244.337
v -8.821 -30.849 243.535
v -8.823 -30.85 243
v -8.804 -30.837 241.541
v -14.952 -28.705 245.677
v -15.097 -28.58 243.802
v -19.371 -24.709 250.744
v -18.308 -25.914 247.404
v -17.741 -26.559 245.684
v -17.62 -26.701 245.411
v -16.685 -27.368 243.408
v -19.488 -24.43 245.144
v -19.763 -24.169 245.408
v -22.563 -15.22 250.75
v -20.684 -22.69 247.15
v -21.905 -19.633 250.746
v 9.341 -15.225 250.747
v 8.128 -21.108 166.09
v 9.343 -15.223 8.277
v -22.562 -15.219 8.28
v -21.358 -21.092 166.234
v -16.95 -27.233 123.776
v -19.5 -24.439 123.903
v -19.35 -24.694 123.778
v 6.943 -23.366 85.319
v 6.273 -24.435 123.771
v -20.421 -23.093 85.323
v 0.415 -29.498 214.973
v 3.339 -27.638 202.817
v 3.333 -27.509 216.299
v -16.686 -27.503 216.303
v -16.543 -27.496 202.822
v -13.769 -29.386 214.958
v -6.683 -31.115 166.095
v -6.689 -31.119 162.353
v -3.089 -30.722 164.887
v -11.732 -30.163 164.238
v -13.483 -29.506 163.563
v -10.673 -30.57 136.595
v 8.012 -21.363 238.065
v 8.158 -21.087 233.532
v 8.14 -21.1 226.713
v 7.074 -23.368 223.243
v -20.84 -22.172 237.392
v -21.355 -21.091 233.529
v -6.663 -31.101 223.117
v -6.687 -31.118 214.961
v -21.353 -21.089 226.854
v -20.308 -23.242 223.371
v -4.271 -30.842 206.822
v 2.921 -27.917 202.674
v -10.137 -30.702 210.832
v -16.276 -27.763 202.689
v -8.287 -30.983 208.82
v -6.664 -31.102 202.688
v -6.676 -31.11 198.677
v -6.676 -31.11 190.532
v 3.057 -27.782 186.52
v 2.924 -27.781 178.375
v 1.216 -28.964 173.849
v -16.419 -27.636 186.529
v 4.255 -26.85 165.555
v 3.887 -27.094 164.503
v 3.071 -27.772 162.359
v -16.275 -27.762 178.389
v 3.593 -27.38 159.283
v 3.884 -27.096 157.826
v -14.945 -28.7 173.713
v 4.657 -26.315 146.462
v -18.041 -26.315 165.155
v -16.442 -27.652 162.35
v -18.573 -25.645 164.89
v -10.807 -30.437 155.955
v -16.683 -27.366 157.156
v -16.951 -27.234 154.618
v 1.987 -28.584 136.583
v -1.202 -30.176 138.726
v -8.545 -30.976 143
v -4.268 -30.84 149.411
v -15.088 -28.573 148.607
v -17.625 -26.571 151.411
v 0.261 -29.512 133.383
v -2.274 -30.445 133.384
v 6.154 -24.693 123.778
v 1.209 -28.968 130.185
v 3.204 -27.772 123.772
v 0.12 -29.518 123.765
v -4.937 -30.974 134.456
v -3.21 -30.714 130.178
v -2.138 -30.443 128.044
v -7.363 -31.123 123.763
v -18.276 -25.891 142.206
v 1.481 -28.832 117.369
v -1.857 -30.301 119.506
v -2.931 -30.572 117.367
v 0.416 -29.364 114.167
v 2.396 -28.311 110.951
v 2.134 -28.441 110.953
v -1.737 -30.31 114.158
v -4.401 -30.973 113.094
v -0.664 -29.906 108.82
v -10 -30.7 110.962
v -7.618 -30.982 104.542
v 4.255 -26.849 102.401
v -15.625 -28.308 117.362
v -14.553 -28.973 123.773
v -15.505 -28.318 117.355
v 2.928 -27.912 91.723
v 3.867 -27.108 85.316
v -3.349 -30.717 98.131
v -17.638 -26.713 106.675
v -13.898 -29.383 100.267
v -16.43 -27.643 98.133
v -5.085 -30.985 85.313
v -9.351 -30.846 91.725
v -14.943 -28.699 85.324
v -13.495 -29.515 94.927
v -15.499 -28.313 94.927
v 2.795 -27.912 76.769
v -18.041 -26.181 85.311
v -16.42 -27.637 91.729
v 2.282 -28.298 72.507
v -15.766 -28.18 76.768
v -13.204 -29.631 76.781
v -14.428 -28.979 72.497
v -12.286 -30.043 72.5
v 6.668 -23.906 51
v 6.56 -24.155 33.923
v 7.227 -23.087 25.377
v 8.261 -20.841 8.27
v -19.506 -24.576 50.998
v 3.73 -27.244 33.91
v 4.255 -26.716 25.36
v 0.93 -29.244 33.911
v -16.428 -27.642 33.911
v -14.432 -28.982 25.363
v -13.76 -29.379 33.91
v -17.755 -26.568 25.37
v -18.973 -25.244 33.907
v -19.746 -24.023 8.286
v -20.143 -23.353 25.378
v -21.772 -19.9 8.274
v 3.461 -27.379 238.861
v 3.613 -27.366 236.734
v 3.322 -27.65 236.455
v 0.787 -29.251 237.524
v -5.865 -31.103 239.405
v -5.226 -30.99 239.791
v -4.537 -30.975 240.47
v 0.386 -29.384 232.049
v 4.688 -26.427 226.59
v 3.059 -27.781 228.312
v -13.626 -29.379 238.996
v -8.692 -30.986 240.729
v -8.285 -30.981 239.931
v -7.461 -30.965 239.542
v -16.44 -27.651 240.193
v -16.005 -28.027 238.474
v -16.302 -27.781 238.726
v 1.741 -28.703 223.113
v 2.251 -28.319 220.832
v -16.541 -27.494 236.471
v -13.746 -29.37 232.06
v -18.435 -25.909 236.859
v -16.304 -27.782 228.311
v -17.886 -26.299 226.585
v -14.972 -28.719 223.235
v -15.626 -28.309 220.839
v -6.659 -31.098 182.396
v -3.885 -30.852 176.907
v -6.676 -31.11 178.382
v -7.872 -30.973 176.115
v -6.925 -31.098 173.718
v -10.416 -30.577 175.31
v -6.791 -31.097 171.181
v -0.925 -30.035 160.095
v -4.153 -30.852 158.614
v -2.948 -30.583 156.88
v -3.329 -30.703 154.353
v -9.093 -30.853 126.97
v -9.615 -30.844 117.363
v -7.885 -30.982 115.891
v -10.3 -30.589 115.218
v -1.057 -30.034 103.483
v -2.798 -30.572 91.731
v -4.932 -30.971 79.581
v -4.792 -30.966 76.781
v -1.878 -30.315 73.832
v -4.26 -30.834 74.644
v -7.339 -30.974 75.307
v -4.665 -30.971 72.505
v -4.825 -30.989 68.086
v 1.992 -28.581 55.272
v -4.937 -30.974 59.551
v -13.904 -29.387 61.009
v -1.859 -30.301 48.206
v -13.494 -29.514 55.273
v -0.392 -29.769 42.463
v 0.016 -29.63 39.663
v -12.684 -29.908 48.201
v -4.81 -30.979 33.912
v -2.669 -30.575 28.173
v -8.128 -30.965 31.119
v -10.683 -30.577 33.913
v -6.826 -31.122 29.633
v -4.548 -30.982 25.365
v -4.553 -30.986 19.621
v -6.691 -31.121 234.452
v -6.665 -31.102 239.272
v -6.67 -31.106 232.06
v -6.671 -31.107 228.988
v -7.86 -30.964 51.814
v -6.53 -31.101 45.403
v 1.086 -29.095 14.029
v 5.203 -25.772 8.276
v 0.671 -29.238 8.28
v -4.81 -30.979 8.276
v -10.536 -30.567 14.026
v -10.557 -30.582 8.274
v -4.557 -30.989 14.011
v -16.022 -27.905 11.082
v -15.769 -28.182 8.271
v -18.829 -8.681 243.271
v -17.242 -6.154 249.806
v -19.509 -10.024 249.807
v -20.282 -12.675 249.821
v -17.889 -7.075 243.273
v -16.164 -5.079 243.669
v -8.423 -1.343 249.809
v -13.336 -2.926 249.823
v -17.746 -6.801 240.074
v -17.773 -6.82 239.527
v -16.808 -5.731 240.075
v -17.628 -6.679 238.864
v -15.627 -4.543 240.733
v -15.767 -4.682 240.062
v -15.472 -4.528 236.471
v -15.336 -4.393 235.671
v -10.006 -1.73 230.458
v -9.626 -1.611 231.65
v -13.882 -3.335 237.266
v -9.074 -1.465 232.326
v -8.414 -1.337 232.857
v 2.681 -4.8 243.812
v 3.611 -5.737 249.818
v 0.146 -2.929 249.821
v -2.411 -1.875 249.811
v 2.256 -4.416 240.862
v -4.789 -1.323 249.823
v 0.541 -3.2 237.401
v -4.801 -1.331 232.861
v -3.87 -1.601 231.924
v 2.551 -4.663 240.209
v 5.189 -7.891 243.397
v 6.28 -10.011 249.817
v 4.397 -6.816 240.197
v 2.278 -4.534 236.601
v 4.535 -6.813 239.665
v 4.392 -6.686 239.126
v 4.286 -6.399 238.606
v 2.264 -4.41 235.926
v 2.016 -4.263 235.268
v -3.217 -1.744 230.715
v -3.067 -1.733 229.388
v -19.245 -9.359 162.484
v 1.593 -3.879 154.611
v -1.601 -2.136 154.082
v 1.07 -3.604 154.349
v -17.622 -6.674 118.967
v -15.082 -4.135 155.019
v -16.967 -5.882 118.16
v -17.361 -6.278 118.43
v -14.837 -3.883 118.157
v 4.262 -6.416 118.56
v 3.617 -5.733 118.037
v 3.879 -6.003 118.302
v 2.258 -4.415 118.025
v -18.04 -7.221 81.973
v -11.895 -2.278 205.08
v -13.213 -2.933 205.89
v -12.666 -2.657 205.362
v -11.198 -1.991 205.094
v -15.371 -4.284 195.331
v -14.41 -3.732 194.543
v -14.956 -4.007 194.804
v -13.875 -3.33 194.41
v -13.495 -3.078 194.399
v 5.331 -8.152 214.294
v 5.893 -9.067 202.157
v -8.402 -1.328 181.191
v -11.76 -2.277 157.014
v -14.559 -3.743 154.479
v -12.16 -2.41 154.21
v -9.736 -1.595 158.626
v -11.487 -2.14 158.352
v 5.353 -8.136 174.382
v 5.062 -7.619 81.975
v -7.089 -1.211 157.146
v -6.936 -1.197 154.218
v -6.809 -1.201 136.056
v -4.416 -1.475 130.043
v 0.408 -3.066 118.035
v 0.818 -3.326 118.04
v -5.888 -1.344 118.025
v -3.479 -1.608 106.011
v -18.309 -7.756 231.514
v -18.685 -8.273 227.788
v -19.229 -9.348 222.576
v -17.755 -6.807 216.971
v -1.189 -2.394 222.45
v -4.023 -1.481 227.375
v -4.795 -1.327 226.722
v -5.724 -1.323 226.458
v -6.683 -1.207 226.312
v -0.135 -2.805 223.377
v -3.354 -1.613 228.31
v -0.671 -2.54 222.842
v 0.531 -3.207 220.305
v 1.613 -3.998 221.381
v 0.936 -3.471 220.575
v 1.332 -3.74 220.84
v -3.354 -1.614 215.225
v -5.621 -1.344 200.54
v 1.084 -3.594 207.23
v -1.718 -2.124 203.626
v -2.153 -2.015 209.751
v -2.79 -1.726 198.283
v -4.814 -1.34 192.665
v -14.839 -3.885 179.441
v -0.402 -2.805 191.733
v -14.688 -3.873 171.839
v 1.868 -4.14 185.858
v -13.601 -3.192 167.309
v -0.817 -2.548 177.706
v -16.028 -4.944 160.488
v -3.885 -1.612 171.432
v -3.336 -1.601 163.295
v -0.138 -2.807 165.695
v -1.465 -2.267 166.501
v 0.41 -3.198 162.097
v -12.557 -2.675 127.508
v -9.89 -1.609 128.307
v -11.352 -2.138 124.439
v -12.546 -2.667 122.306
v -14.271 -3.461 118.039
v -12.017 -2.403 118.031
v -9.621 -1.608 124.036
v -8.795 -1.456 112.032
v -11.368 -2.149 109.076
v -10.433 -1.882 104.002
v -5.351 -1.343 100.001
v -8.697 -1.481 93.989
v -13.769 -3.216 87.981
v -15.222 -4.273 81.98
v -6.944 -1.202 81.981
v -0.807 -2.541 95.997
v 1.328 -3.744 93.994
v 0.39 -3.212 90.922
v 3.623 -5.728 81.99
v 1.204 -3.737 81.982
v -13.496 -3.078 73.965
v -12.678 -2.666 69.967
v -11.887 -2.272 61.951
v -10.134 -1.726 45.804
v -6.396 -1.193 57.954
v 1.204 -3.737 73.971
v -0.007 -2.942 69.961
v -1.05 -2.39 69.973
v -17.875 -6.931 45.939
v -17.77 -6.818 27.766
v 4.001 -6.145 49.934
v -18.408 -7.865 21.773
v -19.502 -10.02 9.743
v -15.773 -4.819 27.763
v 3.332 -5.478 33.778
v -0.941 -2.541 37.783
v -1.476 -2.275 27.768
v 0.116 -3.083 27.763
v 1.746 -3.998 27.777
v -2.675 -1.873 21.761
v -5.08 -1.34 9.744
v -0.938 -2.539 9.745
v -3.455 -1.591 27.78
v 0.117 -2.949 21.755
v 2.939 -5.073 9.747
v 2.391 -4.548 21.758
v 4.155 -6.264 21.772
v 5.745 -8.676 9.749
v -14.969 -4.15 228.578
v -10.013 -1.735 229.253
v -16.537 -5.461 226.191
v -14.804 -3.994 227.926
v -15.342 -4.264 225.253
v -13.211 -2.933 225.918
v -14.95 -4.003 224.849
v -8.955 -1.475 227.112
v -9.602 -1.594 228.057
v -16.036 -4.95 222.169
v -13.759 -3.209 222.039
v -13.203 -2.927 221.783
v -7.884 -1.34 226.446
v -9.863 -1.59 219.648
v -10.933 -1.992 216.175
v -11.731 -2.257 212.706
v 1.619 -3.994 214.841
v 2.264 -4.41 200.276
v -3.222 -1.748 183.58
v -9.333 -1.46 171.579
v -8.53 -1.325 165.305
v 1.469 -3.872 172.908
v -9.067 -1.46 71.305
v -7.354 -1.343 71.962
v -6.927 -1.191 69.972
v -8.549 -1.338 67.292
v -6.535 -1.196 65.962
v -3.992 -1.459 51.278
v -0.949 -2.547 53.934
v -2.787 -1.724 47.809
v -2.151 -2.013 44.455
v -9.078 -1.468 37.119
v -8.426 -1.345 32.838
v -6.828 -1.215 31.101
v -9.759 -1.61 27.766
v -12.818 -2.67 23.766
v -9.361 -1.479 24.827
v -11.23 -2.013 21.756
v -7.332 -1.327 25.775
v -14.419 -3.604 15.756
v -16.823 -5.741 9.747
v -13.206 -2.929 9.753
v -9.068 -1.461 9.753
v -10.564 -1.881 17.75
v 6.266 -10.154 21.759
v 6.951 -11.878 9.751
v -13.905 -3.351 41.515
v 8.138 -19.632 8.275
v 8.817 -15.218 8.28
v 5.593 -24.578 8.271
v 0.949 -28.563 8.285
v -4.953 -30.451 8.272
v -10.567 -30.055 8.269
v -15.073 -28.029 8.285
v -18.418 -25.096 8.282
v -20.544 -21.751 8.287
v -21.748 -18.281 8.286
v -22.025 -15.217 8.281
v -21.372 -19.634 251.279
v -22.019 -15.213 251.289
v -18.814 -24.559 251.289
v -14.144 -28.567 251.288
v -8.27 -30.437 251.287
v -2.67 -30.042 251.284
v 1.856 -28.048 251.277
v 5.207 -25.102 251.283
v 7.356 -21.755 251.289
v 8.414 -18.291 251.285
v 8.82 -15.216 251.287
v -18.698 -4.81 250.747
v -20.553 -7.604 243.944
v -21.355 -9.207 250.753
v -22.312 -12.294 250.742
v -19.36 -5.741 243.94
v -8.393 0.68 250.759
v -17.351 -3.467 244.344
v -14.135 -1.189 250.759
v -19.096 -5.343 240.6
v -19.076 -5.328 240.077
v -18.021 -4.136 240.604
v -19.078 -5.197 239.541
v -18.828 -4.941 238.999
v -16.678 -2.796 241.142
v -16.807 -2.926 240.61
v -16.558 -2.672 236.862
v -16.435 -2.679 236.19
v -9.599 0.411 231.53
v -14.55 -1.466 237.533
v -9.083 0.532 232.188
v -8.416 0.665 232.856
v -16.15 -2.399 235.398
v 5.091 -4.261 250.758
v 4.15 -3.33 244.079
v 0.929 -1.072 250.747
v -1.994 0.006 250.754
v 3.622 -2.926 240.744
v -4.824 0.655 250.741
v -4.805 0.668 232.858
v 6.795 -6.552 244.066
v 8.142 -9.215 250.748
v 5.884 -5.335 240.74
v 3.324 -2.68 236.857
v 5.862 -5.35 240.061
v 3.199 -2.674 236.06
v -3.885 0.525 231.917
v -3.207 0.399 230.72
v -3.194 0.408 229.391
v 5.725 -5.219 239.392
v -20.97 -8.15 162.089
v -1.464 -0.13 153.683
v 2.795 -2.41 154.477
v 2.283 -1.86 153.955
v -15.619 -2.001 154.083
v -18.82 -4.936 117.767
v -16.014 -2.397 117.368
v -18.435 -4.546 117.359
v 3.187 -2.683 117.355
v 5.755 -5.198 118.171
v 5.065 -4.412 117.359
v 5.481 -4.802 117.634
v -19.621 -6.004 81.05
v 6.532 -6.283 81.041
v -12.567 -0.412 204.944
v -15.87 -2.257 194.681
v -13.351 -0.8 205.354
v -14.836 -1.479 194.13
v -15.504 -1.88 194.263
v 7.193 -7.222 214.824
v 7.738 -8.283 202.546
v -12.566 -0.411 156.477
v -12.954 -0.536 153.679
v -12.284 -0.267 157.82
v -10.009 0.404 158.223
v 7.198 -7.218 174.504
v -7.194 0.679 153.689
v -7.223 0.659 156.745
v -7.059 0.68 135.531
v -4.673 0.667 129.38
v 0.525 -0.941 117.225
v -3.756 0.522 105.205
v -6.148 0.663 117.227
v 1.201 -1.336 117.363
v -20.433 -7.213 232.856
v -20.97 -8.283 229.516
v -20.976 -8.154 222.704
v -20.965 -8.146 202.548
v -16.016 -2.266 208.293
v -19.643 -6.019 217.896
v 0.682 -1.058 224.053
v -3.603 0.402 228.052
v -4.541 0.533 226.982
v -0.415 -0.544 222.703
v -5.467 0.673 226.453
v -6.675 0.802 226.316
v 0.271 -0.798 223.247
v 2.679 -2.264 222.047
v 1.603 -1.602 220.708
v -3.075 0.398 215.365
v 2.543 -2.132 221.512
v 2.149 -1.86 220.981
v -5.864 0.675 200.551
v -1.877 -0.005 209.889
v -1.344 -0.14 203.746
v 2.007 -1.733 207.491
v -2.53 0.139 198.413
v -4.664 0.674 192.539
v -8.812 0.534 180.919
v -15.881 -2.264 179.187
v 0.534 -0.935 191.734
v -15.899 -2.277 171.567
v -14.679 -1.463 167.037
v 3.088 -2.525 186.001
v -17.372 -3.348 159.949
v -0.01 -0.675 177.709
v 1.458 -1.476 161.82
v 0.814 -1.059 165.57
v -13.363 -0.809 126.571
v -15.371 -1.881 117.222
v -10.43 0.256 123.364
v -12.804 -0.525 117.237
v 1.054 -1.212 123.765
v -12.426 -0.407 108.28
v -9.628 0.39 111.214
v -5.868 0.673 99.075
v -11.353 -0.002 103.209
v -9.362 0.523 93.055
v -15.09 -1.737 87.054
v -7.743 0.668 80.913
v -16.569 -2.679 80.907
v -0.515 -0.388 95.075
v 2 -1.738 93.062
v -0.545 -0.542 89.986
v 1.211 -1.329 80.917
v 0.931 -1.204 89.99
v 4.407 -3.738 81.047
v 2.154 -1.857 87.063
v -14.408 -1.327 68.902
v 1.458 -1.476 72.896
v -1.616 -0.143 68.889
v -18.844 -4.952 48.726
v -0.132 -0.667 68.897
v 4.937 -4.275 48.599
v -18.436 -4.547 32.44
v -16.96 -3.073 24.433
v -19.633 -6.013 24.431
v -16.021 -2.402 32.446
v -13.502 -0.813 32.437
v -18.439 -4.549 8.272
v -13.895 -1.075 8.273
v 1.998 -1.739 32.443
v 0.797 -1.071 24.432
v -0.12 -0.658 32.452
v -2.675 0.264 8.276
v 2.542 -2.132 8.281
v 4.145 -3.334 32.448
v 3.743 -3.068 24.436
v 6.552 -6.269 8.283
v 6.017 -5.468 24.439
v 8.53 -10.559 8.271
v -16.285 -2.534 231.391
v -16.421 -2.669 229.387
v -18.15 -4.133 226.854
v -16.308 -2.55 228.843
v -9.739 0.406 228.322
v -14.277 -1.195 229.124
v -10.137 0.408 229.391
v -10.017 0.399 230.453
v -16.275 -2.527 225.521
v -17.487 -3.602 222.979
v -15.231 -1.742 223.106
v -9.069 0.541 227.255
v -13.233 -0.678 224.439
v -14.812 -1.596 222.581
v -14.275 -1.193 222.182
v -8.008 0.669 226.584
v -12.565 -0.41 223.905
v -10.562 0.257 219.899
v -11.897 -0.143 216.695
v -13.364 -0.81 213.892
v -9.617 0.398 211.893
v 2.656 -2.28 215.092
v 1.219 -1.323 213.373
v 3.219 -2.66 212.437
v 2.02 -1.724 201.623
v 4.015 -3.331 203.221
v 3.487 -2.793 200.554
v 2.536 -2.137 197.608
v -2.823 0.254 183.446
v -9.081 0.533 174.375
v -2.4 0.136 170.773
v -11.087 0.13 169.701
v -9.223 0.527 171.167
v -8.539 0.672 168.905
v 3.068 -2.539 172.639
v -4.689 0.656 123.631
v -7.993 0.68 68.905
v -7.889 0.659 56.74
v -13.743 -0.928 52.745
v -0.803 -0.402 58.08
v -1.197 -0.264 52.743
v -0.787 -0.39 45.938
v -7.222 0.659 40.584
v -21.489 -9.608 20.432
v -21.494 -9.478 8.28
v -6.824 0.791 32.438
v -9.892 0.393 27.099
v -6.422 0.792 28.433
v -4.261 0.542 29.781
v -8.129 0.678 24.442
v -8.281 0.666 19.092
v -8.428 0.656 8.27
v 8.288 -9.473 28.444
v -7.467 0.675 52.745
v -13.333 -0.788 44.605
v -7.345 0.666 49.268
v -5.333 0.673 50.474
v -20.84 -9.221 8.273
v -17.489 -4.271 8.279
v -13.084 -1.201 8.279
v -8.285 0.129 8.275
v 8.538 -12.69 8.274
v -3.485 -0.143 8.272
v 7.86 -10.16 8.269
v 1.337 -2.002 8.279
v 5.346 -5.471 8.281
v -13.878 -1.597 251.287
v -8.394 0.146 251.293
v -18.276 -5.062 251.292
v -20.972 -9.487 251.279
v -21.754 -12.277 251.288
v -4.819 0.125 251.278
v 7.74 -9.483 251.281
v 4.665 -4.679 251.279
v 0.668 -1.602 251.284
v -2.12 -0.389 251.292
v -6.677 -33.915 239.4
v -6.283 -33.385 239.931
v -6.669 -33.508 239.938
v -5.886 -33.789 239.528
v -5.869 -33.376 240.071
v -5.081 -33.786 240.064
v -5.336 -33.377 240.471
v -4.676 -33.783 240.6
v -5.058 -33.369 241.01
v -4.416 -33.787 241.398
v -4.945 -33.384 241.534
v -4.521 -33.767 242.214
v -5.068 -33.376 242.207
v -4.921 -33.767 242.881
v -5.475 -33.38 242.738
v -5.593 -33.77 243.413
v -5.998 -33.373 243.01
v -6.131 -33.906 243.545
v -6.657 -33.5 243.148
v -6.675 -33.913 243.673
v -6.683 -31.115 243.135
v -6.006 -31.109 243.006
v -5.475 -31.11 242.738
v -5.068 -30.973 242.207
v -4.953 -30.986 241.53
v -5.056 -30.964 241.011
v -5.322 -31.097 240.478
v -5.871 -31.107 240.07
v -6.126 -31.099 239.942
v -6.66 -31.099 239.943
v -22.56 -15.218 250.485
v -22.306 -18.164 232.987
v -22.546 -15.208 233.001
v -21.36 -21.228 250.484
v -18.575 -25.78 232.983
v -21.37 -21.101 232.988
v -18.017 -26.298 250.486
v -7.357 -31.12 240.061
v -9.334 -30.834 232.998
v -7.86 -31.098 240.477
v -6.93 -31.101 239.941
v -4.525 -30.966 232.999
v 0.393 -29.513 232.988
v -13.602 -29.496 250.491
v -7.756 -31.118 242.733
v -8.156 -30.984 242.199
v -8.665 -30.967 250.489
v -7.206 -31.107 243.008
v -3.86 -30.834 250.489
v 5.329 -25.777 250.477
v 8.158 -21.221 232.998
v 4.801 -26.307 232.989
v 8.13 -21.106 250.475
v 9.088 -18.152 250.487
v 9.337 -15.228 232.986
v 9.337 -15.228 250.477
v -13.764 -29.382 237.258
v -14.28 -29.103 232.994
v -8.288 -30.983 241.532
v -8.149 -30.979 241
v 0.53 -29.377 246.074
v 1.054 -29.117 250.475
v 5.064 -4.28 250.477
v 10.814 -8.546 250.482
v 9.602 -1.477 250.477
v 9.61 -0.803 250.481
v 0.267 -0.801 250.482
v 8.286 -9.341 250.486
v 12.154 -15.219 250.484
v 11.472 -20.036 250.477
v 9.485 -24.698 250.485
v -18.276 -4.261 250.491
v -13.494 -0.807 250.478
v -19.375 -0.811 250.475
v 4.939 -29.909 250.482
v -21.75 -4.263 250.489
v -21.499 -9.348 250.481
v -24.171 -8.815 250.48
v -1.185 -33.101 250.491
v -24.977 -11.889 250.478
v -25.369 -15.221 250.482
v -8.139 -33.776 250.485
v -24.036 -22.032 250.481
v -14.805 -31.901 250.49
v -20.279 -27.894 250.49
v -13.887 -0.936 232.991
v -9.064 0.544 232.999
v -9.096 0.523 250.474
v -21.495 -9.345 232.992
v -18.164 -4.143 232.989
v -18.835 -3.344 232.987
v -14.414 0.004 232.994
v -22.422 -8.806 232.996
v -9.063 1.614 232.999
v -23.632 -15.22 232.992
v -23.236 -18.562 232.989
v -22.183 -21.91 232.982
v 0.802 -1.068 232.992
v -4.156 0.522 232.983
v -4.157 1.59 232.982
v 1.988 -0.544 232.984
v -18.444 -27.384 232.982
v 4.953 -4.13 232.998
v 6.806 -4.809 232.99
v 8.143 -9.214 232.99
v -12.936 -30.966 232.999
v 9.494 -9.737 232.998
v 10.433 -15.208 233.001
v -6.559 -32.19 232.983
v 9.077 -21.631 232.99
v 0.018 -30.83 233
v 5.479 -27.101 232.994
v -4.154 0.524 250.475
v -6.94 -33.378 239.936
v -7.343 -33.38 240.068
v -7.741 -33.378 240.336
v -8.138 -33.375 240.872
v -8.297 -33.393 241.26
v -8.284 -33.384 241.667
v -8.135 -33.373 242.209
v -7.756 -33.388 242.733
v -7.199 -33.372 243.011
v -4.133 3.075 249.818
v 9.632 3.084 249.824
v 9.743 -4.409 226.848
v 9.619 -2.933 227.654
v 9.612 -1.87 228.985
v 10.166 -6.129 226.592
v 9.624 -1.461 229.525
v 10.8 -8.556 226.575
v 12.159 -15.215 226.587
v -24.711 -20.035 226.578
v -25.368 -15.221 226.583
v -12.007 -33.106 226.587
v -8.272 -33.776 240.204
v -18.145 -29.899 226.589
v -7.602 -33.774 239.672
v -8.662 -33.768 240.878
v -5.059 -33.77 226.59
v -7.074 -33.912 239.535
v -7.331 -33.772 243.412
v -8.161 -33.792 242.997
v 10.808 -22.036 226.579
v -12.806 -32.838 244.346
v -14.824 -31.913 245.674
v -8.542 -33.778 242.339
v -8.823 -33.788 241.665
v -14.969 -31.922 246.069
v 1.618 -31.9 226.59
v 1.607 -31.908 233.528
v -0.389 -32.838 236.202
v 1.754 -31.898 233.935
v -20.425 -27.77 248.081
v -22.698 -24.701 226.582
v 7.194 -27.783 230.18
v 7.07 -27.91 226.579
v -24.833 -11.081 226.583
v -24.037 -8.548 226.58
v -22.957 -6.136 226.587
v -21.758 -4.268 226.852
v -17.903 1.06 250.343
v -17.894 1.067 232.189
v -19.077 -0.523 230.863
v -20.03 -1.871 228.985
v -20.419 -2.397 228.323
v -20.951 -3.063 227.656
v -16.808 3.082 249.823
v -9.097 3.059 249.806
v -9.082 12.015 246.876
v -9.09 9.339 243.935
v -9.094 13.609 244.734
v -9.092 9.738 248.473
v -9.091 8.27 244.735
v -9.08 10.013 242.871
v -9.071 14.292 242.075
v -9.063 6.821 249.022
v -9.082 7.075 245.007
v -9.061 10.293 241.545
v -9.093 10.271 240.728
v -9.08 14.019 239.266
v -9.084 5.738 244.872
v -9.082 10.012 239.933
v -9.09 12.81 236.992
v -9.068 4.681 244.346
v -9.096 9.067 238.858
v -9.092 3.997 243.533
v -9.07 11.089 235.266
v -9.081 3.47 242.604
v -9.068 8.019 238.204
v -9.088 3.332 242.066
v -9.064 9.224 234.468
v -9.087 6.67 238.061
v -9.069 8.019 234.065
v -9.098 5.461 238.323
v -9.068 6.818 234.065
v -9.067 4.415 233.799
v -9.094 4.263 239.126
v -9.076 2.94 233.26
v -9.091 1.594 232.585
v -9.092 3.329 241.53
v -9.086 3.601 240.332
v -23.117 -10.961 226.573
v -23.637 -15.224 226.58
v -22.296 -8.411 226.583
v -20.964 -6.143 226.582
v -19.772 -4.414 226.844
v -18.435 -2.944 227.646
v -17.101 -1.876 228.981
v -14.94 -0.391 230.995
v -12.27 0.944 232.063
v 9.21 -21.365 226.581
v 10.422 -15.216 226.586
v 5.879 -26.701 226.584
v 1.463 -30.179 226.58
v -3.593 -31.903 226.588
v -8.68 -32.045 226.582
v -13.769 -30.587 226.574
v -18.435 -27.378 226.578
v -21.764 -22.966 226.582
v -23.231 -18.959 226.583
v -0.93 0.938 232.059
v -4.139 1.602 232.591
v 1.754 -0.388 230.997
v 3.857 -1.88 228.978
v 5.214 -2.933 227.654
v 6.524 -4.419 226.84
v 7.751 -6.137 226.586
v 9.617 -10.012 226.584
v 10.154 -12.546 226.586
v -4.141 12.016 236.195
v -4.147 9.341 239.129
v -4.134 13.623 238.335
v -4.134 9.751 234.596
v -4.138 8.279 238.333
v -4.151 10.139 240.329
v -4.122 14.298 241.011
v -4.125 6.82 234.067
v -4.152 6.934 238.059
v -4.158 10.268 241.527
v -4.138 3.873 233.526
v -4.148 10.275 242.066
v -4.128 14.028 243.812
v -4.151 5.733 238.192
v -4.138 5.342 233.927
v -4.133 10.152 242.608
v -4.137 9.749 243.541
v -4.149 12.811 246.071
v -4.152 4.53 238.859
v -4.127 8.954 244.347
v -4.148 3.732 239.93
v -4.142 11.08 247.677
v -4.145 7.874 244.872
v -4.152 3.463 240.729
v -4.135 3.341 241.539
v -4.125 9.223 248.62
v -4.138 8.012 248.881
v -4.121 6.555 245.017
v -4.152 6.801 249.007
v -4.15 5.333 244.736
v -4.146 4.268 243.936
v -4.141 3.604 242.871
v 9.609 3.468 245.807
v 9.603 2.262 244.602
v 9.599 1.592 243.265
v 9.615 5.208 246.744
v 9.618 6.813 249.016
v 9.612 1.468 242.337
v 9.612 1.334 241.536
v 9.618 7.213 247.013
v 9.604 9.74 248.475
v 9.616 9.214 246.478
v 9.596 12.005 246.869
v 9.601 10.806 245.402
v 9.595 1.723 239.524
v 9.594 0.654 231.914
v 9.631 2.95 237.673
v 9.599 11.873 243.666
v 9.624 13.626 244.746
v 9.601 3.596 233.519
v 9.623 4.68 236.468
v 9.626 12.159 240.341
v 9.623 14.294 242.076
v 9.597 12.272 241.528
v 9.612 6.809 234.059
v 9.615 6.677 236.063
v 9.618 8.014 234.062
v 9.603 8.671 236.324
v 9.62 11.755 239.137
v 9.612 14.018 239.266
v 9.594 9.2 234.451
v 9.611 11.081 235.26
v 9.609 10.545 237.395
v 9.596 12.806 236.988
v -16.964 2.799 233.121
v -16.145 6.817 234.065
v -16.299 4.8 233.787
v -16.43 4.268 239.13
v -16.286 5.343 238.334
v -16.684 3.609 240.204
v -16.153 6.544 238.066
v -16.155 8.145 234.193
v -16.818 3.342 241.539
v -16.171 7.867 238.191
v -16.429 9.476 234.457
v -16.274 8.957 238.74
v -17.474 11.761 235.804
v -16.562 9.877 239.798
v -16.562 3.868 243.403
v -16.687 3.474 242.473
v -18.563 13.349 237.796
v -16.696 10.143 240.599
v -16.83 10.276 241.533
v -16.301 4.665 244.335
v -16.407 4.685 249.289
v -16.164 5.869 244.871
v -16.172 5.73 249.139
v -16.142 6.819 249.021
v -16.156 7.21 245.008
v -16.424 9.078 248.746
v -16.28 8.419 244.612
v -16.953 10.952 247.814
v -16.405 9.493 243.949
v -18.567 13.346 245.271
v -16.704 10.137 242.731
v -17.753 12.288 246.613
v -18.674 13.499 238.208
v -18.696 13.75 238.598
v -18.564 14.15 240.066
v -18.707 13.476 244.868
v -18.679 13.762 244.481
v -18.556 14.155 243.007
v -18.162 14.285 241.535
v 5.352 3.346 241.542
v 5.326 3.594 240.327
v 5.322 4.26 239.124
v 5.332 5.468 238.328
v 5.322 6.663 238.056
v 5.338 8.009 238.197
v 5.35 9.085 238.871
v 5.336 10.011 239.932
v 5.334 10.276 240.732
v 5.344 10.283 241.538
v 5.329 10.006 242.866
v 5.347 9.35 243.943
v 5.323 8.266 244.732
v 5.346 7.08 245.011
v 5.351 5.748 244.88
v 5.34 4.673 244.34
v 5.339 4.004 243.538
v 5.354 3.481 242.611
v 5.339 3.337 242.07
v 5.341 1.469 240.335
v 5.346 1.339 241.539
v 5.339 1.868 239.132
v 5.353 3.213 237.404
v 5.336 5.07 236.327
v 5.335 7.072 236.059
v 5.345 8.949 236.465
v 5.342 10.816 237.665
v 5.323 12.005 239.525
v 5.331 12.277 241.532
v 5.358 12.296 242.346
v 5.347 11.354 244.611
v 5.339 12.016 243.271
v 5.323 10.135 245.8
v 5.324 8.534 246.736
v 5.322 6.396 247.002
v 5.353 4.548 246.483
v 5.353 2.946 245.415
v 5.341 1.736 243.673
v -17.877 -26.426 196.548
v -19.244 -24.98 200.004
v -17.899 -26.442 200.008
v -20.574 -22.84 196.535
v -20.423 -23.095 200.015
v -21.906 -19.9 200.008
v -22.447 -17.368 196.533
v -22.582 -15.901 200.003
v -22.016 -11.205 196.548
v -22.046 -11.226 200.005
v -20.164 -6.545 200.011
v -19.359 -5.607 196.541
v -16.147 -2.397 200.016
v -15.223 -1.603 196.54
v -10.543 0.271 200.015
v -10.534 0.277 196.548
v -5.995 0.811 196.547
v -4.413 0.663 200.008
v -1.861 0.139 196.545
v 1.056 -1.211 200.006
v 1.336 -1.335 196.541
v 3.214 -2.53 196.545
v 4.675 -3.871 200.013
v 4.689 -3.861 196.549
v 6.538 -6.145 200.01
v 8.126 -8.959 196.531
v 8.15 -8.942 200.014
v 9.35 -14.284 200.014
v 9.358 -14.946 196.547
v 8.698 -19.614 200.022
v 8.558 -20.286 196.547
v 6.42 -24.427 200.017
v 6.134 -24.84 196.537
v 3.086 -27.895 200.02
v 2.538 -28.172 196.541
v -1.468 -30.308 200.013
v -2.126 -30.435 196.546
v -6.795 -31.1 200.019
v -7.493 -31.121 196.533
v -12.808 -29.901 200.017
v -12.835 -29.92 196.532
v -15.61 -28.298 196.546
v -22.289 -21.757 196.545
v -23.614 -15.208 196.55
v -22.286 -8.804 196.546
v -18.71 -3.217 196.532
v -18.696 -27.24 196.539
v -16.035 -29.383 196.534
v -13.209 0.541 196.545
v -12.946 -30.973 196.543
v -6.824 1.859 196.533
v -6.424 -32.189 196.533
v -0.258 0.674 196.545
v 0.019 -30.83 196.55
v 2.671 -0.934 196.541
v 5.486 -3.196 196.546
v 5.484 -27.098 196.545
v 9.086 -8.674 196.544
v 9.092 -21.622 196.547
v 10.397 -15.1 196.532
v -19.875 -24.821 200.556
v -18.286 -26.833 200.549
v -18.176 -26.716 200.537
v -18.144 -26.694 200.553
v -18.039 -26.58 200.406
v -17.877 -26.427 200.153
v -21.361 -22.296 200.547
v -22.834 -17.76 200.545
v -20.563 -6.41 200.545
v -22.839 -12.289 200.542
v -10.421 0.93 200.543
v -16.164 -1.742 200.542
v 1.339 -0.798 200.548
v -4.15 1.06 200.541
v 4.925 -3.616 200.538
v 5.077 -3.469 200.548
v 4.815 -3.733 200.416
v 4.663 -3.879 200.274
v 4.673 -3.872 200.145
v -22.683 -12.807 200.42
v -22.424 -12.947 200.282
v -18.023 -3.737 200.414
v -17.886 -3.868 200.282
v -8.941 0.938 200.415
v -8.797 0.678 200.287
v 6.689 -5.465 200.553
v 8.128 -8.023 200.538
v 9.618 -12.547 200.549
v 7.327 -23.911 200.538
v 9.617 -18.023 200.548
v 2.937 -28.574 200.546
v -2.8 -31.241 200.548
v -9.091 -31.385 200.54
v -14.541 -29.499 200.553
v 9.469 -17.498 200.407
v 9.226 -17.482 200.286
v 4.825 -26.691 200.422
v 4.665 -26.443 200.275
v -4.286 -31.253 200.406
v -4.39 -30.965 200.287
v -22.952 -24.692 198.55
v -19.111 -27.651 196.665
v -19.611 -28.161 197.083
v -19.898 -28.442 197.74
v -20.021 -28.568 198.146
v -20.046 -28.586 198.534
v -25.223 -19.085 198.549
v -22.559 -4.803 198.546
v -25.235 -11.749 198.544
v -11.628 3.196 198.538
v -17.757 0.268 198.544
v -5.342 3.738 198.543
v -0.147 2.661 198.536
v 3.875 0.67 198.545
v 5.745 -2.801 196.542
v 6.014 -2.533 196.677
v 6.398 -2.144 197.069
v 6.688 -1.861 197.748
v 6.828 -1.723 198.552
v -24.419 -12.674 196.815
v -25.094 -12.545 197.613
v -19.357 -2.401 196.809
v -19.913 -1.883 197.599
v -9.201 2.678 196.813
v -9.213 3.338 197.608
v 9.745 -5.609 198.542
v 12.022 -11.212 198.546
v 9.352 -25.498 198.546
v 12.006 -18.566 198.538
v -1.587 -33.503 198.551
v 4.522 -30.589 198.534
v -7.886 -34.187 198.539
v -13.096 -32.987 198.538
v -17.101 -30.984 198.538
v 11.217 -17.757 196.808
v 11.877 -17.762 197.606
v 6.136 -27.91 196.805
v 6.679 -28.438 197.61
v -4.02 -32.989 196.8
v -4.02 -33.791 197.601
v -19.912 -24.847 203.475
v -18.288 -26.835 203.485
v -21.361 -22.297 203.484
v -22.813 -17.745 203.493
v -22.832 -12.284 203.483
v -20.572 -6.416 203.479
v -16.163 -1.741 203.48
v -10.418 0.932 203.482
v -4.125 1.078 203.49
v 1.345 -0.794 203.489
v 5.078 -3.469 203.485
v 7.212 -6.141 203.484
v 8.825 -9.471 203.49
v 9.897 -14.809 203.492
v 9.075 -20.298 203.481
v 6.528 -24.978 203.476
v 3.069 -28.441 203.483
v -1.588 -30.833 203.491
v -7.064 -31.635 203.49
v -13.092 -30.314 203.48
v -22.446 -25.646 225.507
v -20.028 -28.573 225.514
v -24.444 -21.637 225.509
v -25.652 -16.434 225.506
v -24.976 -10.153 225.51
v -22.048 -4.018 225.506
v -16.942 0.812 225.522
v -10.007 3.476 225.518
v -2.68 3.465 225.509
v 2.939 1.203 225.515
v 6.819 -1.729 225.519
v 9.766 -5.461 225.524
v 11.63 -10.004 225.521
v 12.267 -17.503 225.506
v 10.007 -24.305 225.511
v 10.028 -24.291 201.488
v 8.422 -26.83 201.486
v 6.423 -28.964 201.488
v -6.812 -34.183 225.513
v 2.518 -31.791 201.471
v -1.858 -33.506 225.52
v 2.55 -31.769 225.521
v -14.152 -32.578 225.515
v -19.218 -24.962 204.022
v -17.908 -26.449 204.009
v -17.879 -26.428 203.891
v -17.896 -26.44 203.882
v -18.026 -26.571 203.617
v -18.163 -26.707 203.615
v -20.438 -23.105 204.013
v -21.913 -19.906 204.009
v -22.583 -15.901 204.009
v -20.178 -6.554 204.009
v -22.046 -11.227 204.01
v -10.54 0.272 204.021
v -16.137 -2.39 204.027
v 1.065 -1.204 204.016
v -4.388 0.68 204.027
v 4.673 -3.872 204.017
v 4.669 -3.875 203.882
v 4.818 -3.731 203.623
v 4.945 -3.602 203.619
v 4.934 -3.609 203.481
v -22.714 -12.829 203.609
v -17.89 -3.871 203.751
v -18.037 -3.747 203.611
v -8.949 0.932 203.615
v 6.026 -5.328 204.027
v 7.202 -7.216 204.014
v 8.68 -10.414 204.018
v 9.348 -14.553 204.018
v 6.924 -23.78 204.008
v 8.799 -19.102 204.011
v 2.946 -27.899 204.022
v -2.655 -30.565 204.025
v -8.829 -30.988 204.009
v -14.297 -29.115 204.012
v 9.227 -17.481 203.758
v 9.493 -17.482 203.624
v 4.679 -26.433 203.754
v 4.791 -26.715 203.609
v -4.409 -30.978 203.749
v -4.269 -31.241 203.619
v -20.039 -28.581 225.909
v -19.882 -28.431 226.188
v -19.641 -28.182 226.442
v -19.511 -28.051 226.44
v -19.355 -27.902 226.585
v -22.299 -24.168 226.582
v -24.315 -18.569 226.575
v -21.633 -5.209 226.581
v -24.151 -11.338 226.591
v -11.749 2.137 226.583
v -17.351 -0.663 226.586
v -1.19 2.011 226.588
v -6.143 2.803 226.582
v 3.088 0.012 226.591
v 6.806 -1.738 225.78
v 6.794 -1.747 225.907
v 6.526 -2.014 226.174
v 6.417 -2.13 226.453
v 6.155 -2.394 226.589
v -24.979 -12.559 226.443
v -19.896 -1.87 226.048
v -19.631 -2.139 226.447
v -9.215 3.47 226.047
v -9.225 3.196 226.443
v 2.417 -31.768 226.055
v 2.541 -31.774 225.784
v 2.148 -31.636 226.188
v 1.876 -31.506 226.452
v 1.46 -31.516 226.445
v 1.193 -31.383 226.578
v -5.077 -33.115 226.581
v -11.889 -32.316 226.58
v -16.015 -30.571 226.586
v -5.072 -33.646 226.45
v -13.343 -32.84 226.053
v -13.215 -32.443 226.45
v 10.159 -8.404 226.588
v 11.34 -15.094 226.578
v 10.961 -19.218 226.589
v 10.011 -24.302 225.914
v 10 -24.31 225.641
v 9.607 -22.97 226.579
v 9.881 -24.033 226.182
v 9.756 -23.626 226.454
v 10.687 -8.541 226.452
v 12.144 -16.695 226.045
v 11.865 -16.703 226.44
v 10.432 -27.359 208.165
v 9.742 -25.239 225.512
v 9.763 -26.292 225.522
v 10.031 -26.825 225.523
v 10.412 -27.373 225.513
v 9.748 -25.235 203.884
v 9.897 -26.292 206.029
v 4.144 -31.374 204.421
v 9.609 -25.505 203.748
v 9.756 -26.697 205.892
v 9.625 -35.642 211.1
v 15.891 -33.512 211.496
v 11.749 -37.653 211.494
v 13.903 -31.365 211.103
v 6.288 -30.834 206.427
v 5.058 -31.522 206.146
v 6.158 -32.167 207.898
v 10.421 -27.901 207.893
v 8.957 -28.032 206.426
v 8.831 -33.768 210.302
v 7.73 -33.79 209.885
v 12.004 -30.585 210.287
v 11.889 -29.504 209.895
v 5.62 -32.169 208.163
v 5.625 -32.166 225.523
v 4.799 -31.65 225.51
v 3.875 -31.509 225.516
v 3.186 -31.524 225.505
v 3.993 -31.519 204.946
v -19.228 -24.969 209.491
v -17.905 -26.446 209.485
v -20.424 -23.096 209.494
v -21.908 -19.902 209.486
v -22.564 -15.888 209.492
v -22.033 -11.217 209.491
v -20.171 -6.549 209.487
v -16.151 -2.4 209.494
v -10.549 0.266 209.491
v -4.389 0.68 209.501
v 1.049 -1.215 209.483
v 4.669 -3.875 209.49
v 6.558 -6.131 209.5
v 8.131 -8.955 209.485
v 9.33 -14.298 209.484
v 8.696 -19.615 209.501
v 6.402 -24.439 209.488
v -1.482 -30.318 209.485
v 3.063 -27.911 209.488
v -6.802 -31.105 209.496
v -12.835 -29.92 209.483
v -22.582 -15.901 226.574
v -22.018 -11.207 226.589
v -21.9 -19.896 226.581
v -20.419 -23.092 226.587
v -20.163 -6.544 226.581
v -19.212 -24.957 226.59
v -17.877 -26.427 226.589
v -16.149 -2.398 226.586
v -12.809 -29.902 226.587
v -10.534 0.277 226.589
v -6.828 -31.123 226.573
v -4.422 0.657 226.575
v -1.486 -30.321 226.574
v 1.08 -1.193 226.588
v 2.79 -30.986 226.575
v 3.079 -27.9 226.586
v 3.588 -30.855 226.574
v 4.405 -30.977 226.582
v 4.66 -3.881 226.576
v 6.527 -6.153 226.575
v 9.093 -25.359 226.589
v 9.228 -24.557 226.59
v 6.392 -24.446 226.574
v 9.225 -26.161 226.588
v 8.681 -19.626 226.584
v 9.349 -14.285 226.583
v 8.131 -8.955 226.576
v 10.399 -27.249 226.174
v 10.131 -26.982 226.441
v 10.269 -27.113 226.844
v 9.889 -26.698 226.186
v 9.739 -26.442 226.044
v 9.749 -26.035 226.049
v 9.605 -24.573 226.311
v 9.757 -25.895 225.92
v 10.556 -27.767 207.894
v 10.542 -27.509 208.02
v 10.557 -27.632 207.894
v 21.35 -38.329 263.828
v 18.826 -35.783 259.962
v 19.511 -36.305 265.846
v 22.707 -39.516 261.035
v 19.64 -36.442 258.9
v 23.099 -39.922 257.959
v 20.034 -36.981 257.695
v 17.744 -34.591 260.756
v 18.301 -35.109 266.376
v 17.105 -33.904 266.512
v 20.146 -37.129 256.75
v 20.158 -37.121 255.955
v 16.432 -33.374 261.035
v 16.279 -33.253 266.5
v 14.144 -31.116 265.966
v 20.028 -36.851 254.088
v 15.227 -32.041 260.499
v 12.137 -29.117 264.228
v 19.215 -36.192 252.613
v 14.136 -30.989 259.553
v 13.484 -30.31 257.959
v 10.831 -27.761 261.439
v 10.432 -27.359 259.704
v 13.22 -30.041 255.957
v 10.279 -27.239 257.959
v 13.471 -30.319 254.08
v 13.224 -30.171 255.025
v 14.139 -30.986 252.612
v 23.113 -39.913 220.981
v 18.285 -35.121 251.547
v 17.213 -34.055 251.011
v 22.579 -39.379 217.376
v 21.08 -37.931 214.558
v 22.951 -39.799 219.231
v 10.276 -27.242 227.514
v 16.172 -32.968 251.158
v 15.071 -31.923 251.542
v 10.295 -27.228 227.257
v 18.958 -35.918 212.562
v 16.675 -33.657 212.022
v 16.302 -33.104 212.035
v 14.02 -30.976 211.629
v 12.025 -28.968 210.297
v 9.215 -35.782 211.629
v 11.489 -37.915 211.632
v 11.364 -37.909 211.903
v 11.348 -38.054 212.028
v 11.612 -37.655 211.493
v 11.628 -37.778 211.634
v 7.221 -33.906 210.298
v 6.792 -33.258 209.35
v 5.728 -32.321 208.017
v 5.876 -32.311 207.89
v 5.994 -32.321 207.883
v 16.141 -33.257 211.621
v 16.019 -33.382 211.493
v 16.139 -33.125 211.887
v 16.147 -33.119 211.757
v 11.479 -28.576 209.357
v 16.296 -33.909 211.498
v 12.147 -38.055 211.493
v 2.789 -31.388 226.308
v 4.261 -31.518 226.043
v 4.663 -31.651 226.177
v 5.078 -31.774 226.318
v 5.484 -32.172 226.187
v 5.219 -31.903 226.588
v 5.327 -32.054 226.842
v 14.437 -41.112 259.437
v 17.746 -44.337 261.158
v 16.549 -43.132 263.831
v 13.347 -39.926 260.494
v 14.671 -41.269 265.695
v 13.483 -40.058 266.37
v 15.074 -41.801 257.819
v 18.157 -44.864 257.958
v 11.872 -38.595 261.025
v 12.16 -38.848 266.509
v 11.465 -38.065 266.496
v 15.343 -42.067 255.951
v 10.532 -37.263 260.622
v 9.209 -35.92 265.968
v 15.1 -41.649 254.094
v 7.351 -33.909 264.105
v 9.329 -36.063 259.553
v 14.303 -40.845 252.493
v 6.014 -32.575 261.567
v 8.541 -35.252 257.957
v 5.596 -32.187 259.823
v 5.467 -32.049 257.956
v 8.267 -34.99 255.951
v 8.528 -35.127 254.213
v 9.224 -35.775 252.624
v 18.168 -44.856 220.979
v 13.085 -39.789 251.417
v 16.157 -42.859 214.566
v 17.617 -44.2 217.366
v 18.041 -44.718 219.113
v 5.482 -32.039 227.521
v 11.748 -38.321 251.016
v 10.297 -36.974 251.558
v 5.49 -32.033 227.258
v 14.16 -40.852 212.7
v 11.739 -38.461 212.024
v -19.896 -24.836 210.025
v -18.275 -26.825 210.035
v -18.17 -26.712 210.02
v -18.14 -26.691 210.035
v -18.016 -26.564 209.897
v -17.895 -26.439 209.757
v -21.376 -22.307 210.019
v -22.848 -17.769 210.018
v -20.577 -6.42 210.018
v -22.832 -12.284 210.026
v -10.412 0.937 210.027
v -16.149 -1.731 210.029
v 1.326 -0.808 210.021
v -4.136 1.071 210.028
v 4.932 -3.611 210.022
v 5.074 -3.471 210.026
v 4.816 -3.732 209.897
v 4.655 -3.885 209.75
v 4.676 -3.87 209.627
v -22.708 -12.824 209.888
v -22.434 -12.953 209.758
v -18.038 -3.748 209.886
v -17.882 -3.865 209.764
v -8.951 0.931 209.89
v -8.798 0.678 209.766
v 6.677 -5.474 210.026
v 8.147 -8.009 210.027
v 9.622 -12.545 210.03
v 7.358 -23.89 210.033
v 9.609 -18.028 210.024
v 2.928 -28.58 210.021
v -2.812 -31.249 210.022
v -9.087 -31.382 210.022
v -14.544 -29.501 210.031
v 9.484 -17.488 209.895
v 9.198 -17.502 209.751
v 4.803 -26.706 209.891
v 4.656 -26.449 209.75
v -4.255 -31.231 209.901
v -4.409 -30.979 209.757
v 4.663 -3.879 222.972
v 8.136 -8.952 222.973
v 9.332 -14.964 222.97
v 8.538 -20.3 222.974
v 6.141 -24.835 222.977
v 2.536 -28.173 222.977
v -2.15 -30.452 222.971
v -7.465 -31.101 222.983
v -12.807 -29.901 222.983
v -15.619 -28.304 222.979
v -17.903 -26.445 222.972
v -20.57 -22.837 222.973
v -22.45 -17.371 222.968
v -22.042 -11.223 222.972
v -19.356 -5.605 222.98
v -15.203 -1.589 222.987
v -10.549 0.266 222.977
v -5.992 0.812 222.985
v -1.881 0.125 222.971
v 1.327 -1.341 222.973
v 3.206 -2.536 222.978
v 4.265 -31.382 226.312
v 4.405 -31.244 226.448
v 4.402 -31.113 226.447
v 9.626 -27.229 227.523
v 5.463 -31.385 227.244
v 5.485 -31.37 227.522
v 9.597 -27.25 227.242
v 5.33 -31.385 227.111
v 9.605 -27.111 227.112
v 5.326 -31.254 226.842
v 9.477 -26.973 226.848
v 5.066 -31.116 226.712
v 9.336 -26.711 226.577
v 4.792 -31.12 226.575
v 9.214 -26.436 226.583
v 9.355 -26.164 226.453
v 9.627 -26.16 226.456
v 9.611 -26.038 226.181
v 9.626 -27.096 227.123
v 9.758 -27.097 227.122
v 10.151 -26.969 226.985
v 9.742 -26.574 226.58
v 9.73 -26.849 226.708
v 9.877 -26.973 226.981
v 13.235 -30.831 256.766
v 13.212 -30.714 255.954
v 13.348 -30.98 257.423
v 13.752 -31.244 258.493
v 14.438 -32.032 259.571
v 15.345 -32.986 260.358
v 16.556 -34.181 260.496
v 17.628 -35.247 260.098
v 18.566 -36.179 259.164
v 19.232 -36.848 257.695
v 19.497 -37.116 255.958
v 19.487 -36.989 255.019
v 19.216 -36.859 254.082
v 18.436 -36.043 252.624
v 17.347 -34.989 251.812
v 16.145 -33.788 251.545
v 15.097 -32.706 251.956
v 14.008 -31.652 252.88
v 13.344 -30.982 254.351
v 10.145 -27.106 227.516
v 9.754 -27.099 227.521
v 10.003 -27.112 227.111
v 10.155 -27.099 227.387
v 10.006 -27.11 227.513
v 9.741 -27.108 227.247
v 9.889 -27.098 227.388
v 9.755 -27.099 227.521
v 10.264 -27.117 257.951
v 10.152 -27.101 257.962
v 10.022 -27.099 257.963
v 9.738 -27.111 257.955
v 9.602 -27.246 257.954
v 14.671 -32.323 266.897
v 16.024 -33.646 267.039
v 16.014 -33.519 267.035
v 16.17 -33.37 267.046
v 16.306 -33.368 266.914
v 16.286 -33.249 266.636
v 13.493 -30.971 266.241
v 10.031 -27.627 261.306
v 13.08 -30.312 265.835
v 11.33 -28.987 264.226
v 13.218 -30.309 265.703
v 10.937 -27.914 262.226
v 17.089 -33.915 266.637
v 16.968 -33.906 266.777
v 16.94 -34.059 266.897
v 16.827 -34.178 267.041
v 16.684 -34.318 267.036
v 22.972 -40.585 259.832
v 23.082 -40.602 257.951
v 23.116 -40.578 257.968
v 23.105 -40.452 257.963
v 23.229 -40.325 257.958
v 23.083 -40.067 257.951
v 22.551 -40.199 261.558
v 18.954 -36.588 266.368
v 22.421 -39.662 262.361
v 21.1 -38.718 264.504
v 22.449 -39.376 262.241
v 20.026 -36.986 265.703
v 23.081 -40.069 220.966
v 23.102 -40.054 220.976
v 23.24 -40.317 220.979
v 23.104 -40.453 220.977
v 23.115 -40.579 220.983
v 17.61 -35.259 211.755
v 16.409 -33.924 211.488
v 16.416 -33.785 211.625
v 16.558 -33.646 211.629
v 16.682 -33.652 211.891
v 18.967 -36.58 212.299
v 22.553 -40.198 217.631
v 19.759 -36.986 212.829
v 21.225 -38.857 214.43
v 19.882 -36.86 212.957
v 22.302 -39.385 216.437
v 11.891 -38.448 211.899
v 11.892 -38.447 211.766
v 11.885 -38.319 211.629
v 11.998 -38.2 211.485
v 14.541 -40.465 212.156
v 16.84 -42.715 214.173
v 18.302 -44.322 217.241
v 18.709 -44.718 219.113
v 18.834 -44.857 220.979
v 5.323 -31.523 227.107
v 5.352 -31.903 226.988
v 5.204 -31.78 226.981
v 5.074 -31.644 226.849
v 5.221 -31.634 227.123
v 5.081 -31.506 226.719
v 4.958 -31.498 226.591
v 4.673 -31.377 226.449
v 9.081 -34.981 255.023
v 8.933 -34.991 255.95
v 9.34 -35.254 254.084
v 10.03 -36.039 252.626
v 11.205 -37.126 251.812
v 12.299 -38.176 251.558
v 13.474 -39.396 251.946
v 14.413 -40.461 252.882
v 15.079 -41.13 254.35
v 15.373 -41.245 255.966
v 15.363 -41.252 256.762
v 15.204 -41.136 257.417
v 14.839 -40.71 258.503
v 14.16 -40.051 259.565
v 13.087 -39.119 260.364
v 11.883 -37.92 260.496
v 10.798 -36.73 260.087
v 9.883 -35.781 259.162
v 9.218 -35.112 257.695
v 11.475 -38.059 266.634
v 9.482 -35.514 266.372
v 11.467 -38.064 266.764
v 11.622 -38.049 266.908
v 11.635 -37.906 267.048
v 11.742 -37.791 267.035
v 6.002 -31.915 261.561
v 5.591 -31.523 259.82
v 5.353 -31.902 257.966
v 5.332 -31.783 257.955
v 5.322 -31.524 257.95
v 5.359 -31.498 257.969
v 5.477 -31.375 257.961
v 8.418 -34.977 265.707
v 7.463 -33.39 264.495
v 8.532 -34.858 265.83
v 6.123 -32.725 262.223
v 6.14 -32.447 262.365
v 12.15 -38.854 266.638
v 12.289 -38.717 266.908
v 12.409 -38.593 267.034
v 12.403 -38.597 267.032
v 12.554 -38.452 267.04
v 18.295 -44.86 257.961
v 18.425 -44.462 261.297
v 18.293 -44.995 257.96
v 18.57 -44.988 257.965
v 18.695 -44.861 257.961
v 18.828 -44.862 257.96
v 15.083 -40.994 266.235
v 13.743 -39.662 266.9
v 17.627 -44.193 262.233
v 17.077 -43.136 264.228
v 17.885 -44.2 262.362
v 15.213 -41.797 265.7
v 15.483 -41.662 265.834
v 18.279 -44.871 220.968
v 18.574 -44.986 220.982
v 18.677 -45.007 220.967
v 18.836 -44.856 220.979
v 15.07 -41.671 212.954
v 15.237 -41.513 212.838
v 17.497 -44.057 216.438
v 17.749 -44.068 216.43
v 5.33 -31.518 227.511
v 5.353 -32.036 227.523
v 5.34 -31.511 227.249
v 5.343 -31.643 227.384
v 5.336 -31.781 227.514
v 5.345 -31.775 227.118
v 5.348 -31.906 227.387
v 5.343 -31.91 227.518
v -19.911 -24.846 212.955
v -18.279 -26.828 212.97
v -21.353 -22.29 212.969
v -22.817 -17.748 212.971
v -22.84 -12.289 212.959
v -20.571 -6.415 212.959
v -16.143 -1.727 212.97
v -10.41 0.937 212.965
v -4.153 1.058 212.956
v 1.352 -0.789 212.972
v 5.062 -3.479 212.958
v 7.207 -6.144 212.962
v 8.81 -9.482 212.962
v 9.864 -14.832 212.955
v 9.068 -20.303 212.958
v 6.529 -24.978 212.956
v 3.079 -28.434 212.967
v -1.591 -30.835 212.969
v -7.083 -31.649 212.96
v -13.095 -30.316 212.959
v 7.755 -7.203 222.582
v 4.69 -3.86 222.986
v 4.669 -3.875 222.842
v 4.808 -3.737 222.711
v 4.944 -3.602 222.579
v 5.085 -3.464 222.582
v 9.619 -12.681 222.579
v 6.819 -24.695 222.581
v 9.489 -18.954 222.581
v 2.129 -29.112 222.573
v -3.731 -31.371 222.581
v -9.215 -31.379 222.576
v -13.749 -30.039 222.579
v -16.277 -28.431 222.583
v -17.91 -26.449 222.835
v -18.036 -26.578 222.705
v -18.168 -26.71 222.572
v -18.15 -26.698 222.581
v -18.311 -26.851 222.567
v 9.207 -17.495 222.707
v 9.483 -17.489 222.578
v 4.685 -26.429 222.716
v 4.799 -26.709 222.573
v -4.268 -31.24 222.579
v -20.96 -23.097 222.578
v -22.824 -17.619 222.581
v -20.038 -5.615 222.572
v -22.681 -11.471 222.585
v -15.348 -1.197 222.58
v -9.482 1.067 222.576
v -4.02 1.058 222.57
v 0.534 -0.401 222.577
v 3.056 -1.88 222.569
v -22.695 -12.815 222.579
v -17.881 -3.864 222.716
v -18.04 -3.749 222.57
v -8.96 0.925 222.57
v -19.232 -24.972 213.495
v -17.874 -26.425 213.506
v -17.89 -26.436 213.365
v -17.904 -26.446 213.358
v -18.03 -26.574 213.094
v -18.14 -26.691 213.106
v -20.437 -23.105 213.493
v -21.903 -19.899 213.495
v -22.567 -15.89 213.496
v -20.165 -6.545 213.495
v -22.043 -11.224 213.491
v -10.555 0.263 213.494
v -16.172 -2.415 213.489
v 1.087 -1.189 213.507
v -4.409 0.666 213.496
v 4.684 -3.865 213.503
v 4.655 -3.885 213.355
v 4.788 -3.751 213.221
v 4.951 -3.598 213.102
v 4.958 -3.592 213.106
v -22.686 -12.809 213.103
v -17.902 -3.879 213.225
v -18.039 -3.748 213.09
v -8.936 0.941 213.102
v 6.015 -5.336 213.501
v 7.215 -7.207 213.5
v 8.676 -10.416 213.496
v 9.329 -14.566 213.489
v 6.959 -23.756 213.505
v 8.799 -19.103 213.491
v 2.926 -27.914 213.492
v -2.683 -30.584 213.491
v -8.82 -30.982 213.494
v -14.295 -29.113 213.493
v 9.219 -17.486 213.234
v 9.485 -17.487 213.1
v 4.676 -26.435 213.232
v 4.816 -26.698 213.101
v -4.399 -30.971 213.234
v -4.266 -31.239 213.1
v 5.075 -3.471 219.506
v 8.55 -8.675 219.508
v 9.883 -14.685 219.507
v 9.078 -20.162 219.505
v 6.666 -24.841 219.501
v 3.213 -28.3 219.51
v -1.487 -30.856 219.497
v -6.929 -31.635 219.513
v -12.277 -30.571 219.509
v -15.64 -28.986 219.497
v -18.307 -26.848 219.498
v -20.968 -23.103 219.503
v -22.849 -17.637 219.497
v -22.709 -11.49 219.5
v -20.02 -5.602 219.51
v -15.357 -1.203 219.505
v -9.497 1.056 219.497
v -3.987 1.081 219.515
v 0.536 -0.399 219.507
v 3.085 -1.86 219.513
v -19.246 -24.981 218.962
v -17.89 -26.436 218.973
v -20.417 -23.091 218.978
v -21.89 -19.89 218.975
v -22.558 -15.884 218.975
v -22.017 -11.206 218.979
v -20.148 -6.533 218.979
v -16.155 -2.403 218.972
v -10.548 0.267 218.972
v -4.405 0.668 218.972
v 1.081 -1.193 218.978
v 4.687 -3.863 218.978
v 6.526 -6.153 218.964
v 8.154 -8.939 218.976
v 9.351 -14.284 218.974
v 8.694 -19.617 218.979
v 6.397 -24.442 218.966
v -1.478 -30.315 218.967
v 3.076 -27.902 218.974
v -6.798 -31.102 218.978
v -12.815 -29.907 218.973
v 4.949 -3.599 219.51
v 4.93 -3.612 219.501
v 4.822 -3.728 219.38
v 4.687 -3.862 219.246
v -18.167 -26.709 219.502
v -18.021 -26.568 219.374
v -17.894 -26.439 219.237
v -17.901 -26.443 219.101
v 9.492 -17.482 219.512
v 9.209 -17.493 219.237
v 4.796 -26.711 219.501
v 4.69 -26.425 219.247
v -4.265 -31.238 219.509
v -4.415 -30.983 219.234
v -22.694 -12.815 219.508
v -22.427 -12.948 219.241
v -18.006 -3.725 219.515
v -17.884 -3.867 219.243
v -8.955 0.928 219.501
v -8.818 0.663 219.236
v -7.744 -29.908 242.605
v -7.736 -30.303 243.143
v -7.473 -29.905 242.74
v -7.878 -29.909 242.337
v -8.293 -30.319 242.731
v -8.14 -29.905 241.672
v -8.544 -30.308 241.938
v -8.018 -29.913 241.133
v -8.535 -30.302 241.141
v -7.894 -29.92 240.594
v -8.288 -30.315 240.464
v -7.478 -29.909 240.201
v -7.892 -30.319 239.927
v -6.934 -29.902 240.072
v -7.219 -30.315 239.529
v -6.269 -29.904 240.071
v -6.399 -30.302 239.539
v -5.742 -29.909 240.201
v -5.868 -30.304 239.671
v -5.459 -30.298 239.808
v -6.934 -29.902 243.01
v -6.293 -29.921 242.997
v -5.759 -29.921 242.729
v -5.343 -29.91 242.337
v -5.092 -29.921 241.26
v -5.19 -29.897 241.946
v -5.492 -29.921 240.459
v -5.344 -29.91 240.734
v -7.73 -33.904 243.146
v -8.277 -33.913 242.606
v -8.554 -33.92 241.933
v -8.563 -33.927 241.261
v -8.294 -33.925 240.461
v -7.879 -33.915 239.933
v -7.225 -33.924 239.526
v -6.403 -33.91 239.537
v -5.875 -33.914 239.667
v -5.466 -33.908 239.805
v -4.938 -30.308 240.336
v -4.675 -30.31 241.135
v -4.67 -30.307 241.805
v -4.805 -30.308 242.472
v -5.342 -30.31 243.005
v -5.998 -30.302 243.411
v -6.533 -30.302 243.544
v -7.078 -30.31 243.405
v -7.492 -30.319 243.398
v -4.928 -33.905 240.341
v -4.674 -33.915 241.002
v -4.691 -33.926 241.795
v -4.927 -33.905 242.478
v -5.339 -33.913 243.14
v -6.01 -33.915 243.405
v -6.829 -33.927 243.53
v -7.355 -33.922 243.4
v -6.008 -33.914 244.608
v -4.945 -33.917 244.205
v -7.203 -33.909 244.611
v -3.988 -33.901 243.415
v -8.411 -33.914 244.207
v -8.944 -33.912 243.674
v -3.468 -33.911 242.34
v -9.361 -33.924 243.131
v -3.453 -33.901 241.012
v -9.734 -33.905 241.944
v -3.858 -33.904 239.941
v -9.742 -33.91 240.738
v -4.281 -33.92 239.262
v -4.803 -33.911 238.868
v -9.202 -33.906 239.673
v -6.009 -33.915 238.332
v -8.285 -33.919 238.863
v -7.222 -33.922 238.326
v -8.407 -33.911 244.343
v -8.527 -33.901 244.35
v -5.46 -33.904 244.748
v -5.475 -34.048 244.741
v -5.879 -34.184 245.006
v -4.796 -34.173 244.479
v -3.187 -33.901 241.278
v -3.188 -34.036 241.278
v -3.215 -34.189 242.466
v -3.074 -34.183 241.268
v -7.216 -33.918 244.871
v -8.549 -34.05 244.472
v -8.561 -34.192 244.466
v -7.203 -34.176 245.012
v -6.657 -33.901 245.017
v -6.02 -33.922 244.869
v -4.801 -33.91 244.477
v -4.271 -33.913 244.074
v -3.869 -34.179 243.674
v -3.886 -33.924 243.532
v -3.469 -33.912 243.006
v -3.343 -33.917 242.335
v -3.214 -33.921 241.131
v -3.344 -33.918 240.599
v -3.32 -34.168 240.21
v -3.592 -33.905 239.941
v -3.726 -33.905 239.54
v -3.861 -34.173 239.406
v -3.993 -33.905 239.273
v -4.276 -34.183 238.865
v -4.283 -33.921 238.994
v -4.535 -33.911 238.735
v -4.674 -34.182 238.599
v -4.674 -34.048 238.599
v -4.805 -33.913 238.6
v -4.819 -33.922 238.727
v -7.753 -33.92 238.328
v -7.733 -34.04 238.204
v -7.346 -34.182 238.064
v -8.4 -34.173 238.605
v -9.998 -33.903 241.812
v -10.002 -34.039 241.81
v -9.999 -34.17 240.609
v -10.148 -34.181 241.803
v -6.015 -33.918 238.195
v -5.997 -34.173 238.071
v -6.558 -33.925 238.057
v -7.201 -33.907 238.203
v -8.43 -33.927 238.59
v -8.959 -33.923 238.993
v -9.331 -34.17 239.408
v -9.344 -33.912 239.535
v -9.733 -33.904 240.075
v -9.889 -33.92 240.598
v -10.028 -33.924 241.93
v -9.878 -33.912 242.473
v -9.863 -34.169 242.88
v -9.628 -33.924 242.998
v -9.496 -33.925 243.398
v -9.332 -34.171 243.68
v -9.206 -33.909 243.81
v -8.931 -34.17 244.081
v -8.943 -33.912 243.942
v -8.665 -33.904 244.214
v -8.266 -35.107 244.213
v -6.942 -36.316 243.006
v -8.022 -35.924 243.668
v -7.727 -36.172 243.281
v -7.482 -36.321 242.736
v -4.803 -34.712 238.735
v -4.95 -35.256 238.861
v -5.62 -36.326 240.462
v -5.337 -35.914 239.536
v -5.462 -36.308 240.608
v -5.757 -36.328 240.193
v -5.459 -35.105 244.482
v -5.729 -35.908 243.812
v -6.283 -36.322 243.002
v -5.889 -36.327 242.731
v -5.487 -36.326 242.465
v -3.485 -35.125 241.263
v -4.138 -35.916 241.404
v -5.209 -36.319 241.936
v -5.09 -36.329 241.395
v -5.208 -36.318 241.002
v -6.284 -36.324 240.063
v -7.617 -36.322 242.601
v -7.725 -36.304 242.481
v -7.763 -35.129 238.59
v -7.478 -35.917 239.266
v -6.95 -36.322 240.064
v -7.344 -36.317 240.201
v -7.745 -36.318 240.602
v -9.733 -35.106 241.677
v -9.07 -35.91 241.675
v -8.025 -36.327 241.129
v -8.145 -36.318 241.67
v -8.028 -36.329 242.062
v -5.202 -36.314 241.539
v -5.88 -36.321 240.332
v -6.023 -36.328 242.864
v -7.22 -36.324 240.196
v -7.339 -36.314 242.74
v -7.999 -36.309 241.409
v -5.874 -34.314 240.335
v -5.189 -34.301 241.546
v -6.024 -34.326 242.864
v -7.345 -34.315 242.738
v -8.024 -34.324 241.396
v -7.212 -34.316 240.2
v 14.402 9.468 241.528
v 13.879 8.941 241.8
v 13.875 8.938 241.531
v 14.405 9.202 242.464
v 13.9 8.555 242.745
v 13.898 8.821 242.21
v 14.405 8.669 243.265
v 13.894 8.15 243.143
v 14.435 7.888 243.947
v 13.898 7.485 243.545
v 14.405 7.066 244.066
v 13.889 6.678 243.674
v 14.407 5.999 243.933
v 13.871 5.998 243.398
v 14.433 5.217 243.546
v 13.904 5.354 243.014
v 14.417 4.671 243.004
v 13.886 4.94 242.338
v 14.418 4.404 242.336
v 14.417 4.27 241.935
v 13.9 4.683 241.544
v 14.402 4.26 241.527
v 14.408 1.861 246.337
v 14.416 3.869 247.81
v 14.433 0.41 244.213
v 14.419 6.408 248.479
v 14.419 -0.135 241.536
v 14.415 -0.004 240.466
v 14.426 8.95 248.216
v 14.434 1.078 237.538
v 14.426 4.41 240.605
v 14.435 0.277 239.274
v 14.416 11.079 247.009
v 14.426 4.945 239.67
v 14.41 2.53 236.057
v 14.402 5.729 239.124
v 14.422 12.552 245.41
v 14.407 13.476 243.8
v 14.413 4.801 234.857
v 14.431 6.683 238.872
v 14.424 13.755 242.607
v 14.427 13.891 241.54
v 14.415 9.343 241
v 14.424 7.346 234.595
v 14.431 7.618 239.005
v 14.421 13.219 238.867
v 14.434 9.223 240.342
v 14.405 9.737 235.12
v 14.405 8.535 239.526
v 14.404 11.872 236.722
v 6.958 8.956 241.811
v 6.924 8.933 241.527
v 6.962 8.826 242.214
v 6.947 8.548 242.74
v 6.931 8.136 243.133
v 6.961 7.489 243.548
v 6.929 6.666 243.666
v 6.929 5.999 243.399
v 6.957 5.351 243.012
v 6.929 4.931 242.331
v 6.96 4.685 241.545
v 13.899 4.816 241.009
v 13.894 4.946 240.606
v 13.871 5.464 239.927
v 13.902 6.153 239.542
v 13.875 6.935 239.394
v 13.867 7.597 239.524
v 13.884 8.41 240.067
v 13.869 8.8 240.727
v 13.895 -0.528 242.208
v 13.621 -0.8 241.537
v 14.018 -0.535 242.337
v 13.476 -1.075 241.932
v 13.492 -1.063 241.674
v 13.356 -1.199 241.672
v 13.334 -1.08 241.928
v 14.014 -0.405 243.269
v 13.885 -0.535 242.47
v 13.89 -0.398 243.274
v 13.504 -0.922 242.747
v 13.474 -0.942 243
v 13.365 -1.059 242.878
v 13.34 -1.076 242.999
v 13.9 -0.391 243.413
v 13.898 -0.125 244.213
v 14.021 0.001 244.341
v 13.492 -0.796 243.81
v 13.882 -0.002 244.472
v 13.484 -0.669 244.072
v 13.349 -0.803 243.938
v 13.37 -0.655 244.083
v 13.895 0.273 245.146
v 14.007 0.392 245.269
v 13.472 -0.41 244.868
v 13.488 -0.265 245.143
v 13.368 -0.389 245.016
v 13.359 -0.262 245.145
v 14.009 1.061 246.071
v 13.9 0.41 245.416
v 13.879 0.93 246.073
v 13.48 0.13 245.806
v 13.897 1.076 246.215
v 13.355 0.269 245.944
v 13.35 0.132 245.941
v 13.341 0.126 245.937
v 13.503 0.413 246.085
v 13.369 0.279 246.085
v 13.869 1.59 246.735
v 14.028 1.741 246.881
v 13.483 0.799 246.743
v 13.35 0.934 246.877
v 13.335 0.79 246.736
v 13.349 0.799 246.742
v 13.477 1.062 246.873
v 13.366 0.945 246.885
v 13.885 2.403 247.544
v 13.879 1.731 247.007
v 14.031 2.545 247.55
v 13.476 1.596 247.54
v 13.344 1.73 247.674
v 13.495 1.609 247.55
v 13.342 1.595 247.54
v 13.486 1.869 247.679
v 13.34 1.728 247.673
v 13.88 3.2 248.076
v 13.895 2.543 247.683
v 14.002 3.325 248.07
v 13.9 3.481 248.22
v 13.474 2.529 248.207
v 13.363 2.678 248.352
v 13.346 2.533 248.21
v 13.493 2.809 248.35
v 13.337 2.66 248.339
v 13.891 4.143 248.482
v 14.03 4.28 248.485
v 13.491 3.476 248.75
v 13.334 3.593 248.738
v 13.367 3.482 248.754
v 13.5 3.749 248.888
v 13.367 3.616 248.888
v 13.896 5.214 248.751
v 13.868 4.393 248.604
v 14.012 5.336 248.743
v 13.471 4.529 249.14
v 13.34 4.665 249.141
v 13.364 4.548 249.153
v 13.499 4.817 249.154
v 13.341 4.666 249.142
v 13.889 5.476 248.881
v 13.892 6.146 249.016
v 14.007 6.267 248.874
v 13.897 6.417 249.019
v 13.467 5.595 249.405
v 13.363 5.749 249.42
v 13.344 5.602 249.41
v 13.473 5.866 249.408
v 13.365 5.751 249.421
v 13.904 7.223 249.023
v 14.009 7.336 248.875
v 13.485 6.676 249.414
v 13.341 6.802 249.542
v 13.353 6.81 249.548
v 13.481 6.94 249.412
v 13.357 6.947 249.55
v 13.905 7.49 249.023
v 14.027 8.417 248.75
v 13.887 8.279 248.881
v 13.472 7.868 249.408
v 13.902 8.556 248.754
v 13.341 7.87 249.409
v 13.337 7.867 249.407
v 13.483 8.01 249.413
v 13.348 8.008 249.412
v 13.903 9.225 248.621
v 14.008 9.339 248.474
v 13.467 8.933 249.138
v 13.356 9.082 249.149
v 13.356 8.949 249.149
v 13.484 9.212 249.146
v 13.343 9.073 249.143
v 14.036 10.293 248.087
v 13.87 9.469 248.472
v 13.903 10.293 248.221
v 13.475 9.873 248.875
v 13.366 10.024 248.887
v 13.353 10.015 248.881
v 13.49 10.151 248.749
v 13.34 10.139 248.741
v 13.868 11.069 247.669
v 13.893 10.419 248.082
v 14.016 11.213 247.543
v 13.883 11.347 247.544
v 13.467 10.935 248.337
v 13.358 11.086 248.349
v 13.353 10.95 248.347
v 13.501 11.227 248.22
v 13.345 11.077 248.209
v 13.901 11.894 247.018
v 13.87 11.872 247.003
v 14.015 12.014 246.875
v 13.499 11.893 247.685
v 13.354 12.018 247.68
v 13.36 11.889 247.682
v 13.484 12.016 247.544
v 13.341 12.009 247.54
v 13.871 12.674 246.202
v 13.898 12.159 246.75
v 13.899 12.693 246.216
v 14.015 12.681 246.074
v 13.88 12.814 246.073
v 13.482 12.682 246.876
v 13.345 12.813 246.874
v 13.34 12.676 246.871
v 13.497 12.826 246.75
v 13.35 12.817 246.743
v 13.868 13.206 245.266
v 13.901 13.229 245.416
v 14.032 13.227 245.148
v 13.482 13.349 246.074
v 13.365 13.495 245.949
v 13.341 13.344 246.071
v 13.503 13.498 245.818
v 13.339 13.477 245.936
v 14.004 13.741 244.332
v 13.898 13.361 245.148
v 13.874 13.744 244.468
v 14.01 13.746 244.202
v 13.869 13.74 244.198
v 13.5 13.896 245.149
v 13.366 14.03 245.015
v 13.351 14.019 245.141
v 13.502 14.031 244.883
v 13.355 14.022 245.01
v 13.905 14.033 243.415
v 14.03 14.027 243.411
v 13.89 14.156 243.274
v 13.491 14.29 244.076
v 13.356 14.423 244.076
v 13.349 14.418 244.072
v 13.471 14.41 243.799
v 13.359 14.425 243.944
v 13.883 14.284 242.469
v 14.001 14.14 242.328
v 13.495 14.694 243.01
v 13.343 14.681 242.868
v 13.339 14.678 242.999
v 13.901 14.297 242.212
v 13.469 14.676 242.73
v 13.355 14.689 242.873
v 13.632 14.563 241.543
v 13.501 14.831 241.945
v 13.359 14.825 241.807
v 13.348 14.818 241.935
v 13.477 14.815 241.666
v 13.339 14.811 241.663
v 14.033 14.296 241.276
v 13.87 14.275 241.395
v 13.884 14.151 240.334
v 13.896 14.294 241.141
v 14.031 14.161 240.207
v 13.472 14.678 240.862
v 13.34 14.812 240.729
v 13.361 14.827 240.74
v 13.467 14.674 240.593
v 13.359 14.825 240.605
v 13.901 14.03 239.274
v 13.899 14.162 240.075
v 14.005 13.876 239.126
v 13.481 14.551 239.665
v 13.891 13.89 239.136
v 13.364 14.562 239.673
v 13.348 14.551 239.665
v 13.473 14.545 239.528
v 13.346 14.55 239.531
v 13.878 13.614 238.328
v 14.012 13.48 238.329
v 14.012 13.48 238.195
v 13.494 14.293 238.737
v 13.354 14.288 238.6
v 13.333 14.273 238.59
v 13.484 14.152 238.465
v 13.344 14.147 238.461
v 14.036 12.963 237.406
v 13.877 13.079 237.393
v 13.874 13.477 238.193
v 13.499 13.762 237.671
v 13.342 13.746 237.526
v 13.335 13.74 237.522
v 13.478 13.614 237.394
v 13.37 13.765 237.54
v 13.9 12.961 237.271
v 13.88 12.413 236.593
v 13.888 12.953 237.265
v 14.011 12.412 236.592
v 13.493 13.224 236.734
v 13.895 12.29 236.467
v 13.348 13.082 236.594
v 13.35 13.217 236.729
v 13.48 12.947 236.593
v 13.369 13.097 236.605
v 13.897 11.757 235.934
v 13.884 12.282 236.462
v 14.023 11.619 235.797
v 13.492 12.422 235.932
v 13.333 12.404 235.786
v 13.352 12.417 235.795
v 13.472 12.274 235.788
v 13.356 12.287 235.797
v 13.904 11.495 235.804
v 13.899 10.958 235.268
v 13.885 11.482 235.661
v 14.033 10.825 235.268
v 13.899 10.69 235.134
v 13.484 11.615 235.127
v 13.346 11.478 235.124
v 13.351 11.615 235.127
v 13.478 11.344 234.99
v 13.369 11.495 235.003
v 13.872 10.004 234.72
v 14.022 9.882 234.729
v 13.9 9.757 234.601
v 13.496 10.689 234.599
v 13.37 10.561 234.469
v 13.361 10.688 234.464
v 13.48 10.411 234.457
v 13.342 10.541 234.455
v 13.874 9.071 234.32
v 14.015 8.809 234.458
v 13.476 9.607 234.055
v 13.356 9.616 234.062
v 13.365 9.623 234.066
v 13.485 9.48 234.059
v 13.337 9.469 234.052
v 13.867 7.998 234.184
v 13.895 8.819 234.331
v 14.005 7.868 234.186
v 13.878 7.738 234.055
v 13.504 8.692 233.802
v 13.342 8.538 233.654
v 13.338 8.536 233.786
v 13.5 8.422 233.8
v 13.368 8.423 233.667
v 13.894 6.948 234.063
v 14.019 6.809 234.059
v 13.497 7.485 233.665
v 13.353 7.478 233.526
v 13.337 7.467 233.518
v 13.472 7.201 233.652
v 13.346 7.339 233.522
v 14.028 5.881 234.197
v 13.899 6.685 234.066
v 13.902 5.886 234.068
v 13.489 6.412 233.661
v 13.342 6.268 233.52
v 13.36 6.415 233.529
v 13.466 6.129 233.649
v 13.357 6.279 233.528
v 13.867 5.728 234.183
v 13.874 4.932 234.321
v 14.021 4.808 234.461
v 13.477 5.335 233.788
v 13.88 4.669 234.324
v 13.365 5.216 233.665
v 13.357 5.211 233.661
v 13.481 5.071 233.79
v 13.357 5.077 233.795
v 13.885 3.872 234.593
v 14.017 3.87 234.726
v 13.474 4.264 234.054
v 13.353 4.14 234.06
v 13.352 4.139 234.059
v 13.495 4.012 234.064
v 13.37 4.018 234.068
v 14.019 2.937 235.261
v 13.874 3.73 234.721
v 13.887 2.938 235.128
v 13.468 3.193 234.452
v 13.882 2.801 235.259
v 13.37 3.084 234.469
v 13.361 3.211 234.464
v 13.502 2.949 234.602
v 13.355 3.073 234.462
v 13.87 2.125 235.653
v 14.038 2.149 235.804
v 13.504 2.283 235.003
v 13.34 2.128 235.122
v 13.361 2.276 234.999
v 13.497 2.145 235.134
v 13.5 2.146 235.135
v 13.34 2.128 235.122
v 14.036 1.347 236.605
v 13.902 2.014 235.937
v 13.876 1.328 236.458
v 13.496 1.476 235.801
v 13.338 1.326 235.788
v 13.353 1.336 235.796
v 13.482 1.199 235.927
v 13.87 1.19 236.588
v 13.34 1.193 235.923
v 13.357 1.205 235.798
v 13.882 0.665 237.262
v 14.001 0.655 237.388
v 13.893 0.539 237.401
v 13.482 0.665 236.595
v 13.366 0.544 236.604
v 13.368 0.545 236.604
v 13.481 0.531 236.727
v 13.34 0.526 236.724
v 13.366 0.544 236.737
v 13.888 0.135 238.2
v 14.004 0.123 238.324
v 13.467 -0.013 237.388
v 13.359 -0.129 237.534
v 13.354 0.001 237.532
v 13.896 0.14 238.337
v 13.498 -0.125 237.671
v 13.337 -0.144 237.523
v 13.88 -0.272 239.13
v 14.025 -0.129 239.27
v 13.883 -0.269 239.265
v 13.475 -0.541 238.728
v 13.493 -0.395 238.469
v 13.356 -0.531 238.601
v 13.36 -0.529 238.469
v 13.889 -0.532 240.069
v 14.002 -0.413 240.193
v 13.885 -0.535 240.334
v 13.502 -0.923 239.676
v 13.479 -0.806 239.53
v 13.369 -0.922 239.676
v 13.342 -0.942 239.529
v 13.875 -0.676 241.13
v 14.027 -0.529 241.273
v 13.874 -0.676 241.397
v 13.475 -1.075 240.864
v 13.469 -1.079 240.594
v 13.349 -1.07 240.734
v 13.366 -1.058 240.609
v 6.927 4.796 240.995
v 6.929 4.931 240.595
v 6.956 5.484 239.941
v 6.935 6.136 239.53
v 6.959 6.954 239.408
v 6.961 7.624 239.543
v 6.958 8.422 240.075
v 6.939 8.81 240.734
v 6.409 4.273 241.537
v 6.42 4.414 242.477
v 6.41 4.941 243.273
v 6.406 5.739 243.938
v 6.394 6.666 244.066
v 6.417 7.616 243.944
v 6.394 8.401 243.532
v 6.397 8.938 242.999
v 6.406 9.344 242.336
v 6.401 9.341 241.933
v 6.42 9.488 241.542
v 10.404 14.279 241.398
v 10.399 14.81 241.663
v 13.358 14.825 241.806
v 13.334 14.808 241.795
v 13.36 14.693 242.876
v 13.349 14.685 242.87
v 13.341 14.412 244.068
v 13.357 14.424 243.943
v 13.343 14.013 245.004
v 13.348 14.017 245.006
v 13.36 13.491 245.947
v 13.362 13.493 246.081
v 13.337 12.807 246.87
v 13.349 12.816 246.876
v 13.369 12.028 247.687
v 13.347 12.013 247.676
v 13.37 11.095 248.355
v 13.352 11.082 248.346
v 13.354 10.149 248.881
v 13.347 10.01 248.878
v 13.366 9.089 249.154
v 13.364 9.088 249.287
v 13.343 8.005 249.41
v 13.368 7.889 249.422
v 13.351 6.809 249.547
v 13.366 6.819 249.555
v 13.361 5.748 249.419
v 13.36 5.747 249.418
v 13.362 4.68 249.286
v 13.338 4.663 249.14
v 13.356 3.608 248.882
v 13.345 3.6 248.877
v 13.36 2.676 248.35
v 13.336 2.526 248.338
v 13.361 1.742 247.683
v 13.343 1.73 247.674
v 13.34 0.926 246.871
v 13.366 0.944 246.884
v 13.362 0.274 246.081
v 13.352 0.133 245.943
v 13.334 -0.413 244.999
v 13.365 -0.792 243.946
v 13.355 -1.066 242.873
v 13.334 -1.214 241.795
v 13.355 -1.066 240.737
v 13.348 -0.937 239.665
v 13.354 -0.533 238.6
v 13.339 -0.142 237.525
v 13.334 -0.146 237.522
v 13.336 0.523 236.589
v 13.364 0.543 236.602
v 13.333 1.322 235.786
v 13.353 1.202 235.796
v 13.338 2.127 234.987
v 13.348 2.133 235.125
v 13.338 3.061 234.453
v 13.355 3.073 234.461
v 13.364 4.148 234.066
v 13.35 4.138 234.058
v 13.353 5.208 233.66
v 13.335 5.195 233.65
v 13.339 6.267 233.519
v 13.348 6.273 233.524
v 13.368 7.489 233.534
v 13.342 7.337 233.52
v 13.337 8.535 233.652
v 13.367 8.422 233.666
v 13.337 9.603 234.052
v 13.358 9.618 234.063
v 13.345 10.677 234.457
v 13.367 10.558 234.467
v 13.36 11.622 235.132
v 13.364 11.491 235
v 13.341 12.41 235.79
v 13.349 12.416 235.794
v 13.338 13.208 236.589
v 13.345 13.08 236.593
v 13.351 13.752 237.531
v 13.361 13.759 237.535
v 13.352 14.287 238.599
v 13.338 14.277 238.459
v 13.363 14.561 239.673
v 13.36 14.559 239.538
v 13.358 14.825 240.738
v 13.335 14.809 240.593
v 6.42 9.22 240.607
v 6.397 8.671 239.661
v 6.404 7.874 239.131
v 6.401 6.938 238.862
v 6.393 5.997 238.992
v 6.415 5.078 239.537
v 6.424 4.55 240.342
v 6.421 4.281 241.009
v 6.4 3.866 244.202
v 6.417 4.946 245.012
v 6.397 6.401 245.536
v 6.391 3.059 242.996
v 6.403 7.873 245.405
v 6.425 2.815 241.545
v 6.424 3.081 240.342
v 6.39 3.458 239.257
v 6.42 9.087 244.746
v 6.415 4.544 238.202
v 6.428 10.161 243.816
v 6.391 10.669 242.729
v 6.411 5.876 237.665
v 6.414 10.819 241.539
v 6.414 7.347 237.534
v 6.393 10.537 240.06
v 6.407 8.678 237.931
v 6.423 9.891 238.873
v 10.42 1.072 246.88
v 10.427 0.81 246.75
v 10.407 0.929 246.873
v 10.426 0.81 246.75
v 10.395 1.589 247.535
v 10.411 1.599 247.543
v 10.428 1.745 247.685
v 10.411 1.867 247.677
v 10.412 0.132 245.808
v 10.399 0.123 245.935
v 10.41 0.264 246.074
v 10.422 0.406 246.08
v 10.418 2.806 248.348
v 10.42 2.54 248.215
v 10.426 2.545 248.352
v 10.423 1.608 246.748
v 10.42 1.739 247.013
v 10.408 -0.405 244.871
v 10.404 -0.408 245.003
v 10.412 -0.269 245.007
v 10.431 -0.255 245.15
v 10.406 1.062 246.206
v 10.408 1.731 246.874
v 10.412 0.933 246.075
v 10.419 2.406 247.547
v 10.414 2.537 247.678
v 10.405 3.732 248.875
v 10.413 3.47 248.746
v 10.425 3.612 248.885
v 10.411 1.066 246.075
v 10.399 2.526 247.537
v 10.416 0.402 245.409
v 10.424 0.274 245.146
v 10.417 3.206 248.08
v 10.413 0.4 245.275
v 10.431 3.35 248.087
v 10.414 -0.801 243.806
v 10.425 -0.794 243.945
v 10.419 -0.798 244.076
v 10.414 -0.668 244.073
v 10.424 0.007 244.479
v 10.405 4.8 249.142
v 10.431 4.551 249.156
v 10.402 4.664 249.141
v 10.414 -0.134 244.206
v 10.407 4.134 248.476
v 10.409 3.467 248.21
v 10.432 0.012 244.349
v 10.414 4.272 248.479
v 10.404 -0.408 243.401
v 10.405 -0.942 242.733
v 10.398 -1.08 242.863
v 10.415 -0.934 243.005
v 10.426 -0.393 243.278
v 10.426 5.216 248.753
v 10.411 4.403 248.611
v 10.398 5.863 249.406
v 10.426 5.616 249.42
v 10.433 5.755 249.424
v 10.404 5.333 248.741
v 10.4 5.464 248.873
v 10.409 -0.538 242.468
v 10.4 -0.41 243.265
v 10.414 -0.535 242.337
v 10.422 6.147 249.017
v 10.43 -1.057 241.678
v 10.429 -1.191 241.811
v 10.428 -1.059 241.944
v 10.412 -0.536 242.203
v 10.419 6.279 248.882
v 10.42 6.947 249.417
v 10.411 6.674 249.413
v 10.402 6.801 249.541
v 10.403 -0.676 241.397
v 10.43 -0.523 241.277
v 10.425 3.078 244.88
v 10.409 7.206 249.011
v 10.424 6.416 249.018
v 10.408 -1.073 240.599
v 10.398 -1.08 240.727
v 10.402 -1.077 240.863
v 10.411 -0.67 241.134
v 10.405 7.337 248.875
v 10.421 4.677 246.079
v 10.431 8.022 249.422
v 10.413 7.876 249.413
v 10.425 8.019 249.42
v 10.405 2.13 243.268
v 10.399 -0.545 240.327
v 10.414 -0.401 240.201
v 10.397 8.266 248.871
v 10.426 7.485 249.02
v 10.416 8.413 248.747
v 10.415 -0.801 239.534
v 10.414 -0.935 239.667
v 10.429 -0.925 239.674
v 10.4 -0.544 240.061
v 10.403 9.204 249.141
v 10.419 8.549 248.749
v 10.43 8.957 249.155
v 10.421 9.084 249.15
v 10.41 6.673 246.474
v 10.404 1.862 241.531
v 10.409 -0.271 239.264
v 10.426 -0.126 239.272
v 10.429 9.223 248.62
v 10.423 9.353 248.484
v 10.429 -0.524 238.473
v 10.404 -0.541 238.594
v 10.425 -0.527 238.738
v 10.396 -0.414 238.456
v 10.401 -0.276 239.127
v 10.406 10.141 248.742
v 10.427 9.489 248.486
v 10.408 9.876 248.877
v 10.402 10.139 248.874
v 10.42 0.138 238.335
v 10.425 0.141 238.337
v 10.4 10.271 248.205
v 10.414 10.281 248.079
v 10.419 8.682 246.212
v 10.422 0.005 237.401
v 10.408 -0.005 237.527
v 10.417 -0.132 237.532
v 10.425 -0.126 237.67
v 10.423 2.275 239.538
v 10.396 11.203 248.203
v 10.423 10.421 248.083
v 10.412 10.947 248.345
v 10.421 11.087 248.349
v 10.4 0.524 237.39
v 10.396 0.12 238.189
v 10.411 0.665 237.396
v 10.397 11.07 247.67
v 10.424 11.222 247.549
v 10.427 0.676 236.603
v 10.406 0.528 236.592
v 10.433 0.547 236.739
v 10.396 0.521 236.721
v 10.398 0.656 237.256
v 10.421 12.021 247.548
v 10.415 11.883 247.679
v 10.426 12.025 247.684
v 10.434 1.215 236.606
v 10.425 1.343 236.602
v 10.399 11.872 247.003
v 10.428 11.358 247.552
v 10.401 11.873 247.004
v 10.411 12.015 246.876
v 10.429 10.291 245.149
v 10.412 3.336 237.93
v 10.414 1.335 235.795
v 10.406 1.196 235.925
v 10.426 1.209 235.934
v 10.397 1.457 235.787
v 10.422 1.341 236.467
v 10.397 1.99 235.92
v 10.429 12.828 246.751
v 10.413 12.149 246.743
v 10.396 12.672 246.868
v 10.397 12.805 246.868
v 10.412 2.135 235.794
v 10.431 12.696 246.218
v 10.401 12.675 246.203
v 10.416 12.686 246.077
v 10.403 2.128 234.988
v 10.427 2.145 235.134
v 10.432 2.148 235.136
v 10.433 2.283 235.004
v 10.427 2.145 235.668
v 10.433 2.817 235.271
v 10.403 13.477 245.803
v 10.429 12.828 246.084
v 10.427 13.361 246.083
v 10.396 13.473 245.934
v 10.429 2.947 235.268
v 10.399 13.208 245.401
v 10.41 13.215 245.273
v 10.421 11.487 243.543
v 10.42 13.223 245.145
v 10.43 5.085 236.871
v 10.43 3.215 234.468
v 10.412 3.07 234.459
v 10.428 2.947 234.6
v 10.415 3.739 234.727
v 10.405 2.931 235.123
v 10.406 3.866 234.723
v 10.426 14.028 244.88
v 10.407 13.346 245.138
v 10.404 13.878 245.136
v 10.399 14.009 245
v 10.418 13.755 244.476
v 10.408 13.748 244.337
v 10.412 13.75 244.205
v 10.403 4.265 234.054
v 10.409 4.135 234.057
v 10.416 4.007 234.06
v 10.419 4.676 234.329
v 10.404 3.864 234.588
v 10.421 4.811 234.463
v 10.427 14.429 243.813
v 10.407 13.747 244.203
v 10.412 14.285 244.072
v 10.411 14.418 243.938
v 10.403 14.011 243.4
v 10.407 14.014 243.402
v 10.406 11.877 241.532
v 10.414 5.741 234.193
v 10.405 5.067 233.788
v 10.433 4.953 234.336
v 10.412 5.339 233.791
v 10.406 5.201 233.655
v 10.405 5.868 234.188
v 10.414 7.076 236.462
v 10.424 14.293 242.476
v 10.4 14.143 243.265
v 10.412 14.685 243.004
v 10.418 14.155 242.339
v 10.407 14.682 242.734
v 10.424 14.694 242.877
v 10.396 6.663 234.05
v 10.415 6.142 233.659
v 10.402 5.866 234.053
v 10.43 6.82 234.067
v 10.42 6.413 233.662
v 10.425 6.283 233.531
v 10.427 14.295 241.276
v 10.43 14.297 242.212
v 10.43 14.832 241.945
v 10.432 14.833 241.812
v 10.433 7.757 234.069
v 10.419 6.946 234.062
v 10.43 7.889 234.201
v 10.425 14.16 240.34
v 10.399 14.276 241.128
v 10.433 7.49 233.668
v 10.404 7.336 233.52
v 10.407 7.205 233.655
v 10.425 14.16 240.207
v 10.415 11.483 239.668
v 10.432 14.7 240.611
v 10.397 14.675 240.86
v 10.401 14.812 240.729
v 10.431 8.824 234.468
v 10.417 8.013 234.194
v 10.433 8.825 234.336
v 10.427 8.954 237.003
v 10.417 14.022 239.268
v 10.411 14.15 240.066
v 10.397 13.874 239.124
v 10.43 8.69 233.8
v 10.432 8.557 233.667
v 10.428 8.421 233.799
v 10.41 14.55 239.531
v 10.426 14.562 239.673
v 10.414 14.553 239.533
v 10.412 9.878 234.726
v 10.414 9.079 234.326
v 10.398 9.735 234.585
v 10.43 13.496 238.34
v 10.421 13.624 238.335
v 10.428 13.895 239.14
v 10.403 13.477 238.193
v 10.424 10.822 235.266
v 10.432 9.625 234.068
v 10.412 9.478 234.058
v 10.418 10.684 235.129
v 10.429 10.024 234.734
v 10.409 9.609 234.057
v 10.41 12.948 237.395
v 10.427 10.557 238.205
v 10.404 12.944 237.259
v 10.398 13.073 237.389
v 10.433 13.499 238.208
v 10.414 14.153 238.466
v 10.422 14.292 238.736
v 10.425 14.294 238.471
v 10.427 11.625 235.801
v 10.429 12.427 236.603
v 10.425 11.49 235.801
v 10.423 10.954 235.265
v 10.408 11.478 235.658
v 10.398 12.272 236.455
v 10.421 11.754 235.932
v 10.403 12.41 236.591
v 10.413 12.95 237.263
v 10.428 12.293 236.47
v 10.431 10.693 234.602
v 10.42 10.418 234.463
v 10.416 13.754 237.665
v 10.425 10.555 234.465
v 10.406 13.613 237.393
v 10.428 13.762 237.538
v 10.396 11.336 234.985
v 10.432 11.628 235.136
v 10.423 12.957 236.601
v 10.405 13.212 236.725
v 10.423 11.489 234.998
v 10.425 12.291 235.8
v 10.404 12.41 235.923
v 10.4 13.075 236.589
v 10.411 12.415 235.793
v 7.36 1.881 241.545
v 7.338 2.266 239.665
v 7.362 3.218 238.074
v 7.341 4.538 236.996
v 7.328 6.131 236.588
v 7.346 7.612 236.598
v 7.334 9.206 237.125
v 7.332 10.54 238.059
v 7.361 11.495 239.542
v 7.348 11.753 240.604
v 7.352 11.889 241.541
v 7.328 11.472 243.398
v 7.358 10.425 245.015
v 7.354 8.953 246.081
v 7.362 7.223 246.486
v 7.326 5.329 246.335
v 7.348 3.742 245.544
v 7.343 2.67 244.34
v 7.36 2.148 243.147
v 7.328 1.858 242.33
v 12.149 12.683 246.075
v 13.894 12.69 246.08
v 12.142 12.412 236.592
v 13.888 12.419 236.597
v 12.137 12.007 246.871
v 13.902 12.028 246.886
v 12.156 11.62 235.798
v 13.903 11.628 235.804
v 13.877 11.209 247.54
v 13.901 10.826 235.269
v 13.894 9.886 234.731
v 13.872 8.803 234.453
v 13.887 7.879 234.194
v 13.895 6.815 234.064
v 13.893 5.879 234.196
v 13.872 4.797 234.453
v 13.903 3.884 234.736
v 13.871 2.927 235.253
v 13.901 2.147 235.803
v 13.896 1.342 236.602
v 13.887 0.668 237.398
v 13.892 0.138 238.335
v 13.895 -0.127 239.271
v 13.873 -0.409 240.195
v 13.883 -0.536 241.268
v 13.883 -0.536 242.336
v 13.873 -0.41 243.266
v 13.896 0.007 244.345
v 13.9 0.411 245.282
v 13.88 1.064 246.073
v 13.891 1.739 246.88
v 13.885 2.536 247.545
v 13.887 3.339 248.079
v 13.901 4.283 248.487
v 13.905 5.354 248.756
v 13.873 6.266 248.874
v 13.867 7.331 248.871
v 13.901 8.422 248.754
v 13.889 9.348 248.481
v 13.879 10.276 248.076
v -31.524 6.667 244.067
v -31.494 7.355 248.488
v -31.507 6.678 248.481
v -31.238 8.282 244.076
v -30.839 8.948 248.481
v -31.39 8.002 248.473
v -30.441 9.481 244.074
v -30.041 9.881 248.48
v -29.223 10.427 244.082
v -28.711 10.545 248.477
v -27.762 10.822 244.078
v -27.251 10.806 248.473
v -26.316 10.539 244.067
v -25.769 10.415 248.48
v -24.976 9.875 244.069
v -24.577 9.473 248.475
v -24.155 8.954 244.08
v -23.768 8.277 248.479
v -23.631 8.013 244.075
v -23.514 7.333 244.066
v -23.509 6.669 248.475
v -23.487 6.685 244.08
v -23.501 5.874 248.479
v -23.762 5.21 244.076
v -23.888 4.949 248.486
v -24.559 3.878 244.078
v -24.832 3.607 248.481
v -25.885 2.95 244.083
v -26.183 2.795 248.473
v -27.378 2.666 244.07
v -27.62 2.683 248.489
v -28.833 2.942 244.077
v -29.115 2.932 248.476
v -30.166 3.612 244.078
v -30.443 3.871 248.479
v -31.102 4.945 244.077
v -31.243 5.208 248.48
v -31.525 5.865 244.066
v -19.896 12.683 244.073
v -22.577 14.545 244.067
v -18.285 10.153 244.077
v -25.632 15.357 244.075
v -17.625 6.943 244.073
v -17.756 5.342 244.074
v -28.699 14.959 244.077
v -19.755 1.339 244.076
v -18.287 3.742 244.076
v -31.386 13.613 244.069
v -33.131 11.737 244.064
v -22.161 -0.665 244.075
v -34.047 9.881 244.074
v -34.599 8.133 244.065
v -25.358 -1.595 244.079
v -25.623 -1.594 244.08
v -34.329 0.257 244.066
v -33.912 -1.601 244.075
v -19.488 12.288 248.482
v -21.768 14.15 248.478
v -24.443 15.215 248.475
v -18.161 9.745 248.478
v -27.372 15.354 248.479
v -30.054 14.412 248.474
v -18.156 4.141 248.481
v -17.641 6.931 248.471
v -19.483 1.61 248.485
v -32.461 12.673 248.472
v -22.012 -0.521 248.489
v -33.795 10.538 248.472
v -34.578 8.147 248.481
v -25.376 -1.607 248.476
v -25.913 -1.743 248.474
v -26.563 -1.864 248.483
v -27.371 -2.67 248.48
v -34.32 0.263 248.477
v -28.035 -4.804 248.482
v -27.905 -3.605 248.48
v -30.575 -14.019 248.48
v -26.986 -12.428 248.472
v -24.852 -20.04 248.471
v -24.831 -27.503 248.481
v -19.243 -31.121 248.471
v -20.179 -38.332 248.471
v -13.766 -42.068 248.473
v -18.429 -45.533 248.478
v -12.148 -51.137 248.481
v -17.907 -52.884 248.472
v -12.152 -52.875 248.479
v -12.153 -51.274 248.478
v -12.162 -51.146 248.473
v -25.636 -1.602 239
v -33.9 -1.593 239.006
v -30.558 -14.007 234.469
v -24.848 -27.514 234.453
v -34.328 0.257 238.993
v -34.324 0.26 234.455
v -28.035 -4.804 234.462
v -27.923 -3.751 234.451
v -27.376 -2.674 234.458
v -26.452 -1.88 234.452
v -25.918 -1.613 234.453
v -25.382 -1.611 234.454
v -25.368 -1.602 239
v -24.83 -20.025 234.462
v -19.23 -31.112 234.459
v -26.987 -12.429 234.452
v -13.763 -42.066 234.455
v -12.144 -51.134 234.463
v -13.488 -57.816 244.606
v -18.015 -57.94 243.544
v -13.491 -57.951 243.537
v -13.359 -57.418 245.672
v -17.884 -57.542 245.412
v -12.952 -56.345 247.144
v -17.884 -56.607 246.881
v -12.548 -54.741 248.214
v -17.905 -55.286 247.939
v -17.765 -53.813 248.476
v -20.159 -38.318 234.461
v -18.437 -45.538 234.454
v -17.885 -52.869 234.463
v -17.762 -53.811 234.592
v -24.422 9.488 239.006
v -19.482 12.292 239.005
v -21.781 14.141 238.991
v -25.77 10.414 238.999
v -24.437 15.219 238.998
v -27.372 15.354 238.999
v -23.777 8.137 238.994
v -18.141 9.759 239.008
v -27.387 10.804 238.992
v -30.026 14.431 239.008
v -23.502 6.674 238.999
v -18.154 4.142 239.002
v -17.618 6.948 239.003
v -28.958 10.559 239.007
v -23.761 5.077 239.002
v -19.5 1.598 238.996
v -32.452 12.68 238.997
v -30.293 9.624 239.007
v -24.708 3.733 238.996
v -22.023 -0.529 239.004
v -26.032 2.94 239.002
v -33.773 10.553 239.003
v -31.251 8.273 238.996
v -34.563 8.158 239.009
v -31.508 6.678 239.001
v -31.259 5.196 238.992
v -27.633 2.674 239.002
v -29.235 3.075 239.002
v -30.56 4.017 239.008
v -34.577 8.148 234.462
v -19.898 12.682 234.458
v -24.952 9.892 234.468
v -22.565 14.554 234.46
v -18.294 10.146 234.459
v -24.175 8.94 234.456
v -23.648 8.001 234.453
v -26.297 10.552 234.463
v -25.632 15.357 234.462
v -17.628 6.941 234.458
v -23.509 7.337 234.455
v -17.756 5.342 234.461
v -23.505 6.672 234.457
v -27.758 10.825 234.467
v -28.699 14.96 234.464
v -19.76 1.336 234.46
v -23.758 5.213 234.464
v -18.291 3.739 234.461
v -29.246 10.411 234.457
v -31.362 13.63 234.468
v -24.581 3.863 234.453
v -30.428 9.49 234.467
v -33.098 11.76 234.467
v -22.154 -0.66 234.465
v -25.921 2.924 234.451
v -34.036 9.888 234.466
v -31.242 8.28 234.461
v -31.515 6.673 234.458
v -31.495 5.886 234.468
v -27.389 2.658 234.451
v -28.855 2.927 234.452
v -30.173 3.607 234.461
v -31.108 4.941 234.461
v -12.164 -52.883 234.453
v -12.153 -51.274 234.458
v -12.149 -51.137 234.461
v -18.039 -57.957 239.527
v -17.891 -55.544 235.261
v -17.881 -56.872 236.602
v -18.043 -57.693 237.923
v -13.477 -57.942 239.538
v -12.534 -54.732 234.869
v -13.482 -57.811 238.467
v -13.339 -57.404 237.404
v -12.945 -56.341 235.932
v -27.245 7.072 244.204
v -27.507 6.674 244.473
v -27.762 7.484 244.078
v -27.502 7.479 244.075
v -27.223 7.488 244.081
v -26.975 7.341 244.071
v -27.091 6.819 244.214
v -26.826 7.085 244.079
v -26.712 6.804 244.069
v -27.096 6.682 244.211
v -26.688 6.553 244.081
v -26.828 6.282 244.078
v -26.98 6.135 244.069
v -27.09 6.019 244.081
v -27.235 6.01 244.075
v -26.163 6.147 244.077
v -26.024 6.685 244.08
v -26.45 5.599 244.067
v -26.04 7.207 244.071
v -26.956 5.351 244.081
v -27.238 5.207 244.073
v -26.319 7.599 244.065
v -27.632 5.212 244.077
v -27.509 5.872 244.072
v -26.693 8.019 244.079
v -27.777 6.005 244.071
v -28.159 5.35 244.08
v -27.257 8.132 244.064
v -28.033 6.146 244.076
v -27.639 8.144 244.073
v -28.707 5.741 244.073
v -28.158 6.419 244.081
v -27.908 8.143 244.072
v -27.888 7.356 244.082
v -28.04 8.144 244.073
v -28.977 6.14 244.072
v -28.315 6.669 244.069
v -28.57 7.747 244.075
v -28.17 7.212 244.074
v -28.959 6.686 244.081
v -28.298 6.949 244.078
v -28.844 7.341 244.071
v -27.894 6.551 244.213
v -27.889 6.821 244.215
v -26.579 4.4 245.004
v -25.752 4.952 245.017
v -25.239 5.738 245.006
v -24.954 6.552 245.015
v -25.105 7.475 245.006
v -25.637 8.277 245.007
v -26.299 8.949 245.01
v -26.964 9.218 245.011
v -27.651 9.204 245.002
v -28.037 9.081 245.009
v -28.433 9.084 245.011
v -29.225 8.556 245.016
v -29.773 7.746 245.009
v -30.037 6.813 245.011
v -29.92 5.867 245.002
v -29.393 5.061 244.999
v -28.575 4.538 245.007
v -27.656 4.26 244.999
v -27.086 4.285 245.017
v -25.78 4.932 248.073
v -26.569 4.407 248.079
v -25.226 5.748 248.084
v -24.96 6.681 248.083
v -25.084 7.623 248.088
v -25.644 8.406 248.075
v -26.446 8.94 248.075
v -27.386 9.203 248.072
v -27.908 9.211 248.078
v -28.44 9.079 248.079
v -29.237 8.548 248.081
v -29.77 7.747 248.081
v -30.054 6.801 248.073
v -29.911 5.873 248.078
v -29.357 5.086 248.088
v -28.567 4.41 248.082
v -27.651 4.264 248.073
v -27.117 4.264 248.073
v -26.021 6.553 248.087
v -26.961 5.348 248.084
v -26.576 7.874 248.076
v -28.443 5.605 248.077
v -28.031 8.017 248.083
v -28.967 6.948 248.082
v -26.969 5.342 245.543
v -26.02 6.554 245.55
v -26.589 7.865 245.533
v -28.05 8.003 245.537
v -28.96 6.953 245.549
v -28.443 5.605 245.54
v -24.282 9.093 241.012
v -24.299 9.214 241.537
v -24.715 8.802 241.53
v -24.559 8.818 240.873
v -24.181 8.802 240.461
v -24.44 8.541 240.332
v -23.889 8.553 239.94
v -24.152 8.022 239.808
v -23.774 8.006 239.663
v -23.915 7.466 239.526
v -23.645 7.469 239.394
v -23.9 6.809 239.4
v -23.493 6.814 239.403
v -23.906 6.137 239.531
v -23.499 6.142 239.401
v -23.638 5.604 239.665
v -24.034 5.607 239.8
v -23.918 5.061 239.925
v -24.311 5.066 240.196
v -24.048 4.663 240.461
v -24.42 4.817 240.743
v -24.151 4.418 241.011
v -24.555 4.682 241.142
v -24.292 4.412 241.541
v -24.563 4.676 241.539
v -31.523 7.201 239.394
v -31.493 6.688 239.409
v -31.114 6.673 239.398
v -31.092 7.356 239.543
v -31.388 7.736 239.528
v -30.982 7.874 239.798
v -31.235 8.284 239.939
v -30.717 8.273 240.197
v -30.963 8.688 240.342
v -30.566 8.686 240.874
v -30.833 8.953 240.74
v -30.428 8.689 241.143
v -30.724 9.069 241.396
v -30.446 8.81 241.535
v -30.848 8.943 241.935
v -30.582 8.674 242.201
v -30.989 8.67 242.598
v -30.721 8.404 242.733
v -31.238 8.149 243.142
v -30.977 7.877 243.139
v -31.383 7.473 243.536
v -31.112 7.342 243.539
v -31.129 6.93 243.53
v -31.498 6.685 243.679
v -31.121 6.668 243.667
v -27.517 4.665 241.531
v -30.568 4.812 240.472
v -30.429 4.683 241.009
v -30.302 4.544 241.54
v -27.504 8.813 241.537
v -28.698 6.682 239.404
v -30.993 5.864 239.526
v -30.839 5.344 239.936
v -27.489 6.687 239.408
v -26.309 6.805 239.397
v -26.434 8.547 242.606
v -26.989 8.8 242.062
v -24.554 8.822 242.211
v -25.895 8.15 243.142
v -24.441 8.54 242.601
v -25.63 7.748 243.408
v -24.162 8.015 243.275
v -25.491 7.218 243.545
v -23.907 7.339 243.536
v -25.355 6.685 243.68
v -23.894 6.814 243.676
v -23.904 6.273 243.537
v -25.501 6.142 243.54
v -24.048 5.598 243.265
v -24.306 5.07 242.735
v -25.765 5.477 243.274
v -24.444 4.8 242.199
v -26.431 4.944 242.607
v -24.566 4.674 241.938
v -28.578 8.542 242.602
v -29.236 7.881 243.275
v -29.507 7.344 243.54
v -29.644 6.674 243.672
v -31.116 5.871 243.537
v -31.094 6.286 243.547
v -29.518 6.134 243.534
v -30.847 5.471 243.27
v -29.37 5.744 243.408
v -30.572 4.943 242.607
v -29.113 5.336 243.136
v -30.424 4.686 242.213
v -28.58 4.936 242.601
v -28.054 4.663 242.063
v -27.504 4.674 247.545
v -26.685 4.82 247.554
v -26.039 5.205 247.544
v -25.49 5.883 247.551
v -25.372 6.674 247.543
v -25.515 7.468 247.539
v -25.89 8.153 247.551
v -26.56 8.686 247.55
v -27.11 8.809 247.542
v -27.492 8.821 247.551
v -28.297 8.685 247.549
v -28.981 8.139 247.541
v -29.382 7.605 247.541
v -29.645 6.807 247.543
v -29.502 6.012 247.548
v -29.116 5.335 247.54
v -28.693 4.95 247.552
v -28.163 4.68 247.55
v -27.784 4.665 247.539
v -31.496 6.152 243.68
v -31.363 5.618 243.413
v -31.096 5.084 243.146
v -30.995 4.66 242.729
v -30.708 4.407 242.205
v -30.694 4.284 241.678
v -30.719 4.266 241.131
v -30.836 4.544 240.338
v -31.125 5.064 239.794
v -31.382 5.872 239.532
v -27.49 4.15 248.087
v -26.564 4.277 248.082
v -25.649 4.798 248.072
v -25.091 5.749 248.084
v -24.968 6.676 248.079
v -25.104 7.609 248.078
v -25.621 8.422 248.086
v -26.433 9.082 248.081
v -26.979 9.208 248.075
v -27.521 9.335 248.071
v -28.583 9.072 248.074
v -29.356 8.558 248.088
v -29.896 7.753 248.085
v -30.04 6.811 248.08
v -29.91 5.874 248.078
v -29.507 5.074 248.079
v -28.98 4.535 248.076
v -28.321 4.262 248.071
v -27.898 4.144 248.083
v -29.905 4.142 248.081
v -30.704 5.211 248.082
v -28.832 3.477 248.083
v -30.96 6.42 248.087
v -27.521 3.193 248.071
v -26.713 3.331 248.074
v -30.853 7.737 248.074
v -25.904 3.604 248.078
v -30.327 8.799 248.07
v -24.853 4.393 248.07
v -29.51 9.612 248.078
v -28.725 10.001 248.07
v -24.154 5.617 248.085
v -28.021 10.16 248.088
v -27.629 10.154 248.084
v -24.049 6.932 248.071
v -26.318 10.004 248.072
v -24.288 8.153 248.085
v -25.095 9.351 248.083
v -28.967 2.942 247.549
v -27.38 2.664 247.54
v -30.186 3.731 247.54
v -31.097 4.949 247.551
v -31.511 6.409 247.545
v -31.368 7.884 247.55
v -30.701 9.085 247.549
v -29.789 10.004 247.538
v -28.851 10.407 247.539
v -28.189 10.67 247.537
v -27.621 10.693 247.553
v -26.179 10.408 247.54
v -24.838 9.611 247.543
v -23.884 8.423 247.553
v -23.505 6.939 247.542
v -23.631 5.476 247.546
v -24.447 4.13 247.539
v -25.654 3.192 247.536
v -26.579 2.798 247.54
v -30.693 9.09 235.536
v -29.764 10.022 235.534
v -28.859 10.401 235.519
v -31.367 7.884 235.533
v -28.164 10.687 235.532
v -27.648 10.675 235.524
v -31.502 6.415 235.533
v -30.166 3.745 235.533
v -31.12 4.933 235.523
v -28.978 2.935 235.526
v -27.372 2.67 235.528
v -24.441 4.134 235.525
v -25.635 3.205 235.529
v -26.587 2.793 235.52
v -23.64 5.47 235.525
v -23.509 6.936 235.524
v -23.904 8.409 235.526
v -24.85 9.602 235.52
v -24.158 4.413 242.075
v -26.166 10.417 235.53
v -24.02 4.682 242.611
v -23.916 5.062 242.997
v -23.648 5.597 243.398
v -23.481 6.155 243.682
v -23.643 7.47 243.668
v -23.492 6.815 243.677
v -23.749 8.023 243.414
v -23.894 8.416 243.008
v -24.288 9.088 242.077
v -24.18 8.803 242.598
v -27.625 10.157 235.001
v -28.423 10.159 235.003
v -29.119 9.739 234.988
v -30.171 8.949 234.996
v -30.841 7.879 234.995
v -30.962 6.553 235.001
v -30.704 5.211 234.997
v -29.925 4.127 234.986
v -28.69 3.483 235.003
v -27.502 3.207 234.996
v -26.57 3.338 234.994
v -25.91 3.6 234.99
v -24.844 4.399 234.989
v -24.159 5.614 234.998
v -24.039 6.939 234.991
v -24.286 8.289 235.002
v -25.093 9.352 234.998
v -26.312 10.008 234.99
v -31.919 6.804 239.53
v -31.371 6.146 239.136
v -31.894 6.288 239.542
v -31.894 7.222 239.542
v -31.384 7.072 238.996
v -31.919 7.872 239.797
v -31.372 8.015 239.269
v -31.929 8.533 240.326
v -31.369 8.818 239.938
v -31.927 8.801 241.128
v -31.381 9.21 240.733
v -31.917 8.808 241.801
v -31.385 9.341 241.666
v -31.9 8.553 242.61
v -31.368 9.085 242.609
v -31.898 8.02 243.145
v -31.379 8.544 243.405
v -31.893 7.357 243.415
v -31.38 8.009 243.671
v -31.373 7.48 243.942
v -31.929 5.595 239.925
v -31.91 5.075 240.469
v -31.919 4.801 241.265
v -31.921 4.933 241.932
v -31.907 5.744 243.141
v -31.905 5.211 242.608
v -31.917 6.939 243.536
v -31.906 6.413 243.542
v 9.622 8.017 243.677
v 9.616 7.479 243.941
v 9.602 8.537 243.4
v 9.63 9.091 242.613
v 9.625 9.355 241.676
v 9.603 9.205 240.73
v 9.63 8.824 239.943
v 9.623 8.018 239.271
v 9.611 7.075 238.999
v 9.619 6.146 239.136
v -31.387 6.535 243.935
v -31.369 5.614 243.677
v -31.365 4.948 243.145
v -31.392 4.529 242.33
v -31.38 4.404 241.402
v -31.376 4.541 240.603
v -31.359 4.953 239.944
v -31.387 5.467 239.395
v -31.395 5.863 239.258
v 10.148 7.744 243.272
v 10.15 7.345 243.407
v 10.146 8.144 243.004
v 10.13 8.667 242.329
v 10.159 8.821 241.676
v 10.156 8.685 240.873
v 10.136 8.404 240.196
v 10.16 7.753 239.807
v 10.159 7.084 239.539
v 10.132 6.265 239.526
v 9.597 5.863 239.259
v 9.612 5.473 239.4
v 9.61 4.938 239.933
v 9.615 4.541 240.603
v 9.627 4.415 241.41
v 9.596 4.528 242.329
v 9.608 4.937 243.136
v 9.603 5.601 243.668
v 9.61 6.54 243.938
v 10.142 5.604 239.932
v 10.159 5.082 240.474
v 10.128 4.793 241.126
v 10.149 4.942 241.938
v 10.149 5.208 242.605
v 10.129 5.595 243.129
v 10.155 6.147 243.41
v 10.158 6.684 243.545
v 10.13 7.064 243.53
v -19.077 -0.122 235.002
v -20.161 -1.068 236.463
v -19.769 -0.807 235.524
v -20.035 -0.94 236.059
v -20.145 -1.057 236.204
v -18.421 0.537 234.863
v -16.698 3.466 234.856
v -16.538 3.885 239.81
v -17.508 1.991 234.852
v -16.434 4.665 239.128
v -16.685 3.475 240.604
v -16.148 6.281 234.865
v -16.291 5.206 238.999
v -16.142 5.884 238.873
v -16.817 3.209 241.673
v -20.173 -1.076 246.471
v -16.14 6.287 238.874
v -19.903 -0.941 247.274
v -20.149 -1.059 246.884
v -16.705 3.461 242.597
v -19.615 -0.659 247.685
v -19.224 -0.265 247.947
v -18.817 0.14 248.217
v -16.543 4.015 243.413
v -18.416 0.541 248.218
v -16.298 4.801 243.936
v -16.964 2.932 248.209
v -16.146 5.882 244.078
v -16.431 4.534 248.209
v -16.158 6.274 244.072
v -16.143 6.284 248.219
v -16.16 7.875 234.725
v -16.151 7.881 234.863
v -16.274 7.888 234.601
v -16.295 7.874 234.591
v -16.436 7.869 234.454
v -16.553 5.343 234.462
v -17.231 2.933 234.457
v -18.692 0.802 234.461
v -18.575 0.657 234.586
v -18.439 0.658 234.587
v -18.408 0.546 234.736
v -16.421 5.342 234.595
v -16.295 5.337 234.724
v -17.085 2.808 234.596
v -17.08 2.811 234.732
v -16.16 6.673 238.864
v -16.841 10.402 235.386
v -16.168 7.602 239.127
v -16.41 9.222 235.001
v -16.288 8.413 239.668
v -17.631 12.146 236.459
v -16.301 9.071 240.462
v -18.576 13.207 237.789
v -18.964 13.75 239.131
v -16.42 9.215 241.404
v -16.164 6.67 244.069
v -19.227 14.02 240.468
v -16.145 7.752 243.812
v -16.151 7.881 248.215
v -16.146 7.217 244.078
v -19.245 14.007 242.462
v -16.414 9.086 242.342
v -16.298 8.673 243.268
v -16.546 10.021 247.817
v -19.084 13.893 243.277
v -18.974 13.743 244.066
v -17.35 11.755 246.881
v -18.275 13.097 245.551
v -17.63 6.272 238.863
v -17.619 5.879 238.869
v -17.639 6.666 238.859
v -17.886 4.944 239.136
v -18.017 4.145 239.671
v -18.31 3.592 240.459
v -18.443 3.326 241.261
v -18.418 3.477 242.075
v -18.304 3.731 242.866
v -18.041 4.262 243.531
v -17.878 4.949 243.946
v -17.762 5.338 244.072
v -17.624 5.875 244.074
v -17.634 6.269 244.069
v -17.615 6.682 244.078
v -16.142 7.888 248.353
v -16.279 7.885 248.485
v -16.271 7.891 248.489
v -16.421 7.879 248.48
v -16.563 5.336 248.476
v -17.213 2.945 248.485
v -18.707 0.791 248.473
v -18.575 0.657 248.472
v -16.417 5.345 248.483
v -17.081 2.81 248.351
v -18.426 0.667 248.479
v -18.437 0.526 248.341
v -17.093 2.802 248.478
v -20.294 -1.067 246.477
v -20.424 -1.065 246.88
v -20.424 -1.065 246.479
v -20.306 -1.076 247.139
v -19.907 -0.677 247.806
v -19.23 -0.003 248.344
v -20.421 -1.063 236.466
v -20.296 -1.069 236.462
v -18.971 0.259 234.588
v -19.379 -0.147 234.718
v -19.765 -0.537 235.126
v -20.168 -0.806 235.525
v -20.283 -1.06 235.935
v -18.309 2.926 234.452
v -19.899 0.798 234.458
v -17.473 5.353 234.469
v -17.374 7.866 234.452
v -19.075 13.765 238.875
v -19.355 14.023 239.67
v -18.577 13.073 237.389
v -17.637 11.741 235.923
v -16.951 10.018 234.863
v -19.233 14.016 239.931
v -19.344 14.031 240.476
v -19.364 14.017 240.467
v -16.809 10.291 235.135
v -19.343 14.032 242.48
v -19.364 14.017 242.469
v -16.827 9.477 248.344
v -17.237 10.94 247.672
v -17.886 12.154 246.747
v -18.547 13.227 245.548
v -19.209 13.765 244.216
v -17.609 7.755 243.948
v -17.741 8.557 243.414
v -17.893 9.078 242.604
v -18.025 9.346 241.67
v -18.027 9.345 240.868
v -17.895 8.943 240.2
v -17.751 8.417 239.537
v -17.636 7.736 239.127
v -17.643 7.197 238.99
v -22.316 -0.413 236.454
v -21.746 -0.121 235.537
v -22.146 -0.388 235.938
v -22.177 -0.409 236.189
v -20.963 0.401 234.994
v -20.01 1.081 234.87
v -18.819 2.542 234.864
v -18.022 4.408 234.862
v -22.306 -0.407 246.473
v -17.638 6.266 234.854
v -22.038 -0.272 247.141
v -22.178 -0.41 246.87
v -21.763 -0.133 247.412
v -21.233 0.131 247.81
v -20.687 0.54 248.083
v -20.44 0.793 248.207
v -20.038 1.061 248.208
v -18.832 2.533 248.21
v -18.033 4.401 248.209
v -17.628 6.273 248.211
v -18.276 2.949 248.488
v -19.888 0.806 248.483
v -17.488 5.343 248.481
v -17.342 7.888 248.487
v -20.415 0.276 248.486
v -20.958 -0.264 248.215
v -21.499 -0.67 247.677
v -22.016 -0.924 247.018
v -21.889 -0.795 247.282
v -22.169 -0.938 246.474
v -22.181 -0.946 236.455
v -22.026 -0.931 235.931
v -22.179 -0.945 236.189
v -21.64 -0.674 235.39
v -20.686 0.006 234.732
v -17.508 7.866 234.585
v -17.606 7.89 234.603
v -17.629 7.875 234.725
v -17.626 7.877 234.86
v -20.044 1.057 234.719
v -20.04 1.06 234.588
v -19.882 0.943 234.6
v -17.614 5.348 234.599
v -18.444 2.925 234.585
v -20.944 14.033 239.276
v -21.217 14.162 240.475
v -20.568 13.615 238.196
v -19.498 12.682 236.728
v -18.545 11.359 235.535
v -17.767 9.741 234.856
v -21.247 14.141 242.462
v -20.953 14.026 243.678
v -20.565 13.751 244.606
v -19.646 12.805 246.067
v -18.704 11.608 247.406
v -17.879 9.889 248.219
v -18.301 10.008 235.257
v -17.906 8.936 234.987
v -18.964 11.346 236.06
v -19.883 12.425 237.136
v -20.71 13.075 238.325
v -21.106 13.478 239.395
v -21.348 13.63 240.476
v -17.619 7.881 248.215
v -21.364 13.618 242.471
v -18.03 9.476 247.943
v -21.22 13.626 243.143
v -18.687 10.819 247.414
v -21.102 13.481 243.803
v -19.496 11.882 246.476
v -20.561 13.086 245.009
v -17.475 7.889 248.488
v -17.633 7.871 248.475
v -17.618 7.882 248.349
v -19.892 0.936 248.481
v -20.037 1.062 248.475
v -20.033 1.064 248.343
v -17.618 5.345 248.483
v -17.774 5.33 248.338
v -18.417 2.944 248.484
v -18.57 3.063 248.34
v -22.433 -0.536 246.476
v -22.295 -0.933 246.478
v -21.749 -0.39 247.819
v -20.422 0.539 248.349
v -20.575 0.391 248.34
v -20.977 0.257 248.205
v -21.239 -0.007 248.074
v -22.044 -0.543 247.538
v -22.157 -0.529 247.415
v -22.316 -0.681 247.135
v -22.309 -0.675 247.005
v -22.426 -0.664 246.479
v -22.438 -0.806 246.473
v -22.303 -0.939 246.474
v -22.282 -0.523 236.471
v -22.413 -0.522 236.472
v -22.433 -0.669 236.462
v -22.427 -0.798 236.465
v -22.295 -0.933 236.464
v -22.45 -0.681 236.186
v -22.315 -0.68 235.92
v -22.279 -0.655 235.804
v -22.04 -0.541 235.524
v -21.776 -0.409 235.388
v -21.373 -0.141 234.989
v -20.979 0.256 234.719
v -17.902 9.072 234.722
v -18.275 10.293 235.136
v -18.683 10.955 235.533
v -19.347 12.16 236.336
v -20.031 12.816 237.129
v -20.685 13.359 238.07
v -21.083 13.761 238.872
v -21.362 13.886 239.801
v -21.489 13.758 240.472
v -21.492 13.889 240.471
v -21.503 14.015 240.465
v -21.374 14.145 240.463
v -21.222 14.158 240.472
v -18.159 9.88 234.994
v -18.808 11.362 235.671
v -19.768 12.546 236.86
v -20.701 13.481 238.196
v -21.212 13.898 239.275
v -21.378 14.143 242.464
v -21.353 14.027 242.476
v -21.482 13.896 242.479
v -21.513 13.741 242.463
v -21.506 13.746 242.466
v -20.971 13.613 244.47
v -20.033 12.814 245.94
v -19.081 11.758 247.15
v -18.306 10.271 247.939
v -17.765 8.541 248.343
v -21.483 13.762 242.879
v -21.506 13.88 242.867
v -21.354 13.892 243.41
v -21.211 13.766 243.816
v -20.689 13.49 244.878
v -19.611 12.429 246.485
v -18.695 11.214 247.41
v -18.034 9.607 248.208
v -21.365 14.152 242.737
v -18.943 -27.493 302.296
v -21.108 -25.11 302.282
v -19.099 -27.642 301.084
v -19.499 -28.043 299.882
v -22.951 -24.691 298.824
v -19.887 -28.434 298.82
v -22.847 -21.774 302.28
v -24.04 -16.694 302.285
v -25.109 -18.965 298.813
v -20.818 -4.933 302.293
v -22.442 -4.814 298.811
v -23.501 -10.816 302.287
v -25.094 -11.611 298.82
v -9.893 1.994 302.282
v -11.35 3.07 298.816
v -15.877 -0.392 302.294
v -17.498 0.262 298.813
v 1.99 -0.009 302.282
v 0 2.537 298.816
v -3.479 1.997 302.284
v -5.217 3.598 298.811
v 3.859 0.525 298.81
v 5.734 -2.809 302.284
v 5.888 -2.661 301.093
v 6.128 -2.413 299.877
v 6.657 -1.882 298.807
v -24.018 -12.673 301.094
v -24.558 -12.544 299.889
v -19.11 -2.682 301.078
v -19.486 -2.398 299.888
v -9.082 2.268 301.085
v -9.201 2.812 299.89
v -19.512 -28.052 304.682
v -19.378 -29.12 305.617
v -19.895 -28.44 305.759
v -18.694 -29.642 305.224
v -19.244 -29.253 299.075
v -18.569 -29.782 299.612
v -18.407 -28.427 303.632
v -18.141 -30.029 304.433
v -19.085 -27.633 303.494
v -18.029 -29.51 303.621
v -17.611 -30.433 302.428
v -17.765 -30.314 303.486
v -18.443 -28.452 300.944
v -18.042 -29.52 300.944
v -17.887 -30.172 300.421
v -17.628 -30.445 301.351
v -22.315 -25.648 305.751
v -24.313 -21.772 305.753
v -25.385 -16.568 305.751
v -24.831 -10.412 305.761
v -22.042 -4.28 305.754
v -16.949 0.54 305.764
v -10.129 3.351 305.769
v 2.942 1.205 305.762
v -2.82 3.327 305.751
v 6.686 -1.862 305.765
v 6.124 -2.416 304.682
v 5.874 -2.671 303.489
v -24.57 -12.553 304.69
v -24.046 -12.693 303.483
v -19.482 -2.395 304.697
v -19.091 -2.669 303.491
v -9.222 2.798 304.687
v -9.079 2.27 303.49
v 7.482 -2.534 305.495
v 8.027 -3.327 304.966
v 7.348 -2.4 298.952
v 7.894 -3.06 299.359
v 7.76 -3.727 303.631
v 8.414 -3.871 304.158
v 8.672 -4.144 303.086
v 8.662 -4.284 302.013
v 6.677 -3.337 303.624
v 7.742 -3.74 300.952
v 8.549 -4.003 301.088
v 8.27 -3.611 300.014
v 6.681 -3.334 300.955
v -22.445 -25.645 298.542
v -20.019 -28.567 298.554
v -20.015 -28.564 298.689
v -24.435 -21.631 298.549
v -25.64 -16.426 298.547
v -24.975 -10.152 298.546
v -22.04 -4.012 298.545
v -16.973 0.79 298.541
v -10.029 3.461 298.542
v -2.683 3.463 298.543
v 2.954 1.213 298.558
v 6.811 -1.735 298.55
v 6.817 -1.73 298.687
v -25.381 -12.426 298.677
v -20.028 -1.735 298.683
v -20.018 -1.729 298.688
v -9.351 3.601 298.68
v -9.348 3.604 298.682
v -19.612 -29.096 306.034
v -20.046 -28.586 306.017
v -20.024 -28.571 305.895
v -19.109 -29.519 305.752
v -18.278 -30.165 305.099
v -17.635 -30.583 304.019
v -17.374 -30.854 302.814
v -17.371 -30.852 301.614
v -17.751 -30.571 300.422
v -18.305 -30.185 299.477
v -19.084 -29.501 298.687
v 3.86 0.659 306.02
v 6.825 -1.725 306.034
v 6.81 -1.735 305.893
v -0.14 2.666 306.023
v -5.359 3.726 306.017
v -11.606 3.212 306.032
v -17.758 0.267 306.026
v -22.575 -4.814 306.022
v -25.235 -11.75 306.026
v -25.246 -19.101 306.021
v -22.959 -24.697 306.03
v -9.36 3.596 305.753
v -20.039 -1.744 305.887
v -20.019 -1.729 305.764
v -25.377 -12.423 305.888
v -25.386 -12.43 305.751
v 7.332 -2.144 298.544
v 7.732 -2.679 298.81
v 8.407 -3.475 299.482
v 8.824 -4.131 300.424
v 9.094 -4.396 301.628
v 9.09 -4.398 302.961
v 8.813 -4.005 304.157
v 8.396 -3.483 305.084
v 7.757 -2.662 305.766
v -20.954 -27.633 293.747
v -20.032 -28.576 294.008
v -21.637 -26.842 293.072
v -22.042 -26.311 292.135
v 5.065 -0.14 293.071
v 4.413 0.272 292.01
v 5.863 -0.809 293.737
v 6.417 -1.33 294.014
v 6.816 -1.731 294.013
v -24.288 -21.889 292.28
v -22.309 -25.91 290.933
v -22.282 -25.891 289.612
v -25.107 -19.23 294.141
v -25.115 -19.503 293.469
v -20.981 -27.652 286.79
v -24.023 -22.691 276.124
v -20.573 -28.18 286.527
v -20.028 -28.574 286.532
v -20.032 -28.576 252.216
v -24.836 -20.697 269.842
v -22.958 -24.696 252.222
v -24.971 -20.163 270.375
v -25.506 -17.093 270.375
v -25.64 -14.957 279.721
v -6.419 3.865 295.073
v -4.533 3.743 293.479
v -1.878 3.198 294.005
v -25.634 -15.353 264.369
v -25.233 -19.092 252.219
v -25.242 -11.755 252.214
v -1.617 3.194 293.468
v 0.548 2.413 292.147
v 4.131 0.528 289.599
v 4.125 0.524 290.932
v 6.822 -1.727 252.225
v -2.254 3.349 270.385
v 6.82 -1.729 286.538
v 5.889 -0.791 286.807
v -3.214 3.598 264.364
v -5.326 3.749 252.226
v -0.133 2.671 252.218
v 3.866 0.663 252.215
v -24.556 -21.355 284.135
v -22.041 -26.311 288.53
v -21.619 -26.83 287.473
v -15.764 1.463 292.27
v -20.693 -2.402 286
v -6.819 3.865 279.718
v -15.076 1.877 289.075
v -23.487 -6.534 276.658
v -23.644 -6.684 271.439
v -20.019 -1.729 279.728
v -20.975 -2.679 275.043
v -20.304 -1.875 271.975
v -0.269 2.803 284.128
v 4.539 0.267 288.402
v 0.132 2.669 283.594
v 5.074 -0.133 287.467
v -23.774 -6.948 258.356
v -18.683 -0.394 264.373
v -14.81 2.01 269.448
v -23.38 -6.285 256.35
v -22.58 -4.817 252.211
v -17.748 0.274 252.223
v -18.306 -0.277 260.356
v -10.426 3.464 258.354
v -11.626 3.197 252.213
v -25.108 -10.82 292.671
v -25.12 -11.095 289.728
v -25.369 -12.417 286.399
v -24.417 -8.533 282.936
v -13.76 2.398 279.719
v -8.293 3.728 269.969
v 4.93 -30.316 330.722
v 0.271 -32.843 330.196
v 4.942 -30.307 330.194
v -0.4 -33.113 330.728
v -2.933 -33.778 330.195
v -6.675 -34.18 330.728
v -6.292 -34.192 330.319
v -14.147 -32.575 330.73
v -18.292 -30.176 327.122
v -17.614 -30.569 326.06
v -20.02 -28.568 330.731
v -19.105 -29.516 327.784
v -19.626 -29.106 327.924
v -17.344 -30.833 324.86
v -20.015 -28.564 328.064
v -17.361 -30.846 323.649
v -17.761 -30.578 322.448
v -18.279 -30.166 321.388
v -18.305 -30.184 316.034
v -17.63 -30.58 315.103
v -19.09 -29.505 320.715
v -19.078 -29.497 316.849
v -20.018 -28.566 320.451
v -19.632 -29.11 316.973
v -17.339 -30.83 313.913
v -20.026 -28.572 317.109
v -18.308 -30.186 310.425
v -17.769 -30.583 311.495
v -17.363 -30.847 312.566
v -19.093 -29.507 309.765
v -20.039 -28.581 309.492
v -6.294 -34.194 294
v -11.229 -33.656 294.003
v -16.008 -31.634 294.017
v -22.418 -25.627 309.504
v -24.433 -21.629 309.499
v -25.639 -16.426 309.496
v -24.98 -10.155 309.492
v -22.035 -4.009 309.496
v -16.971 0.791 309.491
v -10 3.482 309.505
v -2.682 3.464 309.492
v 2.935 1.2 309.497
v 6.801 -1.742 309.494
v 6.797 -1.745 330.721
v 7.737 -2.675 327.787
v 6.821 -1.728 328.063
v 9.089 -4.4 330.732
v 8.4 -3.48 327.117
v 10.817 -7.609 330.729
v 8.81 -4.007 326.053
v 9.074 -4.41 324.85
v 12.292 -13.48 330.732
v 9.086 -4.402 323.654
v 7.348 -2.133 320.582
v 6.814 -1.732 317.111
v 6.796 -1.745 320.44
v 7.757 -2.661 320.72
v 7.763 -2.657 316.851
v 12.401 -15.5 330.319
v 8.82 -4.133 322.453
v 8.397 -3.482 321.507
v 8.396 -3.482 316.166
v 8.796 -4.017 315.098
v 11.599 -20.307 330.719
v 9.067 -4.415 313.898
v 11.484 -20.828 330.194
v 10.267 -23.909 330.187
v 7.357 -2.127 309.505
v 7.727 -2.683 309.756
v 8.407 -26.707 330.725
v 8.405 -26.709 330.19
v 8.396 -3.482 310.425
v 8.823 -4.132 311.506
v 9.098 -4.393 312.712
v 9.881 -5.741 294.01
v 11.765 -10.537 294.017
v 12.43 -15.479 294.016
v 6.824 -1.726 293.883
v 5.225 -0.522 292.95
v 5.995 -1.077 293.469
v 4.673 -0.133 292.007
v 4.398 0.128 291.068
v 4.391 0.123 289.996
v 4.547 0.005 288.94
v 4.957 -0.256 288.009
v 5.612 -0.798 287.336
v 6.135 -1.34 286.93
v 6.808 -1.737 286.666
v 6.676 -1.869 286.8
v 6.291 -1.324 293.751
v 6.664 -1.878 293.737
v 11.765 -20.151 286.54
v 12.421 -15.219 277.322
v 12.284 -12.684 286.533
v 11.761 -19.887 277.325
v 8.673 -26.574 286.53
v 10.811 -22.701 277.318
v 6.16 -29.228 285.874
v 9.496 -25.357 277.328
v 7.477 -27.906 285.865
v -0.541 -33.118 286.529
v 3.601 -31.246 277.318
v 4.824 -30.43 286.541
v 8.831 -26.29 274.525
v 4.523 -30.588 274.507
v 8.409 -26.84 271.443
v 5.058 -30.187 271.437
v -6.8 -34.174 286.538
v -3.191 -33.904 277.327
v 5.058 -30.186 251.543
v 8.43 -26.825 251.56
v 5.06 -30.185 251.277
v 8.428 -26.826 251.292
v 10.673 -7.216 280.787
v 10.299 -6.53 286.542
v 10.697 -7.199 279.864
v 12.422 -14.15 273.05
v 11.464 -9.493 278.245
v 12.403 -14.43 275.043
v 12.417 -14.687 276.251
v 9.497 -5.062 270.652
v 10.672 -7.217 262.628
v 9.607 -5.345 252.215
v 11.625 -9.608 252.222
v 12.411 -14.157 252.215
v -13.613 -32.841 281.729
v -14.148 -32.575 286.535
v -13.213 -32.976 279.459
v -4.158 -34.061 275.174
v -4.535 -34.045 273.717
v -15.747 -31.772 270.381
v -4.555 -34.058 272.239
v -13.205 -32.97 262.239
v -4.539 -34.047 252.218
v -14.02 -32.579 258.894
v -10.13 -33.768 252.227
v -15.608 -31.902 252.225
v -21.756 -24.829 251.287
v -19.361 -27.906 251.283
v -19.63 -28.175 251.282
v -19.756 -28.437 251.553
v -20.028 -28.573 251.817
v -20.015 -28.564 252.091
v -23.754 -20.554 251.289
v -24.557 -15.614 251.289
v -21.113 -4.418 251.275
v -23.918 -10.026 251.275
v -10.426 2.395 251.278
v -16.555 -0.133 251.284
v -3.199 2.541 251.286
v 2.282 0.409 251.29
v 6.152 -2.396 251.288
v 6.282 -2.265 251.287
v 6.404 -2.14 251.415
v 6.686 -1.863 251.555
v 6.804 -1.739 251.948
v -25.216 -12.537 251.827
v -19.616 -2.128 251.423
v -19.91 -1.88 251.81
v -9.228 3.194 251.41
v -9.213 3.472 251.818
v -20.022 -28.569 286.669
v -21.217 -26.962 287.607
v -20.687 -27.766 287.071
v -21.636 -26.441 288.533
v -21.907 -26.177 289.465
v -21.893 -26.167 290.54
v -21.754 -26.297 291.611
v -21.499 -26.705 292.54
v -20.95 -27.362 293.215
v -20.44 -27.913 293.604
v -20.016 -28.565 293.882
v -19.891 -28.437 293.744
v -20.411 -28.027 286.809
v -19.893 -28.439 286.8
v 4.675 -30.04 331.263
v 4.555 -29.898 331.269
v 4.794 -30.184 331.122
v 4.926 -30.186 330.987
v 4.927 -30.184 330.855
v -1.587 -32.969 331.269
v -14.955 -31.645 331.261
v -20.022 -28.569 330.864
v -20.032 -28.576 330.992
v -19.895 -28.44 331.128
v -19.748 -28.297 331.268
v -19.612 -28.295 331.269
v -3.186 -33.634 331.271
v -8.927 -33.501 331.271
v -12.532 -33.1 331.004
v -12.406 -32.972 331.267
v -22.428 -25.634 330.729
v -22.972 -24.706 328.054
v -24.419 -21.62 330.735
v -25.631 -16.42 330.73
v -25.233 -19.092 328.058
v -24.986 -10.16 330.718
v -25.248 -11.759 328.051
v -22.018 -3.997 330.734
v -22.548 -4.795 328.065
v -16.959 0.8 330.727
v -17.745 0.276 328.064
v -10.002 3.48 330.734
v -11.633 3.193 328.049
v -2.657 3.481 330.734
v -5.35 3.732 328.053
v -0.149 2.659 328.049
v 2.919 1.189 330.718
v 3.856 0.656 328.049
v -20.01 -28.561 327.932
v -19.892 -28.438 327.658
v -19.243 -29.252 327.515
v -18.415 -29.768 326.861
v -17.886 -30.171 326.057
v -17.622 -30.44 324.988
v -17.638 -30.452 323.911
v -17.761 -30.311 322.849
v -18.151 -30.037 321.919
v -18.809 -29.496 321.256
v -19.363 -28.975 320.979
v -20.015 -28.564 320.72
v -19.897 -28.441 320.846
v -22.433 -25.637 320.445
v -22.981 -24.712 317.101
v -24.443 -21.637 320.442
v -25.636 -16.423 320.446
v -25.232 -19.091 317.11
v -24.951 -10.135 320.455
v -25.239 -11.753 317.106
v -22.035 -4.009 320.444
v -22.546 -4.794 317.118
v -16.943 0.811 320.453
v -17.768 0.26 317.104
v -10.015 3.471 320.446
v -11.614 3.206 317.11
v -2.656 3.482 320.454
v -5.334 3.744 317.112
v -0.151 2.658 317.1
v 2.942 1.205 320.449
v 3.886 0.677 317.115
v -20.011 -28.562 316.85
v -19.903 -28.445 316.704
v -19.231 -29.244 316.439
v -18.439 -29.784 315.9
v -17.893 -30.177 315.105
v -17.633 -30.448 314.033
v -17.62 -30.439 312.972
v -17.74 -30.296 311.91
v -18.143 -30.031 310.975
v -18.818 -29.502 310.303
v -19.372 -28.982 309.893
v -20.012 -28.562 309.639
v -19.882 -28.431 309.905
v -11.232 -33.525 293.734
v -6.275 -34.047 293.743
v -6.28 -34.184 293.874
v -11.223 -33.518 293.739
v -11.203 -33.504 293.882
v -16.032 -31.651 293.738
v -16.019 -31.509 293.744
v -16.019 -31.642 293.878
v -4.021 -34.993 328.049
v -4.824 -34.594 328.716
v -5.46 -34.171 329.533
v -5.075 -34.315 294.543
v -5.742 -34.181 294.143
v -4.656 -34.57 294.686
v -4.275 -34.85 294.81
v -3.996 -34.975 294.816
v -2.689 -35.662 328.182
v -3.621 -34.994 328.583
v -5.343 -34.182 329.658
v -4.396 -34.441 328.997
v 4.281 -31.371 328.862
v 5.058 -30.32 329.518
v 5.341 -30.576 328.858
v 5.738 -30.979 328.456
v 6.026 -31.231 328.333
v 6.294 -31.497 328.2
v 2.15 -34.171 328.197
v -0.135 -33.514 328.858
v -3.89 -34.594 328.849
v -22.98 -24.711 309.891
v -25.099 -18.958 309.9
v -22.421 -4.8 309.904
v -25.097 -11.613 309.901
v -11.337 3.079 309.904
v -17.484 0.272 309.902
v 0.005 2.54 309.901
v -5.207 3.605 309.898
v 3.859 0.525 309.892
v 6.815 -1.732 309.634
v 6.673 -1.871 309.897
v -25.38 -12.425 309.759
v -20.018 -1.729 309.636
v -20.027 -1.735 309.765
v -9.363 3.594 309.623
v -9.348 3.604 309.764
v 6.815 -1.732 330.864
v 6.807 -1.737 330.993
v 6.665 -1.877 331.122
v 6.549 -1.999 331.265
v 6.404 -2.14 331.259
v 10.403 -7.752 331.256
v 10.959 -21.222 331.267
v 8.397 -26.714 330.987
v 8.393 -26.583 331.119
v 8.269 -26.577 331.257
v 8.153 -26.431 331.266
v 8.134 -26.311 331.256
v 11.223 -9.341 331.265
v 11.876 -14.959 331.258
v 12.033 -18.548 331.003
v 11.878 -18.563 331.259
v 8.548 -26.702 329.794
v 12.431 -23.89 328.198
v 13.891 -19.09 328.193
v 12.562 -16.816 329.264
v 9.741 -28.044 328.187
v 9.228 -26.693 328.866
v 9.216 -27.502 328.459
v 8.81 -27.106 328.857
v 8.543 -26.839 329.391
v 11.23 -23.223 328.865
v 12.695 -18.552 328.864
v 13.226 -18.153 328.595
v 13.086 -17.49 294.811
v 13.235 -17.746 328.065
v 13.2 -17.771 294.802
v 12.812 -17.094 294.675
v 12.561 -16.549 294.415
v 12.403 -16.032 294.136
v 12.807 -17.098 328.586
v 12.536 -16.566 329.252
v 9.895 -5.731 293.75
v 11.625 -10.542 293.747
v 9.76 -5.865 293.749
v 9.875 -5.745 293.873
v 11.738 -10.556 293.737
v 12.402 -15.499 293.869
v 12.276 -15.493 293.739
v 11.742 -10.553 293.872
v 7.488 -2.529 310.037
v 8.026 -3.328 310.573
v 8.42 -3.866 311.505
v 8.675 -4.142 312.433
v 8.673 -4.277 313.634
v 8.545 -4.006 314.571
v 8.278 -3.605 315.506
v 7.739 -2.941 316.305
v 7.207 -2.406 316.573
v 6.818 -1.73 316.846
v 6.67 -1.874 316.705
v 6.811 -1.735 320.714
v 6.675 -1.87 320.846
v 7.487 -2.53 320.986
v 8 -3.346 321.643
v 8.411 -3.873 322.449
v 8.686 -4.134 323.521
v 8.661 -4.285 324.577
v 8.544 -4.006 325.653
v 8.296 -3.593 326.597
v 7.762 -2.925 327.265
v 7.215 -2.4 327.659
v 6.8 -1.743 327.919
v 6.68 -1.867 327.658
v 6.13 -2.412 292.669
v 6.128 -2.413 287.861
v 5.203 -1.872 291.604
v 5.879 -2.667 291.475
v 5.738 -2.806 290.27
v 4.818 -0.793 291.612
v 5.219 -1.861 288.942
v 5.889 -2.661 289.077
v 4.791 -0.812 288.928
v 4.536 -30.579 286.664
v 4.254 -30.589 286.79
v -2.008 -33.517 286.797
v -15.223 -31.912 286.799
v -3.353 -33.791 286.792
v -9.339 -33.775 286.804
v -12.552 -33.247 286.666
v -12.548 -33.111 286.801
v -4.686 -34.057 251.945
v -4.675 -34.049 252.084
v -9.34 -32.975 251.286
v -3.721 -32.967 251.292
v -4.127 -33.371 251.29
v -4.547 -33.785 251.547
v -4.667 -33.91 251.687
v -14.823 -31.245 251.282
v -9.342 -33.377 251.419
v -4.654 -34.034 251.96
v -9.465 -33.77 251.825
v -14.941 -31.635 251.423
v -15.233 -31.919 251.812
v -3.867 -34.044 272.248
v -3.89 -34.06 252.209
v -3.222 -34.327 272.237
v -3.191 -34.305 252.225
v -2.523 -34.705 272.253
v -2.553 -34.727 252.21
v -2.952 -34.325 273.574
v -3.209 -34.051 275.048
v 10.798 -38.332 267.297
v 9.331 -36.862 267.432
v 5.078 -41.655 267.308
v -3.062 -34.041 275.455
v 4.825 -36.438 268.517
v 1.874 -38.584 268.109
v -0.81 -36.057 270.506
v 5.621 -33.237 270.383
v 7.879 -35.381 268.108
v 0.117 -34.326 272.371
v -2.548 -34.322 273.709
v 2.94 -32.978 272.381
v 4.136 -31.78 273.58
v 4.521 -30.856 272.904
v 4.793 -30.452 271.438
v 4.662 -30.851 271.439
v 4.664 -31.25 271.44
v 4.802 -31.514 271.443
v 4.926 -31.654 271.438
v 4.935 -31.648 251.548
v 4.672 -31.378 251.55
v 4.667 -30.981 251.547
v 4.69 -30.564 251.559
v 4.791 -30.454 251.543
v 4.934 -31.648 251.28
v 5.058 -31.789 251.276
v 4.679 -31.239 251.287
v 4.825 -31.498 251.293
v 4.805 -30.444 251.282
v 4.692 -30.83 251.293
v 4.678 -30.973 251.419
v -21.779 -13.096 251.276
v -21.512 -18.837 251.276
v -20.036 -7.75 251.279
v -19.88 -22.688 251.291
v -17.487 -26.033 251.286
v -16.406 -3.46 251.292
v -12.816 -29.106 251.284
v -11.474 -0.662 251.288
v -7.337 -30.438 251.287
v -5.859 0.145 251.291
v -1.744 -29.647 251.279
v -0.55 -36.061 251.276
v -0.402 -1.203 251.283
v 3.993 -31.386 251.277
v 3.202 -26.839 251.282
v 4.281 -4.4 251.288
v 4.53 -31.517 251.279
v 6.812 -22.563 251.285
v 8.694 -26.559 251.291
v 8.961 -5.998 251.291
v 6.687 -7.603 251.289
v 8.942 -26.44 251.281
v 9.607 -25.773 251.28
v 9.471 -26.443 251.279
v 9.196 -26.448 251.275
v 9.755 -26.298 251.287
v 9.751 -26.568 251.285
v 10.008 -26.842 251.28
v 10.694 -10.272 251.29
v 8.294 -11.472 251.291
v 11.351 -14.82 251.284
v 8.533 -17.233 251.277
v 16.004 -19.373 251.274
v 8.674 -26.574 251.548
v 9.061 -26.45 251.541
v 9.49 -26.429 251.556
v 9.766 -26.557 251.56
v 9.895 -26.694 251.558
v 9.22 -26.432 251.421
v 8.557 -26.562 271.451
v 8.809 -26.439 271.443
v 9.196 -26.449 271.436
v 9.628 -26.427 271.452
v 9.887 -26.699 271.448
v 9.072 -26.308 272.91
v 9.628 -25.492 275.191
v 12.672 -15.631 274.643
v 18.817 -22.17 267.568
v 15.236 -25.225 268.515
v 20.958 -24.304 267.303
v 16.573 -32.567 267.314
v 13.892 -29.904 267.976
v 11.632 -27.628 269.984
v 14.813 -17.897 270.506
v 16.97 -20.419 268.514
v 16.945 -20.17 268.635
v 11.743 -23.638 272.376
v 10.016 -26.035 273.182
v 13.221 -19.492 272.381
v 13.636 -16.545 272.388
v 12.552 -15.354 275.184
v 12.546 -14.958 273.579
v 12.402 -14.698 273.039
v 12.675 -15.361 273.043
v 13.067 -15.768 273.038
v 13.101 -15.744 252.226
v 12.692 -15.35 252.222
v 12.407 -14.694 252.213
v 11.497 -14.544 251.291
v 11.735 -14.43 251.276
v 11.899 -14.276 251.425
v 12.03 -14.144 251.557
v 9.345 -5.742 251.417
v 9.598 -5.619 251.81
v 11.205 -10.155 251.412
v 12.14 -14.027 251.679
v 11.629 -10.005 251.824
v 12.272 -14.161 252.079
v 12.289 -14.016 251.954
v 10.542 -7.481 286.797
v 8.831 -26.29 286.675
v 11.336 -20.704 286.793
v 8.831 -26.023 286.809
v 11.359 -9.206 286.671
v 11.336 -9.222 286.793
v 12.292 -14.548 286.804
v 12.138 -18.434 286.66
v 12.006 -18.433 286.794
v 6.671 -20.565 291.203
v 8.963 -23.087 290.28
v 9.084 -23.095 291.208
v 6.526 -20.974 289.462
v 8.952 -23.495 289.073
v 6.004 -21.767 287.866
v 8.936 -24.308 288.13
v 5.605 -22.567 286.932
v 4.938 -23.501 286.265
v 3.755 -24.289 285.873
v 4.661 -23.108 286.259
v 2.526 -25.51 285.86
v 1.745 -26.698 286.27
v 2.933 -30.712 287.732
v 1.332 -26.439 286.264
v 0.279 -27.764 287.473
v 1.853 -30.721 288.928
v -0.818 -28.184 289.194
v 1.349 -30.699 290.278
v -1.066 -28.305 290.272
v -1.2 -28.439 291.207
v 1.325 -30.85 291.201
v -19.495 -28.04 292.674
v -19.503 -28.046 287.863
v -20.966 -26.573 291.604
v -19.891 -26.968 291.608
v -18.96 -27.505 290.271
v -19.093 -27.639 291.473
v -20.948 -26.56 288.943
v -19.894 -26.97 288.936
v -19.106 -27.647 289.063
v -24.697 -18.823 331.264
v -20.821 -13.213 331.266
v -24.716 -11.493 331.254
v -20.551 -18.017 331.267
v -22.552 -24.425 331.268
v -19.215 -21.755 331.267
v -19.086 -8.139 331.265
v -21.883 -4.664 331.268
v -18.01 -23.756 331.269
v -16.676 -25.225 331.269
v -15.491 -3.874 331.26
v -16.968 0.126 331.256
v -12.423 -28.177 331.259
v -10.565 -1.481 331.253
v -10.947 2.805 331.262
v -7.059 -29.496 331.27
v -5.195 -0.926 331.268
v -4.802 3.208 331.264
v -2.394 -28.833 331.266
v -0.003 -2.539 331.26
v 0.271 2.005 331.263
v 1.614 -26.829 331.267
v 3.476 -5.071 331.264
v 3.878 0.138 331.265
v 6.134 -8.684 331.258
v 7.488 -13.077 331.267
v 5.083 -23.36 331.266
v 7.195 -18.57 331.254
v -25.111 -12.557 331.257
v -20.011 -1.724 331.003
v -19.881 -1.86 331.268
v -9.349 3.603 330.993
v -9.226 3.329 331.255
v 2.926 1.194 327.651
v -2.803 3.338 327.657
v -16.961 0.531 327.654
v -10.156 3.332 327.652
v -24.837 -10.416 327.655
v -22.021 -4.266 327.661
v -24.308 -21.769 327.653
v -25.382 -16.566 327.65
v -22.296 -25.635 327.657
v -9.345 3.606 327.791
v -20.03 -1.737 327.922
v -20.029 -1.736 327.79
v -25.372 -12.42 327.922
v -25.353 -12.406 327.798
v -19.509 -28.05 326.714
v -19.478 -28.028 321.923
v -18.429 -28.442 325.518
v -19.105 -27.646 325.515
v -18.949 -27.498 324.324
v -18.016 -29.501 325.525
v -18.435 -28.446 322.979
v -19.103 -27.645 322.979
v -18.04 -29.518 322.976
v -22.984 -24.714 320.838
v -25.09 -18.951 320.853
v -22.443 -4.815 320.841
v -25.114 -11.625 320.841
v -11.354 3.068 320.845
v -17.495 0.264 320.845
v 0.009 2.543 320.851
v -5.208 3.605 320.847
v 3.871 0.533 320.847
v -25.37 -12.418 320.713
v -20.033 -1.739 320.578
v -20.015 -1.727 320.72
v -9.348 3.604 320.579
v -9.357 3.597 320.708
v 2.952 1.212 316.715
v -2.805 3.337 316.707
v -16.955 0.536 316.709
v -10.153 3.334 316.705
v -24.838 -10.417 316.706
v -22.022 -4.267 316.712
v -24.284 -21.752 316.716
v -25.37 -16.558 316.707
v -22.284 -25.626 316.715
v -9.329 3.617 316.85
v -20.044 -1.747 316.967
v -20.027 -1.735 316.842
v -25.381 -12.426 316.969
v -25.382 -12.427 316.835
v -19.498 -28.042 315.638
v -19.505 -28.047 310.827
v -18.424 -28.438 314.573
v -19.075 -27.626 314.581
v -18.964 -27.508 313.234
v -18.019 -29.503 314.575
v -18.415 -28.432 312.04
v -19.111 -27.651 312.026
v -18.017 -29.502 312.039
v -5.752 -34.188 293.871
v -5.477 -34.183 293.875
v -5.33 -34.173 293.882
v -15.744 -30.034 290.277
v -11.762 -31.92 290.265
v -4.954 -32.588 290.264
v -1.074 -33.384 293.873
v 1.598 -30.98 292.138
v 1.999 -31.246 292.806
v 2.953 -31.633 293.884
v -12.821 -31.78 291.605
v -12.944 -32.173 292.812
v -4.947 -32.717 291.603
v -4.791 -33.235 292.816
v -3.869 -34.446 294.278
v -3.722 -34.703 294.285
v -3.752 -34.724 294.27
v -4.012 -34.586 294.274
v -4.259 -34.839 294.684
v -4.022 -34.993 294.536
v -4.012 -34.853 294.273
v -3.858 -34.839 294.284
v -4.023 -34.994 294.402
v -4.022 -34.727 294.268
v -4.126 -34.706 294.417
v -4.136 -34.98 294.545
v -4.145 -34.853 294.541
v -4.288 -34.859 294.536
v -3.863 -34.975 328.462
v -3.748 -34.989 328.453
v -4.017 -35.124 328.318
v -2.266 -36.715 298.551
v -3.746 -35.388 294.807
v -3.083 -35.925 300.279
v -1.071 -37.922 297.346
v -3.329 -35.777 301.224
v 0.52 -39.665 295.872
v -3.489 -35.662 302.279
v 0.282 -39.378 297.088
v 1.754 -40.844 297.49
v 2.533 -41.527 297.479
v 2.918 -42.072 298.54
v 3.608 -42.724 299.085
v 3.738 -42.86 300.285
v 4.142 -43.258 300.687
v 4.005 -43.127 302.287
v 4.284 -43.386 302.561
v 3.862 -43 303.351
v 3.992 -43.136 304.418
v 3.741 -42.858 304.292
v 2.534 -41.527 307.093
v 1.724 -40.731 307.089
v 2.926 -41.933 306.021
v 3.332 -42.463 305.89
v 1.45 -40.603 308.688
v 0.251 -39.4 307.487
v 1.065 -40.192 310.431
v -1.199 -37.918 307.096
v -2.281 -36.726 316.569
v -2.39 -36.709 306.033
v -3.056 -35.906 318.184
v -3.209 -35.92 304.288
v -1.086 -37.932 315.364
v 1.075 -40.185 312.172
v -3.33 -35.778 319.249
v 0.282 -39.377 314.98
v 1.47 -40.589 313.771
v 1.726 -40.864 315.368
v 1.883 -40.981 314.712
v 2.519 -41.537 315.364
v 2.928 -42.065 316.57
v -3.486 -35.66 320.306
v -3.22 -35.928 322.308
v -2.386 -36.706 323.927
v 3.87 -42.994 317.642
v -3.064 -36.045 327.794
v -1.207 -37.923 325.117
v 3.746 -42.854 318.314
v 4.261 -43.402 319.64
v 3.992 -43.136 320.306
v -0.651 -38.308 327.265
v 0.279 -39.38 325.526
v 4.268 -43.263 321.646
v 3.745 -42.855 322.319
v 3.877 -42.99 321.383
v 1.457 -40.598 326.048
v 1.723 -40.732 325.113
v 3.723 -42.737 323.243
v 2.924 -41.934 324.045
v 2.949 -41.917 324.591
v 6.007 -31.378 298.949
v 1.592 -26.845 297.209
v 5.224 -30.564 299.76
v 4.66 -30.051 300.946
v 6.949 -32.308 298.552
v 4.554 -29.765 302.295
v 4.683 -29.901 303.228
v 4.817 -30.168 304.162
v 11.477 -36.855 297.211
v 8.024 -33.238 298.689
v 8.795 -34.193 299.342
v 9.473 -34.854 300.415
v 12.426 -37.646 298.821
v 9.75 -35.113 301.355
v 12.955 -38.318 300.554
v 9.896 -35.105 302.296
v 13.215 -38.456 302.82
v 12.671 -38.062 305.085
v 9.599 -34.992 303.616
v 11.367 -36.572 307.504
v 9.076 -34.451 304.823
v 10.7 -35.904 308.572
v 8.276 -33.648 305.625
v 10.286 -35.513 309.901
v 7.361 -32.7 306.035
v 5.191 -30.587 317.768
v 5.493 -30.83 305.234
v 6.027 -31.364 316.851
v 6.395 -31.654 305.886
v 4.684 -30.034 318.85
v 10.151 -35.38 311.77
v 6.926 -32.323 316.566
v 4.532 -29.78 320.309
v 8.023 -33.238 316.714
v 10.529 -35.797 313.628
v 8.794 -34.194 317.367
v 11.336 -36.594 315.099
v 9.498 -34.836 318.453
v 4.799 -30.181 322.178
v 4.683 -29.902 321.252
v 12.15 -37.519 316.307
v 9.747 -35.116 319.378
v 12.829 -38.179 317.782
v 5.458 -30.855 323.242
v 6.4 -31.651 323.78
v 7.362 -32.699 324.061
v 13.237 -38.441 320.055
v 9.888 -35.11 320.317
v 12.95 -38.321 322.181
v 9.608 -34.986 321.645
v 9.878 -35.251 326.854
v 9.077 -34.45 322.849
v 8.262 -33.658 323.643
v 11.072 -36.458 325.782
v 12.004 -37.394 324.446
v -3.09 -36.063 327.781
v -3.062 -36.044 327.928
v -2.929 -35.911 328.062
v -2.811 -35.788 328.187
v -0.283 -38.197 327.782
v 2.008 -40.453 326.457
v 4.418 -42.985 317.381
v 2.942 -41.521 315.108
v 9.487 -37.38 325.924
v 4.129 -42.867 323.513
v 5.864 -39.663 325.916
v 3.354 -41.914 324.994
v 11.36 -39.915 320.051
v 7.335 -42.465 320.042
v 4.804 -43.529 319.644
v 4.798 -43.4 321.777
v -21.105 -25.108 313.232
v -22.839 -21.768 313.233
v -24.02 -16.681 313.243
v -20.826 -4.938 313.238
v -23.499 -10.815 313.237
v -9.897 1.991 313.228
v -15.898 -0.407 313.232
v 2 -0.002 313.235
v -3.469 2.004 313.238
v 5.727 -2.814 313.229
v 5.874 -2.671 312.035
v 6.146 -2.401 310.835
v -24.015 -12.672 312.044
v -24.549 -12.538 310.842
v -19.091 -2.669 312.036
v -19.501 -2.408 310.83
v -9.094 2.259 312.027
v -9.205 2.809 310.837
v 9.208 -27.375 322.313
v 9.896 -28.028 322.991
v 8.69 -26.963 321.387
v 10.674 -28.846 323.247
v 11.476 -29.646 327.92
v 8.528 -26.85 320.304
v 8.695 -26.826 319.52
v 11.48 -29.643 323.116
v 13.092 -31.239 327.126
v 12.15 -30.309 322.583
v 14.826 -33.109 325.523
v 12.566 -30.832 321.656
v 15.879 -34.188 323.913
v 12.8 -30.989 320.972
v 16.569 -34.84 321.921
v 12.806 -31.118 320.307
v 16.672 -34.994 319.637
v 16.158 -34.446 317.377
v 12.665 -30.99 319.102
v 14.807 -33.122 315.099
v 12.28 -30.445 318.175
v 14.144 -32.451 313.9
v 11.632 -29.764 317.517
v 13.752 -32.045 312.568
v 10.811 -29.11 317.24
v 13.624 -31.908 310.702
v 10.022 -28.301 317.379
v 9.227 -27.362 304.298
v 9.35 -27.502 318.045
v 8.811 -27.105 318.977
v 9.89 -28.032 304.963
v 8.67 -26.977 303.352
v 10.678 -28.843 305.224
v 5.091 -23.354 297.223
v 8.53 -26.848 302.28
v 8.661 -26.85 301.612
v 11.49 -29.636 305.095
v 14.002 -32.324 308.955
v 8.831 -27.092 300.962
v 12.148 -30.311 304.556
v 9.359 -27.496 300.025
v 14.819 -33.114 307.494
v 12.547 -30.846 303.621
v 10.017 -28.304 299.485
v 15.482 -33.651 306.691
v 10.821 -29.103 299.22
v 15.881 -34.187 305.755
v 12.831 -30.967 302.962
v 16.57 -34.839 303.897
v 12.804 -31.12 302.281
v 16.672 -34.995 301.745
v 16.302 -34.439 299.49
v 12.665 -30.99 301.21
v 15.078 -33.253 297.209
v 12.267 -30.454 300.143
v 11.621 -29.772 299.486
v 20.575 -25.493 316.18
v 19.746 -24.712 315.098
v 21.245 -26.159 317.517
v 18.173 -23.223 326.862
v 18.143 -33.124 320.038
v 21.087 -26.043 323.379
v 20.679 -29.119 320.038
v 21.624 -26.574 321.645
v 21.761 -26.572 319.511
v 15.637 -31.233 325.928
v 17.904 -27.63 325.927
v 20.013 -24.979 325.112
v 13.758 -18.288 328.193
v 14.026 -18.955 328.194
v 14.033 -18.951 328.197
v 14.171 -18.813 328.066
v 14.278 -18.699 327.919
v 14.279 -18.698 327.786
v 13.335 -17.77 328.316
v 13.211 -17.896 328.454
v 13.22 -18.024 328.458
v 13.236 -17.746 328.467
v 12.4 -16.035 293.867
v 12.436 -16.143 293.886
v 12.29 -16.419 293.879
v 13.093 -17.486 294.681
v 13.099 -17.481 294.551
v 12.937 -17.634 294.403
v 12.819 -17.757 294.277
v 12.666 -17.904 294.268
v 12.416 -16.958 294.142
v 12.946 -18.029 294.274
v 13.102 -17.88 294.285
v 13.214 -17.761 294.675
v 12.965 -17.748 294.284
v 12.962 -17.751 294.282
v 13.204 -17.768 294.403
v 13.102 -17.613 294.552
v 13.2 -17.637 294.535
v 13.233 -17.748 294.551
v 15.762 -20.157 321.652
v 16.142 -20.705 322.576
v 16.943 -21.373 323.11
v 18.31 -22.686 326.464
v 15.471 -20.04 320.972
v 15.485 -19.896 320.312
v 17.749 -22.171 323.246
v 15.611 -20.035 319.106
v 18.417 -22.971 322.979
v 20.016 -24.576 324.847
v 19.099 -23.629 322.318
v 21.088 -25.508 323.113
v 19.636 -24.027 321.386
v 21.489 -26.042 321.511
v 19.779 -24.154 320.322
v 21.636 -26.032 319.515
v 19.624 -24.17 319.51
v 21.234 -25.632 317.778
v 19.496 -23.899 318.979
v 19.743 -24.313 315.364
v 18.275 -22.71 317.367
v 18.976 -23.488 318.051
v 20.567 -25.098 316.443
v 18.833 -23.228 313.907
v 16.698 -21.224 317.513
v 17.507 -21.886 317.25
v 18.275 -22.844 312.026
v 16.04 -20.549 318.186
v 16.172 -20.685 304.566
v 18.415 -22.839 310.427
v 15.773 -20.149 303.632
v 16.941 -21.374 305.084
v 18.829 -23.23 308.832
v 15.493 -20.024 302.958
v 17.755 -22.166 305.224
v 19.224 -23.635 307.895
v 18.407 -22.978 304.949
v 19.764 -24.298 307.096
v 19.102 -23.627 304.295
v 15.49 -19.893 302.289
v 15.638 -20.016 301.228
v 13.612 -18.163 294.808
v 16.039 -20.55 300.16
v 21.244 -25.626 304.965
v 19.622 -24.038 303.353
v 15.081 -19.499 294.941
v 16.693 -21.228 299.485
v 21.64 -26.029 302.827
v 19.768 -24.162 302.292
v 16.557 -20.962 295.212
v 17.473 -21.91 299.208
v 21.513 -26.025 300.961
v 19.51 -23.888 300.961
v 19.641 -24.157 301.627
v 18.841 -23.222 296.554
v 18.308 -22.688 299.492
v 20.945 -25.514 299.342
v 18.954 -23.503 300.015
v 20.161 -24.701 297.881
v 10.42 -19.09 290.274
v 11.626 -20.689 293.881
v 9.352 -23.362 292.277
v 9.467 -24.043 293.069
v 9.88 -24.701 293.876
v 10.812 -14.556 290.27
v 9.329 -8.023 290.263
v 10.94 -16.829 291.602
v 11.486 -16.954 292.81
v 10.016 -8.944 291.608
v 10.422 -8.807 292.812
v 6.15 -2.397 315.644
v 7.737 -3.744 314.568
v 6.67 -3.342 314.569
v 5.879 -2.667 314.574
v 7.743 -3.74 312.034
v 6.66 -3.349 312.027
v 6.137 -2.407 326.719
v 6.145 -2.402 321.917
v 7.756 -3.73 325.526
v 6.665 -3.346 325.515
v 5.756 -2.794 324.326
v 5.872 -2.672 325.519
v 7.738 -3.743 322.98
v 6.691 -3.327 322.991
v 5.878 -2.668 322.985
v 11.338 -17.9 287.862
v 10.807 -17.897 289.065
v 10.536 -9.355 287.862
v 10.157 -9.473 289.074
v -12.401 -32.3 287.876
v -12.287 -31.914 289.068
v -3.882 -33.12 287.863
v -3.856 -32.567 289.078
v -3.195 -34.308 251.956
v -2.821 -34.46 251.542
v -2.534 -34.713 251.819
v -3.866 -34.043 252.087
v -3.198 -33.909 251.42
v 1.851 -39.268 267.43
v 3.613 -40.985 261.435
v 4.662 -42.066 266.766
v -0.682 -36.728 269.301
v 2.671 -40.055 259.962
v 2.124 -39.397 258.354
v 5.083 -42.452 262.504
v 6.396 -43.803 266.765
v 1.879 -39.248 257.297
v 1.883 -39.245 256.231
v 6.817 -44.056 262.77
v 8.815 -46.062 266.239
v -0.934 -36.317 251.818
v -0.804 -36.586 251.683
v -0.517 -36.839 251.693
v -0.13 -37.116 251.285
v 0.013 -37.376 250.756
v 8.419 -45.792 262.102
v 0.145 -37.378 250.221
v 10.808 -48.205 264.232
v 9.744 -47.134 260.762
v 12.292 -49.663 261.302
v 10.667 -48.077 258.753
v 12.694 -50.063 259.567
v 12.811 -50.208 257.822
v 11.1 -48.322 256.233
v 0.144 -37.512 219.378
v 1.851 -39.267 220.699
v 0.14 -37.381 220.711
v 2.144 -39.516 218.442
v 0.383 -37.798 217.895
v 1.183 -38.6 215.758
v 3.075 -40.453 216.437
v 2.534 -39.924 213.629
v 4.275 -41.657 215.101
v 4.541 -41.924 212.163
v 5.601 -42.998 214.429
v 12.822 -50.2 220.71
v 10.953 -48.331 219.241
v 11.087 -48.33 220.71
v 6.944 -44.194 211.762
v 6.941 -44.33 214.297
v 12.294 -49.662 217.375
v 10.558 -47.926 217.775
v 9.219 -46.46 212.566
v 8.429 -45.652 214.841
v 9.605 -47.005 216.03
v 11.079 -48.336 214.564
v -3.453 -34.168 252.094
v 3.995 -41.265 267.167
v 4.69 -42.047 266.914
v 4.819 -42.05 266.911
v 4.805 -41.926 267.171
v 4.95 -41.785 267.177
v -1.854 -35.372 271.453
v 6.818 -43.388 267.31
v 11.347 -38.855 267.305
v 10.396 -37.398 267.163
v 10.946 -38.188 267.305
v 10.954 -38.183 267.175
v 11.08 -38.054 267.171
v 11.206 -37.926 266.901
v 11.217 -37.918 266.773
v 8.826 -35.507 267.313
v 6.683 -33.642 269.312
v 5.086 -32.036 271.718
v 9.209 -36.187 267.437
v 8.271 -35.254 267.97
v 7.336 -34.32 268.637
v 6.688 -33.371 268.914
v 6.259 -33.258 269.701
v 5.473 -32.446 270.91
v 4.675 -31.643 272.514
v 9.331 -36.061 259.554
v 10.287 -37.114 260.633
v 8.668 -35.39 258.088
v 12.965 -39.779 266.645
v 11.484 -38.319 261.031
v 11.766 -38.442 266.78
v 8.422 -35.108 256.229
v 5.194 -31.92 251.143
v 5.342 -32.044 250.75
v 14.29 -40.988 265.972
v 12.801 -39.533 260.755
v 5.354 -32.169 250.222
v 16.439 -43.115 263.976
v 13.766 -40.581 260.102
v 14.554 -41.257 258.894
v 17.758 -44.462 261.03
v 14.966 -41.65 257.832
v 18.168 -44.856 257.83
v 15.079 -41.798 257.02
v 15.084 -41.928 256.222
v 8.409 -35.118 220.706
v 5.333 -32.184 220.703
v 8.428 -35.238 220.048
v 5.889 -32.569 217.51
v 8.529 -35.394 219.231
v 9.087 -35.911 217.774
v 7.213 -33.912 214.567
v 10.032 -36.839 216.711
v 9.212 -35.917 212.562
v 11.072 -37.793 216.163
v 10.555 -37.247 211.899
v 18.157 -44.864 220.706
v 15.069 -41.938 220.698
v 11.757 -38.449 211.765
v 12.154 -38.851 216.036
v 18.022 -44.731 218.97
v 14.823 -41.656 218.973
v 14.023 -40.721 212.431
v 13.205 -39.931 216.428
v 17.629 -44.326 217.238
v 14.169 -40.846 217.377
v 16.162 -42.855 214.302
v 5.344 -32.042 250.217
v 5.189 -32.057 250.206
v 5.066 -32.05 250.211
v 4.656 -32.056 250.607
v 4.792 -32.055 250.208
v 4.681 -32.173 250.219
v 4.138 -31.645 251.283
v 4.264 -31.784 251.145
v 5.08 -31.907 250.886
v 4.821 -31.901 250.757
v 4.537 -31.913 251.015
v 4.551 -31.636 251.156
v 5.081 -7.873 252.756
v 3.189 -5.352 252.744
v 6.555 -10.94 252.758
v 7.218 -15.483 252.756
v 6.27 -19.898 252.749
v 4.279 -23.762 252.755
v 1.332 -26.439 252.751
v -2.685 -28.45 252.745
v -7.228 -28.986 252.743
v -12.154 -27.775 252.75
v -16.411 -24.96 252.758
v -17.485 -23.629 252.755
v -18.577 -22.043 252.743
v -20.01 -18.413 252.761
v -20.284 -13.878 252.758
v -18.947 -8.937 252.759
v -15.495 -4.678 252.749
v -10.803 -1.994 252.758
v -5.465 -1.462 252.757
v -0.25 -2.925 252.761
v 13.09 -15.751 251.82
v 16.006 -19.372 251.275
v 16.139 -19.239 251.275
v 16.286 -19.096 251.415
v 16.294 -19.09 251.553
v 16.432 -19.087 251.822
v 12.153 -15.086 251.285
v 12.684 -15.489 251.55
v -0.934 -36.317 251.684
v -0.952 -36.33 251.542
v -0.806 -36.321 251.415
v -0.684 -36.195 251.275
v 0.143 -36.711 250.22
v -0.011 -36.725 250.611
v -0.122 -36.576 251.022
v -0.254 -36.308 251.157
v -0.409 -36.19 251.279
v 10.165 -26.959 251.159
v 9.865 -26.047 251.142
v 10.27 -26.979 250.21
v 10.396 -27.118 250.206
v 10.283 -27.103 250.751
v 10.277 -26.84 250.213
v 10.275 -26.574 250.212
v 10.421 -26.432 250.486
v 10.276 -26.574 250.213
v 10.401 -26.446 250.209
v 9.883 -26.301 251.151
v 10.163 -26.293 251.024
v 10.154 -26.833 250.886
v 10.161 -26.561 250.756
v 10.267 -26.446 250.609
v 16.675 -20.172 250.475
v 16.679 -20.169 250.21
v 16.682 -20.033 250.612
v 16.539 -19.907 251.008
v 16.302 -19.619 251.156
v 12.825 -29.636 213.635
v 15.222 -32.044 218.705
v 11.497 -28.296 215.774
v 14.812 -31.65 212.158
v 15.897 -32.706 218.041
v 14.803 -31.523 219.631
v 10.672 -27.512 217.899
v 10.416 -27.237 219.373
v 17.227 -33.912 211.763
v 16.674 -33.391 217.762
v 14.67 -31.389 220.699
v 10.403 -27.112 220.702
v 19.37 -36.177 212.568
v 17.356 -34.182 217.903
v 18.144 -34.992 218.564
v 21.365 -38.051 214.567
v 18.697 -35.379 219.508
v 22.563 -39.389 217.369
v 18.807 -35.663 220.164
v 23.103 -39.919 220.71
v 18.829 -35.648 220.709
v 13.605 -30.452 252.211
v 14.675 -31.386 251.01
v 12.933 -29.787 253.945
v 12.81 -29.513 255.819
v 12.83 -29.633 256.63
v 12.956 -29.772 257.561
v 18.834 -35.644 251.02
v 19.911 -36.573 252.226
v 11.635 -28.427 268.917
v 13.503 -30.297 258.903
v 13.741 -30.584 267.3
v 15.497 -32.305 261.168
v 14.289 -31.109 260.23
v 16.175 -32.966 266.781
v 16.952 -33.784 261.295
v 16.69 -33.513 266.772
v 23.104 -39.919 257.828
v 20.41 -37.265 253.945
v 20.684 -37.527 255.817
v 20.441 -37.11 257.966
v 22.954 -39.797 259.556
v 18.417 -35.255 260.893
v 18.961 -35.783 266.238
v 22.568 -39.386 261.299
v 19.616 -36.325 259.69
v 21.095 -37.92 264.234
v 15.618 -32.181 267.17
v 16.14 -32.99 266.897
v 16.154 -32.98 266.904
v 16.295 -32.842 267.175
v 16.408 -32.723 267.165
v 13.472 -30.051 267.967
v 11.899 -28.429 269.316
v 10.273 -26.843 271.708
v 13.747 -30.313 267.704
v 11.623 -28.168 269.579
v 10.685 -27.236 270.779
v 10.021 -26.432 272.383
v 9.622 -26.164 273.319
v 23.516 -26.826 267.314
v 17.087 -33.115 267.304
v 18.176 -20.817 267.581
v 15.234 -17.883 269.716
v 20.441 -23.223 267.179
v 20.972 -24.16 267.311
v 21.108 -24.159 267.178
v 21.217 -24.042 267.166
v 21.238 -24.028 266.909
v 21.228 -23.901 266.771
v 13.237 -16.009 273.19
v 12.409 -14.693 252.081
v 12.687 -15.219 251.953
v 12.563 -14.945 252.224
v 21.213 -23.912 260.087
v 20.29 -22.969 258.358
v 22.569 -25.232 261.033
v 23.776 -26.43 266.777
v 19.878 -22.709 257.15
v 19.884 -22.572 255.818
v 16.842 -19.481 251.693
v 16.552 -19.23 251.682
v 24.03 -26.706 261.296
v 26.18 -28.833 266.109
v 17.087 -19.764 251.282
v 17.362 -20.024 250.885
v 17.481 -20.169 250.21
v 25.491 -28.18 260.891
v 28.154 -30.856 264.226
v 26.7 -29.377 259.56
v 29.623 -32.325 261.422
v 30.037 -32.715 259.693
v 27.517 -30.167 257.832
v 30.168 -32.851 257.822
v 27.763 -30.449 255.819
v 19.911 -22.553 220.716
v 17.483 -20.167 220.704
v 17.627 -20.293 218.706
v 20.154 -22.837 218.701
v 18.171 -20.82 216.708
v 20.945 -23.645 216.96
v 19.354 -22.035 214.295
v 22.162 -24.836 215.633
v 21.101 -23.763 212.565
v 23.235 -25.901 211.763
v 23.617 -26.314 215.226
v 30.175 -32.846 220.708
v 27.649 -30.301 219.378
v 27.773 -30.442 220.708
v 25.253 -27.893 212.038
v 25.087 -27.782 215.493
v 29.76 -32.455 217.763
v 27.236 -29.91 218.169
v 27.245 -29.903 213.234
v 26.305 -28.972 216.569
v 28.851 -31.503 215.239
v -3.054 -28.962 286.274
v 1.465 -26.973 296.678
v 1.197 -27.107 296.144
v 0.917 -27.384 295.603
v -10.398 -28.962 288.944
v -8.548 -29.376 286.264
v -13.075 -27.899 286.27
v -16.678 -25.227 286.272
v -7.073 -29.505 289.606
v -8.927 -29.228 290.414
v -6.54 -29.506 290.406
v -4.666 -29.369 291.209
v -0.935 -28.306 292.941
v -11.872 -28.432 304.029
v -8.962 -29.252 312.828
v -5.225 -29.387 307.62
v -5.091 -29.386 314.296
v -7.874 -29.371 314.307
v -9.489 -29.247 319.908
v -5.757 -29.385 319.905
v -5.883 -29.514 299.213
v -0.127 -27.901 294.413
v -12.163 -27.781 286.259
v -16.42 -24.966 286.267
v -6.925 -28.961 286.274
v -2.4 -28.304 286.267
v 6.808 -18.56 286.265
v 7.074 -13.22 286.264
v 5.601 -8.817 286.262
v 3.199 -5.345 286.263
v 6.96 -19.482 286.274
v 5.606 -22.699 295.611
v 5.332 -23.105 296.142
v 5.214 -23.228 296.683
v 7.479 -17.489 291.207
v 6.556 -20.82 292.948
v 7.744 -15.221 289.604
v 7.746 -14.819 286.267
v 7.734 -15.629 290.4
v 7.222 -11.607 289.076
v 3.467 -5.077 286.263
v 6.398 -9.354 286.26
v 7.465 -12.826 290.399
v 6.691 -9.87 304.031
v 7.213 -18.557 314.306
v 7.598 -16.565 307.622
v 7.621 -16.282 314.31
v 7.465 -12.826 312.83
v 7.627 -13.874 314.313
v 7.753 -15.215 319.917
v 7.346 -12.015 319.914
v 7.593 -15.901 299.208
v 6.127 -21.64 294.403
v 12.292 -27.766 294.548
v 13.234 -29.363 295.086
v 13.868 -30.989 295.603
v 9.87 -24.842 294.005
v 9.893 -25.093 294.149
v 10.015 -25.234 294.277
v 10.007 -25.24 294.273
v 10.267 -25.512 294.269
v 3.076 -31.64 294.012
v 3.46 -31.786 294.271
v 3.34 -31.643 294.278
v 3.216 -31.636 294.149
v 9.23 -35.638 295.62
v 7.347 -34.846 294.946
v 5.457 -33.659 294.401
v 3.726 -32.054 294.27
v 1.985 -3.751 286.257
v -3.726 -1.193 286.272
v -0.008 -2.542 286.262
v -8.55 -0.938 286.263
v -13.601 -2.658 286.274
v -17.904 -6.284 286.259
v -20.291 -11.213 286.267
v -20.843 -16.566 286.258
v -19.233 -21.768 286.263
v -21.897 -23.766 324.319
v -23.917 -18.304 324.31
v -21.512 -5.885 324.311
v -23.756 -11.876 324.324
v -10.935 1.745 324.325
v -16.822 -0.933 324.32
v -0.008 1.063 324.315
v -5.055 2.283 324.328
v 3.355 -0.656 324.327
v -24.552 -12.54 326.73
v -24.024 -12.678 325.525
v -19.484 -2.396 326.727
v -19.099 -2.674 325.518
v -9.203 2.811 326.727
v -9.092 2.261 325.514
v -24.038 -12.687 322.981
v -24.58 -12.559 321.909
v -19.087 -2.666 322.986
v -19.485 -2.397 321.92
v -9.062 2.282 322.992
v -9.205 2.81 321.919
v -24.58 -12.56 315.634
v -24.044 -12.691 314.567
v -19.481 -2.394 315.646
v -19.094 -2.671 314.571
v -9.204 2.81 315.644
v -9.068 2.278 314.577
v -2.538 -33.781 294.009
v -2.53 -34.043 294.28
v -0.122 -33.506 294.282
v 0.549 -33.102 294.284
v -3.602 -35.38 294.679
v -3.596 -35.377 294.548
v -3.587 -35.236 294.419
v -3.463 -35.243 294.281
v -3.35 -35.124 294.271
v 7.091 -39.512 318.317
v 7.352 -39.783 320.317
v 6.399 -38.728 316.703
v 5.339 -37.787 315.639
v 4.28 -36.712 315.11
v 3.208 -35.513 315.108
v 2.118 -34.461 315.497
v 1.049 -33.527 316.431
v 0.391 -32.719 317.905
v -0.013 -32.454 319.105
v -0.133 -32.312 320.313
v 0.259 -32.585 322.312
v 0.92 -33.39 323.911
v 2.136 -34.448 324.986
v 3.338 -35.783 325.52
v 4.795 -37.127 325.247
v 5.873 -38.321 324.451
v 6.664 -39.13 323.244
v 7.207 -39.524 321.914
v 7.326 -39.667 321.105
v 7.069 -39.527 300.281
v 7.338 -39.792 302.285
v 6.425 -38.71 298.691
v 5.327 -37.796 297.608
v 4.266 -36.722 297.077
v 3.193 -35.524 297.075
v 2.135 -34.449 297.48
v 1.082 -33.504 298.423
v 0.415 -32.702 299.892
v 0.019 -32.432 301.096
v -0.123 -32.304 302.293
v 0.25 -32.591 304.282
v 0.938 -33.378 305.894
v 2.135 -34.449 307.094
v 3.323 -35.793 307.488
v 4.79 -37.13 307.22
v 5.863 -38.329 306.421
v 6.67 -39.125 305.222
v 7.195 -39.532 304.016
v 7.356 -39.647 303.095
v 2.53 -41.663 315.236
v 2.66 -41.665 315.1
v 2.785 -41.538 315.096
v 0.927 -39.794 326.852
v 3.999 -42.998 323.247
v 4.146 -43.122 317.646
v 2.391 -40.999 314.298
v 1.986 -40.602 313.495
v 1.612 -40.182 312.04
v 1.601 -40.19 310.566
v 1.986 -40.601 308.956
v 2.522 -41.669 307.221
v 2.668 -41.66 307.36
v 2.817 -41.515 307.502
v 2.93 -41.53 307.491
v 3.872 -42.459 306.293
v 4.538 -43.128 304.69
v 4.942 -43.526 302.556
v 4.679 -43.39 300.555
v 4.151 -42.718 298.822
v 2.931 -41.529 297.077
v 4.42 -43.384 304.164
v 4.256 -43.272 300.143
v 2.521 -41.535 297.073
v 1.057 -39.53 295.473
v 0.146 -38.979 295.217
v -2.663 -36.312 294.414
v 1.067 -33.381 320.846
v 0.924 -33.387 320.308
v 1.074 -33.509 321.517
v 1.452 -33.792 322.307
v 1.991 -34.456 323.245
v 3.862 -36.191 324.046
v 2.809 -35.245 323.787
v 4.823 -37.107 323.659
v 5.594 -37.929 322.843
v 6.154 -38.445 321.654
v 6.288 -38.712 320.319
v 6.282 -38.583 319.515
v 6.024 -38.442 318.585
v 5.323 -37.798 317.367
v 4.522 -36.864 316.699
v 3.477 -35.913 316.577
v 2.526 -34.99 316.836
v 1.75 -34.037 317.65
v 1.216 -33.503 318.985
v 1.053 -33.391 302.814
v 0.948 -33.37 302.295
v 1.085 -33.502 303.498
v 1.46 -33.786 304.42
v 2.006 -34.446 305.227
v 3.863 -36.19 306.022
v 2.788 -35.26 305.885
v 4.824 -37.106 305.634
v 5.592 -37.931 304.817
v 6.146 -38.451 303.759
v 6.294 -38.708 302.297
v 6.278 -38.585 301.488
v 6.023 -38.443 300.693
v 5.343 -37.785 299.485
v 4.549 -36.845 298.687
v 3.468 -35.919 298.548
v 2.538 -34.981 298.817
v 1.727 -34.053 299.613
v 1.192 -33.52 300.948
v 10.433 -36.037 296.289
v 10.952 -36.448 296.682
v 11.341 -39.928 302.15
v 7.358 -42.449 302.161
v 9.214 -36.984 296.28
v 5.604 -39.124 296.277
v 2.799 -40.46 296.277
v 8.956 -36.577 312.708
v 8.957 -36.576 309.771
v 5.49 -38.709 312.71
v 5.474 -38.721 309.765
v 2.553 -40.044 312.711
v 2.118 -40.202 312.693
v 2.537 -40.056 309.765
v 2.124 -40.198 309.759
v 14.837 -30.698 309.773
v 14.837 -30.698 312.71
v 19.221 -24.171 308.16
v 16.962 -27.235 309.767
v 19.771 -24.694 307.5
v 16.97 -27.229 312.709
v 18.43 -23.363 312.037
v 18.293 -24.3 309.765
v 18.415 -23.373 310.427
v 18.842 -23.755 308.972
v 18.409 -23.912 309.757
v 18.293 -24.3 312.703
v 18.82 -23.771 313.634
v 18.429 -23.897 312.704
v 13.335 -18.437 294.268
v 14.831 -19.887 294.416
v 16.294 -21.36 294.813
v 21.223 -26.174 305.088
v 15.233 -30.969 296.285
v 14.285 -32.179 296.279
v 14.679 -32.851 296.676
v 17.371 -27.362 296.286
v 21.113 -25.891 298.958
v 20.166 -25.099 297.617
v 18.172 -33.104 302.161
v 18.708 -24.557 296.287
v 18.7 -23.761 296.15
v 20.682 -29.116 302.148
v 21.765 -26.569 302.956
v 21.641 -26.563 300.825
v 20.564 -25.1 316.041
v 19.879 -24.578 315.098
v 19.882 -24.443 315.233
v 19.902 -24.295 315.377
v 21.754 -26.31 320.842
v 20.281 -24.978 324.712
v 17.623 -22.299 327.122
v 13.344 -18.431 294.273
v 13.485 -18.292 294.277
v 13.503 -18.147 294.419
v 13.602 -18.171 294.535
v 19.889 -24.305 307.225
v 19.897 -24.432 307.363
v 19.759 -24.569 307.494
v 17.24 -21.753 295.219
v 20.415 -24.977 297.875
v 21.779 -26.293 302.83
v 11.233 -22.286 294.285
v 11.742 -21.769 294.273
v 12.005 -19.235 294.004
v 12.283 -19.227 294.277
v 13.07 -46.208 257.284
v 13.23 -46.323 256.23
v 12.411 -45.534 259.959
v 12.958 -46.06 258.363
v 11.344 -44.465 261.428
v 9.998 -43.004 262.491
v 8.294 -41.38 262.774
v 6.676 -39.789 262.098
v 5.327 -38.33 260.757
v 4.397 -37.392 258.756
v 3.989 -37.13 256.215
v 13.215 -46.333 220.706
v 4.156 -37.24 219.247
v 4.01 -37.115 220.71
v 4.525 -37.663 217.763
v 5.477 -38.451 216.036
v 6.684 -39.783 214.837
v 7.998 -41.133 214.292
v 9.359 -42.45 214.439
v 10.824 -43.788 215.104
v 12.006 -45.004 216.429
v 12.827 -45.924 218.442
v -0.004 -37.254 250.213
v 0.017 -37.107 250.224
v -0.002 -36.853 250.214
v 0.011 -36.843 250.221
v -0.527 -36.713 251.421
v -0.398 -36.582 251.151
v -0.119 -37.108 250.89
v -0.124 -36.845 250.754
v -0.004 -37.388 220.705
v 0.001 -37.251 220.708
v 0.018 -37.106 220.717
v 0.013 -36.842 220.714
v 0.129 -36.721 220.705
v 13.481 -50.073 219.637
v 13.467 -50.216 220.698
v 13.482 -50.206 220.706
v 13.343 -50.343 220.703
v 13.213 -50.341 220.705
v 12.942 -50.21 220.703
v 13.36 -49.931 218.308
v 12.566 -49.258 215.908
v 11.218 -47.798 213.632
v 9.063 -45.675 211.887
v 4.023 -40.577 212.171
v 6.552 -43.12 211.232
v 1.884 -38.443 214.306
v 0.542 -37.246 217.24
v 10.678 -47.669 213.229
v 10.398 -47.678 213.356
v 6.667 -43.667 211.357
v 6.558 -43.783 211.503
v 2.553 -39.778 213.372
v 12.961 -50.197 257.831
v 12.941 -50.344 257.821
v 13.233 -50.327 257.833
v 13.353 -50.203 257.826
v 13.493 -50.198 257.83
v 8.131 -44.739 267.032
v 6.821 -43.52 267.311
v 6.675 -43.528 267.172
v 6.55 -43.656 267.176
v 6.539 -43.797 266.904
v 9.482 -46.063 266.506
v 13.068 -49.681 261.156
v 9.877 -46.868 265.969
v 11.741 -48.34 264.364
v 9.729 -47.011 265.828
v 12.272 -49.41 262.226
v 11.484 -38.72 267.173
v 11.612 -38.59 267.17
v 11.768 -38.574 266.914
v 11.754 -38.451 266.907
v 13.747 -41.261 266.636
v 16.034 -43.519 264.641
v 17.631 -44.992 261.567
v 18.035 -45.39 259.7
v 18.158 -45.53 257.826
v 5.223 -38.309 256.231
v 5.217 -38.313 220.712
v 5.476 -38.586 218.972
v 6.273 -39.256 217.369
v 7.223 -40.18 216.441
v 8.277 -41.258 216.034
v 9.199 -42.335 216.161
v 10.292 -43.386 216.707
v 11.197 -44.342 217.761
v 11.761 -44.854 219.245
v 11.869 -45.006 220.033
v 12.025 -44.99 220.712
v 12.001 -45.007 256.216
v 11.755 -44.725 258.096
v 10.952 -44.059 259.563
v 10.021 -43.122 260.633
v 8.816 -41.923 261.032
v 7.61 -40.724 260.763
v 6.556 -39.646 260.103
v 5.889 -38.844 258.901
v 5.486 -38.445 257.832
v 5.188 -38.333 257.015
v 18.171 -45.521 257.832
v 18.311 -45.383 257.835
v 18.307 -45.253 257.833
v 18.163 -44.993 257.828
v 17.345 -44.471 262.359
v 17.364 -44.19 262.236
v 14.956 -41.79 265.838
v 18.155 -45.399 220.706
v 18.166 -45.525 220.711
v 18.296 -45.26 220.71
v 18.282 -45.003 220.702
v 18.169 -44.989 220.713
v 12.685 -40.189 211.495
v 11.361 -38.846 211.234
v 11.48 -38.856 211.226
v 11.501 -38.708 211.37
v 11.629 -38.578 211.367
v 11.738 -38.595 211.623
v 14.019 -41.525 212.028
v 17.61 -45.14 217.362
v 14.833 -41.916 212.569
v 16.279 -43.668 214.16
v 14.948 -41.796 212.693
v 17.36 -44.193 216.303
v 4.808 -32.311 218.839
v 4.656 -32.19 220.699
v 4.818 -32.036 220.713
v 4.8 -32.05 220.704
v 5.082 -32.039 220.712
v 5.223 -32.034 220.715
v 5.223 -32.701 216.977
v 8.945 -36.451 211.895
v 5.744 -32.844 216.169
v 6.808 -34.182 213.898
v 6.001 -32.851 216.298
v 8.539 -35.387 212.693
v -0.272 -2.941 286.263
v -5.464 -1.461 286.271
v -10.813 -2.001 286.267
v -15.504 -4.684 286.258
v -18.96 -8.946 286.265
v -20.278 -13.874 286.274
v -20.047 -18.439 286.256
v -18.575 -22.041 286.258
v -17.474 -23.621 286.274
v 16.818 -20.032 250.212
v 17.084 -20.033 250.212
v 17.366 -20.022 250.219
v 17.237 -20.019 250.222
v 16.567 -19.62 251.155
v 16.823 -19.494 251.417
v 16.839 -19.883 250.757
v 17.089 -19.895 250.882
v 10.412 -26.439 220.706
v 16.681 -20.168 220.703
v 18.418 -27.51 251.013
v 18.43 -27.502 220.71
v 17.486 -26.574 252.216
v 16.815 -25.909 253.95
v 16.686 -25.638 255.821
v 24.564 -33.65 255.821
v 24.293 -33.385 253.95
v 23.762 -32.715 252.216
v 22.686 -31.786 251.01
v 22.711 -31.769 220.714
v 22.559 -31.648 219.636
v 22.17 -31.239 218.708
v 21.499 -30.441 218.038
v 20.681 -29.785 217.763
v 19.891 -28.976 217.902
v 19.216 -28.314 218.566
v 18.68 -27.781 219.499
v 18.545 -27.649 220.166
v 10.263 -26.583 220.698
v 10.266 -26.848 220.7
v 10.284 -26.969 220.709
v 10.274 -27.11 220.704
v 23.756 -39.796 219.634
v 23.748 -39.935 220.698
v 23.755 -39.93 220.702
v 23.634 -40.055 220.708
v 23.518 -40.043 220.717
v 23.228 -40.059 220.705
v 23.626 -39.66 218.301
v 22.827 -38.991 215.898
v 21.504 -37.514 213.635
v 19.375 -35.372 211.903
v 14.281 -30.313 212.159
v 16.817 -32.85 211.225
v 12.142 -28.179 214.294
v 10.823 -26.965 217.24
v 20.947 -37.396 213.223
v 20.712 -37.374 213.372
v 16.955 -33.381 211.36
v 16.811 -33.522 211.488
v 12.812 -29.512 213.361
v 23.638 -40.052 257.828
v 23.755 -39.931 257.82
v 23.485 -40.066 257.819
v 23.22 -40.064 257.82
v 23.234 -39.921 257.827
v 18.416 -34.455 267.034
v 16.956 -33.247 267.306
v 16.964 -33.375 267.176
v 16.825 -33.379 267.173
v 16.825 -33.512 266.906
v 19.77 -35.91 266.509
v 23.362 -39.391 261.162
v 20.16 -36.585 265.97
v 21.885 -38.062 264.362
v 20.013 -36.728 265.829
v 22.444 -39.112 262.239
v 23.753 -26.447 266.898
v 23.785 -26.424 266.915
v 23.618 -26.581 267.165
v 23.62 -26.713 267.166
v 25.911 -29.235 266.642
v 28.021 -31.523 264.626
v 29.625 -32.991 261.556
v 30.044 -33.379 259.696
v 30.157 -33.526 257.817
v 24.572 -33.643 220.71
v 24.437 -33.512 219.507
v 24.163 -33.249 218.302
v 23.24 -32.173 216.572
v 21.878 -30.856 215.491
v 18.972 -28.031 215.64
v 20.413 -29.518 215.226
v 17.763 -26.834 216.972
v 16.963 -25.898 218.841
v 16.674 -25.647 220.7
v 17.238 -20.018 220.714
v 17.105 -20.017 220.715
v 16.95 -20.033 220.704
v 16.827 -20.026 220.709
v 30.173 -32.981 220.707
v 30.298 -32.987 220.702
v 30.3 -33.253 220.703
v 30.302 -33.385 220.704
v 30.193 -33.501 220.716
v 29.647 -33.109 217.239
v 28.434 -31.782 214.296
v 26.294 -29.648 212.158
v 23.785 -27.091 211.237
v 21.221 -24.574 211.891
v 17.641 -21.084 215.909
v 19.104 -22.424 213.636
v 16.954 -20.297 218.303
v 16.821 -20.163 219.638
v 27.625 -30.452 213.357
v 27.625 -30.719 213.223
v 23.769 -26.569 211.496
v 23.623 -26.711 211.356
v 19.626 -22.699 213.23
v 30.301 -32.985 257.822
v 30.291 -33.259 257.817
v 30.318 -33.374 257.83
v 30.174 -33.514 257.825
v 26.969 -29.776 265.836
v 26.847 -29.902 265.975
v 29.493 -32.188 262.225
v 29.387 -32.436 262.372
v -14.967 -23.508 218.298
v -16.149 -22.159 230.325
v -14.971 -23.511 230.312
v -17.225 -20.296 218.303
v -18.284 -17.352 230.325
v -17.215 -20.422 230.326
v -18.433 -15.894 218.3
v -18.297 -13.489 230.318
v -17.895 -11.485 218.303
v -16.975 -9.492 230.312
v -15.746 -7.604 218.309
v -14.154 -6.009 230.321
v -12.272 -4.798 218.31
v -10.416 -3.873 230.32
v -8.294 -3.483 218.296
v -5.858 -3.326 230.33
v -4.405 -3.471 218.305
v -1.454 -4.53 230.328
v -1.342 -4.544 218.301
v 0.399 -5.609 218.303
v 1.744 -6.804 230.325
v 1.717 -6.823 218.295
v 3.596 -9.219 230.316
v 3.88 -9.741 218.308
v 4.936 -12.42 230.319
v 5.072 -13.486 218.304
v 5.217 -16.416 230.326
v 5.075 -17.357 218.305
v 4.15 -20.154 230.326
v 3.612 -21.091 218.307
v 2.117 -23.246 230.311
v 1.47 -23.899 218.305
v -0.661 -25.497 230.324
v -1.612 -25.909 218.299
v -4.396 -26.83 230.326
v -5.342 -26.972 218.304
v -8.4 -26.829 230.327
v -9.363 -26.715 218.296
v -12.012 -25.632 230.323
v -12.551 -25.503 218.304
v -19.51 -15.9 218.296
v -18.84 -11.225 218.297
v -18.277 -20.418 218.312
v -16.564 -7.082 218.3
v -15.744 -24.293 218.31
v -13.088 -4.008 218.303
v -12.674 -26.43 218.309
v -9.343 -27.77 218.306
v -8.528 -2.391 218.313
v -4.68 -27.91 218.301
v -3.888 -2.548 218.296
v -0.535 -3.873 218.304
v -0.15 -26.315 218.296
v 2.532 -6.012 218.302
v 3.356 -23.22 218.313
v 5.082 -9.874 218.308
v 5.6 -19.099 218.3
v 6.262 -14.563 218.297
v -16.145 -14.145 230.326
v -16.013 -17.351 230.326
v -15.352 -11.214 230.322
v -15.082 -19.757 230.324
v -13.764 -8.687 230.315
v -13.481 -22.027 230.323
v -11.197 -6.663 230.33
v -10.953 -23.769 230.319
v -8.396 -5.597 230.329
v -8.016 -24.705 230.318
v -5.203 -5.605 230.323
v -4.802 -24.698 230.323
v -1.987 -23.622 230.329
v -2.276 -6.547 230.318
v 0.517 -21.642 230.312
v 0.281 -8.269 230.328
v 1.859 -10.555 230.316
v 2.123 -19.102 230.315
v 2.792 -13.094 230.315
v 2.951 -16.146 230.328
v -18.965 -21.5 219.236
v -15.892 -24.437 218.302
v -16.159 -24.703 218.57
v -16.302 -24.843 218.832
v -16.417 -24.964 219.108
v -16.429 -24.972 219.236
v -20.428 -16.289 219.239
v -19.776 -10.959 219.231
v -17.23 -6.28 219.236
v -12.962 -2.811 219.234
v -3.334 -1.733 219.241
v -7.893 -1.346 219.231
v 0.276 -3.065 219.243
v 1.877 -4.267 219.243
v 2.672 -5.874 218.305
v 2.807 -5.739 218.306
v 2.924 -5.617 218.565
v 3.082 -5.467 218.977
v 3.214 -5.334 219.243
v -19.774 -13.228 218.431
v -20.152 -13.212 218.843
v -16.301 -5.482 218.833
v -8.563 -2.015 218.429
v -8.539 -1.598 218.842
v 5.748 -8.807 219.242
v 7.229 -14.006 219.248
v 6.537 -19.364 219.236
v 4.022 -24.022 219.247
v -0.286 -27.518 219.229
v -9.866 -28.563 219.246
v -5.354 -28.983 219.232
v -13.496 -27.245 219.233
v -15.078 -26.163 219.243
v 6.528 -17.1 218.431
v 6.958 -17.08 218.846
v 3.075 -24.832 218.84
v -4.673 -28.306 218.438
v -4.672 -28.706 218.839
v -13.484 -22.03 286.266
v -10.822 -23.905 286.262
v -7.347 -24.837 286.264
v -3.734 -24.431 286.268
v -0.665 -22.83 286.267
v 1.481 -20.42 286.272
v 2.8 -17.226 286.264
v 2.941 -13.616 286.267
v 2.014 -10.674 286.271
v 0.277 -8.271 286.27
v -2.816 -6.284 286.259
v -6.54 -5.472 286.267
v -10.276 -6.272 286.268
v -13.364 -8.287 286.259
v -15.484 -11.346 286.268
v -16.278 -14.679 286.271
v -15.894 -17.761 286.263
v -14.955 -20.029 286.265
v -14.167 -21.106 286.258
v 3.219 -5.33 284.27
v -0.274 -2.808 284.26
v -5.479 -1.339 284.26
v -10.815 -2.003 284.263
v -15.504 -4.551 284.255
v -18.957 -8.81 284.264
v -20.412 -13.874 284.271
v -20.022 -18.422 284.266
v -18.679 -22.021 284.27
v -17.483 -23.627 284.267
v -16.409 -24.958 284.27
v -12.948 -27.503 284.264
v -7.726 -28.961 284.272
v -2.413 -28.313 284.258
v 2.272 -25.768 284.264
v 5.74 -21.498 284.262
v 7.209 -16.423 284.262
v 6.795 -11.893 284.256
v 5.476 -8.277 284.264
v 4.286 -6.667 284.269
v -18.412 -15.879 286.273
v -17.897 -11.486 286.263
v -17.212 -20.286 286.272
v -15.762 -7.616 286.262
v -14.957 -23.502 286.264
v -13.629 -24.708 286.26
v -12.301 -4.818 286.257
v -11.888 -25.773 286.263
v -8.811 -26.836 286.266
v -8.283 -3.475 286.263
v -4.943 -26.839 286.264
v -4.4 -3.467 286.269
v -1.326 -4.533 286.27
v -0.922 -25.627 286.272
v 0.411 -5.6 286.271
v 1.736 -6.809 286.266
v 2.523 -22.708 286.258
v 3.991 -10.024 286.258
v 4.685 -18.951 286.272
v 5.196 -14.428 286.26
v -16.274 -24.824 284.938
v -16.007 -24.557 285.606
v -15.47 -24.154 286.141
v -15.239 -23.779 286.257
v 3.204 -5.341 284.663
v 3.069 -5.476 285.063
v 2.804 -5.742 285.731
v 2.259 -6.283 286.127
v -20.024 -13.215 285.2
v -19.378 -13.364 285.99
v -16.303 -5.617 285.191
v -15.607 -6.131 286.006
v -8.555 -1.743 285.193
v -8.425 -2.413 285.992
v 6.823 -17.081 285.204
v 6.152 -16.95 286.004
v 2.941 -24.832 285.199
v 2.386 -24.179 285.99
v -4.688 -28.584 285.19
v -4.802 -27.902 286.001
v 22.041 -27.498 258.232
v 22.039 -28.301 258.765
v 22.419 -27.914 258.221
v 21.765 -27.237 258.094
v 21.363 -27.638 258.627
v 21.35 -26.847 257.552
v 20.845 -26.96 258.101
v 21.111 -26.56 256.899
v 20.413 -26.581 257.284
v 20.962 -26.437 256.224
v 20.303 -26.431 256.361
v 21.08 -26.582 255.415
v 20.286 -26.576 255.418
v 21.355 -26.977 254.884
v 20.686 -26.977 254.617
v 21.887 -27.378 254.349
v 21.216 -27.514 254.081
v 22.437 -27.902 254.224
v 21.639 -27.9 253.825
v 22.013 -28.318 253.812
v 22.984 -28.427 254.497
v 23.381 -28.83 254.896
v 23.64 -29.102 255.426
v 23.747 -29.254 256.081
v 23.783 -29.229 256.9
v 23.482 -28.986 257.55
v 23.231 -28.707 257.959
v 22.828 -28.309 258.225
v 22.564 -28.039 258.226
v 21.351 -28.982 258.755
v 20.711 -28.295 258.635
v 20.163 -27.771 258.094
v 19.77 -27.365 257.297
v 19.509 -27.227 256.365
v 19.625 -27.24 255.421
v 20.039 -27.631 254.627
v 20.563 -28.172 254.088
v 20.98 -28.561 253.829
v 21.357 -28.978 253.817
v 22.682 -28.985 253.946
v 23.242 -29.501 254.493
v 23.627 -29.912 255.153
v 23.776 -30.035 256.095
v 23.769 -29.906 257.026
v 23.362 -29.644 257.824
v 22.958 -29.246 258.356
v 22.577 -28.832 258.633
v 22.311 -28.564 258.767
v 22.577 -30.167 258.099
v 22.182 -29.763 257.167
v 22.964 -30.577 257.291
v 22.035 -29.638 258.629
v 21.884 -29.517 257.553
v 21.623 -29.246 257.689
v 22.311 -29.899 256.765
v 23.091 -30.715 256.487
v 21.507 -29.1 257.698
v 21.357 -28.978 257.823
v 22.422 -30.048 256.219
v 22.954 -30.584 255.55
v 20.959 -28.576 257.69
v 22.298 -29.908 255.69
v 22.698 -30.309 254.755
v 20.545 -28.184 257.284
v 22.021 -29.648 255.151
v 22.284 -29.918 254.214
v 21.76 -29.377 254.887
v 20.278 -28.051 256.883
v 21.892 -29.512 253.951
v 21.359 -28.976 254.753
v 21.636 -29.237 253.823
v 20.283 -27.914 256.351
v 20.309 -27.896 255.83
v 21.112 -28.696 254.763
v 20.828 -28.44 254.888
v 20.576 -28.163 255.296
v 20.574 -29.633 257.832
v 20.155 -29.245 257.689
v 19.902 -28.968 257.296
v 19.609 -28.72 256.882
v 19.503 -28.567 256.362
v 19.635 -28.701 255.827
v 19.772 -28.832 255.295
v 20.144 -29.253 254.88
v 20.434 -29.37 254.758
v 20.545 -29.653 254.746
v 20.966 -30.039 254.89
v 21.347 -30.454 255.147
v 21.625 -30.58 255.687
v 21.637 -30.704 256.227
v 21.625 -30.713 256.755
v 21.37 -30.438 257.295
v 21.085 -30.183 257.553
v 20.84 -29.901 257.698
v 21.239 -30.302 253.959
v 21.91 -30.834 254.494
v 22.15 -31.254 255.148
v 22.446 -31.366 256.098
v 20.555 -29.646 253.817
v 22.293 -31.381 257.022
v 20.163 -29.239 253.821
v 19.911 -28.829 254.095
v 22.012 -31.123 257.817
v 19.237 -28.299 254.626
v 21.646 -30.698 258.368
v 21.223 -30.18 258.624
v 18.971 -28.031 255.428
v 20.815 -29.918 258.753
v 20.566 -29.639 258.762
v 18.834 -27.9 256.361
v 20.017 -28.981 258.622
v 18.944 -28.05 257.284
v 19.374 -28.43 258.1
v 16.704 -32.302 258.634
v 17.346 -32.854 258.755
v 16.162 -31.64 258.096
v 15.769 -31.234 257.299
v 15.621 -31.111 256.357
v 15.615 -31.248 255.419
v 16.039 -31.499 254.63
v 16.567 -32.171 254.093
v 16.969 -32.57 253.826
v 17.375 -32.833 253.829
v 18.022 -33.649 253.952
v 18.575 -34.17 254.496
v 18.945 -34.458 255.148
v 19.087 -34.719 256.087
v 19.089 -34.584 257.023
v 18.838 -34.306 257.832
v 18.287 -33.917 258.358
v 17.882 -33.52 258.622
v 17.613 -33.121 258.755
v 16.684 -32.85 254.218
v 17.089 -33.247 254.22
v 16.435 -32.57 254.361
v 16.011 -32.052 254.883
v 15.625 -31.775 255.558
v 15.63 -31.772 256.361
v 15.767 -31.769 257.164
v 16.037 -32.168 257.833
v 16.55 -32.717 258.223
v 17.104 -33.237 258.367
v 17.349 -33.386 258.356
v 17.477 -33.657 258.219
v 17.91 -34.034 257.969
v 18.3 -34.309 257.563
v 18.412 -34.591 256.884
v 18.577 -34.703 256.099
v 18.414 -34.589 255.417
v 18.169 -34.174 254.76
v 17.615 -33.787 254.35
v 16.422 -33.914 258.76
v 15.738 -33.259 258.618
v 15.096 -32.706 258.097
v 14.68 -32.317 257.288
v 14.572 -32.165 256.367
v 14.681 -32.182 255.42
v 15.088 -32.579 254.622
v 15.629 -33.108 254.091
v 16.013 -33.52 253.816
v 16.436 -33.904 253.827
v 17.086 -34.584 253.952
v 17.617 -35.121 254.484
v 18.037 -35.508 255.162
v 18.165 -35.645 256.093
v 18.029 -35.647 257.027
v 17.75 -35.255 257.822
v 17.376 -34.835 258.369
v 16.938 -34.461 258.618
v 16.683 -34.186 258.757
v 7.195 -43.138 258.753
v 6.543 -42.459 258.627
v 5.997 -41.933 258.087
v 5.625 -41.513 257.3
v 5.485 -41.383 256.363
v 5.476 -41.39 255.423
v 5.885 -41.785 254.626
v 6.409 -42.326 254.087
v 6.813 -42.724 253.822
v 7.221 -43.119 253.826
v 7.892 -43.784 253.961
v 8.431 -44.315 254.497
v 8.831 -44.716 255.299
v 8.962 -44.851 256.232
v 8.818 -44.725 257.161
v 8.537 -44.468 257.955
v 8.03 -43.915 258.503
v 7.595 -43.538 258.753
v 8.135 -44.068 253.148
v 8.809 -44.731 253.819
v 9.357 -45.256 254.76
v 9.604 -45.537 256.085
v 7.218 -43.121 252.89
v 6.672 -42.596 252.884
v 9.47 -45.404 257.287
v 6.134 -42.064 253.149
v 9.08 -44.995 258.361
v 5.336 -41.261 253.952
v 8.549 -44.46 259.163
v 8.022 -43.92 259.567
v 4.819 -40.715 255.162
v 7.629 -43.514 259.704
v 7.193 -43.139 259.687
v 4.812 -40.586 256.36
v 6.288 -42.183 259.435
v 4.946 -40.853 257.696
v 5.462 -41.399 258.755
v 0.92 -49.279 259.688
v 0.003 -48.465 259.43
v -0.674 -47.671 258.758
v -1.189 -47.124 257.699
v -1.457 -46.857 256.363
v -1.338 -47.001 255.154
v -0.926 -47.527 253.958
v -0.145 -48.209 253.147
v 0.404 -48.732 252.887
v 0.952 -49.256 252.894
v 1.875 -50.199 253.022
v 2.658 -51.013 253.814
v 3.189 -51.549 254.881
v 3.32 -51.818 256.081
v 3.196 -51.678 257.421
v 2.806 -51.136 258.495
v 2.02 -50.458 259.303
v 1.459 -49.943 259.557
v 2.279 -50.731 251.689
v 3.489 -51.793 252.627
v 4.157 -52.461 254.23
v 4.55 -52.867 255.962
v 0.919 -49.28 251.276
v 0.277 -48.594 251.422
v 4.254 -52.753 257.817
v -0.409 -47.939 251.68
v 3.737 -52.073 259.294
v -1.467 -46.864 252.619
v 2.943 -51.267 260.366
v -2.152 -46.209 253.946
v 2.121 -50.481 261.023
v -2.522 -45.787 255.43
v 1.478 -49.797 261.168
v 0.934 -49.269 261.297
v -2.554 -45.809 257.016
v -0.418 -47.945 260.888
v -2.146 -46.205 258.489
v -1.483 -46.875 259.822
v -0.384 -50.726 261.306
v -1.852 -49.39 260.906
v -2.95 -48.209 259.689
v -3.728 -47.392 258.098
v -3.998 -47.127 256.094
v -3.611 -47.537 254.218
v -2.803 -48.333 252.619
v -1.737 -49.403 251.55
v -0.384 -50.726 251.292
v 0.947 -52.064 251.69
v 2.127 -53.281 252.748
v 2.799 -54.079 254.486
v 3.088 -54.197 256.499
v 2.787 -53.953 258.352
v 1.863 -53.145 259.959
v 0.808 -51.934 260.9
v 17.35 -36.99 254.217
v 7.601 -46.338 253.816
v 7.732 -46.607 254.215
v 16.705 -36.307 253.294
v 6.659 -45.409 253.011
v 7.224 -45.921 253.427
v 15.772 -35.371 252.894
v 5.863 -44.604 252.746
v 14.969 -34.571 252.893
v 5.064 -43.801 252.881
v 14.036 -33.636 253.294
v 4.269 -42.996 253.551
v 13.361 -32.973 254.092
v 3.589 -42.337 254.48
v 12.955 -32.576 255.157
v 3.34 -42.057 255.691
v 12.806 -32.453 256.218
v 3.355 -42.047 257.033
v 12.94 -32.587 257.153
v 13.08 -32.716 257.823
v 3.75 -42.451 258.232
v 13.237 -32.966 258.236
v 4.158 -42.846 258.904
v 13.879 -33.518 259.158
v 4.54 -43.26 259.295
v 14.829 -34.442 259.699
v 5.482 -44.19 259.699
v 15.773 -35.37 259.704
v 6.411 -45.128 259.696
v 16.69 -36.317 259.295
v 7.201 -45.937 259.023
v 17.236 -36.977 258.366
v 7.862 -46.609 258.085
v 17.763 -37.382 257.161
v 8.142 -47.001 256.89
v 17.777 -37.373 255.832
v 8.14 -46.868 255.42
v 17.617 -37.257 255.018
v 15.344 -35.123 253.682
v 16.039 -35.638 253.962
v 16.405 -36.063 254.212
v 14.802 -34.461 253.811
v 16.565 -36.312 254.492
v 16.813 -36.458 254.883
v 14.167 -33.771 254.228
v 17.099 -36.712 255.694
v 13.751 -33.381 255.021
v 17.087 -36.721 256.622
v 13.487 -33.246 255.824
v 16.819 -36.454 257.556
v 13.479 -33.251 256.755
v 16.408 -36.061 258.353
v 13.868 -33.526 257.684
v 14.009 -33.788 258.088
v 15.764 -35.51 258.765
v 14.432 -34.039 258.5
v 15.073 -34.725 258.753
v 6.531 -45.404 250.343
v 5.084 -43.787 250.354
v 8.141 -46.868 251.148
v 3.593 -42.334 251.011
v 9.337 -48.073 252.881
v 9.603 -48.341 253.682
v 2.421 -41.112 252.494
v 9.896 -48.59 254.629
v 10.01 -48.737 256.222
v 1.72 -40.468 254.48
v 9.894 -48.592 258.1
v 1.475 -40.185 256.361
v 1.608 -40.319 257.962
v 9.061 -47.946 259.953
v 1.862 -40.595 258.89
v 2.255 -41.001 259.688
v 8.002 -46.738 261.426
v 3.474 -42.19 261.299
v 6.556 -45.253 262.239
v 4.944 -43.658 262.234
v 14.553 -32.713 257.692
v 14.971 -33.235 258.368
v 15.606 -33.925 258.752
v 16.431 -34.576 258.765
v 16.961 -35.246 258.496
v 17.477 -35.66 257.819
v 17.754 -36.053 256.889
v 17.77 -36.042 255.963
v 17.618 -35.921 255.286
v 17.483 -35.789 254.884
v 16.956 -35.25 254.087
v 16.432 -34.575 253.825
v 15.744 -33.922 253.814
v 15.091 -33.377 254.089
v 14.549 -32.849 254.753
v 14.288 -32.578 255.557
v 14.138 -32.456 256.216
v 14.297 -32.571 257.03
v 14.402 -32.592 257.416
v 2.688 -41.112 260.505
v 2.284 -40.713 259.836
v 2.124 -40.866 259.822
v 3.221 -41.647 261.305
v 4.27 -42.728 262.097
v 5.589 -44.075 262.49
v 7.197 -45.673 262.225
v 9.748 -48.2 259.429
v 8.696 -47.12 261.173
v 10.28 -48.735 257.291
v 10.269 -48.743 255.016
v 9.485 -48.063 252.755
v 9.342 -48.07 252.75
v 5.603 -44.198 262.497
v 5.594 -44.338 262.359
v 8.288 -46.859 261.436
v 8.259 -47.012 261.288
v 9.886 -48.597 258.229
v 9.082 -47.531 251.952
v 8.547 -46.997 251.285
v 7.491 -45.921 250.489
v 6.144 -44.594 250.083
v 4.679 -43.123 250.352
v 2.124 -40.598 253.147
v 3.212 -41.653 251.421
v 1.615 -40.047 255.295
v 1.592 -40.063 257.554
v 6.019 -44.588 250.087
v 5.999 -44.735 250.077
v 3.348 -41.918 251.155
v 3.326 -42.067 251.144
v 1.601 -40.324 254.354
v 13.611 -31.783 255.686
v 13.888 -32.177 254.489
v 13.616 -31.913 257.024
v 14.539 -32.723 253.546
v 14.038 -32.165 258.236
v 14.299 -32.57 258.767
v 15.341 -33.523 252.879
v 14.823 -33.111 259.296
v 16.147 -34.454 252.748
v 15.764 -33.908 259.7
v 16.956 -35.117 253.019
v 17.503 -35.775 253.426
v 16.701 -34.974 259.567
v 17.745 -36.06 253.947
v 18.032 -36.313 254.358
v 17.508 -35.771 259.036
v 18.434 -36.579 255.427
v 18.145 -36.327 258.086
v 18.43 -36.714 256.76
v 4.553 -38.444 259.835
v 5.891 -39.644 261.573
v 7.35 -41.119 262.369
v 8.952 -42.722 262.502
v 10.53 -44.341 261.689
v 11.756 -45.526 260.099
v 12.408 -46.204 258.222
v 12.679 -46.468 256.221
v 12.549 -46.333 254.62
v 12.302 -46.051 253.563
v 11.9 -45.652 252.761
v 10.681 -44.463 251.016
v 9.07 -42.866 250.077
v 7.487 -41.251 250.087
v 6.026 -39.776 250.892
v 4.821 -38.577 252.492
v 4.013 -37.781 254.358
v 3.885 -37.644 256.364
v 4.004 -37.787 257.959
v 4.29 -38.041 259.036
v 12.132 -31.924 257.149
v 12.702 -32.299 258.77
v 12.159 -31.772 255.56
v 12.547 -32.181 253.952
v 13.346 -32.983 252.749
v 14.419 -34.048 251.951
v 15.47 -35.128 251.808
v 16.41 -36.06 252.078
v 17.223 -36.852 252.618
v 17.607 -37.264 253.144
v 17.875 -37.53 253.679
v 18.439 -38.044 255.162
v 18.413 -38.062 257.019
v 18.024 -37.653 258.627
v 17.229 -36.848 259.831
v 16.17 -35.774 260.637
v 14.942 -34.59 260.757
v 13.741 -33.388 260.224
v 13.204 -32.856 259.554
v 5.609 -38.72 260.23
v 5.205 -38.322 259.56
v 5.204 -38.322 259.56
v 5.069 -38.19 259.693
v 4.949 -38.18 259.7
v 4.803 -38.323 259.827
v 6.125 -39.266 260.889
v 7.059 -40.202 261.689
v 8.396 -41.402 261.957
v 9.753 -42.856 261.834
v 12.144 -45.134 259.158
v 11.09 -44.189 260.767
v 12.557 -45.659 257.162
v 12.549 -45.665 255.021
v 11.883 -44.996 253.019
v 12.021 -45.126 252.888
v 12.003 -45.273 252.745
v 12.022 -45.526 252.755
v 11.874 -45.536 252.748
v 8.415 -41.522 262.234
v 8.272 -41.662 262.496
v 10.957 -44.056 261.168
v 10.958 -44.322 261.436
v 12.546 -46.068 258.224
v 11.612 -44.598 252.35
v 11.091 -44.055 251.689
v 10.014 -43.126 250.883
v 8.829 -41.913 250.491
v 7.353 -40.45 250.754
v 5.092 -38.174 253.295
v 6.003 -39.125 251.815
v 4.557 -37.64 255.298
v 4.673 -37.653 257.425
v 8.69 -41.917 250.221
v 8.557 -42.051 250.088
v 6.139 -39.257 251.282
v 5.857 -39.401 251.141
v 4.264 -37.658 254.35
v 11.204 -44.336 253.681
v 10.685 -43.792 252.887
v 10.141 -43.131 252.349
v 8.962 -42.047 251.826
v 7.739 -40.861 251.948
v 6.666 -39.796 252.747
v 5.889 -38.978 253.961
v 5.466 -38.593 255.552
v 5.47 -38.59 257.29
v 6.014 -39.117 258.764
v 6.427 -39.509 259.571
v 7.095 -40.176 260.239
v 9.465 -42.47 260.622
v 8.281 -41.255 260.765
v 10.56 -43.519 259.835
v 11.343 -44.333 258.624
v 11.607 -44.735 255.285
v 11.742 -44.868 257.021
v 20.547 -30.052 253.68
v 20.827 -30.31 253.819
v 21.104 -30.17 253.424
v 20.415 -29.517 253.413
v 20.278 -29.787 253.678
v 19.887 -29.38 253.816
v 19.909 -28.83 253.694
v 19.488 -28.978 254.085
v 19.37 -28.433 254.226
v 19.243 -28.562 254.63
v 18.942 -28.052 254.88
v 18.96 -28.439 255.289
v 18.972 -27.897 255.829
v 18.944 -28.451 256.082
v 19.084 -28.045 256.62
v 19.097 -28.57 256.76
v 19.344 -28.318 257.284
v 19.493 -28.974 257.425
v 19.628 -28.706 257.693
v 19.909 -28.964 257.967
v 20.035 -29.503 257.829
v 20.161 -29.108 258.093
v 20.177 -29.23 250.891
v 18.844 -27.893 251.426
v 17.772 -26.827 252.759
v 21.648 -30.697 251.025
v 17.205 -26.316 254.479
v 22.713 -31.767 251.825
v 17.08 -26.177 256.485
v 21.628 -30.711 253.953
v 23.636 -32.71 253.154
v 22.043 -31.101 254.628
v 17.641 -26.692 258.368
v 24.046 -33.104 255.028
v 22.31 -31.368 255.429
v 18.442 -27.493 259.703
v 24.046 -33.104 257.031
v 22.302 -31.241 256.359
v 22.048 -30.964 257.167
v 19.618 -28.713 260.492
v 20.547 -29.519 258.219
v 23.368 -32.444 258.762
v 21.495 -30.577 257.825
v 20.977 -30.032 260.771
v 20.968 -29.904 258.096
v 22.302 -31.374 260.098
v 16.143 -33.255 257.82
v 15.608 -32.722 257.418
v 15.342 -32.454 256.751
v 15.083 -32.181 256.088
v 15.084 -32.18 255.287
v 15.371 -32.434 254.63
v 15.766 -32.839 254.093
v 16.154 -33.248 253.819
v 16.543 -33.656 253.68
v 16.84 -33.902 253.695
v 16.976 -34.034 253.83
v 20.277 -29.788 257.817
v 20.679 -30.187 257.818
v 21.211 -30.722 257.55
v 21.638 -31.104 257.029
v 21.9 -31.242 256.225
v 21.899 -31.376 255.557
v 21.629 -31.111 254.754
v 21.369 -30.705 254.09
v 21.355 -31.116 250.478
v 22.553 -32.32 251.411
v 23.625 -33.386 253.015
v 24.167 -33.914 255.156
v 24.037 -33.778 257.16
v 23.357 -33.119 259.023
v 22.292 -32.048 260.494
v 20.834 -30.572 261.166
v 19.898 -29.772 261.166
v 19.105 -28.965 261.036
v 17.759 -27.504 259.963
v 16.819 -26.573 258.491
v 16.409 -26.18 256.617
v 16.413 -26.177 254.617
v 17.081 -26.844 252.748
v 18.039 -27.762 251.291
v 19.084 -28.846 250.611
v 20.166 -29.905 250.351
v 20.813 -30.587 250.341
v 17.497 -34.578 254.09
v 17.902 -34.975 254.76
v 18.043 -35.103 255.565
v 18.035 -35.108 256.229
v 17.774 -34.837 257.033
v 17.367 -34.442 257.563
v 16.826 -33.912 257.827
v 16.428 -33.643 257.828
v 15.342 -32.855 257.686
v 15.905 -33.368 258.101
v 14.957 -32.443 256.893
v 14.677 -32.185 256.085
v 14.701 -32.168 255.296
v 14.946 -32.451 254.484
v 15.346 -32.852 253.816
v 15.892 -33.378 253.421
v 16.286 -33.783 253.418
v 16.552 -34.184 253.418
v 16.824 -34.447 253.42
v 19.091 -35.918 251.416
v 17.891 -34.582 250.482
v 20.156 -36.855 253.016
v 20.551 -37.393 255.15
v 20.427 -37.253 257.158
v 19.913 -36.704 259.037
v 18.711 -35.504 260.505
v 17.229 -34.044 261.166
v 16.424 -33.245 261.165
v 15.621 -32.446 261.03
v 14.281 -31.114 259.96
v 13.365 -30.166 258.5
v 12.953 -29.774 256.625
v 12.932 -29.788 254.612
v 13.478 -30.314 252.748
v 14.417 -31.246 251.282
v 15.477 -32.319 250.61
v 16.558 -33.379 250.349
v 17.21 -34.057 250.342
v 17.352 -34.986 253.817
v 17.874 -35.395 254.613
v 18.035 -35.642 255.428
v 18.026 -35.515 256.358
v 17.755 -35.251 257.157
v 17.228 -34.846 257.828
v 16.684 -34.185 258.09
v 16.281 -33.786 258.222
v 14.703 -32.301 251.425
v 13.758 -31.24 252.488
v 16.03 -33.508 250.887
v 13.073 -30.584 254.082
v 17.368 -34.841 251.022
v 18.019 -35.521 251.414
v 12.817 -30.443 255.822
v 18.545 -36.193 251.944
v 13.101 -30.565 257.567
v 19.353 -36.856 253.149
v 13.626 -31.105 258.898
v 19.755 -37.39 254.752
v 14.29 -31.909 259.83
v 19.893 -37.387 256.356
v 14.834 -32.436 260.236
v 15.365 -32.838 260.502
v 19.644 -37.106 257.834
v 16.673 -34.193 260.755
v 18.958 -36.452 259.16
v 18.012 -35.525 260.223
v 21.751 -30.852 256.618
v 22.288 -30.449 256.619
v 21.903 -30.839 256.627
v 22.156 -30.315 256.62
v 21.642 -30.701 256.763
v 22.156 -30.315 256.754
v 22.948 -32.057 257.417
v 22.824 -31.917 257.021
v 22.956 -32.051 257.287
v 22.966 -32.044 257.159
v 22.71 -31.77 258.099
v 22.823 -31.917 257.021
v 21.629 -30.577 256.891
v 21.514 -30.43 257.167
v 22.446 -31.366 258.768
v 21.914 -30.965 259.303
v 21.233 -30.307 258.495
v 21.215 -30.186 258.486
v 21.48 -30.454 259.553
v 21.242 -30.3 258.366
v 21.096 -30.175 258.627
v 21.379 -30.297 257.434
v 21.081 -30.052 258.62
v 20.844 -29.898 259.703
v 21.098 -30.174 257.827
v 21.216 -30.185 257.552
v 21.086 -30.182 257.688
v 20.696 -29.641 258.761
v 20.442 -29.365 258.767
v 20.831 -29.907 254.756
v 20.679 -29.786 254.747
v 20.828 -29.909 254.621
v 21.087 -30.182 253.148
v 20.963 -30.041 252.886
v 21.079 -30.187 253.011
v 21.091 -30.179 252.883
v 19.899 -28.97 259.564
v 20.168 -29.236 258.63
v 20.032 -29.105 258.629
v 20.707 -29.767 254.761
v 20.832 -29.906 254.489
v 20.011 -29.119 258.485
v 20.959 -30.044 252.751
v 20.563 -29.507 254.756
v 20.028 -29.108 258.36
v 20.013 -29.118 257.551
v 20.015 -29.116 257.82
v 20.018 -29.114 257.687
v 19.778 -28.828 257.301
v 20.429 -29.374 252.753
v 20.313 -29.361 254.898
v 19.893 -28.975 255.021
v 19.75 -28.848 254.883
v 20.027 -29.108 255.021
v 19.088 -28.043 259.025
v 20.035 -28.969 258.497
v 19.626 -28.574 256.49
v 19.352 -28.445 256.22
v 19.512 -28.561 256.366
v 19.612 -28.584 254.614
v 19.751 -28.847 253.014
v 19.61 -28.719 256.883
v 19.086 -28.044 256.086
v 19.371 -28.299 254.627
v 19.348 -28.315 253.28
v 19.48 -28.45 254.481
v 18.422 -27.508 257.957
v 18.674 -27.651 254.212
v 18.967 -28.034 255.293
v 19.091 -28.174 254.887
v 19.219 -28.311 254.618
v 18.155 -27.241 256.756
v 18.956 -28.042 256.088
v 18.97 -27.898 255.962
v 18.811 -27.916 255.949
v 18.159 -27.238 255.423
v 18.828 -27.904 255.824
v 22.016 -30.186 256.884
v 23.239 -31.372 257.028
v 23.349 -31.656 257.283
v 23.362 -31.646 257.424
v 23.375 -31.505 257.163
v 23.36 -31.515 257.022
v 22.311 -30.567 259.301
v 22.832 -30.976 258.761
v 23.092 -31.382 258.09
v 19.779 -27.893 253.295
v 19.076 -27.25 254.212
v 18.674 -26.851 255.413
v 18.574 -26.827 256.765
v 18.843 -27.093 257.968
v 19.496 -27.637 259.028
v 20.301 -28.569 259.565
v 21.221 -29.514 259.691
v 21.747 -30.053 259.554
v 21.352 -29.516 252.746
v 20.817 -28.982 252.746
v 20.295 -28.44 253.019
v 21.507 -29.767 253.025
v 21.478 -29.788 253.143
v 21.481 -29.652 252.878
v 21.493 -29.644 252.884
v 21.38 -29.496 254.496
v 21.239 -29.368 254.76
v 21.106 -29.234 254.76
v 21.236 -29.369 254.758
v 21.23 -29.508 254.622
v 20.834 -28.97 254.757
v 20.697 -28.839 254.889
v 20.433 -28.703 255.024
v 20.304 -28.567 255.027
v 20.311 -28.429 254.896
v 20.026 -28.174 254.62
v 19.885 -28.045 254.483
v 19.773 -27.897 254.627
v 19.613 -27.915 254.614
v 19.501 -27.633 255.159
v 19.341 -27.518 255.413
v 19.365 -27.502 255.826
v 19.365 -27.502 255.959
v 19.346 -27.515 255.95
v 19.342 -27.652 256.081
v 19.502 -27.633 256.094
v 19.912 -28.027 256.232
v 19.908 -28.163 256.364
v 20.036 -28.167 256.495
v 20.019 -28.312 256.887
v 20.177 -28.429 257.299
v 20.447 -28.56 257.568
v 20.545 -28.719 257.817
v 20.573 -28.699 257.698
v 20.425 -28.576 258.358
v 20.422 -28.578 258.49
v 20.42 -28.712 258.489
v 20.555 -28.712 258.623
v 20.561 -28.707 258.627
v 20.975 -29.098 258.767
v 21.215 -29.384 258.753
v 21.478 -29.654 258.618
v 21.492 -29.778 258.625
v 21.625 -29.778 258.491
v 21.613 -29.787 258.485
v 21.628 -29.777 258.359
v 21.503 -29.77 257.829
v 21.627 -29.777 257.557
v 21.491 -29.779 257.69
v 21.773 -30.035 257.297
v 21.88 -30.187 257.016
v 15.87 -22.711 323.642
v 2.941 -36.715 323.787
v 16.407 -23.244 323.776
v 15.217 -22.167 323.382
v 1.984 -35.796 323.508
v 14.568 -21.353 322.59
v 1.202 -34.982 322.85
v 14.008 -20.971 321.375
v 0.665 -34.45 321.78
v 13.883 -20.831 320.178
v 0.402 -34.313 320.447
v 14.135 -20.975 318.835
v 0.526 -34.454 319.107
v 14.691 -21.628 317.778
v 1.058 -34.856 317.905
v 15.478 -22.439 316.97
v 1.856 -35.659 317.102
v 16.416 -23.237 316.705
v 2.414 -36.176 316.847
v 2.926 -36.726 316.702
v 16.699 -22.158 322.721
v 17.098 -22.56 322.72
v 16.293 -21.761 322.451
v 15.346 -20.969 321.11
v 15.762 -21.225 321.918
v 15.346 -20.835 320.175
v 15.478 -20.97 319.24
v 16.434 -21.89 317.915
v 15.886 -21.365 318.442
v 17.076 -22.575 317.769
v 16.678 -23.641 316.836
v 17.773 -24.691 317.383
v 3.871 -37.653 316.975
v 17.229 -24.03 316.977
v 18.291 -25.236 318.176
v 4.688 -38.443 317.784
v 18.709 -25.624 319.253
v 5.206 -38.989 318.843
v 18.829 -25.768 320.448
v 5.488 -39.245 320.187
v 18.568 -25.496 321.786
v 5.204 -39.123 321.38
v 18.143 -24.979 322.842
v 4.823 -38.576 322.591
v 17.351 -24.305 323.514
v 3.996 -37.793 323.379
v 3.469 -37.254 323.649
v 4.264 -38.059 315.635
v 5.331 -39.128 316.703
v 6.144 -39.921 318.178
v 6.402 -40.194 319.909
v 2.951 -36.708 315.246
v 2.284 -36.04 315.38
v 6.268 -40.061 321.778
v 1.599 -35.385 315.638
v 5.741 -39.522 323.384
v 0.534 -34.314 316.575
v 4.929 -38.728 324.447
v -0.119 -33.636 317.917
v 4.151 -37.911 324.992
v -0.532 -33.245 319.513
v 3.462 -37.258 325.249
v 2.922 -36.728 325.246
v -0.539 -33.25 320.978
v 1.61 -35.377 324.857
v -0.249 -33.501 322.592
v 0.525 -34.321 323.914
v 17.747 -23.24 317.904
v 18.28 -23.775 318.438
v 18.701 -24.161 319.249
v 18.818 -24.307 320.042
v 18.844 -24.288 320.99
v 18.422 -24.036 321.78
v 18.017 -23.638 322.312
v 17.641 -23.088 322.591
v 17.339 -22.845 322.707
v 1.218 -35.772 324.861
v 2.537 -37.118 325.253
v 0.151 -34.569 323.927
v -0.552 -33.927 322.574
v -0.933 -33.646 320.981
v -0.927 -33.641 319.516
v -0.529 -33.91 317.912
v 0.152 -34.702 316.584
v 1.198 -35.652 315.638
v 1.873 -36.448 315.374
v 2.521 -37.129 315.232
v 4.012 -38.449 315.643
v 5.063 -39.529 316.702
v 5.729 -40.331 318.171
v 6.159 -40.578 319.921
v 6.015 -40.451 321.785
v 5.338 -39.924 323.383
v 4.553 -39.112 324.459
v 3.721 -38.199 324.977
v 3.058 -37.661 325.247
v -1.877 -40.462 317.105
v -1.331 -40.987 317.111
v -2.278 -39.928 317.371
v -3.087 -39.266 318.169
v -3.466 -38.85 319.247
v -3.616 -38.728 320.441
v -3.33 -38.848 321.652
v -2.956 -39.402 322.573
v -2.13 -40.185 323.254
v -1.336 -40.991 323.517
v -0.818 -41.537 323.375
v -0.27 -42.061 323.115
v 0.386 -42.736 322.442
v 0.797 -43.129 321.379
v 0.916 -43.274 320.17
v 0.814 -42.984 318.984
v 0.265 -42.594 317.909
v -0.396 -41.789 317.244
v -0.253 -41.915 322.723
v 0.661 -42.998 320.31
v -2.279 -39.929 322.712
v -0.261 -41.921 317.779
v -3.338 -38.988 320.313
v -2.262 -39.917 317.78
v 0.148 -37.509 317.783
v -0.939 -36.454 320.311
v 0.132 -37.52 322.715
v 2.144 -39.517 322.72
v 3.207 -40.588 320.314
v 2.133 -39.524 317.774
v 15.904 -22.688 305.633
v 2.937 -36.718 305.759
v 16.432 -23.226 305.764
v 15.233 -22.156 305.365
v 2.009 -35.779 305.495
v 14.55 -21.366 304.556
v 1.186 -34.993 304.817
v 14.034 -20.953 303.363
v 0.684 -34.437 303.765
v 13.878 -20.834 302.15
v 0.386 -34.325 302.414
v 14.162 -20.957 300.823
v 0.55 -34.437 301.094
v 14.698 -21.623 299.756
v 1.051 -34.861 300.009
v 15.487 -22.432 298.949
v 1.87 -35.649 299.217
v 16.432 -23.226 298.821
v 2.417 -36.174 298.823
v 2.951 -36.708 298.823
v 16.683 -22.169 304.688
v 17.106 -22.554 304.833
v 16.282 -21.768 304.554
v 15.351 -20.965 303.087
v 15.772 -21.218 303.898
v 15.363 -20.823 302.158
v 15.472 -20.974 301.212
v 16.416 -21.902 300.015
v 15.885 -21.366 300.417
v 17.082 -22.571 299.747
v 16.697 -23.628 298.82
v 17.773 -24.69 299.358
v 3.875 -37.65 299.085
v 17.21 -24.043 298.943
v 18.282 -25.242 300.146
v 4.657 -38.465 299.743
v 18.695 -25.634 301.221
v 5.21 -38.986 300.82
v 18.843 -25.758 302.563
v 5.461 -39.264 302.148
v 18.553 -25.507 303.753
v 5.194 -39.13 303.483
v 18.146 -24.977 304.819
v 4.804 -38.589 304.557
v 17.359 -24.3 305.493
v 4.001 -37.79 305.356
v 3.481 -37.245 305.631
v 4.283 -38.046 297.62
v 5.334 -39.126 298.68
v 6.143 -39.921 300.152
v 6.39 -40.202 301.878
v 2.944 -36.713 297.217
v 2.275 -36.047 297.35
v 6.284 -40.049 303.761
v 1.586 -35.394 297.607
v 5.73 -39.53 305.353
v 0.518 -34.326 298.541
v 4.959 -38.708 306.436
v -0.133 -33.646 299.885
v 4.137 -37.921 306.96
v -0.518 -33.235 301.495
v 3.46 -37.26 307.222
v 2.937 -36.718 307.228
v -0.521 -33.237 302.962
v 1.61 -35.378 306.965
v -0.263 -33.511 304.56
v 0.523 -34.322 305.888
v 17.755 -23.235 300.016
v 18.287 -23.77 300.416
v 18.687 -24.171 301.217
v 18.823 -24.303 302.153
v 18.831 -24.297 303.091
v 18.437 -24.026 303.762
v 18.039 -23.623 304.298
v 17.627 -23.097 304.692
v 17.351 -22.836 304.688
v 1.206 -35.78 306.963
v 2.519 -37.131 307.219
v 0.151 -34.569 305.902
v -0.544 -33.921 304.553
v -0.923 -33.638 302.961
v -0.929 -33.643 301.49
v -0.548 -33.923 299.878
v 0.143 -34.709 298.554
v 1.216 -35.64 297.622
v 1.881 -36.442 297.354
v 2.551 -37.109 297.221
v 4.007 -38.453 297.615
v 5.074 -39.522 298.683
v 5.753 -40.314 300.158
v 6.132 -40.597 301.882
v 6.02 -40.448 303.762
v 5.348 -39.918 305.362
v 4.523 -39.133 306.419
v 3.75 -38.178 306.967
v 3.07 -37.653 307.228
v -1.87 -40.457 299.083
v -1.317 -40.978 299.092
v -2.264 -39.918 299.353
v -3.057 -39.245 300.158
v -3.455 -38.843 301.228
v -3.62 -38.731 302.414
v -3.344 -38.858 303.62
v -2.921 -39.377 304.566
v -2.133 -40.187 305.227
v -1.33 -40.987 305.495
v -0.787 -41.515 305.366
v -0.263 -42.056 305.094
v 0.408 -42.721 304.428
v 0.787 -43.137 303.349
v 0.922 -43.269 302.148
v 0.786 -43.004 300.945
v 0.27 -42.591 299.886
v -0.412 -41.8 299.345
v -0.262 -41.921 304.827
v 0.68 -42.985 302.294
v -2.284 -39.932 304.818
v -0.27 -41.927 299.749
v -3.326 -38.98 302.294
v -2.27 -39.922 299.751
v 0.129 -37.522 299.749
v -0.929 -36.447 302.291
v 0.134 -37.518 304.825
v 2.144 -39.516 304.829
v 3.2 -40.593 302.285
v 2.128 -39.528 299.747
f 1 2 3
f 4 1 3
f 5 6 4
f 5 7 6
f 5 8 7
f 5 3 9
f 5 4 3
f 10 11 12
f 13 14 15
f 16 14 13
f 17 18 19
f 20 17 21
f 22 9 23
f 22 24 5
f 22 5 9
f 22 23 24
f 25 23 26
f 25 27 24
f 25 24 23
f 25 26 27
f 28 26 29
f 28 30 27
f 28 27 26
f 28 29 30
f 31 29 11
f 31 32 30
f 31 30 29
f 31 11 32
f 33 10 32
f 33 32 11
f 33 11 10
f 34 12 15
f 34 14 10
f 34 10 12
f 34 15 14
f 35 13 36
f 35 18 16
f 35 16 13
f 35 36 18
f 37 36 19
f 37 18 36
f 37 19 18
f 38 19 21
f 38 17 19
f 38 21 17
f 39 21 40
f 39 41 20
f 39 20 21
f 39 40 41
f 42 40 43
f 42 44 45
f 42 46 44
f 42 47 46
f 42 48 47
f 42 43 48
f 42 45 41
f 42 41 40
f 18 49 50
f 17 51 49
f 17 49 18
f 16 18 50
f 20 52 51
f 20 51 17
f 14 16 50
f 41 53 52
f 41 52 20
f 45 54 53
f 45 53 41
f 55 56 54
f 55 54 45
f 57 58 56
f 57 56 55
f 59 10 14
f 59 32 10
f 59 30 32
f 59 14 50
f 60 61 58
f 60 58 57
f 62 27 30
f 62 30 59
f 63 61 60
f 64 61 63
f 65 24 27
f 65 27 62
f 66 64 63
f 67 64 66
f 68 24 65
f 68 5 24
f 69 5 68
f 69 8 5
f 70 8 69
f 70 71 8
f 72 71 70
f 72 73 71
f 74 73 72
f 74 75 73
f 76 75 74
f 76 77 75
f 78 77 76
f 78 67 79
f 78 79 80
f 78 80 77
f 78 64 67
f 81 59 50
f 82 83 81
f 81 83 59
f 84 85 82
f 82 85 83
f 86 87 84
f 84 87 85
f 86 88 87
f 89 90 91
f 89 61 64
f 89 64 92
f 89 92 93
f 89 93 94
f 89 94 95
f 89 95 90
f 89 91 61
f 96 91 97
f 96 58 61
f 96 61 91
f 96 97 58
f 98 97 99
f 98 56 58
f 98 58 97
f 98 99 56
f 100 99 101
f 100 56 99
f 102 54 56
f 102 100 101
f 102 56 100
f 102 101 54
f 103 101 104
f 103 53 54
f 103 54 101
f 103 104 53
f 105 104 106
f 105 52 53
f 105 53 104
f 105 106 52
f 107 106 108
f 107 51 52
f 107 52 106
f 107 108 51
f 109 108 110
f 109 49 51
f 109 51 108
f 109 110 49
f 111 110 112
f 111 112 113
f 111 113 114
f 111 114 115
f 111 115 116
f 111 116 50
f 111 50 49
f 111 49 110
f 117 118 119
f 120 121 117
f 117 121 118
f 122 123 120
f 120 123 121
f 64 124 122
f 122 124 123
f 64 78 124
f 125 126 127
f 125 62 59
f 125 59 128
f 125 128 129
f 125 129 130
f 125 130 131
f 125 131 126
f 125 127 62
f 132 65 62
f 132 127 133
f 132 62 127
f 132 133 65
f 134 68 65
f 134 133 135
f 134 65 133
f 134 135 68
f 136 135 137
f 136 68 135
f 138 69 68
f 138 136 137
f 138 68 136
f 138 137 69
f 139 70 69
f 139 137 140
f 139 69 137
f 139 140 70
f 141 72 70
f 141 140 142
f 141 70 140
f 141 142 72
f 143 74 72
f 143 142 144
f 143 72 142
f 143 144 74
f 145 76 74
f 145 144 146
f 145 74 144
f 145 146 76
f 147 78 76
f 147 146 148
f 147 148 149
f 147 149 150
f 147 150 151
f 147 151 152
f 147 152 78
f 147 76 146
f 48 43 153
f 47 48 153
f 46 47 153
f 55 45 44
f 55 44 46
f 55 153 154
f 55 46 153
f 155 67 156
f 79 67 155
f 157 57 55
f 157 154 158
f 157 55 154
f 157 158 57
f 159 60 57
f 159 158 160
f 159 57 158
f 159 160 60
f 161 63 60
f 161 160 162
f 161 60 160
f 161 162 63
f 163 66 63
f 163 162 164
f 163 63 162
f 163 164 66
f 165 67 66
f 165 164 156
f 165 66 164
f 165 156 67
f 166 80 79
f 166 155 167
f 166 79 155
f 166 167 80
f 168 77 80
f 168 167 169
f 168 80 167
f 168 169 77
f 170 75 77
f 170 169 171
f 170 77 169
f 170 171 75
f 172 73 75
f 172 171 173
f 172 75 171
f 172 173 73
f 174 71 73
f 174 173 175
f 174 73 173
f 174 175 71
f 176 2 1
f 176 1 4
f 176 4 6
f 176 6 7
f 176 7 8
f 176 8 71
f 176 175 2
f 176 71 175
f 177 113 112
f 177 114 113
f 81 50 116
f 86 178 179
f 179 178 180
f 84 181 86
f 82 181 84
f 86 181 178
f 114 182 115
f 180 182 177
f 177 182 114
f 178 182 180
f 115 183 116
f 81 183 82
f 181 183 178
f 182 183 115
f 82 183 181
f 178 183 182
f 116 183 81
f 184 185 86
f 186 187 185
f 185 187 86
f 186 188 187
f 186 189 188
f 187 190 86
f 191 192 186
f 186 192 189
f 193 194 191
f 191 194 192
f 190 195 86
f 193 196 194
f 193 197 196
f 197 198 196
f 198 199 200
f 200 199 201
f 197 199 198
f 201 202 203
f 199 202 201
f 203 204 205
f 205 204 206
f 202 204 203
f 207 208 209
f 210 211 212
f 212 211 213
f 213 211 207
f 207 211 208
f 209 214 215
f 208 214 209
f 206 216 210
f 204 216 206
f 210 216 211
f 215 88 195
f 214 88 215
f 195 88 86
f 214 217 88
f 83 128 59
f 83 129 128
f 218 126 131
f 87 219 85
f 88 219 87
f 221 220 222
f 222 220 88
f 88 220 219
f 85 223 83
f 129 223 130
f 219 223 85
f 83 223 129
f 130 224 131
f 218 224 221
f 221 224 220
f 220 224 219
f 219 224 223
f 223 224 130
f 131 224 218
f 97 225 226
f 97 226 227
f 91 228 225
f 91 225 97
f 99 97 227
f 229 99 227
f 90 230 228
f 90 228 91
f 101 99 229
f 231 101 229
f 104 101 231
f 232 104 231
f 233 104 232
f 106 233 234
f 106 234 235
f 106 104 233
f 236 106 235
f 108 106 236
f 237 110 108
f 237 108 236
f 238 112 110
f 238 110 237
f 122 92 64
f 122 93 92
f 239 90 95
f 117 240 120
f 119 240 117
f 242 241 243
f 243 241 119
f 119 241 240
f 120 244 122
f 93 244 94
f 240 244 120
f 122 244 93
f 94 245 95
f 239 245 242
f 242 245 241
f 241 245 240
f 240 245 244
f 244 245 94
f 95 245 239
f 246 149 148
f 246 150 149
f 124 78 152
f 118 247 248
f 248 247 249
f 121 250 118
f 123 250 121
f 118 250 247
f 249 251 246
f 150 251 151
f 247 251 249
f 246 251 150
f 124 252 123
f 151 252 152
f 250 252 247
f 123 252 250
f 247 252 251
f 152 252 124
f 251 252 151
f 253 119 254
f 119 255 254
f 256 257 258
f 259 260 256
f 256 260 257
f 259 261 260
f 257 262 258
f 259 263 261
f 264 265 259
f 259 265 263
f 258 266 267
f 262 266 258
f 268 269 264
f 264 269 265
f 267 270 271
f 266 270 267
f 255 272 268
f 268 272 269
f 270 273 271
f 255 274 272
f 275 276 273
f 273 276 271
f 277 278 275
f 275 278 276
f 279 280 281
f 281 280 277
f 277 280 278
f 282 283 279
f 279 283 280
f 282 284 283
f 285 284 282
f 284 118 286
f 286 118 287
f 119 118 288
f 119 288 274
f 119 274 255
f 288 118 285
f 285 118 284
f 289 290 148
f 146 289 148
f 291 289 146
f 144 291 146
f 292 291 144
f 142 292 144
f 293 292 142
f 140 294 293
f 140 293 142
f 295 294 140
f 137 295 140
f 296 295 137
f 135 296 137
f 297 127 126
f 297 126 298
f 299 296 135
f 300 299 135
f 301 135 133
f 301 300 135
f 302 133 127
f 302 127 297
f 302 301 133
f 179 184 86
f 180 303 179
f 179 303 184
f 177 304 180
f 180 304 303
f 112 305 177
f 177 305 304
f 112 238 305
f 212 213 306
f 212 306 307
f 212 307 308
f 212 308 309
f 310 212 309
f 311 206 210
f 311 210 212
f 311 212 310
f 312 206 311
f 313 201 203
f 313 203 314
f 315 200 201
f 315 201 313
f 316 196 198
f 317 196 316
f 318 194 196
f 318 196 317
f 319 194 318
f 320 319 318
f 321 320 318
f 322 321 318
f 323 322 318
f 324 203 205
f 324 205 206
f 324 206 312
f 324 314 203
f 325 312 314
f 325 314 324
f 325 324 312
f 326 198 200
f 327 315 328
f 327 328 316
f 327 326 200
f 327 198 326
f 327 200 315
f 327 316 198
f 192 320 321
f 192 319 320
f 192 194 319
f 322 192 321
f 329 188 189
f 329 189 192
f 329 322 323
f 329 192 322
f 330 188 329
f 331 195 190
f 331 190 332
f 333 215 195
f 333 195 331
f 334 207 209
f 335 207 334
f 306 213 207
f 336 207 335
f 336 306 207
f 307 306 336
f 308 307 336
f 309 308 336
f 310 309 336
f 337 190 187
f 337 187 188
f 337 188 330
f 337 332 190
f 338 330 332
f 338 332 337
f 338 337 330
f 339 209 215
f 340 333 341
f 340 341 334
f 340 339 215
f 340 209 339
f 340 215 333
f 340 334 209
f 126 342 298
f 218 342 126
f 221 343 218
f 218 343 342
f 222 344 221
f 221 344 343
f 88 217 222
f 222 217 344
f 345 346 347
f 345 347 348
f 185 184 349
f 350 351 352
f 350 352 353
f 350 353 354
f 350 354 355
f 350 355 191
f 350 191 186
f 350 356 351
f 357 349 358
f 357 358 346
f 357 346 345
f 357 185 349
f 359 186 185
f 359 345 356
f 359 185 357
f 359 357 345
f 360 350 186
f 360 356 350
f 360 359 356
f 360 186 359
f 361 216 204
f 362 363 364
f 365 199 197
f 366 352 351
f 366 353 352
f 366 354 353
f 366 355 354
f 366 191 355
f 366 351 367
f 366 193 191
f 368 369 370
f 368 370 371
f 368 371 372
f 368 372 373
f 368 373 374
f 368 374 211
f 368 211 216
f 375 369 368
f 375 368 216
f 376 377 369
f 376 375 216
f 376 361 377
f 376 369 375
f 376 216 361
f 378 377 361
f 378 361 204
f 379 364 377
f 379 204 202
f 379 378 204
f 379 377 378
f 380 364 379
f 380 202 362
f 380 362 364
f 380 379 202
f 381 202 199
f 381 362 202
f 381 363 362
f 382 381 199
f 382 363 381
f 383 384 363
f 383 199 365
f 383 365 384
f 383 363 382
f 383 382 199
f 385 365 197
f 385 384 365
f 386 367 384
f 386 197 193
f 386 384 385
f 386 385 197
f 387 193 366
f 387 367 386
f 387 366 367
f 387 386 193
f 388 371 370
f 208 374 373
f 208 211 374
f 389 390 391
f 389 391 392
f 389 392 393
f 389 393 394
f 389 394 395
f 389 395 217
f 389 217 214
f 396 372 371
f 396 373 372
f 396 371 388
f 396 208 373
f 397 388 390
f 397 214 208
f 397 396 388
f 397 208 396
f 398 389 214
f 398 390 389
f 398 214 397
f 398 397 390
f 399 243 253
f 253 243 119
f 400 242 399
f 399 242 243
f 401 239 400
f 400 239 242
f 230 90 401
f 401 90 239
f 402 238 237
f 402 403 348
f 402 348 404
f 402 404 405
f 402 405 406
f 402 406 238
f 402 237 403
f 407 237 236
f 407 408 403
f 407 403 237
f 409 236 235
f 409 235 410
f 409 410 411
f 409 411 412
f 409 412 413
f 409 413 414
f 409 414 408
f 415 236 409
f 415 409 408
f 415 407 236
f 415 408 407
f 416 234 417
f 416 417 418
f 416 418 419
f 416 419 420
f 416 420 421
f 416 421 414
f 416 410 235
f 416 411 410
f 416 412 411
f 416 413 412
f 416 414 413
f 416 235 234
f 422 417 234
f 422 234 233
f 423 418 417
f 423 417 422
f 424 420 419
f 425 421 420
f 425 420 424
f 426 421 425
f 427 423 424
f 427 419 418
f 427 418 423
f 427 424 419
f 428 429 430
f 428 232 231
f 431 432 429
f 431 231 229
f 433 227 434
f 433 434 435
f 433 435 436
f 433 436 437
f 433 437 438
f 433 438 432
f 433 229 227
f 439 430 426
f 439 422 233
f 439 423 422
f 439 424 423
f 439 425 424
f 439 426 425
f 439 233 232
f 440 430 439
f 440 232 428
f 440 428 430
f 440 439 232
f 441 431 429
f 441 231 431
f 441 428 231
f 441 429 428
f 442 431 229
f 442 229 433
f 442 432 431
f 442 433 432
f 443 434 227
f 443 435 434
f 443 436 435
f 443 437 436
f 443 438 437
f 443 227 226
f 443 226 444
f 443 444 445
f 443 445 446
f 443 446 447
f 443 447 448
f 443 448 438
f 449 450 451
f 449 228 230
f 449 230 452
f 449 452 453
f 449 453 454
f 449 454 455
f 449 455 450
f 456 451 457
f 456 225 228
f 458 457 448
f 458 444 226
f 458 445 444
f 458 446 445
f 458 447 446
f 458 448 447
f 458 226 225
f 459 456 228
f 459 228 449
f 459 449 451
f 459 451 456
f 460 458 225
f 460 225 456
f 460 457 458
f 460 456 457
f 461 148 290
f 462 246 461
f 461 246 148
f 463 249 462
f 462 249 246
f 287 248 463
f 463 248 249
f 287 118 248
f 277 464 465
f 275 466 467
f 275 467 464
f 275 464 277
f 273 468 466
f 273 466 275
f 270 469 468
f 270 468 273
f 266 470 469
f 266 469 270
f 262 471 470
f 262 470 266
f 257 472 471
f 257 471 262
f 260 473 472
f 260 472 257
f 261 473 260
f 263 474 473
f 263 473 261
f 265 474 263
f 265 475 474
f 269 476 475
f 269 475 265
f 272 477 476
f 272 476 269
f 274 478 477
f 274 477 272
f 288 479 478
f 288 478 274
f 285 480 479
f 285 479 288
f 282 481 480
f 282 480 285
f 279 482 481
f 279 481 282
f 281 465 482
f 281 482 279
f 277 465 281
f 483 286 287
f 484 485 483
f 483 485 286
f 486 487 484
f 484 487 485
f 488 489 486
f 486 489 487
f 490 491 488
f 488 491 489
f 490 492 491
f 493 489 491
f 493 491 492
f 284 286 485
f 494 495 496
f 497 283 498
f 280 283 497
f 499 485 487
f 499 487 489
f 499 489 493
f 499 284 485
f 500 493 495
f 500 283 284
f 500 499 493
f 500 284 499
f 501 494 502
f 501 502 498
f 501 495 494
f 501 500 495
f 501 283 500
f 501 498 283
f 503 504 505
f 506 256 258
f 507 258 267
f 508 509 510
f 511 276 278
f 512 505 513
f 512 513 514
f 512 514 515
f 512 515 516
f 512 516 517
f 512 517 264
f 512 264 259
f 518 512 259
f 518 505 512
f 518 259 503
f 518 503 505
f 519 520 504
f 519 259 256
f 519 256 506
f 519 506 520
f 519 503 259
f 519 504 503
f 521 522 520
f 521 506 258
f 521 520 506
f 523 521 258
f 523 522 521
f 523 258 507
f 523 507 522
f 524 510 522
f 524 507 267
f 524 522 507
f 525 267 271
f 525 508 510
f 525 271 508
f 525 510 524
f 525 524 267
f 526 509 508
f 526 508 271
f 527 528 509
f 527 271 276
f 527 526 271
f 527 511 528
f 527 276 511
f 527 509 526
f 529 511 278
f 529 528 511
f 530 494 496
f 530 502 494
f 530 498 502
f 530 497 498
f 530 280 497
f 530 496 528
f 530 278 280
f 530 528 529
f 530 529 278
f 531 532 533
f 534 255 535
f 254 255 534
f 536 514 513
f 536 515 514
f 536 516 515
f 536 517 516
f 536 264 517
f 536 513 537
f 536 268 264
f 538 536 537
f 538 268 536
f 539 537 532
f 539 255 268
f 539 268 538
f 539 538 537
f 540 531 541
f 540 541 535
f 540 539 532
f 540 255 539
f 540 532 531
f 540 535 255
f 534 253 254
f 535 542 534
f 534 542 253
f 541 543 535
f 535 543 542
f 531 544 541
f 541 544 543
f 533 545 531
f 531 545 544
f 533 450 545
f 300 546 299
f 547 548 546
f 547 546 300
f 549 548 547
f 550 551 552
f 553 554 551
f 553 551 550
f 555 554 553
f 556 552 548
f 556 549 550
f 556 548 549
f 556 550 552
f 557 547 300
f 557 549 547
f 557 550 549
f 557 553 550
f 557 555 553
f 557 300 301
f 557 301 558
f 557 558 559
f 557 559 560
f 557 560 561
f 557 561 562
f 557 562 555
f 563 391 564
f 563 297 298
f 563 298 565
f 563 565 566
f 563 566 567
f 563 567 391
f 563 564 297
f 568 564 569
f 568 302 297
f 568 297 564
f 570 569 562
f 570 558 301
f 570 559 558
f 570 560 559
f 570 561 560
f 570 562 561
f 570 301 302
f 571 569 570
f 571 570 302
f 571 568 569
f 571 302 568
f 572 290 289
f 572 573 490
f 572 490 574
f 572 574 575
f 572 575 576
f 572 576 577
f 572 577 290
f 578 289 291
f 578 579 573
f 580 291 292
f 580 292 581
f 580 581 582
f 580 582 583
f 580 583 584
f 580 584 585
f 580 585 579
f 586 578 573
f 586 573 572
f 586 572 289
f 586 289 578
f 587 580 579
f 587 579 578
f 587 291 580
f 587 578 291
f 588 581 292
f 588 582 581
f 588 583 582
f 588 584 583
f 588 585 584
f 588 292 293
f 588 293 589
f 588 589 590
f 588 590 591
f 588 591 592
f 588 592 593
f 588 593 585
f 594 294 295
f 594 595 596
f 597 295 296
f 597 598 595
f 599 296 299
f 599 551 554
f 599 552 551
f 599 548 552
f 599 546 548
f 599 299 546
f 599 554 598
f 600 589 293
f 600 590 589
f 600 591 590
f 600 592 591
f 600 593 592
f 600 293 294
f 600 596 593
f 601 294 594
f 601 600 294
f 601 594 596
f 601 596 600
f 602 597 595
f 602 594 295
f 602 595 594
f 602 295 597
f 603 296 599
f 603 598 597
f 603 597 296
f 603 599 598
f 347 404 348
f 184 604 349
f 349 604 358
f 303 605 184
f 304 605 303
f 184 605 604
f 358 606 346
f 346 606 347
f 404 606 405
f 604 606 358
f 347 606 404
f 405 607 406
f 406 607 238
f 305 607 304
f 238 607 305
f 304 607 605
f 605 607 604
f 604 607 606
f 606 607 405
f 318 608 323
f 318 609 608
f 317 610 609
f 317 609 318
f 316 611 610
f 316 610 317
f 328 612 611
f 328 611 316
f 315 613 612
f 315 612 328
f 313 614 613
f 313 613 315
f 314 615 614
f 314 614 313
f 312 615 314
f 311 616 615
f 311 615 312
f 310 617 616
f 310 616 311
f 336 618 617
f 336 617 310
f 335 619 618
f 335 618 336
f 334 620 619
f 334 619 335
f 341 621 620
f 341 620 334
f 333 622 621
f 333 621 341
f 331 623 622
f 331 622 333
f 332 624 623
f 332 623 331
f 330 625 624
f 330 624 332
f 329 626 625
f 329 625 330
f 323 608 626
f 323 626 329
f 392 567 566
f 392 391 567
f 344 627 343
f 217 627 344
f 395 627 217
f 393 628 394
f 394 628 395
f 395 628 627
f 342 629 298
f 343 629 342
f 298 629 565
f 627 629 343
f 392 630 393
f 565 630 566
f 629 630 565
f 393 630 628
f 566 630 392
f 628 630 627
f 627 630 629
f 356 631 351
f 632 633 634
f 408 414 635
f 348 636 345
f 345 636 356
f 403 637 348
f 348 637 636
f 356 637 631
f 636 637 356
f 403 638 637
f 637 638 631
f 631 639 632
f 408 639 403
f 403 639 638
f 638 639 631
f 639 640 632
f 408 640 639
f 632 640 633
f 633 641 642
f 642 641 635
f 640 641 633
f 408 641 640
f 635 641 408
f 370 369 643
f 644 632 634
f 367 351 631
f 645 646 647
f 647 646 648
f 648 646 649
f 649 646 650
f 650 646 651
f 643 652 645
f 363 652 364
f 364 652 377
f 377 652 369
f 645 652 646
f 369 652 643
f 651 653 654
f 654 653 655
f 655 653 656
f 656 653 644
f 646 653 651
f 644 653 632
f 632 657 631
f 367 657 384
f 384 657 363
f 363 657 652
f 653 657 632
f 631 657 367
f 652 658 646
f 653 658 657
f 646 658 653
f 657 658 652
f 370 643 388
f 569 659 562
f 645 647 660
f 388 661 390
f 390 661 391
f 391 662 564
f 388 662 661
f 661 662 391
f 643 662 388
f 662 663 564
f 643 663 662
f 564 664 569
f 645 664 643
f 643 664 663
f 663 664 564
f 664 665 569
f 645 665 664
f 569 665 659
f 660 665 645
f 659 666 667
f 667 666 660
f 660 666 665
f 665 666 659
f 401 452 230
f 545 450 455
f 399 668 400
f 253 668 399
f 542 669 253
f 543 669 542
f 253 669 668
f 400 670 401
f 452 670 453
f 453 670 454
f 668 670 400
f 401 670 452
f 544 671 543
f 545 671 544
f 454 671 455
f 669 671 668
f 668 671 670
f 670 671 454
f 543 671 669
f 455 671 545
f 672 432 438
f 673 674 675
f 676 677 678
f 679 680 674
f 675 680 681
f 681 680 672
f 672 680 432
f 674 680 675
f 682 683 679
f 432 683 429
f 680 683 432
f 679 683 680
f 684 685 682
f 682 685 683
f 683 685 429
f 676 686 684
f 429 686 430
f 685 686 429
f 684 686 685
f 426 687 688
f 688 687 689
f 689 687 678
f 430 687 426
f 676 687 686
f 686 687 430
f 678 687 676
f 533 690 450
f 691 451 690
f 690 451 450
f 692 457 691
f 691 457 451
f 692 448 457
f 488 574 490
f 488 575 574
f 484 693 486
f 483 693 484
f 287 693 483
f 463 694 287
f 462 694 463
f 287 694 693
f 486 695 488
f 575 695 576
f 693 695 486
f 488 695 575
f 461 696 462
f 290 696 461
f 576 696 577
f 577 696 290
f 694 696 693
f 693 696 695
f 462 696 694
f 695 696 576
f 465 697 698
f 464 699 697
f 464 697 465
f 467 700 699
f 467 699 464
f 466 701 700
f 466 700 467
f 468 702 701
f 468 701 466
f 469 703 702
f 469 702 468
f 470 704 703
f 470 703 469
f 471 705 704
f 471 704 470
f 472 706 705
f 472 705 471
f 473 706 472
f 474 707 706
f 474 706 473
f 475 707 474
f 475 708 707
f 476 709 710
f 476 710 708
f 476 708 475
f 477 711 709
f 477 709 476
f 478 712 711
f 478 711 477
f 479 713 712
f 479 712 478
f 480 714 713
f 480 713 479
f 481 715 714
f 481 714 480
f 482 698 715
f 482 715 481
f 465 698 482
f 716 717 718
f 718 717 719
f 720 721 722
f 723 493 492
f 721 496 495
f 722 724 716
f 717 724 723
f 493 724 495
f 716 724 717
f 723 724 493
f 721 724 722
f 495 724 721
f 528 496 721
f 513 505 725
f 726 720 727
f 726 727 728
f 726 728 729
f 726 729 730
f 731 721 720
f 731 509 528
f 731 510 509
f 731 720 726
f 731 528 721
f 732 733 734
f 732 734 735
f 732 735 736
f 732 736 737
f 738 737 725
f 738 504 520
f 738 505 504
f 738 732 737
f 738 725 505
f 739 730 740
f 739 740 733
f 739 726 730
f 739 733 732
f 741 731 726
f 742 741 726
f 742 726 739
f 743 739 732
f 743 732 738
f 743 738 742
f 743 742 739
f 744 522 510
f 744 520 522
f 744 510 731
f 744 738 520
f 744 741 742
f 744 742 738
f 744 731 741
f 745 725 737
f 692 691 746
f 725 537 513
f 690 533 532
f 690 747 691
f 746 747 748
f 748 747 745
f 537 747 532
f 745 747 725
f 725 747 537
f 691 747 746
f 532 747 690
f 490 723 492
f 490 573 723
f 573 717 723
f 573 579 717
f 579 719 717
f 579 585 719
f 749 598 554
f 750 751 752
f 753 754 755
f 756 757 751
f 752 757 758
f 758 757 749
f 749 757 598
f 751 757 752
f 759 760 756
f 598 760 595
f 757 760 598
f 756 760 757
f 761 762 759
f 759 762 760
f 760 762 595
f 753 763 761
f 595 763 596
f 762 763 595
f 761 763 762
f 593 764 765
f 765 764 766
f 766 764 755
f 596 764 593
f 753 764 763
f 763 764 596
f 755 764 753
f 608 609 626
f 626 609 625
f 625 609 624
f 624 609 623
f 610 611 609
f 622 617 621
f 621 617 620
f 620 617 619
f 619 617 618
f 613 614 612
f 612 614 611
f 623 615 622
f 617 615 616
f 609 615 623
f 611 615 609
f 614 615 611
f 622 615 617
f 421 767 414
f 767 768 414
f 414 769 635
f 770 769 771
f 771 769 768
f 768 769 414
f 633 772 634
f 642 772 633
f 773 774 775
f 775 774 772
f 773 776 774
f 776 777 774
f 635 778 642
f 775 778 779
f 779 778 780
f 780 778 781
f 781 778 769
f 769 778 635
f 642 778 772
f 772 778 775
f 782 783 784
f 784 783 785
f 647 648 782
f 782 648 783
f 783 649 786
f 648 649 783
f 787 651 788
f 788 654 789
f 651 654 788
f 655 790 791
f 790 656 792
f 655 656 790
f 656 644 792
f 792 774 777
f 792 772 774
f 644 772 792
f 644 634 772
f 786 793 787
f 650 793 649
f 651 793 650
f 649 793 786
f 787 793 651
f 789 794 791
f 655 794 654
f 654 794 789
f 791 794 655
f 647 782 660
f 782 667 660
f 785 795 784
f 795 796 784
f 784 797 782
f 796 797 784
f 782 798 667
f 797 798 782
f 798 799 667
f 562 800 555
f 801 802 803
f 800 804 805
f 805 804 803
f 801 804 799
f 659 804 562
f 667 804 659
f 799 804 667
f 562 804 800
f 803 804 801
f 770 678 677
f 770 771 678
f 771 689 678
f 768 767 688
f 421 426 767
f 767 426 688
f 768 806 771
f 689 806 688
f 771 806 689
f 688 806 768
f 672 448 681
f 438 448 672
f 675 807 673
f 681 807 675
f 673 807 808
f 808 807 809
f 809 807 810
f 810 807 692
f 692 807 448
f 448 807 681
f 811 761 759
f 812 761 811
f 813 753 812
f 812 753 761
f 813 754 753
f 814 815 813
f 816 817 814
f 814 817 815
f 813 818 754
f 815 818 813
f 816 819 817
f 816 820 819
f 820 821 819
f 818 822 754
f 823 824 820
f 820 824 821
f 823 825 824
f 823 826 825
f 826 827 825
f 827 673 828
f 828 673 808
f 826 673 827
f 829 674 826
f 826 674 673
f 830 679 829
f 829 679 674
f 830 682 679
f 831 684 830
f 830 684 682
f 832 676 831
f 831 676 684
f 832 677 676
f 833 790 832
f 834 791 833
f 833 791 790
f 677 792 770
f 770 792 769
f 790 792 832
f 832 792 677
f 834 789 791
f 781 777 780
f 769 777 781
f 792 777 769
f 780 776 779
f 777 776 780
f 779 773 775
f 776 773 779
f 835 788 834
f 834 788 789
f 835 787 788
f 835 836 787
f 836 786 787
f 836 837 786
f 837 783 786
f 796 798 797
f 795 798 796
f 795 799 798
f 785 799 795
f 785 801 799
f 783 801 785
f 783 802 801
f 783 750 802
f 837 750 783
f 838 751 837
f 837 751 750
f 811 756 838
f 838 756 751
f 811 759 756
f 698 701 702
f 698 700 701
f 698 699 700
f 698 697 699
f 714 702 703
f 714 715 698
f 714 698 702
f 708 706 707
f 708 705 706
f 708 704 705
f 708 703 704
f 708 714 703
f 711 712 713
f 709 713 714
f 709 708 710
f 709 711 713
f 709 714 708
f 839 718 719
f 840 722 841
f 720 722 840
f 842 839 843
f 842 716 718
f 842 718 839
f 842 843 716
f 844 843 822
f 844 822 841
f 844 722 716
f 844 716 843
f 844 841 722
f 845 828 846
f 846 828 808
f 737 736 845
f 828 736 827
f 845 736 828
f 736 735 827
f 735 825 827
f 735 734 825
f 733 821 824
f 733 740 821
f 730 729 817
f 729 815 817
f 729 728 815
f 818 841 822
f 727 840 818
f 818 840 841
f 727 720 840
f 733 847 734
f 825 847 824
f 734 847 825
f 824 847 733
f 730 848 740
f 819 848 817
f 821 848 819
f 740 848 821
f 817 848 730
f 727 849 728
f 815 849 818
f 728 849 815
f 818 849 727
f 845 745 737
f 692 746 810
f 850 808 809
f 850 748 745
f 850 845 846
f 850 846 808
f 850 745 845
f 850 809 748
f 851 809 810
f 851 746 748
f 851 810 746
f 851 748 809
f 765 585 593
f 585 852 719
f 719 852 839
f 839 852 843
f 843 852 822
f 822 852 754
f 766 852 765
f 755 852 766
f 754 852 755
f 765 852 585
f 555 749 554
f 555 800 749
f 800 758 749
f 805 803 752
f 802 750 803
f 803 750 752
f 758 853 752
f 805 853 800
f 800 853 758
f 752 853 805
f 854 826 823
f 855 829 826
f 855 826 854
f 856 854 823
f 820 856 823
f 857 829 855
f 830 829 857
f 858 830 857
f 859 856 820
f 816 859 820
f 831 830 858
f 860 831 858
f 861 859 816
f 832 831 860
f 814 861 816
f 862 832 860
f 863 861 814
f 833 832 862
f 813 863 814
f 864 833 862
f 865 863 813
f 812 865 813
f 834 833 864
f 866 834 864
f 867 865 812
f 811 867 812
f 868 867 811
f 835 834 866
f 869 835 866
f 838 870 868
f 838 868 811
f 836 835 869
f 836 869 871
f 837 870 838
f 837 836 871
f 837 871 870
f 857 872 858
f 855 873 857
f 857 873 872
f 854 874 855
f 855 874 873
f 856 875 854
f 854 875 874
f 859 876 856
f 856 876 875
f 861 877 859
f 859 877 876
f 863 878 861
f 861 878 877
f 865 879 863
f 863 879 878
f 867 880 865
f 865 880 879
f 867 881 880
f 868 881 867
f 870 882 868
f 868 882 881
f 871 883 870
f 870 883 882
f 869 884 871
f 871 884 883
f 866 885 869
f 869 885 884
f 864 886 866
f 866 886 885
f 862 887 864
f 864 887 886
f 860 888 862
f 862 888 887
f 858 889 860
f 860 889 888
f 858 872 889
f 890 874 875
f 891 873 874
f 891 874 890
f 892 890 875
f 876 892 875
f 893 872 873
f 893 873 891
f 894 872 893
f 895 892 876
f 889 872 894
f 877 895 876
f 896 888 889
f 896 889 894
f 897 895 877
f 878 897 877
f 898 888 896
f 899 897 878
f 887 888 898
f 900 887 898
f 879 901 899
f 879 899 878
f 886 887 900
f 880 901 879
f 902 886 900
f 903 901 880
f 881 904 903
f 881 903 880
f 885 886 902
f 905 885 902
f 882 906 904
f 882 904 881
f 884 905 907
f 884 885 905
f 883 906 882
f 883 884 907
f 883 907 906
f 908 164 162
f 909 156 164
f 909 155 156
f 909 167 155
f 909 164 908
f 910 162 160
f 910 908 162
f 911 909 908
f 911 908 910
f 912 909 911
f 913 169 167
f 913 909 912
f 913 167 909
f 914 911 910
f 915 912 911
f 915 911 914
f 916 171 169
f 916 913 912
f 916 912 915
f 916 169 913
f 917 903 3
f 918 154 153
f 919 158 154
f 919 160 158
f 919 154 918
f 920 918 153
f 921 910 160
f 921 160 919
f 922 919 918
f 922 918 920
f 923 921 919
f 923 919 922
f 924 923 922
f 924 925 926
f 924 922 920
f 927 924 920
f 927 925 924
f 927 153 894
f 927 920 153
f 928 916 915
f 928 171 916
f 929 928 930
f 929 173 171
f 929 175 173
f 929 2 175
f 929 171 928
f 931 929 930
f 932 926 925
f 933 3 2
f 933 929 931
f 933 2 929
f 933 931 930
f 933 917 3
f 934 932 925
f 935 926 932
f 935 917 933
f 935 933 926
f 935 934 936
f 935 932 934
f 935 936 917
f 937 927 894
f 937 893 891
f 937 894 893
f 937 938 927
f 939 928 915
f 939 914 910
f 939 915 914
f 939 910 921
f 940 921 923
f 940 939 921
f 941 939 940
f 942 941 940
f 943 928 939
f 943 930 928
f 943 939 941
f 943 942 930
f 943 941 942
f 944 926 933
f 944 933 930
f 944 942 940
f 944 930 942
f 944 923 924
f 944 940 923
f 944 924 926
f 945 934 925
f 945 925 927
f 945 946 934
f 945 927 938
f 947 946 945
f 947 945 938
f 948 936 934
f 948 934 946
f 948 917 936
f 949 938 937
f 949 947 938
f 950 891 890
f 950 937 891
f 950 949 937
f 951 948 946
f 951 917 948
f 952 899 901
f 952 897 899
f 953 946 947
f 953 947 949
f 953 951 946
f 953 954 951
f 955 953 949
f 955 954 953
f 956 895 897
f 956 897 952
f 956 952 954
f 956 954 955
f 957 901 903
f 957 952 901
f 957 903 917
f 957 917 951
f 957 951 954
f 957 954 952
f 958 892 895
f 958 890 892
f 958 950 890
f 958 955 949
f 958 956 955
f 958 949 950
f 958 895 956
f 959 11 29
f 960 12 11
f 960 15 12
f 960 13 15
f 960 11 959
f 961 29 26
f 961 959 29
f 962 960 959
f 962 959 961
f 963 960 962
f 964 36 13
f 964 960 963
f 964 13 960
f 965 962 961
f 966 962 965
f 966 963 962
f 967 19 36
f 967 964 963
f 967 36 964
f 967 963 966
f 968 894 153
f 969 9 3
f 970 23 9
f 970 26 23
f 970 9 969
f 971 969 3
f 972 961 26
f 972 26 970
f 973 970 969
f 973 969 971
f 974 972 970
f 974 970 973
f 975 973 971
f 975 974 973
f 975 976 977
f 978 3 903
f 978 976 975
f 978 971 3
f 978 975 971
f 979 19 967
f 979 967 966
f 980 979 981
f 980 21 19
f 980 40 21
f 980 43 40
f 980 19 979
f 982 980 981
f 983 977 976
f 984 153 43
f 984 43 980
f 984 982 981
f 984 980 982
f 984 968 153
f 985 983 976
f 986 977 983
f 986 983 985
f 986 968 984
f 986 985 987
f 986 984 977
f 986 987 968
f 988 904 906
f 988 903 904
f 988 989 978
f 988 978 903
f 990 966 965
f 990 979 966
f 990 965 961
f 990 961 972
f 991 972 974
f 991 990 972
f 992 990 991
f 993 992 991
f 994 981 979
f 994 979 990
f 994 990 992
f 994 993 981
f 994 992 993
f 995 974 975
f 995 975 977
f 995 991 974
f 995 984 981
f 995 993 991
f 995 981 993
f 995 977 984
f 996 978 989
f 996 985 976
f 996 997 985
f 996 976 978
f 998 996 989
f 998 997 996
f 999 987 985
f 999 985 997
f 999 968 987
f 1000 989 988
f 1000 998 989
f 1001 906 907
f 1001 988 906
f 1001 1000 988
f 1002 999 997
f 1002 968 999
f 1003 898 896
f 1003 900 898
f 1004 997 998
f 1004 998 1000
f 1004 1002 997
f 1004 1005 1002
f 1006 1004 1000
f 1006 1005 1004
f 1007 902 900
f 1007 900 1003
f 1007 1003 1005
f 1007 1005 1006
f 1008 896 894
f 1008 894 968
f 1008 1003 896
f 1008 968 1002
f 1008 1002 1005
f 1008 1005 1003
f 1009 905 902
f 1009 907 905
f 1009 1006 1000
f 1009 1001 907
f 1009 1000 1001
f 1009 902 1007
f 1009 1007 1006
f 1010 1011 1012
f 1013 1014 1015
f 1011 1016 1017
f 1010 1016 1011
f 1017 1016 1010
f 1013 1018 1010
f 1017 1018 1015
f 1010 1018 1017
f 1015 1018 1013
f 1019 1020 1021
f 1022 1023 1024
f 1022 1024 1025
f 1022 1025 1019
f 1022 1026 1023
f 1022 1019 1021
f 1027 1021 1028
f 1027 1026 1022
f 1027 1022 1021
f 1029 1027 1028
f 1029 1026 1027
f 1030 1031 1026
f 1030 1029 1028
f 1030 1026 1029
f 1032 1028 1033
f 1032 1030 1028
f 1032 1031 1030
f 1034 1033 1035
f 1034 1035 1036
f 1034 1036 1013
f 1034 1013 1010
f 1034 1010 1012
f 1034 1012 1031
f 1034 1031 1037
f 1034 1037 1033
f 1038 1031 1032
f 1038 1032 1033
f 1038 1037 1031
f 1038 1033 1037
f 1013 1036 1014
f 1036 1039 1014
f 1036 1035 1039
f 1040 1012 1011
f 1040 1011 1017
f 1040 1017 1015
f 1040 1015 1014
f 1040 1014 1041
f 1040 1041 1042
f 1040 1042 1043
f 1040 1043 1044
f 1040 1044 1045
f 1040 1045 1012
f 1046 1024 1023
f 1046 1047 1024
f 1047 1025 1024
f 1048 1049 1019
f 1049 1020 1019
f 1025 1050 1019
f 1048 1050 1047
f 1047 1050 1025
f 1019 1050 1048
f 1051 1052 1053
f 1053 1054 1055
f 1052 1054 1053
f 1054 1056 1055
f 1052 1045 1054
f 1056 1057 1055
f 1055 1057 1058
f 1052 1012 1045
f 1059 1031 1052
f 1052 1031 1012
f 1057 1060 1058
f 1059 1026 1031
f 1058 1061 1062
f 1060 1061 1058
f 1063 1023 1059
f 1059 1023 1026
f 1062 1064 1065
f 1061 1064 1062
f 1064 1066 1065
f 1065 1067 1068
f 1066 1067 1065
f 1067 1069 1068
f 1063 1070 1023
f 1069 1071 1068
f 1072 1071 1069
f 1073 1074 1075
f 1073 1076 1074
f 1068 1077 1078
f 1071 1077 1068
f 1079 1077 1080
f 1080 1077 1071
f 1081 1082 1083
f 1081 1084 1082
f 1079 1085 1077
f 1086 1085 1079
f 1084 1087 1082
f 1088 1089 1090
f 1089 1091 1090
f 1089 1092 1091
f 1093 1094 1095
f 1095 1094 1096
f 1092 1097 1091
f 1092 1098 1097
f 1093 1099 1094
f 1093 1100 1099
f 1101 1102 1098
f 1098 1102 1097
f 1100 1103 1104
f 1100 1105 1103
f 1106 1105 1093
f 1103 1105 1107
f 1093 1105 1100
f 1108 1109 1110
f 1105 1111 1107
f 1107 1111 1112
f 1112 1111 1113
f 1111 1114 1113
f 1113 1114 1115
f 1116 1117 1118
f 1118 1117 1108
f 1108 1117 1109
f 1114 1119 1115
f 1115 1119 1120
f 1120 1119 1121
f 1119 1122 1121
f 1121 1122 1123
f 1123 1122 1124
f 1116 1125 1117
f 1124 1125 1126
f 1126 1125 1127
f 1127 1125 1116
f 1124 1128 1125
f 1122 1128 1124
f 1128 1129 1125
f 1073 1130 1063
f 1070 1130 1075
f 1075 1130 1073
f 1063 1130 1070
f 1081 1131 1076
f 1074 1131 1083
f 1076 1131 1074
f 1083 1131 1081
f 1085 1132 1090
f 1086 1132 1085
f 1088 1132 1086
f 1090 1132 1088
f 1095 1133 1084
f 1087 1133 1096
f 1084 1133 1087
f 1096 1133 1095
f 1102 1134 1109
f 1109 1134 1110
f 1110 1134 1101
f 1101 1134 1102
f 1135 1136 1137
f 1138 1137 1136
f 1139 1140 1141
f 1142 1141 1143
f 1142 1143 1144
f 1142 1144 1145
f 1142 1139 1141
f 1146 1147 1136
f 1146 1136 1135
f 1148 1136 1140
f 1148 1138 1136
f 1148 1140 1139
f 1149 1147 1146
f 1150 1147 1149
f 1151 1150 1149
f 1152 1150 1151
f 1153 1152 1151
f 1154 1152 1153
f 1155 1152 1154
f 1156 1155 1157
f 1156 1152 1155
f 1035 1156 1157
f 1033 1158 1156
f 1033 1156 1035
f 1028 1159 1158
f 1028 1158 1033
f 1021 1159 1028
f 1160 1035 1157
f 1160 1157 1161
f 1160 1161 1162
f 1160 1162 1014
f 1160 1014 1039
f 1160 1039 1035
f 1014 1162 1041
f 1163 1042 1041
f 1163 1043 1042
f 1054 1044 1043
f 1054 1045 1044
f 1054 1043 1163
f 1164 1163 1165
f 1056 1054 1163
f 1056 1163 1164
f 1057 1056 1164
f 1166 1167 1168
f 1166 1168 1064
f 1061 1166 1064
f 1169 1166 1061
f 1060 1169 1061
f 1170 1169 1060
f 1057 1170 1060
f 1164 1170 1057
f 1165 1170 1164
f 1171 1168 1167
f 1066 1064 1168
f 1066 1168 1171
f 1172 1171 1173
f 1174 1171 1172
f 1067 1066 1171
f 1067 1171 1174
f 1175 1067 1174
f 1069 1067 1175
f 1176 1172 1173
f 1176 1174 1172
f 1176 1175 1174
f 1176 1069 1175
f 1176 1173 1177
f 1176 1177 1178
f 1176 1178 1179
f 1176 1179 1180
f 1176 1180 1072
f 1176 1072 1069
f 1181 1145 1182
f 1183 1145 1181
f 1184 1071 1072
f 1184 1072 1185
f 1184 1185 1186
f 1184 1186 1187
f 1184 1187 1188
f 1184 1188 1148
f 1184 1148 1139
f 1189 1080 1071
f 1189 1139 1142
f 1190 1142 1145
f 1190 1183 1191
f 1190 1191 1079
f 1190 1079 1080
f 1190 1145 1183
f 1192 1184 1139
f 1192 1139 1189
f 1192 1071 1184
f 1192 1189 1071
f 1193 1142 1190
f 1193 1189 1142
f 1193 1190 1080
f 1193 1080 1189
f 1194 1079 1195
f 1194 1195 1196
f 1194 1196 1197
f 1194 1197 1198
f 1199 1086 1079
f 1199 1194 1198
f 1199 1079 1194
f 1200 1198 1201
f 1200 1199 1198
f 1200 1086 1199
f 1202 1088 1086
f 1202 1086 1200
f 1202 1200 1201
f 1203 1088 1202
f 1203 1202 1201
f 1204 1088 1203
f 1204 1203 1201
f 1205 1089 1088
f 1206 1201 1207
f 1206 1089 1205
f 1206 1205 1201
f 1208 1089 1206
f 1208 1206 1207
f 1209 1092 1089
f 1209 1208 1207
f 1209 1089 1208
f 1210 1209 1207
f 1210 1092 1209
f 1211 1098 1092
f 1211 1210 1207
f 1211 1092 1210
f 1212 1211 1207
f 1212 1098 1211
f 1213 1207 1214
f 1213 1098 1212
f 1213 1212 1207
f 1215 1101 1098
f 1215 1098 1213
f 1215 1213 1214
f 1216 1214 1217
f 1216 1110 1101
f 1216 1101 1218
f 1216 1218 1214
f 1219 1110 1216
f 1219 1216 1217
f 1220 1110 1219
f 1220 1219 1217
f 1221 1217 1222
f 1221 1222 1223
f 1221 1223 1224
f 1221 1224 1225
f 1221 1225 1108
f 1221 1108 1110
f 1221 1110 1220
f 1221 1220 1217
f 1226 1204 1201
f 1226 1088 1204
f 1226 1201 1205
f 1226 1205 1088
f 1227 1215 1214
f 1227 1101 1215
f 1227 1218 1101
f 1227 1214 1218
f 1228 1229 1230
f 1231 1108 1232
f 1231 1232 1233
f 1231 1233 1228
f 1231 1118 1108
f 1231 1228 1230
f 1234 1230 1235
f 1234 1118 1231
f 1234 1231 1230
f 1236 1234 1235
f 1236 1118 1234
f 1237 1116 1118
f 1237 1236 1235
f 1237 1118 1236
f 1238 1235 1239
f 1238 1237 1235
f 1238 1116 1237
f 1240 1239 1241
f 1240 1241 1242
f 1240 1242 1243
f 1240 1243 1244
f 1240 1244 1127
f 1240 1127 1116
f 1240 1116 1245
f 1240 1245 1239
f 1246 1116 1238
f 1246 1238 1239
f 1246 1245 1116
f 1246 1239 1245
f 1247 1127 1248
f 1247 1248 1249
f 1247 1249 1250
f 1247 1250 1251
f 1247 1251 1252
f 1247 1252 1253
f 1247 1253 1254
f 1247 1254 1255
f 1247 1255 1126
f 1247 1126 1127
f 1256 1253 1252
f 1124 1126 1255
f 1257 1256 1258
f 1123 1124 1256
f 1123 1256 1257
f 1121 1123 1257
f 1259 1254 1253
f 1259 1255 1254
f 1259 1253 1256
f 1259 1256 1124
f 1259 1124 1255
f 1260 1261 1262
f 1260 1262 1113
f 1263 1264 1115
f 1120 1263 1115
f 1265 1263 1120
f 1121 1265 1120
f 1257 1265 1121
f 1258 1265 1257
f 1266 1113 1115
f 1266 1264 1260
f 1266 1260 1113
f 1266 1115 1264
f 1267 1268 1269
f 1270 1268 1267
f 1107 1112 1268
f 1107 1268 1270
f 1271 1107 1270
f 1103 1107 1271
f 1272 1262 1261
f 1272 1113 1262
f 1272 1261 1268
f 1272 1112 1113
f 1272 1268 1112
f 1273 1267 1269
f 1273 1270 1267
f 1273 1271 1270
f 1273 1103 1271
f 1273 1269 1274
f 1273 1274 1275
f 1273 1275 1276
f 1273 1276 1277
f 1273 1277 1104
f 1273 1104 1103
f 1278 1279 1280
f 1281 1279 1278
f 1282 1100 1104
f 1282 1104 1283
f 1282 1283 1284
f 1282 1284 1285
f 1282 1285 1286
f 1282 1286 1287
f 1282 1287 1288
f 1289 1099 1100
f 1289 1288 1290
f 1291 1281 1292
f 1291 1292 1094
f 1291 1094 1099
f 1291 1290 1279
f 1291 1279 1281
f 1293 1282 1288
f 1293 1100 1282
f 1293 1288 1289
f 1293 1289 1100
f 1294 1289 1290
f 1294 1290 1291
f 1294 1291 1099
f 1294 1099 1289
f 1295 1094 1296
f 1295 1296 1297
f 1295 1297 1298
f 1295 1298 1299
f 1300 1096 1094
f 1300 1094 1295
f 1300 1295 1299
f 1301 1299 1302
f 1301 1300 1299
f 1301 1096 1300
f 1303 1087 1096
f 1303 1301 1302
f 1303 1096 1301
f 1304 1087 1303
f 1304 1303 1302
f 1305 1304 1302
f 1305 1087 1304
f 1306 1082 1087
f 1307 1302 1308
f 1307 1306 1302
f 1307 1082 1306
f 1309 1307 1308
f 1309 1082 1307
f 1310 1082 1309
f 1310 1083 1082
f 1310 1309 1308
f 1311 1310 1308
f 1311 1083 1310
f 1312 1074 1083
f 1312 1311 1308
f 1312 1083 1311
f 1313 1312 1308
f 1313 1074 1312
f 1314 1308 1315
f 1314 1074 1313
f 1314 1313 1308
f 1316 1075 1074
f 1316 1314 1315
f 1316 1074 1314
f 1317 1070 1075
f 1317 1315 1318
f 1317 1075 1319
f 1317 1319 1315
f 1320 1317 1318
f 1320 1070 1317
f 1321 1320 1318
f 1321 1070 1320
f 1322 1023 1070
f 1322 1318 1049
f 1322 1049 1048
f 1322 1048 1047
f 1322 1047 1046
f 1322 1046 1023
f 1322 1070 1321
f 1322 1321 1318
f 1323 1302 1306
f 1323 1305 1302
f 1323 1306 1087
f 1323 1087 1305
f 1324 1316 1315
f 1324 1075 1316
f 1324 1319 1075
f 1324 1315 1319
f 1325 1326 1327
f 1327 1052 1328
f 1328 1052 1051
f 1329 1330 1331
f 1332 1076 1073
f 1333 1334 1335
f 1335 1334 1326
f 1059 1336 1063
f 1052 1336 1059
f 1326 1336 1327
f 1327 1336 1052
f 1334 1336 1326
f 1331 1337 1338
f 1338 1337 1333
f 1330 1337 1331
f 1333 1337 1334
f 1332 1339 1330
f 1063 1339 1073
f 1336 1339 1063
f 1330 1339 1337
f 1334 1339 1336
f 1337 1339 1334
f 1073 1339 1332
f 1329 1340 1330
f 1332 1081 1076
f 1341 1342 1343
f 1344 1106 1093
f 1345 1346 1347
f 1347 1346 1340
f 1340 1346 1330
f 1084 1348 1095
f 1081 1348 1084
f 1330 1348 1332
f 1332 1348 1081
f 1346 1348 1330
f 1343 1349 1350
f 1350 1349 1345
f 1345 1349 1346
f 1095 1351 1093
f 1344 1351 1342
f 1346 1351 1348
f 1343 1351 1349
f 1348 1351 1095
f 1342 1351 1343
f 1349 1351 1346
f 1093 1351 1344
f 1352 1353 1354
f 1355 1119 1114
f 1356 1357 1358
f 1359 1360 1361
f 1359 1362 1129
f 1359 1363 1362
f 1359 1364 1363
f 1359 1365 1364
f 1359 1361 1365
f 1359 1129 1128
f 1366 1106 1367
f 1366 1367 1368
f 1366 1368 1369
f 1366 1369 1370
f 1366 1370 1371
f 1366 1371 1353
f 1366 1105 1106
f 1372 1105 1366
f 1372 1366 1353
f 1373 1111 1105
f 1373 1352 1111
f 1373 1353 1352
f 1373 1372 1353
f 1373 1105 1372
f 1374 1352 1354
f 1374 1111 1352
f 1375 1354 1376
f 1375 1114 1111
f 1375 1374 1354
f 1375 1111 1374
f 1377 1375 1376
f 1377 1114 1375
f 1377 1376 1355
f 1377 1355 1114
f 1378 1376 1357
f 1378 1119 1355
f 1378 1355 1376
f 1379 1378 1357
f 1379 1119 1378
f 1380 1122 1119
f 1380 1356 1122
f 1380 1357 1356
f 1380 1119 1379
f 1380 1379 1357
f 1381 1122 1356
f 1381 1356 1358
f 1382 1358 1360
f 1382 1128 1122
f 1382 1122 1381
f 1382 1381 1358
f 1383 1360 1359
f 1383 1359 1128
f 1383 1382 1360
f 1383 1128 1382
f 1097 1102 1384
f 1385 1386 1387
f 1129 1388 1125
f 1388 1389 1125
f 1389 1390 1391
f 1109 1392 1102
f 1102 1392 1384
f 1386 1393 1394
f 1394 1393 1395
f 1384 1393 1385
f 1385 1393 1386
f 1392 1393 1384
f 1117 1396 1109
f 1125 1396 1117
f 1109 1396 1392
f 1389 1396 1125
f 1391 1396 1389
f 1395 1397 1398
f 1398 1397 1391
f 1391 1397 1396
f 1392 1397 1393
f 1393 1397 1395
f 1396 1397 1392
f 1078 1077 1399
f 1400 1401 1402
f 1097 1384 1091
f 1385 1387 1403
f 1085 1404 1077
f 1399 1404 1400
f 1077 1404 1399
f 1400 1404 1401
f 1401 1405 1406
f 1406 1405 1407
f 1404 1405 1401
f 1385 1408 1384
f 1090 1408 1085
f 1091 1408 1090
f 1404 1408 1405
f 1384 1408 1091
f 1085 1408 1404
f 1407 1409 1410
f 1410 1409 1403
f 1405 1409 1407
f 1408 1409 1405
f 1385 1409 1408
f 1403 1409 1385
f 1411 1068 1078
f 1411 1078 1412
f 1411 1412 1413
f 1411 1413 1414
f 1411 1414 1415
f 1411 1415 1416
f 1411 1416 1417
f 1418 1062 1065
f 1419 1420 1421
f 1422 1053 1055
f 1423 1411 1417
f 1423 1068 1411
f 1424 1065 1068
f 1424 1417 1425
f 1424 1068 1423
f 1424 1423 1417
f 1426 1425 1418
f 1426 1418 1065
f 1426 1065 1424
f 1426 1424 1425
f 1427 1425 1420
f 1427 1418 1425
f 1427 1062 1418
f 1428 1427 1420
f 1428 1062 1427
f 1429 1058 1062
f 1429 1420 1419
f 1429 1062 1428
f 1429 1428 1420
f 1429 1419 1058
f 1430 1419 1421
f 1430 1058 1419
f 1431 1055 1058
f 1431 1421 1432
f 1431 1058 1430
f 1431 1430 1421
f 1433 1432 1422
f 1433 1422 1055
f 1433 1055 1431
f 1433 1431 1432
f 1434 1432 1435
f 1434 1422 1432
f 1434 1053 1422
f 1436 1434 1435
f 1436 1053 1434
f 1437 1438 1439
f 1437 1439 1440
f 1437 1440 1441
f 1437 1441 1442
f 1437 1442 1051
f 1437 1051 1053
f 1437 1435 1438
f 1437 1053 1436
f 1437 1436 1435
f 1443 1444 1445
f 1446 1444 1443
f 1447 1159 1021
f 1447 1021 1020
f 1448 1446 1443
f 1449 1445 1450
f 1449 1450 1451
f 1449 1443 1445
f 1452 1446 1448
f 1453 1451 1159
f 1453 1159 1447
f 1454 1449 1451
f 1454 1451 1453
f 1455 1452 1448
f 1456 1452 1455
f 1457 1456 1455
f 1458 1456 1457
f 1459 1456 1458
f 1460 1459 1461
f 1460 1456 1459
f 1462 1460 1461
f 1463 1144 1462
f 1463 1462 1461
f 1464 1144 1463
f 1465 1144 1464
f 1145 1465 1466
f 1145 1466 1182
f 1145 1144 1465
f 1161 1467 1162
f 1155 1467 1161
f 1157 1155 1161
f 1468 1154 1153
f 1468 1155 1154
f 1468 1153 1469
f 1468 1469 1470
f 1468 1470 1471
f 1468 1471 1467
f 1468 1467 1155
f 1170 1470 1469
f 1153 1170 1469
f 1151 1170 1153
f 1149 1169 1151
f 1472 1473 1166
f 1146 1166 1149
f 1146 1472 1166
f 1474 1169 1170
f 1474 1170 1151
f 1474 1151 1169
f 1475 1166 1169
f 1475 1169 1149
f 1475 1149 1166
f 1472 1476 1473
f 1135 1137 1476
f 1135 1476 1472
f 1146 1135 1472
f 1477 1137 1138
f 1477 1138 1477
f 1477 1477 1478
f 1477 1478 1476
f 1477 1476 1137
f 1479 1148 1480
f 1479 1480 1177
f 1479 1177 1478
f 1479 1477 1138
f 1479 1478 1477
f 1479 1138 1148
f 1156 1481 1152
f 1158 1482 1156
f 1156 1482 1481
f 1158 1483 1482
f 1152 1484 1150
f 1481 1484 1152
f 1159 1485 1158
f 1158 1485 1483
f 1451 1486 1159
f 1159 1486 1485
f 1150 1487 1147
f 1484 1487 1150
f 1450 1488 1451
f 1451 1488 1486
f 1487 1489 1147
f 1450 1445 1488
f 1489 1136 1147
f 1445 1490 1488
f 1489 1491 1136
f 1445 1444 1490
f 1491 1140 1136
f 1444 1492 1490
f 1491 1493 1140
f 1493 1141 1140
f 1492 1446 1494
f 1444 1446 1492
f 1495 1143 1493
f 1493 1143 1141
f 1495 1144 1143
f 1496 1144 1495
f 1446 1452 1494
f 1494 1452 1497
f 1496 1462 1144
f 1498 1462 1496
f 1452 1456 1497
f 1497 1456 1499
f 1498 1460 1462
f 1456 1460 1499
f 1499 1460 1498
f 1163 1471 1470
f 1163 1467 1471
f 1163 1470 1165
f 1041 1162 1467
f 1041 1467 1163
f 1166 1473 1167
f 1470 1170 1165
f 1476 1478 1173
f 1171 1476 1173
f 1473 1476 1171
f 1167 1473 1171
f 1478 1177 1173
f 1187 1178 1177
f 1185 1072 1180
f 1178 1500 1179
f 1186 1500 1187
f 1187 1500 1178
f 1179 1500 1186
f 1179 1501 1180
f 1185 1501 1186
f 1186 1501 1179
f 1180 1501 1185
f 1197 1181 1198
f 1198 1181 1182
f 1195 1191 1196
f 1196 1191 1183
f 1195 1079 1191
f 1196 1502 1197
f 1181 1502 1183
f 1197 1502 1181
f 1183 1502 1196
f 1188 1480 1148
f 1187 1177 1188
f 1188 1177 1480
f 1225 1232 1108
f 1225 1224 1232
f 1224 1233 1232
f 1223 1222 1228
f 1222 1229 1228
f 1233 1503 1228
f 1223 1503 1224
f 1224 1503 1233
f 1228 1503 1223
f 1504 1505 1506
f 1504 1507 1505
f 1508 1201 1507
f 1505 1201 1509
f 1509 1201 1510
f 1510 1201 1198
f 1507 1201 1505
f 1511 1207 1512
f 1512 1207 1508
f 1508 1207 1201
f 1513 1514 1515
f 1515 1514 1516
f 1516 1214 1511
f 1511 1214 1207
f 1517 1217 1518
f 1518 1217 1514
f 1514 1217 1516
f 1516 1217 1214
f 1517 1222 1217
f 1244 1248 1127
f 1243 1251 1250
f 1248 1519 1249
f 1244 1519 1248
f 1249 1519 1244
f 1243 1520 1244
f 1249 1520 1250
f 1244 1520 1249
f 1250 1520 1243
f 1243 1242 1251
f 1242 1521 1251
f 1242 1241 1521
f 1288 1522 1523
f 1288 1523 1524
f 1525 1526 1522
f 1527 1528 1522
f 1527 1522 1526
f 1287 1522 1288
f 1287 1525 1522
f 1529 1528 1527
f 1290 1524 1530
f 1290 1288 1524
f 1279 1290 1530
f 1531 1532 1528
f 1531 1528 1529
f 1533 1534 1532
f 1533 1532 1531
f 1535 1536 1534
f 1535 1534 1533
f 1537 1536 1535
f 1538 1536 1537
f 1539 1538 1540
f 1539 1536 1538
f 1241 1539 1540
f 1239 1541 1539
f 1239 1539 1241
f 1235 1542 1541
f 1235 1541 1239
f 1230 1542 1235
f 1252 1251 1543
f 1544 1258 1256
f 1545 1252 1543
f 1545 1256 1252
f 1545 1544 1256
f 1261 1260 1546
f 1265 1544 1547
f 1535 1265 1547
f 1533 1265 1535
f 1531 1263 1533
f 1260 1264 1531
f 1548 1546 1260
f 1529 1260 1531
f 1529 1548 1260
f 1549 1263 1265
f 1549 1265 1533
f 1549 1533 1263
f 1550 1264 1263
f 1550 1531 1264
f 1550 1263 1531
f 1265 1258 1544
f 1268 1261 1546
f 1551 1268 1546
f 1269 1268 1551
f 1552 1269 1551
f 1274 1269 1552
f 1285 1275 1274
f 1283 1104 1277
f 1275 1553 1276
f 1284 1553 1285
f 1285 1553 1275
f 1276 1553 1284
f 1276 1554 1277
f 1283 1554 1284
f 1284 1554 1276
f 1277 1554 1283
f 1298 1278 1299
f 1299 1278 1280
f 1296 1292 1297
f 1297 1292 1281
f 1296 1094 1292
f 1297 1555 1298
f 1278 1555 1281
f 1298 1555 1278
f 1281 1555 1297
f 1286 1556 1287
f 1285 1274 1286
f 1286 1274 1556
f 1318 1557 1049
f 1318 1558 1557
f 1318 1559 1558
f 1559 1560 1561
f 1559 1562 1560
f 1315 1563 1318
f 1562 1563 1564
f 1318 1563 1559
f 1559 1563 1562
f 1308 1565 1315
f 1315 1565 1563
f 1308 1566 1565
f 1308 1302 1566
f 1302 1567 1566
f 1302 1568 1567
f 1302 1569 1568
f 1570 1569 1302
f 1302 1571 1570
f 1302 1572 1571
f 1568 1573 1574
f 1302 1299 1572
f 1569 1575 1568
f 1568 1575 1573
f 1569 1576 1575
f 1327 1577 1578
f 1327 1578 1325
f 1579 1580 1581
f 1582 1439 1438
f 1582 1440 1439
f 1582 1441 1440
f 1582 1442 1441
f 1582 1051 1442
f 1582 1438 1583
f 1582 1328 1051
f 1584 1581 1585
f 1584 1585 1577
f 1584 1577 1327
f 1584 1579 1581
f 1586 1583 1579
f 1586 1327 1328
f 1586 1579 1584
f 1586 1584 1327
f 1587 1582 1583
f 1587 1328 1582
f 1587 1586 1328
f 1587 1583 1586
f 1326 1588 1589
f 1326 1325 1590
f 1326 1590 1591
f 1326 1591 1592
f 1326 1592 1588
f 1593 1589 1594
f 1593 1335 1326
f 1593 1326 1589
f 1595 1335 1593
f 1595 1593 1594
f 1596 1594 1597
f 1596 1598 1333
f 1596 1599 1598
f 1596 1600 1599
f 1596 1601 1600
f 1596 1597 1601
f 1596 1333 1335
f 1596 1595 1594
f 1596 1335 1595
f 1602 1338 1333
f 1603 1331 1602
f 1602 1331 1338
f 1604 1329 1603
f 1603 1329 1331
f 1604 1605 1329
f 1605 1340 1329
f 1605 1606 1340
f 1606 1347 1340
f 1606 1345 1347
f 1607 1341 1343
f 1607 1608 1609
f 1607 1609 1610
f 1607 1610 1611
f 1607 1611 1341
f 1612 1343 1350
f 1612 1613 1607
f 1612 1607 1343
f 1614 1613 1612
f 1614 1612 1350
f 1615 1350 1345
f 1615 1345 1616
f 1615 1616 1617
f 1615 1617 1618
f 1615 1618 1619
f 1615 1619 1620
f 1615 1620 1613
f 1615 1614 1350
f 1615 1613 1614
f 1621 1367 1106
f 1621 1368 1367
f 1621 1369 1368
f 1621 1370 1369
f 1621 1371 1370
f 1621 1106 1344
f 1621 1622 1371
f 1623 1342 1341
f 1623 1341 1624
f 1623 1624 1625
f 1623 1625 1626
f 1623 1626 1627
f 1623 1627 1628
f 1623 1628 1629
f 1630 1621 1344
f 1630 1622 1621
f 1631 1344 1342
f 1631 1629 1622
f 1631 1630 1344
f 1631 1622 1630
f 1632 1623 1629
f 1632 1342 1623
f 1632 1629 1631
f 1632 1631 1342
f 1633 1634 1635
f 1634 1636 1635
f 1637 1638 1634
f 1634 1638 1636
f 1637 1639 1638
f 1636 1640 1635
f 1361 1641 1637
f 1637 1641 1639
f 1360 1642 1361
f 1361 1642 1641
f 1640 1643 1635
f 1360 1644 1642
f 1360 1358 1644
f 1358 1645 1644
f 1645 1357 1646
f 1646 1357 1647
f 1358 1357 1645
f 1647 1376 1648
f 1357 1376 1647
f 1648 1354 1649
f 1376 1354 1648
f 1650 1622 1651
f 1652 1371 1650
f 1653 1371 1652
f 1650 1371 1622
f 1651 1629 1654
f 1622 1629 1651
f 1649 1353 1655
f 1655 1353 1653
f 1653 1353 1371
f 1354 1353 1649
f 1654 1656 1643
f 1629 1656 1654
f 1629 1628 1656
f 1656 1635 1643
f 1387 1657 1658
f 1386 1657 1387
f 1394 1659 1386
f 1386 1659 1657
f 1394 1395 1659
f 1389 1660 1661
f 1389 1661 1390
f 1634 1633 1662
f 1663 1129 1362
f 1663 1362 1363
f 1663 1363 1364
f 1663 1364 1365
f 1663 1365 1361
f 1663 1361 1637
f 1663 1388 1129
f 1664 1662 1665
f 1664 1665 1660
f 1664 1660 1389
f 1664 1634 1662
f 1666 1637 1634
f 1666 1389 1388
f 1666 1634 1664
f 1666 1664 1389
f 1667 1663 1637
f 1667 1388 1663
f 1667 1666 1388
f 1667 1637 1666
f 1398 1391 1668
f 1669 1670 1668
f 1669 1391 1390
f 1669 1390 1671
f 1669 1671 1672
f 1669 1672 1673
f 1669 1673 1674
f 1669 1674 1670
f 1669 1668 1391
f 1675 1676 1677
f 1675 1677 1678
f 1675 1678 1679
f 1675 1679 1680
f 1675 1680 1681
f 1675 1681 1395
f 1675 1395 1398
f 1682 1668 1676
f 1682 1676 1675
f 1682 1675 1398
f 1682 1398 1668
f 1410 1683 1407
f 1410 1403 1683
f 1403 1684 1683
f 1403 1387 1684
f 1387 1658 1684
f 1685 1686 1401
f 1687 1402 1401
f 1687 1686 1688
f 1687 1688 1689
f 1687 1689 1690
f 1687 1690 1691
f 1687 1691 1692
f 1687 1692 1402
f 1687 1401 1686
f 1693 1406 1407
f 1693 1407 1694
f 1693 1694 1695
f 1693 1695 1696
f 1693 1696 1697
f 1693 1697 1698
f 1693 1698 1685
f 1699 1401 1406
f 1699 1406 1693
f 1699 1693 1685
f 1699 1685 1401
f 1399 1412 1078
f 1700 1415 1414
f 1700 1416 1415
f 1701 1400 1402
f 1701 1402 1702
f 1701 1702 1703
f 1701 1703 1704
f 1701 1704 1705
f 1701 1705 1706
f 1701 1706 1707
f 1708 1413 1412
f 1708 1414 1413
f 1708 1412 1399
f 1708 1700 1414
f 1709 1399 1400
f 1709 1707 1700
f 1709 1708 1399
f 1709 1700 1708
f 1710 1701 1707
f 1710 1400 1701
f 1710 1707 1709
f 1710 1709 1400
f 1711 1707 1706
f 1417 1712 1425
f 1425 1712 1713
f 1416 1714 1417
f 1417 1714 1712
f 1425 1715 1420
f 1713 1715 1425
f 1416 1716 1714
f 1416 1717 1716
f 1420 1718 1421
f 1715 1718 1420
f 1700 1719 1416
f 1416 1719 1717
f 1718 1720 1421
f 1707 1721 1700
f 1700 1721 1719
f 1720 1722 1421
f 1722 1432 1421
f 1711 1723 1707
f 1707 1723 1721
f 1722 1724 1432
f 1725 1435 1724
f 1724 1435 1432
f 1726 1438 1725
f 1725 1438 1435
f 1727 1583 1728
f 1728 1583 1726
f 1726 1583 1438
f 1727 1579 1583
f 1579 1729 1580
f 1730 1729 1727
f 1727 1729 1579
f 1711 1729 1731
f 1711 1731 1723
f 1731 1729 1730
f 1466 1198 1182
f 1732 1510 1198
f 1732 1466 1465
f 1732 1198 1466
f 1732 1465 1510
f 1733 1509 1510
f 1733 1465 1464
f 1733 1510 1465
f 1733 1464 1509
f 1734 1509 1464
f 1735 1505 1509
f 1735 1464 1463
f 1735 1734 1464
f 1735 1463 1505
f 1735 1509 1734
f 1736 1505 1463
f 1737 1461 1738
f 1737 1738 1506
f 1737 1506 1505
f 1737 1463 1461
f 1737 1736 1463
f 1737 1505 1736
f 1738 1739 1506
f 1459 1739 1738
f 1461 1459 1738
f 1740 1741 1742
f 1740 1742 1739
f 1740 1458 1457
f 1740 1459 1458
f 1740 1457 1743
f 1740 1743 1741
f 1740 1739 1459
f 1744 1743 1457
f 1744 1741 1743
f 1455 1744 1457
f 1448 1745 1455
f 1561 1560 1448
f 1746 1561 1448
f 1443 1746 1448
f 1747 1745 1744
f 1748 1747 1744
f 1748 1744 1455
f 1748 1745 1747
f 1748 1455 1745
f 1749 1560 1745
f 1750 1749 1745
f 1750 1745 1448
f 1750 1448 1560
f 1750 1560 1749
f 1751 1443 1449
f 1751 1559 1561
f 1751 1746 1443
f 1751 1561 1746
f 1751 1449 1559
f 1752 1559 1449
f 1753 1558 1559
f 1753 1449 1454
f 1753 1752 1449
f 1753 1559 1752
f 1754 1454 1453
f 1754 1558 1753
f 1754 1453 1558
f 1754 1753 1454
f 1755 1557 1558
f 1755 1453 1447
f 1755 1558 1453
f 1755 1447 1557
f 1756 1020 1049
f 1756 1049 1557
f 1756 1447 1020
f 1756 1557 1447
f 1495 1716 1717
f 1493 1712 1714
f 1493 1714 1716
f 1493 1716 1495
f 1491 1713 1712
f 1491 1712 1493
f 1489 1715 1713
f 1489 1713 1491
f 1487 1718 1715
f 1487 1715 1489
f 1484 1720 1718
f 1484 1718 1487
f 1481 1722 1720
f 1481 1720 1484
f 1482 1724 1722
f 1482 1722 1481
f 1483 1724 1482
f 1485 1725 1724
f 1485 1724 1483
f 1486 1725 1485
f 1486 1726 1725
f 1488 1728 1726
f 1488 1726 1486
f 1490 1727 1728
f 1490 1728 1488
f 1492 1730 1727
f 1492 1727 1490
f 1494 1731 1730
f 1494 1730 1492
f 1497 1723 1731
f 1497 1731 1494
f 1499 1721 1723
f 1499 1723 1497
f 1498 1719 1721
f 1498 1721 1499
f 1496 1717 1719
f 1496 1719 1498
f 1495 1717 1496
f 1506 1757 1504
f 1742 1757 1506
f 1741 1758 1757
f 1741 1757 1742
f 1739 1742 1506
f 1759 1507 1504
f 1759 1504 1760
f 1759 1760 1761
f 1759 1761 1762
f 1759 1762 1763
f 1759 1763 1764
f 1765 1508 1507
f 1765 1764 1766
f 1767 1512 1508
f 1767 1766 1768
f 1767 1768 1769
f 1767 1769 1770
f 1767 1770 1771
f 1767 1771 1512
f 1772 1759 1764
f 1772 1764 1765
f 1772 1507 1759
f 1772 1765 1507
f 1773 1765 1766
f 1773 1767 1508
f 1773 1766 1767
f 1773 1508 1765
f 1774 1511 1512
f 1774 1769 1768
f 1774 1770 1769
f 1774 1771 1770
f 1774 1512 1771
f 1774 1768 1775
f 1776 1516 1511
f 1776 1775 1777
f 1778 1779 1780
f 1778 1780 1781
f 1778 1781 1782
f 1778 1782 1515
f 1778 1515 1516
f 1778 1777 1779
f 1783 1774 1775
f 1783 1511 1774
f 1783 1775 1776
f 1783 1776 1511
f 1784 1778 1516
f 1784 1777 1778
f 1784 1776 1777
f 1784 1516 1776
f 1785 1786 1787
f 1785 1787 1513
f 1788 1785 1513
f 1515 1788 1513
f 1789 1786 1785
f 1222 1790 1229
f 1791 1513 1792
f 1791 1792 1793
f 1791 1793 1794
f 1791 1514 1513
f 1795 1791 1794
f 1795 1514 1791
f 1796 1794 1797
f 1796 1518 1514
f 1796 1795 1794
f 1796 1514 1795
f 1798 1518 1796
f 1798 1797 1518
f 1798 1796 1797
f 1799 1797 1800
f 1799 1517 1518
f 1799 1518 1797
f 1799 1800 1517
f 1801 1800 1790
f 1801 1222 1517
f 1801 1517 1800
f 1801 1790 1222
f 1802 1241 1540
f 1802 1540 1803
f 1802 1803 1543
f 1802 1543 1251
f 1802 1251 1521
f 1802 1521 1241
f 1545 1547 1544
f 1537 1535 1547
f 1537 1547 1545
f 1803 1545 1543
f 1538 1537 1545
f 1538 1545 1803
f 1540 1538 1803
f 1548 1551 1546
f 1527 1526 1551
f 1527 1551 1548
f 1529 1527 1548
f 1804 1526 1525
f 1804 1525 1804
f 1804 1804 1552
f 1804 1552 1551
f 1804 1551 1526
f 1805 1804 1525
f 1805 1552 1804
f 1805 1525 1287
f 1805 1287 1556
f 1805 1556 1274
f 1805 1274 1552
f 1806 1807 1808
f 1793 1807 1809
f 1793 1808 1807
f 1810 1811 1807
f 1810 1807 1806
f 1790 1230 1229
f 1800 1542 1230
f 1800 1230 1790
f 1812 1811 1810
f 1813 1811 1812
f 1797 1814 1542
f 1797 1542 1800
f 1794 1809 1815
f 1794 1815 1814
f 1794 1793 1809
f 1794 1814 1797
f 1816 1813 1812
f 1817 1813 1816
f 1818 1817 1816
f 1819 1817 1818
f 1820 1530 1821
f 1820 1821 1819
f 1820 1819 1818
f 1822 1530 1820
f 1823 1530 1822
f 1279 1823 1824
f 1279 1824 1280
f 1279 1530 1823
f 1819 1825 1817
f 1821 1826 1819
f 1819 1826 1825
f 1821 1827 1826
f 1817 1828 1813
f 1825 1828 1817
f 1530 1829 1821
f 1821 1829 1827
f 1524 1830 1530
f 1530 1830 1829
f 1813 1831 1811
f 1828 1831 1813
f 1523 1832 1524
f 1524 1832 1830
f 1831 1833 1811
f 1833 1807 1811
f 1523 1834 1832
f 1833 1835 1807
f 1523 1522 1834
f 1835 1809 1807
f 1522 1836 1834
f 1835 1837 1809
f 1522 1528 1836
f 1837 1815 1809
f 1838 1814 1837
f 1837 1814 1815
f 1836 1532 1839
f 1528 1532 1836
f 1838 1542 1814
f 1840 1542 1838
f 1532 1534 1839
f 1839 1534 1841
f 1840 1541 1542
f 1842 1541 1840
f 1534 1536 1841
f 1841 1536 1843
f 1842 1539 1541
f 1536 1539 1843
f 1843 1539 1842
f 1844 1845 1846
f 1844 1568 1574
f 1844 1574 1847
f 1844 1847 1848
f 1844 1848 1849
f 1844 1849 1845
f 1850 1844 1846
f 1850 1568 1844
f 1851 1567 1568
f 1852 1846 1853
f 1852 1567 1851
f 1852 1851 1846
f 1854 1566 1567
f 1854 1852 1853
f 1854 1567 1852
f 1855 1854 1853
f 1855 1566 1854
f 1856 1853 1857
f 1856 1566 1855
f 1856 1855 1853
f 1858 1565 1566
f 1858 1566 1856
f 1858 1856 1857
f 1859 1857 1860
f 1859 1858 1857
f 1859 1565 1858
f 1861 1565 1859
f 1861 1859 1860
f 1862 1563 1565
f 1862 1861 1860
f 1862 1565 1861
f 1863 1860 1864
f 1863 1563 1862
f 1863 1862 1860
f 1865 1563 1863
f 1865 1863 1864
f 1866 1564 1563
f 1866 1865 1864
f 1866 1563 1865
f 1867 1864 1868
f 1867 1868 1869
f 1867 1869 1870
f 1867 1870 1871
f 1867 1871 1564
f 1867 1564 1866
f 1867 1866 1864
f 1872 1850 1846
f 1872 1568 1850
f 1872 1851 1568
f 1872 1846 1851
f 1824 1299 1280
f 1572 1299 1824
f 1873 1824 1823
f 1873 1571 1572
f 1873 1572 1824
f 1873 1823 1571
f 1874 1823 1822
f 1874 1570 1571
f 1874 1571 1823
f 1874 1822 1570
f 1875 1569 1570
f 1875 1570 1822
f 1876 1822 1820
f 1876 1875 1822
f 1876 1569 1875
f 1876 1820 1569
f 1877 1569 1820
f 1878 1569 1877
f 1878 1820 1818
f 1878 1818 1879
f 1878 1879 1576
f 1878 1576 1569
f 1878 1877 1820
f 1325 1578 1590
f 1591 1880 1592
f 1592 1880 1588
f 1588 1880 1881
f 1881 1880 1882
f 1585 1883 1577
f 1577 1883 1578
f 1590 1883 1591
f 1578 1883 1590
f 1591 1883 1880
f 1882 1884 1885
f 1885 1884 1580
f 1880 1884 1882
f 1580 1886 1581
f 1581 1886 1585
f 1883 1886 1880
f 1585 1886 1883
f 1884 1886 1580
f 1880 1886 1884
f 1589 1588 1887
f 1888 1589 1887
f 1594 1589 1888
f 1889 1597 1594
f 1889 1594 1888
f 1890 1597 1889
f 1891 1890 1889
f 1892 1890 1891
f 1893 1892 1891
f 1894 1892 1893
f 1895 1894 1893
f 1607 1896 1897
f 1607 1897 1608
f 1898 1895 1899
f 1898 1894 1895
f 1613 1900 1896
f 1613 1896 1607
f 1620 1899 1900
f 1620 1900 1613
f 1620 1898 1899
f 1901 1602 1333
f 1901 1333 1598
f 1901 1598 1599
f 1901 1599 1600
f 1901 1600 1601
f 1901 1601 1597
f 1901 1597 1890
f 1902 1603 1602
f 1902 1890 1892
f 1903 1603 1902
f 1903 1902 1892
f 1904 1604 1603
f 1904 1892 1894
f 1905 1604 1904
f 1905 1904 1894
f 1906 1605 1604
f 1907 1894 1898
f 1907 1906 1894
f 1907 1605 1906
f 1908 1606 1605
f 1908 1605 1907
f 1908 1907 1898
f 1909 1345 1606
f 1909 1898 1620
f 1909 1616 1345
f 1909 1617 1616
f 1909 1618 1617
f 1909 1619 1618
f 1909 1620 1619
f 1909 1606 1908
f 1909 1908 1898
f 1910 1902 1602
f 1910 1602 1901
f 1910 1890 1902
f 1910 1901 1890
f 1911 1903 1892
f 1911 1603 1903
f 1911 1904 1603
f 1911 1892 1904
f 1912 1604 1905
f 1912 1894 1906
f 1912 1906 1604
f 1912 1905 1894
f 1611 1624 1341
f 1611 1610 1624
f 1609 1913 1610
f 1624 1913 1625
f 1610 1913 1624
f 1608 1914 1609
f 1915 1914 1916
f 1916 1914 1608
f 1609 1914 1913
f 1625 1917 1626
f 1626 1917 1627
f 1913 1917 1625
f 1628 1918 1919
f 1919 1918 1915
f 1914 1918 1913
f 1917 1918 1627
f 1915 1918 1914
f 1627 1918 1628
f 1913 1918 1917
f 1838 1641 1642
f 1837 1638 1639
f 1837 1639 1641
f 1837 1641 1838
f 1835 1636 1638
f 1835 1638 1837
f 1833 1640 1636
f 1833 1636 1835
f 1831 1643 1640
f 1831 1640 1833
f 1828 1654 1643
f 1828 1643 1831
f 1825 1651 1654
f 1825 1654 1828
f 1826 1650 1651
f 1826 1651 1825
f 1827 1650 1826
f 1829 1652 1650
f 1829 1650 1827
f 1830 1652 1829
f 1830 1653 1652
f 1832 1655 1653
f 1832 1653 1830
f 1834 1649 1655
f 1834 1655 1832
f 1836 1648 1649
f 1836 1649 1834
f 1839 1647 1648
f 1839 1648 1836
f 1841 1646 1647
f 1841 1647 1839
f 1843 1645 1646
f 1843 1646 1841
f 1842 1644 1645
f 1842 1645 1843
f 1840 1642 1644
f 1840 1644 1842
f 1838 1642 1840
f 1920 1608 1897
f 1921 1916 1920
f 1920 1916 1608
f 1922 1915 1921
f 1921 1915 1916
f 1656 1919 1922
f 1922 1919 1915
f 1656 1628 1919
f 1923 1635 1656
f 1924 1925 1923
f 1923 1925 1635
f 1926 1927 1924
f 1924 1927 1925
f 1928 1929 1926
f 1926 1929 1927
f 1928 1930 1929
f 1931 1633 1635
f 1932 1933 1931
f 1931 1933 1633
f 1934 1935 1932
f 1932 1935 1933
f 1936 1937 1934
f 1934 1937 1935
f 1936 1670 1937
f 1938 1678 1677
f 1938 1679 1678
f 1938 1680 1679
f 1938 1681 1680
f 1938 1395 1681
f 1938 1677 1939
f 1938 1659 1395
f 1940 1657 1659
f 1940 1659 1938
f 1940 1938 1939
f 1941 1939 1942
f 1941 1657 1940
f 1941 1940 1939
f 1943 1658 1657
f 1943 1657 1941
f 1943 1941 1942
f 1944 1684 1658
f 1944 1942 1945
f 1944 1946 1942
f 1944 1658 1946
f 1947 1945 1948
f 1947 1683 1684
f 1947 1949 1945
f 1947 1684 1949
f 1950 1948 1698
f 1950 1694 1407
f 1950 1695 1694
f 1950 1696 1695
f 1950 1697 1696
f 1950 1698 1697
f 1950 1407 1683
f 1951 1943 1942
f 1951 1658 1943
f 1951 1942 1946
f 1951 1946 1658
f 1952 1944 1945
f 1952 1684 1944
f 1952 1945 1949
f 1952 1949 1684
f 1953 1947 1948
f 1953 1683 1947
f 1953 1950 1683
f 1953 1948 1950
f 1390 1661 1671
f 1671 1661 1672
f 1673 1954 1674
f 1674 1954 1670
f 1937 1954 1935
f 1670 1954 1937
f 1665 1955 1660
f 1660 1955 1661
f 1672 1955 1673
f 1661 1955 1672
f 1673 1955 1954
f 1933 1956 1633
f 1935 1956 1933
f 1954 1956 1935
f 1633 1957 1662
f 1662 1957 1665
f 1955 1957 1954
f 1956 1957 1633
f 1665 1957 1955
f 1954 1957 1956
f 1958 1685 1698
f 1959 1698 1948
f 1959 1958 1698
f 1960 1686 1685
f 1960 1685 1958
f 1961 1948 1945
f 1961 1959 1948
f 1962 1688 1686
f 1962 1686 1960
f 1942 1961 1945
f 1963 1961 1942
f 1939 1963 1942
f 1964 1963 1939
f 1965 1964 1939
f 1677 1965 1939
f 1676 1965 1677
f 1966 1965 1676
f 1668 1966 1676
f 1936 1966 1668
f 1670 1936 1668
f 1692 1702 1402
f 1692 1691 1702
f 1688 1967 1689
f 1702 1968 1703
f 1690 1968 1691
f 1691 1968 1702
f 1969 1970 1967
f 1689 1970 1690
f 1967 1970 1689
f 1690 1970 1968
f 1703 1971 1704
f 1704 1971 1705
f 1968 1971 1703
f 1706 1972 1973
f 1973 1972 1969
f 1970 1972 1968
f 1971 1972 1705
f 1969 1972 1970
f 1705 1972 1706
f 1968 1972 1971
f 1588 1974 1887
f 1881 1974 1588
f 1882 1975 1881
f 1881 1975 1974
f 1885 1976 1882
f 1882 1976 1975
f 1580 1729 1885
f 1885 1729 1976
f 1706 1977 1711
f 1973 1977 1706
f 1969 1978 1973
f 1973 1978 1977
f 1967 1979 1969
f 1969 1979 1978
f 1688 1962 1967
f 1967 1962 1979
f 1980 1981 1982
f 1983 1984 1980
f 1980 1984 1981
f 1985 1986 1983
f 1983 1986 1984
f 1729 1987 1985
f 1985 1987 1986
f 1729 1711 1987
f 1562 1745 1560
f 1562 1744 1745
f 1744 1758 1741
f 1562 1758 1744
f 1757 1760 1504
f 1761 1760 1757
f 1988 1757 1758
f 1989 1763 1762
f 1990 1762 1761
f 1990 1989 1762
f 1991 1761 1757
f 1991 1757 1988
f 1991 1990 1761
f 1992 1991 1993
f 1992 1990 1991
f 1994 1992 1993
f 1868 1995 1996
f 1868 1996 1982
f 1864 1997 1995
f 1864 1995 1868
f 1994 1868 1982
f 1860 1998 1997
f 1860 1997 1864
f 1857 1999 1998
f 1857 1998 1860
f 1981 1992 1994
f 1981 1990 1992
f 1981 1989 1990
f 1981 1994 1982
f 2000 1764 1763
f 2000 1763 1989
f 2000 1989 1981
f 2001 1766 1764
f 2001 1764 2000
f 2002 1766 2001
f 2003 1768 1766
f 2003 1766 2002
f 2004 1768 2003
f 1785 2005 1789
f 1782 1788 1515
f 1782 1785 1788
f 2006 2007 2008
f 2009 2006 2008
f 1781 1785 1782
f 2010 2009 1781
f 1780 2010 1781
f 1779 2010 1780
f 2011 2008 2012
f 2011 2012 2005
f 2011 2005 1785
f 2011 2009 2008
f 2011 1785 1781
f 2011 1781 2009
f 1857 2013 1999
f 1853 2014 2015
f 1853 2015 2013
f 1853 2013 1857
f 1846 2016 2014
f 1846 2014 1853
f 1845 1928 2016
f 1845 2016 1846
f 2007 1928 1845
f 2017 1775 1768
f 2017 1768 2004
f 2018 1777 1775
f 2018 1775 2017
f 2019 1779 1777
f 2019 1777 2018
f 2020 2010 1779
f 2020 1779 2019
f 1930 2009 2010
f 1930 2006 2009
f 1930 2007 2006
f 1930 1928 2007
f 1930 2010 2020
f 1787 1792 1513
f 1808 1793 1792
f 1808 1792 1787
f 2021 1787 1786
f 1806 1787 2021
f 1806 1808 1787
f 1810 1806 2021
f 1816 1575 1576
f 1816 1879 1818
f 1816 1576 1879
f 1812 2022 1816
f 2021 1786 2023
f 1810 2023 1812
f 1810 2021 2023
f 2024 2022 1575
f 2025 1575 1816
f 2025 1816 2022
f 2025 2024 1575
f 2025 2022 2024
f 2026 2023 2022
f 2027 2023 2026
f 2027 2026 2022
f 2027 1812 2023
f 2027 2022 1812
f 1900 2016 1896
f 1899 2014 1900
f 1996 1995 1888
f 2028 2016 1928
f 2028 1928 2029
f 2028 2029 2030
f 2028 2030 2031
f 2028 2031 2032
f 2028 2032 1897
f 2028 1897 1896
f 2028 1896 2016
f 2033 2014 2016
f 2033 2016 1900
f 2033 1900 2014
f 2034 2015 2014
f 2034 2014 1899
f 2034 1899 2015
f 2035 2013 2015
f 2035 1899 1895
f 2035 2015 1899
f 2035 1895 2013
f 2036 1999 2013
f 2036 1895 1893
f 2036 2013 1895
f 2036 1893 1999
f 2037 1998 1999
f 2037 1893 1891
f 2037 1999 1893
f 2037 1891 1998
f 2038 1997 1998
f 2038 1998 1891
f 2039 1891 1889
f 2039 2038 1891
f 2039 1997 2038
f 2040 1995 1997
f 2040 1889 1888
f 2040 2039 1889
f 2040 1888 1995
f 2040 1997 2039
f 2041 1887 2042
f 2041 2042 2043
f 2041 2043 2044
f 2041 2044 2045
f 2041 2045 1982
f 2041 1982 1996
f 2041 1888 1887
f 2041 1996 1888
f 2032 1920 1897
f 1928 1926 2029
f 2029 1926 2030
f 2031 2046 2032
f 1920 2046 1921
f 2032 2046 1920
f 1924 2047 1926
f 2030 2047 2031
f 2031 2047 2046
f 1926 2047 2030
f 1922 2048 1656
f 1921 2048 1922
f 2046 2048 1921
f 1923 2049 1924
f 1656 2049 1923
f 2047 2049 2046
f 2048 2049 1656
f 2046 2049 2048
f 1924 2049 2047
f 2050 1929 1930
f 1936 1934 2051
f 2051 1934 2052
f 1929 2053 1927
f 2054 2053 2050
f 2050 2053 1929
f 1932 2055 1934
f 2052 2055 2054
f 1934 2055 2052
f 2054 2055 2053
f 1925 2056 1635
f 1927 2056 1925
f 2053 2056 1927
f 1931 2057 1932
f 1635 2057 1931
f 2055 2057 2053
f 2056 2057 1635
f 1932 2057 2055
f 2053 2057 2056
f 1958 2000 1960
f 1959 2001 1958
f 2020 2019 1966
f 2058 2000 1981
f 2058 1981 2059
f 2058 2059 2060
f 2058 2060 2061
f 2058 2061 2062
f 2058 2062 1962
f 2058 1962 1960
f 2058 1960 2000
f 2063 2001 2000
f 2063 2000 1958
f 2063 1958 2001
f 2064 2002 2001
f 2064 2001 1959
f 2064 1959 2002
f 2065 2003 2002
f 2065 1959 1961
f 2065 2002 1959
f 2065 1961 2003
f 2066 2004 2003
f 2066 1961 1963
f 2066 2003 1961
f 2066 1963 2004
f 2067 1963 1964
f 2067 2017 2004
f 2067 2004 1963
f 2067 1964 2017
f 2068 2018 2017
f 2068 2017 1964
f 2069 1964 1965
f 2069 2018 2068
f 2069 2068 1964
f 2070 1965 1966
f 2070 2019 2018
f 2070 2069 1965
f 2070 2018 2069
f 2070 1966 2019
f 2071 1966 1936
f 2071 1936 2051
f 2071 2051 2052
f 2071 2052 2054
f 2071 2054 2050
f 2071 2050 1930
f 2071 1930 2020
f 2071 2020 1966
f 2045 1980 1982
f 1887 1974 2042
f 2042 1974 2043
f 2044 2072 2045
f 1980 2072 1983
f 2045 2072 1980
f 2043 2073 2044
f 1975 2073 1974
f 2044 2073 2072
f 1974 2073 2043
f 1985 2074 1729
f 1983 2074 1985
f 2072 2074 1983
f 1976 2075 1975
f 1729 2075 1976
f 2073 2075 2072
f 2074 2075 1729
f 2072 2075 2074
f 1975 2075 2073
f 2062 1979 1962
f 1981 1984 2059
f 2059 1984 2060
f 2061 2076 2062
f 1979 2076 1978
f 2062 2076 1979
f 1986 2077 1984
f 2060 2077 2061
f 2061 2077 2076
f 1984 2077 2060
f 1977 2078 1711
f 1978 2078 1977
f 2076 2078 1978
f 1987 2079 1986
f 1711 2079 1987
f 2077 2079 2076
f 2078 2079 1711
f 2076 2079 2078
f 1986 2079 2077
f 1564 1758 1562
f 1871 1988 1564
f 1564 1988 1758
f 1871 1991 1988
f 1871 1993 1991
f 1868 1994 1869
f 1869 1994 1870
f 1870 1994 1871
f 1871 1994 1993
f 1847 2007 1848
f 1848 2007 1849
f 1849 2007 1845
f 1847 2008 2007
f 1847 2012 2008
f 1574 2005 1847
f 1847 2005 2012
f 1573 1789 1574
f 1574 1789 2005
f 1575 2022 1573
f 2022 2023 1573
f 2023 1789 1573
f 2023 1786 1789
f 2080 2081 2082
f 2083 2084 2080
f 2080 2084 2081
f 2085 2086 2083
f 2083 2086 2084
f 2087 2088 2085
f 2085 2088 2086
f 2089 2090 2087
f 2087 2090 2088
f 2091 2092 2089
f 2089 2092 2090
f 2093 2094 2091
f 2091 2094 2092
f 2095 2096 2093
f 2093 2096 2094
f 2097 2098 2095
f 2095 2098 2096
f 2097 2099 2098
f 2100 2080 2101
f 2101 2080 2082
f 2102 2083 2100
f 2100 2083 2080
f 2103 2085 2102
f 2102 2085 2083
f 2103 2104 2085
f 2104 2087 2085
f 2104 2105 2087
f 2105 2089 2087
f 2106 2091 2105
f 2105 2091 2089
f 2107 2093 2106
f 2106 2093 2091
f 2107 2108 2093
f 2108 2095 2093
f 2108 2109 2095
f 2109 2097 2095
f 2110 2099 2097
f 2111 2112 2113
f 2113 2112 2110
f 2110 2112 2099
f 2114 2115 2111
f 2111 2115 2112
f 2116 2117 2114
f 2114 2117 2115
f 2118 2119 2116
f 2116 2119 2117
f 2120 2121 2118
f 2118 2121 2119
f 2122 2123 2120
f 2120 2123 2121
f 2124 2125 2122
f 2122 2125 2123
f 2082 2126 2124
f 2124 2126 2125
f 2082 2081 2126
f 2127 2115 2128
f 2128 2115 2129
f 2129 2117 2130
f 2115 2117 2129
f 2131 2112 2127
f 2127 2112 2115
f 2130 2119 2132
f 2117 2119 2130
f 2133 2099 2131
f 2131 2099 2112
f 2134 2098 2133
f 2133 2098 2099
f 2119 2121 2132
f 2134 2096 2098
f 2121 2135 2132
f 2134 2136 2096
f 2121 2123 2135
f 2136 2094 2096
f 2123 2137 2135
f 2123 2125 2137
f 2094 2138 2092
f 2136 2138 2094
f 2126 2139 2125
f 2125 2139 2137
f 2092 2140 2090
f 2138 2140 2092
f 2081 2141 2126
f 2126 2141 2139
f 2084 2142 2081
f 2081 2142 2141
f 2140 2143 2090
f 2090 2143 2088
f 2084 2144 2142
f 2086 2144 2084
f 2143 2145 2088
f 2088 2145 2086
f 2086 2146 2144
f 2145 2146 2086
f 2147 2109 2148
f 2148 2109 2149
f 2149 2108 2150
f 2109 2108 2149
f 2107 2106 2108
f 2108 2106 2150
f 2106 2105 2150
f 2151 2101 2152
f 2152 2101 2153
f 2153 2101 2154
f 2154 2101 2155
f 2151 2100 2101
f 2104 2103 2105
f 2100 2103 2102
f 2150 2103 2151
f 2105 2103 2150
f 2151 2103 2100
f 2109 2110 2097
f 2109 2147 2110
f 2147 2113 2110
f 2148 2111 2147
f 2147 2111 2113
f 2149 2114 2148
f 2148 2114 2111
f 2150 2116 2149
f 2149 2116 2114
f 2151 2118 2150
f 2150 2118 2116
f 2152 2120 2151
f 2151 2120 2118
f 2153 2122 2152
f 2152 2122 2120
f 2154 2124 2153
f 2153 2124 2122
f 2154 2155 2124
f 2101 2082 2155
f 2155 2082 2124
f 2144 2156 2142
f 2142 2156 2157
f 2146 2158 2144
f 2144 2158 2156
f 2145 2159 2146
f 2146 2159 2158
f 2145 2143 2159
f 2143 2160 2159
f 2143 2140 2160
f 2140 2161 2160
f 2140 2138 2161
f 2138 2162 2161
f 2138 2136 2162
f 2136 2163 2162
f 2136 2134 2163
f 2134 2164 2163
f 2134 2133 2164
f 2133 2165 2164
f 2133 2131 2165
f 2131 2166 2165
f 2131 2167 2166
f 2127 2167 2131
f 2128 2168 2127
f 2127 2168 2167
f 2129 2169 2128
f 2128 2169 2168
f 2130 2170 2129
f 2129 2170 2169
f 2132 2171 2130
f 2130 2171 2170
f 2135 2172 2132
f 2132 2172 2171
f 2137 2173 2135
f 2135 2173 2172
f 2139 2174 2137
f 2137 2174 2173
f 2141 2175 2139
f 2139 2175 2174
f 2142 2157 2141
f 2141 2157 2175
f 2176 2165 2177
f 2177 2165 2166
f 2178 2164 2176
f 2176 2164 2165
f 2179 2163 2178
f 2178 2163 2164
f 2180 2162 2179
f 2179 2162 2163
f 2181 2161 2180
f 2180 2161 2162
f 2182 2160 2181
f 2181 2160 2161
f 2183 2159 2182
f 2182 2159 2160
f 2183 2158 2159
f 2184 2156 2183
f 2183 2156 2158
f 2185 2157 2184
f 2184 2157 2156
f 2185 2175 2157
f 2186 2175 2185
f 2187 2174 2186
f 2186 2174 2175
f 2188 2173 2187
f 2187 2173 2174
f 2189 2172 2188
f 2188 2172 2173
f 2190 2171 2189
f 2189 2171 2172
f 2191 2170 2190
f 2190 2170 2171
f 2192 2169 2191
f 2191 2169 2170
f 2192 2168 2169
f 2193 2167 2192
f 2192 2167 2168
f 2177 2166 2193
f 2193 2166 2167
f 2187 2194 2188
f 2194 2189 2188
f 2187 2186 2194
f 2186 2185 2194
f 2194 2195 2189
f 2195 2190 2189
f 2195 2191 2190
f 2184 2196 2185
f 2185 2196 2194
f 2184 2183 2196
f 2191 2197 2192
f 2195 2197 2191
f 2183 2182 2196
f 2197 2193 2192
f 2181 2198 2182
f 2182 2198 2196
f 2197 2177 2193
f 2181 2180 2198
f 2177 2199 2176
f 2197 2199 2177
f 2180 2199 2198
f 2199 2178 2176
f 2180 2179 2199
f 2199 2179 2178
f 2199 2200 2198
f 2200 2201 2198
f 2198 2202 2196
f 2201 2202 2198
f 2196 2203 2194
f 2202 2203 2196
f 2194 2203 2195
f 2203 2204 2195
f 2195 2205 2197
f 2204 2205 2195
f 2200 2199 2205
f 2205 2199 2197
f 2203 2205 2204
f 2202 2201 2200
f 2202 2200 2205
f 2202 2205 2203
f 2206 2207 2208
f 2209 2210 2206
f 2206 2210 2207
f 2211 2212 2209
f 2209 2212 2210
f 2213 2214 2211
f 2211 2214 2212
f 2215 2216 2213
f 2213 2216 2214
f 2217 2218 2215
f 2215 2218 2216
f 2219 2220 2217
f 2217 2220 2218
f 2221 2222 2219
f 2219 2222 2220
f 2223 2224 2221
f 2221 2224 2222
f 2223 2225 2224
f 2226 2206 2227
f 2227 2206 2208
f 2228 2209 2226
f 2226 2209 2206
f 2229 2211 2228
f 2228 2211 2209
f 2229 2230 2211
f 2230 2213 2211
f 2230 2231 2213
f 2231 2215 2213
f 2232 2217 2231
f 2231 2217 2215
f 2233 2219 2232
f 2232 2219 2217
f 2233 2234 2219
f 2234 2221 2219
f 2234 2235 2221
f 2235 2223 2221
f 2236 2225 2223
f 2237 2238 2239
f 2239 2238 2236
f 2236 2238 2225
f 2240 2241 2237
f 2237 2241 2238
f 2242 2243 2240
f 2240 2243 2241
f 2244 2245 2242
f 2242 2245 2243
f 2246 2247 2244
f 2244 2247 2245
f 2248 2249 2246
f 2246 2249 2247
f 2250 2251 2248
f 2248 2251 2249
f 2208 2252 2250
f 2250 2252 2251
f 2208 2207 2252
f 2253 2241 2254
f 2254 2241 2255
f 2255 2243 2256
f 2241 2243 2255
f 2257 2238 2253
f 2253 2238 2241
f 2256 2245 2258
f 2243 2245 2256
f 2259 2225 2257
f 2257 2225 2238
f 2260 2224 2259
f 2259 2224 2225
f 2245 2247 2258
f 2260 2222 2224
f 2247 2261 2258
f 2260 2262 2222
f 2247 2249 2261
f 2262 2220 2222
f 2249 2263 2261
f 2249 2251 2263
f 2220 2264 2218
f 2262 2264 2220
f 2252 2265 2251
f 2251 2265 2263
f 2218 2266 2216
f 2264 2266 2218
f 2207 2267 2252
f 2252 2267 2265
f 2210 2268 2207
f 2207 2268 2267
f 2266 2269 2216
f 2216 2269 2214
f 2210 2270 2268
f 2212 2270 2210
f 2269 2271 2214
f 2214 2271 2212
f 2212 2272 2270
f 2271 2272 2212
f 2273 2235 2274
f 2274 2235 2275
f 2275 2234 2276
f 2235 2234 2275
f 2233 2232 2234
f 2234 2232 2276
f 2232 2231 2276
f 2277 2227 2278
f 2278 2227 2279
f 2279 2227 2280
f 2280 2227 2281
f 2277 2226 2227
f 2230 2229 2231
f 2226 2229 2228
f 2276 2229 2277
f 2231 2229 2276
f 2277 2229 2226
f 2235 2236 2223
f 2235 2273 2236
f 2273 2239 2236
f 2274 2237 2273
f 2273 2237 2239
f 2275 2240 2274
f 2274 2240 2237
f 2276 2242 2275
f 2275 2242 2240
f 2277 2244 2276
f 2276 2244 2242
f 2278 2246 2277
f 2277 2246 2244
f 2279 2248 2278
f 2278 2248 2246
f 2280 2250 2279
f 2279 2250 2248
f 2280 2281 2250
f 2227 2208 2281
f 2281 2208 2250
f 2270 2282 2268
f 2268 2282 2283
f 2272 2284 2270
f 2270 2284 2282
f 2271 2285 2272
f 2272 2285 2284
f 2271 2269 2285
f 2269 2286 2285
f 2269 2266 2286
f 2266 2287 2286
f 2266 2264 2287
f 2264 2288 2287
f 2264 2262 2288
f 2262 2289 2288
f 2262 2260 2289
f 2260 2290 2289
f 2260 2259 2290
f 2259 2291 2290
f 2259 2257 2291
f 2257 2292 2291
f 2257 2293 2292
f 2253 2293 2257
f 2254 2294 2253
f 2253 2294 2293
f 2255 2295 2254
f 2254 2295 2294
f 2256 2296 2255
f 2255 2296 2295
f 2258 2297 2256
f 2256 2297 2296
f 2261 2298 2258
f 2258 2298 2297
f 2263 2299 2261
f 2261 2299 2298
f 2265 2300 2263
f 2263 2300 2299
f 2267 2301 2265
f 2265 2301 2300
f 2268 2283 2267
f 2267 2283 2301
f 2302 2291 2303
f 2303 2291 2292
f 2304 2290 2302
f 2302 2290 2291
f 2305 2289 2304
f 2304 2289 2290
f 2306 2288 2305
f 2305 2288 2289
f 2307 2287 2306
f 2306 2287 2288
f 2308 2286 2307
f 2307 2286 2287
f 2309 2285 2308
f 2308 2285 2286
f 2309 2284 2285
f 2310 2282 2309
f 2309 2282 2284
f 2311 2283 2310
f 2310 2283 2282
f 2311 2301 2283
f 2312 2301 2311
f 2313 2300 2312
f 2312 2300 2301
f 2314 2299 2313
f 2313 2299 2300
f 2315 2298 2314
f 2314 2298 2299
f 2316 2297 2315
f 2315 2297 2298
f 2317 2296 2316
f 2316 2296 2297
f 2318 2295 2317
f 2317 2295 2296
f 2318 2294 2295
f 2319 2293 2318
f 2318 2293 2294
f 2303 2292 2319
f 2319 2292 2293
f 2313 2320 2314
f 2320 2315 2314
f 2313 2312 2320
f 2312 2311 2320
f 2320 2321 2315
f 2321 2316 2315
f 2321 2317 2316
f 2310 2322 2311
f 2311 2322 2320
f 2310 2309 2322
f 2317 2323 2318
f 2321 2323 2317
f 2309 2308 2322
f 2323 2319 2318
f 2307 2324 2308
f 2308 2324 2322
f 2323 2303 2319
f 2307 2306 2324
f 2303 2325 2302
f 2323 2325 2303
f 2306 2325 2324
f 2325 2304 2302
f 2306 2305 2325
f 2325 2305 2304
f 2325 2326 2324
f 2326 2327 2324
f 2324 2328 2322
f 2327 2328 2324
f 2322 2329 2320
f 2328 2329 2322
f 2320 2329 2321
f 2329 2330 2321
f 2321 2331 2323
f 2330 2331 2321
f 2326 2325 2331
f 2331 2325 2323
f 2329 2331 2330
f 2328 2327 2326
f 2328 2326 2331
f 2328 2331 2329
f 2332 2333 2334
f 2335 2336 2337
f 2335 2337 2333
f 2335 2333 2332
f 2338 2339 2336
f 2338 2336 2335
f 2340 2339 2338
f 2341 2342 2339
f 2341 2339 2340
f 2343 2342 2341
f 2343 2344 2342
f 2342 2344 2345
f 2335 2346 2347
f 2335 2347 2338
f 2332 2346 2335
f 2348 2346 2332
f 2349 2350 2346
f 2349 2346 2348
f 2351 2352 2353
f 2351 2353 2354
f 2355 2352 2351
f 2356 2357 2352
f 2356 2352 2355
f 2358 2355 2351
f 2359 2355 2358
f 2359 2358 2360
f 2359 2356 2355
f 2361 2359 2360
f 2362 2359 2361
f 2362 2356 2359
f 2363 2347 2357
f 2363 2357 2356
f 2363 2356 2362
f 2364 2363 2362
f 2365 2363 2364
f 2365 2364 2362
f 2366 2362 2361
f 2366 2361 2360
f 2367 2362 2366
f 2367 2365 2362
f 2368 2340 2338
f 2368 2347 2363
f 2368 2338 2347
f 2368 2365 2367
f 2368 2363 2365
f 2369 2344 2343
f 2369 2341 2340
f 2369 2343 2341
f 2369 2340 2368
f 2369 2370 2344
f 2369 2368 2367
f 2371 2372 2350
f 2373 2349 2374
f 2373 2374 2375
f 2373 2375 2376
f 2373 2376 2377
f 2373 2350 2349
f 2378 2350 2373
f 2378 2371 2350
f 2379 2378 2373
f 2380 2379 2373
f 2381 2372 2371
f 2381 2382 2383
f 2381 2383 2372
f 2384 2371 2378
f 2384 2378 2379
f 2384 2379 2380
f 2385 2381 2371
f 2385 2371 2384
f 2386 2387 2388
f 2389 2390 2382
f 2391 2392 2393
f 2394 2386 2388
f 2394 2395 2386
f 2396 2390 2389
f 2396 2389 2391
f 2397 2398 2399
f 2400 2401 2402
f 2403 2404 2405
f 2406 2404 2403
f 2407 2406 2403
f 2408 2409 2392
f 2408 2392 2391
f 2410 2392 2409
f 2410 2393 2392
f 2410 2391 2393
f 2411 2358 2351
f 2411 2354 2387
f 2411 2351 2354
f 2411 2360 2358
f 2412 2411 2387
f 2413 2386 2397
f 2413 2412 2387
f 2413 2387 2386
f 2414 2397 2399
f 2414 2413 2397
f 2415 2381 2385
f 2415 2385 2384
f 2415 2382 2381
f 2416 2382 2415
f 2417 2400 2389
f 2417 2389 2382
f 2417 2382 2416
f 2418 2400 2417
f 2418 2401 2400
f 2419 2398 2397
f 2419 2397 2420
f 2421 2402 2422
f 2421 2400 2402
f 2421 2423 2400
f 2424 2421 2422
f 2424 2423 2421
f 2424 2398 2419
f 2424 2422 2398
f 2425 2424 2419
f 2425 2423 2424
f 2425 2419 2420
f 2426 2420 2427
f 2426 2425 2420
f 2426 2423 2425
f 2428 2427 2420
f 2428 2420 2397
f 2428 2397 2386
f 2429 2428 2386
f 2430 2429 2386
f 2431 2426 2427
f 2431 2423 2426
f 2431 2400 2423
f 2431 2389 2400
f 2432 2433 2405
f 2432 2405 2430
f 2432 2430 2386
f 2432 2386 2433
f 2434 2389 2431
f 2435 2389 2434
f 2436 2433 2386
f 2437 2436 2386
f 2438 2407 2439
f 2438 2404 2406
f 2438 2406 2407
f 2440 2435 2438
f 2440 2389 2435
f 2440 2438 2439
f 2441 2439 2389
f 2441 2440 2439
f 2441 2389 2440
f 2442 2437 2386
f 2442 2386 2395
f 2443 2407 2403
f 2444 2389 2439
f 2444 2439 2407
f 2444 2407 2443
f 2445 2389 2444
f 2445 2444 2443
f 2446 2442 2395
f 2447 2442 2446
f 2447 2408 2448
f 2449 2389 2445
f 2449 2391 2389
f 2450 2451 2448
f 2450 2443 2451
f 2450 2408 2391
f 2450 2445 2443
f 2450 2391 2449
f 2450 2449 2445
f 2450 2448 2408
f 2452 2446 2395
f 2453 2447 2446
f 2453 2408 2447
f 2453 2446 2452
f 2454 2452 2395
f 2454 2395 2455
f 2454 2456 2457
f 2454 2458 2452
f 2454 2455 2456
f 2459 2408 2453
f 2459 2452 2458
f 2459 2453 2452
f 2460 2457 2461
f 2460 2454 2457
f 2460 2458 2454
f 2460 2459 2458
f 2462 2461 2457
f 2462 2457 2456
f 2463 2462 2456
f 2463 2455 2395
f 2463 2395 2394
f 2463 2456 2455
f 2464 2462 2463
f 2465 2462 2464
f 2465 2461 2462
f 2466 2464 2463
f 2467 2465 2464
f 2467 2464 2466
f 2468 2465 2467
f 2468 2410 2465
f 2469 2466 2463
f 2469 2467 2466
f 2469 2468 2467
f 2469 2410 2468
f 2469 2470 2410
f 2469 2471 2470
f 2472 2463 2394
f 2472 2469 2463
f 2472 2471 2469
f 2472 2394 2473
f 2474 2410 2470
f 2474 2470 2471
f 2475 2474 2471
f 2476 2396 2391
f 2476 2410 2474
f 2476 2391 2410
f 2477 2474 2475
f 2477 2476 2474
f 2478 2477 2475
f 2478 2475 2479
f 2480 2476 2477
f 2481 2478 2479
f 2481 2479 2482
f 2481 2482 2483
f 2484 2478 2481
f 2484 2477 2478
f 2484 2480 2477
f 2484 2481 2483
f 2485 2473 2394
f 2486 2396 2476
f 2486 2487 2488
f 2486 2488 2396
f 2486 2480 2484
f 2486 2484 2483
f 2486 2483 2487
f 2486 2476 2480
f 2489 2485 2394
f 2490 2483 2491
f 2492 2488 2487
f 2492 2396 2488
f 2492 2487 2483
f 2492 2483 2490
f 2493 2491 2494
f 2495 2492 2490
f 2495 2491 2493
f 2495 2490 2491
f 2496 2394 2388
f 2496 2489 2394
f 2497 2496 2388
f 2498 2396 2492
f 2498 2492 2495
f 2498 2390 2396
f 2499 2388 2500
f 2499 2500 2501
f 2499 2497 2388
f 2502 2499 2501
f 2502 2503 2497
f 2502 2497 2499
f 2504 2505 2506
f 2507 2508 2509
f 2507 2505 2504
f 2507 2509 2505
f 2510 2508 2507
f 2511 2512 2513
f 2511 2513 2514
f 2511 2514 2390
f 2511 2498 2508
f 2511 2510 2512
f 2511 2508 2510
f 2511 2390 2498
f 2515 2370 2369
f 2515 2367 2366
f 2515 2360 2411
f 2515 2369 2367
f 2515 2366 2360
f 2516 2515 2411
f 2516 2411 2412
f 2517 2515 2516
f 2518 2517 2516
f 2519 2370 2515
f 2519 2517 2518
f 2519 2520 2521
f 2519 2521 2522
f 2519 2522 2370
f 2519 2515 2517
f 2519 2518 2523
f 2524 2516 2412
f 2524 2518 2516
f 2524 2412 2413
f 2524 2413 2414
f 2524 2523 2518
f 2525 2519 2523
f 2525 2520 2519
f 2526 2525 2523
f 2526 2523 2524
f 2527 2525 2526
f 2528 2377 2529
f 2528 2529 2530
f 2528 2530 2531
f 2528 2373 2377
f 2532 2380 2373
f 2532 2373 2528
f 2532 2384 2380
f 2532 2415 2384
f 2533 2532 2528
f 2533 2528 2534
f 2535 2524 2414
f 2535 2526 2524
f 2535 2527 2526
f 2536 2528 2531
f 2537 2534 2528
f 2537 2533 2534
f 2537 2528 2536
f 2538 2416 2415
f 2538 2415 2532
f 2538 2532 2533
f 2538 2533 2537
f 2539 2535 2414
f 2539 2422 2535
f 2539 2398 2422
f 2540 2399 2398
f 2540 2414 2399
f 2540 2398 2539
f 2540 2539 2414
f 2541 2537 2536
f 2541 2536 2542
f 2543 2418 2417
f 2543 2417 2416
f 2543 2416 2538
f 2543 2538 2537
f 2543 2537 2541
f 2544 2535 2422
f 2544 2541 2542
f 2544 2418 2543
f 2544 2543 2541
f 2545 2422 2402
f 2545 2544 2422
f 2545 2418 2544
f 2546 2402 2401
f 2546 2545 2402
f 2546 2401 2418
f 2546 2418 2545
f 2547 2427 2428
f 2547 2431 2427
f 2547 2428 2429
f 2547 2434 2431
f 2548 2547 2429
f 2549 2429 2430
f 2550 2548 2429
f 2550 2429 2549
f 2551 2434 2547
f 2551 2548 2550
f 2551 2547 2548
f 2551 2435 2434
f 2552 2550 2549
f 2552 2551 2550
f 2552 2435 2551
f 2553 2549 2430
f 2553 2552 2549
f 2553 2435 2552
f 2553 2430 2405
f 2553 2438 2435
f 2553 2405 2404
f 2553 2404 2438
f 2554 2403 2405
f 2554 2405 2433
f 2554 2433 2436
f 2554 2443 2403
f 2555 2554 2436
f 2555 2443 2554
f 2555 2436 2437
f 2556 2443 2555
f 2556 2555 2437
f 2556 2437 2442
f 2556 2442 2451
f 2556 2451 2443
f 2557 2451 2442
f 2557 2448 2451
f 2558 2557 2442
f 2558 2448 2557
f 2558 2442 2447
f 2558 2447 2448
f 2559 2409 2408
f 2559 2408 2459
f 2559 2560 2409
f 2559 2460 2461
f 2559 2461 2560
f 2559 2459 2460
f 2561 2461 2465
f 2561 2465 2410
f 2561 2409 2560
f 2561 2410 2409
f 2561 2560 2461
f 2562 2471 2472
f 2562 2472 2473
f 2562 2475 2471
f 2562 2479 2475
f 2562 2482 2479
f 2562 2473 2482
f 2563 2491 2483
f 2563 2473 2485
f 2563 2482 2473
f 2563 2483 2482
f 2564 2563 2485
f 2565 2564 2485
f 2565 2485 2489
f 2566 2564 2565
f 2567 2491 2563
f 2567 2564 2566
f 2567 2563 2564
f 2567 2494 2491
f 2568 2565 2489
f 2568 2566 2565
f 2568 2567 2566
f 2568 2494 2567
f 2569 2568 2489
f 2569 2494 2568
f 2570 2569 2489
f 2570 2571 2569
f 2570 2489 2496
f 2572 2495 2493
f 2572 2569 2571
f 2572 2494 2569
f 2572 2493 2494
f 2572 2498 2495
f 2573 2571 2570
f 2574 2571 2573
f 2574 2498 2572
f 2574 2572 2571
f 2574 2573 2575
f 2576 2496 2497
f 2577 2576 2497
f 2577 2503 2578
f 2577 2497 2503
f 2579 2506 2505
f 2579 2580 2506
f 2579 2577 2580
f 2579 2576 2577
f 2581 2580 2577
f 2581 2577 2578
f 2582 2578 2503
f 2582 2581 2578
f 2582 2503 2502
f 2583 2580 2581
f 2583 2506 2580
f 2583 2504 2506
f 2584 2583 2581
f 2584 2581 2582
f 2584 2504 2583
f 2585 2584 2582
f 2585 2504 2584
f 2585 2582 2502
f 2586 2501 2587
f 2586 2587 2588
f 2586 2504 2585
f 2586 2585 2502
f 2586 2502 2501
f 2589 2531 2590
f 2589 2590 2520
f 2589 2520 2525
f 2589 2536 2531
f 2591 2536 2589
f 2591 2589 2525
f 2591 2535 2544
f 2591 2542 2536
f 2591 2544 2542
f 2591 2525 2527
f 2591 2527 2535
f 2592 2570 2496
f 2592 2575 2573
f 2592 2573 2570
f 2593 2575 2592
f 2593 2592 2496
f 2594 2575 2593
f 2594 2593 2496
f 2594 2496 2576
f 2594 2579 2575
f 2594 2576 2579
f 2595 2509 2508
f 2595 2505 2509
f 2595 2508 2498
f 2595 2579 2505
f 2595 2498 2574
f 2595 2574 2575
f 2595 2575 2579
f 2596 2588 2597
f 2596 2586 2588
f 2596 2597 2598
f 2596 2598 2512
f 2596 2504 2586
f 2596 2512 2510
f 2596 2510 2507
f 2596 2507 2504
f 2599 2337 2336
f 2599 2333 2337
f 2600 2334 2599
f 2599 2334 2333
f 2600 2601 2334
f 2602 2603 2604
f 2604 2603 2605
f 2602 2606 2603
f 2607 2608 2602
f 2602 2608 2606
f 2608 2609 2606
f 2606 2609 2603
f 2608 2610 2609
f 2609 2610 2611
f 2612 2613 2607
f 2607 2613 2608
f 2613 2614 2608
f 2608 2614 2610
f 2614 2615 2610
f 2612 2616 2613
f 2613 2616 2614
f 2614 2616 2615
f 2616 2617 2615
f 2610 2618 2611
f 2617 2618 2615
f 2615 2618 2610
f 2617 2619 2618
f 2599 2620 2612
f 2345 2620 2342
f 2342 2620 2339
f 2339 2620 2336
f 2621 2620 2345
f 2336 2620 2599
f 2617 2620 2619
f 2616 2620 2617
f 2612 2620 2616
f 2622 2623 2600
f 2623 2624 2600
f 2601 2624 2625
f 2625 2624 2626
f 2600 2624 2601
f 2623 2627 2624
f 2626 2628 2629
f 2629 2628 2630
f 2630 2628 2631
f 2624 2628 2626
f 2627 2632 2624
f 2624 2633 2628
f 2632 2633 2624
f 2634 2635 2622
f 2622 2635 2623
f 2623 2636 2627
f 2635 2636 2623
f 2627 2637 2632
f 2636 2637 2627
f 2632 2638 2633
f 2637 2638 2632
f 2635 2639 2636
f 2636 2639 2637
f 2637 2639 2638
f 2635 2640 2639
f 2641 2642 2643
f 2643 2642 2634
f 2634 2642 2635
f 2635 2642 2640
f 2644 2645 2646
f 2647 2648 2641
f 2649 2650 2651
f 2645 2652 2646
f 2653 2652 2645
f 2647 2654 2648
f 2648 2654 2650
f 2655 2656 2657
f 2658 2659 2660
f 2661 2662 2663
f 2661 2664 2662
f 2664 2665 2662
f 2649 2666 2650
f 2605 2667 2644
f 2603 2667 2605
f 2609 2667 2603
f 2611 2667 2609
f 2667 2668 2644
f 2645 2669 2656
f 2644 2669 2645
f 2668 2669 2644
f 2656 2670 2657
f 2669 2670 2656
f 2641 2671 2642
f 2640 2671 2639
f 2642 2671 2640
f 2641 2672 2671
f 2673 2674 2655
f 2660 2674 2673
f 2641 2675 2672
f 2659 2675 2648
f 2648 2675 2641
f 2659 2676 2675
f 2658 2676 2659
f 2674 2677 2655
f 2656 2677 2678
f 2655 2677 2656
f 2660 2679 2674
f 2659 2679 2660
f 2680 2679 2659
f 2680 2681 2679
f 2674 2681 2677
f 2679 2681 2674
f 2677 2682 2678
f 2681 2682 2677
f 2680 2682 2681
f 2682 2683 2678
f 2680 2683 2682
f 2678 2683 2684
f 2656 2685 2645
f 2678 2685 2656
f 2684 2685 2678
f 2685 2686 2645
f 2686 2687 2645
f 2683 2688 2684
f 2680 2688 2683
f 2659 2688 2680
f 2648 2688 2659
f 2663 2689 2687
f 2687 2689 2645
f 2663 2690 2689
f 2691 2690 2663
f 2689 2690 2645
f 2648 2692 2688
f 2691 2693 2690
f 2690 2693 2645
f 2693 2694 2645
f 2648 2695 2692
f 2694 2696 2645
f 2645 2696 2653
f 2665 2697 2698
f 2648 2697 2695
f 2664 2697 2665
f 2695 2697 2664
f 2697 2699 2698
f 2648 2699 2697
f 2665 2700 2662
f 2698 2701 2665
f 2665 2701 2700
f 2699 2701 2698
f 2648 2701 2699
f 2701 2702 2700
f 2648 2702 2701
f 2696 2703 2653
f 2666 2704 2705
f 2706 2704 2696
f 2705 2704 2706
f 2696 2704 2703
f 2702 2707 2700
f 2700 2707 2706
f 2706 2707 2705
f 2702 2708 2707
f 2648 2708 2702
f 2704 2709 2703
f 2704 2710 2709
f 2711 2712 2713
f 2703 2712 2653
f 2653 2712 2711
f 2709 2712 2703
f 2713 2712 2714
f 2666 2715 2704
f 2704 2715 2710
f 2709 2716 2712
f 2710 2716 2709
f 2715 2716 2710
f 2716 2717 2712
f 2714 2717 2718
f 2712 2717 2714
f 2707 2719 2705
f 2705 2719 2666
f 2666 2719 2650
f 2708 2719 2707
f 2648 2719 2708
f 2650 2719 2648
f 2713 2720 2711
f 2711 2720 2653
f 2714 2720 2713
f 2714 2721 2720
f 2718 2721 2714
f 2721 2722 2720
f 2723 2724 2720
f 2720 2724 2653
f 2723 2725 2724
f 2720 2726 2723
f 2722 2726 2720
f 2723 2726 2725
f 2722 2727 2726
f 2725 2728 2724
f 2726 2728 2725
f 2729 2728 2727
f 2727 2728 2726
f 2730 2728 2729
f 2724 2731 2653
f 2728 2731 2724
f 2653 2731 2652
f 2650 2732 2651
f 2733 2732 2734
f 2649 2732 2733
f 2651 2732 2649
f 2652 2735 2736
f 2731 2735 2652
f 2737 2735 2731
f 2654 2738 2650
f 2732 2738 2734
f 2650 2738 2732
f 2734 2738 2729
f 2729 2738 2730
f 2738 2739 2730
f 2730 2739 2737
f 2738 2740 2739
f 2654 2740 2738
f 2741 2742 2743
f 2739 2744 2737
f 2740 2744 2739
f 2737 2744 2742
f 2740 2745 2744
f 2736 2746 2652
f 2747 2748 2654
f 2743 2748 2747
f 2654 2748 2740
f 2742 2748 2743
f 2744 2748 2742
f 2740 2748 2745
f 2745 2748 2744
f 2746 2749 2652
f 2654 2750 2747
f 2747 2750 2743
f 2743 2750 2751
f 2750 2752 2751
f 2751 2752 2753
f 2654 2752 2750
f 2652 2754 2646
f 2749 2754 2652
f 2754 2755 2646
f 2646 2756 2757
f 2755 2756 2646
f 2647 2758 2654
f 2654 2758 2752
f 2759 2760 2755
f 2761 2760 2759
f 2755 2760 2756
f 2762 2763 2764
f 2762 2765 2763
f 2766 2765 2762
f 2767 2768 2769
f 2769 2768 2647
f 2758 2768 2766
f 2766 2768 2765
f 2647 2768 2758
f 2618 2770 2611
f 2619 2770 2618
f 2611 2770 2667
f 2770 2771 2667
f 2667 2771 2668
f 2770 2772 2771
f 2771 2772 2668
f 2620 2773 2619
f 2621 2773 2620
f 2619 2773 2770
f 2770 2773 2772
f 2774 2773 2775
f 2775 2773 2776
f 2776 2773 2621
f 2773 2777 2772
f 2668 2778 2669
f 2669 2778 2670
f 2772 2779 2668
f 2777 2779 2772
f 2668 2779 2778
f 2628 2780 2631
f 2631 2780 2781
f 2781 2780 2782
f 2782 2780 2783
f 2633 2780 2628
f 2671 2784 2639
f 2638 2784 2633
f 2633 2784 2780
f 2639 2784 2638
f 2784 2785 2780
f 2784 2786 2785
f 2778 2787 2670
f 2779 2787 2778
f 2657 2788 2655
f 2787 2788 2670
f 2673 2788 2787
f 2655 2788 2673
f 2670 2788 2657
f 2785 2789 2780
f 2786 2789 2785
f 2789 2790 2780
f 2672 2791 2671
f 2671 2791 2784
f 2784 2791 2786
f 2786 2791 2789
f 2672 2792 2791
f 2789 2792 2790
f 2791 2792 2789
f 2675 2793 2672
f 2676 2793 2675
f 2672 2793 2792
f 2676 2794 2793
f 2793 2794 2792
f 2658 2795 2676
f 2660 2795 2658
f 2676 2795 2794
f 2794 2795 2673
f 2673 2795 2660
f 2684 2796 2685
f 2685 2796 2686
f 2692 2796 2688
f 2688 2796 2684
f 2686 2797 2687
f 2796 2797 2686
f 2692 2798 2796
f 2796 2798 2797
f 2798 2799 2797
f 2797 2800 2687
f 2799 2800 2797
f 2799 2801 2800
f 2695 2801 2692
f 2692 2801 2798
f 2798 2801 2799
f 2687 2802 2663
f 2663 2802 2661
f 2661 2802 2664
f 2664 2802 2695
f 2800 2802 2687
f 2801 2802 2800
f 2695 2802 2801
f 2663 2803 2691
f 2662 2803 2663
f 2693 2803 2694
f 2691 2803 2693
f 2662 2804 2803
f 2700 2804 2662
f 2803 2805 2694
f 2804 2805 2803
f 2700 2805 2804
f 2805 2806 2694
f 2700 2806 2805
f 2696 2806 2706
f 2706 2806 2700
f 2694 2806 2696
f 2715 2807 2716
f 2716 2807 2717
f 2717 2807 2718
f 2649 2807 2666
f 2666 2807 2715
f 2718 2807 2733
f 2733 2807 2649
f 2718 2808 2721
f 2721 2808 2722
f 2734 2808 2733
f 2733 2808 2718
f 2722 2809 2727
f 2727 2809 2729
f 2808 2809 2722
f 2734 2810 2808
f 2809 2810 2729
f 2808 2810 2809
f 2729 2810 2734
f 2730 2811 2728
f 2728 2811 2731
f 2731 2811 2737
f 2737 2811 2730
f 2737 2812 2735
f 2741 2812 2742
f 2735 2812 2736
f 2736 2812 2741
f 2742 2812 2737
f 2736 2813 2746
f 2741 2813 2736
f 2743 2813 2741
f 2751 2813 2743
f 2813 2814 2746
f 2814 2815 2746
f 2746 2815 2749
f 2814 2816 2815
f 2751 2817 2813
f 2813 2817 2814
f 2814 2817 2816
f 2753 2817 2751
f 2816 2818 2815
f 2817 2818 2816
f 2753 2818 2817
f 2815 2819 2749
f 2818 2819 2815
f 2753 2819 2818
f 2819 2820 2749
f 2821 2820 2819
f 2749 2820 2754
f 2758 2822 2752
f 2753 2822 2819
f 2819 2822 2821
f 2752 2822 2753
f 2820 2823 2754
f 2822 2824 2821
f 2758 2824 2822
f 2754 2825 2755
f 2823 2825 2754
f 2825 2826 2755
f 2755 2826 2759
f 2759 2826 2761
f 2764 2827 2762
f 2762 2827 2766
f 2766 2827 2758
f 2758 2827 2824
f 2826 2828 2761
f 2761 2829 2760
f 2828 2829 2761
f 2763 2830 2764
f 2764 2830 2831
f 2831 2830 2828
f 2828 2832 2829
f 2763 2832 2830
f 2830 2832 2828
f 2829 2833 2760
f 2832 2833 2829
f 2763 2833 2832
f 2833 2834 2760
f 2763 2834 2833
f 2773 2835 2777
f 2774 2835 2773
f 2783 2835 2836
f 2836 2835 2774
f 2780 2835 2783
f 2790 2835 2780
f 2835 2837 2777
f 2790 2837 2835
f 2790 2838 2837
f 2837 2838 2777
f 2792 2838 2790
f 2777 2838 2779
f 2779 2838 2787
f 2787 2838 2673
f 2794 2838 2792
f 2673 2838 2794
f 2824 2839 2821
f 2821 2839 2820
f 2827 2839 2824
f 2820 2839 2823
f 2827 2840 2839
f 2839 2840 2823
f 2764 2840 2827
f 2831 2840 2764
f 2825 2840 2826
f 2828 2840 2831
f 2826 2840 2828
f 2823 2840 2825
f 2757 2841 2842
f 2842 2841 2843
f 2756 2841 2757
f 2760 2841 2756
f 2834 2841 2760
f 2844 2845 2846
f 2765 2845 2763
f 2763 2845 2834
f 2843 2847 2844
f 2834 2847 2841
f 2845 2847 2834
f 2844 2847 2845
f 2841 2847 2843
f 2767 2848 2768
f 2846 2848 2849
f 2849 2848 2767
f 2765 2848 2845
f 2845 2848 2846
f 2768 2848 2765
f 2850 2851 2852
f 2850 2852 2853
f 2850 2853 2382
f 2854 2851 2850
f 2855 2856 2857
f 2855 2857 2851
f 2855 2851 2854
f 2858 2854 2850
f 2859 2858 2850
f 2860 2854 2858
f 2860 2858 2859
f 2860 2855 2854
f 2861 2860 2859
f 2862 2855 2860
f 2862 2856 2855
f 2863 2860 2861
f 2863 2862 2860
f 2864 2863 2861
f 2865 2866 2867
f 2865 2864 2861
f 2868 2856 2862
f 2868 2867 2869
f 2868 2869 2870
f 2868 2870 2856
f 2868 2862 2863
f 2868 2863 2864
f 2868 2865 2867
f 2868 2864 2865
f 2871 2872 2873
f 2871 2873 2874
f 2875 2871 2874
f 2875 2874 2876
f 2877 2876 2878
f 2877 2878 2879
f 2877 2880 2875
f 2877 2875 2876
f 2881 2387 2882
f 2881 2882 2872
f 2881 2872 2871
f 2883 2871 2875
f 2883 2875 2880
f 2883 2881 2871
f 2884 2880 2877
f 2885 2881 2883
f 2885 2883 2880
f 2885 2387 2881
f 2886 2387 2885
f 2886 2885 2880
f 2887 2880 2884
f 2887 2886 2880
f 2888 2884 2877
f 2888 2887 2884
f 2889 2879 2890
f 2889 2890 2891
f 2889 2888 2877
f 2889 2887 2888
f 2889 2877 2879
f 2892 2382 2390
f 2893 2894 2895
f 2896 2897 2892
f 2898 2896 2899
f 2900 2896 2898
f 2901 2902 2903
f 2901 2904 2902
f 2905 2892 2390
f 2905 2899 2896
f 2905 2896 2892
f 2906 2907 2908
f 2909 2907 2906
f 2910 2906 2908
f 2910 2908 2907
f 2911 2910 2912
f 2913 2910 2911
f 2914 2909 2906
f 2914 2910 2913
f 2914 2906 2910
f 2915 2886 2887
f 2915 2387 2886
f 2916 2387 2915
f 2917 2914 2913
f 2918 2897 2919
f 2918 2919 2920
f 2921 2922 2918
f 2923 2388 2387
f 2923 2924 2388
f 2923 2901 2924
f 2923 2387 2916
f 2923 2893 2901
f 2925 2921 2918
f 2926 2918 2920
f 2926 2925 2918
f 2926 2894 2925
f 2927 2920 2919
f 2927 2926 2920
f 2927 2895 2894
f 2927 2894 2926
f 2928 2895 2927
f 2928 2904 2901
f 2928 2893 2895
f 2928 2929 2930
f 2928 2901 2893
f 2928 2930 2904
f 2931 2929 2928
f 2932 2903 2902
f 2932 2929 2931
f 2932 2930 2929
f 2932 2904 2930
f 2932 2902 2904
f 2933 2859 2850
f 2933 2865 2861
f 2933 2850 2382
f 2933 2861 2859
f 2934 2933 2382
f 2935 2382 2892
f 2935 2934 2382
f 2935 2892 2910
f 2936 2935 2910
f 2936 2910 2907
f 2937 2938 2939
f 2937 2939 2940
f 2937 2940 2941
f 2942 2891 2943
f 2942 2943 2938
f 2942 2938 2937
f 2942 2889 2891
f 2944 2942 2937
f 2945 2944 2937
f 2946 2889 2942
f 2946 2942 2944
f 2946 2887 2889
f 2946 2915 2887
f 2947 2944 2945
f 2948 2944 2947
f 2948 2915 2946
f 2948 2946 2944
f 2949 2945 2937
f 2950 2909 2914
f 2951 2916 2915
f 2952 2953 2909
f 2952 2951 2953
f 2952 2909 2950
f 2954 2952 2950
f 2955 2914 2917
f 2955 2950 2914
f 2955 2954 2950
f 2956 2910 2892
f 2956 2912 2910
f 2956 2911 2912
f 2956 2913 2911
f 2956 2917 2913
f 2957 2954 2955
f 2958 2956 2892
f 2959 2916 2957
f 2959 2923 2916
f 2960 2958 2892
f 2961 2923 2959
f 2962 2897 2918
f 2962 2918 2922
f 2962 2960 2892
f 2962 2922 2960
f 2962 2892 2897
f 2963 2961 2917
f 2964 2921 2925
f 2964 2925 2894
f 2965 2966 2964
f 2967 2893 2923
f 2967 2894 2893
f 2967 2923 2965
f 2967 2964 2894
f 2967 2965 2964
f 2968 2897 2896
f 2968 2919 2897
f 2968 2927 2919
f 2969 2928 2927
f 2969 2927 2968
f 2970 2969 2968
f 2971 2968 2896
f 2971 2896 2900
f 2971 2900 2972
f 2971 2972 2973
f 2971 2970 2968
f 2974 2970 2971
f 2974 2931 2928
f 2974 2973 2931
f 2974 2928 2969
f 2974 2969 2970
f 2974 2971 2973
f 2975 2932 2931
f 2975 2931 2973
f 2976 2975 2973
f 2976 2932 2975
f 2976 2898 2899
f 2976 2900 2898
f 2976 2972 2900
f 2976 2973 2972
f 2977 2932 2976
f 2977 2978 2932
f 2977 2979 2978
f 2977 2976 2899
f 2980 2979 2977
f 2980 2977 2899
f 2980 2905 2981
f 2980 2981 2982
f 2980 2899 2905
f 2980 2982 2979
f 2983 2932 2978
f 2983 2978 2979
f 2984 2932 2983
f 2984 2924 2901
f 2984 2903 2932
f 2984 2901 2903
f 2985 2986 2924
f 2985 2987 2986
f 2985 2984 2983
f 2985 2983 2979
f 2985 2924 2984
f 2985 2982 2987
f 2985 2979 2982
f 2988 2981 2905
f 2988 2982 2981
f 2989 2988 2905
f 2990 2991 2992
f 2993 2924 2986
f 2993 2986 2987
f 2993 2987 2982
f 2994 2993 2995
f 2996 2989 2905
f 2996 2991 2990
f 2996 2905 2390
f 2996 2990 2989
f 2997 2996 2390
f 2998 2388 2924
f 2998 2993 2994
f 2998 2924 2993
f 2999 2390 3000
f 2999 3001 2997
f 2999 2997 2390
f 3002 2998 3003
f 3004 3002 3003
f 3005 3002 3004
f 3006 3002 3005
f 3007 3008 3009
f 3007 3004 3010
f 3011 3009 3012
f 3011 3007 3009
f 3011 3005 3004
f 3011 3006 3005
f 3011 3004 3007
f 3013 3011 3012
f 3013 3006 3011
f 3014 3012 3015
f 3014 3013 3012
f 3014 3006 3013
f 3016 2933 2934
f 3016 3017 2866
f 3016 2866 2865
f 3016 2865 2933
f 3018 2934 2935
f 3018 3016 2934
f 3019 3017 3016
f 3019 3016 3018
f 3020 3019 3018
f 3021 3020 3022
f 3021 3023 3024
f 3021 3024 3017
f 3021 3017 3019
f 3021 3019 3020
f 3025 3022 3020
f 3025 3018 2935
f 3025 2935 2936
f 3025 3020 3018
f 3026 3021 3022
f 3026 3022 3025
f 3027 3025 2936
f 3027 3021 3026
f 3027 3028 3023
f 3027 3023 3021
f 3027 3026 3025
f 3029 2937 2941
f 3029 3028 3027
f 3029 2941 3028
f 3029 2949 2937
f 3030 3027 2936
f 3030 2949 3029
f 3030 3029 3027
f 3031 2936 2907
f 3031 3030 2936
f 3031 2907 2909
f 3031 2949 3030
f 3031 2953 2949
f 3031 2909 2953
f 3032 2947 2945
f 3032 2948 2947
f 3032 2915 2948
f 3032 2949 2953
f 3032 2951 2915
f 3032 2953 2951
f 3032 2945 2949
f 3033 2916 2951
f 3033 2951 2952
f 3033 2952 2954
f 3033 2957 2916
f 3033 2954 2957
f 3034 2955 2917
f 3034 2957 2955
f 3034 2917 2961
f 3034 2959 2957
f 3034 2961 2959
f 3035 2917 2956
f 3035 2956 2958
f 3035 2958 2960
f 3035 2963 2917
f 3036 3035 2960
f 3036 2963 3035
f 3036 2922 2921
f 3036 2960 2922
f 3036 2966 2963
f 3036 2921 2964
f 3036 2964 2966
f 3037 2961 2963
f 3037 2963 2966
f 3037 2923 2961
f 3037 2965 2923
f 3037 2966 2965
f 3038 2988 2989
f 3039 2982 2988
f 3039 2993 2982
f 3039 2995 2993
f 3039 2988 3038
f 3040 2995 3039
f 3040 3039 3038
f 3041 3038 2989
f 3041 3040 3038
f 3041 2989 2990
f 3042 2995 3040
f 3042 2990 2992
f 3042 3041 2990
f 3042 3040 3041
f 3042 2994 2995
f 3042 2992 2994
f 3043 2992 2991
f 3044 2994 2992
f 3044 2998 2994
f 3044 2992 3043
f 3045 3043 2991
f 3045 2998 3044
f 3045 3044 3043
f 3046 3045 2991
f 3046 3003 2998
f 3046 2998 3045
f 3047 3046 2991
f 3047 3003 3046
f 3048 3047 3001
f 3048 3003 3047
f 3049 3004 3003
f 3049 3010 3004
f 3049 3003 3048
f 3050 3048 3001
f 3050 3049 3048
f 3051 3001 2999
f 3051 3050 3001
f 3052 3050 3051
f 3053 3007 3052
f 3053 3052 3051
f 3054 3007 3010
f 3054 3010 3049
f 3054 3049 3050
f 3054 3052 3007
f 3054 3050 3052
f 3055 3000 3056
f 3055 3056 3057
f 3055 3057 3058
f 3055 2999 3000
f 3055 3051 2999
f 3055 3053 3051
f 3059 3058 3008
f 3059 3055 3058
f 3059 3008 3007
f 3059 3007 3053
f 3059 3053 3055
f 3060 3015 3061
f 3060 3061 2388
f 3060 2998 3002
f 3060 3014 3015
f 3060 3002 3006
f 3060 3006 3014
f 3060 2388 2998
f 3062 2991 2996
f 3062 2996 2997
f 3062 3001 3047
f 3062 2997 3001
f 3062 3047 2991
f 3063 2500 2388
f 3063 2388 3064
f 3065 2501 2500
f 3065 2500 3063
f 3066 2587 2501
f 3066 2501 3065
f 3067 2588 2587
f 3067 2587 3066
f 3068 2597 2588
f 3068 2588 3067
f 3069 2598 2597
f 3069 2597 3068
f 3070 2598 3069
f 2512 2598 3070
f 3071 2512 3070
f 2513 2512 3071
f 3072 2514 2513
f 3072 2513 3071
f 3073 2390 2514
f 3073 2514 3072
f 3074 2383 2382
f 3074 2382 3075
f 3076 2372 2383
f 3076 2383 3074
f 3077 2350 2372
f 3077 2372 3076
f 3078 2346 2350
f 3078 2350 3077
f 3079 2347 2346
f 3079 2346 3078
f 3080 2357 2347
f 3080 2347 3079
f 3081 2357 3080
f 2352 2357 3081
f 3082 2352 3081
f 2353 2352 3082
f 3083 2354 2353
f 3083 2353 3082
f 3084 2387 2354
f 3084 2354 3083
f 2370 2621 2345
f 2370 2345 2344
f 2522 2776 2621
f 2522 2621 2370
f 2521 2775 2776
f 2521 2776 2522
f 2520 2774 2775
f 2520 2775 2521
f 2590 2783 2836
f 2590 2836 2774
f 2590 2774 2520
f 2531 2782 2783
f 2531 2783 2590
f 2530 2781 2782
f 2530 2782 2531
f 2529 2631 2781
f 2529 2781 2530
f 2377 2631 2529
f 2631 2377 2630
f 2377 2376 2630
f 2375 2630 2376
f 2375 2629 2630
f 2374 2626 2629
f 2374 2629 2375
f 2349 2625 2626
f 2349 2626 2374
f 2348 2601 2625
f 2348 2625 2349
f 2332 2334 2601
f 2332 2601 2348
f 3085 3086 3087
f 3087 3086 3088
f 3088 3086 2641
f 3085 3089 3086
f 3090 3091 3092
f 3092 3091 3085
f 3085 3091 3089
f 3089 3093 3086
f 3093 3094 3086
f 3091 3095 3089
f 3089 3095 3093
f 3093 3095 3094
f 3094 3095 3096
f 3095 3097 3096
f 3090 3098 3091
f 3091 3098 3095
f 3095 3099 3097
f 3098 3099 3095
f 3099 3100 3097
f 3100 3101 3097
f 3102 3103 3104
f 3104 3103 3105
f 3105 3103 3090
f 3100 3103 3101
f 3099 3103 3100
f 3098 3103 3099
f 3090 3103 3098
f 3103 3106 3101
f 3102 3106 3103
f 3107 3108 3109
f 3109 3108 3110
f 3110 3111 3112
f 3112 3111 3113
f 3108 3111 3110
f 2644 3114 3115
f 3115 3114 3107
f 3107 3114 3108
f 3108 3116 3111
f 3114 3116 3108
f 3111 3117 3113
f 2644 3118 3114
f 3114 3118 3116
f 3116 3118 3111
f 3113 3119 3120
f 3120 3119 3121
f 3121 3119 3122
f 3117 3119 3113
f 3111 3123 3117
f 3118 3123 3111
f 3117 3123 3119
f 2644 3123 3118
f 2641 3124 2647
f 3125 3126 3127
f 3128 3129 3124
f 3129 3130 3131
f 3132 3133 3134
f 3133 3135 3134
f 3124 3136 2647
f 3129 3136 3124
f 2646 3137 3133
f 3138 3139 3140
f 3138 3141 3139
f 3139 3141 3142
f 2644 3143 3123
f 2644 3144 3143
f 3128 3145 3146
f 3147 3148 3145
f 2644 3149 3144
f 2646 3149 2644
f 3133 3149 2646
f 3126 3149 3133
f 3145 3150 3146
f 3148 3150 3145
f 3125 3150 3151
f 3151 3150 3148
f 3150 3152 3146
f 3146 3152 3128
f 3127 3152 3125
f 3125 3152 3150
f 3127 3153 3152
f 3154 3155 3156
f 3132 3155 3157
f 3157 3155 3154
f 3134 3155 3132
f 3097 3158 3096
f 3101 3158 3097
f 3096 3158 3094
f 3094 3158 3086
f 3086 3158 2641
f 3106 3158 3101
f 3158 3159 2641
f 3159 3160 2641
f 3140 3161 3162
f 3139 3161 3140
f 3162 3161 3163
f 3163 3161 3160
f 3160 3161 2641
f 2641 3161 3124
f 3122 3164 3165
f 3165 3164 3166
f 3119 3164 3122
f 3166 3167 3168
f 3168 3167 3169
f 3164 3167 3166
f 3164 3170 3167
f 3143 3171 3123
f 3123 3171 3119
f 3119 3171 3164
f 3164 3171 3170
f 3170 3172 3167
f 3172 3173 3167
f 3143 3174 3171
f 3171 3174 3170
f 3170 3175 3172
f 3174 3175 3170
f 3138 3176 3141
f 3177 3178 3176
f 3179 3178 3177
f 3178 3180 3176
f 3180 3181 3176
f 3176 3181 3141
f 3141 3181 3182
f 3139 3183 3161
f 3142 3183 3139
f 3141 3183 3142
f 3182 3183 3141
f 3161 3183 3124
f 3180 3184 3181
f 3183 3185 3124
f 3147 3186 3148
f 3185 3186 3124
f 3149 3187 3144
f 3147 3188 3186
f 3124 3188 3128
f 3145 3188 3147
f 3128 3188 3145
f 3186 3188 3124
f 3149 3189 3187
f 3126 3190 3149
f 3151 3190 3125
f 3149 3190 3191
f 3191 3190 3151
f 3125 3190 3126
f 3128 3192 3129
f 3152 3192 3128
f 3153 3192 3152
f 3129 3192 3130
f 3130 3192 3193
f 3153 3194 3192
f 3195 3194 3156
f 3192 3194 3193
f 3193 3194 3195
f 3127 3196 3153
f 3126 3196 3127
f 3157 3196 3132
f 3154 3196 3157
f 3133 3196 3126
f 3132 3196 3133
f 3130 3197 3131
f 3131 3197 3129
f 3193 3197 3130
f 3195 3197 3193
f 3156 3198 3195
f 3197 3198 3155
f 3195 3198 3197
f 3155 3198 3156
f 3199 3200 3155
f 3201 3200 3199
f 3155 3200 3197
f 3197 3200 3129
f 3129 3202 3136
f 3203 3202 3201
f 3204 3202 3203
f 3200 3202 3129
f 3201 3202 3200
f 3136 3202 3204
f 3155 3205 3199
f 3199 3205 3201
f 3137 3206 3133
f 3134 3206 3155
f 3155 3206 3205
f 3133 3206 3135
f 3135 3206 3134
f 3203 3207 3208
f 3201 3207 3203
f 3205 3207 3201
f 3206 3207 3205
f 3206 3209 3207
f 3210 3211 3137
f 3137 3211 3206
f 3207 3211 3208
f 3206 3211 3209
f 3209 3211 3207
f 3208 3211 3210
f 3203 3212 3204
f 3204 3212 3136
f 3137 3213 3210
f 3208 3213 3203
f 3210 3213 3208
f 3213 3214 3203
f 3136 3215 2647
f 3212 3215 3136
f 3213 3216 3214
f 3213 3217 3216
f 3137 3217 3213
f 3218 3219 3220
f 3221 3219 3218
f 3222 3219 3221
f 3223 3219 3224
f 3225 3226 3227
f 3228 3226 3229
f 3230 3231 3225
f 3229 3231 3232
f 3226 3231 3229
f 3225 3231 3226
f 3231 3233 3232
f 3232 3233 3234
f 3234 3233 2646
f 3230 3233 3231
f 3102 3235 3106
f 3106 3235 3158
f 3235 3236 3158
f 3158 3236 3159
f 3159 3237 3160
f 3236 3237 3159
f 3236 3238 3237
f 3239 3240 3241
f 3241 3240 3242
f 3242 3240 3102
f 3235 3240 3236
f 3236 3240 3238
f 3102 3240 3235
f 3238 3243 3237
f 3240 3243 3238
f 3237 3244 3160
f 3243 3244 3237
f 3160 3244 3163
f 3243 3245 3244
f 3246 3247 3239
f 3240 3247 3243
f 3243 3247 3245
f 3239 3247 3240
f 3244 3248 3163
f 3245 3248 3244
f 3247 3248 3245
f 3248 3249 3163
f 3247 3249 3248
f 3250 3251 3246
f 3246 3251 3247
f 3247 3251 3249
f 3169 3252 3250
f 3251 3252 3249
f 3250 3252 3251
f 3173 3252 3167
f 3167 3252 3169
f 3173 3253 3252
f 3249 3253 3163
f 3252 3253 3249
f 3163 3254 3162
f 3253 3254 3163
f 3254 3255 3162
f 3140 3255 3138
f 3176 3255 3177
f 3138 3255 3176
f 3162 3255 3140
f 3177 3255 3173
f 3253 3255 3254
f 3173 3255 3253
f 3143 3256 3174
f 3175 3256 3172
f 3174 3256 3175
f 3172 3256 3173
f 3177 3257 3179
f 3173 3257 3177
f 3256 3257 3173
f 3179 3258 3144
f 3144 3258 3143
f 3143 3258 3256
f 3257 3258 3179
f 3256 3258 3257
f 3178 3259 3180
f 3179 3259 3178
f 3179 3260 3259
f 3144 3260 3179
f 3260 3261 3259
f 3144 3261 3260
f 3261 3262 3259
f 3144 3262 3261
f 3259 3262 3180
f 3180 3262 3184
f 3184 3262 3187
f 3187 3262 3144
f 3182 3263 3189
f 3181 3263 3182
f 3184 3263 3181
f 3187 3263 3184
f 3189 3263 3187
f 3189 3264 3182
f 3183 3264 3185
f 3265 3264 3189
f 3182 3264 3183
f 3264 3266 3185
f 3185 3266 3186
f 3264 3267 3266
f 3265 3267 3264
f 3266 3268 3186
f 3267 3268 3266
f 3265 3268 3267
f 3186 3268 3148
f 3191 3268 3265
f 3151 3268 3191
f 3148 3268 3151
f 3149 3269 3189
f 3189 3269 3265
f 3265 3269 3191
f 3191 3269 3149
f 3196 3270 3153
f 3154 3270 3196
f 3156 3270 3154
f 3194 3270 3156
f 3153 3270 3194
f 3214 3271 3203
f 3212 3271 3272
f 3203 3271 3212
f 3272 3273 3212
f 3212 3273 3215
f 3217 3274 3216
f 3271 3274 3272
f 3214 3274 3271
f 3216 3274 3214
f 3217 3275 3274
f 3274 3275 3272
f 3227 3276 3225
f 3225 3276 3230
f 3230 3276 3217
f 3217 3276 3275
f 3277 3276 3227
f 3220 3278 3218
f 3218 3278 3215
f 3219 3278 3220
f 2647 3278 3279
f 3279 3278 3223
f 3215 3278 2647
f 3223 3278 3219
f 3277 3280 3222
f 3227 3280 3277
f 3222 3281 3219
f 3280 3281 3222
f 3280 3282 3281
f 3226 3283 3227
f 3282 3283 3226
f 3227 3283 3280
f 3280 3283 3282
f 3281 3284 3219
f 3226 3284 3282
f 3282 3284 3281
f 3219 3285 3224
f 3226 3285 3284
f 3228 3285 3226
f 3224 3285 3286
f 3286 3285 3228
f 3284 3285 3219
f 3137 3287 3217
f 3217 3287 3230
f 3233 3287 2646
f 2646 3287 3137
f 3230 3287 3233
f 3272 3288 3273
f 3275 3288 3272
f 3218 3289 3221
f 3215 3289 3218
f 3221 3289 3222
f 3222 3289 3277
f 3273 3289 3215
f 3288 3290 3273
f 3277 3290 3276
f 3289 3290 3277
f 3273 3290 3289
f 3276 3291 3275
f 3275 3291 3288
f 3288 3291 3290
f 3290 3291 3276
f 3084 2605 2644
f 3084 3083 2605
f 3083 2604 2605
f 3083 3082 2604
f 3082 2602 2604
f 3082 3081 2602
f 3081 2607 2602
f 3081 3080 2607
f 3080 2612 2607
f 3080 3079 2612
f 3079 2599 2612
f 3079 3078 2599
f 3078 2600 2599
f 3078 3077 2600
f 3077 2622 2600
f 3077 3076 2622
f 3076 2634 2622
f 3076 3074 2634
f 3074 2643 2634
f 3074 3075 2643
f 3075 2641 2643
f 2767 3070 2849
f 3070 3069 2849
f 2767 3071 3070
f 2767 2769 3071
f 3069 2846 2849
f 3069 3068 2846
f 2769 3072 3071
f 2769 2647 3072
f 2647 3073 3072
f 2846 3067 2844
f 3068 3067 2846
f 2647 3279 3073
f 3279 3292 3073
f 3067 2843 2844
f 3067 3066 2843
f 3279 3223 3292
f 3223 3293 3292
f 3066 2842 2843
f 3066 3065 2842
f 3223 3224 3293
f 3224 3294 3293
f 3065 2757 2842
f 3065 3063 2757
f 3294 3286 3295
f 3224 3286 3294
f 3064 2646 3063
f 3063 2646 2757
f 3064 3296 2646
f 3286 3297 3295
f 3286 3228 3297
f 3296 3234 2646
f 3298 3234 3296
f 3228 3299 3297
f 3298 3232 3234
f 3300 3232 3298
f 3228 3229 3299
f 3300 3229 3232
f 3299 3229 3300
f 3000 2390 3073
f 3292 3000 3073
f 3056 3000 3292
f 3293 3056 3292
f 3057 3056 3293
f 3294 3057 3293
f 3058 3057 3294
f 3295 3058 3294
f 3008 3058 3295
f 3297 3008 3295
f 3009 3008 3297
f 3299 3009 3297
f 3012 3009 3299
f 3300 3012 3299
f 3015 3012 3300
f 3298 3061 3015
f 3298 3015 3300
f 3296 3061 3298
f 2388 3061 3296
f 3064 2388 3296
f 3301 2856 3302
f 3301 2857 2856
f 3303 2851 2857
f 3303 2857 3301
f 3304 2852 2851
f 3304 2851 3303
f 3305 2853 2852
f 3305 2852 3304
f 3075 2382 2853
f 3075 2853 3305
f 3090 3302 2856
f 3105 2856 2870
f 3105 3090 2856
f 2870 3104 3105
f 2869 3102 3104
f 2869 3104 2870
f 2867 3242 3102
f 2867 3102 2869
f 2866 3241 3242
f 2866 3242 2867
f 3017 3239 3241
f 3017 3241 2866
f 3024 3239 3017
f 3023 3246 3239
f 3023 3239 3024
f 3028 3250 3246
f 3028 3246 3023
f 2941 3169 3250
f 2941 3250 3028
f 2940 3168 3169
f 2940 3169 2941
f 2939 3166 3168
f 2939 3168 2940
f 2938 3165 3166
f 2938 3166 2939
f 2943 3122 3165
f 2943 3165 2938
f 2891 3121 3122
f 2891 3122 2943
f 2890 3121 2891
f 2879 3120 3121
f 2879 3121 2890
f 2878 3113 3120
f 2878 3120 2879
f 2876 3113 2878
f 3112 2876 3306
f 3112 3113 2876
f 2882 2387 3084
f 3307 2882 3084
f 2872 2882 3307
f 3308 2872 3307
f 2873 2872 3308
f 3309 2873 3308
f 2874 2873 3309
f 3310 2874 3309
f 2876 2874 3310
f 3306 2876 3310
f 3310 3110 3306
f 3306 3110 3112
f 3309 3109 3310
f 3310 3109 3110
f 3308 3107 3309
f 3309 3107 3109
f 3307 3115 3308
f 3308 3115 3107
f 3084 2644 3307
f 3307 2644 3115
f 3075 3305 2641
f 3305 3088 2641
f 3305 3304 3088
f 3304 3087 3088
f 3304 3303 3087
f 3303 3085 3087
f 3303 3301 3085
f 3301 3092 3085
f 3301 3302 3092
f 3302 3090 3092
f 3311 3312 3313
f 3314 3315 3312
f 3314 3312 3311
f 3316 3317 3315
f 3316 3315 3314
f 3318 3319 3317
f 3318 3317 3316
f 3320 3321 3319
f 3320 3319 3318
f 3322 3323 3321
f 3322 3321 3320
f 3324 3325 3323
f 3324 3323 3322
f 3326 3327 3325
f 3326 3325 3324
f 3328 3329 3327
f 3328 3327 3326
f 3330 3329 3328
f 3331 3327 3329
f 3332 3325 3327
f 3332 3327 3331
f 3333 3323 3325
f 3333 3325 3332
f 3334 3321 3323
f 3334 3323 3333
f 3335 3321 3334
f 3336 3319 3321
f 3336 3321 3335
f 3337 3317 3319
f 3337 3319 3336
f 3338 3315 3317
f 3338 3317 3337
f 3339 3312 3315
f 3339 3315 3338
f 3340 3313 3312
f 3340 3312 3339
f 3341 3342 3343
f 3344 3345 3346
f 3344 3346 3342
f 3344 3342 3341
f 3347 3345 3344
f 3348 3349 3350
f 3351 3349 3348
f 3340 3352 3349
f 3340 3349 3351
f 3339 3352 3340
f 3338 3352 3339
f 3337 3353 3352
f 3337 3352 3338
f 3336 3353 3337
f 3354 3355 3356
f 3357 3331 3358
f 3357 3358 3355
f 3357 3355 3354
f 3359 3331 3357
f 3359 3332 3331
f 3359 3333 3332
f 3360 3361 3362
f 3363 3361 3360
f 3364 3365 3361
f 3364 3361 3363
f 3366 3365 3364
f 3367 3347 3354
f 3367 3349 3368
f 3367 3368 3345
f 3367 3356 3369
f 3367 3369 3370
f 3367 3370 3350
f 3367 3345 3347
f 3367 3350 3349
f 3367 3354 3356
f 3371 3359 3372
f 3371 3372 3360
f 3371 3333 3359
f 3371 3360 3362
f 3371 3362 3353
f 3371 3334 3333
f 3371 3335 3334
f 3371 3336 3335
f 3371 3353 3336
f 3373 3374 3375
f 3373 3375 3376
f 3377 3373 3376
f 3378 3374 3373
f 3366 3379 3374
f 3366 3374 3378
f 3364 3380 3379
f 3364 3379 3366
f 3363 3380 3364
f 3381 3380 3363
f 3360 3381 3363
f 3382 3383 3384
f 3385 3381 3360
f 3386 3382 3384
f 3372 3385 3360
f 3387 3382 3386
f 3388 3387 3386
f 3389 3385 3372
f 3359 3389 3372
f 3390 3387 3388
f 3341 3387 3390
f 3391 3341 3390
f 3392 3359 3357
f 3392 3389 3359
f 3393 3344 3341
f 3393 3341 3391
f 3394 3354 3347
f 3394 3357 3354
f 3394 3392 3357
f 3395 3347 3344
f 3395 3394 3347
f 3395 3344 3393
f 3383 3396 3397
f 3383 3397 3398
f 3382 3399 3400
f 3382 3400 3396
f 3382 3396 3383
f 3387 3399 3382
f 3341 3343 3399
f 3341 3399 3387
f 3400 3401 3402
f 3403 3401 3400
f 3396 3400 3402
f 3399 3403 3400
f 3397 3402 3404
f 3397 3396 3402
f 3405 3403 3399
f 3343 3405 3399
f 3342 3406 3405
f 3342 3405 3343
f 3346 3407 3406
f 3346 3406 3342
f 3408 3409 3410
f 3411 3408 3410
f 3345 3407 3346
f 3412 3407 3345
f 3413 3408 3411
f 3414 3413 3411
f 3368 3412 3345
f 3415 3413 3414
f 3416 3412 3368
f 3417 3415 3414
f 3349 3416 3368
f 3365 3415 3417
f 3418 3365 3417
f 3419 3416 3349
f 3352 3419 3349
f 3361 3365 3418
f 3420 3361 3418
f 3421 3419 3352
f 3421 3352 3353
f 3362 3361 3420
f 3422 3362 3420
f 3422 3421 3353
f 3422 3353 3362
f 3378 3415 3365
f 3378 3365 3366
f 3373 3413 3415
f 3373 3408 3413
f 3373 3415 3378
f 3377 3409 3408
f 3377 3408 3373
f 3423 3409 3377
f 3340 3424 3313
f 3351 3425 3424
f 3351 3424 3340
f 3348 3426 3425
f 3348 3425 3351
f 3350 3427 3426
f 3350 3426 3348
f 3370 3428 3427
f 3370 3427 3350
f 3369 3429 3428
f 3369 3428 3370
f 3356 3430 3429
f 3356 3429 3369
f 3355 3431 3430
f 3355 3430 3356
f 3358 3432 3431
f 3358 3431 3355
f 3331 3329 3432
f 3331 3432 3358
f 3423 3377 3433
f 3377 3434 3433
f 3377 3376 3434
f 3435 3436 3437
f 3438 3437 3439
f 3438 3435 3437
f 3440 3438 3439
f 3374 3439 3375
f 3374 3440 3439
f 3441 3374 3379
f 3440 3374 3441
f 3442 3391 3443
f 3442 3393 3391
f 3444 3445 3446
f 3444 3447 3445
f 3445 3448 3446
f 3449 3450 3444
f 3444 3450 3447
f 3449 3311 3450
f 3328 3392 3330
f 3330 3392 3451
f 3451 3392 3452
f 3328 3389 3392
f 3322 3389 3324
f 3324 3389 3326
f 3326 3389 3328
f 3322 3385 3389
f 3441 3380 3453
f 3441 3379 3380
f 3446 3454 3455
f 3394 3454 3392
f 3452 3454 3456
f 3456 3454 3457
f 3457 3454 3448
f 3448 3454 3446
f 3455 3454 3458
f 3458 3454 3394
f 3392 3454 3452
f 3459 3460 3449
f 3322 3461 3385
f 3311 3461 3314
f 3314 3461 3316
f 3316 3461 3318
f 3318 3461 3320
f 3320 3461 3322
f 3449 3461 3311
f 3460 3461 3449
f 3385 3462 3381
f 3461 3462 3385
f 3460 3462 3461
f 3455 3463 3446
f 3446 3463 3464
f 3464 3463 3442
f 3393 3463 3395
f 3395 3463 3394
f 3442 3463 3393
f 3458 3463 3455
f 3394 3463 3458
f 3380 3465 3453
f 3453 3465 3466
f 3466 3465 3459
f 3381 3465 3380
f 3460 3465 3462
f 3462 3465 3381
f 3459 3465 3460
f 3467 3388 3468
f 3468 3388 3469
f 3469 3388 3470
f 3470 3388 3386
f 3443 3390 3467
f 3467 3390 3388
f 3443 3391 3390
f 3471 3472 3384
f 3384 3472 3386
f 3472 3473 3386
f 3473 3474 3386
f 3475 3476 3474
f 3476 3470 3474
f 3474 3470 3386
f 3384 3383 3471
f 3471 3383 3477
f 3383 3478 3477
f 3383 3398 3478
f 3479 3480 3481
f 3482 3483 3479
f 3479 3483 3480
f 3481 3484 3485
f 3480 3484 3481
f 3486 3487 3482
f 3482 3487 3483
f 3484 3488 3485
f 3485 3489 3490
f 3488 3489 3485
f 3478 3491 3486
f 3486 3491 3487
f 3489 3492 3490
f 3492 3493 3490
f 3478 3494 3491
f 3492 3495 3493
f 3398 3496 3478
f 3478 3496 3494
f 3495 3497 3493
f 3398 3498 3496
f 3495 3499 3497
f 3398 3500 3498
f 3499 3501 3497
f 3502 3503 3499
f 3499 3503 3501
f 3504 3505 3502
f 3502 3505 3503
f 3504 3506 3505
f 3507 3506 3504
f 3507 3508 3506
f 3507 3404 3508
f 3404 3509 3508
f 3510 3397 3511
f 3511 3397 3507
f 3507 3397 3404
f 3398 3397 3510
f 3398 3510 3500
f 3512 3403 3405
f 3512 3405 3513
f 3514 3403 3512
f 3515 3401 3403
f 3515 3403 3514
f 3516 3401 3515
f 3517 3401 3516
f 3518 3401 3517
f 3519 3402 3401
f 3519 3401 3518
f 3520 3402 3519
f 3404 3402 3520
f 3509 3404 3520
f 3521 3418 3522
f 3521 3420 3418
f 3523 3422 3420
f 3523 3420 3521
f 3524 3421 3422
f 3524 3422 3523
f 3525 3419 3421
f 3525 3421 3524
f 3526 3416 3419
f 3526 3419 3525
f 3527 3412 3416
f 3527 3416 3526
f 3528 3412 3527
f 3529 3407 3412
f 3529 3412 3528
f 3530 3406 3407
f 3530 3407 3529
f 3513 3405 3406
f 3513 3406 3530
f 3531 3410 3532
f 3411 3410 3531
f 3533 3411 3531
f 3534 3411 3533
f 3414 3411 3534
f 3535 3414 3534
f 3536 3414 3535
f 3537 3417 3414
f 3537 3414 3536
f 3538 3417 3537
f 3539 3418 3417
f 3539 3417 3538
f 3522 3418 3539
f 3540 3541 3542
f 3543 3544 3540
f 3540 3544 3541
f 3542 3545 3546
f 3541 3545 3542
f 3547 3548 3543
f 3543 3548 3544
f 3545 3549 3546
f 3532 3410 3550
f 3546 3551 3552
f 3549 3551 3546
f 3550 3553 3554
f 3554 3553 3547
f 3547 3553 3548
f 3551 3555 3552
f 3552 3556 3557
f 3555 3556 3552
f 3409 3558 3410
f 3410 3558 3550
f 3550 3558 3553
f 3556 3559 3557
f 3409 3560 3558
f 3559 3561 3557
f 3559 3562 3561
f 3409 3563 3560
f 3409 3564 3563
f 3562 3565 3561
f 3562 3566 3565
f 3567 3566 3562
f 3567 3568 3566
f 3569 3568 3567
f 3569 3433 3568
f 3570 3433 3569
f 3570 3423 3433
f 3564 3423 3571
f 3571 3423 3570
f 3409 3423 3564
f 3451 3329 3330
f 3451 3432 3329
f 3452 3431 3432
f 3452 3432 3451
f 3430 3431 3452
f 3456 3429 3430
f 3456 3430 3452
f 3457 3428 3429
f 3457 3429 3456
f 3448 3427 3428
f 3448 3428 3457
f 3445 3426 3427
f 3445 3427 3448
f 3447 3425 3426
f 3447 3426 3445
f 3450 3424 3425
f 3450 3425 3447
f 3311 3313 3424
f 3311 3424 3450
f 3376 3572 3434
f 3375 3573 3376
f 3376 3573 3572
f 3375 3574 3573
f 3434 3575 3576
f 3572 3575 3434
f 3375 3577 3574
f 3375 3578 3577
f 3575 3579 3576
f 3579 3580 3576
f 3579 3581 3580
f 3581 3582 3580
f 3581 3583 3582
f 3584 3585 3586
f 3578 3439 3584
f 3375 3439 3578
f 3584 3439 3585
f 3587 3588 3583
f 3583 3588 3582
f 3586 3589 3590
f 3585 3589 3586
f 3591 3592 3593
f 3593 3592 3587
f 3587 3592 3588
f 3590 3594 3595
f 3589 3594 3590
f 3595 3596 3597
f 3594 3596 3595
f 3598 3599 3591
f 3591 3599 3592
f 3596 3600 3597
f 3600 3601 3597
f 3597 3601 3602
f 3601 3603 3602
f 3602 3603 3598
f 3598 3603 3599
f 3434 3568 3433
f 3576 3568 3434
f 3536 3435 3537
f 3537 3435 3438
f 3535 3436 3536
f 3536 3436 3435
f 3534 3437 3535
f 3535 3437 3436
f 3440 3537 3438
f 3440 3538 3537
f 3440 3539 3538
f 3440 3441 3539
f 3441 3522 3539
f 3441 3453 3522
f 3453 3521 3522
f 3453 3466 3521
f 3466 3523 3521
f 3466 3524 3523
f 3466 3459 3524
f 3515 3514 3469
f 3514 3468 3469
f 3514 3512 3468
f 3459 3525 3524
f 3512 3467 3468
f 3512 3513 3467
f 3459 3449 3525
f 3513 3443 3467
f 3449 3526 3525
f 3513 3530 3443
f 3529 3442 3530
f 3530 3442 3443
f 3526 3444 3527
f 3449 3444 3526
f 3528 3464 3529
f 3529 3464 3442
f 3527 3446 3528
f 3444 3446 3527
f 3528 3446 3464
f 3519 3473 3472
f 3519 3472 3604
f 3518 3474 3473
f 3518 3473 3519
f 3506 3605 3505
f 3506 3606 3605
f 3520 3604 3606
f 3520 3519 3604
f 3520 3606 3506
f 3508 3520 3506
f 3509 3520 3508
f 3469 3470 3515
f 3470 3516 3515
f 3470 3476 3516
f 3475 3517 3476
f 3476 3517 3516
f 3475 3474 3517
f 3474 3518 3517
f 3607 3606 3604
f 3608 3606 3607
f 3609 3604 3472
f 3609 3607 3604
f 3610 3611 3605
f 3610 3605 3606
f 3610 3606 3608
f 3612 3609 3472
f 3613 3614 3611
f 3613 3611 3610
f 3615 3614 3613
f 3616 3614 3615
f 3617 3616 3615
f 3471 3618 3619
f 3471 3619 3612
f 3471 3612 3472
f 3620 3617 3621
f 3620 3616 3617
f 3622 3620 3621
f 3477 3623 3618
f 3477 3618 3471
f 3624 3625 3623
f 3624 3623 3477
f 3626 3625 3624
f 3627 3628 3625
f 3627 3625 3626
f 3629 3630 3628
f 3629 3628 3627
f 3631 3632 3630
f 3631 3630 3629
f 3633 3622 3634
f 3633 3620 3622
f 3635 3633 3634
f 3635 3634 3632
f 3635 3632 3631
f 3478 3624 3477
f 3478 3626 3624
f 3486 3627 3626
f 3486 3626 3478
f 3488 3634 3622
f 3484 3632 3634
f 3484 3634 3488
f 3480 3630 3632
f 3480 3632 3484
f 3483 3628 3630
f 3483 3630 3480
f 3487 3628 3483
f 3491 3625 3628
f 3491 3628 3487
f 3494 3623 3625
f 3494 3625 3491
f 3496 3618 3623
f 3496 3623 3494
f 3498 3619 3618
f 3498 3618 3496
f 3500 3612 3619
f 3500 3619 3498
f 3510 3612 3500
f 3510 3609 3612
f 3511 3607 3609
f 3511 3609 3510
f 3507 3608 3607
f 3507 3607 3511
f 3504 3610 3608
f 3504 3608 3507
f 3502 3613 3610
f 3502 3610 3504
f 3499 3613 3502
f 3495 3615 3613
f 3495 3613 3499
f 3492 3617 3615
f 3492 3615 3495
f 3489 3621 3617
f 3489 3617 3492
f 3488 3622 3621
f 3488 3621 3489
f 3636 3637 3620
f 3620 3638 3616
f 3637 3638 3620
f 3611 3503 3605
f 3605 3503 3505
f 3614 3501 3611
f 3611 3501 3503
f 3639 3633 3640
f 3640 3633 3641
f 3616 3497 3614
f 3614 3497 3501
f 3616 3493 3497
f 3641 3635 3642
f 3633 3635 3641
f 3642 3490 3638
f 3638 3490 3616
f 3616 3490 3493
f 3642 3485 3490
f 3631 3481 3635
f 3635 3481 3642
f 3642 3481 3485
f 3631 3479 3481
f 3629 3482 3631
f 3631 3482 3479
f 3627 3486 3629
f 3629 3486 3482
f 3531 3532 3550
f 3531 3550 3554
f 3531 3554 3547
f 3594 3531 3547
f 3589 3533 3531
f 3589 3531 3594
f 3585 3534 3533
f 3585 3533 3589
f 3439 3534 3585
f 3437 3534 3439
f 3643 3563 3564
f 3644 3560 3563
f 3644 3563 3643
f 3645 3558 3560
f 3645 3560 3644
f 3646 3553 3558
f 3646 3558 3645
f 3647 3548 3553
f 3647 3553 3646
f 3648 3544 3548
f 3648 3548 3647
f 3649 3541 3544
f 3649 3544 3648
f 3650 3545 3541
f 3650 3541 3649
f 3651 3549 3545
f 3651 3545 3650
f 3652 3549 3651
f 3652 3551 3549
f 3653 3556 3555
f 3653 3555 3551
f 3653 3551 3652
f 3654 3559 3556
f 3654 3556 3653
f 3655 3562 3559
f 3655 3559 3654
f 3656 3567 3562
f 3656 3562 3655
f 3657 3569 3567
f 3657 3567 3656
f 3658 3570 3569
f 3658 3569 3657
f 3659 3571 3570
f 3659 3570 3658
f 3660 3571 3659
f 3661 3564 3571
f 3661 3571 3660
f 3643 3564 3661
f 3543 3596 3547
f 3547 3596 3594
f 3543 3600 3596
f 3540 3601 3543
f 3543 3601 3600
f 3542 3603 3540
f 3540 3603 3601
f 3546 3599 3542
f 3542 3599 3603
f 3552 3592 3546
f 3546 3592 3599
f 3557 3588 3552
f 3552 3588 3592
f 3561 3582 3557
f 3557 3582 3588
f 3565 3580 3561
f 3566 3580 3565
f 3561 3580 3582
f 3568 3576 3566
f 3566 3576 3580
f 3578 3662 3663
f 3584 3664 3662
f 3584 3662 3578
f 3586 3665 3664
f 3586 3664 3584
f 3590 3666 3665
f 3590 3665 3586
f 3595 3667 3666
f 3595 3666 3590
f 3597 3668 3667
f 3597 3667 3595
f 3602 3669 3668
f 3602 3668 3597
f 3598 3670 3669
f 3598 3669 3602
f 3591 3671 3670
f 3591 3670 3598
f 3593 3671 3591
f 3593 3672 3671
f 3587 3673 3674
f 3587 3674 3672
f 3587 3672 3593
f 3583 3675 3673
f 3583 3673 3587
f 3581 3676 3675
f 3581 3675 3583
f 3579 3677 3676
f 3579 3676 3581
f 3575 3678 3677
f 3575 3677 3579
f 3572 3679 3678
f 3572 3678 3575
f 3573 3680 3679
f 3573 3679 3572
f 3574 3680 3573
f 3577 3663 3680
f 3577 3680 3574
f 3578 3663 3577
f 3620 3637 3636
f 3640 3633 3639
f 3620 3633 3640
f 3620 3640 3637
f 3638 3641 3642
f 3637 3640 3638
f 3638 3640 3641
f 3654 3673 3675
f 3655 3675 3676
f 3655 3654 3675
f 3653 3674 3673
f 3653 3672 3674
f 3653 3673 3654
f 3656 3676 3677
f 3656 3655 3676
f 3652 3671 3672
f 3652 3672 3653
f 3651 3670 3671
f 3651 3671 3652
f 3657 3677 3678
f 3657 3656 3677
f 3650 3670 3651
f 3658 3657 3678
f 3669 3670 3650
f 3679 3658 3678
f 3649 3669 3650
f 3659 3658 3679
f 3668 3649 3648
f 3668 3669 3649
f 3680 3660 3659
f 3680 3661 3660
f 3680 3659 3679
f 3667 3648 3647
f 3667 3668 3648
f 3663 3643 3661
f 3663 3661 3680
f 3662 3644 3643
f 3662 3643 3663
f 3666 3647 3646
f 3666 3667 3647
f 3664 3644 3662
f 3664 3645 3644
f 3665 3645 3664
f 3665 3666 3646
f 3665 3646 3645
f 3681 3682 3683
f 3684 3685 3682
f 3684 3682 3681
f 3686 3685 3684
f 3687 3688 3686
f 3687 3686 3684
f 3689 3690 3688
f 3689 3688 3687
f 3691 3690 3689
f 3692 3691 3689
f 3693 3691 3692
f 3694 3693 3692
f 3695 3693 3694
f 3696 3695 3694
f 3697 3698 3695
f 3697 3695 3696
f 3699 3698 3697
f 3700 3698 3699
f 3701 3700 3699
f 3702 3703 3700
f 3702 3700 3701
f 3704 3703 3702
f 3704 3705 3703
f 3706 3707 3705
f 3706 3705 3704
f 3708 3707 3706
f 3709 3708 3706
f 3710 3708 3709
f 3711 3710 3709
f 3712 3710 3711
f 3713 3712 3711
f 3714 3712 3713
f 3715 3714 3713
f 3716 3714 3715
f 3717 3716 3715
f 3718 3716 3717
f 3719 3718 3717
f 3720 3718 3719
f 3721 3720 3719
f 3722 3683 3720
f 3722 3720 3721
f 3681 3683 3722
f 3723 3724 3687
f 3689 3724 3725
f 3689 3687 3724
f 3684 3723 3687
f 3692 3689 3725
f 3726 3692 3725
f 3727 3723 3684
f 3681 3727 3684
f 3722 3728 3727
f 3722 3727 3681
f 3694 3692 3726
f 3729 3694 3726
f 3721 3730 3728
f 3721 3728 3722
f 3696 3694 3729
f 3719 3730 3721
f 3731 3696 3729
f 3732 3730 3719
f 3697 3696 3731
f 3717 3732 3719
f 3699 3697 3731
f 3733 3699 3731
f 3734 3732 3717
f 3701 3699 3733
f 3715 3734 3717
f 3735 3701 3733
f 3702 3701 3735
f 3736 3702 3735
f 3736 3704 3702
f 3737 3734 3715
f 3713 3737 3715
f 3706 3704 3736
f 3738 3706 3736
f 3739 3737 3713
f 3739 3713 3711
f 3709 3706 3738
f 3740 3709 3738
f 3740 3739 3711
f 3740 3711 3709
f 3682 3741 3742
f 3682 3742 3743
f 3682 3743 3744
f 3682 3744 3745
f 3682 3745 3746
f 3682 3746 3683
f 3685 3741 3682
f 3747 3741 3685
f 3686 3747 3685
f 3748 3747 3686
f 3688 3748 3686
f 3749 3750 3690
f 3691 3749 3690
f 3695 3751 3752
f 3695 3752 3693
f 3700 3753 3754
f 3700 3754 3698
f 3755 3756 3753
f 3757 3755 3753
f 3758 3757 3753
f 3759 3758 3753
f 3703 3753 3700
f 3703 3759 3753
f 3760 3750 3748
f 3760 3748 3688
f 3761 3688 3690
f 3761 3690 3750
f 3761 3760 3688
f 3761 3750 3760
f 3762 3752 3749
f 3762 3749 3691
f 3762 3693 3752
f 3763 3691 3693
f 3763 3693 3762
f 3763 3762 3691
f 3764 3754 3751
f 3764 3698 3754
f 3765 3695 3698
f 3765 3764 3751
f 3765 3751 3695
f 3765 3698 3764
f 3766 3759 3703
f 3766 3758 3759
f 3766 3757 3758
f 3766 3755 3757
f 3766 3756 3755
f 3705 3766 3703
f 3767 3766 3705
f 3707 3767 3705
f 3768 3767 3707
f 3708 3768 3707
f 3769 3770 3710
f 3712 3769 3710
f 3716 3771 3714
f 3772 3771 3716
f 3720 3773 3718
f 3774 3773 3720
f 3743 3742 3774
f 3744 3743 3774
f 3745 3744 3774
f 3746 3745 3774
f 3683 3774 3720
f 3683 3746 3774
f 3775 3770 3768
f 3775 3768 3708
f 3776 3708 3710
f 3776 3710 3770
f 3776 3775 3708
f 3776 3770 3775
f 3777 3771 3769
f 3777 3769 3712
f 3777 3714 3771
f 3778 3712 3714
f 3778 3714 3777
f 3778 3777 3712
f 3779 3773 3772
f 3779 3718 3773
f 3780 3716 3718
f 3780 3718 3779
f 3780 3779 3772
f 3780 3772 3716
f 3781 3723 3727
f 3781 3727 3782
f 3781 3782 3783
f 3781 3783 3784
f 3781 3784 3785
f 3781 3785 3786
f 3787 3723 3781
f 3724 3723 3787
f 3788 3726 3725
f 3788 3725 3789
f 3790 3729 3791
f 3733 3731 3792
f 3793 3733 3792
f 3794 3735 3733
f 3794 3733 3793
f 3795 3736 3735
f 3796 3795 3735
f 3797 3735 3794
f 3797 3796 3735
f 3798 3797 3794
f 3799 3798 3794
f 3800 3725 3724
f 3800 3789 3725
f 3801 3787 3789
f 3801 3724 3787
f 3801 3800 3724
f 3801 3789 3800
f 3802 3729 3726
f 3802 3726 3788
f 3802 3791 3729
f 3803 3788 3791
f 3803 3802 3788
f 3803 3791 3802
f 3804 3731 3729
f 3804 3729 3790
f 3805 3790 3792
f 3805 3731 3804
f 3805 3804 3790
f 3805 3792 3731
f 3806 3738 3736
f 3806 3798 3799
f 3806 3797 3798
f 3806 3796 3797
f 3806 3795 3796
f 3806 3736 3795
f 3807 3738 3806
f 3740 3738 3807
f 3808 3737 3739
f 3808 3739 3809
f 3810 3734 3811
f 3730 3732 3812
f 3813 3730 3812
f 3814 3728 3730
f 3814 3730 3813
f 3782 3727 3728
f 3783 3728 3814
f 3783 3782 3728
f 3784 3783 3814
f 3785 3784 3814
f 3786 3785 3814
f 3815 3739 3740
f 3815 3809 3739
f 3816 3807 3809
f 3816 3815 3740
f 3816 3809 3815
f 3816 3740 3807
f 3817 3734 3737
f 3817 3737 3808
f 3817 3811 3734
f 3818 3808 3811
f 3818 3811 3817
f 3818 3817 3808
f 3819 3732 3734
f 3819 3734 3810
f 3820 3810 3812
f 3820 3732 3819
f 3820 3819 3810
f 3820 3812 3732
f 3741 3821 3822
f 3741 3822 3742
f 3747 3823 3821
f 3747 3821 3741
f 3748 3824 3823
f 3748 3823 3747
f 3750 3825 3824
f 3750 3824 3748
f 3749 3826 3825
f 3749 3825 3750
f 3752 3827 3826
f 3752 3826 3749
f 3751 3828 3827
f 3751 3827 3752
f 3754 3829 3828
f 3754 3828 3751
f 3753 3830 3829
f 3753 3829 3754
f 3756 3831 3830
f 3756 3830 3753
f 3766 3831 3756
f 3766 3832 3831
f 3767 3833 3832
f 3767 3832 3766
f 3768 3834 3833
f 3768 3833 3767
f 3770 3835 3834
f 3770 3834 3768
f 3769 3836 3835
f 3769 3835 3770
f 3771 3837 3836
f 3771 3836 3769
f 3838 3837 3771
f 3772 3838 3771
f 3839 3838 3772
f 3773 3839 3772
f 3840 3839 3773
f 3774 3840 3773
f 3822 3840 3774
f 3742 3822 3774
f 3841 3786 3842
f 3843 3781 3841
f 3841 3781 3786
f 3844 3787 3843
f 3843 3787 3781
f 3845 3789 3844
f 3844 3789 3787
f 3846 3788 3845
f 3845 3788 3789
f 3847 3791 3846
f 3846 3791 3788
f 3848 3790 3847
f 3847 3790 3791
f 3849 3792 3848
f 3848 3792 3790
f 3850 3793 3849
f 3849 3793 3792
f 3851 3794 3850
f 3850 3794 3793
f 3851 3799 3794
f 3852 3799 3851
f 3853 3806 3852
f 3852 3806 3799
f 3854 3807 3853
f 3853 3807 3806
f 3854 3809 3807
f 3855 3856 3854
f 3854 3856 3809
f 3857 3808 3856
f 3856 3808 3809
f 3857 3858 3808
f 3859 3860 3861
f 3861 3860 3862
f 3860 3811 3858
f 3858 3811 3808
f 3860 3810 3811
f 3859 3812 3860
f 3860 3812 3810
f 3863 3813 3859
f 3859 3813 3812
f 3842 3814 3863
f 3863 3814 3813
f 3842 3786 3814
f 3864 3865 3866
f 3864 3866 3867
f 3864 3867 3868
f 3864 3868 3869
f 3864 3869 3822
f 3821 3864 3822
f 3870 3864 3821
f 3823 3870 3821
f 3871 3870 3823
f 3824 3871 3823
f 3872 3871 3824
f 3826 3873 3874
f 3826 3874 3825
f 3875 3876 3827
f 3828 3875 3827
f 3877 3878 3829
f 3830 3877 3829
f 3879 3877 3830
f 3880 3879 3830
f 3881 3880 3830
f 3882 3881 3830
f 3883 3882 3830
f 3831 3883 3830
f 3884 3874 3872
f 3884 3824 3825
f 3884 3872 3824
f 3884 3825 3874
f 3885 3876 3873
f 3886 3826 3827
f 3886 3873 3826
f 3886 3827 3876
f 3886 3885 3873
f 3886 3876 3885
f 3887 3878 3875
f 3887 3828 3829
f 3887 3875 3828
f 3887 3829 3878
f 3888 3883 3831
f 3888 3882 3883
f 3888 3881 3882
f 3888 3880 3881
f 3888 3879 3880
f 3832 3888 3831
f 3889 3888 3832
f 3833 3889 3832
f 3890 3889 3833
f 3834 3891 3890
f 3834 3890 3833
f 3892 3893 3835
f 3836 3892 3835
f 3838 3894 3837
f 3895 3894 3838
f 3840 3896 3839
f 3897 3896 3840
f 3866 3865 3897
f 3867 3866 3897
f 3868 3867 3897
f 3869 3868 3897
f 3822 3897 3840
f 3822 3869 3897
f 3898 3893 3891
f 3898 3891 3834
f 3899 3834 3835
f 3899 3835 3893
f 3899 3898 3834
f 3899 3893 3898
f 3900 3894 3892
f 3900 3892 3836
f 3901 3836 3837
f 3901 3900 3836
f 3901 3894 3900
f 3901 3837 3894
f 3902 3896 3895
f 3902 3839 3896
f 3903 3838 3839
f 3903 3839 3902
f 3903 3902 3895
f 3903 3895 3838
f 3841 3842 3904
f 3841 3904 3905
f 3841 3905 3906
f 3841 3906 3907
f 3841 3907 3908
f 3909 3841 3908
f 3843 3841 3909
f 3910 3843 3909
f 3844 3843 3910
f 3911 3846 3845
f 3911 3845 3912
f 3913 3847 3914
f 3848 3847 3913
f 3915 3849 3916
f 3850 3849 3915
f 3917 3850 3915
f 3851 3850 3917
f 3918 3851 3917
f 3919 3918 3917
f 3920 3919 3917
f 3921 3920 3917
f 3922 3921 3917
f 3923 3845 3844
f 3923 3910 3912
f 3923 3844 3910
f 3923 3912 3845
f 3924 3847 3846
f 3924 3914 3847
f 3925 3911 3914
f 3925 3846 3911
f 3925 3914 3924
f 3925 3924 3846
f 3926 3849 3848
f 3926 3916 3849
f 3927 3913 3916
f 3927 3926 3848
f 3927 3916 3926
f 3927 3848 3913
f 3928 3862 3929
f 3930 3862 3928
f 3931 3862 3930
f 3932 3862 3931
f 3861 3932 3933
f 3861 3862 3932
f 3934 3861 3933
f 3935 3859 3934
f 3842 3863 3936
f 3904 3842 3936
f 3905 3904 3936
f 3906 3905 3936
f 3907 3906 3936
f 3908 3907 3936
f 3937 3859 3861
f 3937 3861 3934
f 3937 3934 3859
f 3938 3863 3859
f 3938 3859 3935
f 3939 3935 3936
f 3939 3863 3938
f 3939 3938 3935
f 3939 3936 3863
f 3852 3921 3922
f 3852 3920 3921
f 3852 3919 3920
f 3852 3918 3919
f 3852 3851 3918
f 3940 3852 3922
f 3941 3853 3940
f 3855 3854 3942
f 3943 3944 3855
f 3945 3855 3942
f 3946 3943 3855
f 3947 3946 3855
f 3947 3855 3945
f 3948 3853 3852
f 3948 3852 3940
f 3948 3940 3853
f 3949 3854 3853
f 3949 3853 3941
f 3950 3941 3942
f 3950 3949 3941
f 3950 3942 3854
f 3950 3854 3949
f 3951 3855 3952
f 3951 3952 3953
f 3951 3953 3954
f 3951 3954 3955
f 3856 3855 3956
f 3956 3855 3957
f 3957 3855 3951
f 3860 3858 3958
f 3856 3959 3857
f 3959 3960 3857
f 3961 3962 3963
f 3964 3962 3961
f 3958 3965 3966
f 3966 3965 3967
f 3858 3965 3958
f 3968 3969 3960
f 3857 3969 3858
f 3960 3969 3857
f 3858 3969 3965
f 3967 3970 3971
f 3971 3970 3961
f 3969 3970 3965
f 3965 3970 3967
f 3961 3970 3964
f 3964 3972 3973
f 3973 3972 3968
f 3970 3972 3964
f 3968 3972 3969
f 3969 3972 3970
f 3974 3975 3976
f 3974 3976 3977
f 3974 3977 3978
f 3974 3978 3862
f 3979 3974 3862
f 3860 3979 3862
f 3865 3980 3981
f 3864 3980 3865
f 3870 3982 3980
f 3870 3980 3864
f 3871 3983 3982
f 3871 3982 3870
f 3872 3984 3983
f 3872 3983 3871
f 3874 3985 3984
f 3874 3984 3872
f 3873 3986 3985
f 3873 3985 3874
f 3876 3987 3986
f 3876 3986 3873
f 3875 3988 3987
f 3875 3987 3876
f 3878 3989 3988
f 3878 3988 3875
f 3877 3990 3989
f 3877 3989 3878
f 3879 3991 3990
f 3879 3990 3877
f 3888 3991 3879
f 3888 3992 3991
f 3889 3993 3992
f 3889 3992 3888
f 3890 3994 3993
f 3890 3993 3889
f 3891 3994 3890
f 3893 3995 3994
f 3893 3994 3891
f 3892 3996 3995
f 3892 3995 3893
f 3894 3997 3998
f 3894 3998 3996
f 3894 3996 3892
f 3895 3999 3997
f 3895 3997 3894
f 3896 4000 3999
f 3896 3999 3895
f 3897 3981 4000
f 3897 4000 3896
f 3865 3981 3897
f 3910 4001 3912
f 4001 4002 3912
f 3909 4003 3910
f 3910 4003 4001
f 4002 3911 3912
f 3909 4004 4003
f 4002 4005 3911
f 3908 4006 3909
f 3909 4006 4004
f 3908 4007 4006
f 3911 4008 3914
f 4005 4008 3911
f 3908 3936 4007
f 3936 4009 4007
f 3936 3935 4009
f 4008 3913 3914
f 4008 4010 3913
f 3935 4011 4009
f 4010 3916 3913
f 3935 3934 4011
f 4010 4012 3916
f 3934 4013 4011
f 4012 3915 3916
f 4012 4014 3915
f 3934 3933 4013
f 4014 3917 3915
f 4015 4016 3933
f 3933 4016 4013
f 4015 4017 4016
f 4017 4018 4016
f 4014 4019 3917
f 4019 3922 3917
f 4019 4020 3922
f 4021 4022 4023
f 4018 4024 4016
f 4023 4024 4021
f 4016 4024 4023
f 4023 3945 4025
f 4022 3945 4023
f 4026 3940 4027
f 4027 3940 4020
f 4020 3940 3922
f 4025 3942 4026
f 3945 3942 4025
f 4026 3941 3940
f 3942 3941 4026
f 3955 3954 4028
f 4028 4029 4030
f 3954 4029 4028
f 3954 4031 4029
f 3953 4032 3954
f 3954 4032 4031
f 3953 4033 4032
f 3855 3944 3952
f 3944 3943 3952
f 3952 3943 4034
f 3943 3946 4034
f 3946 3947 4034
f 3947 3945 4034
f 3952 4035 3953
f 4033 4035 4034
f 3953 4035 4033
f 4034 4035 3952
f 3960 4036 3968
f 3957 3951 4037
f 3957 4037 4038
f 3957 4038 4036
f 3957 4036 3960
f 3956 3960 3959
f 3956 3957 3960
f 3856 3956 3959
f 4039 4040 4041
f 4042 4043 4039
f 4039 4043 4040
f 4044 4045 4042
f 4042 4045 4043
f 4041 4046 4047
f 4047 4046 4048
f 4040 4046 4041
f 4044 4049 4045
f 4044 4050 4049
f 4048 4051 4052
f 4052 4051 4053
f 4046 4051 4048
f 4044 4054 4050
f 4051 4055 4053
f 4055 4056 4053
f 4044 4057 4054
f 4055 4058 4056
f 4059 4060 4058
f 4058 4060 4056
f 4059 4061 4060
f 4062 4063 4059
f 4064 4063 4065
f 4065 4063 4062
f 4059 4063 4061
f 4064 4066 4063
f 4057 4067 4068
f 4068 4067 4069
f 4044 4067 4057
f 4070 4071 4072
f 4072 4071 4067
f 4066 4073 4063
f 4069 4073 4074
f 4074 4073 4075
f 4075 4073 4066
f 4067 4073 4069
f 4067 4028 4073
f 4073 4028 4076
f 4076 4028 4030
f 4067 3955 4028
f 4071 4077 4067
f 4077 4078 4067
f 4078 4079 4067
f 4067 4079 3955
f 4079 4080 3955
f 4080 4081 3955
f 4081 3951 3955
f 4082 4083 4084
f 4082 4084 4085
f 3961 3963 4086
f 3961 4086 4087
f 3961 4087 4083
f 3961 4083 4082
f 4088 3961 4082
f 3971 3961 4088
f 4089 4088 3974
f 4089 3974 4090
f 4089 4090 4091
f 4089 4091 4092
f 4089 4092 3967
f 4089 3967 3971
f 4089 3971 4088
f 3966 4090 3974
f 3966 4091 4090
f 3966 4092 4091
f 3966 3967 4092
f 3979 3966 3974
f 3958 3966 3979
f 3860 3958 3979
f 3964 4093 4094
f 3964 4094 3962
f 4080 4079 4095
f 4080 4095 4096
f 4080 4096 4093
f 4080 4093 3964
f 4081 3964 3973
f 4081 4080 3964
f 4097 3973 3968
f 4097 4037 3951
f 4097 4038 4037
f 4097 4036 4038
f 4097 3968 4036
f 4097 3951 4081
f 4097 4081 3973
f 4098 4099 3962
f 3962 4099 3963
f 3862 3978 3929
f 3977 4100 3978
f 3929 4100 3928
f 3928 4100 3930
f 3978 4100 3929
f 4100 3931 3930
f 3976 4101 3977
f 3977 4101 4100
f 3976 4102 4101
f 4100 3932 3931
f 3976 4103 4102
f 3976 3975 4103
f 4100 3933 3932
f 4103 4104 4105
f 3975 4104 4103
f 4104 4106 4105
f 4107 4108 4109
f 4110 4109 4111
f 4110 4111 4112
f 4110 4107 4109
f 4113 4114 4108
f 4113 4108 4107
f 4115 4116 4117
f 4115 4112 4116
f 4115 4110 4112
f 4118 4114 4113
f 4119 4117 4120
f 4119 4115 4117
f 4121 4114 4118
f 4122 4119 4120
f 4123 4119 4122
f 4124 4114 4121
f 4125 4126 4123
f 4125 4123 4122
f 4127 4126 4125
f 4128 4129 4126
f 4128 4130 4129
f 4128 4126 4127
f 4131 4130 4128
f 4132 4124 4133
f 4132 4114 4124
f 4134 4135 4136
f 4134 4136 4132
f 4137 4131 4128
f 4137 4133 4138
f 4137 4138 4139
f 4137 4139 4131
f 4137 4132 4133
f 4104 4137 4140
f 4104 4140 4106
f 4104 4132 4137
f 3975 4132 4104
f 4141 4134 4132
f 4142 4141 4132
f 4085 4132 3975
f 4085 4142 4132
f 4082 4085 3975
f 4088 4082 3975
f 3974 4088 3975
f 3980 4143 4144
f 3980 4144 4145
f 3980 4145 4146
f 3980 4146 4147
f 3980 4147 4148
f 3980 4148 3981
f 3982 4143 3980
f 4149 4143 3982
f 3983 4149 3982
f 4150 4149 3983
f 3984 4150 3983
f 4151 4152 3985
f 3986 4151 3985
f 3988 4153 4154
f 3988 4154 3987
f 3990 4155 4156
f 3990 4156 3989
f 4157 4158 4155
f 4159 4157 4155
f 4160 4159 4155
f 4161 4160 4155
f 3991 4155 3990
f 3991 4161 4155
f 4162 4152 4150
f 4162 4150 3984
f 4163 3984 3985
f 4163 3985 4152
f 4163 4162 3984
f 4163 4152 4162
f 4164 4154 4151
f 4164 4151 3986
f 4164 3987 4154
f 4165 3986 3987
f 4165 3987 4164
f 4165 4164 3986
f 4166 4156 4153
f 4166 3989 4156
f 4167 3988 3989
f 4167 4166 4153
f 4167 4153 3988
f 4167 3989 4166
f 4168 4161 3991
f 4168 4160 4161
f 4168 4159 4160
f 4168 4157 4159
f 4168 4158 4157
f 3992 4168 3991
f 4169 4168 3992
f 3993 4169 3992
f 4170 4169 3993
f 3994 4170 3993
f 4171 4172 3995
f 3996 4171 3995
f 3997 4173 3998
f 4174 4173 3997
f 4000 4175 3999
f 4176 4175 4000
f 4145 4144 4176
f 4146 4145 4176
f 4147 4146 4176
f 4148 4147 4176
f 3981 4176 4000
f 3981 4148 4176
f 4177 4172 4170
f 4177 4170 3994
f 4178 3994 3995
f 4178 3995 4172
f 4178 4177 3994
f 4178 4172 4177
f 4179 4173 4171
f 4179 4171 3996
f 4179 3998 4173
f 4180 3996 3998
f 4180 3998 4179
f 4180 4179 3996
f 4181 4175 4174
f 4181 3999 4175
f 4182 3997 3999
f 4182 3999 4181
f 4182 4181 4174
f 4182 4174 3997
f 4183 4020 4019
f 4184 4027 4020
f 4184 4020 4183
f 4026 4027 4184
f 4185 4026 4184
f 4025 4026 4185
f 4186 4025 4185
f 4023 4025 4186
f 4187 4023 4186
f 4016 4023 4187
f 4188 4016 4187
f 4013 4016 4188
f 4189 4013 4188
f 4011 4013 4189
f 4190 4011 4189
f 4009 4011 4190
f 4191 4009 4190
f 4192 4007 4009
f 4192 4009 4191
f 4193 4007 4192
f 4193 4006 4007
f 4194 4004 4006
f 4194 4006 4193
f 4003 4004 4194
f 4195 4001 4003
f 4195 4003 4194
f 4196 4002 4001
f 4196 4001 4195
f 4005 4002 4196
f 4197 4005 4196
f 4008 4005 4197
f 4198 4008 4197
f 4010 4008 4198
f 4199 4010 4198
f 4200 4012 4010
f 4200 4010 4199
f 4201 4012 4200
f 4014 4012 4201
f 4202 4014 4201
f 4203 4019 4014
f 4203 4014 4202
f 4183 4019 4203
f 4017 4101 4204
f 4017 4204 4205
f 4017 4205 4206
f 4017 4206 4018
f 4100 4017 4015
f 4100 4101 4017
f 3933 4100 4015
f 4207 4208 4209
f 4210 4211 4208
f 4210 4208 4207
f 4212 4213 4211
f 4212 4211 4210
f 4214 4215 4213
f 4214 4213 4212
f 4216 4217 4215
f 4216 4215 4214
f 4218 4018 4217
f 4218 4217 4216
f 4024 4018 4218
f 4021 4024 4219
f 4021 4219 4220
f 4021 4220 4221
f 4021 4221 4033
f 4034 4021 4033
f 4022 4021 4034
f 3945 4022 4034
f 4218 4219 4024
f 4032 4221 4220
f 4032 4033 4221
f 4222 4214 4212
f 4223 4214 4222
f 4030 4029 4224
f 4225 4220 4219
f 4225 4218 4216
f 4225 4029 4031
f 4225 4031 4032
f 4225 4219 4218
f 4225 4032 4220
f 4226 4216 4214
f 4226 4223 4227
f 4226 4227 4224
f 4226 4029 4225
f 4226 4225 4216
f 4226 4214 4223
f 4226 4224 4029
f 4228 4229 4062
f 4059 4230 4228
f 4059 4228 4062
f 4231 4230 4059
f 4058 4232 4231
f 4058 4231 4059
f 4055 4233 4232
f 4055 4232 4058
f 4051 4234 4233
f 4051 4233 4055
f 4046 4235 4234
f 4046 4234 4051
f 4040 4236 4235
f 4040 4235 4046
f 4043 4236 4040
f 4237 4236 4043
f 4045 4237 4043
f 4049 4237 4045
f 4238 4237 4049
f 4050 4238 4049
f 4239 4238 4050
f 4054 4240 4239
f 4054 4239 4050
f 4057 4241 4240
f 4057 4240 4054
f 4068 4242 4241
f 4068 4241 4057
f 4069 4242 4068
f 4243 4242 4069
f 4074 4243 4069
f 4244 4243 4074
f 4075 4244 4074
f 4245 4244 4075
f 4066 4245 4075
f 4064 4246 4245
f 4064 4245 4066
f 4065 4246 4064
f 4229 4246 4065
f 4062 4229 4065
f 4076 4030 4224
f 4247 4073 4076
f 4210 4222 4212
f 4207 4248 4210
f 4249 4224 4227
f 4249 4076 4224
f 4250 4251 4247
f 4250 4247 4076
f 4250 4076 4249
f 4252 4223 4222
f 4252 4227 4223
f 4252 4249 4227
f 4252 4222 4210
f 4253 4248 4254
f 4253 4254 4251
f 4253 4250 4249
f 4253 4251 4250
f 4253 4249 4252
f 4253 4210 4248
f 4253 4252 4210
f 4247 4255 4073
f 4073 4255 4063
f 4251 4256 4247
f 4247 4256 4255
f 4254 4257 4251
f 4251 4257 4256
f 4248 4258 4254
f 4254 4258 4257
f 4207 4259 4248
f 4248 4259 4258
f 4260 4261 4262
f 4260 4262 4263
f 4260 4263 4264
f 4260 4264 4265
f 4260 4265 4052
f 4053 4266 4260
f 4053 4260 4052
f 4061 4267 4060
f 4259 4267 4061
f 4258 4259 4061
f 4257 4258 4061
f 4256 4257 4061
f 4255 4256 4061
f 4063 4255 4061
f 4268 4269 4266
f 4268 4056 4269
f 4270 4053 4056
f 4270 4266 4053
f 4270 4056 4268
f 4270 4268 4266
f 4271 4267 4269
f 4271 4056 4060
f 4271 4269 4056
f 4271 4060 4267
f 4265 4272 4052
f 4052 4272 4048
f 4264 4273 4265
f 4265 4273 4272
f 4263 4274 4264
f 4264 4274 4273
f 4262 4275 4263
f 4263 4275 4274
f 4261 4276 4262
f 4262 4276 4275
f 4277 4278 4279
f 4277 4279 4280
f 4277 4280 4281
f 4277 4281 4282
f 4277 4282 4044
f 4042 4283 4277
f 4042 4277 4044
f 4047 4284 4041
f 4276 4284 4047
f 4275 4276 4047
f 4274 4275 4047
f 4273 4274 4047
f 4272 4273 4047
f 4048 4272 4047
f 4285 4286 4283
f 4285 4039 4286
f 4287 4042 4039
f 4287 4283 4042
f 4287 4039 4285
f 4287 4285 4283
f 4288 4284 4286
f 4288 4039 4041
f 4288 4286 4039
f 4288 4041 4284
f 4282 4289 4044
f 4044 4289 4067
f 4281 4290 4282
f 4282 4290 4289
f 4280 4291 4281
f 4281 4291 4290
f 4279 4292 4280
f 4280 4292 4291
f 4278 4293 4279
f 4279 4293 4292
f 4294 4098 4295
f 4294 4295 4296
f 4294 4296 4297
f 4294 4297 4298
f 4294 4298 4078
f 4077 4299 4294
f 4077 4294 4078
f 4072 4300 4070
f 4293 4300 4072
f 4292 4293 4072
f 4291 4292 4072
f 4290 4291 4072
f 4289 4290 4072
f 4067 4289 4072
f 4301 4302 4299
f 4301 4071 4302
f 4303 4077 4071
f 4303 4299 4077
f 4303 4071 4301
f 4303 4301 4299
f 4304 4300 4302
f 4304 4071 4070
f 4304 4302 4071
f 4304 4070 4300
f 4298 4095 4078
f 4078 4095 4079
f 4297 4096 4298
f 4298 4096 4095
f 4296 4093 4297
f 4297 4093 4096
f 4295 4094 4296
f 4296 4094 4093
f 4098 3962 4295
f 4295 3962 4094
f 4084 4305 4085
f 4085 4305 4142
f 4083 4306 4084
f 4084 4306 4305
f 4087 4307 4083
f 4083 4307 4306
f 4086 4308 4087
f 4087 4308 4307
f 3963 4099 4086
f 4086 4099 4308
f 4294 4099 4098
f 4299 4309 4294
f 4294 4309 4099
f 4302 4310 4299
f 4299 4310 4309
f 4300 4311 4302
f 4302 4311 4310
f 4293 4312 4300
f 4300 4312 4311
f 4293 4313 4312
f 4213 4314 4211
f 4105 4106 4315
f 4105 4315 4316
f 4206 4217 4018
f 4101 4102 4204
f 4317 4316 4318
f 4317 4318 4314
f 4317 4314 4213
f 4317 4105 4316
f 4319 4103 4105
f 4319 4213 4215
f 4319 4317 4213
f 4319 4105 4317
f 4320 4215 4217
f 4320 4103 4319
f 4320 4319 4215
f 4321 4205 4204
f 4321 4206 4205
f 4321 4102 4103
f 4321 4103 4320
f 4321 4320 4217
f 4321 4217 4206
f 4321 4204 4102
f 4322 4323 4129
f 4130 4324 4322
f 4130 4322 4129
f 4131 4325 4324
f 4131 4324 4130
f 4139 4326 4325
f 4139 4325 4131
f 4138 4327 4326
f 4138 4326 4139
f 4133 4328 4327
f 4133 4327 4138
f 4124 4329 4328
f 4124 4328 4133
f 4121 4330 4329
f 4121 4329 4124
f 4118 4331 4330
f 4118 4330 4121
f 4332 4331 4118
f 4113 4333 4332
f 4113 4332 4118
f 4334 4333 4113
f 4107 4334 4113
f 4335 4334 4107
f 4110 4336 4335
f 4110 4335 4107
f 4115 4337 4336
f 4115 4336 4110
f 4119 4338 4337
f 4119 4337 4115
f 4123 4339 4338
f 4123 4338 4119
f 4126 4340 4339
f 4126 4339 4123
f 4129 4323 4340
f 4129 4340 4126
f 4120 4117 4341
f 4342 4341 4343
f 4342 4343 4344
f 4342 4344 4345
f 4342 4345 4346
f 4342 4120 4341
f 4127 4125 4347
f 4348 4127 4347
f 4349 4128 4127
f 4349 4127 4348
f 4350 4349 4348
f 4351 4350 4348
f 4352 4351 4348
f 4353 4352 4348
f 4354 4122 4120
f 4354 4355 4122
f 4356 4342 4355
f 4356 4120 4342
f 4356 4355 4354
f 4356 4354 4120
f 4357 4125 4122
f 4358 4355 4347
f 4358 4125 4357
f 4358 4357 4122
f 4358 4122 4355
f 4358 4347 4125
f 4359 4341 4116
f 4116 4341 4117
f 4360 4343 4359
f 4359 4343 4341
f 4361 4344 4360
f 4360 4344 4343
f 4362 4345 4361
f 4361 4345 4344
f 4363 4346 4362
f 4362 4346 4345
f 4108 4114 4364
f 4365 4364 4366
f 4365 4366 4367
f 4365 4367 4368
f 4365 4368 4369
f 4365 4108 4364
f 4112 4111 4370
f 4371 4112 4370
f 4359 4116 4112
f 4359 4112 4371
f 4360 4359 4371
f 4361 4360 4371
f 4362 4361 4371
f 4363 4362 4371
f 4372 4109 4108
f 4372 4373 4109
f 4374 4365 4373
f 4374 4108 4365
f 4374 4373 4372
f 4374 4372 4108
f 4375 4111 4109
f 4376 4373 4370
f 4376 4111 4375
f 4376 4375 4109
f 4376 4109 4373
f 4376 4370 4111
f 4377 4364 4132
f 4132 4364 4114
f 4378 4366 4377
f 4377 4366 4364
f 4379 4367 4378
f 4378 4367 4366
f 4380 4368 4379
f 4379 4368 4367
f 4313 4369 4380
f 4380 4369 4368
f 4141 4142 4305
f 4309 4305 4306
f 4309 4306 4307
f 4309 4307 4308
f 4309 4308 4099
f 4309 4141 4305
f 4136 4135 4311
f 4312 4136 4311
f 4377 4132 4136
f 4377 4136 4312
f 4378 4377 4312
f 4379 4378 4312
f 4380 4379 4312
f 4313 4380 4312
f 4381 4134 4141
f 4381 4310 4134
f 4382 4309 4310
f 4382 4141 4309
f 4382 4310 4381
f 4382 4381 4141
f 4383 4135 4134
f 4384 4310 4311
f 4384 4135 4383
f 4384 4383 4134
f 4384 4134 4310
f 4384 4311 4135
f 4208 4211 4314
f 4385 4209 4208
f 4140 4315 4106
f 4137 4386 4140
f 4387 4314 4318
f 4387 4208 4314
f 4388 4389 4385
f 4388 4385 4208
f 4388 4208 4387
f 4390 4316 4315
f 4390 4318 4316
f 4390 4387 4318
f 4390 4315 4140
f 4391 4386 4392
f 4391 4392 4389
f 4391 4388 4387
f 4391 4390 4140
f 4391 4389 4388
f 4391 4140 4386
f 4391 4387 4390
f 4349 4386 4128
f 4128 4386 4137
f 4350 4392 4349
f 4349 4392 4386
f 4351 4389 4350
f 4350 4389 4392
f 4352 4385 4351
f 4351 4385 4389
f 4353 4209 4352
f 4352 4209 4385
f 4143 4393 4394
f 4143 4394 4144
f 4149 4395 4393
f 4149 4393 4143
f 4150 4396 4395
f 4150 4395 4149
f 4152 4397 4396
f 4152 4396 4150
f 4151 4398 4397
f 4151 4397 4152
f 4154 4399 4398
f 4154 4398 4151
f 4153 4400 4399
f 4153 4399 4154
f 4156 4401 4400
f 4156 4400 4153
f 4155 4402 4401
f 4155 4401 4156
f 4158 4403 4402
f 4158 4402 4155
f 4168 4403 4158
f 4168 4404 4403
f 4169 4405 4404
f 4169 4404 4168
f 4170 4406 4405
f 4170 4405 4169
f 4172 4407 4406
f 4172 4406 4170
f 4171 4408 4407
f 4171 4407 4172
f 4173 4409 4408
f 4173 4408 4171
f 4410 4409 4173
f 4174 4410 4173
f 4411 4410 4174
f 4175 4411 4174
f 4412 4411 4175
f 4176 4412 4175
f 4394 4412 4176
f 4144 4394 4176
f 4413 4183 4414
f 4413 4414 4415
f 4413 4415 4416
f 4413 4416 4417
f 4413 4417 4418
f 4184 4183 4413
f 4419 4184 4413
f 4185 4184 4419
f 4420 4187 4186
f 4420 4186 4421
f 4189 4188 4422
f 4423 4189 4422
f 4191 4190 4424
f 4425 4191 4424
f 4192 4191 4425
f 4426 4192 4425
f 4193 4192 4426
f 4427 4193 4426
f 4428 4427 4426
f 4429 4428 4426
f 4430 4429 4426
f 4431 4430 4426
f 4432 4186 4185
f 4432 4421 4186
f 4433 4419 4421
f 4433 4432 4185
f 4433 4185 4419
f 4433 4421 4432
f 4434 4188 4187
f 4435 4420 4422
f 4435 4434 4187
f 4435 4187 4420
f 4435 4422 4188
f 4435 4188 4434
f 4436 4190 4189
f 4436 4423 4424
f 4436 4189 4423
f 4436 4424 4190
f 4437 4194 4193
f 4437 4430 4431
f 4437 4429 4430
f 4437 4428 4429
f 4437 4427 4428
f 4437 4193 4427
f 4438 4195 4194
f 4438 4194 4437
f 4439 4197 4196
f 4439 4196 4440
f 4199 4198 4441
f 4442 4199 4441
f 4201 4200 4443
f 4444 4201 4443
f 4202 4201 4444
f 4445 4203 4202
f 4445 4202 4444
f 4414 4183 4203
f 4415 4414 4203
f 4416 4415 4203
f 4417 4416 4203
f 4418 4203 4445
f 4418 4417 4203
f 4446 4196 4195
f 4446 4438 4440
f 4446 4195 4438
f 4446 4440 4196
f 4447 4198 4197
f 4448 4439 4441
f 4448 4198 4447
f 4448 4447 4197
f 4448 4197 4439
f 4448 4441 4198
f 4449 4200 4199
f 4449 4442 4443
f 4449 4199 4442
f 4449 4443 4200
f 4259 4207 4353
f 4207 4209 4353
f 4332 4237 4238
f 4332 4238 4331
f 4333 4237 4332
f 4334 4236 4237
f 4334 4237 4333
f 4335 4235 4236
f 4335 4236 4334
f 4336 4234 4235
f 4336 4235 4335
f 4337 4233 4234
f 4337 4234 4336
f 4338 4232 4233
f 4338 4233 4337
f 4339 4231 4232
f 4339 4232 4338
f 4340 4230 4231
f 4340 4228 4230
f 4340 4231 4339
f 4323 4229 4228
f 4323 4228 4340
f 4322 4229 4323
f 4322 4246 4229
f 4324 4245 4246
f 4324 4246 4322
f 4325 4244 4245
f 4325 4245 4324
f 4326 4243 4244
f 4326 4244 4325
f 4327 4242 4243
f 4327 4243 4326
f 4328 4241 4242
f 4328 4242 4327
f 4329 4240 4241
f 4329 4241 4328
f 4330 4239 4240
f 4330 4240 4329
f 4331 4238 4239
f 4331 4239 4330
f 4260 4346 4261
f 4266 4342 4260
f 4260 4342 4346
f 4269 4355 4266
f 4266 4355 4342
f 4267 4347 4269
f 4269 4347 4355
f 4259 4348 4267
f 4267 4348 4347
f 4259 4353 4348
f 4277 4369 4278
f 4283 4365 4277
f 4277 4365 4369
f 4286 4373 4283
f 4283 4373 4365
f 4284 4370 4286
f 4286 4370 4373
f 4276 4371 4284
f 4284 4371 4370
f 4276 4363 4371
f 4369 4293 4278
f 4313 4293 4369
f 4450 4451 4452
f 4450 4452 4453
f 4450 4453 4454
f 4450 4454 4455
f 4450 4455 4394
f 4393 4450 4394
f 4456 4450 4393
f 4395 4456 4393
f 4457 4456 4395
f 4396 4457 4395
f 4458 4457 4396
f 4398 4459 4460
f 4398 4460 4397
f 4461 4462 4399
f 4400 4461 4399
f 4463 4464 4401
f 4402 4463 4401
f 4465 4463 4402
f 4466 4465 4402
f 4467 4466 4402
f 4468 4467 4402
f 4469 4468 4402
f 4403 4469 4402
f 4470 4460 4458
f 4470 4396 4397
f 4470 4458 4396
f 4470 4397 4460
f 4471 4462 4459
f 4472 4398 4399
f 4472 4459 4398
f 4472 4399 4462
f 4472 4471 4459
f 4472 4462 4471
f 4473 4464 4461
f 4473 4400 4401
f 4473 4461 4400
f 4473 4401 4464
f 4474 4469 4403
f 4474 4468 4469
f 4474 4467 4468
f 4474 4466 4467
f 4474 4465 4466
f 4404 4474 4403
f 4475 4474 4404
f 4405 4475 4404
f 4476 4475 4405
f 4406 4477 4476
f 4406 4476 4405
f 4478 4479 4407
f 4408 4478 4407
f 4410 4480 4409
f 4481 4480 4410
f 4412 4482 4411
f 4483 4482 4412
f 4452 4451 4483
f 4453 4452 4483
f 4454 4453 4483
f 4455 4454 4483
f 4394 4483 4412
f 4394 4455 4483
f 4484 4479 4477
f 4484 4477 4406
f 4485 4406 4407
f 4485 4407 4479
f 4485 4484 4406
f 4485 4479 4484
f 4486 4480 4478
f 4486 4478 4408
f 4487 4408 4409
f 4487 4486 4408
f 4487 4480 4486
f 4487 4409 4480
f 4488 4482 4481
f 4488 4411 4482
f 4489 4410 4411
f 4489 4411 4488
f 4489 4488 4481
f 4489 4481 4410
f 4413 4418 4490
f 4491 4413 4490
f 4419 4413 4491
f 4492 4419 4491
f 4421 4419 4492
f 4493 4421 4492
f 4420 4421 4493
f 4494 4420 4493
f 4495 4422 4420
f 4495 4420 4494
f 4496 4423 4422
f 4496 4422 4495
f 4497 4424 4423
f 4497 4423 4496
f 4498 4425 4424
f 4498 4424 4497
f 4499 4426 4425
f 4499 4425 4498
f 4500 4431 4426
f 4500 4426 4499
f 4437 4431 4500
f 4501 4437 4500
f 4502 4438 4437
f 4502 4437 4501
f 4503 4440 4438
f 4503 4438 4502
f 4504 4439 4440
f 4504 4440 4503
f 4505 4441 4439
f 4505 4439 4504
f 4506 4442 4441
f 4506 4441 4505
f 4507 4443 4442
f 4507 4442 4506
f 4508 4444 4443
f 4508 4443 4507
f 4509 4445 4444
f 4509 4444 4508
f 4490 4418 4445
f 4490 4445 4509
f 4346 4276 4261
f 4363 4276 4346
f 4451 4510 4511
f 4450 4510 4451
f 4456 4512 4510
f 4456 4510 4450
f 4457 4513 4512
f 4457 4512 4456
f 4458 4514 4513
f 4458 4513 4457
f 4460 4515 4514
f 4460 4514 4458
f 4459 4516 4515
f 4459 4515 4460
f 4462 4517 4516
f 4462 4516 4459
f 4461 4518 4517
f 4461 4517 4462
f 4464 4519 4518
f 4464 4518 4461
f 4463 4520 4519
f 4463 4519 4464
f 4465 4521 4520
f 4465 4520 4463
f 4474 4521 4465
f 4474 4522 4521
f 4475 4523 4522
f 4475 4522 4474
f 4476 4524 4523
f 4476 4523 4475
f 4477 4524 4476
f 4479 4525 4524
f 4479 4524 4477
f 4478 4526 4525
f 4478 4525 4479
f 4480 4527 4528
f 4480 4528 4526
f 4480 4526 4478
f 4481 4529 4527
f 4481 4527 4480
f 4482 4530 4529
f 4482 4529 4481
f 4483 4511 4530
f 4483 4530 4482
f 4451 4511 4483
f 4522 4490 4531
f 4522 4531 4532
f 4522 4532 4533
f 4522 4533 4534
f 4522 4534 4521
f 4491 4490 4522
f 4523 4491 4522
f 4524 4492 4491
f 4524 4491 4523
f 4526 4494 4493
f 4526 4493 4525
f 4527 4496 4495
f 4527 4495 4528
f 4498 4497 4529
f 4530 4498 4529
f 4499 4498 4530
f 4535 4500 4499
f 4536 4535 4499
f 4537 4536 4499
f 4538 4537 4499
f 4511 4499 4530
f 4511 4538 4499
f 4539 4493 4492
f 4539 4525 4493
f 4540 4524 4525
f 4540 4539 4492
f 4540 4492 4524
f 4540 4525 4539
f 4541 4495 4494
f 4541 4528 4495
f 4542 4526 4528
f 4542 4541 4494
f 4542 4528 4541
f 4542 4494 4526
f 4543 4497 4496
f 4543 4529 4497
f 4544 4527 4529
f 4544 4529 4543
f 4544 4543 4496
f 4544 4496 4527
f 4510 4538 4511
f 4510 4537 4538
f 4510 4536 4537
f 4510 4535 4536
f 4510 4500 4535
f 4501 4500 4510
f 4512 4501 4510
f 4513 4501 4512
f 4502 4501 4513
f 4514 4502 4513
f 4516 4504 4503
f 4516 4503 4515
f 4518 4505 4517
f 4506 4505 4518
f 4508 4507 4519
f 4520 4508 4519
f 4509 4508 4520
f 4531 4490 4509
f 4532 4531 4509
f 4533 4532 4509
f 4534 4533 4509
f 4521 4509 4520
f 4521 4534 4509
f 4545 4503 4502
f 4545 4502 4514
f 4546 4514 4515
f 4546 4515 4503
f 4546 4503 4545
f 4546 4545 4514
f 4547 4505 4504
f 4547 4517 4505
f 4548 4516 4517
f 4548 4504 4516
f 4548 4547 4504
f 4548 4517 4547
f 4549 4507 4506
f 4549 4519 4507
f 4550 4518 4519
f 4550 4519 4549
f 4550 4506 4518
f 4550 4549 4506
f 4551 4552 4553
f 4554 4555 4551
f 4551 4555 4552
f 4556 4557 4554
f 4554 4557 4555
f 4558 4559 4556
f 4556 4559 4557
f 4560 4561 4558
f 4558 4561 4559
f 4562 4563 4560
f 4560 4563 4561
f 4564 4565 4562
f 4562 4565 4563
f 4566 4567 4564
f 4564 4567 4565
f 4568 4569 4566
f 4566 4569 4567
f 4568 4570 4569
f 4571 4572 4573
f 4574 4571 4573
f 4551 4553 4571
f 4575 4574 4576
f 4556 4554 4551
f 4556 4551 4571
f 4577 4575 4578
f 4560 4558 4556
f 4560 4556 4571
f 4566 4577 4568
f 4566 4571 4574
f 4566 4574 4575
f 4566 4575 4577
f 4566 4560 4571
f 4562 4560 4566
f 4564 4562 4566
f 4555 4579 4552
f 4557 4580 4555
f 4555 4580 4579
f 4557 4581 4580
f 4559 4582 4557
f 4557 4582 4581
f 4561 4583 4559
f 4563 4583 4561
f 4559 4583 4582
f 4565 4584 4563
f 4563 4584 4583
f 4565 4585 4584
f 4567 4586 4565
f 4565 4586 4585
f 4569 4587 4567
f 4567 4587 4586
f 4570 4588 4569
f 4569 4588 4587
f 4577 4570 4568
f 4578 4589 4577
f 4577 4589 4570
f 4575 4590 4578
f 4578 4590 4589
f 4576 4591 4575
f 4575 4591 4590
f 4574 4592 4576
f 4576 4592 4591
f 4573 4593 4574
f 4574 4593 4592
f 4572 4594 4573
f 4573 4594 4593
f 4571 4595 4572
f 4572 4595 4594
f 4571 4596 4595
f 4553 4597 4571
f 4571 4597 4596
f 4553 4552 4597
f 4570 4598 4588
f 4589 4598 4570
f 4590 4599 4589
f 4591 4599 4590
f 4589 4599 4598
f 4592 4600 4591
f 4591 4600 4599
f 4593 4601 4592
f 4592 4601 4600
f 4594 4602 4593
f 4593 4602 4601
f 4595 4603 4594
f 4594 4603 4602
f 4596 4604 4595
f 4595 4604 4603
f 4597 4605 4596
f 4596 4605 4604
f 4552 4579 4597
f 4597 4579 4605
f 4603 4606 4607
f 4604 4608 4606
f 4604 4606 4603
f 4602 4607 4609
f 4602 4603 4607
f 4605 4610 4608
f 4605 4608 4604
f 4579 4611 4610
f 4579 4610 4605
f 4601 4609 4612
f 4601 4602 4609
f 4580 4613 4611
f 4580 4611 4579
f 4600 4601 4612
f 4614 4600 4612
f 4581 4613 4580
f 4599 4600 4614
f 4615 4613 4581
f 4582 4615 4581
f 4616 4598 4599
f 4616 4599 4614
f 4617 4582 4583
f 4617 4615 4582
f 4618 4588 4598
f 4618 4598 4616
f 4619 4587 4588
f 4619 4588 4618
f 4620 4583 4584
f 4620 4617 4583
f 4621 4586 4587
f 4621 4587 4619
f 4622 4620 4584
f 4622 4584 4585
f 4623 4622 4585
f 4623 4585 4586
f 4623 4586 4621
f 4608 4610 4624
f 4608 4624 4625
f 4626 4607 4606
f 4627 4628 4629
f 4630 4614 4612
f 4631 4632 4633
f 4634 4625 4635
f 4634 4635 4636
f 4634 4636 4637
f 4634 4608 4625
f 4638 4606 4608
f 4638 4637 4628
f 4638 4608 4634
f 4638 4634 4637
f 4639 4638 4628
f 4639 4628 4627
f 4639 4627 4626
f 4639 4606 4638
f 4639 4626 4606
f 4640 4627 4629
f 4640 4626 4627
f 4640 4607 4626
f 4641 4609 4607
f 4641 4629 4642
f 4641 4607 4640
f 4641 4640 4629
f 4643 4609 4641
f 4643 4641 4642
f 4644 4612 4609
f 4644 4642 4632
f 4644 4609 4643
f 4644 4643 4642
f 4645 4632 4631
f 4645 4631 4630
f 4645 4644 4632
f 4645 4630 4612
f 4645 4612 4644
f 4646 4631 4633
f 4646 4630 4631
f 4646 4614 4630
f 4647 4616 4614
f 4647 4633 4648
f 4647 4646 4633
f 4647 4614 4646
f 4649 4616 4647
f 4649 4647 4648
f 4650 4618 4616
f 4650 4648 4651
f 4650 4649 4648
f 4650 4616 4649
f 4652 4651 4653
f 4652 4618 4650
f 4652 4650 4651
f 4654 4618 4652
f 4654 4652 4653
f 4655 4656 4657
f 4655 4657 4658
f 4655 4658 4659
f 4655 4659 4619
f 4655 4654 4653
f 4655 4619 4618
f 4655 4653 4656
f 4655 4618 4654
f 4621 4659 4658
f 4621 4619 4659
f 4660 4622 4623
f 4661 4662 4663
f 4664 4615 4617
f 4665 4666 4667
f 4668 4657 4656
f 4668 4658 4657
f 4668 4656 4669
f 4668 4621 4658
f 4670 4623 4621
f 4670 4669 4662
f 4670 4621 4668
f 4670 4668 4669
f 4671 4670 4662
f 4671 4660 4623
f 4671 4662 4661
f 4671 4661 4660
f 4671 4623 4670
f 4672 4622 4660
f 4672 4661 4663
f 4672 4660 4661
f 4673 4620 4622
f 4673 4663 4674
f 4673 4672 4663
f 4673 4622 4672
f 4675 4620 4673
f 4675 4673 4674
f 4676 4617 4620
f 4676 4674 4666
f 4676 4675 4674
f 4676 4620 4675
f 4677 4617 4676
f 4677 4664 4617
f 4677 4666 4665
f 4677 4665 4664
f 4677 4676 4666
f 4678 4665 4667
f 4678 4664 4665
f 4678 4615 4664
f 4679 4613 4615
f 4679 4667 4680
f 4679 4678 4667
f 4679 4615 4678
f 4681 4613 4679
f 4681 4679 4680
f 4682 4611 4613
f 4682 4680 4683
f 4682 4681 4680
f 4682 4613 4681
f 4684 4683 4685
f 4684 4611 4682
f 4684 4682 4683
f 4686 4611 4684
f 4686 4684 4685
f 4687 4686 4685
f 4687 4610 4611
f 4687 4685 4636
f 4687 4624 4610
f 4687 4625 4624
f 4687 4635 4625
f 4687 4636 4635
f 4687 4611 4686
f 4637 4636 4688
f 4689 4690 4691
f 4689 4691 4692
f 4693 4656 4653
f 4694 4653 4651
f 4694 4693 4653
f 4695 4696 4697
f 4698 4696 4695
f 4699 4628 4637
f 4699 4629 4628
f 4699 4642 4629
f 4699 4688 4690
f 4699 4637 4688
f 4700 4689 4701
f 4700 4701 4702
f 4700 4702 4703
f 4700 4690 4689
f 4700 4699 4690
f 4704 4632 4642
f 4704 4633 4632
f 4704 4648 4633
f 4704 4651 4648
f 4704 4642 4699
f 4704 4694 4651
f 4705 4696 4694
f 4705 4703 4706
f 4705 4706 4707
f 4705 4707 4708
f 4705 4708 4697
f 4705 4700 4703
f 4705 4704 4699
f 4705 4699 4700
f 4705 4694 4704
f 4705 4697 4696
f 4669 4693 4694
f 4669 4656 4693
f 4709 4696 4698
f 4688 4685 4683
f 4688 4636 4685
f 4710 4690 4711
f 4691 4690 4710
f 4692 4691 4710
f 4712 4662 4669
f 4712 4663 4662
f 4712 4674 4663
f 4712 4669 4694
f 4713 4694 4696
f 4713 4709 4714
f 4713 4714 4715
f 4713 4715 4716
f 4713 4696 4709
f 4713 4712 4694
f 4717 4666 4674
f 4717 4667 4666
f 4717 4680 4667
f 4717 4683 4680
f 4717 4690 4688
f 4717 4674 4712
f 4717 4688 4683
f 4718 4716 4719
f 4718 4719 4720
f 4718 4720 4721
f 4718 4721 4711
f 4718 4690 4717
f 4718 4717 4712
f 4718 4713 4716
f 4718 4712 4713
f 4718 4711 4690
f 4722 4708 4707
f 4706 4722 4707
f 4723 4697 4708
f 4723 4695 4697
f 4723 4698 4695
f 4723 4708 4722
f 4703 4722 4706
f 4709 4698 4723
f 4724 4703 4702
f 4724 4722 4703
f 4701 4724 4702
f 4725 4714 4709
f 4725 4709 4723
f 4715 4714 4725
f 4689 4724 4701
f 4716 4715 4725
f 4726 4724 4689
f 4692 4726 4689
f 4710 4726 4692
f 4711 4726 4710
f 4727 4719 4716
f 4727 4716 4725
f 4721 4727 4726
f 4721 4726 4711
f 4720 4719 4727
f 4720 4727 4721
f 4723 4722 4728
f 4728 4722 4729
f 4722 4724 4729
f 4729 4724 4730
f 4730 4724 4731
f 4724 4726 4731
f 4726 4727 4731
f 4731 4727 4732
f 4727 4725 4732
f 4732 4725 4733
f 4733 4725 4728
f 4725 4723 4728
f 4733 4728 4729
f 4732 4729 4730
f 4732 4730 4731
f 4732 4733 4729
f 4734 4735 4736
f 4737 4738 4739
f 4737 4739 4735
f 4737 4735 4734
f 4740 4741 4738
f 4740 4738 4737
f 4742 4743 4741
f 4742 4741 4740
f 4744 4745 4743
f 4744 4743 4742
f 4746 4747 4745
f 4746 4745 4744
f 4748 4749 4747
f 4748 4747 4746
f 4750 4751 4749
f 4750 4749 4748
f 4752 4751 4750
f 4753 4754 4751
f 4753 4751 4752
f 4755 4754 4753
f 4756 4748 4757
f 4758 4750 4756
f 4756 4750 4748
f 4758 4752 4750
f 4757 4746 4759
f 4748 4746 4757
f 4760 4753 4758
f 4758 4753 4752
f 4761 4755 4760
f 4760 4755 4753
f 4759 4744 4762
f 4746 4744 4759
f 4763 4764 4765
f 4765 4764 4761
f 4761 4764 4755
f 4744 4742 4762
f 4742 4766 4762
f 4763 4767 4764
f 4742 4740 4766
f 4763 4768 4767
f 4768 4769 4767
f 4737 4770 4740
f 4740 4770 4766
f 4737 4771 4770
f 4769 4772 4773
f 4768 4772 4769
f 4734 4774 4737
f 4737 4774 4771
f 4734 4775 4774
f 4776 4775 4734
f 4772 4777 4773
f 4773 4777 4778
f 4776 4779 4775
f 4780 4779 4776
f 4777 4781 4778
f 4778 4781 4782
f 4780 4783 4779
f 4782 4783 4780
f 4781 4783 4782
f 4736 4784 4785
f 4735 4786 4784
f 4735 4784 4736
f 4739 4787 4786
f 4739 4786 4735
f 4738 4788 4787
f 4738 4787 4739
f 4741 4789 4788
f 4741 4788 4738
f 4743 4790 4789
f 4743 4789 4741
f 4745 4791 4790
f 4745 4790 4743
f 4747 4792 4791
f 4747 4791 4745
f 4749 4793 4792
f 4749 4792 4747
f 4751 4794 4793
f 4751 4793 4749
f 4754 4794 4751
f 4755 4795 4754
f 4764 4796 4795
f 4764 4795 4755
f 4767 4797 4796
f 4767 4796 4764
f 4769 4798 4797
f 4769 4797 4767
f 4773 4799 4798
f 4773 4798 4769
f 4778 4800 4799
f 4778 4799 4773
f 4782 4801 4800
f 4782 4800 4778
f 4780 4802 4801
f 4780 4801 4782
f 4776 4736 4802
f 4776 4802 4780
f 4734 4736 4776
f 4760 4803 4804
f 4760 4805 4803
f 4804 4806 4807
f 4807 4806 4808
f 4803 4806 4804
f 4806 4809 4808
f 4760 4810 4805
f 4805 4810 4811
f 4811 4810 4812
f 4812 4813 4811
f 4813 4814 4815
f 4812 4814 4813
f 4814 4816 4815
f 4760 4758 4810
f 4810 4758 4817
f 4758 4818 4817
f 4758 4819 4818
f 4818 4820 4817
f 4758 4821 4819
f 4820 4822 4823
f 4818 4822 4820
f 4822 4824 4823
f 4758 4825 4821
f 4758 4826 4825
f 4825 4827 4821
f 4827 4828 4829
f 4825 4828 4827
f 4828 4830 4829
f 4826 4831 4832
f 4832 4831 4833
f 4833 4834 4832
f 4826 4756 4831
f 4758 4756 4826
f 4756 4835 4831
f 4834 4836 4837
f 4837 4836 4838
f 4833 4839 4834
f 4834 4839 4836
f 4839 4840 4836
f 4756 4841 4835
f 4756 4842 4841
f 4841 4843 4835
f 4843 4844 4845
f 4845 4844 4846
f 4841 4847 4843
f 4843 4847 4844
f 4847 4848 4844
f 4842 4849 4850
f 4756 4851 4842
f 4842 4851 4849
f 4852 4853 4854
f 4854 4853 4855
f 4852 4856 4853
f 4850 4856 4852
f 4849 4856 4850
f 4856 4857 4853
f 4756 4757 4851
f 4851 4858 4859
f 4757 4860 4851
f 4851 4860 4858
f 4757 4861 4860
f 4862 4863 4864
f 4858 4865 4859
f 4862 4865 4863
f 4859 4865 4862
f 4865 4866 4863
f 4757 4867 4861
f 4757 4868 4867
f 4869 4870 4871
f 4867 4872 4861
f 4869 4872 4870
f 4861 4872 4869
f 4872 4873 4870
f 4868 4874 4875
f 4757 4876 4868
f 4868 4876 4874
f 4877 4878 4879
f 4874 4880 4875
f 4877 4880 4878
f 4875 4880 4877
f 4880 4881 4878
f 4757 4759 4876
f 4876 4759 4882
f 4759 4883 4882
f 4759 4884 4883
f 4759 4885 4884
f 4886 4887 4888
f 4883 4889 4882
f 4886 4889 4887
f 4882 4889 4886
f 4889 4890 4887
f 4759 4891 4885
f 4759 4892 4891
f 4891 4893 4885
f 4893 4894 4895
f 4891 4896 4893
f 4893 4896 4894
f 4896 4897 4894
f 4898 4899 4900
f 4892 4899 4898
f 4900 4901 4898
f 4892 4762 4899
f 4759 4762 4892
f 4762 4902 4899
f 4901 4903 4904
f 4901 4905 4903
f 4900 4905 4901
f 4905 4906 4903
f 4762 4907 4902
f 4762 4908 4907
f 4907 4909 4902
f 4909 4910 4911
f 4909 4912 4910
f 4907 4912 4909
f 4912 4913 4910
f 4908 4914 4915
f 4762 4914 4908
f 4915 4914 4916
f 4916 4917 4915
f 4917 4918 4919
f 4916 4920 4917
f 4917 4920 4918
f 4920 4921 4918
f 4762 4766 4914
f 4914 4922 4923
f 4766 4922 4914
f 4766 4924 4922
f 4766 4925 4924
f 4926 4927 4928
f 4923 4929 4926
f 4922 4929 4923
f 4926 4929 4927
f 4929 4930 4927
f 4766 4931 4925
f 4931 4932 4925
f 4766 4933 4931
f 4932 4934 4925
f 4934 4935 4936
f 4932 4937 4934
f 4934 4937 4935
f 4937 4938 4935
f 4766 4770 4933
f 4933 4939 4940
f 4770 4939 4933
f 4939 4941 4940
f 4770 4942 4939
f 4770 4943 4942
f 4944 4945 4946
f 4940 4947 4944
f 4941 4947 4940
f 4944 4947 4945
f 4947 4948 4945
f 4949 4950 4770
f 4770 4950 4943
f 4770 4951 4949
f 4952 4953 4954
f 4950 4955 4943
f 4952 4955 4953
f 4943 4955 4952
f 4955 4956 4953
f 4770 4771 4951
f 4951 4957 4958
f 4771 4957 4951
f 4957 4959 4958
f 4771 4960 4957
f 4771 4961 4960
f 4962 4963 4964
f 4959 4965 4958
f 4962 4965 4963
f 4958 4965 4962
f 4965 4966 4963
f 4771 4967 4961
f 4771 4968 4967
f 4771 4774 4968
f 4774 4969 4968
f 4970 4971 4972
f 4967 4973 4961
f 4970 4973 4971
f 4961 4973 4970
f 4973 4974 4971
f 4774 4975 4969
f 4774 4976 4975
f 4977 4978 4979
f 4774 4775 4976
f 4976 4775 4980
f 4975 4981 4969
f 4977 4981 4978
f 4969 4981 4977
f 4981 4982 4978
f 4775 4983 4980
f 4980 4983 4984
f 4984 4985 4986
f 4983 4987 4984
f 4984 4987 4985
f 4987 4988 4985
f 4775 4989 4990
f 4990 4983 4775
f 4775 4991 4989
f 4989 4991 4992
f 4775 4993 4991
f 4991 4994 4992
f 4994 4995 4996
f 4991 4997 4994
f 4994 4997 4995
f 4997 4998 4995
f 4993 4999 5000
f 4775 4779 4993
f 4993 5001 4999
f 4779 5001 4993
f 4999 5002 5000
f 4779 5003 5001
f 5002 5004 5005
f 4999 5006 5002
f 5002 5006 5004
f 5006 5007 5004
f 4779 5008 5003
f 5009 5008 4779
f 4779 5010 5009
f 5008 5011 5003
f 5011 5012 5013
f 5008 5014 5011
f 5011 5014 5012
f 5014 5015 5012
f 4779 5016 5010
f 5010 5017 5018
f 5016 5017 5010
f 5017 5019 5018
f 5019 5020 5021
f 5017 5022 5019
f 5019 5022 5020
f 5022 5023 5020
f 5016 4783 5024
f 4779 4783 5016
f 5024 5025 5026
f 4783 5027 5024
f 5024 5027 5025
f 5025 5028 5026
f 4783 5029 5027
f 5028 5030 5031
f 5025 5032 5028
f 5028 5032 5030
f 5032 5033 5030
f 5029 5034 5035
f 4783 5034 5029
f 4783 5036 5034
f 5037 5038 5039
f 5037 5040 5038
f 5035 5040 5037
f 5034 5040 5035
f 5040 5041 5038
f 5042 5043 5044
f 4783 5045 5036
f 5042 5045 5043
f 5036 5045 5042
f 4783 4781 5045
f 5045 4781 5046
f 5047 5048 5049
f 5043 5050 5044
f 5047 5050 5048
f 5044 5050 5047
f 5050 5051 5048
f 4781 5052 5046
f 4781 5053 5052
f 4781 5054 5053
f 5055 5056 5057
f 5052 5058 5046
f 5055 5058 5056
f 5046 5058 5055
f 5058 5059 5056
f 4781 5060 5054
f 4781 5061 5060
f 5062 5063 5064
f 5060 5065 5054
f 5062 5065 5063
f 5054 5065 5062
f 5065 5066 5063
f 5061 5067 5068
f 4781 4777 5061
f 5061 5069 5067
f 4777 5069 5061
f 4777 5070 5069
f 5071 5072 5073
f 5067 5074 5068
f 5071 5074 5072
f 5068 5074 5071
f 5074 5075 5072
f 4777 5076 5070
f 4777 5077 5076
f 5078 5079 5080
f 5076 5081 5070
f 5078 5081 5079
f 5070 5081 5078
f 5081 5082 5079
f 5077 5083 5084
f 4777 5083 5077
f 5084 5083 5085
f 5085 5086 5084
f 5086 5087 5088
f 5086 5089 5087
f 5085 5089 5086
f 5089 5090 5087
f 4777 4772 5083
f 5083 4772 5091
f 4772 5092 5091
f 4772 5093 5092
f 5092 5094 5091
f 4772 5095 5093
f 5094 5096 5097
f 5094 5098 5096
f 5092 5098 5094
f 5098 5099 5096
f 4772 5100 5095
f 4772 5101 5100
f 5100 5102 5095
f 5102 5103 5104
f 5100 5105 5102
f 5102 5105 5103
f 5105 5106 5103
f 5101 5107 5108
f 5108 5107 5109
f 5101 4768 5107
f 4772 4768 5101
f 5109 5110 5108
f 4768 5111 5107
f 5110 5112 5113
f 5109 5114 5110
f 5110 5114 5112
f 5114 5115 5112
f 4768 5116 5111
f 4768 5117 5116
f 5116 5118 5111
f 5118 5119 5120
f 5116 5121 5118
f 5118 5121 5119
f 5121 5122 5119
f 5122 5123 5119
f 5117 5124 5125
f 4768 5124 5117
f 5125 5124 5126
f 5126 5127 5125
f 5127 5128 5129
f 5126 5130 5127
f 5127 5130 5128
f 5124 4763 5131
f 4768 4763 5124
f 5130 5132 5128
f 5132 5133 5128
f 4763 5134 5131
f 4763 5135 5134
f 4763 5136 5135
f 5137 5138 5139
f 5134 5140 5131
f 5137 5140 5138
f 5131 5140 5137
f 5140 5141 5138
f 5141 5142 5138
f 4763 5143 5136
f 4763 5144 5143
f 5145 5146 5147
f 4763 4765 5144
f 5144 4765 5148
f 5143 5149 5136
f 5145 5149 5146
f 5136 5149 5145
f 5149 5150 5146
f 4765 5151 5148
f 4765 5152 5151
f 4765 5153 5152
f 5151 5154 5148
f 5148 5154 5155
f 5154 5156 5155
f 5155 5156 5157
f 4761 5158 4765
f 4765 5158 5153
f 4761 5159 5158
f 4761 5160 5159
f 5158 5161 5153
f 5153 5161 5162
f 5161 5163 5162
f 5162 5163 5164
f 4761 5165 5160
f 4760 5166 4761
f 4761 5166 5165
f 4760 5167 5166
f 5165 5168 5160
f 5160 5168 5169
f 5168 5170 5169
f 5169 5170 5171
f 4760 4804 5167
f 4754 5172 4794
f 4795 5173 5172
f 4795 5172 4754
f 4796 5174 5173
f 4796 5173 4795
f 4797 5175 5174
f 4797 5174 4796
f 4798 5176 5175
f 4798 5175 4797
f 4799 5177 5176
f 4799 5176 4798
f 4800 5178 5177
f 4800 5177 4799
f 4801 5179 5178
f 4801 5178 4800
f 4802 4785 5179
f 4802 5179 4801
f 4736 4785 4802
f 4793 4794 5180
f 5181 4793 5180
f 4792 4793 5181
f 5182 4792 5181
f 4791 4792 5182
f 5183 4790 4791
f 5183 4791 5182
f 5184 4789 4790
f 5184 4790 5183
f 5185 4788 4789
f 5185 4789 5184
f 5186 4787 4788
f 5186 4788 5185
f 5187 4786 4787
f 5187 4787 5186
f 5188 4784 4786
f 5188 4786 5187
f 5189 4785 4784
f 5189 4784 5188
f 5190 4785 5189
f 4983 4990 5191
f 4987 5191 5192
f 4987 4983 5191
f 4985 5193 4986
f 5194 5193 4985
f 4988 5194 4985
f 4978 5195 4979
f 5196 5195 4978
f 4982 5196 4978
f 4971 5197 4972
f 5198 5197 4971
f 4974 5198 4971
f 4963 5199 5200
f 4963 5200 4964
f 4966 5199 4963
f 4953 5201 5202
f 4953 5202 4954
f 4956 5201 4953
f 4945 5203 5204
f 4945 5204 4946
f 4948 5203 4945
f 4935 4938 5205
f 4935 5205 5206
f 4936 4935 5206
f 4927 4930 5207
f 4927 5207 5208
f 4928 4927 5208
f 4918 4921 5209
f 4918 5209 5210
f 4919 4918 5210
f 4910 4913 5211
f 4910 5211 5212
f 4911 4910 5212
f 4903 4906 5213
f 4903 5213 5214
f 4904 4903 5214
f 4894 4897 5215
f 5216 4894 5215
f 4895 4894 5216
f 4887 4890 5217
f 4887 5217 5218
f 4888 4887 5218
f 4878 4881 5219
f 4878 5219 5220
f 4879 4878 5220
f 4870 4873 5221
f 4870 5221 5222
f 4871 4870 5222
f 4863 4866 5223
f 5224 4863 5223
f 4864 4863 5224
f 4853 4857 5225
f 5226 4853 5225
f 4855 4853 5226
f 4844 4848 5227
f 5228 4844 5227
f 4846 4844 5228
f 4836 4840 5229
f 5230 4836 5229
f 4838 4836 5230
f 4829 4830 5231
f 4823 4824 5232
f 4815 4816 5233
f 4808 4809 5234
f 5171 5170 5235
f 5164 5163 5236
f 5157 5156 5237
f 5238 5146 5150
f 5239 5147 5146
f 5239 5146 5238
f 5240 5138 5142
f 5241 5139 5138
f 5241 5138 5240
f 5242 5129 5128
f 5243 5128 5133
f 5243 5242 5128
f 5244 5120 5119
f 5245 5119 5123
f 5245 5244 5119
f 5246 5113 5112
f 5247 5112 5115
f 5247 5246 5112
f 5248 5104 5103
f 5249 5248 5103
f 5106 5249 5103
f 5250 5097 5096
f 5251 5250 5096
f 5099 5251 5096
f 5252 5088 5087
f 5253 5252 5087
f 5090 5253 5087
f 5254 5080 5079
f 5255 5254 5079
f 5082 5255 5079
f 5256 5073 5072
f 5257 5256 5072
f 5075 5257 5072
f 5258 5064 5063
f 5259 5258 5063
f 5066 5259 5063
f 5260 5057 5056
f 5261 5260 5056
f 5059 5261 5056
f 5048 5262 5049
f 5263 5262 5048
f 5051 5263 5048
f 5038 5264 5039
f 5265 5264 5038
f 5041 5265 5038
f 5030 5266 5031
f 5267 5266 5030
f 5033 5267 5030
f 5020 5268 5021
f 5269 5268 5020
f 5023 5269 5020
f 5012 5270 5013
f 5271 5270 5012
f 5015 5271 5012
f 5004 5272 5005
f 5273 5272 5004
f 5007 5273 5004
f 4995 5274 4996
f 5275 5274 4995
f 4998 5275 4995
f 5179 4785 5190
f 5276 5179 5190
f 5178 5179 5276
f 5277 5178 5276
f 5177 5178 5277
f 5278 5177 5277
f 5176 5177 5278
f 5279 5176 5278
f 5175 5176 5279
f 5280 5175 5279
f 5174 5175 5280
f 5281 5174 5280
f 5173 5174 5281
f 5282 5172 5173
f 5282 5173 5281
f 5283 4794 5172
f 5283 5172 5282
f 5180 4794 5283
f 5182 5284 5285
f 5183 5285 5286
f 5183 5182 5285
f 5181 5287 5284
f 5181 5284 5182
f 5184 5286 5288
f 5184 5183 5286
f 5180 5289 5287
f 5180 5287 5181
f 5283 5290 5289
f 5283 5289 5180
f 5185 5184 5288
f 5282 5290 5283
f 5291 5290 5282
f 5292 5185 5288
f 5186 5185 5292
f 5281 5291 5282
f 5293 5291 5281
f 5294 5187 5186
f 5294 5186 5292
f 5188 5187 5294
f 5280 5293 5281
f 5295 5189 5188
f 5295 5188 5294
f 5296 5280 5279
f 5296 5293 5280
f 5297 5190 5189
f 5297 5189 5295
f 5298 5279 5278
f 5298 5296 5279
f 5299 5276 5190
f 5299 5190 5297
f 5300 5298 5278
f 5300 5278 5277
f 5301 5276 5299
f 5301 5300 5277
f 5301 5277 5276
f 5302 5303 5304
f 5305 5303 5302
f 5306 5307 5308
f 5309 5306 5308
f 5310 5311 5312
f 5310 5312 5313
f 5314 5315 5316
f 5317 5305 5302
f 5318 5306 5309
f 5319 5320 5321
f 5319 5321 5322
f 5323 5305 5317
f 5324 5323 5317
f 5325 5310 5313
f 5326 5318 5309
f 5326 5324 5318
f 5327 5315 5314
f 5328 5329 5330
f 5331 5323 5324
f 5332 5324 5326
f 5333 5325 5331
f 5333 5310 5325
f 5334 5319 5322
f 5335 5327 5314
f 5336 5333 5331
f 5337 5332 5327
f 5337 5327 5335
f 5338 5339 5340
f 5338 5340 5341
f 5342 5334 5336
f 5342 5319 5334
f 5343 5344 5345
f 5346 5338 5341
f 5347 5337 5348
f 5347 5348 5329
f 5347 5329 5328
f 5349 5342 5336
f 5350 5337 5347
f 5351 5346 5349
f 5351 5338 5346
f 5352 5353 5354
f 5355 5351 5349
f 5356 5350 5357
f 5356 5357 5344
f 5356 5344 5343
f 5358 5359 5360
f 5361 5350 5356
f 5362 5359 5358
f 5363 5352 5354
f 5363 5354 5364
f 5365 5363 5364
f 5365 5364 5355
f 5366 5362 5358
f 5367 5368 5369
f 5367 5369 5370
f 5371 5362 5366
f 5371 5361 5362
f 5372 5373 5374
f 5375 5367 5370
f 5375 5370 5365
f 5376 5375 5365
f 5377 5331 5324
f 5377 5324 5332
f 5377 5336 5331
f 5378 5379 5373
f 5378 5373 5372
f 5380 5381 5382
f 5380 5382 5383
f 5384 5371 5379
f 5384 5379 5378
f 5385 5350 5361
f 5385 5377 5332
f 5385 5332 5337
f 5385 5337 5350
f 5386 5387 5388
f 5389 5355 5349
f 5389 5336 5377
f 5389 5349 5336
f 5390 5380 5383
f 5391 5383 5376
f 5391 5390 5383
f 5392 5384 5393
f 5392 5393 5387
f 5392 5387 5386
f 5394 5384 5392
f 5395 5396 5397
f 5395 5397 5398
f 5399 5400 5401
f 5399 5401 5402
f 5403 5361 5371
f 5403 5385 5361
f 5403 5371 5384
f 5403 5384 5394
f 5404 5355 5389
f 5404 5365 5355
f 5404 5376 5365
f 5404 5391 5376
f 5405 5395 5398
f 5406 5405 5398
f 5406 5398 5391
f 5407 5400 5399
f 5408 5394 5400
f 5408 5400 5407
f 5409 5410 5411
f 5412 5409 5411
f 5412 5411 5413
f 5414 5415 5416
f 5414 5416 5417
f 5418 5412 5413
f 5418 5413 5406
f 5419 5418 5406
f 5420 5415 5414
f 5421 5415 5420
f 5421 5408 5415
f 5422 5394 5408
f 5422 5403 5394
f 5422 5408 5421
f 5423 5424 5425
f 5423 5425 5426
f 5427 5391 5404
f 5427 5406 5391
f 5427 5419 5406
f 5428 5429 5430
f 5428 5430 5431
f 5432 5426 5433
f 5432 5423 5426
f 5434 5419 5427
f 5434 5433 5419
f 5434 5432 5433
f 5435 5429 5428
f 5435 5421 5429
f 5436 5421 5435
f 5436 5422 5421
f 5437 5438 5439
f 5437 5439 5440
f 5437 5440 5441
f 5442 5443 5444
f 5445 5437 5441
f 5446 5441 5434
f 5446 5445 5441
f 5447 5448 5443
f 5447 5443 5442
f 5449 5448 5447
f 5449 5436 5448
f 5450 5436 5449
f 5451 5422 5436
f 5451 5436 5450
f 5452 5434 5427
f 5452 5446 5434
f 5453 5454 5455
f 5456 5453 5455
f 5456 5455 5457
f 5458 5456 5457
f 5458 5457 5446
f 5459 5460 5461
f 5459 5461 5462
f 5463 5446 5452
f 5463 5458 5446
f 5464 5460 5459
f 5465 5451 5450
f 5465 5460 5464
f 5465 5450 5460
f 5466 5451 5465
f 5467 5468 5469
f 5470 5469 5471
f 5470 5467 5469
f 5472 5471 5463
f 5472 5470 5471
f 5473 5474 5475
f 5473 5475 5476
f 5477 5463 5452
f 5477 5472 5463
f 5478 5474 5473
f 5479 5474 5478
f 5479 5466 5474
f 5480 5466 5479
f 5480 5451 5466
f 5481 5480 5479
f 5482 5477 5452
f 5483 5484 5485
f 5486 5485 5487
f 5486 5483 5485
f 5488 5487 5477
f 5488 5477 5482
f 5488 5486 5487
f 5489 5490 5491
f 5489 5491 5492
f 5493 5490 5489
f 5494 5480 5481
f 5494 5490 5493
f 5494 5481 5490
f 5495 5480 5494
f 5496 5497 5498
f 5499 5498 5500
f 5499 5500 5488
f 5499 5496 5498
f 5501 5499 5488
f 5501 5488 5482
f 5502 5503 5504
f 5502 5504 5505
f 5506 5495 5503
f 5506 5503 5502
f 5507 5508 5480
f 5507 5480 5495
f 5507 5495 5506
f 5509 5510 5511
f 5509 5511 5501
f 5512 5513 5510
f 5512 5510 5509
f 5514 5501 5482
f 5514 5509 5501
f 5514 5482 5515
f 5516 5517 5518
f 5519 5517 5516
f 5519 5507 5517
f 5519 5508 5507
f 5520 5518 5521
f 5520 5516 5518
f 5522 5523 5524
f 5525 5514 5515
f 5525 5524 5514
f 5525 5522 5524
f 5526 5527 5523
f 5526 5523 5522
f 5528 5508 5519
f 5528 5519 5529
f 5528 5529 5191
f 5192 5529 5530
f 5192 5530 5531
f 5192 5191 5529
f 5532 5533 5525
f 5534 5525 5515
f 5534 5532 5525
f 5535 5528 5536
f 5537 5538 5539
f 5537 5539 5533
f 5537 5533 5532
f 5540 5541 5508
f 5540 5508 5528
f 5540 5528 5535
f 5542 5536 5543
f 5542 5543 5544
f 5542 5535 5536
f 5545 5546 5534
f 5545 5534 5515
f 5545 5547 5546
f 5545 5515 5548
f 5549 5540 5550
f 5551 5540 5549
f 5551 5541 5540
f 5552 5553 5554
f 5552 5554 5546
f 5552 5546 5547
f 5555 5549 5550
f 5555 5550 5556
f 5555 5556 5557
f 5558 5545 5548
f 5558 5559 5545
f 5560 5559 5558
f 5561 5541 5551
f 5562 5561 5551
f 5562 5551 5563
f 5564 5541 5561
f 5565 5558 5548
f 5566 5559 5560
f 5566 5567 5559
f 5568 5558 5565
f 5568 5569 5558
f 5570 5567 5566
f 5571 5572 5541
f 5571 5541 5564
f 5573 5572 5571
f 5574 5571 5564
f 5574 5564 5575
f 5576 5562 5563
f 5576 5563 5577
f 5578 5576 5577
f 5579 5565 5548
f 5579 5548 5572
f 5580 5572 5573
f 5580 5579 5572
f 5581 5565 5579
f 5581 5582 5565
f 5583 5582 5581
f 5584 5579 5580
f 5585 5579 5584
f 5586 5573 5587
f 5586 5580 5573
f 5588 5585 5584
f 5589 5569 5568
f 5589 5590 5569
f 5591 5574 5575
f 5592 5590 5589
f 5593 5574 5591
f 5594 5593 5591
f 5595 5582 5583
f 5596 5595 5583
f 5597 5587 5598
f 5597 5586 5587
f 5599 5595 5596
f 5600 5585 5588
f 5601 5600 5588
f 5602 5597 5598
f 5603 5600 5601
f 4990 5528 5191
f 4989 5528 4990
f 5531 4988 5192
f 5192 4988 4987
f 5531 5194 4988
f 5531 5193 5194
f 5530 4986 5531
f 5531 4986 5193
f 5530 4984 4986
f 5289 5290 5604
f 5291 5605 5290
f 5290 5605 5604
f 5293 5606 5291
f 5291 5606 5605
f 5296 5607 5293
f 5293 5607 5606
f 5298 5608 5296
f 5296 5608 5607
f 5298 5609 5608
f 5298 5300 5609
f 5300 5610 5609
f 5301 5611 5300
f 5300 5611 5610
f 5299 5612 5301
f 5301 5612 5611
f 5297 5613 5299
f 5299 5613 5612
f 5297 5614 5613
f 5297 5295 5614
f 5294 5615 5295
f 5295 5615 5614
f 5292 5616 5294
f 5294 5616 5615
f 5288 5617 5292
f 5292 5617 5616
f 5286 5618 5288
f 5288 5618 5617
f 5285 5619 5286
f 5286 5619 5618
f 5284 5620 5285
f 5285 5620 5619
f 5287 5621 5284
f 5284 5621 5620
f 5287 5622 5621
f 5289 5623 5287
f 5287 5623 5622
f 5289 5604 5623
f 5605 5404 5604
f 5606 5427 5605
f 5605 5427 5404
f 5607 5452 5606
f 5606 5452 5427
f 5608 5482 5607
f 5607 5482 5452
f 5609 5515 5608
f 5608 5515 5482
f 5610 5548 5609
f 5609 5548 5515
f 5611 5572 5610
f 5612 5572 5611
f 5610 5572 5548
f 5613 5541 5612
f 5612 5541 5572
f 5614 5508 5613
f 5613 5508 5541
f 5615 5508 5614
f 5616 5480 5615
f 5615 5480 5508
f 5617 5451 5616
f 5616 5451 5480
f 5618 5422 5617
f 5617 5422 5451
f 5619 5403 5618
f 5618 5403 5422
f 5620 5385 5619
f 5619 5385 5403
f 5621 5377 5620
f 5620 5377 5385
f 5622 5389 5621
f 5623 5389 5622
f 5621 5389 5377
f 5604 5404 5623
f 5623 5404 5389
f 4992 5536 5528
f 4992 5528 4989
f 4984 5530 5529
f 4980 4984 5529
f 4994 5543 5536
f 4992 4994 5536
f 4980 5529 5519
f 4980 5519 4976
f 5544 4998 5542
f 5542 4998 4997
f 5544 5275 4998
f 5544 5274 5275
f 5543 4996 5544
f 5544 4996 5274
f 5543 4994 4996
f 4975 5519 5516
f 4976 5519 4975
f 4997 4991 5535
f 4997 5535 5542
f 4981 4975 5516
f 4981 5516 5520
f 4991 5540 5535
f 4993 5540 4991
f 5521 4982 5520
f 5520 4982 4981
f 5521 5196 4982
f 5521 5195 5196
f 5518 4979 5521
f 5521 4979 5195
f 5518 4977 4979
f 5000 5550 5540
f 5000 5540 4993
f 4977 5518 5517
f 4969 4977 5517
f 5002 5556 5550
f 5000 5002 5550
f 4969 5517 5507
f 4969 5507 4968
f 5557 5007 5555
f 5555 5007 5006
f 5557 5273 5007
f 5557 5272 5273
f 5556 5005 5557
f 5557 5005 5272
f 5556 5002 5005
f 4967 5507 5506
f 4968 5507 4967
f 5006 4999 5549
f 5006 5549 5555
f 4973 4967 5506
f 4973 5506 5502
f 4999 5551 5549
f 5001 5551 4999
f 5505 4974 5502
f 5502 4974 4973
f 5505 5198 4974
f 5505 5197 5198
f 5504 4972 5505
f 5505 4972 5197
f 5504 4970 4972
f 5003 5563 5551
f 5003 5551 5001
f 4970 5504 5503
f 4961 4970 5503
f 5011 5577 5563
f 5003 5011 5563
f 4961 4957 4960
f 4961 5503 5495
f 4961 5495 5494
f 4961 5494 4957
f 5578 5015 5576
f 5576 5015 5014
f 5578 5271 5015
f 5578 5270 5271
f 5577 5013 5578
f 5578 5013 5270
f 5577 5011 5013
f 4959 5494 5493
f 4957 5494 4959
f 5014 5008 5562
f 5014 5562 5576
f 4965 4959 5493
f 4965 5493 5489
f 5008 5564 5561
f 5008 5561 5562
f 5010 5008 5009
f 5010 5564 5008
f 5492 4966 5489
f 5489 4966 4965
f 5492 5199 4966
f 5492 5200 5199
f 5491 4964 5492
f 5492 4964 5200
f 5491 4962 4964
f 5018 5575 5564
f 5018 5564 5010
f 4962 5491 5490
f 4958 4962 5490
f 5019 5591 5575
f 5018 5019 5575
f 4958 4949 4951
f 4958 5490 5481
f 4958 5481 5479
f 4958 5479 4949
f 5594 5023 5593
f 5593 5023 5022
f 5594 5269 5023
f 5594 5268 5269
f 5591 5021 5594
f 5594 5021 5268
f 5591 5019 5021
f 4950 5479 5478
f 4949 5479 4950
f 5022 5017 5574
f 5022 5574 5593
f 4955 4950 5478
f 4955 5478 5473
f 5017 5573 5571
f 5017 5571 5574
f 5024 5017 5016
f 5024 5573 5017
f 5476 4956 5473
f 5473 4956 4955
f 5476 5201 4956
f 5476 5202 5201
f 5475 4954 5476
f 5476 4954 5202
f 5475 4952 4954
f 5026 5587 5573
f 5026 5573 5024
f 4952 5475 5474
f 4943 4952 5474
f 5028 5598 5587
f 5026 5028 5587
f 5624 4943 5474
f 5624 5474 5466
f 5624 5466 5465
f 5624 5465 4939
f 5625 4939 4942
f 5625 4942 4943
f 5625 5624 4939
f 5625 4943 5624
f 5602 5033 5597
f 5597 5033 5032
f 5602 5267 5033
f 5602 5266 5267
f 5598 5031 5602
f 5602 5031 5266
f 5598 5028 5031
f 4941 5465 5464
f 4939 5465 4941
f 5032 5025 5586
f 5032 5586 5597
f 4947 4941 5464
f 4947 5464 5459
f 5626 5586 5025
f 5626 5029 5584
f 5626 5584 5580
f 5626 5580 5586
f 5627 5025 5027
f 5627 5027 5029
f 5627 5029 5626
f 5627 5626 5025
f 5462 4948 5459
f 5459 4948 4947
f 5462 5203 4948
f 5462 5204 5203
f 5461 4946 5462
f 5462 4946 5204
f 5461 4944 4946
f 5035 5588 5584
f 5035 5584 5029
f 4944 5461 5460
f 4940 4944 5460
f 5037 5601 5588
f 5035 5037 5588
f 5628 4940 5460
f 5628 5460 5450
f 5628 5450 5449
f 5628 5449 4931
f 5629 4931 4933
f 5629 4933 4940
f 5629 5628 4931
f 5629 4940 5628
f 5603 5041 5600
f 5600 5041 5040
f 5603 5265 5041
f 5603 5264 5265
f 5601 5039 5603
f 5603 5039 5264
f 5601 5037 5039
f 4932 5449 5447
f 4931 5449 4932
f 5040 5034 5585
f 5040 5585 5600
f 4937 4932 5447
f 4937 5447 5442
f 5630 5585 5034
f 5630 5042 5581
f 5630 5581 5579
f 5630 5579 5585
f 5631 5034 5036
f 5631 5036 5042
f 5631 5042 5630
f 5631 5630 5034
f 5444 4938 5442
f 5442 4938 4937
f 5444 5205 4938
f 5444 5206 5205
f 5443 4936 5444
f 5444 4936 5206
f 5443 4934 4936
f 5044 5583 5581
f 5044 5581 5042
f 4934 5443 5448
f 4925 4934 5448
f 5047 5596 5583
f 5044 5047 5583
f 4925 5448 5436
f 5632 4922 4924
f 5632 4924 4925
f 5632 5436 5435
f 5632 5435 4922
f 5632 4925 5436
f 5599 5051 5595
f 5595 5051 5050
f 5599 5263 5051
f 5599 5262 5263
f 5596 5049 5599
f 5599 5049 5262
f 5596 5047 5049
f 5050 5043 5582
f 5050 5582 5595
f 5043 5565 5582
f 5633 5046 5568
f 5633 5568 5565
f 5633 5043 5045
f 5633 5045 5046
f 5633 5565 5043
f 5055 5589 5568
f 5046 5055 5568
f 5592 5059 5590
f 5590 5059 5058
f 5592 5261 5059
f 5592 5260 5261
f 5589 5057 5592
f 5592 5057 5260
f 5589 5055 5057
f 5058 5052 5569
f 5058 5569 5590
f 5052 5558 5569
f 5054 5560 5558
f 5634 5052 5053
f 5634 5053 5054
f 5634 5558 5052
f 5634 5054 5558
f 5062 5566 5560
f 5054 5062 5560
f 5570 5066 5567
f 5567 5066 5065
f 5570 5259 5066
f 5570 5258 5259
f 5566 5064 5570
f 5570 5064 5258
f 5566 5062 5064
f 5065 5060 5559
f 5065 5559 5567
f 5060 5545 5559
f 5635 5068 5547
f 5635 5547 5545
f 5635 5060 5061
f 5635 5061 5068
f 5635 5545 5060
f 5071 5552 5547
f 5068 5071 5547
f 5553 5075 5554
f 5554 5075 5074
f 5553 5257 5075
f 5553 5256 5257
f 5552 5073 5553
f 5553 5073 5256
f 5552 5071 5073
f 5074 5067 5546
f 5074 5546 5554
f 5070 5532 5534
f 5636 5534 5546
f 5636 5546 5067
f 5636 5067 5069
f 5636 5069 5070
f 5636 5070 5534
f 5078 5537 5532
f 5070 5078 5532
f 5538 5082 5539
f 5539 5082 5081
f 5538 5255 5082
f 5538 5254 5255
f 5537 5080 5538
f 5538 5080 5254
f 5537 5078 5080
f 5081 5076 5533
f 5081 5533 5539
f 5637 5084 5522
f 5637 5522 5525
f 5637 5525 5533
f 5637 5533 5076
f 5637 5076 5077
f 5637 5077 5084
f 5086 5526 5522
f 5084 5086 5522
f 5527 5090 5523
f 5523 5090 5089
f 5527 5253 5090
f 5527 5252 5253
f 5526 5088 5527
f 5527 5088 5252
f 5526 5086 5088
f 5089 5085 5524
f 5089 5524 5523
f 5085 5514 5524
f 5638 5091 5509
f 5638 5509 5514
f 5638 5085 5083
f 5638 5083 5091
f 5638 5514 5085
f 5094 5512 5509
f 5091 5094 5509
f 5513 5099 5510
f 5510 5099 5098
f 5513 5251 5099
f 5513 5250 5251
f 5512 5097 5513
f 5513 5097 5250
f 5512 5094 5097
f 5098 5092 5511
f 5098 5511 5510
f 5095 5499 5501
f 5639 5501 5511
f 5639 5511 5092
f 5639 5092 5093
f 5639 5093 5095
f 5639 5095 5501
f 5102 5496 5499
f 5095 5102 5499
f 5497 5106 5498
f 5498 5106 5105
f 5497 5249 5106
f 5497 5248 5249
f 5496 5104 5497
f 5497 5104 5248
f 5496 5102 5104
f 5105 5100 5500
f 5105 5500 5498
f 5100 5488 5500
f 5108 5486 5488
f 5640 5100 5101
f 5640 5101 5108
f 5640 5488 5100
f 5640 5108 5488
f 5110 5483 5486
f 5108 5110 5486
f 5484 5115 5485
f 5485 5115 5114
f 5484 5247 5115
f 5484 5246 5247
f 5483 5113 5484
f 5484 5113 5246
f 5483 5110 5113
f 5114 5109 5487
f 5114 5487 5485
f 5111 5472 5477
f 5641 5477 5487
f 5641 5487 5109
f 5641 5109 5107
f 5641 5107 5111
f 5641 5111 5477
f 5118 5470 5472
f 5111 5118 5472
f 5468 5123 5122
f 5467 5123 5468
f 5467 5245 5123
f 5467 5244 5245
f 5470 5120 5467
f 5467 5120 5244
f 5470 5118 5120
f 5468 5122 5469
f 5469 5122 5121
f 5121 5116 5471
f 5121 5471 5469
f 5642 5125 5458
f 5642 5458 5463
f 5642 5463 5471
f 5642 5471 5116
f 5642 5116 5117
f 5642 5117 5125
f 5127 5456 5458
f 5125 5127 5458
f 5454 5133 5132
f 5453 5133 5454
f 5453 5243 5133
f 5453 5242 5243
f 5456 5129 5453
f 5453 5129 5242
f 5456 5127 5129
f 5454 5132 5455
f 5455 5132 5130
f 5130 5126 5457
f 5130 5457 5455
f 5126 5446 5457
f 5643 5131 5445
f 5643 5445 5446
f 5643 5126 5124
f 5643 5124 5131
f 5643 5446 5126
f 5137 5437 5445
f 5131 5137 5445
f 5439 5142 5141
f 5438 5240 5439
f 5439 5240 5142
f 5438 5241 5240
f 5437 5139 5438
f 5438 5139 5241
f 5437 5137 5139
f 5439 5141 5440
f 5440 5141 5140
f 5140 5134 5441
f 5140 5441 5440
f 5134 5434 5441
f 5644 5136 5432
f 5644 5432 5434
f 5644 5134 5135
f 5644 5135 5136
f 5644 5434 5134
f 5145 5423 5432
f 5136 5145 5432
f 5425 5238 5150
f 5424 5238 5425
f 5424 5239 5238
f 5423 5147 5424
f 5424 5147 5239
f 5423 5145 5147
f 5425 5150 5426
f 5426 5150 5149
f 5149 5143 5433
f 5149 5433 5426
f 5645 5148 5418
f 5645 5418 5419
f 5645 5419 5433
f 5645 5433 5143
f 5645 5143 5144
f 5645 5144 5148
f 5155 5412 5418
f 5148 5155 5418
f 5409 5237 5410
f 5412 5157 5409
f 5409 5157 5237
f 5412 5155 5157
f 5410 5156 5411
f 5411 5156 5154
f 5410 5237 5156
f 5154 5151 5413
f 5154 5413 5411
f 5151 5406 5413
f 5153 5405 5406
f 5646 5151 5152
f 5646 5152 5153
f 5646 5406 5151
f 5646 5153 5406
f 5162 5395 5405
f 5153 5162 5405
f 5396 5164 5236
f 5395 5164 5396
f 5395 5162 5164
f 5396 5163 5397
f 5397 5163 5161
f 5396 5236 5163
f 5161 5158 5398
f 5161 5398 5397
f 5160 5390 5391
f 5647 5391 5398
f 5647 5398 5158
f 5647 5158 5159
f 5647 5159 5160
f 5647 5160 5391
f 5169 5380 5390
f 5160 5169 5390
f 5381 5171 5235
f 5380 5171 5381
f 5380 5169 5171
f 5381 5170 5382
f 5382 5170 5168
f 5381 5235 5170
f 5168 5165 5383
f 5168 5383 5382
f 5648 5167 5375
f 5648 5375 5376
f 5648 5376 5383
f 5648 5383 5165
f 5648 5165 5166
f 5648 5166 5167
f 4807 5367 5375
f 4804 4807 5375
f 5167 4804 5375
f 5368 4808 5234
f 5367 4808 5368
f 5367 4807 4808
f 5368 4809 5369
f 5369 4809 4806
f 5368 5234 4809
f 4806 4803 5370
f 4806 5370 5369
f 5649 4811 5363
f 5649 5363 5365
f 5649 5365 5370
f 5649 5370 4803
f 5649 4803 4805
f 5649 4805 4811
f 4813 5352 5363
f 4811 4813 5363
f 5353 4815 5233
f 5352 4815 5353
f 5352 4813 4815
f 5353 4816 5354
f 5354 4816 4814
f 5353 5233 4816
f 4814 4812 5364
f 4814 5364 5354
f 5650 4817 5351
f 5650 5351 5355
f 5650 5355 5364
f 5650 5364 4812
f 5650 4812 4810
f 5650 4810 4817
f 4820 5338 5351
f 4817 4820 5351
f 5339 4823 5232
f 5338 4823 5339
f 5338 4820 4823
f 5340 4824 5341
f 5341 4824 4822
f 5339 5232 5340
f 5340 5232 4824
f 4822 4818 5346
f 4822 5346 5341
f 4818 5349 5346
f 4821 5342 5349
f 5651 4818 4819
f 5651 4819 4821
f 5651 5349 4818
f 5651 4821 5349
f 4827 5319 5342
f 4821 4827 5342
f 5320 4829 5231
f 5319 4829 5320
f 5319 4827 4829
f 5321 4830 5322
f 5322 4830 4828
f 5320 5231 5321
f 5321 5231 4830
f 4828 4825 5334
f 4828 5334 5322
f 4825 5336 5334
f 5652 4832 5333
f 5652 5333 5336
f 5652 4825 4826
f 5652 4826 4832
f 5652 5336 4825
f 4834 5310 5333
f 4832 4834 5333
f 5310 4837 5311
f 5310 4834 4837
f 5312 4840 5313
f 5313 4840 4839
f 5312 5229 4840
f 5311 5230 5312
f 5312 5230 5229
f 5311 4838 5230
f 5311 4837 4838
f 4839 4833 5325
f 4839 5325 5313
f 4833 5331 5325
f 5653 4835 5323
f 5653 5323 5331
f 5653 4833 4831
f 5653 4831 4835
f 5653 5331 4833
f 4843 5305 5323
f 4835 4843 5323
f 5305 4845 5303
f 5305 4843 4845
f 5304 4848 5302
f 5302 4848 4847
f 5304 5227 4848
f 5303 5228 5304
f 5304 5228 5227
f 5303 4846 5228
f 5303 4845 4846
f 4847 4841 5317
f 4847 5317 5302
f 4841 5324 5317
f 5654 4850 5318
f 5654 5318 5324
f 5654 4841 4842
f 5654 4842 4850
f 5654 5324 4841
f 4852 5306 5318
f 4850 4852 5318
f 5306 4854 5307
f 5306 4852 4854
f 5308 4857 5309
f 5309 4857 4856
f 5308 5225 4857
f 5308 5226 5225
f 5307 4855 5308
f 5308 4855 5226
f 5307 4854 4855
f 4856 4849 5326
f 4856 5326 5309
f 4859 5327 5332
f 5655 5332 5326
f 5655 5326 4849
f 5655 4849 4851
f 5655 4851 4859
f 5655 4859 5332
f 4862 5315 5327
f 4859 4862 5327
f 5316 4866 5314
f 5314 4866 4865
f 5316 5223 4866
f 5316 5224 5223
f 5315 4864 5316
f 5316 4864 5224
f 5315 4862 4864
f 4865 4858 5335
f 4865 5335 5314
f 4858 5337 5335
f 5656 4861 5348
f 5656 5348 5337
f 5656 4858 4860
f 5656 4860 4861
f 5656 5337 4858
f 4869 5329 5348
f 4861 4869 5348
f 5330 4873 5328
f 5328 4873 4872
f 5330 5221 4873
f 5330 5222 5221
f 5329 4871 5330
f 5330 4871 5222
f 5329 4869 4871
f 4872 4867 5347
f 4872 5347 5328
f 4875 5357 5350
f 5657 5350 5347
f 5657 5347 4867
f 5657 4867 4868
f 5657 4868 4875
f 5657 4875 5350
f 4877 5344 5357
f 4875 4877 5357
f 5345 4881 5343
f 5343 4881 4880
f 5345 5219 4881
f 5345 5220 5219
f 5344 4879 5345
f 5345 4879 5220
f 5344 4877 4879
f 4880 4874 5356
f 4880 5356 5343
f 4882 5362 5361
f 5658 5361 5356
f 5658 5356 4874
f 5658 4874 4876
f 5658 4876 4882
f 5658 4882 5361
f 4886 5359 5362
f 4882 4886 5362
f 5360 4890 5358
f 5358 4890 4889
f 5360 5217 4890
f 5360 5218 5217
f 5359 4888 5360
f 5360 4888 5218
f 5359 4886 4888
f 4889 4883 5366
f 4889 5366 5358
f 4883 5371 5366
f 5659 4885 5379
f 5659 5379 5371
f 5659 4883 4884
f 5659 4884 4885
f 5659 5371 4883
f 4893 5373 5379
f 4885 4893 5379
f 5374 4897 5372
f 5372 4897 4896
f 5374 5215 4897
f 5374 5216 5215
f 5373 4895 5374
f 5374 4895 5216
f 5373 4893 4895
f 4896 4891 5378
f 4896 5378 5372
f 4898 5393 5384
f 5660 5384 5378
f 5660 5378 4891
f 5660 4891 4892
f 5660 4892 4898
f 5660 4898 5384
f 4901 5387 5393
f 4898 4901 5393
f 5388 4906 5386
f 5386 4906 4905
f 5388 5213 4906
f 5388 5214 5213
f 5387 4904 5388
f 5388 4904 5214
f 5387 4901 4904
f 4905 4900 5392
f 4905 5392 5386
f 4900 5394 5392
f 5661 4902 5400
f 5661 5400 5394
f 5661 4900 4899
f 5661 4899 4902
f 5661 5394 4900
f 4909 5401 5400
f 4902 4909 5400
f 5402 4913 5399
f 5399 4913 4912
f 5402 5211 4913
f 5402 5212 5211
f 5401 4911 5402
f 5402 4911 5212
f 5401 4909 4911
f 4912 4907 5407
f 4912 5407 5399
f 4907 5408 5407
f 5662 4915 5415
f 5662 5415 5408
f 5662 4907 4908
f 5662 4908 4915
f 5662 5408 4907
f 4917 5416 5415
f 4915 4917 5415
f 5417 4921 5414
f 5414 4921 4920
f 5417 5209 4921
f 5417 5210 5209
f 5416 4919 5417
f 5417 4919 5210
f 5416 4917 4919
f 4920 4916 5420
f 4920 5420 5414
f 4923 5429 5421
f 5663 5421 5420
f 5663 5420 4916
f 5663 4916 4914
f 5663 4914 4923
f 5663 4923 5421
f 4926 5430 5429
f 4923 4926 5429
f 5431 4930 5428
f 5428 4930 4929
f 5431 5207 4930
f 5431 5208 5207
f 5430 4928 5431
f 5431 4928 5208
f 5430 4926 4928
f 4929 4922 5435
f 4929 5435 5428
f 5664 5665 5666
f 5667 5668 5669
f 5667 5669 5665
f 5667 5665 5664
f 5670 5671 5668
f 5670 5668 5667
f 5672 5673 5671
f 5672 5671 5670
f 5674 5675 5673
f 5674 5673 5672
f 5676 5677 5675
f 5676 5675 5674
f 5678 5679 5677
f 5678 5677 5676
f 5680 5681 5679
f 5680 5679 5678
f 5682 5681 5680
f 5683 5684 5681
f 5683 5681 5682
f 5685 5684 5683
f 5685 5686 5684
f 5687 5688 5686
f 5687 5686 5685
f 5689 5690 5688
f 5689 5688 5687
f 5691 5692 5690
f 5691 5690 5689
f 5693 5694 5692
f 5693 5692 5691
f 5695 5696 5694
f 5695 5694 5693
f 5697 5698 5696
f 5697 5696 5695
f 5699 5700 5698
f 5699 5698 5697
f 5701 5666 5700
f 5701 5700 5699
f 5664 5666 5701
f 5702 5678 5703
f 5704 5680 5702
f 5702 5680 5678
f 5704 5682 5680
f 5703 5676 5705
f 5678 5676 5703
f 5706 5683 5704
f 5704 5683 5682
f 5707 5685 5706
f 5706 5685 5683
f 5705 5674 5708
f 5676 5674 5705
f 5709 5687 5710
f 5710 5687 5707
f 5707 5687 5685
f 5708 5672 5711
f 5674 5672 5708
f 5709 5689 5687
f 5672 5670 5711
f 5670 5712 5711
f 5709 5713 5689
f 5713 5691 5689
f 5667 5714 5670
f 5670 5714 5712
f 5664 5715 5667
f 5701 5715 5664
f 5667 5715 5714
f 5713 5716 5691
f 5716 5717 5691
f 5691 5717 5693
f 5693 5717 5695
f 5695 5718 5697
f 5697 5718 5699
f 5699 5718 5701
f 5701 5718 5715
f 5717 5719 5695
f 5695 5719 5718
f 5679 5720 5721
f 5677 5721 5722
f 5677 5679 5721
f 5681 5723 5720
f 5681 5720 5679
f 5675 5722 5724
f 5675 5724 5725
f 5675 5677 5722
f 5684 5726 5727
f 5684 5727 5723
f 5684 5723 5681
f 5686 5726 5684
f 5673 5675 5725
f 5688 5728 5726
f 5688 5726 5686
f 5729 5673 5725
f 5671 5673 5729
f 5690 5728 5688
f 5668 5671 5729
f 5730 5728 5690
f 5731 5668 5729
f 5669 5668 5731
f 5692 5730 5690
f 5732 5665 5669
f 5732 5666 5665
f 5732 5700 5666
f 5732 5669 5731
f 5733 5730 5692
f 5734 5733 5692
f 5734 5692 5694
f 5735 5734 5694
f 5736 5735 5694
f 5736 5694 5696
f 5737 5700 5732
f 5737 5738 5739
f 5737 5739 5736
f 5737 5736 5696
f 5737 5698 5700
f 5737 5696 5698
f 5740 5741 5738
f 5740 5738 5737
f 5742 5741 5740
f 5743 5744 5742
f 5743 5742 5740
f 5745 5746 5744
f 5745 5744 5743
f 5747 5748 5746
f 5747 5746 5745
f 5749 5750 5751
f 5749 5751 5752
f 5749 5752 5748
f 5749 5748 5747
f 5719 5753 5754
f 5719 5717 5753
f 5732 5715 5737
f 5737 5715 5718
f 5731 5714 5732
f 5732 5714 5715
f 5729 5712 5731
f 5731 5712 5714
f 5725 5711 5729
f 5729 5711 5712
f 5724 5708 5725
f 5725 5708 5711
f 5722 5705 5724
f 5724 5705 5708
f 5721 5703 5722
f 5722 5703 5705
f 5720 5702 5721
f 5721 5702 5703
f 5723 5704 5720
f 5720 5704 5702
f 5727 5706 5723
f 5723 5706 5704
f 5727 5707 5706
f 5726 5707 5727
f 5728 5710 5726
f 5726 5710 5707
f 5730 5709 5728
f 5728 5709 5710
f 5733 5713 5730
f 5730 5713 5709
f 5733 5716 5713
f 5740 5755 5743
f 5743 5755 5756
f 5737 5719 5740
f 5737 5718 5719
f 5740 5754 5755
f 5719 5754 5740
f 5757 5758 5754
f 5754 5758 5755
f 5717 5739 5738
f 5717 5736 5739
f 5717 5735 5736
f 5717 5734 5735
f 5717 5733 5734
f 5716 5733 5717
f 5753 5717 5738
f 5759 5753 5738
f 5760 5753 5759
f 5761 5753 5760
f 5762 5753 5761
f 5763 5753 5762
f 5764 5765 5753
f 5764 5753 5763
f 5766 5742 5744
f 5766 5741 5742
f 5766 5744 5767
f 5768 5738 5741
f 5768 5741 5766
f 5759 5738 5768
f 5746 5769 5744
f 5744 5769 5767
f 5748 5769 5746
f 5748 5770 5769
f 5771 5772 5773
f 5774 5775 5771
f 5771 5775 5772
f 5776 5777 5774
f 5774 5777 5775
f 5778 5779 5776
f 5776 5779 5777
f 5750 5780 5778
f 5778 5780 5779
f 5750 5749 5780
f 5781 5745 5743
f 5781 5747 5745
f 5781 5743 5756
f 5782 5749 5747
f 5782 5747 5781
f 5783 5780 5749
f 5783 5749 5782
f 5784 5780 5783
f 5785 5786 5787
f 5788 5787 5789
f 5788 5789 5790
f 5788 5785 5787
f 5791 5792 5786
f 5791 5786 5785
f 5793 5790 5794
f 5793 5788 5790
f 5795 5796 5797
f 5795 5797 5792
f 5795 5792 5791
f 5798 5793 5794
f 5799 5800 5796
f 5799 5796 5795
f 5801 5798 5794
f 5802 5798 5801
f 5803 5800 5799
f 5804 5800 5803
f 5805 5804 5803
f 5806 5807 5802
f 5806 5802 5801
f 5808 5809 5807
f 5808 5810 5809
f 5808 5807 5806
f 5765 5804 5805
f 5753 5805 5811
f 5753 5811 5812
f 5753 5765 5805
f 5757 5812 5813
f 5757 5813 5810
f 5757 5810 5808
f 5754 5753 5812
f 5754 5812 5757
f 5757 5808 5758
f 5808 5814 5758
f 5815 5816 5817
f 5818 5819 5815
f 5815 5819 5816
f 5818 5820 5819
f 5817 5821 5822
f 5816 5821 5817
f 5823 5824 5818
f 5818 5824 5820
f 5825 5826 5823
f 5823 5826 5824
f 5822 5827 5828
f 5821 5827 5822
f 5829 5830 5831
f 5831 5830 5825
f 5825 5830 5826
f 5828 5832 5833
f 5827 5832 5828
f 5829 5834 5830
f 5832 5835 5833
f 5835 5836 5833
f 5829 5837 5834
f 5837 5838 5834
f 5835 5839 5836
f 5840 5839 5835
f 5840 5814 5839
f 5841 5814 5840
f 5842 5814 5841
f 5837 5764 5838
f 5838 5763 5843
f 5764 5763 5838
f 5763 5762 5843
f 5843 5762 5844
f 5762 5761 5844
f 5759 5758 5760
f 5760 5758 5761
f 5842 5758 5814
f 5761 5758 5844
f 5844 5758 5845
f 5845 5758 5846
f 5846 5758 5842
f 5768 5755 5759
f 5759 5755 5758
f 5768 5766 5755
f 5767 5756 5766
f 5766 5756 5755
f 5769 5781 5767
f 5767 5781 5756
f 5770 5782 5769
f 5769 5782 5781
f 5847 5783 5848
f 5848 5783 5849
f 5849 5783 5770
f 5770 5783 5782
f 5797 5825 5823
f 5796 5825 5797
f 5800 5831 5796
f 5796 5831 5825
f 5804 5829 5800
f 5800 5829 5831
f 5765 5837 5804
f 5804 5837 5829
f 5765 5764 5837
f 5748 5849 5770
f 5752 5849 5748
f 5772 5775 5777
f 5772 5777 5779
f 5772 5779 5780
f 5850 5772 5780
f 5784 5850 5780
f 5851 5850 5784
f 5852 5853 5850
f 5852 5850 5851
f 5772 5850 5773
f 5773 5850 5854
f 5778 5773 5750
f 5776 5773 5778
f 5774 5773 5776
f 5771 5773 5774
f 5750 5773 5751
f 5773 5848 5751
f 5848 5854 5847
f 5773 5854 5848
f 5854 5855 5847
f 5856 5857 5854
f 5857 5858 5854
f 5854 5858 5855
f 5830 5795 5826
f 5830 5799 5795
f 5834 5803 5799
f 5834 5799 5830
f 5838 5805 5803
f 5838 5803 5834
f 5843 5811 5805
f 5843 5805 5838
f 5844 5812 5811
f 5844 5811 5843
f 5845 5813 5812
f 5845 5812 5844
f 5846 5810 5813
f 5846 5813 5845
f 5842 5809 5810
f 5842 5810 5846
f 5841 5809 5842
f 5840 5807 5809
f 5840 5809 5841
f 5835 5802 5807
f 5835 5807 5840
f 5832 5798 5802
f 5832 5802 5835
f 5827 5793 5798
f 5827 5798 5832
f 5821 5788 5793
f 5821 5793 5827
f 5816 5785 5788
f 5816 5788 5821
f 5819 5791 5785
f 5819 5785 5816
f 5820 5791 5819
f 5824 5795 5791
f 5824 5791 5820
f 5826 5795 5824
f 5806 5839 5808
f 5808 5839 5814
f 5801 5836 5806
f 5806 5836 5839
f 5794 5833 5801
f 5801 5833 5836
f 5790 5828 5794
f 5794 5828 5833
f 5789 5822 5790
f 5790 5822 5828
f 5787 5817 5789
f 5789 5817 5822
f 5786 5815 5787
f 5787 5815 5817
f 5792 5818 5786
f 5786 5818 5815
f 5797 5823 5792
f 5792 5823 5818
f 5853 5856 5850
f 5850 5856 5854
f 5852 5857 5853
f 5853 5857 5856
f 5851 5858 5852
f 5852 5858 5857
f 5784 5855 5851
f 5851 5855 5858
f 5783 5847 5784
f 5784 5847 5855
f 5751 5849 5752
f 5751 5848 5849
f 5859 5860 5861
f 5859 5861 5862
f 5859 5862 5863
f 5859 5863 5864
f 5865 5864 5866
f 5865 5866 5867
f 5865 5860 5859
f 5865 5859 5864
f 5868 5867 5869
f 5868 5869 5870
f 5868 5870 5871
f 5868 5871 5872
f 5868 5872 5873
f 5868 5873 5860
f 5868 5860 5865
f 5868 5865 5867
f 5874 5869 5875
f 5876 5870 5874
f 5874 5870 5869
f 5876 5871 5870
f 5875 5867 5877
f 5869 5867 5875
f 5878 5872 5876
f 5876 5872 5871
f 5879 5873 5878
f 5878 5873 5872
f 5877 5866 5880
f 5867 5866 5877
f 5881 5882 5879
f 5879 5882 5873
f 5866 5864 5880
f 5864 5883 5880
f 5881 5884 5882
f 5864 5863 5883
f 5881 5885 5884
f 5863 5886 5883
f 5885 5887 5884
f 5863 5862 5886
f 5862 5888 5886
f 5887 5889 5890
f 5885 5889 5887
f 5861 5891 5862
f 5862 5891 5888
f 5892 5893 5861
f 5861 5893 5891
f 5890 5894 5895
f 5889 5894 5890
f 5892 5896 5893
f 5897 5896 5892
f 5894 5898 5895
f 5895 5898 5899
f 5897 5900 5896
f 5898 5900 5899
f 5899 5900 5897
f 5882 5860 5873
f 5901 5882 5884
f 5901 5884 5887
f 5901 5887 5890
f 5901 5890 5895
f 5901 5860 5882
f 5902 5895 5899
f 5902 5899 5897
f 5902 5897 5892
f 5902 5892 5861
f 5902 5861 5860
f 5902 5860 5901
f 5902 5901 5895
f 5876 5903 5878
f 5874 5904 5876
f 5876 5904 5903
f 5875 5905 5874
f 5874 5905 5904
f 5877 5906 5875
f 5875 5906 5905
f 5880 5907 5877
f 5877 5907 5906
f 5883 5908 5880
f 5880 5908 5907
f 5886 5909 5883
f 5883 5909 5908
f 5888 5910 5886
f 5886 5910 5909
f 5888 5911 5910
f 5891 5912 5888
f 5888 5912 5911
f 5893 5913 5891
f 5891 5913 5912
f 5896 5914 5893
f 5900 5914 5896
f 5893 5914 5913
f 5898 5915 5900
f 5900 5915 5914
f 5894 5916 5898
f 5898 5916 5915
f 5889 5917 5894
f 5894 5917 5916
f 5885 5918 5889
f 5889 5918 5917
f 5881 5919 5885
f 5885 5919 5918
f 5879 5920 5881
f 5881 5920 5919
f 5878 5921 5879
f 5879 5921 5920
f 5878 5903 5921
f 5903 5922 5923
f 5904 5922 5903
f 5905 5924 5904
f 5906 5924 5905
f 5904 5924 5922
f 5907 5925 5906
f 5906 5925 5924
f 5908 5926 5907
f 5907 5926 5925
f 5909 5927 5908
f 5908 5927 5926
f 5910 5928 5909
f 5909 5928 5927
f 5911 5929 5910
f 5910 5929 5928
f 5912 5930 5911
f 5911 5930 5929
f 5913 5931 5912
f 5912 5931 5930
f 5914 5931 5913
f 5915 5932 5914
f 5914 5932 5931
f 5915 5933 5932
f 5916 5934 5915
f 5915 5934 5933
f 5917 5935 5916
f 5918 5935 5917
f 5916 5935 5934
f 5919 5936 5918
f 5918 5936 5935
f 5919 5937 5936
f 5920 5938 5919
f 5919 5938 5937
f 5921 5939 5920
f 5920 5939 5938
f 5903 5923 5921
f 5921 5923 5939
f 5940 5922 5924
f 5940 5924 5925
f 5940 5925 5926
f 5941 5939 5923
f 5941 5923 5922
f 5941 5922 5940
f 5938 5939 5941
f 5942 5926 5927
f 5942 5940 5926
f 5928 5942 5927
f 5943 5937 5938
f 5943 5938 5941
f 5929 5942 5928
f 5944 5942 5929
f 5936 5937 5943
f 5930 5944 5929
f 5931 5944 5930
f 5935 5943 5945
f 5935 5936 5943
f 5932 5945 5944
f 5932 5944 5931
f 5934 5935 5945
f 5933 5945 5932
f 5933 5934 5945
f 5941 5940 5946
f 5946 5940 5947
f 5940 5942 5947
f 5947 5942 5948
f 5948 5942 5949
f 5942 5944 5949
f 5944 5945 5949
f 5949 5945 5950
f 5945 5943 5950
f 5950 5943 5951
f 5951 5943 5946
f 5943 5941 5946
f 5951 5946 5947
f 5950 5947 5948
f 5950 5948 5949
f 5950 5951 5947
f 5952 5953 5954
f 5955 5952 5954
f 5956 5952 5955
f 5957 5958 5956
f 5957 5956 5955
f 5959 5960 5958
f 5959 5958 5957
f 5961 5962 5960
f 5961 5960 5959
f 5963 5964 5962
f 5963 5962 5961
f 5965 5966 5964
f 5965 5964 5963
f 5967 5966 5965
f 5968 5967 5965
f 5969 5967 5968
f 5970 5971 5969
f 5970 5969 5968
f 5972 5973 5971
f 5972 5971 5970
f 5974 5975 5973
f 5974 5973 5972
f 5976 5975 5974
f 5977 5978 5979
f 5980 5981 5977
f 5980 5977 5979
f 5982 5983 5981
f 5982 5981 5980
f 5984 5985 5983
f 5984 5983 5982
f 5986 5987 5985
f 5986 5985 5984
f 5988 5989 5987
f 5988 5987 5986
f 5990 5989 5988
f 5991 5989 5990
f 5992 5991 5990
f 5993 5991 5992
f 5994 5993 5992
f 5995 5993 5994
f 5996 5995 5994
f 5997 5995 5996
f 5998 5997 5996
f 5999 6000 5997
f 5999 5997 5998
f 6001 6000 5999
f 6002 6003 6004
f 6002 6004 6005
f 5974 6002 5976
f 5972 6002 5974
f 6006 5988 5986
f 6006 5990 5988
f 5954 6006 5955
f 6007 5980 5979
f 6007 5982 5980
f 6007 5984 5982
f 6007 5986 5984
f 6007 5979 6008
f 6007 6008 6009
f 6007 6009 6003
f 6007 6003 6002
f 6007 6006 5986
f 6010 6007 6002
f 6010 6006 6007
f 6011 5957 5955
f 6011 5959 5957
f 6011 5961 5959
f 6011 5963 5961
f 6011 5965 5963
f 6011 5968 5965
f 6011 5970 5968
f 6011 5972 5970
f 6011 6010 6002
f 6011 6006 6010
f 6011 6002 5972
f 6011 5955 6006
f 5954 6012 6013
f 5954 6013 6006
f 6014 6015 6012
f 6014 6012 5954
f 6016 6017 6015
f 6016 6015 6014
f 6018 6019 6017
f 6018 6017 6016
f 6020 6021 6019
f 6020 6019 6018
f 6022 6021 6020
f 6023 6024 6021
f 6023 6021 6022
f 6025 6024 6023
f 6026 6027 6024
f 6026 6024 6025
f 6028 6029 6027
f 6028 6027 6026
f 6030 6029 6028
f 5976 6002 6029
f 5976 6029 6030
f 6031 5992 5990
f 6031 5990 6006
f 6032 5994 5992
f 6032 5992 6031
f 6033 5996 5994
f 6033 5998 5996
f 6033 5994 6032
f 6034 6035 6036
f 6034 6036 6001
f 6034 5999 5998
f 6034 6001 5999
f 6034 5998 6033
f 6037 6038 6035
f 6037 6035 6034
f 6039 6040 6038
f 6039 6038 6037
f 6041 6042 6040
f 6041 6040 6039
f 6043 6005 6042
f 6043 6042 6041
f 6044 6005 6043
f 6002 6005 6044
f 6045 6029 6002
f 6045 6027 6029
f 6046 6027 6045
f 6047 6024 6027
f 6047 6027 6046
f 6048 6021 6024
f 6048 6024 6047
f 6049 6021 6048
f 6050 6019 6021
f 6050 6021 6049
f 6051 6017 6019
f 6051 6019 6050
f 6052 6015 6017
f 6052 6017 6051
f 6053 6015 6052
f 6054 6012 6015
f 6054 6013 6012
f 6054 6006 6013
f 6054 6015 6053
f 6054 6031 6006
f 6054 6032 6031
f 6055 6033 6032
f 6055 6032 6054
f 6056 6033 6055
f 6057 6034 6033
f 6057 6033 6056
f 6058 6034 6057
f 6059 6037 6034
f 6059 6034 6058
f 6060 6037 6059
f 6061 6039 6037
f 6061 6037 6060
f 6062 6041 6039
f 6062 6039 6061
f 6063 6041 6062
f 6045 6043 6041
f 6045 6044 6043
f 6045 6002 6044
f 6045 6041 6063
f 6036 6064 6000
f 6036 6000 6001
f 6035 6065 6064
f 6035 6064 6036
f 6038 6066 6065
f 6038 6065 6035
f 6040 6067 6066
f 6040 6066 6038
f 6068 6067 6040
f 6042 6068 6040
f 6069 6068 6042
f 6005 6069 6042
f 6070 6069 6005
f 6004 6070 6005
f 6071 6070 6004
f 6003 6071 6004
f 6009 6072 6071
f 6009 6071 6003
f 6073 6072 6009
f 6008 6073 6009
f 5979 5978 6073
f 5979 6073 6008
f 6046 6045 6074
f 6075 6046 6074
f 6076 6047 6046
f 6076 6046 6075
f 6077 6048 6047
f 6077 6047 6076
f 6078 6049 6048
f 6078 6048 6077
f 6079 6050 6049
f 6079 6049 6078
f 6080 6051 6050
f 6080 6050 6079
f 6081 6052 6051
f 6081 6051 6080
f 6082 6053 6052
f 6082 6052 6081
f 6083 6054 6053
f 6083 6053 6082
f 6084 6055 6054
f 6084 6054 6083
f 6085 6056 6055
f 6085 6055 6084
f 6086 6057 6056
f 6086 6056 6085
f 6087 6058 6057
f 6087 6057 6086
f 6088 6059 6058
f 6088 6058 6087
f 6089 6060 6059
f 6089 6059 6088
f 6090 6061 6060
f 6090 6060 6089
f 6091 6062 6061
f 6091 6063 6062
f 6091 6061 6090
f 6092 6045 6063
f 6092 6063 6091
f 6074 6045 6092
f 6093 6089 6094
f 6095 6090 6093
f 6093 6090 6089
f 6095 6091 6090
f 6094 6088 6096
f 6089 6088 6094
f 6097 6092 6095
f 6095 6092 6091
f 6098 6074 6097
f 6097 6074 6092
f 6088 6087 6096
f 6087 6099 6096
f 6100 6075 6098
f 6098 6075 6074
f 6087 6086 6099
f 6086 6101 6099
f 6100 6076 6075
f 6086 6085 6101
f 6100 6102 6076
f 6085 6103 6101
f 6102 6077 6076
f 6085 6084 6103
f 6084 6104 6103
f 6102 6105 6077
f 6105 6078 6077
f 6083 6106 6084
f 6084 6106 6104
f 6082 6107 6083
f 6083 6107 6106
f 6078 6108 6079
f 6105 6108 6078
f 6082 6109 6107
f 6081 6109 6082
f 6079 6110 6080
f 6108 6110 6079
f 6081 6111 6109
f 6110 6111 6080
f 6080 6111 6081
f 6097 6112 6113
f 6095 6112 6097
f 6093 6114 6095
f 6095 6114 6112
f 6094 6115 6093
f 6093 6115 6114
f 6096 6116 6094
f 6094 6116 6115
f 6099 6117 6096
f 6096 6117 6116
f 6101 6118 6099
f 6099 6118 6117
f 6103 6119 6101
f 6101 6119 6118
f 6104 6120 6103
f 6103 6120 6119
f 6106 6121 6104
f 6104 6121 6120
f 6107 6122 6106
f 6106 6122 6121
f 6109 6123 6107
f 6107 6123 6122
f 6111 6124 6109
f 6109 6124 6123
f 6110 6125 6111
f 6111 6125 6124
f 6108 6126 6110
f 6110 6126 6125
f 6105 6127 6108
f 6108 6127 6126
f 6102 6128 6105
f 6105 6128 6127
f 6100 6129 6102
f 6102 6129 6128
f 6098 6130 6100
f 6100 6130 6129
f 6097 6113 6098
f 6098 6113 6130
f 6131 5983 6132
f 6132 5985 6133
f 5983 5985 6132
f 6134 5981 6131
f 6131 5981 5983
f 6133 5987 6135
f 6135 5987 6136
f 5985 5987 6133
f 6134 5977 5981
f 5987 5989 6136
f 6137 5978 6134
f 6134 5978 5977
f 6138 6073 6139
f 6139 6073 6137
f 6137 6073 5978
f 6140 6072 6138
f 6138 6072 6073
f 5991 6122 5989
f 5989 6122 6136
f 6141 6071 6140
f 6140 6071 6072
f 5993 6121 5991
f 5991 6121 6122
f 5993 6120 6121
f 6141 6070 6071
f 6141 6069 6070
f 5993 6119 6120
f 5995 6119 5993
f 5995 6118 6119
f 5997 6118 5995
f 5997 6117 6118
f 6000 6117 5997
f 6000 6116 6117
f 6064 6116 6000
f 6064 6115 6116
f 6065 6115 6064
f 6065 6114 6115
f 6066 6114 6065
f 6068 6112 6067
f 6066 6112 6114
f 6067 6112 6066
f 6068 6113 6112
f 6069 6113 6068
f 6141 6113 6069
f 6142 5969 6143
f 6143 5971 6144
f 5969 5971 6143
f 6145 5967 6142
f 6142 5967 5969
f 6144 5973 6141
f 5971 5973 6144
f 6146 5966 6145
f 6145 5966 5967
f 5973 5975 6141
f 6146 5964 5966
f 6147 5962 6146
f 6146 5962 5964
f 6148 5960 6147
f 6147 5960 5962
f 6149 6113 5975
f 5975 6113 6141
f 6150 5958 6148
f 6148 5958 5960
f 6151 6130 6149
f 6149 6130 6113
f 6136 5956 6150
f 6150 5956 5958
f 6152 6129 6151
f 6151 6129 6130
f 6136 5952 5956
f 6136 5953 5952
f 6153 6128 6152
f 6152 6128 6129
f 6154 6127 6153
f 6153 6127 6128
f 6154 6126 6127
f 6155 6126 6156
f 6156 6126 6154
f 6155 6125 6126
f 6157 6125 6155
f 6158 6124 6157
f 6157 6124 6125
f 6159 6123 6160
f 6160 6123 6158
f 6158 6123 6124
f 6136 6122 5953
f 5953 6122 6159
f 6159 6122 6123
f 6161 6135 6136
f 6162 6135 6161
f 6163 6133 6162
f 6162 6133 6135
f 6163 6132 6133
f 6163 6164 6132
f 6164 6131 6132
f 6164 6165 6131
f 6165 6134 6131
f 6165 6166 6134
f 6166 6137 6134
f 6166 6167 6137
f 6167 6139 6137
f 6167 6168 6139
f 6168 6138 6139
f 6169 6140 6168
f 6168 6140 6138
f 6170 6141 6169
f 6169 6141 6140
f 6171 6144 6170
f 6170 6144 6141
f 6172 6143 6171
f 6171 6143 6144
f 6173 6142 6172
f 6172 6142 6143
f 6173 6174 6142
f 6174 6145 6142
f 6174 6175 6145
f 6175 6146 6145
f 6176 6147 6175
f 6175 6147 6146
f 6177 6148 6176
f 6176 6148 6147
f 6177 6178 6148
f 6178 6150 6148
f 6178 6161 6150
f 6161 6136 6150
f 6169 6168 6167
f 6166 6169 6167
f 6171 6170 6169
f 6164 6166 6165
f 6173 6172 6171
f 6173 6171 6169
f 6162 6164 6163
f 6175 6174 6173
f 6175 6173 6169
f 6178 6162 6161
f 6178 6169 6166
f 6178 6166 6164
f 6178 6164 6162
f 6178 6175 6169
f 6176 6175 6178
f 6177 6176 6178
f 6030 5975 5976
f 6030 6149 5975
f 6028 6151 6149
f 6028 6149 6030
f 6026 6152 6151
f 6026 6151 6028
f 6025 6153 6152
f 6025 6152 6026
f 6023 6154 6153
f 6023 6153 6025
f 6156 6154 6023
f 6022 6156 6023
f 6155 6156 6022
f 6020 6155 6022
f 6157 6155 6020
f 6018 6158 6157
f 6018 6157 6020
f 6016 6160 6158
f 6016 6158 6018
f 6014 6159 6160
f 6014 6160 6016
f 5954 5953 6159
f 5954 6159 6014
f 6179 6180 6181
f 6182 6183 6179
f 6179 6183 6180
f 6184 6185 6182
f 6182 6185 6183
f 6186 6187 6184
f 6184 6187 6185
f 6188 6189 6186
f 6186 6189 6187
f 6190 6191 6188
f 6188 6191 6189
f 6192 6193 6190
f 6190 6193 6191
f 6194 6195 6192
f 6192 6195 6193
f 6196 6197 6194
f 6194 6197 6195
f 6196 6198 6197
f 6199 6200 6201
f 6202 6199 6201
f 6179 6181 6199
f 6203 6202 6204
f 6184 6182 6179
f 6184 6179 6199
f 6205 6203 6206
f 6188 6186 6184
f 6188 6184 6199
f 6194 6205 6196
f 6194 6199 6202
f 6194 6202 6203
f 6194 6203 6205
f 6194 6188 6199
f 6190 6188 6194
f 6192 6190 6194
f 6207 6197 6208
f 6208 6197 6198
f 6209 6195 6207
f 6207 6195 6197
f 6210 6193 6209
f 6209 6193 6195
f 6211 6191 6210
f 6210 6191 6193
f 6212 6189 6211
f 6211 6189 6191
f 6213 6187 6212
f 6212 6187 6189
f 6214 6185 6213
f 6213 6185 6187
f 6215 6183 6214
f 6214 6183 6185
f 6216 6180 6215
f 6215 6180 6183
f 6196 6205 6198
f 6206 6217 6205
f 6205 6217 6198
f 6203 6218 6206
f 6206 6218 6217
f 6204 6219 6203
f 6203 6219 6218
f 6202 6220 6204
f 6204 6220 6219
f 6201 6221 6202
f 6202 6221 6220
f 6200 6222 6201
f 6201 6222 6221
f 6199 6223 6200
f 6200 6223 6222
f 6199 6224 6223
f 6181 6225 6199
f 6199 6225 6224
f 6181 6180 6225
f 6226 6207 6227
f 6227 6207 6208
f 6228 6209 6226
f 6226 6209 6207
f 6229 6210 6228
f 6228 6210 6209
f 6229 6230 6210
f 6230 6211 6210
f 6230 6231 6211
f 6231 6212 6211
f 6232 6213 6231
f 6231 6213 6212
f 6233 6214 6232
f 6232 6214 6213
f 6233 6234 6214
f 6234 6215 6214
f 6234 6235 6215
f 6235 6216 6215
f 6216 6225 6180
f 6236 6225 6216
f 6237 6224 6236
f 6236 6224 6225
f 6238 6223 6237
f 6237 6223 6224
f 6239 6222 6238
f 6238 6222 6223
f 6240 6221 6239
f 6239 6221 6222
f 6241 6220 6240
f 6240 6220 6221
f 6242 6219 6241
f 6241 6219 6220
f 6243 6218 6242
f 6242 6218 6219
f 6244 6217 6243
f 6243 6217 6218
f 6208 6198 6244
f 6244 6198 6217
f 6245 6235 6246
f 6246 6235 6247
f 6247 6234 6248
f 6235 6234 6247
f 6233 6232 6234
f 6234 6232 6248
f 6232 6231 6248
f 6249 6227 6250
f 6250 6227 6251
f 6251 6227 6252
f 6252 6227 6253
f 6249 6226 6227
f 6248 6229 6249
f 6230 6229 6231
f 6226 6229 6228
f 6231 6229 6248
f 6249 6229 6226
f 6235 6236 6216
f 6245 6236 6235
f 6245 6237 6236
f 6246 6238 6245
f 6245 6238 6237
f 6247 6239 6246
f 6246 6239 6238
f 6248 6240 6247
f 6247 6240 6239
f 6249 6241 6248
f 6248 6241 6240
f 6250 6242 6249
f 6249 6242 6241
f 6251 6243 6250
f 6250 6243 6242
f 6252 6244 6251
f 6253 6244 6252
f 6251 6244 6243
f 6227 6208 6253
f 6253 6208 6244
f 6254 6255 6256
f 6256 6255 6257
f 6257 6255 6258
f 6254 6259 6255
f 6260 6261 6262
f 6262 6261 6259
f 6259 6261 6255
f 6260 6263 6261
f 6261 6264 6255
f 6265 6266 6260
f 6260 6266 6263
f 6265 6267 6266
f 6255 6268 6269
f 6264 6268 6255
f 6265 6270 6267
f 6269 6271 6272
f 6268 6273 6269
f 6269 6274 6271
f 6269 6275 6274
f 6269 6276 6275
f 6277 6278 6273
f 6273 6278 6269
f 6269 6278 6276
f 6279 6280 6277
f 6277 6280 6278
f 6281 6282 6279
f 6279 6282 6280
f 6283 6284 6281
f 6281 6284 6282
f 6265 6285 6286
f 6265 6287 6285
f 6265 6288 6287
f 6265 6289 6288
f 6290 6289 6265
f 6291 6290 6260
f 6292 6291 6262
f 6293 6292 6262
f 6294 6293 6262
f 6295 6294 6262
f 6259 6295 6262
f 6296 6290 6265
f 6296 6260 6290
f 6297 6265 6260
f 6297 6260 6296
f 6297 6296 6265
f 6298 6291 6260
f 6298 6262 6291
f 6299 6260 6262
f 6299 6298 6260
f 6299 6262 6298
f 6265 6300 6270
f 6286 6300 6265
f 6301 6302 6303
f 6303 6302 6286
f 6286 6302 6300
f 6301 6304 6302
f 6301 6305 6304
f 6305 6306 6304
f 6305 6307 6306
f 6306 6308 6309
f 6307 6308 6306
f 6310 6284 6283
f 6308 6311 6309
f 6312 6313 6314
f 6314 6313 6310
f 6310 6313 6284
f 6309 6315 6316
f 6311 6315 6309
f 6317 6318 6312
f 6312 6318 6313
f 6315 6319 6316
f 6319 6320 6316
f 6317 6321 6318
f 6316 6322 6317
f 6317 6322 6321
f 6320 6322 6316
f 6267 6323 6324
f 6300 6323 6270
f 6270 6323 6267
f 6300 6325 6323
f 6324 6266 6267
f 6326 6261 6263
f 6326 6263 6266
f 6326 6266 6324
f 6327 6264 6261
f 6327 6261 6326
f 6328 6264 6327
f 6329 6268 6264
f 6329 6264 6328
f 6330 6273 6268
f 6330 6268 6329
f 6331 6273 6330
f 6332 6277 6273
f 6332 6273 6331
f 6333 6279 6277
f 6333 6277 6332
f 6334 6281 6279
f 6334 6279 6333
f 6335 6281 6334
f 6336 6281 6335
f 6336 6283 6281
f 6337 6310 6336
f 6336 6310 6283
f 6284 6313 6338
f 6284 6338 6339
f 6284 6339 6340
f 6284 6340 6341
f 6342 6284 6341
f 6343 6280 6282
f 6343 6282 6342
f 6344 6345 6343
f 6346 6282 6284
f 6346 6284 6342
f 6346 6342 6282
f 6347 6348 6349
f 6347 6349 6278
f 6347 6278 6280
f 6350 6345 6348
f 6350 6280 6343
f 6350 6348 6347
f 6350 6347 6280
f 6350 6343 6345
f 6272 6351 6269
f 6352 6353 6351
f 6352 6351 6272
f 6354 6272 6271
f 6354 6352 6272
f 6355 6271 6274
f 6355 6354 6271
f 6356 6274 6275
f 6356 6355 6274
f 6276 6356 6275
f 6349 6276 6278
f 6348 6276 6349
f 6345 6276 6348
f 6344 6356 6276
f 6344 6276 6345
f 6357 6351 6353
f 6358 6351 6357
f 6255 6269 6358
f 6358 6269 6351
f 6359 6295 6259
f 6359 6294 6295
f 6359 6293 6294
f 6359 6292 6293
f 6254 6359 6259
f 6360 6359 6254
f 6361 6254 6256
f 6361 6360 6254
f 6362 6361 6256
f 6257 6362 6256
f 6363 6257 6258
f 6363 6362 6257
f 6358 6258 6255
f 6357 6363 6258
f 6357 6258 6358
f 6364 6292 6365
f 6364 6291 6292
f 6366 6290 6291
f 6366 6291 6364
f 6289 6290 6366
f 6367 6289 6366
f 6368 6369 6308
f 6307 6368 6308
f 6370 6368 6307
f 6305 6370 6307
f 6371 6370 6305
f 6301 6371 6305
f 6285 6303 6286
f 6287 6303 6285
f 6288 6303 6287
f 6289 6372 6303
f 6289 6303 6288
f 6373 6369 6374
f 6373 6374 6375
f 6373 6375 6311
f 6373 6311 6308
f 6373 6308 6369
f 6376 6372 6371
f 6376 6301 6303
f 6376 6371 6301
f 6376 6303 6372
f 6311 6377 6315
f 6374 6377 6375
f 6375 6377 6311
f 6374 6378 6377
f 6379 6338 6313
f 6379 6339 6338
f 6379 6340 6339
f 6379 6341 6340
f 6318 6379 6313
f 6380 6379 6318
f 6321 6380 6318
f 6381 6380 6321
f 6322 6381 6321
f 6382 6381 6322
f 6320 6382 6322
f 6383 6382 6320
f 6319 6383 6320
f 6377 6319 6315
f 6378 6383 6319
f 6378 6319 6377
f 6337 6314 6310
f 6384 6317 6312
f 6384 6312 6314
f 6384 6314 6337
f 6385 6316 6317
f 6385 6317 6384
f 6386 6316 6385
f 6387 6309 6316
f 6387 6316 6386
f 6388 6306 6309
f 6388 6309 6387
f 6389 6306 6388
f 6390 6304 6306
f 6390 6306 6389
f 6391 6302 6304
f 6391 6304 6390
f 6392 6300 6302
f 6392 6302 6391
f 6325 6300 6392
f 6393 6394 6395
f 6393 6395 6396
f 6397 6394 6393
f 6398 6397 6393
f 6327 6399 6398
f 6328 6398 6393
f 6328 6327 6398
f 6326 6400 6399
f 6326 6399 6327
f 6329 6393 6401
f 6329 6328 6393
f 6324 6402 6400
f 6324 6400 6326
f 6403 6401 6404
f 6323 6402 6324
f 6330 6329 6401
f 6405 6401 6403
f 6331 6330 6401
f 6406 6401 6405
f 6407 6401 6406
f 6408 6401 6407
f 6409 6331 6401
f 6409 6401 6408
f 6410 6332 6331
f 6410 6333 6332
f 6410 6331 6409
f 6411 6334 6333
f 6411 6333 6410
f 6412 6335 6334
f 6412 6336 6335
f 6412 6334 6411
f 6344 6413 6414
f 6343 6413 6344
f 6342 6415 6343
f 6343 6415 6413
f 6342 6341 6415
f 6341 6416 6415
f 6417 6356 6414
f 6414 6356 6344
f 6418 6355 6417
f 6417 6355 6356
f 6419 6354 6418
f 6418 6354 6355
f 6420 6352 6421
f 6421 6352 6419
f 6419 6352 6354
f 6422 6353 6420
f 6420 6353 6352
f 6353 6423 6357
f 6422 6423 6353
f 6424 6357 6425
f 6425 6357 6423
f 6426 6363 6424
f 6424 6363 6357
f 6426 6362 6363
f 6426 6427 6362
f 6427 6361 6362
f 6427 6360 6361
f 6427 6365 6360
f 6365 6359 6360
f 6365 6292 6359
f 6402 6428 6367
f 6402 6429 6428
f 6402 6430 6429
f 6402 6431 6430
f 6366 6402 6367
f 6364 6400 6366
f 6432 6398 6399
f 6433 6432 6399
f 6434 6433 6399
f 6365 6399 6364
f 6365 6434 6399
f 6435 6400 6402
f 6435 6402 6366
f 6435 6366 6400
f 6436 6399 6400
f 6436 6400 6364
f 6436 6364 6399
f 6374 6437 6438
f 6368 6437 6369
f 6369 6437 6374
f 6370 6439 6368
f 6368 6439 6437
f 6371 6440 6370
f 6370 6440 6439
f 6371 6441 6440
f 6372 6442 6371
f 6371 6442 6441
f 6289 6367 6372
f 6372 6367 6442
f 6438 6378 6374
f 6438 6443 6378
f 6444 6378 6443
f 6445 6383 6444
f 6444 6383 6378
f 6445 6446 6383
f 6446 6382 6383
f 6446 6381 6382
f 6446 6447 6381
f 6447 6380 6381
f 6447 6448 6380
f 6448 6379 6380
f 6448 6416 6379
f 6416 6341 6379
f 6325 6431 6402
f 6325 6402 6323
f 6392 6431 6325
f 6391 6449 6450
f 6391 6450 6431
f 6391 6431 6392
f 6390 6451 6449
f 6390 6449 6391
f 6389 6451 6390
f 6452 6451 6389
f 6453 6389 6388
f 6453 6452 6389
f 6454 6453 6388
f 6412 6337 6336
f 6455 6388 6387
f 6455 6454 6388
f 6456 6384 6337
f 6456 6337 6412
f 6457 6455 6387
f 6458 6385 6384
f 6458 6384 6456
f 6459 6457 6387
f 6460 6385 6458
f 6461 6387 6386
f 6461 6459 6387
f 6462 6386 6385
f 6462 6385 6460
f 6463 6461 6386
f 6463 6386 6462
f 6412 6416 6464
f 6412 6464 6465
f 6412 6465 6466
f 6412 6466 6456
f 6415 6416 6412
f 6413 6415 6411
f 6414 6413 6410
f 6467 6414 6410
f 6468 6467 6410
f 6469 6468 6410
f 6409 6469 6410
f 6470 6415 6412
f 6470 6411 6415
f 6471 6412 6411
f 6471 6411 6470
f 6471 6470 6412
f 6472 6413 6411
f 6472 6410 6413
f 6473 6411 6410
f 6473 6472 6411
f 6473 6410 6472
f 6408 6469 6409
f 6408 6468 6469
f 6474 6404 6401
f 6422 6420 6475
f 6476 6406 6405
f 6477 6417 6414
f 6477 6467 6468
f 6477 6414 6467
f 6477 6408 6407
f 6477 6468 6408
f 6478 6417 6477
f 6478 6477 6407
f 6479 6418 6417
f 6479 6407 6406
f 6479 6478 6407
f 6479 6417 6478
f 6480 6419 6418
f 6480 6418 6479
f 6480 6479 6406
f 6480 6406 6476
f 6480 6476 6419
f 6481 6421 6419
f 6481 6405 6403
f 6481 6476 6405
f 6481 6419 6476
f 6482 6421 6481
f 6482 6481 6403
f 6483 6420 6421
f 6483 6403 6404
f 6483 6421 6482
f 6483 6482 6403
f 6484 6474 6485
f 6484 6485 6486
f 6484 6486 6487
f 6484 6487 6475
f 6484 6420 6483
f 6484 6483 6404
f 6484 6404 6474
f 6484 6475 6420
f 6488 6401 6393
f 6489 6474 6488
f 6488 6474 6401
f 6490 6485 6489
f 6489 6485 6474
f 6491 6486 6490
f 6490 6486 6485
f 6492 6487 6491
f 6491 6487 6486
f 6423 6475 6492
f 6492 6475 6487
f 6423 6422 6475
f 6396 6489 6488
f 6396 6488 6393
f 6425 6423 6492
f 6432 6397 6398
f 6365 6427 6434
f 6493 6492 6491
f 6493 6491 6490
f 6493 6490 6489
f 6493 6489 6396
f 6493 6425 6492
f 6494 6424 6425
f 6494 6396 6395
f 6494 6493 6396
f 6494 6425 6493
f 6495 6494 6395
f 6495 6424 6494
f 6496 6426 6424
f 6496 6395 6394
f 6496 6495 6395
f 6496 6424 6495
f 6497 6426 6496
f 6497 6496 6394
f 6498 6427 6426
f 6498 6394 6397
f 6498 6426 6497
f 6498 6497 6394
f 6499 6433 6434
f 6499 6432 6433
f 6499 6498 6397
f 6499 6427 6498
f 6499 6397 6432
f 6499 6434 6427
f 6450 6429 6430
f 6450 6430 6431
f 6500 6442 6367
f 6500 6367 6428
f 6500 6428 6429
f 6500 6429 6450
f 6501 6441 6442
f 6502 6449 6451
f 6502 6501 6449
f 6502 6441 6501
f 6503 6440 6441
f 6503 6451 6452
f 6504 6439 6440
f 6504 6452 6453
f 6505 6504 6453
f 6505 6439 6504
f 6506 6437 6439
f 6506 6453 6454
f 6507 6455 6508
f 6507 6508 6509
f 6507 6509 6510
f 6507 6510 6511
f 6507 6511 6512
f 6507 6512 6438
f 6507 6438 6437
f 6507 6454 6455
f 6513 6450 6449
f 6513 6449 6501
f 6513 6500 6450
f 6513 6501 6442
f 6513 6442 6500
f 6514 6502 6451
f 6514 6451 6503
f 6514 6503 6441
f 6514 6441 6502
f 6515 6504 6440
f 6515 6452 6504
f 6515 6440 6503
f 6515 6503 6452
f 6516 6439 6505
f 6516 6506 6439
f 6516 6505 6453
f 6516 6453 6506
f 6517 6507 6437
f 6517 6454 6507
f 6517 6437 6506
f 6517 6506 6454
f 6512 6443 6438
f 6511 6518 6512
f 6512 6518 6443
f 6510 6519 6511
f 6511 6519 6518
f 6509 6520 6510
f 6510 6520 6519
f 6508 6521 6509
f 6509 6521 6520
f 6455 6522 6508
f 6508 6522 6521
f 6455 6457 6522
f 6523 6445 6444
f 6523 6461 6463
f 6524 6446 6445
f 6524 6463 6462
f 6525 6447 6446
f 6525 6462 6460
f 6526 6448 6447
f 6526 6460 6458
f 6527 6464 6416
f 6527 6465 6464
f 6527 6466 6465
f 6527 6456 6466
f 6527 6416 6448
f 6527 6458 6456
f 6528 6521 6522
f 6528 6522 6457
f 6528 6457 6459
f 6529 6520 6521
f 6529 6528 6459
f 6529 6521 6528
f 6530 6459 6461
f 6530 6529 6459
f 6531 6444 6530
f 6531 6530 6461
f 6531 6461 6523
f 6531 6523 6444
f 6532 6523 6463
f 6532 6463 6524
f 6532 6445 6523
f 6532 6524 6445
f 6533 6525 6446
f 6533 6462 6525
f 6533 6446 6524
f 6533 6524 6462
f 6534 6447 6525
f 6534 6525 6460
f 6534 6526 6447
f 6534 6460 6526
f 6535 6527 6448
f 6535 6526 6458
f 6535 6458 6527
f 6535 6448 6526
f 6536 6444 6443
f 6536 6443 6518
f 6536 6518 6519
f 6536 6519 6520
f 6536 6530 6444
f 6536 6529 6530
f 6536 6520 6529
f 6537 6538 6539
f 6539 6538 6540
f 6540 6541 6542
f 6543 6541 6538
f 6538 6541 6540
f 6544 6545 6543
f 6543 6545 6541
f 6546 6547 6548
f 6548 6547 6549
f 6550 6551 6552
f 6552 6551 6553
f 6554 6555 6556
f 6556 6555 6557
f 6554 6558 6555
f 6559 6560 6554
f 6554 6560 6558
f 6560 6561 6558
f 6561 6562 6558
f 6548 6563 6544
f 6545 6564 6549
f 6548 6564 6563
f 6544 6564 6545
f 6563 6564 6544
f 6549 6564 6548
f 6552 6565 6546
f 6553 6565 6552
f 6547 6566 6553
f 6546 6566 6547
f 6553 6566 6565
f 6565 6566 6546
f 6556 6567 6550
f 6550 6567 6551
f 6557 6567 6556
f 6551 6568 6557
f 6557 6568 6567
f 6567 6568 6551
f 6569 6570 6571
f 6572 6570 6569
f 6573 6540 6542
f 6574 6540 6573
f 6575 6576 6572
f 6575 6569 6577
f 6575 6577 6537
f 6575 6572 6569
f 6578 6579 6580
f 6578 6580 6576
f 6578 6576 6575
f 6581 6537 6539
f 6581 6539 6540
f 6581 6575 6537
f 6581 6540 6574
f 6582 6574 6583
f 6582 6583 6584
f 6582 6584 6579
f 6582 6581 6574
f 6582 6578 6575
f 6582 6579 6578
f 6582 6575 6581
f 6571 6585 6569
f 6569 6538 6577
f 6577 6538 6537
f 6585 6538 6569
f 6586 6543 6585
f 6585 6543 6538
f 6587 6544 6586
f 6586 6544 6543
f 6588 6589 6548
f 6589 6546 6548
f 6590 6591 6552
f 6591 6550 6552
f 6592 6554 6593
f 6593 6554 6556
f 6594 6595 6592
f 6592 6596 6554
f 6595 6596 6592
f 6596 6559 6554
f 6588 6597 6587
f 6544 6598 6548
f 6587 6598 6544
f 6548 6598 6588
f 6597 6598 6587
f 6588 6598 6597
f 6590 6599 6589
f 6589 6599 6546
f 6546 6600 6552
f 6552 6600 6590
f 6590 6600 6599
f 6599 6600 6546
f 6593 6601 6591
f 6556 6601 6593
f 6591 6601 6550
f 6550 6602 6556
f 6556 6602 6601
f 6601 6602 6550
f 6595 6594 6603
f 6595 6603 6604
f 6605 6561 6606
f 6562 6561 6605
f 6607 6604 6608
f 6607 6608 6609
f 6607 6609 6610
f 6611 6559 6596
f 6611 6596 6595
f 6611 6604 6607
f 6611 6595 6604
f 6612 6610 6613
f 6612 6613 6614
f 6612 6607 6610
f 6615 6614 6606
f 6615 6561 6560
f 6615 6560 6559
f 6615 6612 6614
f 6615 6607 6612
f 6615 6611 6607
f 6615 6606 6561
f 6615 6559 6611
f 6616 6617 6618
f 6616 6618 6542
f 6541 6616 6542
f 6619 6616 6541
f 6545 6619 6541
f 6620 6619 6545
f 6547 6621 6549
f 6622 6621 6547
f 6551 6623 6553
f 6624 6623 6551
f 6555 6625 6557
f 6626 6625 6555
f 6558 6626 6555
f 6627 6626 6558
f 6628 6627 6558
f 6562 6628 6558
f 6629 6545 6549
f 6629 6621 6620
f 6629 6620 6545
f 6629 6549 6621
f 6630 6623 6622
f 6630 6553 6623
f 6631 6547 6553
f 6631 6622 6547
f 6631 6553 6630
f 6631 6630 6622
f 6632 6625 6624
f 6632 6557 6625
f 6633 6551 6557
f 6633 6632 6624
f 6633 6557 6632
f 6633 6624 6551
f 6634 6635 6636
f 6634 6636 6571
f 6634 6571 6570
f 6637 6634 6570
f 6572 6637 6570
f 6638 6637 6572
f 6576 6638 6572
f 6639 6638 6576
f 6580 6639 6576
f 6640 6580 6579
f 6640 6639 6580
f 6641 6579 6584
f 6641 6640 6579
f 6642 6584 6583
f 6642 6641 6584
f 6643 6583 6574
f 6643 6642 6583
f 6644 6574 6573
f 6644 6643 6574
f 6618 6573 6542
f 6617 6644 6573
f 6617 6573 6618
f 6645 6646 6647
f 6645 6647 6594
f 6592 6645 6594
f 6648 6645 6592
f 6593 6648 6592
f 6649 6648 6593
f 6590 6650 6591
f 6651 6650 6590
f 6588 6652 6589
f 6653 6652 6588
f 6586 6654 6587
f 6655 6654 6586
f 6585 6655 6586
f 6635 6655 6585
f 6636 6635 6585
f 6571 6636 6585
f 6656 6593 6591
f 6656 6650 6649
f 6656 6649 6593
f 6656 6591 6650
f 6657 6652 6651
f 6657 6589 6652
f 6658 6590 6589
f 6658 6651 6590
f 6658 6589 6657
f 6658 6657 6651
f 6659 6654 6653
f 6659 6587 6654
f 6660 6588 6587
f 6660 6659 6653
f 6660 6587 6659
f 6660 6653 6588
f 6661 6628 6562
f 6661 6627 6628
f 6661 6562 6605
f 6662 6661 6605
f 6606 6662 6605
f 6663 6662 6606
f 6614 6663 6606
f 6664 6663 6614
f 6613 6664 6614
f 6665 6613 6610
f 6665 6664 6613
f 6666 6610 6609
f 6666 6665 6610
f 6667 6609 6608
f 6667 6666 6609
f 6668 6608 6604
f 6668 6667 6608
f 6669 6604 6603
f 6669 6668 6604
f 6647 6603 6594
f 6646 6669 6603
f 6646 6603 6647
f 6617 6670 6671
f 6616 6670 6617
f 6616 6672 6670
f 6616 6673 6672
f 6626 6674 6675
f 6626 6676 6674
f 6627 6676 6626
f 6627 6677 6676
f 6627 6678 6677
f 6673 6679 6680
f 6680 6679 6681
f 6619 6679 6616
f 6616 6679 6673
f 6620 6682 6619
f 6619 6682 6679
f 6682 6683 6679
f 6684 6685 6686
f 6686 6685 6687
f 6687 6685 6688
f 6688 6689 6690
f 6685 6689 6688
f 6685 6691 6689
f 6691 6692 6689
f 6693 6692 6685
f 6685 6692 6691
f 6625 6694 6624
f 6625 6695 6694
f 6626 6696 6625
f 6625 6696 6695
f 6690 6697 6698
f 6692 6697 6689
f 6698 6697 6699
f 6689 6697 6690
f 6696 6700 6695
f 6696 6701 6700
f 6702 6701 6703
f 6703 6701 6675
f 6626 6701 6696
f 6675 6701 6626
f 6704 6705 6706
f 6706 6705 6707
f 6704 6708 6705
f 6709 6708 6710
f 6710 6708 6711
f 6711 6708 6704
f 6681 6712 6713
f 6713 6712 6714
f 6714 6712 6684
f 6683 6712 6679
f 6685 6712 6693
f 6679 6712 6681
f 6684 6712 6685
f 6694 6715 6624
f 6624 6715 6623
f 6623 6715 6622
f 6715 6716 6622
f 6717 6718 6695
f 6715 6718 6716
f 6694 6718 6715
f 6695 6718 6694
f 6693 6719 6692
f 6692 6720 6697
f 6719 6720 6692
f 6721 6722 6719
f 6719 6722 6720
f 6722 6723 6720
f 6702 6724 6701
f 6695 6724 6717
f 6700 6724 6695
f 6725 6724 6702
f 6701 6724 6700
f 6705 6726 6707
f 6707 6726 6727
f 6727 6726 6725
f 6724 6726 6717
f 6725 6726 6724
f 6717 6726 6705
f 6720 6728 6697
f 6697 6728 6699
f 6720 6729 6728
f 6723 6729 6720
f 6730 6729 6723
f 6699 6731 6732
f 6732 6731 6733
f 6728 6731 6699
f 6729 6734 6728
f 6731 6734 6733
f 6728 6734 6731
f 6733 6735 6736
f 6736 6735 6709
f 6709 6735 6708
f 6730 6735 6729
f 6734 6735 6733
f 6729 6735 6734
f 6682 6737 6683
f 6620 6737 6682
f 6622 6737 6621
f 6621 6737 6620
f 6716 6737 6622
f 6716 6738 6737
f 6737 6738 6683
f 6712 6739 6693
f 6683 6739 6712
f 6738 6739 6683
f 6739 6740 6693
f 6719 6740 6721
f 6721 6740 6716
f 6716 6740 6738
f 6693 6740 6719
f 6738 6740 6739
f 6718 6741 6716
f 6716 6741 6721
f 6717 6741 6718
f 6722 6741 6723
f 6723 6741 6730
f 6721 6741 6722
f 6708 6742 6705
f 6735 6742 6708
f 6717 6742 6741
f 6730 6742 6735
f 6705 6742 6717
f 6741 6742 6730
f 6743 6744 6745
f 6743 6746 6744
f 6746 6747 6744
f 6746 6748 6747
f 6748 6749 6747
f 6748 6750 6749
f 6751 6752 6750
f 6753 6754 6750
f 6750 6754 6751
f 6753 6755 6754
f 6750 6756 6749
f 6752 6756 6750
f 6753 6757 6755
f 6756 6758 6749
f 6758 6759 6749
f 6760 6761 6759
f 6759 6762 6749
f 6761 6762 6759
f 6763 6764 6760
f 6760 6764 6761
f 6765 6766 6763
f 6763 6766 6764
f 6762 6767 6749
f 6765 6768 6766
f 6769 6638 6770
f 6638 6639 6770
f 6770 6639 6771
f 6769 6637 6638
f 6772 6637 6769
f 6772 6634 6637
f 6773 6634 6772
f 6771 6640 6774
f 6639 6640 6771
f 6773 6635 6634
f 6641 6775 6640
f 6640 6775 6774
f 6641 6642 6775
f 6644 6776 6643
f 6643 6776 6642
f 6642 6776 6775
f 6617 6671 6644
f 6644 6671 6776
f 6774 6749 6767
f 6774 6767 6771
f 6773 6777 6635
f 6777 6655 6635
f 6777 6778 6655
f 6779 6654 6778
f 6778 6654 6655
f 6780 6653 6779
f 6779 6653 6654
f 6781 6652 6780
f 6780 6652 6653
f 6782 6651 6781
f 6781 6651 6652
f 6783 6650 6782
f 6782 6650 6651
f 6784 6649 6783
f 6783 6649 6650
f 6784 6648 6649
f 6784 6785 6648
f 6785 6645 6648
f 6785 6786 6645
f 6786 6646 6645
f 6787 6788 6789
f 6790 6788 6787
f 6790 6791 6788
f 6792 6793 6790
f 6790 6793 6791
f 6792 6794 6793
f 6794 6795 6796
f 6792 6795 6794
f 6797 6798 6799
f 6800 6801 6797
f 6797 6801 6798
f 6796 6802 6803
f 6795 6802 6796
f 6804 6805 6800
f 6800 6805 6801
f 6803 6806 6804
f 6802 6806 6803
f 6804 6806 6805
f 6795 6807 6802
f 6802 6808 6806
f 6807 6809 6802
f 6807 6810 6809
f 6811 6646 6786
f 6811 6669 6646
f 6812 6669 6811
f 6807 6813 6810
f 6813 6814 6810
f 6812 6668 6669
f 6815 6668 6812
f 6816 6667 6815
f 6815 6667 6668
f 6817 6666 6816
f 6816 6666 6667
f 6662 6678 6661
f 6661 6678 6627
f 6664 6818 6663
f 6663 6818 6662
f 6662 6818 6678
f 6664 6819 6818
f 6666 6819 6665
f 6665 6819 6664
f 6817 6820 6666
f 6666 6820 6819
f 6802 6820 6817
f 6802 6817 6808
f 6677 6678 6821
f 6822 6676 6823
f 6674 6676 6822
f 6824 6674 6822
f 6675 6674 6824
f 6825 6675 6824
f 6703 6675 6825
f 6826 6703 6825
f 6702 6703 6826
f 6827 6702 6826
f 6725 6702 6827
f 6828 6725 6827
f 6727 6725 6828
f 6829 6727 6828
f 6707 6829 6830
f 6707 6727 6829
f 6831 6830 6832
f 6706 6707 6830
f 6706 6830 6831
f 6833 6676 6677
f 6833 6821 6834
f 6833 6834 6823
f 6833 6677 6821
f 6833 6823 6676
f 6835 6836 6837
f 6835 6838 6836
f 6839 6840 6835
f 6835 6840 6838
f 6841 6842 6843
f 6843 6842 6839
f 6839 6842 6840
f 6844 6845 6846
f 6846 6845 6841
f 6842 6845 6847
f 6841 6845 6842
f 6847 6848 6849
f 6845 6848 6847
f 6848 6850 6849
f 6851 6852 6844
f 6844 6852 6845
f 6849 6853 6854
f 6850 6853 6849
f 6853 6855 6854
f 6854 6855 6856
f 6837 6857 6858
f 6858 6857 6706
f 6857 6859 6706
f 6860 6861 6862
f 6862 6861 6863
f 6863 6861 6836
f 6836 6861 6837
f 6857 6861 6859
f 6837 6861 6857
f 6861 6864 6859
f 6860 6864 6861
f 6706 6864 6704
f 6859 6864 6706
f 6860 6865 6864
f 6864 6865 6704
f 6704 6865 6866
f 6866 6865 6867
f 6867 6865 6868
f 6868 6865 6860
f 6687 6869 6870
f 6870 6869 6851
f 6852 6871 6872
f 6872 6871 6873
f 6687 6871 6869
f 6869 6871 6851
f 6851 6871 6852
f 6873 6874 6875
f 6688 6874 6687
f 6687 6874 6871
f 6871 6874 6873
f 6875 6876 6877
f 6874 6876 6875
f 6874 6878 6876
f 6877 6878 6879
f 6879 6878 6880
f 6880 6878 6688
f 6688 6878 6874
f 6876 6878 6877
f 6881 6882 6883
f 6881 6883 6884
f 6881 6884 6885
f 6881 6885 6886
f 6881 6886 6688
f 6690 6881 6688
f 6887 6881 6690
f 6698 6887 6690
f 6888 6887 6698
f 6732 6889 6890
f 6732 6890 6699
f 6736 6891 6892
f 6736 6892 6733
f 6710 6893 6709
f 6894 6893 6710
f 6711 6894 6710
f 6895 6894 6711
f 6896 6895 6711
f 6897 6896 6711
f 6898 6897 6711
f 6899 6898 6711
f 6704 6899 6711
f 6900 6890 6888
f 6900 6698 6699
f 6900 6888 6698
f 6900 6699 6890
f 6901 6892 6889
f 6901 6733 6892
f 6902 6732 6733
f 6902 6889 6732
f 6902 6733 6901
f 6902 6901 6889
f 6903 6893 6891
f 6903 6709 6893
f 6904 6736 6709
f 6904 6903 6891
f 6904 6709 6903
f 6904 6891 6736
f 6686 6687 6905
f 6906 6684 6907
f 6714 6684 6906
f 6908 6714 6906
f 6713 6714 6908
f 6909 6713 6908
f 6681 6713 6909
f 6910 6681 6909
f 6680 6681 6910
f 6911 6680 6910
f 6673 6680 6911
f 6912 6673 6911
f 6672 6673 6912
f 6913 6672 6912
f 6670 6913 6914
f 6670 6672 6913
f 6915 6914 6916
f 6671 6670 6914
f 6671 6914 6915
f 6917 6684 6686
f 6917 6905 6918
f 6917 6918 6907
f 6917 6686 6905
f 6917 6907 6684
f 6746 6919 6920
f 6746 6921 6919
f 6746 6922 6921
f 6746 6923 6922
f 6746 6743 6923
f 6924 6746 6920
f 6753 6750 6925
f 6926 6753 6925
f 6927 6926 6925
f 6928 6927 6925
f 6929 6928 6925
f 6930 6929 6925
f 6931 6748 6746
f 6931 6924 6932
f 6931 6746 6924
f 6931 6932 6748
f 6933 6750 6748
f 6933 6748 6932
f 6934 6932 6925
f 6934 6933 6932
f 6934 6750 6933
f 6934 6925 6750
f 6753 6935 6757
f 6935 6936 6757
f 6935 6937 6936
f 6938 6939 6937
f 6937 6939 6936
f 6940 6941 6938
f 6938 6941 6939
f 6942 6943 6940
f 6940 6943 6941
f 6944 6945 6942
f 6942 6945 6943
f 6946 6947 6944
f 6944 6947 6945
f 6948 6949 6946
f 6946 6949 6947
f 6948 6950 6949
f 6948 6951 6950
f 6951 6952 6950
f 6951 6787 6952
f 6787 6789 6952
f 6755 6757 6953
f 6755 6953 6954
f 6955 6755 6954
f 6754 6755 6955
f 6956 6754 6955
f 6751 6754 6956
f 6957 6751 6956
f 6752 6751 6957
f 6958 6752 6957
f 6756 6752 6958
f 6959 6756 6958
f 6758 6756 6959
f 6960 6758 6959
f 6759 6758 6960
f 6961 6759 6960
f 6760 6759 6961
f 6962 6760 6961
f 6763 6962 6963
f 6763 6760 6962
f 6964 6963 6965
f 6765 6763 6963
f 6765 6963 6964
f 6765 6966 6768
f 6966 6967 6768
f 6966 6968 6967
f 6969 6970 6968
f 6968 6970 6967
f 6971 6972 6969
f 6969 6972 6970
f 6973 6974 6971
f 6971 6974 6972
f 6975 6976 6973
f 6973 6976 6974
f 6977 6978 6975
f 6975 6978 6976
f 6979 6980 6977
f 6977 6980 6978
f 6979 6981 6980
f 6979 6982 6981
f 6982 6983 6981
f 6982 6799 6983
f 6799 6798 6983
f 6766 6768 6984
f 6766 6984 6985
f 6986 6766 6985
f 6764 6766 6986
f 6987 6764 6986
f 6761 6764 6987
f 6988 6761 6987
f 6762 6761 6988
f 6989 6762 6988
f 6767 6762 6989
f 6990 6767 6989
f 6771 6767 6990
f 6991 6771 6990
f 6770 6771 6991
f 6992 6770 6991
f 6769 6770 6992
f 6993 6769 6992
f 6772 6993 6994
f 6772 6769 6993
f 6995 6994 6996
f 6773 6772 6994
f 6773 6994 6995
f 6997 6998 6999
f 6997 7000 6998
f 7001 6999 6774
f 7001 6774 6775
f 7001 6775 6776
f 7001 6997 6999
f 7002 6915 6916
f 7002 6916 7003
f 7002 7003 7000
f 7002 6997 7001
f 7002 7000 6997
f 7004 6776 6671
f 7004 6671 6915
f 7004 7001 6776
f 7004 6915 7002
f 7004 7002 7001
f 6774 7005 7006
f 6774 7006 7007
f 6774 7007 6749
f 7008 6774 7009
f 7008 7005 6774
f 7010 7005 7008
f 7011 7005 7010
f 7012 7005 7011
f 7013 6747 7014
f 6747 7015 7016
f 6747 6749 7015
f 6745 7017 7018
f 7018 7017 7019
f 7019 7017 7020
f 7020 7017 7021
f 7021 7017 7022
f 7022 7017 7023
f 6744 7017 6745
f 7023 7017 6744
f 7023 7024 7013
f 6747 7024 6744
f 6744 7024 7023
f 7013 7024 6747
f 7014 7025 7016
f 6747 7025 7014
f 7016 7025 6747
f 6777 6995 6996
f 6777 6773 6995
f 7026 6777 6996
f 6778 6777 7026
f 7027 6778 7026
f 6779 6778 7027
f 7028 6780 7029
f 6781 6780 7028
f 7030 6782 7031
f 6783 6782 7030
f 7032 6784 7033
f 6785 6784 7032
f 7034 6785 7032
f 6786 6785 7034
f 7035 6786 7034
f 7036 7035 7034
f 7037 7027 7029
f 7037 6780 6779
f 7037 6779 7027
f 7037 7029 6780
f 7038 6782 6781
f 7038 7031 6782
f 7039 7028 7031
f 7039 6781 7028
f 7039 7031 7038
f 7039 7038 6781
f 7040 6784 6783
f 7040 7033 6784
f 7041 7030 7033
f 7041 7040 6783
f 7041 7033 7040
f 7041 6783 7030
f 6790 6787 7042
f 6790 7042 7043
f 6790 7043 7044
f 6790 7044 7045
f 6790 7045 7046
f 7047 6792 6790
f 7047 6790 7046
f 6813 6807 7048
f 7049 6813 7048
f 7050 7049 7048
f 7051 7050 7048
f 7052 7051 7048
f 7053 7052 7048
f 7054 6795 6792
f 7054 7047 7055
f 7054 6792 7047
f 7054 7055 6795
f 7056 6807 6795
f 7056 6795 7055
f 7057 7055 7048
f 7057 7056 7055
f 7057 6807 7056
f 7057 7048 6807
f 7058 6810 6814
f 7059 7060 6809
f 7061 6802 6809
f 7062 7063 7064
f 7064 7063 7065
f 7065 7063 7066
f 7066 7063 7058
f 7059 7063 7062
f 7058 7063 6810
f 6810 7067 6809
f 7059 7067 7063
f 7063 7067 6810
f 6809 7067 7059
f 7061 7068 7069
f 7069 7068 7060
f 7060 7068 6809
f 6809 7068 7061
f 7070 7071 7072
f 7073 7071 7070
f 6820 7073 7074
f 6820 7074 7075
f 6820 7076 7071
f 6820 7071 7073
f 6820 6802 7077
f 6820 7077 7076
f 7078 6834 6821
f 7078 7079 7080
f 7078 7080 6834
f 7081 6821 6678
f 7081 6678 6818
f 7081 6818 6819
f 7081 7078 6821
f 7082 7083 7084
f 7082 7084 7079
f 7082 7079 7078
f 7085 6819 6820
f 7085 6820 7083
f 7085 7081 6819
f 7085 7078 7081
f 7085 7083 7082
f 7085 7082 7078
f 6811 7035 7036
f 6811 6786 7035
f 7086 6811 7036
f 6812 6811 7086
f 7087 6812 7086
f 6815 6812 7087
f 7088 6815 7087
f 6816 6815 7088
f 7089 6816 7088
f 6817 6816 7089
f 7090 6817 7089
f 6808 6817 7090
f 7091 6808 7090
f 6806 6808 7091
f 7092 6806 7091
f 6805 6806 7092
f 7093 6805 7092
f 6801 7093 7094
f 6801 6805 7093
f 7095 7094 7096
f 6798 6801 7094
f 6798 7094 7095
f 6797 6799 7097
f 6797 7097 7098
f 7099 6797 7098
f 6800 6797 7099
f 7100 6800 7099
f 6804 6800 7100
f 7101 6804 7100
f 6803 6804 7101
f 7102 6803 7101
f 6796 6803 7102
f 7103 6796 7102
f 6794 6796 7103
f 7104 6794 7103
f 6793 6794 7104
f 7105 6793 7104
f 6791 6793 7105
f 7106 6791 7105
f 6788 7106 7107
f 6788 6791 7106
f 7108 7107 7109
f 6789 6788 7107
f 6789 7107 7108
f 6823 6834 7110
f 6822 6823 7110
f 6830 7111 6832
f 6829 7111 6830
f 7112 7110 7113
f 7112 7113 7114
f 7112 6822 7110
f 7115 6824 6822
f 7115 6825 6824
f 7115 6826 6825
f 7115 6822 7112
f 7116 7114 7117
f 7116 7117 7111
f 7116 6829 6828
f 7116 7112 7114
f 7116 7111 6829
f 7118 6827 6826
f 7118 6828 6827
f 7118 6826 7115
f 7118 7115 7112
f 7118 7116 6828
f 7118 7112 7116
f 6844 6846 7119
f 6844 7119 7120
f 7121 6844 7120
f 6687 6870 7122
f 6905 6687 7122
f 6918 6905 7122
f 7123 7121 7124
f 7123 6851 6844
f 7123 6844 7121
f 7123 7124 6851
f 7125 6870 6851
f 7125 6851 7124
f 7126 7124 7122
f 7126 6870 7125
f 7126 7125 7124
f 7126 7122 6870
f 6877 7127 7128
f 7129 7130 7131
f 7129 7131 7132
f 7129 7132 7133
f 7134 7129 6879
f 6882 7134 6880
f 6883 6882 6880
f 6884 6883 6880
f 6885 6884 6880
f 6886 6885 6880
f 6688 6886 6880
f 7135 7133 7136
f 7135 7129 7133
f 7135 6879 7129
f 7137 7136 7127
f 7137 6877 6879
f 7137 7127 6877
f 7137 7135 7136
f 7137 6879 7135
f 7138 7134 6879
f 7138 6880 7134
f 7139 6879 6880
f 7139 6880 7138
f 7139 7138 6879
f 6877 7140 6875
f 7141 7142 7140
f 7141 7140 6877
f 7143 7144 7142
f 7143 7142 7141
f 7145 7144 7143
f 7142 6873 7140
f 7140 6873 6875
f 7144 7146 7142
f 7142 7146 6873
f 7146 6872 6873
f 7146 7147 6872
f 7147 6852 6872
f 7148 7149 7150
f 7151 6845 6852
f 7150 7152 7153
f 7153 7152 7154
f 7155 7152 7156
f 7156 7152 7149
f 7149 7152 7150
f 7154 7157 7158
f 7158 7157 7151
f 7152 7157 7154
f 7151 7157 6845
f 6845 7159 7160
f 7160 7159 7155
f 7157 7159 6845
f 7152 7159 7157
f 7155 7159 7152
f 6848 7161 6850
f 6850 7161 7162
f 7162 7161 7163
f 7163 7161 7164
f 7164 7161 7165
f 7165 7161 7166
f 7166 7161 6845
f 6845 7161 6848
f 7167 7165 7166
f 7168 7164 7165
f 7168 7165 7167
f 7169 7163 7164
f 7169 7164 7168
f 7170 7162 7163
f 7170 7163 7169
f 7171 6850 7162
f 7171 7162 7170
f 6853 6850 7171
f 7172 7167 7173
f 7174 7168 7175
f 7175 7168 7172
f 7172 7168 7167
f 7174 7169 7168
f 7176 7170 7177
f 7176 7171 7170
f 7176 6855 7171
f 6855 6853 7171
f 7169 7178 7170
f 7177 7178 7174
f 7174 7178 7169
f 7170 7178 7177
f 7179 6888 6890
f 7180 6887 6888
f 7180 6888 7179
f 7181 6890 6889
f 7181 7179 6890
f 7182 6881 6887
f 7182 6887 7180
f 7183 6882 6881
f 7183 6881 7182
f 7184 6889 6892
f 7184 7181 6889
f 7134 6882 7183
f 7185 7134 7183
f 7186 7184 6892
f 6891 7186 6892
f 7129 7134 7185
f 7187 7129 7185
f 7188 7186 6891
f 7130 7129 7187
f 6893 7188 6891
f 7189 7130 7187
f 7190 7130 7189
f 7191 7188 6893
f 6894 7191 6893
f 7192 7190 7189
f 7192 7189 7193
f 7194 7191 6894
f 7174 7192 7177
f 7174 7195 7192
f 7176 7177 7192
f 7176 7192 7193
f 7175 7195 7174
f 7172 7195 7175
f 6855 7176 7193
f 7173 7195 7172
f 6895 7194 6894
f 6856 6855 7193
f 6856 7193 7196
f 7197 6856 7196
f 7198 7194 6895
f 7198 7199 7194
f 7200 7197 7196
f 7201 7202 7203
f 7201 7203 7200
f 7201 7200 7196
f 7204 7202 7201
f 7205 7202 7204
f 7206 7205 7204
f 7207 7199 7198
f 7207 7208 7199
f 7209 7210 7208
f 7209 7208 7207
f 7211 7210 7209
f 7211 7196 7210
f 7211 7201 7196
f 6856 7197 6854
f 7200 7212 7197
f 7197 7212 6854
f 7200 7213 7212
f 7205 7214 7202
f 7206 7215 7205
f 7205 7215 7214
f 7206 7216 7215
f 7202 7217 7203
f 7203 7217 7200
f 7213 7217 7214
f 7200 7217 7213
f 7214 7217 7202
f 6854 7218 6849
f 7212 7219 7218
f 7212 7218 6854
f 7213 7220 7219
f 7213 7219 7212
f 7214 7221 7220
f 7214 7220 7213
f 7215 7222 7221
f 7215 7221 7214
f 7216 7222 7215
f 7222 7223 7221
f 7221 7223 7220
f 7220 7223 7219
f 7219 7223 7218
f 7218 7223 6849
f 6849 7223 6847
f 6842 7223 7222
f 6847 7223 6842
f 7224 6840 6842
f 7225 6836 6838
f 7226 7227 7228
f 7228 7227 7229
f 7229 7227 7230
f 7230 7227 7231
f 7232 7233 7234
f 7234 7233 7226
f 7226 7233 7227
f 6840 7235 6838
f 7231 7235 7236
f 7236 7235 7224
f 7227 7235 7231
f 7224 7235 6840
f 7225 7237 7238
f 7238 7237 7232
f 7235 7237 6838
f 7232 7237 7233
f 7233 7237 7227
f 7227 7237 7235
f 6838 7237 7225
f 6862 6863 7239
f 6863 6836 7239
f 6862 7240 6860
f 6860 7240 7241
f 7241 7240 7242
f 7242 7240 7243
f 7243 7240 7239
f 7239 7240 6862
f 7244 7242 7243
f 7245 7241 7242
f 7245 7242 7244
f 7246 6860 7241
f 7246 7241 7245
f 6868 6860 7246
f 7198 6895 6896
f 6866 6899 6704
f 6866 6898 6899
f 6866 6897 6898
f 6867 7207 7198
f 7247 7209 7207
f 7248 7247 7207
f 7249 7248 7207
f 7250 7249 7207
f 7251 6896 6897
f 7251 6897 6866
f 7251 7198 6896
f 7251 6867 7198
f 7252 6866 6867
f 7252 7251 6866
f 7252 6867 7251
f 7253 7254 7250
f 7253 7207 6867
f 7253 7250 7207
f 7255 7256 7257
f 7255 7257 7254
f 7255 6867 6868
f 7255 6868 7256
f 7255 7254 7253
f 7255 7253 6867
f 6858 6706 6831
f 6858 6831 6832
f 7258 6858 6832
f 7259 7260 7261
f 7259 6835 7260
f 6839 6835 7259
f 7262 6837 6858
f 7262 6858 7258
f 7263 7258 7264
f 7263 7262 7258
f 7263 6837 7262
f 7263 7264 6837
f 7265 6835 6837
f 7265 6837 7264
f 7266 7264 7260
f 7266 7265 7264
f 7266 6835 7265
f 7266 7260 6835
f 7267 7268 7269
f 6839 7259 7261
f 7270 7271 7268
f 7270 7268 7267
f 7272 7273 7271
f 7272 7271 7270
f 7274 7273 7272
f 7275 6843 6839
f 7275 7261 7273
f 7275 6839 7261
f 7275 7273 7274
f 7120 7119 6846
f 7276 7275 7277
f 7276 6843 7275
f 7278 6841 6843
f 7278 6843 7276
f 7279 7280 7120
f 7279 6846 6841
f 7279 7120 6846
f 7279 6841 7278
f 7281 7279 7278
f 7282 7283 7280
f 7282 7280 7279
f 7284 7285 7283
f 7284 7283 7282
f 7286 7285 7284
f 7287 7288 7285
f 7287 7285 7286
f 7289 6914 6913
f 7289 6916 6914
f 7290 6906 6907
f 6918 7290 6907
f 7291 6911 6910
f 7291 6912 6911
f 7292 6913 6912
f 7292 7293 7294
f 7292 7294 7289
f 7292 7289 6913
f 7292 6912 7291
f 7295 6908 6906
f 7295 6909 6908
f 7295 6910 6909
f 7295 7291 6910
f 7296 7290 7297
f 7296 7297 7293
f 7296 7295 6906
f 7296 7292 7291
f 7296 7293 7292
f 7296 6906 7290
f 7296 7291 7295
f 7298 7299 7300
f 7298 7301 7299
f 7302 7303 7298
f 7298 7303 7301
f 7300 7304 7305
f 7299 7304 7300
f 6930 7306 7302
f 7302 7306 7303
f 6930 7307 7306
f 7305 7308 7309
f 7304 7308 7305
f 6930 6925 7307
f 6925 7310 7307
f 7309 7311 7312
f 7308 7311 7309
f 6925 6932 7310
f 6932 7313 7310
f 7311 7314 7312
f 7314 7315 7312
f 7313 6924 7316
f 6932 6924 7313
f 7317 7318 7314
f 7314 7318 7315
f 6924 7319 7316
f 7320 7321 7317
f 7317 7321 7318
f 6924 6920 7319
f 7322 7046 7320
f 7320 7046 7321
f 7323 7047 7322
f 7322 7047 7046
f 7053 7048 7324
f 7324 7048 7325
f 7323 7055 7047
f 7325 7055 7323
f 7048 7055 7325
f 6935 6753 6926
f 6935 6926 6927
f 6935 6927 6928
f 6935 6928 6929
f 6935 6929 6930
f 7302 6935 6930
f 6937 6935 7302
f 7298 6937 7302
f 6938 6937 7298
f 7305 6942 6940
f 7305 6940 7300
f 7312 6944 7309
f 6946 6944 7312
f 7318 6948 7315
f 6951 6948 7318
f 7321 6951 7318
f 6787 6951 7321
f 7042 6787 7321
f 7043 7042 7321
f 7044 7043 7321
f 7045 7044 7321
f 7046 7045 7321
f 7326 6940 6938
f 7326 7298 7300
f 7326 6938 7298
f 7326 7300 6940
f 7327 6944 6942
f 7327 7309 6944
f 7328 7305 7309
f 7328 6942 7305
f 7328 7309 7327
f 7328 7327 6942
f 7329 6948 6946
f 7329 7315 6948
f 7330 7312 7315
f 7330 7329 6946
f 7330 7315 7329
f 7330 6946 7312
f 6952 7108 7109
f 6952 6789 7108
f 7331 6952 7109
f 6950 6952 7331
f 7332 6950 7331
f 6949 6950 7332
f 7333 6947 7334
f 6945 6947 7333
f 7335 6943 7336
f 6941 6943 7335
f 7337 6939 7338
f 6936 6939 7337
f 7339 6936 7337
f 6757 6936 7339
f 6953 6757 7339
f 6954 6953 7339
f 7340 7332 7334
f 7340 6947 6949
f 7340 6949 7332
f 7340 7334 6947
f 7341 6943 6945
f 7341 7336 6943
f 7342 7333 7336
f 7342 6945 7333
f 7342 7336 7341
f 7342 7341 6945
f 7343 6939 6941
f 7343 7338 6939
f 7344 7335 7338
f 7344 7343 6941
f 7344 7338 7343
f 7344 6941 7335
f 6955 6954 7345
f 6956 6955 7345
f 6963 7346 6965
f 6962 7346 6963
f 7347 7345 7348
f 7347 7348 7349
f 7347 6956 7345
f 7350 6957 6956
f 7350 6958 6957
f 7350 6959 6958
f 7350 6956 7347
f 7351 7349 7352
f 7351 7352 7346
f 7351 6962 6961
f 7351 7347 7349
f 7351 7346 6962
f 7353 6960 6959
f 7353 6961 6960
f 7353 6959 7350
f 7353 7350 7347
f 7353 7351 6961
f 7353 7347 7351
f 6966 6765 6964
f 6966 6964 6965
f 7354 6966 6965
f 6968 6966 7354
f 7355 6968 7354
f 6969 6968 7355
f 7356 6971 7357
f 6973 6971 7356
f 7358 6975 7359
f 6977 6975 7358
f 7360 6979 7361
f 6982 6979 7360
f 7362 6982 7360
f 6799 6982 7362
f 7097 6799 7362
f 7098 7097 7362
f 7363 7355 7357
f 7363 6971 6969
f 7363 6969 7355
f 7363 7357 6971
f 7364 6975 6973
f 7364 7359 6975
f 7365 7356 7359
f 7365 6973 7356
f 7365 7359 7364
f 7365 7364 6973
f 7366 6979 6977
f 7366 7361 6979
f 7367 7358 7361
f 7367 7366 6977
f 7367 7361 7366
f 7367 6977 7358
f 6983 7095 7096
f 6983 6798 7095
f 7368 6983 7096
f 6981 6983 7368
f 7369 6981 7368
f 6980 6981 7369
f 7370 6978 7371
f 6976 6978 7370
f 7372 6974 7373
f 6972 6974 7372
f 7374 6970 7375
f 6967 6970 7374
f 7376 6967 7374
f 6768 6967 7376
f 6984 6768 7376
f 6985 6984 7376
f 7377 7369 7371
f 7377 6978 6980
f 7377 6980 7369
f 7377 7371 6978
f 7378 6974 6976
f 7378 7373 6974
f 7379 7370 7373
f 7379 6976 7370
f 7379 7373 7378
f 7379 7378 6976
f 7380 6970 6972
f 7380 7375 6970
f 7381 7372 7375
f 7381 7380 6972
f 7381 7375 7380
f 7381 6972 7372
f 6986 6985 7382
f 6987 6986 7382
f 6994 7383 6996
f 6993 7383 6994
f 7384 7382 7385
f 7384 7385 7386
f 7384 6987 7382
f 7387 6988 6987
f 7387 6989 6988
f 7387 6990 6989
f 7387 6987 7384
f 7388 7386 7389
f 7388 7389 7383
f 7388 6993 6992
f 7388 7384 7386
f 7388 7383 6993
f 7390 6991 6990
f 7390 6992 6991
f 7390 6990 7387
f 7390 7387 7384
f 7390 7388 6992
f 7390 7384 7388
f 7391 6999 6998
f 7392 7391 6998
f 7393 7392 6998
f 7009 6774 6999
f 7009 6999 7391
f 7293 7394 7294
f 7294 7394 7289
f 7289 7003 6916
f 7394 7003 7289
f 7395 6998 7000
f 7285 7288 7396
f 7396 7288 7397
f 7288 7398 7397
f 7398 7399 7397
f 7399 7400 7397
f 7395 7401 7394
f 7394 7401 7003
f 7000 7401 7395
f 7003 7402 7000
f 7401 7402 7003
f 7000 7402 7401
f 7396 7403 7395
f 7395 7403 6998
f 7397 7403 7396
f 6998 7404 7393
f 7393 7404 7397
f 7397 7404 7403
f 7403 7404 6998
f 7405 7406 7407
f 7408 7405 7407
f 7409 7410 7012
f 7011 7409 7012
f 7411 7407 7412
f 7411 7412 7413
f 7414 7415 7408
f 7414 7408 7407
f 7414 7407 7411
f 7416 7413 7410
f 7416 7411 7413
f 7416 7410 7409
f 7417 7409 7418
f 7417 7418 7415
f 7417 7416 7409
f 7417 7415 7414
f 7417 7411 7416
f 7417 7414 7411
f 7010 7409 7011
f 7010 7418 7409
f 7010 7415 7418
f 7010 7408 7415
f 7010 7405 7408
f 7008 7405 7010
f 7391 7008 7009
f 7391 7405 7008
f 7016 7419 7420
f 7016 7420 7014
f 7006 7005 7421
f 7006 7421 7419
f 7006 7419 7016
f 7007 7016 7015
f 7007 7006 7016
f 6749 7007 7015
f 7422 7012 7423
f 7424 7012 7422
f 7425 7422 7423
f 7426 7012 7424
f 7427 7425 7423
f 7428 7012 7426
f 7429 7425 7427
f 7430 7429 7427
f 7431 7430 7427
f 7432 7430 7431
f 7433 7432 7431
f 7434 7432 7433
f 7435 7434 7433
f 7436 7434 7435
f 7437 7436 7435
f 7438 7436 7437
f 7439 7438 7437
f 7439 7440 7438
f 7441 7442 7443
f 7444 7440 7439
f 7444 7441 7443
f 7444 7443 7440
f 7445 7442 7441
f 7445 7446 7442
f 7447 7446 7445
f 7447 7448 7446
f 7449 7450 7448
f 7451 7450 7449
f 7451 7452 7450
f 7453 7447 7454
f 7453 7448 7447
f 7453 7449 7448
f 7455 7452 7451
f 7456 7453 7454
f 7457 7456 7454
f 7458 7457 7459
f 7458 7456 7457
f 7460 7458 7459
f 7461 7458 7460
f 7005 7462 7463
f 7005 7463 7464
f 7465 7461 7460
f 7466 7005 7464
f 7467 7466 7464
f 7468 7461 7465
f 7469 7468 7465
f 7470 7468 7469
f 7471 7467 7472
f 7471 7466 7467
f 7473 7474 7475
f 7473 7475 7470
f 7473 7470 7469
f 7476 7472 7477
f 7476 7471 7472
f 7478 7479 7474
f 7478 7474 7473
f 7480 7477 7479
f 7480 7476 7477
f 7480 7479 7478
f 7005 7012 7462
f 7462 7012 7455
f 7455 7012 7428
f 7455 7428 7452
f 7481 7482 7483
f 7484 7483 7482
f 7485 7482 7481
f 7486 7484 7482
f 7487 7486 7482
f 7488 7487 7482
f 7489 7485 7490
f 7489 7490 7491
f 7489 7482 7485
f 7492 7489 7491
f 7493 7492 7494
f 7493 7489 7492
f 7495 7493 7494
f 7495 7494 7496
f 7497 7495 7496
f 7498 7497 7496
f 7498 7496 7499
f 7500 7498 7499
f 7500 7499 7501
f 7502 7500 7501
f 7502 7501 7503
f 7504 7502 7503
f 7504 7503 7505
f 7506 7507 7488
f 7508 7509 7507
f 7508 7507 7506
f 7510 7506 7488
f 7510 7488 7482
f 7511 7504 7505
f 7511 7505 7509
f 7512 7511 7509
f 7512 7509 7508
f 7513 7510 7482
f 7514 7511 7512
f 7515 7511 7514
f 7516 7515 7514
f 7517 7515 7516
f 7518 7517 7516
f 7319 7513 7482
f 7319 7519 7520
f 7319 7520 7513
f 7521 7518 7522
f 7521 7517 7518
f 7523 7521 7522
f 7019 7524 7519
f 7019 7519 7319
f 7020 7524 7019
f 7020 7525 7524
f 7018 7019 7319
f 7021 7525 7020
f 7022 7526 7525
f 7022 7525 7021
f 6745 7018 7319
f 6920 6745 7319
f 6743 6745 6920
f 6919 6743 6920
f 6922 6923 6743
f 6921 6743 6919
f 6921 6922 6743
f 7527 7523 7522
f 7527 7522 7528
f 7529 7528 7530
f 7529 7527 7528
f 7531 7526 7022
f 7531 7532 7533
f 7531 7533 7526
f 7534 7532 7531
f 7535 7532 7534
f 7535 7530 7532
f 7535 7529 7530
f 7536 7421 7005
f 7536 7005 7466
f 7537 7421 7536
f 7538 7419 7421
f 7538 7421 7537
f 7539 7420 7419
f 7539 7419 7538
f 7013 7014 7420
f 7013 7420 7539
f 7013 7540 7023
f 7540 7541 7023
f 7521 7542 7517
f 7542 7543 7517
f 7022 7544 7531
f 7531 7544 7534
f 7534 7544 7535
f 7535 7544 7529
f 7545 7546 7547
f 7547 7546 7541
f 7023 7546 7022
f 7022 7546 7544
f 7541 7546 7023
f 7529 7548 7527
f 7527 7548 7523
f 7523 7548 7521
f 7544 7548 7529
f 7542 7549 7550
f 7550 7549 7551
f 7551 7549 7545
f 7546 7549 7544
f 7521 7549 7542
f 7548 7549 7521
f 7545 7549 7546
f 7544 7549 7548
f 7386 7552 7389
f 7389 7552 7383
f 7383 7026 6996
f 7553 7026 7552
f 7552 7026 7383
f 7554 7027 7553
f 7553 7027 7026
f 7555 7028 7556
f 7556 7028 7029
f 7557 7030 7558
f 7558 7030 7031
f 7559 7032 7560
f 7560 7032 7033
f 7559 7034 7032
f 7561 7562 7559
f 7559 7562 7034
f 7562 7563 7034
f 7563 7036 7034
f 7556 7564 7554
f 7027 7565 7029
f 7556 7565 7564
f 7554 7565 7027
f 7564 7565 7554
f 7029 7565 7556
f 7558 7566 7555
f 7031 7566 7558
f 7028 7567 7031
f 7555 7567 7028
f 7031 7567 7566
f 7566 7567 7555
f 7560 7568 7557
f 7557 7568 7030
f 7033 7568 7560
f 7030 7569 7033
f 7033 7569 7568
f 7568 7569 7030
f 6813 7049 7050
f 6813 7050 7051
f 6813 7051 7052
f 6813 7052 7053
f 6814 6813 7053
f 7058 7053 7324
f 7058 6814 7053
f 7066 7058 7324
f 7065 7066 7324
f 7570 7064 7065
f 7570 7065 7324
f 7571 7062 7064
f 7571 7064 7570
f 7572 7570 7324
f 7573 7062 7571
f 7573 7574 7062
f 7575 7572 7324
f 7576 7575 7324
f 7577 7574 7573
f 7577 7578 7574
f 7579 7578 7577
f 7580 7578 7579
f 7581 7580 7579
f 7582 7580 7581
f 7582 7581 7583
f 7584 7582 7583
f 7584 7583 7585
f 7586 7584 7585
f 7587 7586 7585
f 7587 7585 7588
f 7589 7587 7588
f 7589 7588 7590
f 7591 7589 7590
f 7591 7590 7592
f 7593 7591 7592
f 7593 7592 7594
f 7595 7593 7594
f 7595 7594 7596
f 7597 7598 7599
f 7600 7598 7597
f 7600 7596 7598
f 7601 7597 7599
f 7602 7596 7600
f 7602 7595 7596
f 7603 7576 7324
f 7603 7604 7601
f 7603 7601 7599
f 7603 7599 7576
f 7605 7604 7603
f 7606 7607 7595
f 7606 7595 7602
f 7608 7605 7603
f 7609 7607 7606
f 7610 7608 7603
f 7611 7607 7609
f 7612 7611 7609
f 7613 7610 7603
f 7614 7611 7612
f 7615 7613 7603
f 7616 7612 7617
f 7616 7614 7612
f 7618 7617 7619
f 7618 7616 7617
f 7620 7618 7619
f 7621 7620 7619
f 7621 7619 7622
f 7623 7622 7624
f 7623 7624 7625
f 7623 7625 7615
f 7623 7615 7603
f 7623 7621 7622
f 7589 7626 7587
f 7627 7626 7589
f 7626 7628 7587
f 7574 7059 7062
f 7629 7060 7059
f 7587 7630 7586
f 7586 7630 7584
f 7584 7630 7582
f 7631 7632 7633
f 7633 7632 7634
f 7634 7632 7628
f 7587 7632 7630
f 7628 7632 7587
f 7582 7635 7580
f 7580 7635 7578
f 7578 7635 7574
f 7630 7635 7582
f 7629 7636 7637
f 7637 7636 7631
f 7635 7636 7574
f 7059 7636 7629
f 7632 7636 7630
f 7574 7636 7059
f 7631 7636 7632
f 7630 7636 7635
f 7638 7060 7639
f 7638 7639 7640
f 7638 7640 7641
f 7638 7641 7642
f 7638 7642 7643
f 7638 7643 7071
f 7638 7071 7644
f 7638 7644 7645
f 7638 7645 7646
f 7638 7646 7069
f 7638 7069 7060
f 7061 7076 7077
f 7061 7069 7076
f 6802 7061 7077
f 7647 7644 7071
f 7647 7645 7644
f 7647 7646 7645
f 7647 7069 7646
f 7647 7071 7076
f 7647 7076 7069
f 7075 7083 6820
f 7648 7084 7083
f 7648 7083 7075
f 7649 7084 7648
f 7650 7084 7649
f 7073 7070 7651
f 7073 7651 7652
f 7073 7652 7653
f 7073 7653 7654
f 7073 7654 7655
f 7073 7655 7656
f 7074 7073 7656
f 7648 7074 7656
f 7075 7074 7648
f 7657 7655 7654
f 7658 7657 7654
f 7659 7651 7070
f 7072 7659 7070
f 7660 7654 7653
f 7661 7662 7658
f 7661 7658 7654
f 7661 7654 7660
f 7663 7652 7651
f 7663 7653 7652
f 7663 7660 7653
f 7664 7659 7665
f 7664 7665 7662
f 7664 7663 7651
f 7664 7660 7663
f 7664 7661 7660
f 7664 7651 7659
f 7664 7662 7661
f 7666 7071 7643
f 7666 7643 7667
f 7668 7643 7669
f 7668 7667 7643
f 7670 7071 7666
f 7671 7071 7670
f 7672 7668 7669
f 7673 7071 7671
f 7674 7672 7669
f 7675 7674 7669
f 7676 7674 7675
f 7677 7678 7676
f 7677 7676 7675
f 7679 7680 7678
f 7679 7678 7677
f 7681 7680 7679
f 7681 7682 7680
f 7683 7682 7681
f 7683 7684 7682
f 7685 7686 7687
f 7688 7684 7683
f 7688 7687 7684
f 7688 7685 7687
f 7689 7686 7685
f 7689 7690 7691
f 7689 7691 7686
f 7692 7690 7689
f 7692 7693 7690
f 7694 7692 7695
f 7694 7693 7692
f 7696 7693 7694
f 7696 7673 7693
f 7697 7695 7698
f 7697 7694 7695
f 7699 7673 7696
f 7700 7697 7698
f 7700 7698 7701
f 7702 7701 7703
f 7702 7700 7701
f 7704 7702 7703
f 7072 7705 7706
f 7072 7699 7705
f 7707 7706 7708
f 7707 7072 7706
f 7709 7710 7704
f 7709 7704 7703
f 7711 7708 7712
f 7711 7707 7708
f 7713 7714 7710
f 7713 7710 7709
f 7715 7712 7716
f 7715 7711 7712
f 7717 7718 7719
f 7717 7719 7714
f 7717 7714 7713
f 7720 7716 7721
f 7720 7715 7716
f 7722 7723 7718
f 7722 7718 7717
f 7724 7721 7723
f 7724 7720 7721
f 7724 7723 7722
f 7072 7071 7699
f 7699 7071 7673
f 7268 7725 7269
f 7269 7726 7727
f 7727 7726 7728
f 7728 7726 7729
f 7725 7726 7269
f 7730 7079 7084
f 7114 7113 7731
f 7731 7113 7080
f 7113 7110 7080
f 7110 6834 7080
f 7730 7732 7725
f 7084 7732 7730
f 7726 7733 7650
f 7650 7733 7084
f 7084 7733 7732
f 7725 7733 7726
f 7732 7733 7725
f 7731 7734 7730
f 7730 7734 7079
f 7080 7734 7731
f 7079 7735 7080
f 7734 7735 7079
f 7080 7735 7734
f 7736 7094 7093
f 7736 7096 7094
f 7563 7087 7086
f 7036 7563 7086
f 7737 7091 7090
f 7737 7092 7091
f 7738 7093 7092
f 7738 7561 7739
f 7738 7739 7736
f 7738 7736 7093
f 7738 7092 7737
f 7740 7088 7087
f 7740 7089 7088
f 7740 7090 7089
f 7740 7737 7090
f 7741 7563 7562
f 7741 7562 7561
f 7741 7740 7087
f 7741 7738 7737
f 7741 7561 7738
f 7741 7087 7563
f 7741 7737 7740
f 7742 7107 7106
f 7742 7109 7107
f 7743 7100 7099
f 7098 7743 7099
f 7744 7104 7103
f 7744 7105 7104
f 7745 7106 7105
f 7745 7746 7747
f 7745 7747 7742
f 7745 7742 7106
f 7745 7105 7744
f 7748 7101 7100
f 7748 7102 7101
f 7748 7103 7102
f 7748 7744 7103
f 7749 7743 7750
f 7749 7750 7746
f 7749 7748 7100
f 7749 7745 7744
f 7749 7746 7745
f 7749 7100 7743
f 7749 7744 7748
f 7261 7260 7273
f 7273 7260 7271
f 7260 7268 7271
f 7260 7725 7268
f 6832 7111 7258
f 7258 7111 7731
f 7111 7117 7731
f 7117 7114 7731
f 7264 7751 7260
f 7725 7752 7730
f 7264 7752 7751
f 7260 7752 7725
f 7730 7752 7264
f 7751 7752 7260
f 7258 7753 7264
f 7264 7753 7730
f 7731 7753 7258
f 7730 7754 7731
f 7731 7754 7753
f 7753 7754 7730
f 6918 7122 7290
f 7290 7394 7297
f 7297 7394 7293
f 7122 7394 7290
f 7124 7396 7395
f 7121 7120 7280
f 7280 7283 7121
f 7283 7285 7121
f 7124 7755 7122
f 7394 7756 7395
f 7124 7756 7755
f 7122 7756 7394
f 7395 7756 7124
f 7755 7756 7122
f 7121 7757 7124
f 7124 7757 7396
f 7396 7758 7285
f 7757 7758 7396
f 7121 7758 7757
f 7285 7758 7121
f 7759 7760 7761
f 7759 7762 7760
f 7128 7127 7762
f 7127 7136 7762
f 7762 7133 7760
f 7136 7133 7762
f 7760 7132 7763
f 7133 7132 7760
f 7763 7131 7130
f 7132 7131 7763
f 7764 7765 7766
f 7767 7768 7764
f 7764 7768 7765
f 7144 7145 7767
f 7767 7769 7768
f 7145 7769 7767
f 7766 7770 7771
f 7765 7770 7766
f 7145 7772 7769
f 7145 7773 7772
f 7771 7774 7775
f 7770 7774 7771
f 7761 7776 7145
f 7145 7776 7773
f 7776 7777 7773
f 7777 7778 7773
f 7778 7779 7773
f 7779 7780 7773
f 7774 7781 7775
f 7780 7782 7773
f 7781 7783 7775
f 7781 7784 7783
f 7784 7785 7783
f 7784 7786 7785
f 7786 7787 7785
f 7786 7788 7787
f 7789 7788 7786
f 7790 7791 7792
f 7792 7791 7782
f 7790 7793 7791
f 7794 7793 7790
f 7794 7795 7793
f 7795 7796 7793
f 7795 7797 7796
f 7797 7798 7796
f 7797 7799 7798
f 7798 7799 7800
f 7789 7801 7788
f 7802 7801 7803
f 7803 7801 7789
f 7799 7804 7800
f 7800 7804 7805
f 7802 7806 7801
f 7807 7806 7802
f 7804 7808 7805
f 7805 7808 7809
f 7809 7808 7810
f 7810 7811 7807
f 7807 7811 7806
f 7808 7811 7810
f 7791 7773 7782
f 7762 7141 7128
f 7128 7141 6877
f 7759 7761 7143
f 7761 7145 7143
f 7141 7812 7143
f 7759 7812 7762
f 7762 7812 7141
f 7143 7812 7759
f 7767 7764 7153
f 7154 7767 7153
f 7146 7144 7158
f 7147 7146 7158
f 7151 7147 7158
f 6852 7147 7151
f 7813 7150 7153
f 7813 7764 7766
f 7813 7766 7814
f 7813 7814 7815
f 7813 7815 7816
f 7813 7816 7817
f 7813 7817 7150
f 7813 7153 7764
f 7818 7144 7767
f 7818 7154 7158
f 7818 7767 7154
f 7818 7158 7144
f 7148 7150 7819
f 7820 7148 7819
f 7821 7149 7148
f 7821 7148 7822
f 7821 7822 7823
f 7821 7823 7824
f 7821 7824 7825
f 7821 7825 7826
f 7821 7826 7827
f 7828 7155 7156
f 7829 7160 7155
f 7830 7156 7149
f 7830 7149 7821
f 7830 7821 7827
f 7830 7831 7156
f 7830 7827 7831
f 7832 7827 7833
f 7832 7156 7831
f 7832 7831 7827
f 7832 7828 7156
f 7832 7833 7828
f 7834 7155 7828
f 7834 7828 7833
f 7835 7833 7166
f 7835 7834 7833
f 7835 7155 7834
f 7835 7166 7829
f 7835 7829 7155
f 7836 6845 7160
f 7836 7166 6845
f 7836 7160 7829
f 7836 7829 7166
f 7827 7837 7833
f 7826 7838 7827
f 7827 7838 7837
f 7837 7839 7833
f 7840 7841 7842
f 7842 7841 7826
f 7826 7841 7838
f 7833 7167 7166
f 7839 7167 7833
f 7839 7843 7167
f 7843 7844 7167
f 7843 7845 7844
f 7846 7847 7840
f 7840 7847 7841
f 7843 7848 7845
f 7849 7850 7846
f 7846 7850 7847
f 7849 7851 7850
f 7851 7852 7853
f 7849 7852 7851
f 7853 7854 7855
f 7855 7854 7856
f 7852 7854 7853
f 7848 7857 7858
f 7858 7859 7860
f 7857 7859 7858
f 7859 7861 7860
f 7861 7862 7860
f 7862 7863 7860
f 7862 7864 7863
f 7864 7865 7863
f 7866 7865 7864
f 7866 7867 7865
f 7854 7868 7856
f 7856 7868 7869
f 7866 7870 7867
f 7871 7870 7866
f 7868 7872 7869
f 7869 7872 7873
f 7871 7874 7870
f 7875 7874 7871
f 7873 7876 7877
f 7872 7876 7873
f 7876 7878 7877
f 7875 7878 7874
f 7877 7878 7875
f 7843 7857 7848
f 7845 7848 7879
f 7845 7879 7880
f 7881 7845 7880
f 7167 7844 7173
f 7882 7881 7883
f 7882 7883 7884
f 7885 7195 7886
f 7192 7195 7885
f 7887 7844 7845
f 7887 7845 7881
f 7887 7173 7844
f 7888 7882 7889
f 7888 7887 7881
f 7888 7173 7887
f 7888 7881 7882
f 7890 7889 7886
f 7890 7195 7173
f 7890 7888 7889
f 7890 7173 7888
f 7890 7886 7195
f 7891 7892 7194
f 7199 7891 7194
f 7893 7891 7199
f 7208 7893 7199
f 7894 7893 7208
f 7210 7894 7208
f 7895 7894 7210
f 7196 7895 7210
f 7896 7895 7196
f 7193 7897 7896
f 7193 7896 7196
f 7189 7898 7897
f 7189 7897 7193
f 7187 7899 7898
f 7187 7898 7189
f 7900 7899 7187
f 7185 7900 7187
f 7901 7900 7185
f 7183 7901 7185
f 7902 7901 7183
f 7182 7903 7902
f 7182 7902 7183
f 7904 7903 7182
f 7180 7904 7182
f 7905 7904 7180
f 7179 7905 7180
f 7906 7905 7179
f 7181 7906 7179
f 7907 7906 7181
f 7184 7907 7181
f 7186 7908 7907
f 7186 7907 7184
f 7188 7909 7908
f 7188 7908 7186
f 7191 7910 7909
f 7191 7909 7188
f 7194 7892 7910
f 7194 7910 7191
f 7211 7911 7912
f 7912 7911 7913
f 7913 7911 7914
f 7914 7911 7915
f 7915 7911 7916
f 7211 7209 7917
f 7211 7917 7918
f 7211 7918 7911
f 7761 7919 7776
f 7761 7920 7919
f 7761 7921 7920
f 7761 7922 7921
f 7760 7190 7761
f 7761 7190 7922
f 7130 7190 7763
f 7763 7190 7760
f 7923 7882 7884
f 7924 7889 7882
f 7924 7882 7923
f 7925 7886 7889
f 7925 7889 7924
f 7926 7885 7886
f 7926 7886 7925
f 7927 7192 7885
f 7927 7885 7926
f 7190 7192 7927
f 7928 7216 7206
f 7929 7204 7201
f 7930 7931 7932
f 7933 7930 7932
f 7934 7933 7935
f 7936 7934 7935
f 7937 7936 7935
f 7938 7929 7939
f 7938 7206 7204
f 7938 7204 7929
f 7940 7932 7928
f 7940 7928 7206
f 7940 7933 7932
f 7941 7939 7942
f 7941 7942 7935
f 7941 7933 7940
f 7941 7940 7206
f 7941 7206 7938
f 7941 7938 7939
f 7941 7935 7933
f 7937 7943 7944
f 7935 7945 7943
f 7935 7943 7937
f 7942 7946 7945
f 7942 7945 7935
f 7939 7947 7946
f 7939 7946 7942
f 7929 7211 7947
f 7929 7947 7939
f 7201 7211 7929
f 7948 7949 7950
f 7951 7952 7948
f 7948 7952 7949
f 7950 7953 7954
f 7954 7953 7955
f 7949 7953 7950
f 7956 7957 7951
f 7951 7957 7952
f 7955 7958 7959
f 7953 7958 7955
f 7960 7961 7956
f 7956 7961 7957
f 7960 7962 7961
f 7960 7963 7962
f 7963 7964 7962
f 7964 7965 7966
f 7963 7965 7964
f 7966 7967 7968
f 7965 7967 7966
f 7958 7931 7959
f 7931 7969 7932
f 7958 7970 7931
f 7931 7970 7969
f 7932 7971 7928
f 7928 7971 7216
f 7969 7971 7932
f 7971 7972 7216
f 7972 7973 7216
f 7973 7974 7216
f 7967 7975 7968
f 7967 7976 7975
f 7974 7977 7216
f 7978 7977 7974
f 7977 7222 7216
f 7978 7979 7977
f 7980 7979 7981
f 7981 7979 7978
f 7980 7982 7979
f 7983 7982 7980
f 7983 7984 7982
f 7967 7985 7976
f 7976 7985 7986
f 7986 7985 7987
f 7987 7985 7988
f 7985 7989 7988
f 7990 7991 7983
f 7983 7991 7984
f 7989 7992 7988
f 7988 7992 7993
f 7993 7994 7990
f 7990 7994 7991
f 7992 7994 7993
f 7995 7979 7982
f 7995 7982 7996
f 7995 7996 7997
f 7995 7997 7998
f 7995 7998 7999
f 7995 7999 7229
f 7995 7229 7230
f 8000 7977 7979
f 8001 7230 7231
f 8001 8000 7230
f 8001 7977 8000
f 8002 7231 7236
f 8003 7995 7230
f 8003 7230 8000
f 8003 7979 7995
f 8003 8000 7979
f 8004 8001 7231
f 8004 7977 8001
f 8005 7222 7977
f 8005 8004 7231
f 8005 7977 8004
f 8005 8002 7222
f 8005 7231 8002
f 8006 7222 8002
f 8006 8002 7236
f 8007 7236 7224
f 8007 7224 6842
f 8007 6842 7222
f 8007 8006 7236
f 8007 7222 8006
f 8008 7228 7229
f 8008 7229 8009
f 7234 7226 8010
f 8011 7234 8010
f 7232 7234 8011
f 7238 7232 8011
f 7243 7238 8011
f 7239 7225 7243
f 6836 7225 7239
f 8012 7226 7228
f 8012 7228 8013
f 8012 8013 8014
f 8012 8014 8015
f 8012 8015 8016
f 8012 8016 8017
f 8012 8017 8010
f 8012 8010 7226
f 8018 7225 7238
f 8018 7238 7243
f 8018 7243 7225
f 7246 8019 6868
f 6868 8019 7256
f 7244 7911 7245
f 7245 7911 8020
f 7245 8021 7246
f 8019 8021 8020
f 7246 8021 8019
f 8020 8021 7245
f 7244 8011 8010
f 7244 7243 8011
f 8022 8010 8017
f 8023 8010 8022
f 8024 8017 8025
f 8024 8022 8017
f 8026 7244 8010
f 8026 8010 8023
f 7916 7911 7244
f 7916 7244 8026
f 8027 8028 8029
f 8027 8029 7916
f 8027 7916 8026
f 8030 8025 8031
f 8030 8024 8025
f 8032 8028 8027
f 8033 8032 8027
f 8034 8033 8027
f 8035 8030 8031
f 8036 8035 8031
f 8037 8035 8036
f 8038 8037 8036
f 8039 8037 8038
f 8039 8040 8037
f 8041 8040 8039
f 8041 8042 8040
f 8043 8044 8034
f 8043 8045 8044
f 8046 8045 8043
f 8046 8047 8045
f 8048 8047 8046
f 8049 8047 8048
f 8050 8049 8048
f 8051 8049 8050
f 8052 8051 8050
f 8052 8050 8053
f 8054 8042 8041
f 8054 8055 8056
f 8054 8056 8042
f 8057 8052 8053
f 8057 8053 8058
f 8059 8055 8054
f 8059 8060 8055
f 8061 8058 8062
f 8061 8057 8058
f 8063 8060 8059
f 8063 8062 8060
f 8063 8061 8062
f 8027 8043 8034
f 7256 8019 7257
f 8019 7254 7257
f 8019 8020 7254
f 7911 7918 8020
f 7254 7918 7250
f 8020 7918 7254
f 7250 7917 7249
f 7249 7917 7248
f 7248 7917 7247
f 7918 7917 7250
f 7917 7209 7247
f 7284 7282 8064
f 7279 8064 7282
f 7482 8065 8066
f 7482 8066 8067
f 8068 8069 8070
f 8068 8070 8071
f 8072 8064 8069
f 8072 8068 8073
f 8072 8069 8068
f 8074 8072 8073
f 8075 8076 7287
f 8075 7286 7284
f 8075 7287 7286
f 8075 7284 8064
f 8075 8072 8074
f 8075 8064 8072
f 8077 8071 7307
f 8077 8073 8068
f 8077 8068 8071
f 8078 8077 7307
f 8078 8079 8077
f 8080 7319 7482
f 8080 8079 8078
f 8080 7482 8079
f 8080 8078 8081
f 8082 7307 7310
f 8082 7310 7313
f 8082 8078 7307
f 8082 8081 8078
f 8083 7313 7316
f 8083 7316 7319
f 8083 8082 7313
f 8083 7319 8080
f 8083 8080 8081
f 8083 8081 8082
f 8084 8067 8085
f 8084 8085 8076
f 8084 8073 8077
f 8084 8075 8074
f 8084 8076 8075
f 8084 7482 8067
f 8084 8074 8073
f 8084 8079 7482
f 8084 8077 8079
f 8086 7900 7901
f 8086 7899 7900
f 8086 7901 8087
f 8088 7898 7899
f 8088 7899 8086
f 8089 7898 8088
f 7278 7897 7898
f 7278 7896 7897
f 7278 8089 7281
f 7278 7898 8089
f 7276 7895 7896
f 7276 7896 7278
f 8090 7276 7277
f 8090 7894 7895
f 8090 7895 7276
f 8091 7893 7894
f 8091 7894 8090
f 8092 7891 7893
f 8092 7893 8091
f 8093 7892 7891
f 8093 7891 8092
f 8094 7274 7272
f 8094 7275 7274
f 7270 8094 7272
f 7603 8095 8096
f 7603 8096 8097
f 8098 7270 7267
f 8098 7267 8099
f 8098 8094 7270
f 8100 8101 8094
f 8100 8094 8098
f 8102 8100 8098
f 8103 8104 8105
f 8103 8105 8101
f 8103 8101 8100
f 8106 8100 8102
f 8106 8103 8100
f 8107 7320 8104
f 8107 8103 8106
f 8107 8104 8103
f 8108 7603 7324
f 8108 8109 7603
f 8110 8109 8108
f 8111 8109 8110
f 8111 8107 8109
f 8112 8111 8110
f 8113 7324 7325
f 8113 7325 7323
f 8113 8110 8108
f 8113 8108 7324
f 8113 8112 8110
f 8114 7323 7322
f 8114 7322 7320
f 8114 7320 8107
f 8114 8107 8111
f 8114 8113 7323
f 8114 8111 8112
f 8114 8112 8113
f 8115 8099 8116
f 8115 8116 8095
f 8115 7603 8109
f 8115 8098 8099
f 8115 8107 8106
f 8115 8109 8107
f 8115 8095 7603
f 8115 8102 8098
f 8115 8106 8102
f 8117 8118 8119
f 7728 7729 8120
f 8095 8120 8121
f 8095 8121 8122
f 8095 8122 8123
f 8095 8123 8124
f 8095 8124 8117
f 8095 8117 8119
f 8095 7728 8120
f 8116 7727 7728
f 8116 7728 8095
f 8099 7269 7727
f 8099 7727 8116
f 7267 7269 8099
f 8125 7400 7399
f 8076 7398 7288
f 8076 7288 7287
f 8085 7399 7398
f 8085 7398 8076
f 8085 8125 7399
f 8067 8126 8127
f 8067 8127 8128
f 8067 8128 8125
f 8067 8125 8085
f 8067 8129 8130
f 8067 8130 8131
f 8067 8131 8132
f 8067 8132 8126
f 7320 8133 8104
f 7317 8134 8135
f 7317 8135 8133
f 7317 8133 7320
f 7314 8136 8134
f 7314 8134 7317
f 7311 8137 8136
f 7311 8136 7314
f 7308 8138 8137
f 7308 8137 7311
f 7304 8139 8138
f 7304 8138 7308
f 7299 8140 8139
f 7299 8139 7304
f 7301 8141 8140
f 7301 8140 7299
f 7303 8141 7301
f 7306 8071 8141
f 7306 8141 7303
f 7307 8071 7306
f 6954 7339 7345
f 7345 7339 7348
f 7337 8142 7339
f 7348 8142 7349
f 7339 8142 7348
f 7338 8143 7337
f 7337 8143 8142
f 7336 8144 7335
f 7335 8144 8145
f 7334 8146 7333
f 7333 8146 8147
f 7331 8148 7332
f 7332 8148 8149
f 7331 8150 8148
f 7109 7742 7331
f 7331 7742 8150
f 7742 7747 8150
f 7747 7746 8150
f 7335 8151 7338
f 8143 8152 8145
f 7338 8152 8143
f 8145 8152 7335
f 7335 8152 8151
f 8151 8152 7338
f 7333 8153 7336
f 8147 8153 7333
f 8144 8154 8147
f 7336 8154 8144
f 8153 8154 7336
f 8147 8154 8153
f 7332 8155 7334
f 7334 8155 8146
f 8149 8155 7332
f 8146 8156 8149
f 8149 8156 8155
f 8155 8156 8146
f 7349 8142 7352
f 7352 7354 7346
f 7346 7354 6965
f 8142 7354 7352
f 8143 7355 8142
f 8142 7355 7354
f 8145 8144 7357
f 8144 7356 7357
f 8147 8146 7359
f 8146 7358 7359
f 8148 7360 8149
f 8149 7360 7361
f 8150 7362 8148
f 8148 7362 7360
f 7746 7750 8150
f 8150 7743 7362
f 7750 7743 8150
f 7743 7098 7362
f 8145 8157 8143
f 7355 8158 7357
f 8145 8158 8157
f 8143 8158 7355
f 8157 8158 8143
f 7357 8158 8145
f 8147 8159 8144
f 8144 8159 7356
f 7356 8160 7359
f 7359 8160 8147
f 8159 8160 7356
f 8147 8160 8159
f 8149 8161 8146
f 7361 8161 8149
f 8146 8161 7358
f 7358 8162 7361
f 8161 8162 7358
f 7361 8162 8161
f 6985 7376 7382
f 7382 7552 7385
f 7385 7552 7386
f 7376 7552 7382
f 7374 7553 7376
f 7376 7553 7552
f 7375 7554 7374
f 7374 7554 7553
f 7372 7373 7556
f 7373 7555 7556
f 7370 7371 7558
f 7371 7557 7558
f 7368 7559 7369
f 7369 7559 7560
f 7096 7736 7368
f 7368 7739 7559
f 7736 7739 7368
f 7739 7561 7559
f 7372 8163 7375
f 7554 8164 7556
f 7375 8164 7554
f 7556 8164 7372
f 8163 8164 7375
f 7372 8164 8163
f 7370 8165 7373
f 7373 8165 7555
f 7555 8166 7558
f 7558 8166 7370
f 7370 8166 8165
f 8165 8166 7555
f 7369 8167 7371
f 7560 8167 7369
f 7371 8167 7557
f 7557 8168 7560
f 7560 8168 8167
f 8167 8168 7557
f 7392 7393 7391
f 7393 7405 7391
f 8127 8126 8128
f 7397 8169 7393
f 7393 8169 7405
f 7405 8170 8171
f 8169 8170 7405
f 8171 8170 7397
f 7397 8170 8169
f 8128 8172 8125
f 8125 8172 7400
f 7400 8172 7397
f 8171 8172 8126
f 7397 8172 8171
f 8126 8172 8128
f 7410 8173 7012
f 7012 8173 7423
f 7413 8174 7410
f 7410 8174 8173
f 7412 8175 7413
f 7413 8175 8174
f 7407 8176 7412
f 7412 8176 8175
f 7406 8177 7407
f 7407 8177 8176
f 8178 7470 8179
f 8178 7468 7470
f 8180 7461 7468
f 8180 7468 8178
f 8181 7458 7461
f 8181 7461 8180
f 8182 7456 7458
f 8182 7458 8181
f 8183 7453 7456
f 8183 7456 8182
f 8184 7449 7453
f 8184 7453 8183
f 8185 7449 8184
f 8186 7451 7449
f 8186 7449 8185
f 8187 7455 7451
f 8187 7451 8186
f 8188 7462 7455
f 8188 7455 8187
f 8188 7463 7462
f 8189 7463 8188
f 8190 7464 7463
f 8190 7463 8189
f 8191 7467 7464
f 8191 7464 8190
f 8192 7472 7467
f 8192 7467 8191
f 8193 7477 7472
f 8193 7472 8192
f 8194 7479 7477
f 8194 7477 8193
f 8195 7474 7479
f 8195 7479 8194
f 8196 7475 7474
f 8196 7474 8195
f 8197 7470 7475
f 8197 7475 8196
f 8179 7470 8197
f 8198 7436 8199
f 8198 7434 7436
f 8200 7432 7434
f 8200 7434 8198
f 8201 7430 7432
f 8201 7432 8200
f 8202 7429 7430
f 8202 7430 8201
f 8203 7425 7429
f 8203 7429 8202
f 8204 7422 7425
f 8204 7425 8203
f 8205 7422 8204
f 8206 7424 7422
f 8206 7422 8205
f 8207 7426 7424
f 8207 7424 8206
f 8208 7428 7426
f 8208 7426 8207
f 8208 7452 7428
f 8209 7452 8208
f 8210 7450 7452
f 8210 7452 8209
f 8211 7448 7450
f 8211 7450 8210
f 8212 7446 7448
f 8212 7448 8211
f 8213 7442 7446
f 8213 7446 8212
f 8214 7443 7442
f 8214 7442 8213
f 8215 7440 7443
f 8215 7443 8214
f 8216 7438 7440
f 8216 7440 8215
f 8217 7436 7438
f 8217 7438 8216
f 8199 7436 8217
f 7471 7536 7466
f 7471 7537 7536
f 7471 7538 7537
f 7540 7539 7538
f 7540 7013 7539
f 7540 7538 7471
f 7547 7476 7480
f 7547 7541 7476
f 7545 7480 7478
f 7545 7547 7480
f 7550 7473 7469
f 7550 7551 7473
f 8218 7465 7460
f 8219 7542 7465
f 8219 7465 8218
f 8220 7542 8219
f 7543 7542 8220
f 8221 7541 7540
f 8221 7471 7476
f 8221 7540 7471
f 8221 7476 7541
f 8222 7551 7545
f 8222 7478 7473
f 8222 7545 7478
f 8222 7473 7551
f 8223 7542 7550
f 8223 7469 7465
f 8223 7550 7469
f 8223 7465 7542
f 7459 8218 7460
f 7459 8219 8218
f 8224 8220 8219
f 8224 7543 8220
f 8224 8219 7459
f 8225 7459 7457
f 8225 8224 7459
f 7454 8225 7457
f 8226 8225 7454
f 7447 8226 7454
f 8227 8226 7447
f 7445 8227 7447
f 8228 8227 7445
f 8229 7445 7441
f 8230 8228 7445
f 8230 7445 8229
f 8231 8228 8230
f 8232 8228 8231
f 7444 8229 7441
f 7444 8230 8229
f 8233 8231 8230
f 8233 8232 8231
f 8233 8230 7444
f 8234 7444 7439
f 8234 8233 7444
f 7435 8235 7437
f 8236 8235 7435
f 7431 8237 7433
f 8238 8237 7431
f 8239 8235 8234
f 8239 7439 7437
f 8239 8234 7439
f 8239 7437 8235
f 8240 8237 8236
f 8240 7435 7433
f 8240 8236 7435
f 8240 7433 8237
f 8241 8242 8238
f 8241 7431 7427
f 8241 8238 7431
f 8241 7427 8242
f 8243 8242 7427
f 8244 8243 7427
f 8244 7423 8173
f 8244 8173 8174
f 8244 8174 8175
f 8244 8175 8176
f 8244 8176 8177
f 8244 8177 8242
f 8244 7427 7423
f 8244 8242 8243
f 7513 8245 8246
f 7520 8247 8245
f 7520 8245 7513
f 7519 8248 8247
f 7519 8247 7520
f 7524 8249 8248
f 7524 8248 7519
f 7525 8250 8251
f 7525 8251 8249
f 7525 8249 7524
f 7526 8252 8250
f 7526 8250 7525
f 7533 8253 8252
f 7533 8252 7526
f 7532 8254 8253
f 7532 8253 7533
f 7530 8255 8254
f 7530 8254 7532
f 7528 8255 7530
f 7528 8256 8255
f 7522 8257 8256
f 7522 8256 7528
f 7518 8258 8257
f 7518 8257 7522
f 7516 8259 8258
f 7516 8258 7518
f 7514 8260 8259
f 7514 8259 7516
f 7512 8261 8260
f 7512 8260 7514
f 7508 8262 8261
f 7508 8261 7512
f 7506 8263 8262
f 7506 8262 7508
f 7510 8263 7506
f 7513 8246 8263
f 7513 8263 7510
f 7486 8264 8265
f 7487 8266 8264
f 7487 8264 7486
f 7488 8267 8266
f 7488 8266 7487
f 7507 8268 8267
f 7507 8267 7488
f 7509 8269 8270
f 7509 8270 8268
f 7509 8268 7507
f 7505 8271 8269
f 7505 8269 7509
f 7503 8272 8271
f 7503 8271 7505
f 7501 8273 8272
f 7501 8272 7503
f 7499 8274 8273
f 7499 8273 7501
f 7496 8274 7499
f 7496 8275 8274
f 7494 8276 8275
f 7494 8275 7496
f 7492 8277 8276
f 7492 8276 7494
f 7491 8278 8277
f 7491 8277 7492
f 7490 8279 8278
f 7490 8278 7491
f 7485 8280 8279
f 7485 8279 7490
f 7481 8281 8280
f 7481 8280 7485
f 7483 8282 8281
f 7483 8281 7481
f 7484 8282 7483
f 7486 8265 8282
f 7486 8282 7484
f 8129 7482 8283
f 8283 7482 8284
f 8284 7482 7489
f 8129 8065 7482
f 8129 8066 8065
f 8129 8067 8066
f 8232 8233 7500
f 7500 8233 7498
f 8233 8234 7498
f 8131 8242 8132
f 8242 8177 8132
f 7498 8285 7497
f 7497 8285 7495
f 7495 8285 7493
f 8237 8286 8236
f 8236 8286 8235
f 8235 8286 8234
f 8285 8286 7493
f 8234 8286 7498
f 7498 8286 8285
f 8129 8287 8130
f 7493 8287 7489
f 8283 8287 8129
f 8284 8287 8283
f 7489 8287 8284
f 8130 8288 8131
f 8238 8288 8237
f 8287 8288 8130
f 8237 8288 8286
f 7493 8288 8287
f 8286 8288 7493
f 8131 8288 8242
f 8242 8289 8238
f 8238 8289 8288
f 8288 8289 8242
f 7517 8290 7515
f 7515 8290 7511
f 7511 8291 7504
f 7504 8291 7502
f 7502 8291 7500
f 8290 8291 7511
f 8224 8292 7543
f 7543 8292 7517
f 7517 8292 8290
f 7500 8293 8232
f 8290 8293 8291
f 8291 8293 7500
f 8292 8293 8290
f 8227 8294 8226
f 8225 8294 8224
f 8224 8294 8292
f 8226 8295 8225
f 8225 8295 8294
f 8294 8295 8226
f 8232 8296 8228
f 8293 8296 8232
f 8292 8296 8293
f 8294 8296 8292
f 8227 8296 8294
f 8228 8297 8227
f 8296 8297 8228
f 8227 8297 8296
f 7605 7705 7604
f 7605 7706 7705
f 7608 7708 7706
f 7608 7706 7605
f 7610 7712 7708
f 7610 7708 7608
f 7613 7716 7712
f 7613 7712 7610
f 7615 7721 7716
f 7615 7716 7613
f 7625 7723 7721
f 7625 7721 7615
f 7624 7718 7723
f 7624 7723 7625
f 7622 7719 7718
f 7622 7718 7624
f 7619 7714 7719
f 7619 7719 7622
f 7617 7710 7714
f 7617 7714 7619
f 7612 7704 7710
f 7612 7710 7617
f 7609 7702 7704
f 7609 7704 7612
f 7606 7700 7702
f 7606 7702 7609
f 7602 7697 7700
f 7602 7700 7606
f 7600 7694 7697
f 7600 7697 7602
f 7597 7696 7694
f 7597 7694 7600
f 7601 7699 7696
f 7601 7696 7597
f 7604 7705 7699
f 7604 7699 7601
f 7576 7671 7575
f 7576 7673 7671
f 7599 7693 7673
f 7599 7673 7576
f 7598 7690 7693
f 7598 7693 7599
f 7596 7691 7690
f 7596 7690 7598
f 7594 7686 7691
f 7594 7691 7596
f 7592 7687 7686
f 7592 7686 7594
f 7590 7684 7687
f 7590 7687 7592
f 7588 7682 7684
f 7588 7684 7590
f 7585 7680 7682
f 7585 7682 7588
f 7583 7678 7680
f 7583 7680 7585
f 7581 7676 7678
f 7581 7678 7583
f 7579 7674 7676
f 7579 7676 7581
f 7577 7672 7674
f 7577 7674 7579
f 7573 7668 7672
f 7573 7672 7577
f 7571 7667 7668
f 7571 7668 7573
f 7570 7666 7667
f 7570 7667 7571
f 7572 7670 7666
f 7572 7666 7570
f 7575 7671 7670
f 7575 7670 7572
f 7611 8298 7607
f 7607 8298 7595
f 7595 8299 7593
f 7593 8299 7591
f 7591 8299 7589
f 8298 8299 7595
f 8300 8301 8302
f 8302 8301 7611
f 7611 8301 8298
f 7589 8303 7627
f 8298 8303 8299
f 8299 8303 7589
f 8301 8303 8298
f 8304 8305 8306
f 8307 8305 8300
f 8300 8305 8301
f 8306 8308 8307
f 8307 8308 8305
f 8305 8308 8306
f 7627 8309 8310
f 8303 8309 7627
f 8301 8309 8303
f 8305 8309 8301
f 8304 8309 8305
f 8310 8311 8304
f 8309 8311 8310
f 8304 8311 8309
f 8312 8313 8124
f 8124 8314 8117
f 8313 8314 8124
f 7616 8315 7614
f 7614 8302 7611
f 8315 8302 7614
f 8118 8316 8119
f 8119 8316 8317
f 8317 8316 8318
f 8318 8316 7623
f 7623 8316 7621
f 8117 8319 8118
f 8320 8319 8321
f 8118 8319 8316
f 8314 8319 8117
f 7621 8322 7620
f 7620 8322 7618
f 7618 8322 7616
f 8316 8322 7621
f 8319 8322 8316
f 8321 8323 8324
f 8324 8323 8314
f 8314 8323 8319
f 8319 8323 8321
f 8315 8325 8326
f 8326 8325 8327
f 8327 8325 8320
f 8322 8325 7616
f 7616 8325 8315
f 8320 8325 8319
f 8319 8325 8322
f 8119 8096 8095
f 8119 8097 8096
f 8119 7603 8097
f 7623 7603 8318
f 8318 7603 8317
f 8317 7603 8119
f 7628 7688 7683
f 7628 7626 7688
f 7634 7683 7681
f 7634 7628 7683
f 7677 7633 7679
f 7631 7633 7677
f 7669 7637 7675
f 7629 7637 7669
f 8328 7627 8329
f 8328 8329 8330
f 8328 8330 8331
f 8328 8331 7685
f 8328 7685 7688
f 8328 7626 7627
f 8328 7688 7626
f 8332 7681 7679
f 8332 7633 7634
f 8332 7634 7681
f 8332 7679 7633
f 8333 7677 7675
f 8333 7637 7631
f 8333 7631 7677
f 8333 7675 7637
f 8334 7669 7643
f 8334 7639 7060
f 8334 7640 7639
f 8334 7641 7640
f 8334 7642 7641
f 8334 7643 7642
f 8334 7060 7629
f 8334 7629 7669
f 7658 8335 7657
f 7657 8335 8312
f 7662 8336 7658
f 7658 8336 8335
f 7665 8337 7662
f 7662 8337 8336
f 7659 8338 7665
f 7665 8338 8337
f 7072 7707 7659
f 7659 7707 8338
f 7711 8337 8338
f 7711 8338 7707
f 8313 8312 8335
f 8313 8335 8336
f 8313 8336 8337
f 8313 8337 7711
f 8314 7711 7715
f 8314 8313 7711
f 8321 7720 7724
f 8321 8324 7720
f 8327 7722 7717
f 8327 8320 7722
f 8315 7713 7709
f 8315 8326 7713
f 8339 7709 7703
f 8340 8315 7709
f 8340 7709 8339
f 8341 8315 8340
f 8302 8315 8341
f 8342 7715 7720
f 8342 8324 8314
f 8342 8314 7715
f 8342 7720 8324
f 8343 7724 7722
f 8343 8320 8321
f 8343 8321 7724
f 8343 7722 8320
f 8344 7717 7713
f 8344 8326 8327
f 8344 8327 7717
f 8344 7713 8326
f 7701 8339 7703
f 7701 8340 8339
f 8300 8341 8340
f 8300 8302 8341
f 8300 8340 7701
f 8307 7701 7698
f 8307 8300 7701
f 7695 8307 7698
f 8306 8307 7695
f 7692 8306 7695
f 8304 8306 7692
f 7689 8304 7692
f 8310 8304 7689
f 8331 7689 7685
f 8330 8310 7689
f 8330 7689 8331
f 8329 8310 8330
f 7627 8310 8329
f 8120 8123 8121
f 8121 8123 8122
f 7649 7648 7650
f 7650 7648 7656
f 7729 8345 8120
f 8123 8345 8346
f 7726 8345 7729
f 8120 8345 8123
f 8346 8345 7726
f 7655 8347 7656
f 7650 8347 7726
f 7656 8347 7650
f 8346 8348 7655
f 8347 8348 7726
f 7655 8348 8347
f 7726 8348 8346
f 7789 8349 8350
f 7786 8351 8352
f 7786 8352 8349
f 7786 8349 7789
f 7784 8353 8351
f 7784 8351 7786
f 7781 8354 8353
f 7781 8353 7784
f 7774 8355 8354
f 7774 8354 7781
f 7770 8356 8355
f 7770 8355 7774
f 7765 8357 8356
f 7765 8356 7770
f 7768 8358 8357
f 7768 8357 7765
f 7769 8358 7768
f 7772 8359 8358
f 7772 8358 7769
f 7773 8359 7772
f 7789 8360 7803
f 8350 8360 7789
f 7791 8361 8362
f 7793 8363 8361
f 7793 8361 7791
f 7796 8364 8363
f 7796 8363 7793
f 7798 8365 8364
f 7798 8364 7796
f 7800 8366 8365
f 7800 8365 7798
f 7805 8367 8366
f 7805 8366 7800
f 7809 8368 8367
f 7809 8367 7805
f 7810 8369 8368
f 7810 8368 7809
f 7807 8370 8369
f 7807 8369 7810
f 7802 8360 8370
f 7802 8370 7807
f 7803 8360 7802
f 8362 8359 7773
f 8362 7773 7791
f 7777 7776 7919
f 7777 7919 7920
f 7921 7777 7920
f 7927 7921 7922
f 7927 7922 7190
f 8371 7782 7780
f 8372 8371 7780
f 8373 8374 7924
f 7923 8373 7924
f 8375 7779 7778
f 8375 7778 7777
f 8375 7777 7921
f 8376 7926 7925
f 8376 7927 7926
f 8376 8375 7921
f 8376 7921 7927
f 8377 7780 7779
f 8377 8372 7780
f 8377 7779 8375
f 8378 8374 8372
f 8378 7925 7924
f 8378 8377 8375
f 8378 8372 8377
f 8378 8376 7925
f 8378 8375 8376
f 8378 7924 8374
f 8371 8379 7782
f 7782 8379 7792
f 8372 8380 8371
f 8371 8380 8379
f 8374 8381 8372
f 8372 8381 8380
f 8373 8382 8374
f 8374 8382 8381
f 7923 8383 8373
f 8373 8383 8382
f 8384 8385 8386
f 8384 8386 8387
f 8384 8387 8388
f 8384 8388 8389
f 8384 8389 7801
f 7806 8390 8384
f 7806 8384 7801
f 8391 8390 7806
f 7811 8392 8391
f 7811 8391 7806
f 7804 8393 7808
f 8394 8395 7799
f 7797 8394 7799
f 7795 8396 7797
f 8397 8396 7795
f 7794 8397 7795
f 7790 8397 7794
f 8383 8397 7790
f 8382 8383 7790
f 8381 8382 7790
f 8380 8381 7790
f 8379 8380 7790
f 7792 8379 7790
f 8398 8393 8392
f 8398 7808 8393
f 8399 7811 7808
f 8399 7808 8398
f 8399 8398 8392
f 8399 8392 7811
f 8400 8395 8393
f 8400 8393 7804
f 8401 7804 7799
f 8401 8395 8400
f 8401 8400 7804
f 8401 7799 8395
f 8402 8396 8394
f 8402 8394 7797
f 8402 7797 8396
f 8389 8403 7801
f 7801 8403 7788
f 8388 8404 8389
f 8389 8404 8403
f 8387 8405 8388
f 8388 8405 8404
f 8386 8406 8387
f 8387 8406 8405
f 8385 8407 8386
f 8386 8407 8406
f 8408 7819 8409
f 8408 8409 8410
f 8408 8410 8411
f 8408 8411 8412
f 8408 8412 7771
f 7775 8413 8408
f 7775 8408 7771
f 7787 8414 7785
f 8407 8414 7787
f 8406 8407 7787
f 8405 8406 7787
f 8404 8405 7787
f 8403 8404 7787
f 7788 8403 7787
f 8415 8416 8413
f 8415 7783 8416
f 8417 7775 7783
f 8417 7783 8415
f 8417 8415 8413
f 8417 8413 7775
f 8418 7783 7785
f 8418 8414 8416
f 8418 8416 7783
f 8418 7785 8414
f 8412 7814 7771
f 7771 7814 7766
f 8411 7815 8412
f 8412 7815 7814
f 8410 7816 8411
f 8411 7816 7815
f 8409 7817 8410
f 8410 7817 7816
f 7819 7150 8409
f 8409 7150 7817
f 8419 7822 7820
f 7820 7822 7148
f 8420 7823 8419
f 8419 7823 7822
f 8421 7824 8420
f 8420 7824 7823
f 8422 7825 8421
f 8421 7825 7824
f 7842 7826 8422
f 8422 7826 7825
f 8408 7820 7819
f 8413 8423 8408
f 8408 8423 7820
f 8416 8424 8413
f 8413 8424 8423
f 8414 8425 8416
f 8416 8425 8424
f 8407 8426 8414
f 8414 8426 8425
f 8407 8427 8426
f 7857 8428 8429
f 7857 7843 8428
f 8429 7859 7857
f 8430 7862 7861
f 8430 7861 7859
f 8430 7859 8429
f 8431 7864 7862
f 8431 7862 8430
f 8432 7866 7864
f 8432 7864 8431
f 8433 7871 7866
f 8433 7866 8432
f 8434 7875 7871
f 8434 7871 8433
f 8435 7877 7875
f 8435 7875 8434
f 8436 7873 7877
f 8436 7877 8435
f 8437 7873 8436
f 8438 7869 7873
f 8438 7873 8437
f 8439 7869 8438
f 7856 7869 8440
f 8440 7869 8439
f 8440 7855 7856
f 8441 7851 7853
f 8441 7853 7855
f 8441 7855 8440
f 8442 7850 7851
f 8442 7851 8441
f 8443 7847 7850
f 8443 7850 8442
f 8444 7841 7847
f 8444 7847 8443
f 8445 7838 7841
f 8445 7841 8444
f 8446 7837 7838
f 8446 7838 8445
f 8447 7839 7837
f 8447 7837 8446
f 8448 7839 8447
f 8449 7843 7839
f 8449 7839 8448
f 8428 7843 8449
f 8426 8427 8450
f 8426 8450 8451
f 8426 8451 8452
f 8426 8452 8453
f 8426 8453 7854
f 7852 8425 8426
f 7852 8426 7854
f 7840 8423 7846
f 7820 8423 7840
f 8419 7820 7840
f 8420 8419 7840
f 8421 8420 7840
f 8422 8421 7840
f 7842 8422 7840
f 8454 8424 8425
f 8454 7849 8424
f 8455 7852 7849
f 8455 8425 7852
f 8455 7849 8454
f 8455 8454 8425
f 8456 8423 8424
f 8456 7849 7846
f 8456 8424 7849
f 8456 7846 8423
f 8457 8450 8458
f 8458 8450 8427
f 8459 8451 8457
f 8457 8451 8450
f 8460 8452 8459
f 8459 8452 8451
f 8461 8453 8460
f 8460 8453 8452
f 7868 7854 8461
f 8461 7854 8453
f 8462 8463 8464
f 8462 8464 8465
f 8462 8465 8466
f 8462 8466 8467
f 8462 8467 7870
f 7874 8468 8462
f 7874 8462 7870
f 7872 8469 7876
f 8458 8469 7872
f 8457 8458 7872
f 8459 8457 7872
f 8460 8459 7872
f 8461 8460 7872
f 7868 8461 7872
f 8470 8471 8468
f 8470 7878 8471
f 8472 7874 7878
f 8472 8468 7874
f 8472 7878 8470
f 8472 8470 8468
f 8473 8469 8471
f 8473 7878 7876
f 8473 8471 7878
f 8473 7876 8469
f 8474 8475 8476
f 8474 8476 8477
f 8474 8477 8478
f 8474 8478 8479
f 8474 8479 7858
f 7860 8480 8474
f 7860 8474 7858
f 7867 8481 7865
f 8463 8481 7867
f 8464 8463 7867
f 8465 8464 7867
f 8466 8465 7867
f 8467 8466 7867
f 7870 8467 7867
f 8482 8483 8480
f 8482 7863 8483
f 8484 7860 7863
f 8484 7863 8482
f 8484 8480 7860
f 8484 8482 8480
f 8485 8481 8483
f 8485 7863 7865
f 8485 8483 7863
f 8485 7865 8481
f 7883 8476 7884
f 7884 8476 8475
f 7881 8477 7883
f 7883 8477 8476
f 7880 8478 7881
f 7881 8478 8477
f 7879 8479 7880
f 7880 8479 8478
f 7848 7858 7879
f 7879 7858 8479
f 8093 7910 7892
f 8486 7909 7910
f 8486 7910 8093
f 8487 7908 7909
f 8487 7909 8486
f 8488 7907 7908
f 8488 7908 8487
f 8489 7906 7907
f 8489 7907 8488
f 8490 7905 7906
f 8490 7906 8489
f 8491 7904 7905
f 8491 7905 8490
f 8492 7903 7904
f 8492 7904 8491
f 8493 7902 7903
f 8493 7903 8492
f 8494 7901 7902
f 8494 7902 8493
f 8087 7901 8494
f 8383 7923 7884
f 8475 8383 7884
f 7947 7211 7912
f 7947 7912 7913
f 8029 7914 7915
f 8029 7915 7916
f 8495 7944 7943
f 8496 8495 7943
f 8497 8498 8033
f 8034 8497 8033
f 8499 7946 7947
f 8499 7913 7914
f 8499 7947 7913
f 8500 8028 8032
f 8500 8029 8028
f 8500 7914 8029
f 8500 8499 7914
f 8501 7945 7946
f 8501 7943 7945
f 8501 8496 7943
f 8501 7946 8499
f 8502 8498 8496
f 8502 8032 8033
f 8502 8501 8499
f 8502 8496 8501
f 8502 8500 8032
f 8502 8499 8500
f 8502 8033 8498
f 8503 7937 7944
f 8504 8503 7944
f 7958 8505 7970
f 8506 8505 7958
f 8505 7969 7970
f 8507 7971 7969
f 8507 7969 8505
f 8508 7972 7971
f 8508 7971 8507
f 8509 7972 8508
f 8509 7978 7974
f 8509 7974 7973
f 8509 7973 7972
f 7981 7978 8509
f 8026 8509 8027
f 8023 8509 8026
f 8022 7981 8509
f 8022 8509 8023
f 8024 7980 7981
f 8024 7981 8022
f 8030 7983 7980
f 8030 7980 8024
f 8035 7993 7990
f 8035 7990 7983
f 8035 7983 8030
f 8037 7993 8035
f 8510 7987 7988
f 8510 7988 7993
f 8510 7993 8037
f 8040 8510 8037
f 8042 8510 8040
f 8511 7986 7987
f 8511 7987 8510
f 8512 7976 7986
f 8512 7986 8511
f 8513 7975 7976
f 8513 7976 8512
f 8513 7968 7975
f 8513 8514 7968
f 8514 7966 7968
f 8515 7964 7966
f 8515 7966 8514
f 8516 7962 7964
f 8516 7964 8515
f 8517 7961 7962
f 8517 7962 8516
f 8518 7957 7961
f 8518 7961 8517
f 8519 7952 7957
f 8519 7957 8518
f 8520 7949 7952
f 8520 7952 8519
f 8521 7953 7949
f 8521 7949 8520
f 8522 7958 7953
f 8522 7953 8521
f 8506 7958 8522
f 8523 7936 8503
f 8503 7936 7937
f 8524 7934 8523
f 8523 7934 7936
f 8525 7933 8524
f 8524 7933 7934
f 8526 7930 8525
f 8525 7930 7933
f 7959 7931 8526
f 8526 7931 7930
f 8527 8528 8529
f 8527 8529 8530
f 8527 8530 8531
f 8527 8531 8532
f 8527 8532 7967
f 7965 8533 8527
f 7965 8527 7967
f 8534 8533 7965
f 7963 8535 8534
f 7963 8534 7965
f 7956 8536 7960
f 8537 8538 7951
f 7948 8537 7951
f 7950 8539 7948
f 8540 8539 7950
f 7954 8540 7950
f 7955 8540 7954
f 8503 8540 7955
f 8523 8503 7955
f 8524 8523 7955
f 8525 8524 7955
f 8526 8525 7955
f 7959 8526 7955
f 8541 8536 8535
f 8541 7960 8536
f 8542 7963 7960
f 8542 8535 7963
f 8542 7960 8541
f 8542 8541 8535
f 8543 8538 8536
f 8543 8536 7956
f 8544 7956 7951
f 8544 8543 7956
f 8544 8538 8543
f 8544 7951 8538
f 8545 8539 8537
f 8545 8537 7948
f 8545 7948 8539
f 8546 8529 8547
f 8547 8529 8528
f 8548 8530 8546
f 8546 8530 8529
f 8549 8531 8548
f 8548 8531 8530
f 8550 8532 8549
f 8549 8532 8531
f 7985 7967 8550
f 8550 7967 8532
f 8551 8009 8552
f 8551 8552 8553
f 8551 8553 8554
f 8551 8554 8555
f 8551 8555 7984
f 7991 8556 8551
f 7991 8551 7984
f 7989 8557 7992
f 8547 8557 7989
f 8546 8547 7989
f 8548 8546 7989
f 8549 8548 7989
f 8550 8549 7989
f 7985 8550 7989
f 8558 8559 8556
f 8558 7994 8559
f 8560 7991 7994
f 8560 8556 7991
f 8560 7994 8558
f 8560 8558 8556
f 8561 8557 8559
f 8561 7994 7992
f 8561 8559 7994
f 8561 7992 8557
f 7999 8552 7229
f 7229 8552 8009
f 7998 8553 7999
f 7999 8553 8552
f 7997 8554 7998
f 7998 8554 8553
f 7996 8555 7997
f 7997 8555 8554
f 7982 7984 7996
f 7996 7984 8555
f 8016 8562 8017
f 8017 8562 8025
f 8015 8563 8016
f 8016 8563 8562
f 8014 8564 8015
f 8015 8564 8563
f 8013 8565 8014
f 8014 8565 8564
f 7228 8008 8013
f 8013 8008 8565
f 8551 8008 8009
f 8556 8566 8551
f 8551 8566 8008
f 8559 8567 8556
f 8556 8567 8566
f 8557 8568 8559
f 8559 8568 8567
f 8547 8569 8557
f 8557 8569 8568
f 8547 8570 8569
f 8042 8056 8510
f 8056 8571 8510
f 8056 8572 8571
f 8055 8573 8572
f 8055 8572 8056
f 8060 8574 8573
f 8060 8573 8055
f 8062 8574 8060
f 8058 8575 8574
f 8058 8574 8062
f 8053 8576 8577
f 8053 8577 8575
f 8053 8575 8058
f 8050 8578 8576
f 8050 8576 8053
f 8048 8578 8050
f 8046 8579 8578
f 8046 8578 8048
f 8043 8580 8579
f 8043 8579 8046
f 8043 8509 8580
f 8043 8027 8509
f 8581 8497 8044
f 8044 8497 8034
f 8582 8498 8581
f 8581 8498 8497
f 8583 8496 8582
f 8582 8496 8498
f 8584 8495 8583
f 8583 8495 8496
f 8504 7944 8584
f 8584 7944 8495
f 8059 8054 8585
f 8059 8585 8586
f 8059 8586 8587
f 8059 8587 8588
f 8059 8588 8589
f 8590 8059 8589
f 8063 8059 8590
f 8591 8063 8590
f 8057 8061 8592
f 8593 8057 8592
f 8594 8051 8052
f 8595 8047 8049
f 8595 8049 8596
f 8597 8045 8047
f 8597 8047 8595
f 8598 8045 8597
f 8044 8045 8598
f 8581 8044 8598
f 8582 8581 8598
f 8583 8582 8598
f 8584 8583 8598
f 8504 8584 8598
f 8599 8061 8063
f 8599 8063 8591
f 8600 8591 8592
f 8600 8599 8591
f 8600 8061 8599
f 8600 8592 8061
f 8601 8052 8057
f 8601 8057 8593
f 8602 8593 8594
f 8602 8594 8052
f 8602 8052 8601
f 8602 8601 8593
f 8603 8594 8596
f 8603 8049 8051
f 8603 8051 8594
f 8603 8596 8049
f 8604 8585 8041
f 8041 8585 8054
f 8605 8586 8604
f 8604 8586 8585
f 8606 8587 8605
f 8605 8587 8586
f 8607 8588 8606
f 8606 8588 8587
f 8570 8589 8607
f 8607 8589 8588
f 8031 8025 8562
f 8566 8562 8563
f 8566 8563 8564
f 8566 8564 8565
f 8566 8565 8008
f 8566 8031 8562
f 8039 8038 8568
f 8569 8039 8568
f 8604 8041 8039
f 8604 8039 8569
f 8605 8604 8569
f 8606 8605 8569
f 8607 8606 8569
f 8570 8607 8569
f 8608 8036 8031
f 8608 8567 8036
f 8609 8566 8567
f 8609 8567 8608
f 8609 8608 8031
f 8609 8031 8566
f 8610 8038 8036
f 8611 8567 8568
f 8611 8036 8567
f 8611 8568 8038
f 8611 8610 8036
f 8611 8038 8610
f 8487 8134 8136
f 8488 8487 8136
f 8137 8488 8136
f 8486 8135 8134
f 8486 8134 8487
f 8133 8135 8486
f 8489 8488 8137
f 8093 8104 8133
f 8093 8133 8486
f 8138 8489 8137
f 8092 8104 8093
f 8490 8489 8138
f 8105 8104 8092
f 8139 8490 8138
f 8091 8105 8092
f 8491 8490 8139
f 8101 8105 8091
f 8140 8491 8139
f 8492 8491 8140
f 8090 8101 8091
f 8094 8101 8090
f 8141 8492 8140
f 8493 8492 8141
f 7277 8094 8090
f 7275 8094 7277
f 8494 8493 8141
f 8071 8087 8494
f 8071 8494 8141
f 8070 8086 8087
f 8070 8087 8071
f 8089 7279 7281
f 8064 7279 8089
f 8064 8089 8088
f 8069 8088 8086
f 8069 8086 8070
f 8069 8064 8088
f 8132 8171 8126
f 8171 7406 7405
f 8171 8177 7406
f 8132 8177 8171
f 8190 8249 8191
f 8189 8248 8190
f 8190 8248 8249
f 8189 8247 8248
f 8191 8251 8192
f 8249 8251 8191
f 8188 8245 8189
f 8189 8245 8247
f 8187 8246 8188
f 8188 8246 8245
f 8251 8250 8192
f 8250 8193 8192
f 8186 8263 8187
f 8187 8263 8246
f 8250 8252 8193
f 8252 8194 8193
f 8186 8262 8263
f 8252 8253 8194
f 8186 8185 8262
f 8253 8195 8194
f 8185 8261 8262
f 8253 8254 8195
f 8185 8184 8261
f 8254 8196 8195
f 8255 8197 8254
f 8254 8197 8196
f 8261 8183 8260
f 8184 8183 8261
f 8256 8179 8255
f 8255 8179 8197
f 8260 8182 8259
f 8183 8182 8260
f 8257 8178 8256
f 8256 8178 8179
f 8182 8181 8259
f 8259 8181 8258
f 8181 8180 8258
f 8257 8180 8178
f 8258 8180 8257
f 8210 8268 8211
f 8209 8267 8210
f 8210 8267 8268
f 8209 8266 8267
f 8211 8270 8212
f 8268 8270 8211
f 8208 8264 8209
f 8209 8264 8266
f 8207 8265 8208
f 8208 8265 8264
f 8270 8269 8212
f 8269 8213 8212
f 8206 8282 8207
f 8207 8282 8265
f 8269 8271 8213
f 8271 8214 8213
f 8206 8281 8282
f 8271 8272 8214
f 8206 8205 8281
f 8272 8215 8214
f 8205 8280 8281
f 8272 8273 8215
f 8205 8204 8280
f 8273 8216 8215
f 8274 8217 8273
f 8273 8217 8216
f 8280 8203 8279
f 8204 8203 8280
f 8275 8199 8274
f 8274 8199 8217
f 8279 8202 8278
f 8203 8202 8279
f 8276 8198 8275
f 8275 8198 8199
f 8202 8201 8278
f 8278 8201 8277
f 8201 8200 8277
f 8276 8200 8198
f 8277 8200 8276
f 8312 8346 7657
f 7657 8346 7655
f 8346 8124 8123
f 8312 8124 8346
f 8357 8446 8356
f 8358 8447 8357
f 8357 8447 8446
f 8358 8448 8447
f 8356 8445 8355
f 8446 8445 8356
f 8359 8449 8358
f 8358 8449 8448
f 8359 8428 8449
f 8445 8444 8355
f 8444 8354 8355
f 8444 8443 8354
f 8443 8353 8354
f 8443 8442 8353
f 8442 8351 8353
f 8442 8441 8351
f 8441 8352 8351
f 8440 8349 8441
f 8441 8349 8352
f 8440 8350 8349
f 8359 8362 8428
f 8361 8429 8362
f 8362 8429 8428
f 8363 8430 8361
f 8361 8430 8429
f 8363 8431 8430
f 8363 8364 8431
f 8364 8432 8431
f 8364 8365 8432
f 8365 8366 8432
f 8432 8366 8433
f 8438 8360 8439
f 8439 8360 8440
f 8440 8360 8350
f 8366 8367 8433
f 8433 8367 8434
f 8438 8370 8360
f 8436 8370 8437
f 8437 8370 8438
f 8367 8368 8434
f 8434 8368 8435
f 8436 8369 8370
f 8368 8369 8435
f 8435 8369 8436
f 8384 8458 8385
f 8391 8469 8390
f 8390 8469 8384
f 8384 8469 8458
f 8392 8471 8391
f 8391 8471 8469
f 8393 8468 8392
f 8392 8468 8471
f 8395 8462 8393
f 8393 8462 8468
f 8395 8463 8462
f 8394 8481 8395
f 8395 8481 8463
f 8396 8483 8394
f 8394 8483 8481
f 8397 8480 8396
f 8396 8480 8483
f 8383 8474 8397
f 8397 8474 8480
f 8383 8475 8474
f 8385 8427 8407
f 8385 8458 8427
f 8527 8589 8528
f 8534 8590 8533
f 8533 8590 8527
f 8527 8590 8589
f 8535 8591 8534
f 8534 8591 8590
f 8536 8592 8535
f 8535 8592 8591
f 8538 8593 8536
f 8536 8593 8592
f 8537 8594 8538
f 8538 8594 8593
f 8539 8596 8537
f 8537 8596 8594
f 8540 8595 8539
f 8539 8595 8596
f 8540 8597 8595
f 8503 8598 8540
f 8540 8598 8597
f 8503 8504 8598
f 8580 8507 8505
f 8580 8508 8507
f 8506 8580 8505
f 8522 8579 8580
f 8522 8580 8506
f 8521 8579 8522
f 8578 8579 8521
f 8520 8578 8521
f 8576 8520 8519
f 8576 8578 8520
f 8577 8519 8518
f 8577 8576 8519
f 8571 8514 8513
f 8571 8512 8511
f 8571 8513 8512
f 8572 8515 8514
f 8572 8514 8571
f 8575 8518 8517
f 8575 8577 8518
f 8573 8516 8515
f 8573 8515 8572
f 8574 8517 8516
f 8574 8575 8517
f 8574 8516 8573
f 8580 8509 8508
f 8510 8571 8511
f 8528 8589 8570
f 8528 8570 8547
f 8612 8613 8614
f 8615 8616 8617
f 8615 8617 8613
f 8615 8613 8612
f 8618 8619 8616
f 8618 8616 8615
f 8620 8621 8619
f 8620 8619 8618
f 8622 8623 8621
f 8622 8621 8620
f 8624 8625 8623
f 8624 8623 8622
f 8626 8627 8625
f 8626 8625 8624
f 8628 8629 8627
f 8628 8627 8626
f 8630 8629 8628
f 8631 8632 8629
f 8631 8629 8630
f 8633 8632 8631
f 8633 8634 8632
f 8635 8636 8634
f 8635 8634 8633
f 8637 8638 8636
f 8637 8636 8635
f 8639 8640 8638
f 8639 8638 8637
f 8641 8642 8640
f 8641 8640 8639
f 8643 8644 8642
f 8643 8642 8641
f 8645 8646 8644
f 8645 8644 8643
f 8647 8648 8646
f 8647 8646 8645
f 8649 8650 8648
f 8649 8648 8647
f 8651 8614 8650
f 8651 8650 8649
f 8612 8614 8651
f 8618 8652 8653
f 8654 8652 8618
f 8620 8618 8653
f 8615 8654 8618
f 8655 8620 8653
f 8622 8620 8655
f 8656 8654 8615
f 8612 8656 8615
f 8657 8622 8655
f 8651 8658 8656
f 8651 8656 8612
f 8624 8622 8657
f 8649 8658 8651
f 8659 8658 8649
f 8660 8624 8657
f 8626 8624 8660
f 8647 8659 8649
f 8661 8659 8647
f 8628 8626 8660
f 8662 8628 8660
f 8645 8661 8647
f 8630 8628 8662
f 8663 8630 8662
f 8664 8661 8645
f 8631 8630 8663
f 8643 8664 8645
f 8665 8633 8631
f 8665 8631 8663
f 8666 8664 8643
f 8641 8666 8643
f 8635 8633 8665
f 8667 8635 8665
f 8667 8637 8635
f 8668 8641 8639
f 8668 8666 8641
f 8669 8637 8667
f 8669 8668 8639
f 8669 8639 8637
f 8670 8616 8619
f 8671 8617 8616
f 8671 8616 8670
f 8672 8619 8621
f 8672 8670 8619
f 8673 8613 8617
f 8673 8617 8671
f 8674 8621 8623
f 8674 8672 8621
f 8675 8614 8613
f 8675 8613 8673
f 8650 8614 8675
f 8676 8674 8623
f 8677 8650 8675
f 8625 8676 8623
f 8678 8676 8625
f 8648 8650 8677
f 8679 8648 8677
f 8627 8678 8625
f 8680 8678 8627
f 8681 8648 8679
f 8646 8648 8681
f 8682 8646 8681
f 8629 8683 8680
f 8629 8680 8627
f 8644 8646 8682
f 8684 8644 8682
f 8632 8685 8683
f 8632 8683 8629
f 8642 8644 8684
f 8634 8686 8685
f 8634 8685 8632
f 8640 8642 8684
f 8640 8684 8687
f 8636 8686 8634
f 8636 8688 8686
f 8638 8640 8687
f 8638 8688 8636
f 8638 8687 8689
f 8638 8689 8688
f 8690 8654 8656
f 8690 8656 8691
f 8690 8691 8692
f 8690 8692 8693
f 8690 8693 8694
f 8690 8694 8695
f 8696 8652 8654
f 8696 8654 8690
f 8655 8653 8697
f 8698 8655 8697
f 8660 8657 8699
f 8700 8662 8701
f 8663 8662 8700
f 8702 8663 8700
f 8703 8663 8702
f 8665 8663 8703
f 8704 8665 8703
f 8705 8704 8703
f 8706 8705 8703
f 8707 8706 8703
f 8708 8707 8703
f 8709 8653 8652
f 8709 8697 8653
f 8710 8696 8697
f 8710 8652 8696
f 8710 8697 8709
f 8710 8709 8652
f 8711 8657 8655
f 8711 8698 8699
f 8711 8655 8698
f 8711 8699 8657
f 8712 8662 8660
f 8712 8701 8662
f 8713 8699 8701
f 8713 8712 8660
f 8713 8701 8712
f 8713 8660 8699
f 8714 8667 8665
f 8714 8707 8708
f 8714 8706 8707
f 8714 8705 8706
f 8714 8704 8705
f 8714 8665 8704
f 8715 8669 8667
f 8715 8667 8714
f 8666 8668 8716
f 8717 8666 8716
f 8661 8664 8718
f 8719 8659 8720
f 8658 8659 8719
f 8721 8658 8719
f 8722 8658 8721
f 8656 8658 8722
f 8691 8656 8722
f 8692 8691 8722
f 8693 8692 8722
f 8694 8693 8722
f 8695 8694 8722
f 8723 8668 8669
f 8723 8716 8668
f 8724 8715 8716
f 8724 8723 8669
f 8724 8669 8715
f 8724 8716 8723
f 8725 8664 8666
f 8725 8717 8718
f 8725 8666 8717
f 8725 8718 8664
f 8726 8659 8661
f 8726 8720 8659
f 8727 8718 8720
f 8727 8726 8661
f 8727 8720 8726
f 8727 8661 8718
f 8728 8677 8675
f 8729 8679 8677
f 8729 8677 8728
f 8730 8681 8679
f 8730 8679 8729
f 8731 8682 8681
f 8731 8681 8730
f 8732 8684 8682
f 8732 8682 8731
f 8733 8687 8684
f 8733 8684 8732
f 8734 8689 8687
f 8734 8687 8733
f 8735 8688 8689
f 8735 8689 8734
f 8736 8686 8688
f 8736 8688 8735
f 8737 8685 8686
f 8737 8686 8736
f 8737 8683 8685
f 8738 8680 8683
f 8738 8683 8737
f 8739 8678 8680
f 8739 8680 8738
f 8740 8676 8678
f 8740 8678 8739
f 8741 8674 8676
f 8741 8676 8740
f 8742 8672 8674
f 8742 8670 8672
f 8742 8674 8741
f 8743 8671 8670
f 8743 8670 8742
f 8744 8673 8671
f 8744 8671 8743
f 8745 8673 8744
f 8746 8675 8673
f 8746 8673 8745
f 8728 8675 8746
f 8703 8747 8708
f 8700 8748 8702
f 8702 8748 8703
f 8703 8748 8747
f 8701 8749 8700
f 8700 8749 8748
f 8699 8750 8701
f 8701 8750 8749
f 8698 8751 8699
f 8699 8751 8750
f 8697 8752 8698
f 8698 8752 8751
f 8696 8753 8697
f 8697 8753 8752
f 8690 8754 8696
f 8696 8754 8753
f 8690 8755 8754
f 8695 8756 8690
f 8690 8756 8755
f 8695 8757 8756
f 8722 8757 8695
f 8719 8758 8721
f 8721 8758 8722
f 8722 8758 8757
f 8720 8759 8719
f 8719 8759 8758
f 8718 8760 8720
f 8720 8760 8759
f 8717 8761 8718
f 8718 8761 8760
f 8716 8762 8717
f 8717 8762 8761
f 8715 8763 8716
f 8716 8763 8762
f 8714 8764 8715
f 8715 8764 8763
f 8714 8765 8764
f 8708 8766 8714
f 8714 8766 8765
f 8708 8747 8766
f 8767 8743 8768
f 8769 8744 8767
f 8767 8744 8743
f 8768 8742 8770
f 8743 8742 8768
f 8769 8745 8744
f 8771 8746 8769
f 8769 8746 8745
f 8772 8728 8771
f 8771 8728 8746
f 8742 8741 8770
f 8741 8773 8770
f 8774 8729 8772
f 8772 8729 8728
f 8741 8740 8773
f 8774 8775 8729
f 8740 8776 8773
f 8775 8730 8729
f 8740 8739 8776
f 8775 8777 8730
f 8739 8778 8776
f 8777 8731 8730
f 8739 8738 8778
f 8738 8779 8778
f 8777 8780 8731
f 8780 8732 8731
f 8737 8781 8738
f 8738 8781 8779
f 8737 8782 8781
f 8737 8736 8782
f 8732 8783 8733
f 8780 8783 8732
f 8736 8784 8782
f 8735 8784 8736
f 8783 8785 8733
f 8733 8785 8734
f 8735 8786 8784
f 8785 8786 8734
f 8734 8786 8735
f 8756 8757 8787
f 8756 8787 8788
f 8756 8788 8789
f 8790 8756 8789
f 8769 8754 8755
f 8769 8755 8756
f 8769 8790 8771
f 8769 8756 8790
f 8767 8753 8754
f 8767 8754 8769
f 8770 8752 8768
f 8773 8750 8751
f 8748 8749 8778
f 8779 8748 8778
f 8781 8748 8779
f 8791 8747 8748
f 8791 8748 8781
f 8792 8791 8781
f 8793 8792 8781
f 8794 8793 8781
f 8782 8794 8781
f 8795 8752 8753
f 8795 8753 8767
f 8795 8768 8752
f 8796 8767 8768
f 8796 8768 8795
f 8796 8795 8767
f 8797 8751 8752
f 8797 8752 8770
f 8798 8770 8773
f 8798 8797 8770
f 8798 8751 8797
f 8798 8773 8751
f 8799 8749 8750
f 8800 8773 8776
f 8800 8776 8778
f 8800 8749 8799
f 8800 8799 8750
f 8800 8750 8773
f 8800 8778 8749
f 8766 8793 8794
f 8766 8792 8793
f 8766 8791 8792
f 8766 8747 8791
f 8782 8766 8794
f 8784 8764 8765
f 8784 8765 8766
f 8784 8766 8782
f 8786 8763 8764
f 8786 8764 8784
f 8783 8762 8785
f 8780 8760 8761
f 8758 8759 8775
f 8774 8758 8775
f 8772 8757 8758
f 8772 8758 8774
f 8787 8757 8772
f 8788 8787 8772
f 8789 8788 8772
f 8790 8789 8772
f 8771 8790 8772
f 8801 8762 8763
f 8801 8763 8786
f 8801 8785 8762
f 8802 8786 8785
f 8802 8785 8801
f 8802 8801 8786
f 8803 8761 8762
f 8803 8762 8783
f 8804 8783 8780
f 8804 8803 8783
f 8804 8761 8803
f 8804 8780 8761
f 8805 8759 8760
f 8806 8780 8777
f 8806 8777 8775
f 8806 8759 8805
f 8806 8805 8760
f 8806 8760 8780
f 8806 8775 8759
f 8807 8808 8809
f 8810 8811 8807
f 8807 8811 8808
f 8812 8813 8810
f 8810 8813 8811
f 8814 8815 8812
f 8812 8815 8813
f 8816 8817 8814
f 8814 8817 8815
f 8818 8819 8816
f 8816 8819 8817
f 8820 8821 8818
f 8818 8821 8819
f 8822 8823 8820
f 8820 8823 8821
f 8824 8825 8822
f 8822 8825 8823
f 8824 8826 8825
f 8827 8824 8828
f 8828 8824 8829
f 8829 8822 8830
f 8824 8822 8829
f 8820 8818 8822
f 8822 8818 8830
f 8818 8816 8830
f 8831 8809 8832
f 8832 8809 8833
f 8833 8809 8834
f 8834 8809 8835
f 8831 8807 8809
f 8814 8812 8816
f 8807 8812 8810
f 8830 8812 8831
f 8816 8812 8830
f 8831 8812 8807
f 8811 8836 8808
f 8813 8837 8811
f 8811 8837 8836
f 8813 8838 8837
f 8815 8839 8813
f 8813 8839 8838
f 8817 8840 8815
f 8819 8840 8817
f 8815 8840 8839
f 8821 8841 8819
f 8819 8841 8840
f 8821 8842 8841
f 8823 8843 8821
f 8821 8843 8842
f 8825 8844 8823
f 8823 8844 8843
f 8826 8845 8825
f 8825 8845 8844
f 8824 8827 8826
f 8827 8846 8826
f 8827 8828 8846
f 8828 8847 8846
f 8828 8829 8847
f 8830 8848 8829
f 8829 8848 8847
f 8831 8849 8830
f 8830 8849 8848
f 8832 8850 8831
f 8831 8850 8849
f 8833 8851 8832
f 8832 8851 8850
f 8834 8852 8833
f 8833 8852 8851
f 8834 8853 8852
f 8835 8854 8834
f 8834 8854 8853
f 8809 8808 8835
f 8835 8808 8854
f 8855 8856 8857
f 8858 8859 8855
f 8855 8859 8856
f 8858 8860 8859
f 8857 8861 8862
f 8856 8861 8857
f 8836 8863 8858
f 8858 8863 8860
f 8836 8864 8863
f 8862 8865 8866
f 8861 8865 8862
f 8837 8867 8836
f 8836 8867 8864
f 8865 8868 8866
f 8868 8869 8866
f 8838 8870 8837
f 8837 8870 8867
f 8868 8871 8869
f 8871 8872 8869
f 8871 8873 8872
f 8870 8839 8874
f 8838 8839 8870
f 8873 8875 8872
f 8876 8877 8873
f 8873 8877 8875
f 8874 8840 8878
f 8878 8840 8879
f 8839 8840 8874
f 8880 8845 8876
f 8876 8845 8877
f 8880 8844 8845
f 8881 8844 8880
f 8840 8841 8879
f 8879 8841 8882
f 8882 8843 8881
f 8881 8843 8844
f 8882 8842 8843
f 8841 8842 8882
f 8826 8877 8845
f 8846 8877 8826
f 8846 8875 8877
f 8847 8872 8846
f 8846 8872 8875
f 8848 8869 8847
f 8847 8869 8872
f 8849 8866 8848
f 8848 8866 8869
f 8850 8862 8849
f 8849 8862 8866
f 8851 8857 8850
f 8850 8857 8862
f 8852 8855 8851
f 8851 8855 8857
f 8853 8858 8852
f 8854 8858 8853
f 8852 8858 8855
f 8808 8836 8854
f 8854 8836 8858
f 8867 8883 8864
f 8870 8884 8867
f 8867 8884 8883
f 8870 8885 8884
f 8874 8886 8870
f 8870 8886 8885
f 8878 8887 8874
f 8879 8887 8878
f 8874 8887 8886
f 8882 8888 8879
f 8879 8888 8887
f 8882 8889 8888
f 8881 8890 8882
f 8882 8890 8889
f 8880 8891 8881
f 8881 8891 8890
f 8876 8892 8880
f 8880 8892 8891
f 8876 8893 8892
f 8873 8893 8876
f 8871 8894 8873
f 8868 8894 8871
f 8873 8894 8893
f 8865 8895 8868
f 8868 8895 8894
f 8861 8896 8865
f 8865 8896 8895
f 8856 8897 8861
f 8861 8897 8896
f 8859 8898 8856
f 8856 8898 8897
f 8860 8899 8859
f 8859 8899 8898
f 8863 8900 8860
f 8860 8900 8899
f 8864 8883 8863
f 8863 8883 8900
f 8901 8894 8902
f 8902 8894 8903
f 8903 8895 8904
f 8894 8895 8903
f 8905 8893 8901
f 8901 8893 8894
f 8904 8896 8906
f 8895 8896 8904
f 8907 8892 8905
f 8905 8892 8893
f 8908 8891 8907
f 8907 8891 8892
f 8896 8897 8906
f 8908 8890 8891
f 8897 8909 8906
f 8897 8898 8909
f 8890 8910 8889
f 8908 8910 8890
f 8899 8911 8898
f 8898 8911 8909
f 8910 8888 8889
f 8900 8912 8899
f 8899 8912 8911
f 8888 8913 8887
f 8910 8913 8888
f 8883 8914 8900
f 8900 8914 8912
f 8883 8915 8914
f 8913 8916 8887
f 8884 8917 8883
f 8883 8917 8915
f 8916 8918 8887
f 8887 8918 8886
f 8884 8919 8917
f 8918 8919 8886
f 8885 8919 8884
f 8886 8919 8885
f 8917 8920 8915
f 8915 8920 8921
f 8919 8922 8917
f 8917 8922 8920
f 8918 8923 8919
f 8919 8923 8922
f 8916 8924 8918
f 8918 8924 8923
f 8913 8925 8916
f 8916 8925 8924
f 8910 8926 8913
f 8913 8926 8925
f 8908 8927 8910
f 8910 8927 8926
f 8907 8928 8908
f 8908 8928 8927
f 8905 8929 8907
f 8907 8929 8928
f 8905 8930 8929
f 8901 8930 8905
f 8902 8931 8901
f 8901 8931 8930
f 8903 8932 8902
f 8902 8932 8931
f 8904 8933 8903
f 8903 8933 8932
f 8906 8934 8904
f 8904 8934 8933
f 8909 8935 8906
f 8906 8935 8934
f 8911 8936 8909
f 8909 8936 8935
f 8912 8937 8911
f 8911 8937 8936
f 8914 8938 8912
f 8912 8938 8937
f 8915 8921 8914
f 8914 8921 8938
f 8939 8928 8940
f 8940 8928 8929
f 8941 8927 8939
f 8939 8927 8928
f 8942 8926 8941
f 8941 8926 8927
f 8943 8925 8942
f 8942 8925 8926
f 8944 8924 8943
f 8943 8924 8925
f 8945 8923 8944
f 8944 8923 8924
f 8946 8922 8945
f 8945 8922 8923
f 8947 8920 8946
f 8946 8920 8922
f 8948 8921 8947
f 8947 8921 8920
f 8948 8938 8921
f 8949 8938 8948
f 8950 8937 8949
f 8949 8937 8938
f 8951 8936 8950
f 8950 8936 8937
f 8952 8935 8951
f 8951 8935 8936
f 8953 8934 8952
f 8952 8934 8935
f 8954 8933 8953
f 8953 8933 8934
f 8955 8932 8954
f 8954 8932 8933
f 8956 8931 8955
f 8955 8931 8932
f 8957 8930 8956
f 8956 8930 8931
f 8957 8940 8930
f 8940 8929 8930
f 8947 8958 8948
f 8946 8959 8947
f 8947 8959 8958
f 8945 8960 8946
f 8946 8960 8959
f 8944 8961 8945
f 8945 8961 8960
f 8943 8962 8944
f 8944 8962 8961
f 8942 8963 8943
f 8943 8963 8962
f 8941 8964 8942
f 8942 8964 8963
f 8939 8965 8941
f 8941 8965 8964
f 8940 8966 8939
f 8939 8966 8965
f 8940 8967 8966
f 8940 8957 8967
f 8956 8968 8957
f 8957 8968 8967
f 8955 8969 8956
f 8956 8969 8968
f 8954 8970 8955
f 8955 8970 8969
f 8953 8971 8954
f 8954 8971 8970
f 8952 8972 8953
f 8953 8972 8971
f 8951 8973 8952
f 8952 8973 8972
f 8950 8974 8951
f 8951 8974 8973
f 8949 8975 8950
f 8950 8975 8974
f 8948 8976 8949
f 8949 8976 8975
f 8948 8958 8976
f 8959 8977 8958
f 8960 8978 8959
f 8959 8978 8977
f 8960 8979 8978
f 8961 8980 8960
f 8960 8980 8979
f 8962 8981 8961
f 8963 8981 8962
f 8961 8981 8980
f 8964 8982 8963
f 8963 8982 8981
f 8964 8983 8982
f 8965 8984 8964
f 8964 8984 8983
f 8966 8985 8965
f 8965 8985 8984
f 8967 8986 8966
f 8966 8986 8985
f 8967 8987 8986
f 8968 8987 8967
f 8969 8988 8968
f 8970 8988 8969
f 8968 8988 8987
f 8971 8989 8970
f 8970 8989 8988
f 8972 8990 8971
f 8971 8990 8989
f 8973 8991 8972
f 8972 8991 8990
f 8974 8992 8973
f 8973 8992 8991
f 8975 8993 8974
f 8974 8993 8992
f 8976 8994 8975
f 8975 8994 8993
f 8958 8977 8976
f 8976 8977 8994
f 8995 8988 8996
f 8996 8988 8997
f 8997 8989 8998
f 8988 8989 8997
f 8999 8987 8995
f 8995 8987 8988
f 8989 8990 8998
f 9000 8986 8999
f 8999 8986 8987
f 8990 9001 8998
f 9000 8985 8986
f 9000 9002 8985
f 8990 8991 9001
f 9002 8984 8985
f 8991 9003 9001
f 8991 8992 9003
f 8984 9004 8983
f 9002 9004 8984
f 8992 9005 9003
f 8992 8993 9005
f 9004 8982 8983
f 8994 9006 8993
f 8993 9006 9005
f 9004 9007 8982
f 9007 8981 8982
f 8977 9008 8994
f 8994 9008 9006
f 8977 9009 9008
f 9007 9010 8981
f 8977 9011 9009
f 8978 9011 8977
f 9010 9012 8981
f 8981 9012 8980
f 8978 9013 9011
f 9012 9013 8980
f 8979 9013 8978
f 8980 9013 8979
f 9011 9014 9009
f 9013 9015 9011
f 9011 9015 9014
f 9013 9016 9015
f 9012 9017 9013
f 9013 9017 9016
f 9010 9018 9012
f 9007 9018 9010
f 9012 9018 9017
f 9004 9019 9007
f 9007 9019 9018
f 9004 9020 9019
f 9002 9021 9004
f 9004 9021 9020
f 9000 9022 9002
f 9002 9022 9021
f 8999 9023 9000
f 9000 9023 9022
f 8999 9024 9023
f 8995 9024 8999
f 8996 9025 8995
f 8997 9025 8996
f 8995 9025 9024
f 8998 9026 8997
f 8997 9026 9025
f 9001 9027 8998
f 8998 9027 9026
f 9003 9028 9001
f 9001 9028 9027
f 9005 9029 9003
f 9003 9029 9028
f 9006 9030 9005
f 9005 9030 9029
f 9008 9031 9006
f 9006 9031 9030
f 9009 9014 9008
f 9008 9014 9031
f 9032 9025 9033
f 9033 9025 9034
f 9034 9026 9035
f 9025 9026 9034
f 9036 9024 9032
f 9032 9024 9025
f 9026 9027 9035
f 9037 9023 9036
f 9036 9023 9024
f 9027 9038 9035
f 9039 9022 9037
f 9037 9022 9023
f 9027 9028 9038
f 9039 9021 9022
f 9028 9040 9038
f 9028 9029 9040
f 9039 9041 9021
f 9041 9020 9021
f 9029 9042 9040
f 9029 9030 9042
f 9041 9043 9020
f 9043 9019 9020
f 9031 9044 9030
f 9030 9044 9042
f 9019 9045 9018
f 9043 9045 9019
f 9014 9046 9031
f 9031 9046 9044
f 9015 9047 9014
f 9014 9047 9046
f 9018 9048 9017
f 9045 9048 9018
f 9016 9049 9015
f 9015 9049 9047
f 9048 9050 9017
f 9017 9050 9016
f 9050 9051 9016
f 9016 9051 9049
f 9047 9049 9052
f 9051 9053 9049
f 9049 9053 9052
f 9050 9054 9051
f 9051 9054 9053
f 9048 9055 9050
f 9050 9055 9054
f 9045 9056 9048
f 9048 9056 9055
f 9043 9057 9045
f 9045 9057 9056
f 9041 9058 9043
f 9039 9058 9041
f 9043 9058 9057
f 9037 9059 9039
f 9039 9059 9058
f 9036 9060 9037
f 9037 9060 9059
f 9036 9032 9060
f 9033 9061 9032
f 9032 9061 9060
f 9034 9062 9033
f 9033 9062 9061
f 9035 9063 9034
f 9034 9063 9062
f 9038 9064 9035
f 9035 9064 9063
f 9040 9065 9038
f 9038 9065 9064
f 9042 9066 9040
f 9040 9066 9065
f 9044 9067 9042
f 9046 9067 9044
f 9042 9067 9066
f 9047 9052 9046
f 9046 9052 9067
f 9066 9064 9065
f 9067 9053 9066
f 9052 9053 9067
f 9066 9053 9064
f 9063 9061 9062
f 9064 9061 9063
f 9053 9061 9064
f 9054 9055 9053
f 9055 9056 9053
f 9053 9056 9061
f 9061 9059 9060
f 9057 9058 9056
f 9061 9058 9059
f 9056 9058 9061
f 9068 9069 9070
f 9071 9072 9073
f 9071 9073 9069
f 9071 9069 9068
f 9074 9075 9072
f 9074 9072 9071
f 9076 9077 9075
f 9076 9075 9074
f 9078 9079 9077
f 9078 9077 9076
f 9080 9081 9079
f 9080 9079 9078
f 9082 9083 9081
f 9082 9081 9080
f 9084 9085 9083
f 9084 9083 9082
f 9086 9085 9084
f 9087 9088 9085
f 9087 9085 9086
f 9089 9088 9087
f 9089 9090 9088
f 9091 9092 9090
f 9091 9090 9089
f 9093 9094 9092
f 9093 9092 9091
f 9095 9096 9094
f 9095 9094 9093
f 9097 9098 9096
f 9097 9096 9095
f 9099 9100 9098
f 9099 9098 9097
f 9101 9102 9100
f 9101 9100 9099
f 9103 9104 9102
f 9103 9102 9101
f 9105 9070 9104
f 9105 9104 9103
f 9068 9070 9105
f 9074 9106 9076
f 9071 9107 9074
f 9074 9107 9106
f 9071 9108 9107
f 9076 9109 9078
f 9106 9109 9076
f 9068 9110 9071
f 9071 9110 9108
f 9105 9111 9068
f 9068 9111 9110
f 9109 9112 9078
f 9112 9080 9078
f 9103 9113 9105
f 9105 9113 9111
f 9112 9114 9080
f 9114 9082 9080
f 9103 9115 9113
f 9114 9116 9082
f 9103 9101 9115
f 9116 9084 9082
f 9101 9117 9115
f 9116 9118 9084
f 9118 9086 9084
f 9101 9099 9117
f 9099 9119 9117
f 9120 9087 9118
f 9118 9087 9086
f 9121 9089 9120
f 9120 9089 9087
f 9119 9097 9122
f 9099 9097 9119
f 9121 9091 9089
f 9123 9091 9121
f 9097 9095 9122
f 9122 9095 9124
f 9123 9093 9091
f 9095 9093 9124
f 9124 9093 9123
f 9125 9075 9126
f 9127 9072 9125
f 9125 9072 9075
f 9127 9073 9072
f 9126 9077 9128
f 9075 9077 9126
f 9129 9069 9127
f 9127 9069 9073
f 9130 9070 9129
f 9129 9070 9069
f 9128 9079 9131
f 9077 9079 9128
f 9132 9104 9130
f 9130 9104 9070
f 9079 9081 9131
f 9132 9133 9104
f 9081 9134 9131
f 9133 9102 9104
f 9081 9083 9134
f 9133 9135 9102
f 9083 9136 9134
f 9135 9100 9102
f 9083 9085 9136
f 9085 9137 9136
f 9100 9138 9098
f 9135 9138 9100
f 9088 9139 9085
f 9085 9139 9137
f 9090 9140 9088
f 9088 9140 9139
f 9138 9141 9098
f 9098 9141 9096
f 9090 9142 9140
f 9092 9142 9090
f 9141 9143 9096
f 9096 9143 9094
f 9092 9144 9142
f 9143 9144 9094
f 9094 9144 9092
f 9145 9121 9120
f 9146 9123 9121
f 9146 9121 9145
f 9147 9124 9123
f 9147 9123 9146
f 9148 9122 9124
f 9148 9124 9147
f 9149 9119 9122
f 9149 9122 9148
f 9150 9117 9119
f 9150 9119 9149
f 9151 9115 9117
f 9151 9117 9150
f 9152 9113 9115
f 9152 9115 9151
f 9153 9111 9113
f 9153 9113 9152
f 9154 9111 9153
f 9154 9110 9111
f 9155 9107 9108
f 9155 9108 9110
f 9155 9110 9154
f 9156 9106 9107
f 9156 9107 9155
f 9157 9109 9106
f 9157 9106 9156
f 9158 9112 9109
f 9158 9109 9157
f 9159 9114 9112
f 9159 9112 9158
f 9160 9116 9114
f 9160 9114 9159
f 9161 9118 9116
f 9161 9116 9160
f 9162 9118 9161
f 9163 9120 9118
f 9163 9118 9162
f 9145 9120 9163
f 9164 9165 9166
f 9164 9166 9140
f 9142 9167 9164
f 9142 9164 9140
f 9168 9167 9142
f 9144 9168 9142
f 9169 9168 9144
f 9170 9169 9143
f 9141 9170 9143
f 9171 9172 9138
f 9135 9171 9138
f 9133 9173 9135
f 9174 9173 9133
f 9132 9174 9133
f 9130 9174 9132
f 9175 9174 9130
f 9176 9175 9130
f 9129 9176 9130
f 9177 9143 9169
f 9178 9144 9143
f 9178 9169 9144
f 9178 9177 9169
f 9178 9143 9177
f 9179 9172 9170
f 9179 9170 9141
f 9180 9141 9138
f 9180 9179 9141
f 9180 9172 9179
f 9180 9138 9172
f 9181 9173 9171
f 9181 9171 9135
f 9181 9135 9173
f 9182 9176 9129
f 9182 9175 9176
f 9127 9183 9182
f 9127 9182 9129
f 9184 9183 9127
f 9125 9184 9127
f 9185 9184 9125
f 9186 9185 9126
f 9128 9186 9126
f 9187 9188 9131
f 9134 9187 9131
f 9136 9189 9134
f 9190 9189 9136
f 9137 9190 9136
f 9139 9190 9137
f 9165 9190 9139
f 9166 9165 9139
f 9140 9166 9139
f 9191 9126 9185
f 9192 9125 9126
f 9192 9185 9125
f 9192 9191 9185
f 9192 9126 9191
f 9193 9188 9186
f 9193 9186 9128
f 9194 9128 9131
f 9194 9188 9193
f 9194 9193 9128
f 9194 9131 9188
f 9195 9189 9187
f 9195 9187 9134
f 9195 9134 9189
f 9196 9160 9197
f 9198 9161 9196
f 9196 9161 9160
f 9198 9162 9161
f 9197 9159 9199
f 9160 9159 9197
f 9200 9163 9198
f 9198 9163 9162
f 9201 9145 9200
f 9200 9145 9163
f 9159 9158 9199
f 9158 9202 9199
f 9203 9146 9201
f 9201 9146 9145
f 9158 9157 9202
f 9157 9204 9202
f 9203 9147 9146
f 9157 9156 9204
f 9203 9205 9147
f 9156 9206 9204
f 9205 9148 9147
f 9156 9155 9206
f 9155 9207 9206
f 9205 9208 9148
f 9208 9149 9148
f 9154 9209 9155
f 9155 9209 9207
f 9153 9210 9154
f 9154 9210 9209
f 9149 9211 9150
f 9208 9211 9149
f 9153 9212 9210
f 9152 9212 9153
f 9211 9213 9150
f 9150 9213 9151
f 9152 9214 9212
f 9213 9214 9151
f 9151 9214 9152
f 9164 9215 9165
f 9168 9216 9167
f 9167 9216 9164
f 9164 9216 9215
f 9169 9217 9168
f 9168 9217 9216
f 9170 9218 9169
f 9169 9218 9217
f 9172 9219 9170
f 9170 9219 9218
f 9171 9220 9172
f 9172 9220 9219
f 9173 9221 9171
f 9171 9221 9220
f 9174 9222 9173
f 9173 9222 9221
f 9174 9223 9222
f 9175 9224 9174
f 9174 9224 9223
f 9175 9225 9224
f 9182 9225 9175
f 9184 9226 9183
f 9183 9226 9182
f 9182 9226 9225
f 9185 9227 9184
f 9184 9227 9226
f 9186 9228 9185
f 9185 9228 9227
f 9188 9229 9186
f 9186 9229 9228
f 9187 9230 9188
f 9188 9230 9229
f 9189 9231 9187
f 9187 9231 9230
f 9190 9232 9189
f 9189 9232 9231
f 9190 9233 9232
f 9165 9234 9190
f 9190 9234 9233
f 9165 9215 9234
f 9200 9235 9236
f 9198 9235 9200
f 9196 9237 9198
f 9198 9237 9235
f 9197 9238 9196
f 9196 9238 9237
f 9199 9239 9197
f 9197 9239 9238
f 9202 9240 9199
f 9199 9240 9239
f 9204 9241 9202
f 9202 9241 9240
f 9206 9242 9204
f 9204 9242 9241
f 9207 9243 9206
f 9206 9243 9242
f 9209 9244 9207
f 9207 9244 9243
f 9210 9245 9209
f 9209 9245 9244
f 9212 9246 9210
f 9210 9246 9245
f 9214 9247 9212
f 9212 9247 9246
f 9213 9248 9214
f 9214 9248 9247
f 9211 9249 9213
f 9213 9249 9248
f 9208 9250 9211
f 9211 9250 9249
f 9205 9251 9208
f 9208 9251 9250
f 9203 9252 9205
f 9205 9252 9251
f 9201 9253 9203
f 9203 9253 9252
f 9200 9236 9201
f 9201 9236 9253
f 9254 9255 9256
f 9254 9256 9257
f 9254 9257 9258
f 9254 9258 9259
f 9254 9259 9215
f 9216 9260 9254
f 9216 9254 9215
f 9261 9260 9216
f 9217 9262 9261
f 9217 9261 9216
f 9219 9263 9218
f 9220 9264 9265
f 9222 9266 9221
f 9267 9266 9222
f 9223 9267 9222
f 9224 9267 9223
f 9268 9267 9224
f 9269 9268 9224
f 9270 9269 9224
f 9271 9270 9224
f 9272 9271 9224
f 9225 9272 9224
f 9273 9263 9262
f 9273 9262 9217
f 9273 9218 9263
f 9274 9217 9218
f 9274 9218 9273
f 9274 9273 9217
f 9275 9265 9263
f 9275 9263 9219
f 9276 9219 9220
f 9276 9275 9219
f 9276 9265 9275
f 9276 9220 9265
f 9277 9266 9264
f 9277 9220 9221
f 9277 9264 9220
f 9277 9221 9266
f 9278 9272 9225
f 9278 9271 9272
f 9278 9270 9271
f 9278 9269 9270
f 9278 9268 9269
f 9226 9279 9278
f 9226 9278 9225
f 9280 9279 9226
f 9227 9281 9280
f 9227 9280 9226
f 9229 9282 9228
f 9230 9283 9284
f 9232 9285 9231
f 9286 9285 9232
f 9233 9286 9232
f 9234 9286 9233
f 9255 9286 9234
f 9256 9255 9234
f 9257 9256 9234
f 9258 9257 9234
f 9259 9258 9234
f 9215 9259 9234
f 9287 9282 9281
f 9287 9281 9227
f 9287 9228 9282
f 9288 9227 9228
f 9288 9287 9227
f 9288 9228 9287
f 9289 9284 9282
f 9289 9282 9229
f 9290 9229 9230
f 9290 9289 9229
f 9290 9284 9289
f 9290 9230 9284
f 9291 9285 9283
f 9291 9230 9231
f 9291 9283 9230
f 9291 9231 9285
f 9292 9244 9245
f 9293 9244 9292
f 9294 9243 9293
f 9293 9243 9244
f 9295 9242 9294
f 9294 9242 9243
f 9296 9241 9295
f 9295 9241 9242
f 9297 9240 9296
f 9296 9240 9241
f 9298 9239 9297
f 9297 9239 9240
f 9299 9238 9298
f 9298 9238 9239
f 9299 9237 9238
f 9300 9235 9299
f 9299 9235 9237
f 9301 9236 9300
f 9300 9236 9235
f 9302 9253 9301
f 9301 9253 9236
f 9303 9252 9302
f 9302 9252 9253
f 9304 9251 9305
f 9305 9251 9303
f 9303 9251 9252
f 9306 9250 9304
f 9304 9250 9251
f 9306 9249 9250
f 9307 9248 9306
f 9306 9248 9249
f 9308 9247 9309
f 9309 9247 9307
f 9307 9247 9248
f 9292 9246 9308
f 9308 9246 9247
f 9292 9245 9246
f 9286 9299 9285
f 9285 9299 9283
f 9283 9298 9284
f 9299 9298 9283
f 9286 9300 9299
f 9286 9255 9300
f 9298 9297 9284
f 9254 9301 9255
f 9255 9301 9300
f 9297 9282 9284
f 9260 9302 9254
f 9254 9302 9301
f 9297 9296 9282
f 9260 9303 9302
f 9260 9261 9303
f 9296 9281 9282
f 9296 9295 9281
f 9261 9305 9303
f 9261 9262 9305
f 9295 9280 9281
f 9295 9294 9280
f 9262 9304 9305
f 9293 9279 9294
f 9294 9279 9280
f 9262 9263 9304
f 9263 9306 9304
f 9292 9278 9293
f 9293 9278 9279
f 9292 9268 9278
f 9292 9308 9268
f 9306 9265 9307
f 9263 9265 9306
f 9309 9267 9308
f 9308 9267 9268
f 9307 9264 9309
f 9265 9264 9307
f 9309 9266 9267
f 9264 9266 9309
f 9310 9311 9312
f 9313 9314 9310
f 9313 9310 9312
f 9315 9314 9313
f 9316 9317 9315
f 9316 9315 9313
f 9318 9319 9317
f 9318 9317 9316
f 9320 9321 9319
f 9320 9319 9318
f 9322 9323 9321
f 9322 9321 9320
f 9324 9325 9323
f 9324 9323 9322
f 9326 9325 9324
f 9327 9325 9326
f 9328 9327 9326
f 9329 9327 9328
f 9330 9327 9329
f 9331 9330 9329
f 9316 9332 9333
f 9318 9333 9334
f 9318 9316 9333
f 9313 9335 9332
f 9313 9332 9316
f 9320 9334 9336
f 9320 9318 9334
f 9312 9337 9335
f 9312 9335 9313
f 9322 9336 9338
f 9322 9320 9336
f 9339 9337 9312
f 9324 9322 9338
f 9340 9337 9339
f 9341 9340 9339
f 9342 9324 9338
f 9326 9324 9342
f 9343 9341 9344
f 9343 9340 9341
f 9345 9328 9326
f 9345 9329 9328
f 9345 9326 9342
f 9346 9344 9347
f 9346 9347 9348
f 9346 9343 9344
f 9349 9331 9329
f 9349 9350 9331
f 9349 9329 9345
f 9351 9348 9352
f 9351 9346 9348
f 9353 9350 9349
f 9353 9354 9350
f 9355 9352 9354
f 9355 9354 9353
f 9355 9351 9352
f 9356 9327 9330
f 9357 9325 9327
f 9357 9327 9356
f 9358 9323 9325
f 9358 9325 9357
f 9359 9321 9323
f 9359 9323 9358
f 9360 9319 9321
f 9360 9321 9359
f 9361 9317 9319
f 9361 9319 9360
f 9362 9315 9317
f 9362 9317 9361
f 9363 9314 9315
f 9363 9315 9362
f 9364 9310 9314
f 9364 9314 9363
f 9365 9311 9310
f 9365 9310 9364
f 9366 9311 9365
f 9367 9330 9331
f 9350 9367 9331
f 9368 9367 9350
f 9354 9368 9350
f 9369 9368 9354
f 9352 9369 9354
f 9348 9370 9369
f 9348 9369 9352
f 9347 9371 9370
f 9347 9370 9348
f 9372 9371 9347
f 9344 9372 9347
f 9373 9372 9344
f 9341 9373 9344
f 9339 9374 9373
f 9339 9373 9341
f 9312 9311 9374
f 9312 9374 9339
f 9335 9337 9375
f 9337 9376 9375
f 9337 9340 9376
f 9340 9377 9376
f 9340 9343 9377
f 9343 9378 9377
f 9343 9346 9378
f 9346 9379 9378
f 9351 9380 9346
f 9346 9380 9379
f 9355 9381 9351
f 9351 9381 9380
f 9353 9382 9355
f 9355 9382 9381
f 9353 9383 9382
f 9353 9349 9383
f 9349 9384 9383
f 9349 9345 9384
f 9345 9385 9384
f 9345 9342 9385
f 9342 9386 9385
f 9342 9338 9386
f 9338 9387 9386
f 9336 9388 9338
f 9338 9388 9387
f 9334 9389 9336
f 9336 9389 9388
f 9333 9390 9334
f 9334 9390 9389
f 9333 9391 9390
f 9333 9332 9391
f 9332 9392 9391
f 9332 9393 9392
f 9332 9335 9393
f 9335 9375 9393
f 9366 9374 9311
f 9394 9373 9374
f 9394 9374 9366
f 9395 9372 9373
f 9395 9373 9394
f 9396 9371 9372
f 9396 9372 9395
f 9397 9370 9371
f 9397 9371 9396
f 9398 9369 9370
f 9398 9370 9397
f 9399 9368 9369
f 9399 9369 9398
f 9400 9367 9368
f 9400 9368 9399
f 9401 9330 9367
f 9401 9367 9400
f 9356 9330 9401
f 9402 9357 9356
f 9402 9356 9403
f 9404 9358 9357
f 9404 9357 9402
f 9405 9359 9358
f 9405 9358 9404
f 9406 9360 9359
f 9406 9359 9405
f 9407 9361 9360
f 9407 9360 9406
f 9408 9362 9361
f 9408 9361 9407
f 9409 9363 9362
f 9409 9362 9408
f 9410 9364 9363
f 9410 9363 9409
f 9365 9364 9410
f 9411 9365 9410
f 9366 9365 9411
f 9412 9366 9411
f 9376 9413 9375
f 9375 9413 9414
f 9377 9415 9376
f 9376 9415 9413
f 9378 9416 9377
f 9377 9416 9415
f 9379 9417 9378
f 9378 9417 9416
f 9380 9418 9379
f 9379 9418 9417
f 9381 9419 9380
f 9380 9419 9418
f 9382 9420 9381
f 9381 9420 9419
f 9383 9421 9382
f 9382 9421 9420
f 9384 9422 9383
f 9383 9422 9421
f 9384 9423 9422
f 9385 9423 9384
f 9386 9424 9385
f 9385 9424 9423
f 9387 9425 9386
f 9386 9425 9424
f 9388 9426 9387
f 9387 9426 9425
f 9389 9427 9388
f 9388 9427 9426
f 9390 9428 9389
f 9389 9428 9427
f 9391 9429 9390
f 9390 9429 9428
f 9392 9430 9391
f 9391 9430 9429
f 9393 9431 9392
f 9392 9431 9430
f 9375 9414 9393
f 9393 9414 9431
f 9394 9366 9412
f 9432 9394 9412
f 9433 9395 9394
f 9433 9394 9432
f 9434 9396 9395
f 9434 9395 9433
f 9435 9397 9396
f 9435 9396 9434
f 9436 9398 9397
f 9436 9397 9435
f 9437 9399 9398
f 9437 9398 9436
f 9438 9400 9399
f 9438 9399 9437
f 9439 9401 9400
f 9439 9400 9438
f 9403 9356 9401
f 9403 9401 9439
f 9440 9408 9441
f 9442 9409 9440
f 9440 9409 9408
f 9442 9410 9409
f 9441 9407 9443
f 9408 9407 9441
f 9444 9411 9442
f 9442 9411 9410
f 9445 9412 9444
f 9444 9412 9411
f 9443 9406 9446
f 9407 9406 9443
f 9447 9432 9445
f 9445 9432 9412
f 9406 9405 9446
f 9405 9448 9446
f 9449 9433 9447
f 9447 9433 9432
f 9405 9404 9448
f 9402 9450 9404
f 9404 9450 9448
f 9433 9451 9434
f 9449 9451 9433
f 9402 9452 9450
f 9434 9453 9435
f 9451 9453 9434
f 9403 9454 9402
f 9402 9454 9452
f 9439 9455 9403
f 9403 9455 9454
f 9453 9456 9435
f 9435 9456 9436
f 9439 9457 9455
f 9438 9457 9439
f 9456 9458 9436
f 9436 9458 9437
f 9438 9459 9457
f 9458 9459 9437
f 9437 9459 9438
f 9455 9421 9422
f 9455 9457 9421
f 9457 9420 9421
f 9457 9459 9420
f 9459 9419 9420
f 9459 9458 9419
f 9458 9418 9419
f 9458 9456 9418
f 9456 9417 9418
f 9456 9453 9417
f 9451 9416 9453
f 9453 9416 9417
f 9449 9415 9451
f 9451 9415 9416
f 9449 9447 9415
f 9447 9413 9415
f 9447 9445 9413
f 9444 9414 9445
f 9445 9414 9413
f 9444 9431 9414
f 9444 9442 9431
f 9442 9430 9431
f 9442 9429 9430
f 9442 9440 9429
f 9440 9428 9429
f 9440 9441 9428
f 9441 9427 9428
f 9441 9443 9427
f 9443 9426 9427
f 9443 9446 9426
f 9446 9425 9426
f 9446 9448 9425
f 9448 9424 9425
f 9448 9450 9424
f 9452 9423 9450
f 9450 9423 9424
f 9452 9454 9423
f 9455 9422 9454
f 9454 9422 9423
f 9460 9461 9462
f 9460 9463 9461
f 9464 9465 9460
f 9460 9465 9463
f 9466 9467 9468
f 9468 9467 9469
f 9470 9471 9466
f 9466 9471 9467
f 9470 9462 9471
f 9462 9464 9460
f 9462 9472 9464
f 9462 9473 9472
f 9474 9473 9470
f 9470 9473 9462
f 9475 9476 9474
f 9475 9477 9476
f 9478 9477 9475
f 9476 9479 9474
f 9478 9480 9477
f 9474 9481 9473
f 9479 9481 9474
f 9478 9482 9480
f 9478 9483 9482
f 9481 9484 9485
f 9479 9484 9481
f 9484 9486 9485
f 9483 9487 9482
f 9483 9488 9487
f 9489 9490 9491
f 9492 9493 9494
f 9494 9493 9495
f 9488 9496 9497
f 9497 9496 9498
f 9483 9496 9488
f 9490 9499 9491
f 9491 9499 9500
f 9496 9501 9498
f 9492 9502 9493
f 9499 9503 9500
f 9504 9505 9506
f 9506 9505 9507
f 9504 9508 9505
f 9503 9509 9500
f 9510 9509 9503
f 9500 9509 9492
f 9492 9509 9502
f 9511 9512 9513
f 9501 9514 9515
f 9515 9514 9504
f 9496 9514 9501
f 9504 9514 9508
f 9516 9517 9518
f 9513 9519 9510
f 9512 9519 9513
f 9510 9520 9509
f 9519 9520 9510
f 9521 9522 9516
f 9516 9522 9517
f 9523 9524 9525
f 9525 9524 9519
f 9519 9524 9520
f 9508 9526 9521
f 9514 9526 9508
f 9521 9526 9522
f 9523 9527 9524
f 9528 9527 9529
f 9529 9527 9530
f 9530 9527 9523
f 9522 9531 9532
f 9532 9531 9533
f 9533 9531 9534
f 9526 9531 9522
f 9528 9535 9527
f 9531 9535 9534
f 9534 9535 9536
f 9536 9535 9528
f 9472 9465 9464
f 9472 9537 9465
f 9538 9462 9461
f 9471 9462 9538
f 9468 9539 9466
f 9466 9539 9540
f 9469 9541 9468
f 9468 9541 9539
f 9467 9542 9469
f 9469 9542 9541
f 9471 9538 9467
f 9467 9538 9542
f 9475 9474 9543
f 9474 9544 9543
f 9474 9470 9544
f 9470 9545 9544
f 9466 9540 9470
f 9470 9540 9545
f 9524 9527 9546
f 9527 9547 9546
f 9527 9535 9547
f 9535 9548 9547
f 9531 9549 9535
f 9535 9549 9548
f 9526 9550 9531
f 9531 9550 9549
f 9526 9514 9550
f 9514 9551 9550
f 9514 9496 9551
f 9496 9552 9551
f 9483 9553 9496
f 9496 9553 9552
f 9478 9554 9483
f 9483 9554 9553
f 9475 9543 9478
f 9478 9543 9554
f 9502 9509 9555
f 9509 9556 9555
f 9520 9557 9509
f 9509 9557 9556
f 9524 9546 9520
f 9520 9546 9557
f 9494 9558 9492
f 9492 9558 9559
f 9495 9560 9494
f 9494 9560 9558
f 9493 9561 9495
f 9495 9561 9560
f 9502 9555 9493
f 9493 9555 9561
f 9562 9492 9559
f 9500 9492 9562
f 9490 9563 9499
f 9499 9563 9564
f 9489 9565 9490
f 9490 9565 9563
f 9491 9566 9489
f 9489 9566 9565
f 9500 9562 9491
f 9491 9562 9566
f 9564 9503 9499
f 9567 9510 9503
f 9567 9503 9564
f 9568 9513 9510
f 9568 9510 9567
f 9569 9513 9568
f 9511 9570 9512
f 9512 9570 9571
f 9513 9569 9511
f 9511 9569 9570
f 9572 9512 9571
f 9519 9512 9572
f 9573 9519 9572
f 9573 9525 9519
f 9574 9523 9525
f 9574 9525 9573
f 9575 9530 9523
f 9575 9523 9574
f 9575 9529 9530
f 9576 9528 9529
f 9576 9529 9575
f 9577 9536 9528
f 9577 9528 9576
f 9578 9536 9577
f 9578 9534 9536
f 9579 9533 9534
f 9579 9534 9578
f 9580 9533 9579
f 9581 9532 9533
f 9581 9533 9580
f 9582 9522 9532
f 9582 9532 9581
f 9583 9517 9582
f 9517 9522 9582
f 9518 9584 9516
f 9516 9584 9585
f 9517 9583 9518
f 9518 9583 9584
f 9586 9521 9516
f 9586 9516 9585
f 9587 9508 9521
f 9587 9521 9586
f 9588 9505 9508
f 9588 9508 9587
f 9507 9589 9506
f 9505 9590 9507
f 9507 9590 9589
f 9505 9588 9590
f 9591 9504 9589
f 9504 9506 9589
f 9591 9515 9504
f 9592 9501 9515
f 9592 9515 9591
f 9593 9501 9592
f 9594 9498 9501
f 9594 9501 9593
f 9595 9497 9498
f 9595 9498 9594
f 9595 9488 9497
f 9596 9487 9488
f 9596 9488 9595
f 9597 9482 9487
f 9597 9487 9596
f 9598 9482 9597
f 9598 9480 9482
f 9599 9477 9480
f 9599 9480 9598
f 9600 9477 9599
f 9601 9476 9477
f 9601 9477 9600
f 9602 9479 9476
f 9602 9476 9601
f 9603 9479 9602
f 9484 9479 9603
f 9486 9604 9485
f 9484 9605 9486
f 9486 9605 9604
f 9484 9603 9605
f 9604 9481 9485
f 9606 9473 9481
f 9606 9481 9604
f 9607 9472 9473
f 9607 9473 9606
f 9537 9472 9607
f 9541 9540 9539
f 9538 9545 9540
f 9538 9541 9542
f 9538 9540 9541
f 9461 9545 9538
f 9465 9461 9463
f 9537 9461 9465
f 9607 9461 9537
f 9607 9545 9461
f 9606 9545 9607
f 9606 9544 9545
f 9601 9543 9544
f 9600 9543 9601
f 9600 9554 9543
f 9602 9544 9606
f 9602 9601 9544
f 9599 9554 9600
f 9598 9554 9599
f 9553 9554 9598
f 9604 9602 9606
f 9603 9602 9604
f 9605 9603 9604
f 9597 9553 9598
f 9596 9553 9597
f 9560 9559 9558
f 9552 9553 9596
f 9552 9596 9595
f 9552 9595 9594
f 9564 9563 9565
f 9564 9565 9566
f 9564 9566 9562
f 9593 9552 9594
f 9555 9560 9561
f 9555 9559 9560
f 9588 9591 9589
f 9588 9589 9590
f 9567 9564 9562
f 9587 9591 9588
f 9556 9567 9562
f 9556 9559 9555
f 9556 9562 9559
f 9571 9570 9569
f 9571 9569 9568
f 9551 9592 9591
f 9551 9593 9592
f 9551 9552 9593
f 9551 9591 9587
f 9583 9585 9584
f 9572 9571 9568
f 9557 9568 9567
f 9557 9567 9556
f 9557 9572 9568
f 9582 9586 9585
f 9582 9585 9583
f 9546 9573 9572
f 9546 9574 9573
f 9546 9572 9557
f 9550 9587 9586
f 9550 9551 9587
f 9550 9586 9582
f 9547 9576 9575
f 9547 9575 9574
f 9547 9574 9546
f 9549 9550 9582
f 9549 9580 9579
f 9549 9581 9580
f 9549 9582 9581
f 9548 9576 9547
f 9548 9549 9579
f 9548 9579 9578
f 9548 9577 9576
f 9548 9578 9577
f 9608 9609 9610
f 9611 9612 9608
f 9608 9612 9609
f 9613 9614 9611
f 9611 9614 9612
f 9615 9616 9613
f 9613 9616 9614
f 9617 9618 9615
f 9615 9618 9616
f 9619 9620 9617
f 9617 9620 9618
f 9621 9622 9619
f 9619 9622 9620
f 9623 9624 9621
f 9621 9624 9622
f 9625 9626 9623
f 9623 9626 9624
f 9625 9627 9626
f 9628 9608 9629
f 9629 9608 9610
f 9630 9611 9628
f 9628 9611 9608
f 9631 9613 9632
f 9632 9613 9630
f 9630 9613 9611
f 9633 9615 9631
f 9631 9615 9613
f 9633 9617 9615
f 9634 9619 9633
f 9633 9619 9617
f 9635 9621 9636
f 9636 9621 9634
f 9634 9621 9619
f 9637 9623 9635
f 9635 9623 9621
f 9637 9625 9623
f 9638 9627 9625
f 9639 9640 9641
f 9641 9640 9638
f 9638 9640 9627
f 9642 9643 9639
f 9639 9643 9640
f 9644 9645 9642
f 9642 9645 9643
f 9646 9647 9644
f 9644 9647 9645
f 9648 9649 9646
f 9646 9649 9647
f 9650 9651 9648
f 9648 9651 9649
f 9652 9653 9650
f 9650 9653 9651
f 9610 9654 9652
f 9652 9654 9653
f 9610 9609 9654
f 9655 9643 9656
f 9656 9643 9657
f 9657 9645 9658
f 9643 9645 9657
f 9659 9640 9655
f 9655 9640 9643
f 9645 9647 9658
f 9660 9627 9659
f 9659 9627 9640
f 9647 9661 9658
f 9662 9626 9660
f 9660 9626 9627
f 9647 9649 9661
f 9662 9624 9626
f 9649 9663 9661
f 9649 9651 9663
f 9662 9664 9624
f 9664 9622 9624
f 9651 9665 9663
f 9651 9653 9665
f 9664 9666 9622
f 9666 9620 9622
f 9654 9667 9653
f 9653 9667 9665
f 9620 9668 9618
f 9666 9668 9620
f 9609 9669 9654
f 9654 9669 9667
f 9612 9670 9609
f 9609 9670 9669
f 9618 9671 9616
f 9668 9671 9618
f 9614 9672 9612
f 9612 9672 9670
f 9671 9673 9616
f 9616 9673 9614
f 9673 9674 9614
f 9614 9674 9672
f 9675 9637 9676
f 9676 9637 9677
f 9677 9635 9678
f 9637 9635 9677
f 9636 9634 9635
f 9635 9634 9678
f 9634 9633 9678
f 9679 9629 9680
f 9680 9629 9681
f 9681 9629 9682
f 9682 9629 9683
f 9679 9628 9629
f 9631 9632 9633
f 9628 9632 9630
f 9678 9632 9679
f 9633 9632 9678
f 9679 9632 9628
f 9637 9638 9625
f 9675 9638 9637
f 9675 9641 9638
f 9676 9639 9675
f 9675 9639 9641
f 9677 9642 9676
f 9676 9642 9639
f 9678 9644 9677
f 9677 9644 9642
f 9679 9646 9678
f 9678 9646 9644
f 9680 9648 9679
f 9679 9648 9646
f 9681 9650 9680
f 9680 9650 9648
f 9682 9652 9681
f 9683 9652 9682
f 9681 9652 9650
f 9629 9610 9683
f 9683 9610 9652
f 9672 9684 9670
f 9670 9684 9685
f 9674 9686 9672
f 9672 9686 9684
f 9673 9687 9674
f 9674 9687 9686
f 9673 9671 9687
f 9671 9688 9687
f 9671 9668 9688
f 9668 9689 9688
f 9668 9666 9689
f 9666 9690 9689
f 9666 9664 9690
f 9664 9691 9690
f 9664 9662 9691
f 9662 9692 9691
f 9662 9660 9692
f 9660 9693 9692
f 9660 9659 9693
f 9659 9694 9693
f 9659 9695 9694
f 9655 9695 9659
f 9656 9696 9655
f 9655 9696 9695
f 9657 9697 9656
f 9656 9697 9696
f 9658 9698 9657
f 9657 9698 9697
f 9661 9699 9658
f 9658 9699 9698
f 9663 9700 9661
f 9661 9700 9699
f 9665 9701 9663
f 9663 9701 9700
f 9667 9702 9665
f 9665 9702 9701
f 9669 9703 9667
f 9667 9703 9702
f 9670 9685 9669
f 9669 9685 9703
f 9704 9693 9705
f 9705 9693 9694
f 9706 9692 9704
f 9704 9692 9693
f 9707 9691 9706
f 9706 9691 9692
f 9708 9690 9707
f 9707 9690 9691
f 9709 9689 9708
f 9708 9689 9690
f 9710 9688 9709
f 9709 9688 9689
f 9711 9687 9710
f 9710 9687 9688
f 9711 9686 9687
f 9712 9684 9711
f 9711 9684 9686
f 9713 9685 9712
f 9712 9685 9684
f 9713 9703 9685
f 9714 9703 9713
f 9715 9702 9714
f 9714 9702 9703
f 9716 9701 9715
f 9715 9701 9702
f 9717 9700 9716
f 9716 9700 9701
f 9718 9699 9717
f 9717 9699 9700
f 9719 9698 9718
f 9718 9698 9699
f 9720 9697 9719
f 9719 9697 9698
f 9720 9696 9697
f 9721 9695 9720
f 9720 9695 9696
f 9705 9694 9721
f 9721 9694 9695
f 9716 9722 9717
f 9715 9722 9716
f 9715 9714 9722
f 9714 9713 9722
f 9717 9723 9718
f 9722 9723 9717
f 9723 9719 9718
f 9712 9724 9713
f 9713 9724 9722
f 9712 9711 9724
f 9719 9725 9720
f 9723 9725 9719
f 9711 9710 9724
f 9725 9721 9720
f 9710 9726 9724
f 9710 9709 9726
f 9725 9705 9721
f 9705 9727 9704
f 9725 9727 9705
f 9726 9708 9727
f 9709 9708 9726
f 9727 9706 9704
f 9708 9707 9727
f 9727 9707 9706
f 9727 9728 9726
f 9728 9729 9726
f 9726 9730 9724
f 9729 9730 9726
f 9724 9730 9722
f 9730 9731 9722
f 9722 9731 9723
f 9731 9732 9723
f 9723 9733 9725
f 9732 9733 9723
f 9728 9727 9733
f 9733 9727 9725
f 9731 9733 9732
f 9730 9729 9728
f 9730 9728 9733
f 9730 9733 9731
f 9734 9735 9736
f 9737 9738 9734
f 9734 9738 9735
f 9739 9740 9737
f 9737 9740 9738
f 9741 9742 9739
f 9739 9742 9740
f 9743 9744 9741
f 9741 9744 9742
f 9745 9746 9743
f 9743 9746 9744
f 9747 9748 9745
f 9745 9748 9746
f 9749 9750 9747
f 9747 9750 9748
f 9751 9752 9749
f 9749 9752 9750
f 9751 9753 9752
f 9754 9734 9755
f 9755 9734 9736
f 9756 9737 9754
f 9754 9737 9734
f 9757 9739 9758
f 9758 9739 9756
f 9756 9739 9737
f 9759 9741 9757
f 9757 9741 9739
f 9759 9743 9741
f 9760 9745 9759
f 9759 9745 9743
f 9761 9747 9762
f 9762 9747 9760
f 9760 9747 9745
f 9763 9749 9761
f 9761 9749 9747
f 9763 9751 9749
f 9764 9753 9751
f 9765 9766 9767
f 9767 9766 9764
f 9764 9766 9753
f 9768 9769 9765
f 9765 9769 9766
f 9770 9771 9768
f 9768 9771 9769
f 9772 9773 9770
f 9770 9773 9771
f 9774 9775 9772
f 9772 9775 9773
f 9776 9777 9774
f 9774 9777 9775
f 9778 9779 9776
f 9776 9779 9777
f 9736 9780 9778
f 9778 9780 9779
f 9736 9735 9780
f 9781 9769 9782
f 9782 9769 9783
f 9783 9771 9784
f 9769 9771 9783
f 9785 9766 9781
f 9781 9766 9769
f 9771 9773 9784
f 9786 9753 9785
f 9785 9753 9766
f 9773 9787 9784
f 9788 9752 9786
f 9786 9752 9753
f 9773 9775 9787
f 9788 9750 9752
f 9775 9789 9787
f 9775 9777 9789
f 9788 9790 9750
f 9790 9748 9750
f 9777 9791 9789
f 9777 9779 9791
f 9790 9792 9748
f 9792 9746 9748
f 9780 9793 9779
f 9779 9793 9791
f 9746 9794 9744
f 9792 9794 9746
f 9735 9795 9780
f 9780 9795 9793
f 9738 9796 9735
f 9735 9796 9795
f 9744 9797 9742
f 9794 9797 9744
f 9740 9798 9738
f 9738 9798 9796
f 9797 9799 9742
f 9742 9799 9740
f 9799 9800 9740
f 9740 9800 9798
f 9801 9763 9802
f 9802 9763 9803
f 9803 9761 9804
f 9763 9761 9803
f 9762 9760 9761
f 9761 9760 9804
f 9760 9759 9804
f 9805 9755 9806
f 9806 9755 9807
f 9807 9755 9808
f 9808 9755 9809
f 9805 9754 9755
f 9757 9758 9759
f 9754 9758 9756
f 9804 9758 9805
f 9759 9758 9804
f 9805 9758 9754
f 9763 9764 9751
f 9801 9764 9763
f 9801 9767 9764
f 9802 9765 9801
f 9801 9765 9767
f 9803 9768 9802
f 9802 9768 9765
f 9804 9770 9803
f 9803 9770 9768
f 9805 9772 9804
f 9804 9772 9770
f 9806 9774 9805
f 9805 9774 9772
f 9807 9776 9806
f 9806 9776 9774
f 9808 9778 9807
f 9809 9778 9808
f 9807 9778 9776
f 9755 9736 9809
f 9809 9736 9778
f 9798 9810 9796
f 9796 9810 9811
f 9800 9812 9798
f 9798 9812 9810
f 9799 9813 9800
f 9800 9813 9812
f 9799 9797 9813
f 9797 9814 9813
f 9797 9794 9814
f 9794 9815 9814
f 9794 9792 9815
f 9792 9816 9815
f 9792 9790 9816
f 9790 9817 9816
f 9790 9788 9817
f 9788 9818 9817
f 9788 9786 9818
f 9786 9819 9818
f 9786 9785 9819
f 9785 9820 9819
f 9785 9821 9820
f 9781 9821 9785
f 9782 9822 9781
f 9781 9822 9821
f 9783 9823 9782
f 9782 9823 9822
f 9784 9824 9783
f 9783 9824 9823
f 9787 9825 9784
f 9784 9825 9824
f 9789 9826 9787
f 9787 9826 9825
f 9791 9827 9789
f 9789 9827 9826
f 9793 9828 9791
f 9791 9828 9827
f 9795 9829 9793
f 9793 9829 9828
f 9796 9811 9795
f 9795 9811 9829
f 9830 9819 9831
f 9831 9819 9820
f 9832 9818 9830
f 9830 9818 9819
f 9833 9817 9832
f 9832 9817 9818
f 9834 9816 9833
f 9833 9816 9817
f 9835 9815 9834
f 9834 9815 9816
f 9836 9814 9835
f 9835 9814 9815
f 9837 9813 9836
f 9836 9813 9814
f 9837 9812 9813
f 9838 9810 9837
f 9837 9810 9812
f 9839 9811 9838
f 9838 9811 9810
f 9839 9829 9811
f 9840 9829 9839
f 9841 9828 9840
f 9840 9828 9829
f 9842 9827 9841
f 9841 9827 9828
f 9843 9826 9842
f 9842 9826 9827
f 9844 9825 9843
f 9843 9825 9826
f 9845 9824 9844
f 9844 9824 9825
f 9846 9823 9845
f 9845 9823 9824
f 9846 9822 9823
f 9847 9821 9846
f 9846 9821 9822
f 9831 9820 9847
f 9847 9820 9821
f 9842 9848 9843
f 9841 9848 9842
f 9841 9840 9848
f 9840 9839 9848
f 9843 9849 9844
f 9848 9849 9843
f 9849 9845 9844
f 9838 9850 9839
f 9839 9850 9848
f 9838 9837 9850
f 9845 9851 9846
f 9849 9851 9845
f 9837 9836 9850
f 9851 9847 9846
f 9836 9852 9850
f 9836 9835 9852
f 9851 9831 9847
f 9831 9853 9830
f 9851 9853 9831
f 9852 9834 9853
f 9835 9834 9852
f 9853 9832 9830
f 9834 9833 9853
f 9853 9833 9832
f 9853 9854 9852
f 9854 9855 9852
f 9852 9856 9850
f 9855 9856 9852
f 9850 9856 9848
f 9856 9857 9848
f 9848 9857 9849
f 9857 9858 9849
f 9849 9859 9851
f 9858 9859 9849
f 9854 9853 9859
f 9859 9853 9851
f 9857 9859 9858
f 9856 9855 9854
f 9856 9854 9859
f 9856 9859 9857
