# PUBLIC SHELL OBJ - display only, not CAD source
# Precision intentionally degraded; multi-part structure removed
o shell
v 2.189 -55.532 -17.668
v 2.179 -50.344 -17.673
v -2.575 -50.148 -17.623
v -4.763 -55.539 -17.139
v -7.091 -49.955 -16.313
v -10.975 -55.537 -14.031
v -15.483 -55.533 -8.785
v -12.866 -49.808 -12.331
v -2.184 -55.534 17.671
v -8.79 -55.537 15.484
v -2.19 -50.345 17.667
v -10.97 -50.145 -14.029
v -11.162 -49.853 -13.882
v -15.483 -50.144 -8.785
v -15.577 -49.754 -8.638
v -17.672 -49.759 -2.185
v -17.672 -55.536 -2.185
v -17.616 -50.142 2.43
v -17.623 -49.759 2.426
v -16.411 -49.76 6.843
v -17.133 -55.533 4.759
v -16.41 -50.147 6.844
v -14.179 -49.858 10.775
v -14.031 -55.536 10.97
v -8.883 -50.146 15.437
v -8.882 -50.048 15.438
v -1.754 -55.539 -14.178
v -1.754 -12.529 -14.178
v -6.839 -12.521 -12.57
v -7.032 -55.53 -12.424
v -10.976 -12.528 -9.129
v -11.269 -55.539 -8.79
v -13.587 -12.52 -4.463
v -13.786 -55.535 -3.835
v -14.275 -12.526 0.872
v -14.178 -55.537 1.746
v -12.967 -12.528 6.065
v -12.43 -55.536 7.038
v -9.802 -12.521 10.439
v -8.784 -55.533 11.263
v -5.293 -12.526 13.3
v -3.836 -55.535 13.786
v 0.007 -12.52 14.324
v 1.743 -55.538 14.173
v 1.161 -12.527 14.27
v 1.749 -12.524 14.176
v 0.583 -12.524 14.272
v -4.616 -39.955 -17.187
v -2.188 -39.857 -17.672
v -2.178 -30.336 -17.667
v -14.17 -40.24 -10.774
v -14.168 -29.85 -10.774
v -15.432 -29.802 -8.832
v -16.5 -40.24 -6.697
v -17.192 -29.762 -4.615
v -17.667 -40.241 -2.183
v -17.677 -29.762 2.181
v -17.227 -40.239 4.469
v -16.501 -29.755 6.604
v -15.535 -40.196 8.689
v -6.986 -39.9 16.362
v -11.11 -29.85 13.887
v -4.849 -30.045 17.139
v -2.525 -39.661 17.621
v -6.647 -39.367 -16.503
v -9.663 -40.099 -14.953
v -6.849 -40.052 -16.41
v -6.741 -30.142 -16.453
v -10.822 -29.95 -14.125
v -11.171 -39.373 -13.886
v -11.162 -40.144 -13.882
v -11.163 -40.145 -13.883
v -14.277 -39.373 10.629
v -14.267 -29.754 10.634
v -12.423 -40.094 12.77
v -13.354 -40.149 11.794
v -14.174 -40.145 10.777
v -10.926 -39.372 14.027
v -10.918 -40.046 14.031
v -0.247 -39.372 17.814
v 2.187 -30.339 17.671
v 2.043 -39.367 17.672
v -0.244 -39.516 17.815
v 2.044 -39.366 17.673
v 2.19 -39.366 17.673
v -16.221 -48.452 -9.324
v -14.705 -47.716 -12.086
v -11.747 -48.447 -14.66
v -16.889 -47.765 -8.736
v -18.441 -48.492 -2.667
v -18.305 -47.77 5.193
v -18.882 -47.766 -1.892
v -18.206 -48.448 4.32
v -16.938 -48.445 8.012
v -12.093 -48.111 -14.663
v -11.948 -47.724 -14.906
v -11.891 -47.96 -14.853
v -11.846 -48.205 -14.807
v -18.732 -48.152 -2.327
v -16.065 -48.105 10.147
v -14.946 -48.443 11.411
v -15.05 -48.254 11.505
v -15.14 -48.006 11.557
v -16.219 -42.286 10.046
v -15.2 -42.286 11.551
v -15.194 -42.282 11.554
v -15.193 -47.718 11.554
v -16.216 -47.721 10.048
v -15.195 -47.719 11.553
v -17.084 -42.28 8.448
v -17.089 -47.72 8.398
v -18.345 -42.23 5.002
v -18.356 -47.772 4.997
v -18.934 -42.235 1.358
v -18.926 -47.763 1.363
v -18.836 -42.234 -2.331
v -18.832 -47.766 -2.329
v -18.055 -42.231 -5.872
v -18.008 -47.766 -5.921
v -16.607 -42.237 -9.274
v -16.607 -47.771 -9.274
v -14.513 -42.281 -12.281
v -11.948 -42.286 -14.906
v -13.296 -42.279 -13.639
v -14.516 -47.72 -12.331
v -13.295 -47.715 -13.687
v -11.941 -47.718 -14.903
v -11.644 -49.122 -13.832
v -11.747 -48.447 -14.66
v -11.31 -49.126 -14.126
v -11.749 -49.128 -13.739
v -11.795 -49.126 -13.689
v -12.615 -49.074 -12.958
v -13.781 -49.074 -11.696
v -16.314 -48.45 -9.128
v -15.823 -49.028 -8.834
v -18.54 -48.493 -2.28
v -17.962 -49.03 -2.185
v -17.473 -49.028 4.71
v -18.054 -48.444 4.905
v -16.218 -49.081 8.008
v -14.946 -48.443 11.411
v -15.394 -49.082 9.561
v -15.151 -49.13 9.901
v -15.047 -49.126 10.05
v -14.898 -49.123 10.245
v -14.801 -49.123 10.44
v -14.658 -49.125 10.584
v -14.371 -49.128 10.97
v -18.009 -41.553 5.098
v -17.183 -42.281 8.156
v -14.945 -41.55 11.411
v -18.494 -42.232 4.37
v -18.542 -41.504 -1.892
v -16.51 -42.237 -9.469
v -18.781 -42.23 -2.716
v -16.601 -41.553 -8.592
v -14.514 -41.553 -11.844
v -15.286 -41.89 11.314
v -15.142 -41.988 11.556
v -15.055 -41.753 11.502
v -18.736 -41.844 -2.281
v -13.101 -41.89 -13.735
v -11.747 -41.554 -14.66
v -11.844 -41.748 -14.806
v -11.897 -41.994 -14.857
v -11.944 -42.284 -14.904
v -13.835 -49.078 -11.65
v -11.31 -49.126 -14.126
v -11.21 -49.319 -13.979
v -11.17 -49.567 -13.935
v -11.166 -49.856 -13.884
v -15.577 -49.754 -8.59
v -15.83 -49.033 -8.74
v -17.529 -49.033 4.512
v -17.916 -49.032 -2.623
v -17.677 -49.763 -1.994
v -17.139 -49.76 4.756
v -14.265 -49.316 10.877
v -14.173 -49.562 10.827
v -14.172 -49.853 10.778
v -16.987 -49.367 -5.532
v -17.283 -49.371 4.659
v -16.214 -40.923 8.01
v -14.945 -41.55 11.411
v -18.06 -41.555 4.902
v -17.482 -40.976 4.706
v -18.541 -41.503 -2.28
v -17.965 -40.974 -2.186
v -15.827 -40.973 -8.787
v -16.31 -41.553 -9.126
v -13.84 -40.926 -11.702
v -11.752 -41.557 -14.663
v -12.618 -40.921 -12.96
v -12.334 -40.877 -13.254
v -12.136 -40.875 -13.398
v -11.942 -40.875 -13.593
v -11.311 -40.874 -14.126
v -16.353 -40.918 7.722
v -14.374 -40.878 10.968
v -14.279 -40.685 10.871
v -14.175 -40.437 10.826
v -14.172 -40.144 10.778
v -17.081 -40.238 4.955
v -17.624 -40.973 4.125
v -16.015 -40.24 -7.765
v -17.916 -40.974 -2.623
v -17.723 -40.246 -1.507
v -15.684 -40.974 -9.031
v -11.312 -40.875 -14.127
v -13.935 -40.245 -11.118
v -11.212 -40.679 -13.98
v -11.162 -40.435 -13.931
v -11.169 -40.149 -13.886
v -17.819 -40.634 1.261
v -15.627 -40.629 -8.687
v -1.889 -12.521 14.177
v 0.007 -12.52 14.324
v -0.001 -12.137 14.223
v -0.001 -11.846 14.029
v -0.006 -11.606 13.686
v -0.006 -11.558 13.298
v -4.12 -11.549 12.625
v -3.934 -12.526 13.737
v -7.434 -12.529 12.23
v -8.343 -11.549 10.343
v -10.82 -12.52 9.323
v -13.206 -11.555 1.504
v -13.393 -12.521 5.003
v -11.647 -11.551 6.41
v -13.206 -12.526 -5.535
v -14.317 -12.522 -0.289
v -12.911 -11.552 -3.203
v -11.062 -11.549 -7.375
v -5.823 -12.523 -13.057
v -10.144 -12.523 -10.096
v -8.249 -11.551 -10.435
v -5.195 -11.554 -12.233
v -2.422 -11.55 -13.056
v -1.754 -12.529 -14.178
v -1.167 -12.526 -14.273
v -0.005 -12.14 -14.226
v -0.004 -12.527 -14.323
v -0.585 -12.526 -14.273
v 0.006 -11.841 -14.026
v 0.002 -11.601 -13.689
v 0.005 -11.55 -13.299
v -11.359 -12.038 8.496
v -11.018 -11.649 8.254
v -14.172 -12.037 0.001
v -13.786 -11.651 0
v -11.359 -12.039 -8.495
v -11.026 -11.655 -8.256
v -2.191 -19.616 -17.673
v -2.181 -5.531 -17.668
v -8.788 -5.535 -15.486
v -8.886 -19.953 -15.438
v -12.961 -20.194 12.185
v -15.482 -5.531 8.788
v -10.967 -5.531 14.031
v -7.093 -20.053 16.308
v -4.763 -5.538 17.133
v -2.574 -19.855 17.621
v 2.183 -5.535 17.669
v 2.178 -19.616 17.667
v -11.751 -19.614 -13.351
v -14.173 -20.144 -10.776
v -11.752 -20.052 -13.352
v -14.032 -5.536 -10.972
v -16.36 -19.612 -7.039
v -17.129 -5.529 -4.754
v -16.363 -20.148 -7.041
v -16.354 -20.239 -7.036
v -17.616 -19.608 -2.522
v -17.677 -5.539 2.181
v -17.666 -20.24 2.186
v -17.621 -20.146 -2.524
v -17.627 -20.247 -2.527
v -15.633 -19.613 8.494
v -15.635 -20.148 8.494
v -15.637 -20.247 8.492
v -11.111 -19.608 13.887
v -11.117 -20.146 13.884
v -14.024 -20.919 11.459
v -11.218 -20.683 13.979
v -11.162 -20.435 13.934
v -11.116 -20.145 13.884
v -15.384 -20.24 8.983
v -16.117 -20.971 8.301
v -17.434 -20.248 -3.693
v -18.005 -20.968 1.799
v -17.579 -20.247 2.812
v -17.38 -20.972 -5.001
v -14.367 -20.873 -10.97
v -16.172 -20.248 -7.382
v -14.275 -20.682 -10.876
v -14.173 -20.436 -10.824
v -14.176 -20.146 -10.777
v -16.994 -20.634 5.532
v -17.275 -20.627 -4.657
v -16.266 -29.08 -7.963
v -14.374 -29.13 -10.974
v -14.266 -29.316 -10.871
v -14.175 -29.564 -10.826
v -14.169 -29.851 -10.774
v -17.186 -29.759 -4.564
v -17.481 -29.033 -4.663
v -15.92 -29.028 8.642
v -18.01 -29.029 1.748
v -17.622 -29.758 2.379
v -15.487 -29.758 8.737
v -11.22 -29.325 13.978
v -11.162 -29.562 13.934
v -11.119 -29.856 13.883
v -17.821 -29.373 -1.265
v -15.629 -29.368 8.691
v -13.787 -20.923 11.699
v -11.744 -21.551 14.662
v -11.311 -20.874 14.126
v -16.304 -21.549 9.13
v -15.823 -20.969 8.837
v -18.54 -21.502 2.284
v -17.961 -20.971 2.185
v -17.482 -20.975 -4.712
v -18.055 -21.551 -4.901
v -16.217 -20.925 -8.011
v -14.949 -21.552 -11.406
v -15.382 -20.918 -9.512
v -15.146 -20.874 -9.854
v -15.047 -20.873 -10.048
v -14.904 -20.875 -10.292
v -14.374 -20.877 -10.973
v -16.209 -21.55 9.323
v -14.711 -22.284 12.086
v -16.888 -22.23 8.74
v -18.44 -21.501 2.673
v -18.294 -22.229 -5.191
v -18.887 -22.236 1.891
v -18.2 -21.551 -4.318
v -16.948 -21.558 -8.013
v -12.083 -21.89 14.663
v -11.936 -22.278 14.906
v -11.895 -21.992 14.854
v -11.844 -21.748 14.806
v -18.744 -21.849 2.327
v -16.024 -21.896 -10.148
v -14.954 -21.555 -11.409
v -15.052 -21.75 -11.507
v -15.149 -21.993 -11.555
v -18.016 -28.451 -5.1
v -17.186 -27.72 -8.156
v -14.953 -28.448 -11.408
v -18.493 -27.766 -4.368
v -18.544 -28.495 1.893
v -16.504 -27.767 9.467
v -18.785 -27.766 2.719
v -16.604 -28.448 8.591
v -14.517 -28.448 11.844
v -15.297 -28.111 -11.313
v -15.139 -27.957 -11.55
v -15.045 -28.202 -11.503
v -18.736 -28.154 2.283
v -13.101 -28.103 13.741
v -11.848 -28.255 14.805
v -11.887 -28.006 14.858
v -14.664 -29.129 -10.633
v -14.953 -28.448 -11.408
v -14.374 -29.13 -10.974
v -14.754 -29.124 -10.484
v -14.753 -29.123 -10.435
v -15.392 -29.081 -9.517
v -16.213 -29.078 -8.009
v -18.061 -28.449 -4.904
v -17.471 -29.026 -4.706
v -18.547 -28.498 2.28
v -17.968 -29.034 2.181
v -15.819 -29.025 8.79
v -16.304 -28.442 9.13
v -13.832 -29.076 11.701
v -11.744 -28.444 14.662
v -12.618 -29.075 13.012
v -12.282 -29.127 13.252
v -12.136 -29.127 13.398
v -11.992 -29.127 13.543
v -11.849 -29.13 13.687
v -11.653 -29.128 13.834
v -11.304 -29.122 14.13
v -13.304 -22.284 13.688
v -11.939 -22.28 14.904
v -11.937 -27.715 14.906
v -13.299 -27.717 13.642
v -11.94 -27.718 14.904
v -14.522 -22.287 12.327
v -14.511 -27.716 12.284
v -16.597 -22.229 9.275
v -16.605 -27.769 9.271
v -18.008 -22.232 5.923
v -18.008 -27.766 5.875
v -18.838 -22.235 2.329
v -18.831 -27.764 2.332
v -18.936 -22.236 -1.361
v -18.926 -27.763 -1.356
v -18.349 -22.233 -5
v -18.346 -27.765 -4.998
v -17.094 -22.286 -8.401
v -15.19 -22.278 -11.551
v -16.208 -22.278 -10.046
v -15.198 -22.285 -11.556
v -17.086 -27.718 -8.446
v -16.213 -27.718 -10.048
v -15.2 -27.723 -11.556
v -15.196 -27.72 -11.554
v -2.767 -5.534 -16.554
v 0.001 -5.534 -16.796
v 0.006 -5.335 -15.822
v 0 -4.806 -15.049
v -0.001 -3.982 -14.467
v -4.27 -3.057 -13.64
v -5.828 -5.536 -15.73
v 0.007 -3.054 -14.317
v -9.125 -3.057 -11.019
v -10.145 -5.534 -13.398
v -12.518 -3.054 -6.89
v -16.459 -5.536 -3.399
v -14.029 -5.534 -9.272
v -14.225 -3.059 -1.651
v -13.741 -3.06 3.931
v -14.173 -5.533 9.03
v -16.502 -5.532 3.157
v -4.557 -5.53 16.168
v -9.811 -5.538 13.638
v -7.914 -3.059 11.893
v -4.277 -3.062 13.638
v -2.037 -3.057 14.176
v 0.004 -5.337 15.828
v -0.002 -5.535 16.795
v 0.004 -4.803 15.051
v -0.006 -3.985 14.463
v -0.003 -3.06 14.319
v -12.476 -5.194 -9.369
v -11.704 -4.275 -8.789
v -15.582 -5.194 0
v -14.617 -4.275 -0.002
v -12.482 -5.199 9.366
v -11.697 -4.27 8.788
v -11.366 -3.063 8.686
v -6.649 -5.533 -16.068
v -5.532 -2.523 -13.3
v 0.006 -5.53 -17.376
v -12.284 -5.536 -12.283
v -13.303 -2.526 -5.535
v -16.071 -5.536 -6.652
v -17.376 -5.532 0.001
v -14.412 -2.52 0.003
v -16.063 -5.53 6.653
v -12.275 -5.529 12.285
v -6.646 -5.531 16.071
v -5.533 -2.524 13.302
v -0.007 -5.539 17.376
v 0.007 -2.52 14.421
v 0.003 4.468 -14.416
v -5.533 4.467 -13.301
v 0.007 -2.52 -14.414
v -10.198 -2.527 -10.196
v -10.192 4.468 -10.193
v -13.297 4.469 -5.532
v -14.414 4.469 0.002
v -13.305 -2.527 5.532
v -13.304 4.464 5.533
v -10.193 -2.523 10.195
v -10.197 4.464 10.193
v -5.53 4.469 13.303
v 0.002 4.467 14.418
v -6.889 -5.531 -16.648
v 0.004 -5.532 -18.008
v -0.006 4.462 -18.013
v -6.888 4.47 -16.648
v -12.72 -5.535 -12.719
v -12.717 4.467 -12.718
v -16.644 -5.53 -6.89
v -16.647 4.468 -6.892
v -18.009 -5.533 0.001
v -18.014 4.463 -0.002
v -16.653 -5.536 6.892
v -16.652 4.465 6.893
v -12.717 -5.533 12.719
v -12.712 4.47 12.722
v -6.887 4.47 16.654
v -6.899 -5.538 16.648
v 0.004 -5.531 18.012
v 0.002 4.467 18.011
v -5.536 4.562 -13.302
v -0.002 9.561 -14.419
v -5.539 9.56 -13.303
v 0.002 4.565 -14.417
v -10.191 4.565 -10.193
v -10.201 9.559 -10.198
v -13.303 4.562 -5.535
v -13.302 9.562 -5.535
v -14.414 4.566 0.002
v -14.415 9.565 0.001
v -13.3 4.564 5.535
v -13.302 9.563 5.534
v -10.194 4.563 10.194
v -10.187 9.568 10.198
v -5.536 4.562 13.3
v -5.536 9.562 13.3
v -0.001 9.562 14.417
v -0.006 4.559 14.415
v -6.898 4.56 -16.653
v 0.002 4.564 -18.009
v 0.005 9.566 -18.008
v -6.897 9.561 -16.652
v -12.724 4.559 -12.721
v -12.716 9.565 -12.717
v -16.657 4.559 -6.896
v -16.646 9.567 -6.891
v -18.003 4.568 0.003
v -18.015 9.56 -0.003
v -16.651 9.563 6.893
v -16.657 4.559 6.89
v -12.715 4.565 12.72
v -12.721 9.562 12.718
v -6.89 4.565 16.652
v -6.894 9.562 16.65
v -0.006 4.559 18.007
v 0.006 9.568 18.013
v -5.536 9.659 -13.302
v -0.002 14.659 -14.418
v -5.531 14.663 -13.3
v 0.001 9.661 -14.417
v -10.195 9.66 -10.195
v -10.195 14.66 -10.195
v -13.306 9.657 -5.536
v -13.303 14.659 -5.535
v -14.417 9.661 0
v -14.42 14.659 -0.001
v -13.295 9.665 5.537
v -13.303 14.659 5.533
v -10.198 9.657 10.192
v -10.2 14.656 10.191
v -5.53 14.663 13.303
v -5.531 9.663 13.303
v 0 9.66 14.418
v -0.004 14.657 14.416
v -6.893 9.66 -16.651
v 0.007 9.665 -18.007
v 0.002 14.661 -18.009
v -6.889 14.663 -16.649
v -12.712 9.665 -12.715
v -12.724 14.657 -12.721
v -16.647 14.663 -6.892
v -16.647 9.663 -6.891
v -18.007 9.662 0.001
v -18.011 14.66 -0.001
v -16.654 14.658 6.891
v -16.651 9.66 6.893
v -12.725 9.656 12.716
v -12.714 14.663 12.721
v -6.887 9.665 16.654
v -6.89 14.663 16.653
v -0.006 9.656 18.007
v 0.003 14.663 18.012
v -5.531 14.759 -13.3
v -0.005 19.754 -14.42
v -5.531 19.76 -13.3
v -0.003 14.755 -14.419
v -10.191 14.76 -10.193
v -10.189 19.761 -10.192
v -13.298 14.76 -5.533
v -13.295 19.762 -5.531
v -14.418 14.757 0
v -14.422 19.755 -0.002
v -13.299 14.759 5.535
v -13.306 19.754 5.532
v -10.195 19.757 10.194
v -10.189 14.762 10.197
v -5.531 14.76 13.303
v -5.532 19.759 13.302
v 0.001 19.758 14.418
v -0.002 14.756 14.417
v -6.894 14.757 -16.651
v -0.007 14.753 -18.013
v 0.001 19.759 -18.009
v -6.888 19.762 -16.648
v -12.713 14.761 -12.716
v -12.714 19.761 -12.716
v -16.652 19.757 -6.894
v -16.652 14.757 -6.894
v -18.006 14.76 0.002
v -18.015 19.754 -0.002
v -16.652 19.757 6.893
v -16.65 14.758 6.894
v -12.714 14.76 12.721
v -12.718 19.758 12.719
v -6.891 14.759 16.652
v -6.893 19.758 16.651
v 0.004 14.76 18.012
v -0.003 19.756 18.009
v -5.489 -3.061 -13.206
v 0.007 -3.054 -14.317
v 0.006 64.471 -14.317
v -5.482 64.47 -13.202
v -10.092 -3.055 -10.095
v -10.098 64.467 -10.097
v -13.204 -3.058 -5.485
v -13.201 64.469 -5.484
v -14.326 -3.062 -0.003
v -14.32 64.467 0
v -13.21 -3.062 5.483
v -13.2 64.47 5.487
v -10.099 -3.06 10.096
v -10.099 64.466 10.096
v -5.48 -3.055 13.207
v -5.481 64.47 13.206
v 0.004 64.47 14.323
v -0.003 -3.06 14.319
v -5.534 19.855 -13.301
v 0.007 24.859 -14.414
v -5.535 24.854 -13.302
v 0.006 19.859 -14.414
v -10.192 19.857 -10.193
v -10.188 24.859 -10.191
v -13.308 19.85 -5.537
v -13.299 24.856 -5.533
v -14.423 19.851 -0.003
v -14.415 24.856 0.001
v -13.301 19.855 5.534
v -13.296 24.859 5.537
v -10.196 24.854 10.193
v -10.199 19.851 10.192
v -5.537 19.853 13.3
v -5.537 24.853 13.3
v -0.004 24.852 14.416
v -0.002 19.853 14.417
v -6.899 19.85 -16.654
v -0.001 19.854 -18.01
v 0.001 24.855 -18.01
v -6.892 24.855 -16.65
v -12.721 19.853 -12.72
v -12.722 24.853 -12.72
v -16.653 19.853 -6.894
v -16.648 24.856 -6.892
v -18.008 19.856 0.001
v -18.014 24.852 -0.002
v -16.65 24.855 6.894
v -16.645 19.859 6.896
v -12.716 19.856 12.72
v -12.718 24.855 12.719
v -6.895 19.854 16.65
v -6.89 24.857 16.652
v -0.002 19.854 18.009
v 0.007 24.859 18.013
v -6.069 66.456 14.611
v -0.006 66.453 15.774
v -0.003 64.465 15.775
v -6.068 64.467 14.612
v -11.163 66.459 11.166
v -11.16 64.471 11.168
v -14.616 66.455 6.066
v -14.606 64.471 6.071
v -15.772 66.461 0.002
v -15.778 64.466 -0.001
v -14.618 66.453 -6.071
v -14.613 64.466 -6.069
v -11.164 66.458 -11.165
v -11.166 64.466 -11.166
v -6.064 66.46 -14.61
v -6.074 64.463 -14.615
v 0.007 64.472 -15.773
v -0.002 66.456 -15.778
v -6.071 -48.547 -17.817
v 0.392 -48.202 -19.027
v 0.287 -48.887 -18.74
v -6.16 -47.813 -18.104
v 6.123 -49.123 -17.716
v 6.554 -49.564 -17.282
v 6.751 -48.833 -17.523
v 6.748 -49.078 -17.525
v 6.653 -49.319 -17.426
v -9.472 -48.112 -16.557
v -11.752 -48.45 -14.663
v -11.844 -48.253 -14.806
v -11.887 -48.103 -14.851
v -11.948 -47.724 -14.906
v -11.941 -47.718 -14.903
v -11.948 -42.286 -14.906
v -10.781 -42.285 -15.779
v -10.731 -47.721 -15.827
v -9.613 -42.234 -16.554
v -9.468 -47.769 -16.603
v -7.717 -42.232 -17.524
v -7.676 -47.772 -17.527
v -2.965 -42.042 -18.885
v -2.914 -47.963 -18.884
v -0.489 -41.847 -19.031
v -0.431 -48.152 -19.026
v 1.985 -41.655 -18.886
v 6.937 -41.169 -17.478
v 6.748 -41.165 -17.524
v 6.942 -41.165 -17.476
v 1.986 -48.353 -18.886
v 4.422 -41.454 -18.348
v 4.423 -48.54 -18.347
v 5.629 -48.691 -18.011
v 5.625 -41.316 -18.013
v 5.921 -48.74 -17.914
v 5.921 -41.264 -17.914
v 6.212 -48.739 -17.768
v 6.215 -41.262 -17.766
v 6.748 -48.835 -17.524
v 6.937 -48.839 -17.479
v 6.937 -48.839 -17.478
v 5.298 -49.85 -17.327
v 6.553 -49.564 -17.282
v 6.413 -49.9 -16.94
v 4.077 -49.273 -18.156
v 4.176 -49.757 -17.621
v 1.9 -49.656 -18.007
v 1.458 -48.98 -18.64
v -2.82 -49.421 -17.866
v -2.957 -48.687 -18.59
v -5.44 -48.546 -18.011
v -7.286 -49.276 -16.556
v -7.956 -48.492 -17.085
v -9.375 -49.18 -15.489
v -10.341 -49.176 -14.855
v -11.755 -48.452 -14.664
v -11.313 -49.128 -14.127
v -11.314 -49.129 -14.128
v 0.341 -41.796 -19.029
v -6.115 -41.455 -17.815
v 0.291 -41.117 -18.738
v -6.162 -42.183 -18.105
v 6.649 -40.681 -17.428
v 6.56 -40.433 -17.279
v 6.754 -40.918 -17.521
v 6.753 -41.162 -17.522
v -11.753 -41.897 -14.954
v -11.754 -41.558 -14.664
v -11.944 -42.284 -14.904
v -11.888 -41.89 -14.852
v -2.575 -50.148 -17.623
v 0.297 -49.559 -18.104
v 2.179 -50.344 -17.673
v -5.869 -49.318 -17.134
v -7.091 -49.955 -16.313
v -11.314 -49.129 -14.128
v -11.21 -49.319 -13.979
v -11.17 -49.567 -13.935
v -11.162 -49.853 -13.882
v 5.248 -49.997 -17.182
v 6.407 -49.904 -16.942
v 6.358 -50.147 -16.797
v 5.193 -50.196 -17.088
v 6.264 -50.388 -16.698
v 5.194 -50.389 -17.039
v 6.258 -50.635 -16.653
v -10.342 -40.827 -14.856
v -11.754 -41.558 -14.664
v -11.752 -41.557 -14.663
v -11.317 -40.879 -14.129
v -11.313 -40.876 -14.128
v -9.32 -41.554 -16.359
v -9.366 -40.824 -15.484
v -7.286 -40.731 -16.556
v -6.841 -41.503 -17.571
v -2.811 -40.58 -17.862
v -2.967 -41.315 -18.595
v 1.899 -40.967 -18.589
v 1.845 -40.34 -18.01
v 4.277 -40.725 -18.104
v 6.406 -40.05 -16.943
v 6.56 -40.433 -17.279
v -7.385 -40.053 -16.217
v -11.313 -40.876 -14.128
v -11.212 -40.679 -13.98
v -11.162 -40.435 -13.931
v -11.159 -40.142 -13.881
v -5.878 -40.683 -17.09
v -4.858 -39.955 -17.138
v -2.188 -39.857 -17.672
v 0.288 -40.44 -18.109
v 2.087 -39.661 -17.67
v 6.403 -40.052 -16.944
v 6.362 -39.853 -16.795
v 6.256 -39.616 -16.702
v 6.259 -39.371 -16.652
v -9.859 -55.538 10.338
v -11.605 -55.537 13.494
v -12.869 -55.538 12.279
v -10.827 -55.536 9.32
v -14.031 -55.536 10.97
v -8.784 -55.533 11.263
v -10.244 -55.536 14.563
v -11.704 -55.538 8.201
v -15.044 -55.532 9.517
v -7.671 -55.535 12.087
v -8.79 -55.537 15.484
v -12.43 -55.536 7.038
v -15.874 -55.535 8.01
v -6.461 -55.538 12.765
v -7.184 -55.534 16.263
v -13.056 -55.533 5.778
v -16.607 -55.538 6.406
v -5.149 -55.537 13.348
v -5.584 -55.536 16.893
v -13.59 -55.533 4.467
v -17.133 -55.533 4.759
v -3.836 -55.535 13.786
v -3.884 -55.535 17.379
v -13.937 -55.538 3.105
v -17.53 -55.539 3.055
v -2.482 -55.539 14.075
v -2.184 -55.534 17.671
v -14.178 -55.537 1.746
v -17.766 -55.534 1.311
v -1.066 -55.534 14.273
v 1.066 -55.536 17.766
v -14.27 -55.534 0.341
v -17.822 -55.539 -0.44
v 0.335 -55.538 14.27
v -14.27 -55.533 -1.067
v -17.672 -55.536 -2.185
v 1.743 -55.538 14.173
v 4.322 -55.534 17.283
v -14.072 -55.531 -2.473
v -17.372 -55.53 -3.88
v 3.784 -55.536 13.785
v -13.786 -55.535 -3.835
v -16.891 -55.533 -5.581
v 7.386 -55.53 16.217
v -13.356 -55.539 -5.149
v -16.264 -55.536 -7.186
v 5.778 -55.534 13.108
v -12.772 -55.538 -6.459
v -15.483 -55.533 -8.785
v 7.628 -55.53 12.139
v -12.082 -55.531 -7.667
v 10.245 -55.533 14.565
v -14.568 -55.538 -10.245
v -11.269 -55.539 -8.79
v -13.493 -55.533 -11.601
v 9.276 -55.532 10.876
v -10.34 -55.535 -9.854
v 12.718 -55.535 12.476
v -12.284 -55.536 -12.866
v 10.77 -55.539 9.414
v -9.326 -55.539 -10.828
v -10.975 -55.537 -14.031
v -8.207 -55.537 -11.7
v 14.753 -55.538 9.901
v 12.043 -55.532 7.769
v -9.513 -55.534 -15.048
v -7.032 -55.53 -12.424
v -8.005 -55.532 -15.872
v -5.776 -55.534 -13.058
v 16.362 -55.533 7.04
v 13.005 -55.538 5.92
v 13.741 -55.532 3.982
v -6.414 -55.539 -16.605
v -4.465 -55.534 -13.592
v -4.763 -55.539 -17.139
v -3.113 -55.539 -13.935
v 17.333 -55.533 3.982
v -3.053 -55.531 -17.522
v -1.754 -55.539 -14.178
v -1.315 -55.538 -17.769
v -0.192 -55.534 -14.32
v 17.774 -55.53 0.926
v 14.278 -55.53 0.925
v 14.273 -55.534 -0.631
v 0.435 -55.536 -17.817
v 1.406 -55.536 -14.224
v 17.774 -55.53 -0.725
v 2.189 -55.532 -17.668
v 2.961 -55.535 -13.981
v 17.615 -55.539 -2.382
v 14.133 -55.53 -2.181
v 3.839 -55.532 -17.377
v 4.47 -55.532 -13.59
v 17.328 -55.536 -4.03
v 13.784 -55.537 -3.739
v 5.432 -55.538 -16.944
v 16.889 -55.538 -5.634
v 13.298 -55.537 -5.244
v 6.984 -55.539 -16.363
v 5.919 -55.537 -13.012
v 16.257 -55.538 -7.187
v 12.668 -55.536 -6.652
v 8.497 -55.533 -15.63
v 7.336 -55.531 -12.279
v 15.53 -55.538 -8.692
v 11.85 -55.531 -8.007
v 9.899 -55.538 -14.76
v 8.639 -55.536 -11.409
v 14.661 -55.534 -10.097
v 10.917 -55.539 -9.275
v 11.26 -55.537 -13.788
v 9.81 -55.532 -10.387
v 13.639 -55.536 -11.458
v 12.519 -55.539 -12.673
v -4.276 -48.887 18.251
v -10.392 -47.819 16.066
v -10.249 -48.548 15.822
v -4.277 -48.208 18.541
v 2.23 -49.323 18.543
v 2.184 -49.564 18.349
v 2.278 -49.081 18.639
v 2.332 -48.834 18.642
v -14.999 -48.107 11.7
v -14.956 -48.45 11.406
v -15.193 -47.718 11.554
v -15.195 -47.719 11.553
v -15.102 -48.111 11.551
v 2.333 -41.164 18.642
v 2.475 -41.166 18.64
v 2.47 -41.17 18.638
v 2.479 -48.833 18.643
v 2.327 -48.838 18.639
v 2.474 -48.837 18.64
v 1.7 -48.738 18.739
v 1.695 -41.266 18.736
v 1.41 -48.737 18.788
v 1.404 -41.266 18.785
v 1.062 -48.694 18.832
v 1.067 -41.312 18.835
v -0.145 -48.544 18.884
v -0.142 -41.454 18.886
v -2.615 -41.647 18.79
v -2.619 -48.348 18.788
v -5.042 -41.841 18.353
v -5.042 -48.152 18.353
v -7.429 -42.041 17.572
v -7.421 -47.957 17.576
v -11.697 -42.232 15.147
v -11.705 -47.772 15.143
v -13.209 -42.237 13.833
v -13.295 -47.763 13.741
v -14.224 -42.283 12.767
v -14.268 -47.717 12.72
v -15.2 -42.286 11.551
v -13.645 -49.178 11.892
v -14.375 -49.131 10.968
v -14.956 -48.45 11.406
v -14.955 -48.449 11.406
v -13.004 -48.443 13.595
v -12.811 -49.172 12.769
v -11.066 -49.271 14.273
v -10.92 -48.494 15.39
v -7.035 -49.415 16.653
v -7.328 -48.688 17.331
v -2.667 -49.028 18.497
v -2.579 -49.665 17.91
v -0.243 -49.273 18.592
v 2.139 -49.901 17.963
v -10.334 -42.181 16.071
v -4.227 -41.119 18.251
v -10.242 -41.457 15.826
v -4.218 -41.793 18.547
v 1.65 -40.874 18.689
v 2.183 -40.439 18.349
v 2.327 -41.168 18.639
v 2.287 -40.919 18.644
v 2.231 -40.681 18.543
v -12.234 -41.845 14.612
v -14.951 -41.553 11.408
v -15.097 -41.796 11.505
v -15.09 -41.889 11.557
v -15.194 -42.282 11.554
v -10.825 -49.952 14.127
v -14.368 -49.126 10.972
v -14.265 -49.316 10.877
v -14.173 -49.562 10.827
v -14.176 -49.856 10.776
v -9.854 -49.32 15.195
v -6.753 -50.15 16.454
v -4.073 -49.56 17.624
v -2.19 -50.345 17.667
v 2.133 -49.906 17.96
v 2.088 -50.146 17.816
v 2.034 -50.393 17.716
v 2.04 -50.631 17.671
v 0.969 -40.147 18.058
v 2.185 -40.437 18.35
v 2.139 -40.047 17.963
v -0.242 -40.728 18.593
v -0.189 -40.239 18.11
v -2.519 -40.336 17.916
v -2.675 -40.975 18.493
v -7.046 -40.588 16.647
v -7.326 -41.308 17.333
v -9.663 -41.458 16.164
v -11.066 -40.727 14.273
v -11.838 -41.501 14.664
v -12.81 -40.822 12.77
v -14.951 -41.553 11.408
v -13.642 -40.826 11.893
v -14.957 -41.558 11.405
v -14.37 -40.875 10.971
v -14.363 -40.87 10.974
v -9.812 -40.684 15.191
v -4.076 -40.436 17.623
v -4.083 -39.762 17.328
v -9.567 -40.003 14.998
v -14.279 -40.685 10.871
v -14.363 -40.87 10.974
v -14.175 -40.437 10.826
v -14.18 -40.15 10.774
v 0.916 -40.005 17.958
v 2.133 -40.051 17.96
v 2.09 -39.853 17.817
v 0.926 -39.804 17.866
v 2.041 -39.611 17.72
v 0.922 -39.612 17.816
v 2.041 -39.368 17.671
v -10.776 -20.048 -14.175
v -14.367 -20.873 -10.97
v -14.275 -20.682 -10.876
v -14.173 -20.436 -10.824
v -14.181 -20.15 -10.78
v -9.858 -20.682 -15.196
v -6.698 -19.854 -16.504
v -4.074 -20.435 -17.62
v -2.191 -19.616 -17.673
v 2.142 -20.045 -17.958
v 2.087 -19.855 -17.816
v 2.036 -19.614 -17.72
v 2.035 -19.372 -17.672
v -6.741 -30.142 -16.453
v -4.081 -29.566 -17.623
v -2.178 -30.336 -17.667
v -9.807 -29.322 -15.195
v -10.822 -29.95 -14.125
v -14.372 -29.128 -10.972
v -14.266 -29.316 -10.871
v -14.175 -29.564 -10.826
v -14.168 -29.85 -10.774
v 0.929 -29.996 -17.958
v 2.132 -29.906 -17.963
v 2.081 -30.151 -17.819
v 0.927 -30.191 -17.862
v 2.034 -30.392 -17.721
v 0.925 -30.387 -17.814
v 2.035 -30.635 -17.672
v -13.64 -20.825 -11.893
v -14.945 -21.549 -11.405
v -14.949 -21.552 -11.406
v -14.363 -20.87 -10.968
v -14.367 -20.873 -10.97
v -13.015 -21.558 -13.595
v -12.812 -20.823 -12.765
v -11.071 -20.731 -14.274
v -10.867 -21.5 -15.385
v -7.044 -20.586 -16.653
v -7.324 -21.307 -17.327
v -2.668 -20.969 -18.494
v -2.574 -20.341 -17.913
v -0.247 -20.731 -18.595
v 2.131 -20.052 -17.964
v 2.189 -20.434 -18.347
v -4.278 -21.801 -18.547
v -10.237 -21.452 -15.823
v -4.269 -21.115 -18.251
v -10.386 -22.183 -16.067
v 2.234 -20.679 -18.544
v 2.189 -20.434 -18.347
v 2.276 -20.927 -18.644
v 2.332 -21.164 -18.64
v -14.995 -21.89 -11.696
v -14.945 -21.549 -11.405
v -15.19 -22.278 -11.551
v -15.198 -22.285 -11.556
v -15.103 -21.897 -11.556
v -10.241 -28.543 -15.825
v -4.226 -28.206 -18.545
v -4.219 -28.881 -18.251
v -10.343 -27.818 -16.07
v 1.652 -29.126 -18.689
v 2.187 -29.562 -18.349
v 2.325 -28.839 -18.644
v 2.285 -29.075 -18.639
v 2.23 -29.323 -18.546
v -12.238 -28.159 -14.614
v -14.947 -28.444 -11.406
v -15.05 -28.254 -11.506
v -15.095 -28.106 -11.552
v -15.196 -27.72 -11.554
v 0.973 -29.853 -18.058
v 2.188 -29.561 -18.348
v 2.132 -29.906 -17.964
v -0.433 -29.27 -18.591
v -0.197 -29.76 -18.108
v -2.521 -29.658 -17.911
v -3.112 -28.985 -18.449
v -7.043 -29.421 -16.653
v -7.326 -28.687 -17.328
v -9.654 -28.54 -16.162
v -11.065 -29.27 -14.319
v -11.845 -28.495 -14.66
v -12.812 -29.173 -12.765
v -13.643 -29.177 -11.895
v -14.956 -28.45 -11.41
v -14.368 -29.126 -10.97
v -14.372 -29.128 -10.972
v -15.2 -27.723 -11.556
v -14.266 -22.278 -12.716
v -14.22 -27.717 -12.766
v -13.304 -22.236 -13.74
v -13.204 -27.767 -13.835
v -11.702 -22.236 -15.147
v -11.694 -27.764 -15.143
v -7.431 -22.042 -17.575
v -7.422 -27.958 -17.57
v -5.044 -21.842 -18.348
v -5.052 -28.158 -18.351
v -2.617 -21.648 -18.785
v 2.474 -21.167 -18.642
v 2.334 -21.163 -18.639
v 2.47 -21.169 -18.644
v -2.615 -28.346 -18.784
v -0.149 -21.459 -18.885
v -0.152 -28.549 -18.887
v 1.062 -28.694 -18.838
v 1.063 -21.315 -18.838
v 1.406 -28.74 -18.788
v 1.402 -21.267 -18.79
v 1.699 -28.738 -18.738
v 1.695 -21.266 -18.74
v 2.328 -28.837 -18.642
v 2.477 -28.834 -18.64
v 2.471 -28.838 -18.643
v -7.081 -11.549 7.091
v -7.381 -11.555 11.067
v -9.423 -11.557 9.415
v -11.064 -11.55 7.381
v -5.537 -11.556 8.299
v -8.306 -11.557 5.532
v -3.841 -11.558 9.22
v -5.103 -11.558 12.279
v -9.222 -11.552 3.836
v -12.28 -11.552 5.098
v -1.936 -11.55 9.809
v -2.57 -11.551 13.06
v -9.811 -11.557 1.939
v -13.064 -11.558 2.57
v 0.002 -11.552 10.001
v 1.308 -11.555 13.251
v -0.006 -11.558 13.298
v -10.003 -11.555 -0.001
v -13.303 -11.555 -0.001
v -13.057 -11.553 -2.572
v -9.813 -11.558 -1.945
v 1.997 -11.549 9.809
v 3.937 -11.55 12.721
v 2.624 -11.552 13.06
v -12.281 -11.553 -5.097
v -9.224 -11.554 -3.835
v 3.881 -11.555 9.222
v 6.363 -11.551 11.701
v 5.149 -11.551 12.235
v -11.067 -11.553 -7.378
v -8.303 -11.555 -5.535
v 5.682 -11.552 8.254
v 7.477 -11.553 10.972
v 8.541 -11.556 10.193
v -7.093 -11.557 -7.09
v -9.418 -11.554 -9.418
v 7.178 -11.558 6.938
v 9.511 -11.556 9.27
v 10.392 -11.551 8.303
v 8.446 -11.554 5.388
v -7.373 -11.549 -11.065
v -5.536 -11.555 -8.302
v 11.172 -11.549 7.236
v -3.837 -11.555 -9.224
v 11.845 -11.554 6.068
v 9.32 -11.554 3.592
v -5.101 -11.556 -12.284
v 12.38 -11.553 4.855
v -1.948 -11.558 -9.809
v 12.821 -11.55 3.595
v 9.861 -11.549 1.654
v -2.568 -11.55 -13.056
v -0.003 -11.555 -10.001
v 13.104 -11.555 2.28
v 13.247 -11.557 0.968
v 9.997 -11.556 -0.341
v 0.005 -11.55 -13.299
v 1.259 -11.556 -9.905
v 13.301 -11.553 -0.34
v 1.935 -11.558 -13.159
v 2.527 -11.551 -9.659
v 3.841 -11.549 -12.716
v 3.733 -11.557 -9.275
v 5.636 -11.55 -12.036
v 4.906 -11.552 -8.737
v 11.355 -11.556 -6.944
v 12.237 -11.551 -5.241
v 8.498 -11.552 -5.241
v 7.761 -11.558 -6.265
v 7.328 -11.555 -11.118
v 5.967 -11.556 -8.06
v 10.192 -11.555 -8.545
v 6.948 -11.549 -7.23
v 8.83 -11.557 -9.906
v -7.081 -29.947 16.314
v -11.31 -29.126 14.127
v -11.22 -29.325 13.978
v -11.162 -29.562 13.934
v -11.115 -29.854 13.885
v -5.869 -29.318 17.09
v -2.576 -30.148 17.62
v 0.286 -29.567 18.104
v 2.187 -30.339 17.671
v 6.404 -29.906 16.94
v 6.36 -30.146 16.797
v 6.26 -30.391 16.698
v 6.259 -30.634 16.649
v -2.574 -19.855 17.621
v 0.292 -20.437 18.107
v 2.178 -19.616 17.667
v -5.878 -20.683 17.134
v -7.093 -20.053 16.308
v -11.307 -20.871 14.128
v -11.218 -20.683 13.979
v -11.162 -20.435 13.934
v -11.117 -20.146 13.884
v 5.245 -19.998 17.186
v 6.407 -20.05 16.941
v 6.353 -19.859 16.793
v 5.2 -19.802 17.09
v 6.26 -19.614 16.698
v 5.188 -19.616 17.036
v 6.259 -19.372 16.649
v -10.347 -29.18 14.851
v -11.305 -29.123 14.129
v -11.75 -28.449 14.659
v -11.749 -28.448 14.66
v -9.366 -28.445 16.361
v -9.368 -29.174 15.486
v -7.287 -29.276 16.551
v -6.848 -28.498 17.571
v -2.81 -29.414 17.867
v -2.959 -28.688 18.594
v 1.888 -29.033 18.59
v 1.849 -29.658 18.012
v 4.269 -29.274 18.106
v 6.403 -29.907 16.939
v 6.553 -29.564 17.282
v -6.171 -22.189 18.104
v 0.29 -21.117 18.738
v -6.063 -21.453 17.818
v 0.393 -21.793 19.032
v 6.113 -20.876 17.717
v 6.56 -20.433 17.285
v 6.746 -21.166 17.524
v 6.701 -20.921 17.525
v 6.651 -20.68 17.428
v -9.462 -21.89 16.556
v -11.742 -21.549 14.663
v -11.838 -21.792 14.809
v -11.889 -21.89 14.857
v -11.936 -22.278 14.906
v -11.939 -22.28 14.904
v 0.287 -28.887 18.736
v -6.162 -27.814 18.108
v -6.111 -28.54 17.818
v 0.338 -28.206 19.028
v 6.649 -29.322 17.427
v 6.693 -29.082 17.521
v 6.744 -28.838 17.523
v -11.753 -28.111 14.949
v -11.75 -28.449 14.659
v -11.937 -27.715 14.906
v -11.94 -27.718 14.904
v -11.9 -28.112 14.851
v 5.293 -20.145 17.331
v 6.549 -20.441 17.279
v 6.408 -20.049 16.942
v 4.266 -20.733 18.104
v 4.181 -20.239 17.625
v 1.844 -20.341 18.009
v 1.897 -20.969 18.594
v -2.817 -20.584 17.864
v -2.968 -21.316 18.589
v -5.443 -21.461 18.007
v -7.285 -20.731 16.552
v -7.963 -21.506 17.087
v -9.363 -20.822 15.488
v -11.742 -21.549 14.663
v -10.335 -20.822 14.857
v -11.742 -21.55 14.663
v -11.313 -20.876 14.125
v -11.307 -20.871 14.128
v 6.752 -21.162 17.527
v 6.945 -21.163 17.477
v 6.948 -21.161 17.479
v 6.939 -28.837 17.474
v 6.747 -28.836 17.524
v 6.943 -28.835 17.476
v 6.207 -28.743 17.764
v 6.215 -21.262 17.768
v 5.929 -28.733 17.916
v 5.916 -21.267 17.91
v 5.626 -28.693 18.007
v 5.633 -21.31 18.011
v 4.411 -28.549 18.346
v 4.414 -21.459 18.348
v 1.989 -21.652 18.883
v 1.989 -28.351 18.883
v -0.432 -21.842 19.032
v -0.49 -28.159 19.027
v -2.92 -22.044 18.88
v -2.963 -27.963 18.883
v -7.673 -22.235 17.523
v -7.717 -27.766 17.525
v -9.464 -22.232 16.603
v -9.612 -27.768 16.554
v -10.728 -22.282 15.825
v -10.773 -27.716 15.779
v -2.76 63.355 -1.162
v -3.016 63.346 -0.003
v -3.013 -46.654 -0.002
v -2.767 -46.651 -1.165
v -2.136 63.35 -2.136
v -2.136 -46.651 -2.136
v -1.166 63.35 -2.767
v -1.164 -46.65 -2.766
v 0 63.351 -3.01
v 0.005 -46.647 -3.007
v 1.16 63.347 -2.77
v 1.166 -46.65 -2.766
v 2.138 63.352 -2.135
v 2.143 -46.646 -2.132
v 2.761 63.346 -1.168
v 2.764 -46.653 -1.167
v 3.003 63.346 -0.003
v 3.007 -46.653 -0.002
v -3.84 54.464 9.221
v 0.002 -11.552 10.001
v -3.841 -11.558 9.22
v -0.003 54.464 9.998
v -7.087 54.467 7.088
v -7.081 -11.549 7.091
v -9.223 54.467 3.835
v -9.222 -11.552 3.836
v -10 54.467 0
v -10.003 -11.555 -0.001
v -9.219 54.47 -3.833
v -9.224 -11.554 -3.835
v -7.084 54.469 -7.086
v -7.093 -11.557 -7.09
v -3.833 54.468 -9.222
v -3.837 -11.555 -9.224
v 0.002 54.468 -9.999
v -0.003 -11.555 -10.001
v -4.274 54.465 -10.244
v -0.005 64.464 -11.119
v -4.272 64.467 -10.243
v -0.003 54.464 -11.118
v -7.866 54.466 -7.865
v -7.862 64.468 -7.863
v -10.237 54.471 -4.269
v -10.247 64.464 -4.274
v -11.116 54.467 0
v -11.117 64.466 0
v -10.238 64.47 4.274
v -10.249 54.462 4.269
v -7.864 54.467 7.864
v -7.868 64.465 7.863
v -4.266 54.471 10.246
v -4.276 64.464 10.241
v 0.004 54.469 11.119
v 0 64.467 11.117
v -1.989 68.885 4.855
v 0.005 62.383 5.245
v -1.993 62.378 4.853
v 0.005 68.888 5.245
v -3.688 68.886 3.69
v -3.684 62.383 3.692
v -4.856 68.883 1.99
v -4.854 62.38 1.991
v -5.246 68.882 -0.002
v -5.249 62.375 -0.003
v -4.858 62.377 -1.992
v -4.86 68.881 -1.993
v -3.684 68.888 -3.687
v -3.683 62.384 -3.686
v -1.984 68.889 -4.851
v -1.984 62.384 -4.851
v 0.002 68.886 -5.242
v 0.005 62.383 -5.24
v -1.264 62.378 3.009
v -0.006 57.472 3.25
v -1.259 57.479 3.011
v -0.005 62.376 3.25
v -2.286 62.376 2.279
v -2.278 57.479 2.284
v -3.012 62.378 1.261
v -3.004 57.481 1.265
v -3.252 62.38 0
v -3.246 57.481 0.003
v -3.012 62.378 -1.263
v -3.006 57.479 -1.261
v -2.279 62.381 -2.28
v -2.278 57.479 -2.28
v -1.266 62.377 -3.011
v -1.258 57.479 -3.008
v -0.007 57.472 -3.256
v -0.003 62.378 -3.254
v -4.172 64.469 10.05
v -0.001 64.466 10.922
v -0.001 57.476 10.922
v -4.171 57.479 10.05
v -7.716 64.469 7.72
v -7.715 57.479 7.72
v -10.052 64.465 4.173
v -10.045 57.479 4.177
v -10.928 64.463 -0.003
v -10.916 57.481 0.003
v -10.048 64.467 -4.174
v -10.043 57.48 -4.172
v -7.719 64.466 -7.719
v -7.717 57.478 -7.718
v -4.175 57.476 -10.049
v -4.18 64.463 -10.051
v -0.007 57.472 -10.926
v -0.002 64.465 -10.924
v -2.287 68.88 -5.537
v 0.004 68.887 -6.018
v 0.002 68.595 -9.368
v -4.459 66.462 -15.142
v -0.004 67.765 -12.672
v -0.002 66.456 -15.778
v -0.001 68.593 9.369
v -0.003 68.882 6.018
v -2.284 68.883 5.533
v -3.879 66.46 15.293
v -7.183 66.458 14.078
v 0.004 67.771 12.672
v -1.841 66.46 15.682
v -0.006 66.453 15.774
v -7.475 68.594 -5.631
v -5.539 68.881 -2.284
v -4.218 68.888 -4.221
v -10.144 67.769 -7.621
v -9.568 66.454 -12.575
v -13.635 66.461 -7.958
v -15.676 66.46 -2.085
v -9.374 68.59 -0.002
v -5.54 68.88 2.279
v -6.013 68.889 0.003
v -12.668 67.769 0.001
v -15.389 66.457 3.641
v -7.47 68.597 5.634
v -4.22 68.887 4.225
v -10.144 67.769 7.622
v -13.489 66.462 8.256
v -10.539 66.454 11.745
v -4.46 68.646 -1.842
v -4.861 68.637 -0.003
v -4.854 63.351 0
v -4.462 63.353 -1.843
v -3.45 68.639 -3.448
v -3.441 63.354 -3.444
v -1.838 68.646 -4.463
v -1.85 63.347 -4.469
v -0.004 63.348 -4.856
v 0.005 68.645 -4.852
v 1.839 68.638 -4.469
v 1.851 63.354 -4.463
v 3.445 63.349 -3.448
v 3.441 68.637 -3.45
v 4.46 68.637 -1.848
v 4.469 63.353 -1.843
v 4.852 68.64 -0.001
v 4.849 63.347 -0.003
v -1.216 63.349 2.912
v 0.005 62.383 3.158
v -1.207 62.384 2.916
v -0.004 63.348 3.154
v -2.237 63.348 2.231
v -2.234 62.379 2.233
v -2.906 63.355 1.217
v -2.917 62.376 1.211
v -3.154 63.351 0.001
v -3.158 62.378 -0.001
v -2.913 63.35 -1.214
v -2.91 62.381 -1.212
v -2.237 62.377 -2.235
v -2.233 63.35 -2.233
v -1.208 63.354 -2.91
v -1.214 62.379 -2.913
v 0.004 63.353 -3.153
v -0.002 62.378 -3.156
v -1.839 63.355 4.469
v -0.004 63.348 4.853
v 0.002 62.381 4.855
v -1.843 62.381 4.467
v -3.45 63.348 3.445
v -3.447 62.379 3.446
v -4.47 63.348 1.843
v -4.469 62.378 1.843
v -4.849 62.383 0.003
v -4.46 62.384 -1.841
v -3.441 62.384 -3.444
v -1.846 62.379 -4.467
v -0.004 62.376 -4.857
v 17.374 -35.635 -3.935
v 17.715 -35.148 -1.507
v 17.724 -34.997 -1.551
v 17.188 -34.998 -4.658
v 16.655 -36.114 -6.309
v 16.265 -34.513 -7.28
v 15.633 -36.504 -8.543
v 14.948 -33.983 -9.662
v 14.27 -35.147 -10.632
v 13.305 -33.493 -11.843
v 13.106 -36.797 -12.04
v 14.274 -36.504 -10.63
v 14.279 -36.646 -10.628
v 11.556 -33.98 -13.543
v 12.33 -33.399 -12.864
v 11.259 -33.352 -13.788
v 9.8 -33.209 -14.858
v 11.547 -35.15 -13.547
v 11.547 -36.51 -13.547
v 11.559 -37.667 -13.541
v 12.229 -37.237 -12.964
v 9.025 -38.839 -15.342
v 7.962 -33.981 -15.922
v 8.734 -32.77 -15.536
v 7.958 -32.333 -15.924
v 7.916 -32.328 -15.921
v 7.958 -35.148 -15.924
v 4.17 -32.334 -17.284
v 5.048 -31.166 -17.088
v 2.035 -30.635 -17.672
v 7.96 -36.506 -15.923
v 7.961 -37.671 -15.923
v 6.262 -39.369 -16.651
v 4.17 -33.984 -17.284
v 4.17 -35.149 -17.284
v -2.178 -30.336 -17.667
v -2.188 -39.857 -17.672
v 2.087 -39.661 -17.67
v 4.174 -36.506 -17.282
v 4.178 -37.668 -17.28
v 4.174 -39.516 -17.282
v 5.725 -39.42 -16.847
v 2.081 -30.151 -17.819
v 2.141 -29.9 -17.959
v 5.391 -30.484 -17.28
v 2.034 -30.392 -17.721
v 2.037 -30.633 -17.671
v 7.914 -31.601 -16.165
v 8.401 -31.6 -16.115
v 8.207 -31.795 -16.018
v 7.812 -31.799 -16.119
v 8.059 -32.038 -15.922
v 7.712 -31.995 -16.072
v 8.402 -31.6 -16.115
v 8.395 -31.604 -16.167
v 8.441 -31.655 -16.12
v 8.254 -31.844 -15.97
v 7.966 -32.327 -15.92
v 8.108 -32.087 -15.922
v 7.914 -32.33 -15.922
v 8.159 -31.939 -15.921
v 6.751 -49.076 -17.523
v 6.751 -48.833 -17.523
v 6.937 -48.839 -17.478
v 6.896 -49.125 -17.426
v 6.748 -49.563 -17.233
v 6.549 -49.567 -17.284
v 6.654 -49.319 -17.426
v 6.801 -49.366 -17.376
v 6.753 -49.22 -17.473
v 6.653 -40.679 -17.426
v 6.549 -40.44 -17.284
v 6.746 -40.439 -17.234
v 6.849 -40.629 -17.377
v 6.753 -41.162 -17.522
v 6.742 -40.927 -17.527
v 6.888 -40.878 -17.43
v 6.942 -41.165 -17.476
v 6.75 -40.775 -17.475
v 10.243 -12.525 -10
v 13.586 -13.888 -4.469
v 13.451 -13.492 -4.804
v 13.343 -13.063 -5.101
v 13.3 -12.525 -5.243
v 13.738 -55.535 -4.029
v 14.278 -55.53 0.925
v 14.318 -49.274 0.193
v 13.743 -24.317 -4.027
v 14.223 -34.661 -1.554
v 14.034 -24.317 -2.813
v 13.732 -14.228 -4.032
v 10.239 -24.323 -10.002
v 5.531 -24.323 -13.157
v 5.531 -12.526 -13.157
v -0.004 -12.527 -14.323
v -1.167 -12.526 -14.273
v -1.754 -12.529 -14.178
v -0.585 -12.526 -14.273
v 13.733 -45.101 -4.032
v 11.509 -55.532 -8.493
v 14.319 -45.099 -0.34
v 10.24 -45.1 -10.002
v 7.868 -55.532 -11.94
v 5.536 -45.096 -13.155
v 3.252 -55.535 -13.932
v 0.003 -45.096 -14.319
v -1.754 -55.539 -14.178
v 1.649 -46.652 -2.476
v 2.471 -46.654 -1.653
v 2.143 -46.646 -2.132
v 0.58 -46.653 -2.962
v 1.166 -46.65 -2.766
v 2.954 -46.656 -0.586
v 2.764 -46.653 -1.167
v 0.005 -46.647 -3.007
v 3.007 -46.653 -0.002
v -1.647 -46.649 -2.474
v -0.585 -46.653 -2.963
v -1.164 -46.65 -2.766
v 2.48 -46.648 1.653
v 2.769 -46.649 1.166
v 2.959 -46.653 0.581
v -2.472 -46.648 -1.648
v -2.136 -46.651 -2.136
v 1.655 -46.648 2.478
v 2.136 -46.651 2.136
v -2.956 -46.648 -0.58
v -2.767 -46.651 -1.165
v 0.577 -46.655 2.959
v 1.164 -46.652 2.766
v -3.013 -46.654 -0.002
v 0.005 -46.648 3.012
v -2.473 -46.649 1.652
v -2.96 -46.65 0.583
v -2.77 -46.653 1.164
v -1.648 -46.65 2.477
v -1.168 -46.653 2.766
v -0.58 -46.649 2.962
v -2.137 -46.652 2.135
v -2.184 -55.534 17.671
v -2.19 -50.345 17.667
v 2.04 -50.631 17.671
v 8.733 -52.771 15.532
v 4.322 -55.534 17.283
v 7.906 -52.335 15.919
v 12.378 -53.399 12.767
v 10.245 -55.533 14.565
v 11.26 -53.352 13.785
v 16.503 -54.662 6.747
v 14.753 -55.538 9.901
v 15.153 -54.074 9.324
v 17.333 -55.533 3.982
v 17.377 -55.099 3.931
v 4.323 -52.766 17.283
v 5.051 -51.164 17.089
v 4.318 -53.546 17.281
v 4.319 -54.662 17.281
v 9.81 -53.542 14.856
v 9.811 -53.201 14.857
v 9.812 -54.657 14.857
v 13.402 -54.659 11.701
v 13.404 -53.541 11.702
v 2.232 -49.322 18.543
v 2.183 -49.565 18.349
v 2.382 -49.562 18.351
v 2.332 -48.834 18.642
v 2.279 -49.08 18.64
v 2.477 -49.126 18.593
v 2.474 -48.837 18.64
v 2.337 -49.219 18.596
v 5.629 -49.711 18.009
v 8.735 -50.536 17.232
v 8.786 -50.341 17.379
v 8.877 -50.102 17.473
v 8.927 -49.81 17.522
v 2.47 -48.84 18.638
v 2.432 -49.366 18.498
v 5.727 -40.681 18.058
v 8.926 -40.151 17.521
v 8.934 -40.145 17.525
v 5.731 -49.319 18.06
v 8.936 -49.803 17.527
v 8.927 -49.81 17.522
v 2.472 -48.838 18.639
v 2.475 -41.166 18.64
v 2.479 -48.833 18.643
v 2.376 -49.565 18.349
v 2.183 -49.565 18.349
v 2.184 -49.564 18.349
v 2.142 -49.9 17.964
v 3.783 -50.149 17.717
v 8.394 -51.605 16.115
v 8.735 -50.537 17.232
v 8.735 -50.536 17.232
v 5.637 -40.287 18.013
v 8.741 -39.465 17.235
v 2.379 -40.437 18.35
v 2.47 -41.17 18.638
v 8.929 -40.148 17.523
v 8.89 -39.899 17.479
v 8.792 -39.657 17.381
v 2.433 -40.725 18.547
v 2.476 -40.971 18.641
v 2.279 -40.925 18.64
v 2.327 -41.168 18.639
v 2.473 -40.876 18.591
v 2.379 -40.437 18.35
v 2.182 -40.439 18.348
v 2.239 -40.676 18.547
v 2.432 -40.628 18.498
v 2.334 -40.774 18.594
v 5.395 -50.481 17.285
v 2.142 -49.899 17.964
v 2.088 -50.146 17.816
v 2.034 -50.393 17.716
v 2.046 -50.627 17.674
v 8.198 -51.801 16.016
v 8.405 -51.598 16.12
v 8.053 -52.043 15.92
v 7.913 -52.33 15.923
v 8.405 -38.394 16.12
v 8.741 -39.465 17.235
v 8.731 -39.471 17.23
v 2.185 -40.437 18.35
v 2.188 -40.435 18.352
v 2.132 -40.051 17.96
v 3.781 -39.859 17.716
v 8.402 -38.396 16.119
v 8.396 -38.4 16.164
v 8.44 -38.354 16.114
v 8.254 -38.155 15.972
v 8.198 -38.209 16.017
v 7.965 -37.668 15.925
v 8.062 -37.959 15.924
v 8.105 -37.915 15.922
v 7.916 -37.668 15.924
v 8.158 -38.057 15.924
v 2.09 -39.853 17.817
v 2.135 -40.05 17.961
v 5.386 -39.516 17.281
v 2.19 -39.366 17.673
v 2.041 -39.611 17.72
v 5.095 -38.789 17.038
v 2.092 -39.366 17.673
v 2.086 -39.37 17.67
v 2.041 -39.368 17.671
v 7.908 -38.402 16.163
v 8.396 -38.4 16.115
v 7.819 -38.202 16.118
v 7.724 -38.007 16.071
v 7.913 -37.67 15.923
v 5.39 -19.514 -17.281
v 2.138 -20.047 -17.96
v 2.087 -19.855 -17.816
v 5.042 -18.839 -17.091
v 2.036 -19.614 -17.72
v 2.037 -19.37 -17.671
v 8.2 -18.207 -16.022
v 8.395 -18.401 -16.118
v 8.058 -17.961 -15.922
v 7.909 -17.673 -15.924
v 2.237 -20.677 -18.542
v 2.179 -20.441 -18.353
v 2.38 -20.436 -18.349
v 2.428 -20.631 -18.495
v 2.332 -21.164 -18.64
v 2.28 -20.924 -18.642
v 2.47 -20.878 -18.595
v 2.47 -21.169 -18.644
v 2.332 -20.776 -18.591
v 2.282 -29.077 -18.641
v 2.325 -28.839 -18.644
v 2.471 -28.838 -18.643
v 2.482 -29.122 -18.589
v 2.379 -29.563 -18.349
v 2.188 -29.561 -18.348
v 2.238 -29.317 -18.541
v 2.423 -29.372 -18.498
v 2.336 -29.22 -18.59
v 2.377 -20.439 -18.351
v 2.19 -20.434 -18.347
v 2.189 -20.434 -18.347
v 2.141 -20.045 -17.959
v 3.787 -19.854 -17.718
v 8.401 -18.396 -16.115
v 8.735 -19.468 -17.235
v 8.738 -19.466 -17.233
v 5.39 -19.514 -17.281
v 5.632 -20.291 -18.01
v 8.738 -19.466 -17.233
v 8.782 -19.664 -17.381
v 8.88 -19.906 -17.478
v 8.937 -20.143 -17.522
v 2.48 -21.162 -18.639
v 5.635 -29.707 -18.008
v 8.737 -30.535 -17.234
v 2.379 -29.563 -18.349
v 2.477 -28.834 -18.64
v 8.938 -29.802 -17.522
v 8.888 -30.095 -17.474
v 8.786 -30.341 -17.379
v 2.424 -29.275 -18.546
v 2.47 -29.034 -18.644
v 8.405 -31.598 -16.114
v 8.737 -30.535 -17.234
v 8.736 -30.536 -17.234
v 5.391 -30.484 -17.28
v 2.188 -29.561 -18.348
v 2.185 -29.563 -18.35
v 2.13 -29.908 -17.964
v 3.789 -30.144 -17.717
v 8.932 -20.194 -17.524
v 5.73 -20.679 -18.058
v 8.935 -20.144 -17.523
v 2.474 -21.167 -18.642
v 2.481 -21.162 -18.638
v 5.73 -29.319 -18.057
v 8.929 -29.809 -17.526
v 8.936 -29.804 -17.523
v 5.531 -12.526 -13.157
v -0.004 -12.527 -14.323
v -0.005 -12.14 -14.226
v 5.042 -11.558 -12.334
v 0.006 -11.841 -14.026
v 0.002 -11.601 -13.689
v 0.005 -11.55 -13.299
v 13.247 -12.237 -5.294
v 13.3 -12.525 -5.243
v 10.243 -12.525 -10
v 13.156 -12.038 -5.291
v 13.063 -11.939 -5.289
v 12.812 -11.702 -5.245
v 5.433 -12.042 -13.109
v 5.285 -11.655 -12.722
v 9.314 -11.558 -9.469
v 10.198 -12.036 -9.853
v 12.237 -11.551 -5.241
v 12.472 -11.556 -5.245
v 9.907 -11.648 -9.561
v 6.655 -29.318 17.43
v 6.553 -29.564 17.282
v 6.754 -29.559 17.236
v 6.847 -29.368 17.38
v 6.744 -28.838 17.523
v 6.743 -29.081 17.522
v 6.896 -29.125 17.477
v 6.943 -28.835 17.476
v 6.743 -29.227 17.473
v 6.753 -20.919 17.527
v 6.746 -21.166 17.524
v 6.948 -21.161 17.479
v 6.888 -20.878 17.425
v 6.746 -20.438 17.233
v 6.551 -20.439 17.28
v 6.657 -20.676 17.43
v 6.799 -20.63 17.38
v 6.746 -20.778 17.475
v -11.888 -5.53 -11.891
v -11.599 -5.532 -13.494
v -12.861 -5.532 -12.28
v -10.676 -5.532 -13.008
v -10.247 -5.537 -14.566
v -13.009 -5.534 -10.68
v -14.032 -5.536 -10.972
v -9.32 -5.534 -13.981
v -8.788 -5.535 -15.486
v -13.983 -5.535 -9.321
v -15.046 -5.532 -9.513
v -7.912 -5.534 -14.806
v -7.19 -5.538 -16.265
v -14.8 -5.53 -7.909
v -15.875 -5.535 -8.01
v -15.532 -5.532 -6.407
v -16.602 -5.534 -6.408
v -6.409 -5.535 -15.535
v -5.587 -5.537 -16.896
v -4.859 -5.537 -16.071
v -3.88 -5.532 -17.377
v -16.065 -5.532 -4.853
v -17.129 -5.529 -4.754
v -3.301 -5.534 -16.456
v -2.181 -5.531 -17.668
v -16.453 -5.532 -3.299
v -17.52 -5.531 -3.056
v -16.699 -5.534 -1.65
v -17.774 -5.539 -1.314
v -1.653 -5.536 -16.7
v -0.443 -5.538 -17.819
v -16.791 -5.53 0.003
v -17.816 -5.534 0.437
v 0.001 -5.534 -16.796
v 1.309 -5.535 -17.768
v -16.705 -5.538 1.647
v -17.677 -5.539 2.181
v 1.654 -5.532 -16.698
v 3.054 -5.537 -17.527
v -16.461 -5.537 3.299
v -17.384 -5.538 3.881
v 3.296 -5.538 -16.459
v 4.751 -5.539 -17.139
v 4.848 -5.539 -16.071
v -16.069 -5.535 4.854
v -16.888 -5.53 5.585
v 6.408 -5.534 -16.602
v -15.539 -5.537 6.406
v 6.409 -5.533 -15.533
v -16.265 -5.536 7.183
v 8.008 -5.535 -15.875
v -14.804 -5.532 7.914
v 7.909 -5.537 -14.808
v -15.482 -5.531 8.788
v 9.515 -5.534 -15.049
v -13.975 -5.53 9.323
v 9.324 -5.532 -13.979
v -14.57 -5.539 10.239
v 10.971 -5.534 -14.03
v -13.005 -5.531 10.682
v 10.674 -5.538 -13.013
v -13.489 -5.53 11.605
v 12.285 -5.532 -12.862
v -11.895 -5.535 11.893
v 11.898 -5.531 -11.891
v -12.279 -5.532 12.866
v 13.501 -5.53 -11.599
v -10.678 -5.533 13.011
v 13.005 -5.538 -10.682
v -10.967 -5.531 14.031
v 14.562 -5.535 -10.244
v -9.324 -5.537 13.979
v 13.975 -5.538 -9.323
v -9.514 -5.534 15.049
v 15.482 -5.537 -8.788
v -7.906 -5.53 14.809
v 14.804 -5.535 -7.914
v -8.008 -5.533 15.875
v 16.263 -5.534 -7.184
v -6.403 -5.531 15.536
v 15.541 -5.529 -6.404
v -6.407 -5.534 16.603
v -4.852 -5.532 16.07
v 16.895 -5.533 -5.582
v 16.066 -5.536 -4.856
v -4.763 -5.538 17.133
v -3.297 -5.531 16.458
v 17.377 -5.536 -3.885
v 16.455 -5.535 -3.302
v -3.059 -5.535 17.524
v -1.648 -5.533 16.7
v 17.664 -5.538 -2.188
v 16.7 -5.533 -1.65
v -1.315 -5.537 17.765
v -0.002 -5.535 16.795
v 17.823 -5.529 -0.434
v 16.793 -5.536 -0.002
v 0.443 -5.53 17.819
v 1.644 -5.538 16.696
v 17.763 -5.537 1.309
v 16.703 -5.531 1.653
v 2.183 -5.535 17.669
v 3.295 -5.538 16.453
v 17.526 -5.533 3.059
v 16.461 -5.531 3.303
v 3.878 -5.538 17.376
v 4.848 -5.538 16.065
v 17.129 -5.539 4.754
v 16.073 -5.53 4.857
v 5.581 -5.535 16.893
v 6.405 -5.536 15.533
v 16.598 -5.537 6.406
v 15.539 -5.531 6.41
v 7.179 -5.538 16.26
v 7.915 -5.533 14.807
v 15.875 -5.533 8.01
v 14.804 -5.535 7.912
v 8.78 -5.539 15.482
v 9.319 -5.535 13.98
v 15.048 -5.535 9.514
v 13.975 -5.538 9.317
v 10.24 -5.536 14.562
v 10.673 -5.539 13.007
v 14.023 -5.539 10.968
v 13.007 -5.536 10.678
v 11.604 -5.533 13.496
v 11.899 -5.53 11.896
v 12.87 -5.53 12.285
v -13.441 -5.53 11.023
v -12.717 -5.533 12.719
v -13.938 -5.538 11.405
v -14.948 -5.531 10.002
v -12.275 -5.529 12.285
v -11.022 -5.535 13.446
v -9.995 -5.531 14.954
v -11.401 -5.529 13.936
v -9.657 -5.532 14.468
v -8.491 -5.531 15.876
v -14.468 -5.536 9.659
v -15.876 -5.535 8.494
v -8.211 -5.539 15.337
v -15.334 -5.53 8.207
v -6.646 -5.531 16.071
v -6.899 -5.538 16.648
v -16.063 -5.53 6.653
v -16.653 -5.536 6.892
v -16.645 -5.53 5.051
v -17.238 -5.537 5.24
v -5.048 -5.534 16.651
v -5.249 -5.539 17.23
v -3.395 -5.532 17.089
v -3.491 -5.531 17.672
v -17.093 -5.537 3.396
v -17.671 -5.535 3.495
v -17.326 -5.531 1.701
v -17.917 -5.537 1.746
v -1.706 -5.539 17.327
v -1.751 -5.536 17.911
v -18.009 -5.533 0.001
v 0.004 -5.531 18.012
v -0.007 -5.539 17.376
v -17.376 -5.532 0.001
v -17.331 -5.534 -1.699
v -17.91 -5.532 -1.746
v 1.694 -5.538 17.328
v 1.75 -5.533 17.914
v -17.67 -5.534 -3.495
v 3.497 -5.533 17.671
v 3.395 -5.536 17.086
v -17.088 -5.535 -3.399
v -17.237 -5.537 -5.245
v 5.237 -5.538 17.23
v -16.654 -5.536 -5.05
v 5.053 -5.531 16.653
v -16.644 -5.53 -6.89
v 6.889 -5.537 16.649
v -16.071 -5.536 -6.652
v 6.655 -5.531 16.07
v 8.497 -5.533 15.875
v -15.88 -5.538 -8.498
v 8.203 -5.535 15.34
v -15.342 -5.535 -8.205
v -14.469 -5.536 -9.662
v -14.956 -5.537 -10.002
v 9.657 -5.536 14.465
v 10.005 -5.531 14.954
v 11.016 -5.537 13.445
v 11.411 -5.532 13.934
v -13.441 -5.53 -11.017
v -13.937 -5.537 -11.41
v 12.723 -5.531 12.721
v 12.278 -5.537 12.28
v -12.72 -5.535 -12.719
v -12.284 -5.536 -12.283
v -11.02 -5.534 -13.447
v 13.445 -5.535 11.019
v 13.926 -5.538 11.405
v -11.409 -5.535 -13.933
v 14.946 -5.538 9.997
v 14.466 -5.534 9.66
v -10.007 -5.539 -14.955
v -9.66 -5.534 -14.466
v 15.872 -5.535 8.494
v 15.34 -5.534 8.204
v -8.496 -5.534 -15.874
v -8.21 -5.538 -15.343
v -6.649 -5.533 -16.068
v 16.068 -5.534 6.651
v 16.656 -5.531 6.896
v -6.889 -5.531 -16.648
v -5.053 -5.537 -16.653
v 16.647 -5.537 5.047
v 17.238 -5.531 5.245
v -5.245 -5.536 -17.235
v -3.401 -5.536 -17.089
v 17.088 -5.534 3.398
v 17.665 -5.538 3.493
v -3.496 -5.535 -17.67
v -1.702 -5.536 -17.332
v 17.325 -5.538 1.696
v -1.749 -5.535 -17.914
v 17.92 -5.529 1.751
v 18.014 -5.531 0.002
v 17.374 -5.537 -0.002
v 0.004 -5.532 -18.008
v 0.006 -5.53 -17.376
v 1.703 -5.532 -17.329
v 17.326 -5.537 -1.701
v 1.741 -5.539 -17.916
v 17.907 -5.538 -1.751
v 3.496 -5.533 -17.67
v 3.4 -5.533 -17.087
v 17.667 -5.537 -3.497
v 17.081 -5.539 -3.401
v 5.246 -5.532 -17.232
v 5.043 -5.538 -16.654
v 17.232 -5.535 -5.244
v 16.652 -5.533 -5.048
v 6.887 -5.539 -16.654
v 6.645 -5.538 -16.071
v 16.645 -5.538 -6.896
v 16.063 -5.538 -6.653
v 8.493 -5.536 -15.875
v 9.665 -5.531 -14.464
v 8.208 -5.531 -15.338
v 15.871 -5.536 -8.497
v 15.341 -5.533 -8.204
v 14.462 -5.537 -9.663
v 14.957 -5.53 -9.997
v 13.443 -5.537 -11.021
v 9.994 -5.538 -14.955
v 11.02 -5.533 -13.446
v 11.412 -5.532 -13.93
v 13.931 -5.535 -11.408
v 12.717 -5.535 -12.719
v 12.276 -5.538 -12.285
v -9.126 4.467 -11.116
v -10.004 4.464 -14.953
v -11.405 4.468 -13.931
v -12.717 4.467 -12.718
v -10.192 4.468 -10.193
v -11.11 4.471 -9.123
v -13.937 4.463 -11.41
v -14.953 4.465 -10.001
v -11.988 4.468 -8.009
v -15.872 4.467 -8.494
v -8.012 4.465 -11.991
v -8.501 4.462 -15.877
v -12.713 4.47 -6.793
v -6.799 4.464 -12.72
v -5.533 4.467 -13.301
v -6.888 4.47 -16.648
v -13.297 4.469 -5.532
v -16.647 4.468 -6.892
v -4.178 4.464 -13.788
v -3.499 4.464 -17.672
v -5.239 4.469 -17.231
v -13.787 4.465 -4.175
v -17.237 4.464 -5.244
v -17.671 4.466 -3.496
v -2.815 4.467 -14.126
v -14.125 4.467 -2.815
v -1.403 4.47 -14.318
v -0.006 4.462 -18.013
v -1.752 4.463 -17.915
v -14.318 4.468 -1.407
v -17.914 4.465 -1.748
v -18.014 4.463 -0.002
v 0.003 4.468 -14.416
v -14.414 4.469 0.002
v -14.326 4.462 1.405
v -17.911 4.467 1.749
v -17.676 4.462 3.492
v 1.405 4.464 -14.322
v 3.497 4.467 -17.669
v 1.75 4.468 -17.912
v -14.124 4.468 2.817
v 2.819 4.469 -14.124
v -13.79 4.464 4.173
v -17.236 4.464 5.241
v -16.652 4.465 6.893
v 4.179 4.469 -13.785
v 6.891 4.464 -16.652
v 5.236 4.461 -17.237
v 5.53 4.463 -13.303
v -13.304 4.464 5.533
v -15.876 4.464 8.494
v 8.497 4.467 -15.873
v 6.792 4.463 -12.721
v -12.713 4.47 6.799
v 8.015 4.469 -11.988
v 9.996 4.463 -14.954
v -11.985 4.47 8.012
v -14.956 4.463 9.998
v 9.127 4.466 -11.116
v 11.402 4.462 -13.935
v -11.113 4.469 9.128
v -13.931 4.467 11.408
v 12.72 4.467 -12.718
v 10.201 4.471 -10.191
v -12.712 4.47 12.722
v -10.197 4.464 10.193
v 11.12 4.468 -9.125
v -9.122 4.469 11.119
v 13.936 4.469 -11.406
v -11.412 4.463 13.93
v 14.955 4.468 -9.999
v 11.988 4.465 -8.011
v -10.007 4.461 14.948
v -8.011 4.465 11.99
v 15.873 4.466 -8.496
v 12.712 4.461 -6.8
v -8.493 4.468 15.875
v -6.795 4.467 12.719
v 13.299 4.465 -5.535
v -5.53 4.469 13.303
v 16.65 4.466 -6.894
v 13.784 4.464 -4.176
v -6.887 4.47 16.654
v -4.172 4.468 13.788
v 17.24 4.471 -5.239
v -5.247 4.463 17.231
v 17.676 4.47 -3.492
v 14.128 4.467 -2.815
v 14.325 4.469 -1.405
v -3.5 4.463 17.668
v -1.404 4.468 14.322
v -2.811 4.469 14.129
v -1.749 4.465 17.912
v 17.909 4.464 -1.749
v 18.016 4.471 0.003
v 14.412 4.462 -0.003
v 14.314 4.461 1.404
v 0.002 4.467 18.011
v 1.405 4.464 14.319
v 0.002 4.467 14.418
v 1.75 4.468 17.914
v 17.914 4.467 1.748
v 3.499 4.469 17.672
v 4.178 4.468 13.788
v 2.82 4.469 14.129
v 17.672 4.467 3.496
v 14.128 4.467 2.816
v 13.792 4.47 4.178
v 5.249 4.471 17.237
v 17.23 4.464 5.241
v 6.9 4.471 16.654
v 5.54 4.47 13.304
v 16.647 4.464 6.892
v 13.295 4.462 5.531
v 8.493 4.465 15.873
v 8.005 4.463 11.988
v 6.79 4.462 12.716
v 15.872 4.465 8.494
v 12.724 4.47 6.799
v 11.994 4.468 8.012
v 14.954 4.468 10.001
v 11.122 4.47 9.129
v 10.003 4.468 14.953
v 9.124 4.464 11.115
v 11.409 4.467 13.933
v 13.927 4.463 11.405
v 12.722 4.468 12.72
v 10.193 4.465 10.194
v -9.127 4.563 11.116
v -9.999 4.564 14.952
v -11.414 4.559 13.929
v -12.715 4.565 12.72
v -10.194 4.563 10.194
v -11.123 4.559 9.123
v -13.935 4.561 11.407
v -14.948 4.566 10.002
v -11.996 4.559 8.007
v -15.879 4.56 8.493
v -8.01 4.563 11.99
v -8.495 4.563 15.874
v -12.713 4.567 6.799
v -6.791 4.567 12.721
v -5.536 4.562 13.3
v -6.89 4.565 16.652
v -13.3 4.564 5.535
v -16.657 4.559 6.89
v -4.18 4.56 13.784
v -3.502 4.559 17.667
v -5.25 4.558 17.23
v -13.783 4.566 4.177
v -17.234 4.563 5.242
v -17.665 4.567 3.498
v -2.818 4.561 14.125
v -14.132 4.559 2.813
v -1.407 4.564 14.321
v -0.006 4.559 18.007
v -1.747 4.564 17.913
v -14.32 4.563 1.408
v -17.916 4.561 1.746
v -18.003 4.568 0.003
v -0.006 4.559 14.415
v -14.414 4.566 0.002
v -14.315 4.567 -1.405
v -17.915 4.562 -1.749
v -17.668 4.565 -3.494
v 1.405 4.561 14.319
v 3.495 4.563 17.67
v 1.741 4.558 17.909
v -14.123 4.566 -2.814
v 2.815 4.563 14.126
v -13.787 4.563 -4.175
v -17.233 4.563 -5.243
v -16.657 4.559 -6.896
v 4.176 4.564 13.787
v 6.897 4.566 16.653
v 5.242 4.562 17.233
v 5.539 4.567 13.304
v -13.303 4.562 -5.535
v -15.876 4.562 -8.496
v 8.501 4.567 15.877
v 6.793 4.561 12.717
v -12.724 4.559 -6.799
v 8.006 4.56 11.988
v 10.003 4.565 14.953
v -11.984 4.567 -8.007
v -14.954 4.562 -10.001
v 9.131 4.567 11.119
v 11.408 4.563 13.932
v -11.118 4.562 -9.127
v -13.932 4.563 -11.408
v 12.713 4.56 12.716
v 10.2 4.567 10.197
v -12.724 4.559 -12.721
v -10.191 4.565 -10.193
v 11.111 4.559 9.123
v -9.122 4.566 -11.115
v 13.928 4.56 11.406
v -11.405 4.566 -13.931
v 14.945 4.558 9.997
v 11.993 4.565 8.011
v -10.002 4.562 -14.953
v -8.005 4.566 -11.988
v 15.868 4.559 8.492
v 12.716 4.561 6.795
v -8.491 4.566 -15.872
v -6.791 4.567 -12.716
v 13.296 4.559 5.531
v -5.536 4.562 -13.302
v 16.645 4.559 6.891
v 13.783 4.56 4.173
v -6.898 4.56 -16.653
v -4.17 4.566 -13.784
v 17.24 4.568 5.246
v -5.248 4.559 -17.236
v 17.669 4.563 3.495
v 14.127 4.563 2.816
v 14.322 4.564 1.408
v -3.501 4.559 -17.673
v -1.414 4.559 -14.324
v -2.82 4.56 -14.128
v -1.742 4.567 -17.91
v 17.913 4.564 1.748
v 18.008 4.562 -0.001
v 14.414 4.561 -0.002
v 14.327 4.568 -1.405
v 0.002 4.564 -18.009
v 1.414 4.568 -14.317
v 0.002 4.565 -14.417
v 1.754 4.568 -17.91
v 17.915 4.564 -1.747
v 3.491 4.56 -17.672
v 4.179 4.566 -13.785
v 2.812 4.561 -14.128
v 17.67 4.563 -3.495
v 14.129 4.565 -2.814
v 13.781 4.559 -4.178
v 5.243 4.563 -17.233
v 17.238 4.566 -5.241
v 6.898 4.566 -16.649
v 5.53 4.56 -13.303
v 16.647 4.561 -6.895
v 13.307 4.568 -5.531
v 8.498 4.565 -15.873
v 8.014 4.566 -11.989
v 6.8 4.566 -12.717
v 15.874 4.563 -8.495
v 12.718 4.563 -6.797
v 11.985 4.56 -8.012
v 14.952 4.563 -10
v 11.122 4.567 -9.123
v 9.995 4.56 -14.954
v 9.121 4.559 -11.119
v 11.408 4.563 -13.932
v 13.928 4.56 -11.41
v 12.724 4.567 -12.716
v 10.197 4.565 -10.193
v -9.126 9.563 -11.117
v -10.006 9.559 -14.954
v -11.409 9.563 -13.933
v -12.716 9.565 -12.717
v -10.201 9.559 -10.198
v -11.114 9.565 -9.125
v -13.938 9.559 -11.411
v -14.953 9.562 -10.001
v -11.984 9.568 -8.006
v -15.876 9.562 -8.496
v -8.015 9.56 -11.993
v -8.493 9.565 -15.873
v -12.718 9.564 -6.796
v -6.791 9.567 -12.716
v -5.539 9.56 -13.303
v -6.897 9.561 -16.652
v -13.302 9.562 -5.535
v -16.646 9.567 -6.891
v -4.174 9.564 -13.786
v -3.501 9.559 -17.673
v -5.247 9.561 -17.235
v -13.78 9.568 -4.171
v -17.234 9.563 -5.243
v -17.672 9.562 -3.496
v -2.816 9.563 -14.127
v -14.13 9.561 -2.817
v -1.407 9.564 -14.32
v 0.005 9.566 -18.008
v -1.752 9.56 -17.915
v -14.315 9.567 -1.405
v -17.911 9.564 -1.747
v -18.015 9.56 -0.003
v -0.002 9.561 -14.419
v -14.415 9.565 0.001
v -14.322 9.562 1.407
v -17.912 9.564 1.748
v -17.669 9.564 3.496
v 1.408 9.564 -14.32
v 3.502 9.568 -17.667
v 1.746 9.562 -17.913
v -14.123 9.566 2.817
v 2.818 9.565 -14.125
v -13.782 9.566 4.177
v -17.228 9.567 5.245
v -16.651 9.563 6.893
v 4.177 9.565 -13.785
v 6.896 9.565 -16.649
v 5.243 9.564 -17.233
v 5.533 9.562 -13.302
v -13.302 9.563 5.534
v -15.869 9.567 8.498
v 8.494 9.562 -15.875
v 6.795 9.562 -12.719
v -12.715 9.566 6.798
v 8.006 9.561 -11.992
v 10.002 9.565 -14.951
v -11.994 9.561 8.008
v -14.95 9.565 10.001
v 9.126 9.563 -11.117
v 11.408 9.563 -13.932
v -11.113 9.566 9.128
v -13.937 9.56 11.405
v 12.716 9.562 -12.72
v 10.197 9.565 -10.193
v -12.721 9.562 12.718
v -10.187 9.568 10.198
v 11.11 9.558 -9.13
v -9.12 9.568 11.12
v 13.93 9.562 -11.409
v -11.401 9.568 13.936
v 14.948 9.561 -10.002
v 11.984 9.559 -8.013
v -10.002 9.562 14.951
v -8.009 9.564 11.991
v 15.876 9.565 -8.494
v 12.724 9.567 -6.793
v -8.495 9.563 15.874
v -6.8 9.561 12.717
v 13.305 9.566 -5.532
v -5.536 9.562 13.3
v 16.645 9.559 -6.896
v 13.79 9.565 -4.173
v -6.894 9.562 16.65
v -4.181 9.559 13.784
v 17.228 9.559 -5.246
v -5.236 9.568 17.237
v 17.67 9.563 -3.495
v 14.123 9.561 -2.817
v 14.322 9.564 -1.407
v -3.49 9.567 17.672
v -1.41 9.561 14.319
v -2.815 9.564 14.127
v -1.747 9.564 17.913
v 17.915 9.564 -1.747
v 18.014 9.566 0.002
v 14.414 9.561 -0.002
v 14.317 9.561 1.406
v 0.006 9.568 18.013
v 1.414 9.568 14.324
v -0.001 9.562 14.417
v 1.75 9.565 17.914
v 17.907 9.559 1.745
v 3.5 9.566 17.672
v 4.172 9.561 13.785
v 2.812 9.561 14.125
v 17.663 9.558 3.492
v 14.13 9.566 2.817
v 13.78 9.559 4.171
v 5.242 9.563 17.233
v 17.231 9.562 5.242
v 6.895 9.564 16.651
v 5.539 9.567 13.304
v 16.655 9.566 6.895
v 13.301 9.563 5.534
v 8.492 9.561 15.872
v 8.005 9.56 11.988
v 6.797 9.563 12.719
v 15.876 9.565 8.496
v 12.712 9.559 6.793
v 11.986 9.56 8.008
v 14.955 9.566 10.002
v 11.116 9.563 9.126
v 9.995 9.56 14.949
v 9.133 9.568 11.12
v 11.407 9.563 13.932
v 13.935 9.565 11.409
v 12.715 9.561 12.717
v 10.197 9.565 10.196
v -9.129 9.659 11.115
v -9.997 9.663 14.953
v -11.402 9.664 13.935
v -12.725 9.656 12.716
v -10.198 9.657 10.192
v -11.115 9.662 9.127
v -13.939 9.656 11.405
v -14.95 9.662 10.001
v -11.997 9.656 8.006
v -15.875 9.66 8.495
v -8.016 9.656 11.987
v -8.496 9.66 15.874
v -12.712 9.665 6.8
v -6.791 9.664 12.721
v -5.531 9.663 13.303
v -6.887 9.665 16.654
v -13.295 9.665 5.537
v -16.651 9.66 6.893
v -4.174 9.661 13.787
v -3.499 9.658 17.668
v -5.248 9.657 17.231
v -13.784 9.662 4.176
v -17.228 9.664 5.245
v -17.666 9.663 3.497
v -2.822 9.656 14.123
v -14.121 9.664 2.818
v -1.409 9.66 14.32
v -0.006 9.656 18.007
v -1.752 9.657 17.911
v -14.316 9.663 1.41
v -17.917 9.657 1.745
v -18.007 9.662 0.001
v 0 9.66 14.418
v -14.417 9.661 0
v -14.317 9.663 -1.406
v -17.908 9.664 -1.745
v -17.676 9.656 -3.498
v 1.402 9.656 14.318
v 3.496 9.661 17.671
v 1.743 9.657 17.91
v -14.122 9.663 -2.813
v 2.816 9.661 14.127
v -13.79 9.658 -4.177
v -17.24 9.656 -5.246
v -16.647 9.663 -6.891
v 4.179 9.663 13.789
v 6.894 9.661 16.651
v 5.249 9.665 17.236
v 5.531 9.658 13.299
v -13.306 9.657 -5.536
v -15.878 9.658 -8.497
v 8.491 9.657 15.872
v 6.797 9.661 12.719
v -12.722 9.658 -6.798
v 8.013 9.663 11.992
v 9.993 9.656 14.948
v -11.99 9.661 -8.01
v -14.948 9.663 -9.998
v 9.121 9.656 11.114
v 11.404 9.658 13.93
v -11.121 9.657 -9.129
v -13.932 9.66 -11.408
v 12.723 9.663 12.721
v 10.188 9.656 10.191
v -12.712 9.665 -12.715
v -10.195 9.66 -10.195
v 11.111 9.657 9.124
v -9.13 9.658 -11.118
v 13.938 9.664 11.411
v -11.403 9.664 -13.93
v 14.954 9.662 10.001
v 11.985 9.656 8.007
v -10.005 9.657 -14.954
v -8.013 9.658 -11.992
v 15.871 9.658 8.494
v 12.725 9.665 6.799
v -8.498 9.658 -15.875
v -6.791 9.664 -12.716
v 13.303 9.661 5.535
v -5.536 9.659 -13.302
v 16.658 9.665 6.897
v 13.78 9.656 4.171
v -6.893 9.66 -16.651
v -4.169 9.664 -13.784
v 17.234 9.661 5.243
v -5.243 9.66 -17.233
v 17.674 9.663 3.497
v 14.126 9.66 2.816
v 14.317 9.658 1.406
v -3.498 9.659 -17.671
v -1.405 9.663 -14.319
v -2.813 9.662 -14.125
v -1.752 9.657 -17.915
v 17.917 9.663 1.749
v 18.006 9.658 -0.002
v 14.418 9.661 0
v 14.321 9.66 -1.408
v 0.007 9.665 -18.007
v 1.413 9.664 -14.318
v 0.001 9.661 -14.417
v 1.746 9.659 -17.914
v 17.917 9.663 -1.746
v 3.496 9.661 -17.67
v 4.176 9.661 -13.786
v 2.82 9.663 -14.124
v 17.669 9.659 -3.496
v 14.122 9.657 -2.818
v 13.785 9.659 -4.176
v 5.239 9.658 -17.235
v 17.236 9.662 -5.242
v 6.887 9.656 -16.654
v 5.532 9.659 -13.302
v 16.646 9.657 -6.896
v 13.295 9.656 -5.537
v 8.494 9.659 -15.875
v 8.006 9.658 -11.992
v 6.79 9.656 -12.722
v 15.873 9.66 -8.496
v 12.713 9.656 -6.799
v 11.989 9.659 -8.011
v 14.953 9.661 -9.999
v 11.116 9.66 -9.127
v 10.007 9.665 -14.948
v 9.124 9.659 -11.118
v 11.407 9.66 -13.933
v 13.934 9.661 -11.407
v 12.713 9.656 -12.721
v 10.2 9.664 -10.192
v -9.126 14.661 -11.116
v -9.995 14.664 -14.949
v -11.402 14.665 -13.929
v -12.724 14.657 -12.721
v -10.195 14.66 -10.195
v -11.12 14.658 -9.128
v -13.938 14.656 -11.411
v -14.946 14.665 -9.997
v -11.986 14.664 -8.008
v -15.88 14.656 -8.498
v -8.004 14.664 -11.988
v -8.5 14.657 -15.876
v -12.715 14.663 -6.794
v -6.796 14.661 -12.718
v -5.531 14.663 -13.3
v -6.889 14.663 -16.649
v -13.303 14.659 -5.535
v -16.647 14.663 -6.892
v -4.181 14.656 -13.79
v -3.498 14.658 -17.672
v -5.24 14.663 -17.232
v -13.787 14.66 -4.175
v -17.227 14.664 -5.24
v -17.668 14.662 -3.494
v -2.815 14.661 -14.126
v -14.131 14.657 -2.818
v -1.412 14.658 -14.323
v 0.002 14.661 -18.009
v -1.747 14.661 -17.913
v -14.322 14.659 -1.408
v -17.91 14.663 -1.746
v -18.011 14.66 -0.001
v -0.002 14.659 -14.418
v -14.42 14.659 -0.001
v -14.321 14.66 1.407
v -17.907 14.664 1.75
v -17.673 14.658 3.494
v 1.407 14.66 -14.321
v 3.497 14.661 -17.669
v 1.741 14.656 -17.916
v -14.131 14.657 2.813
v 2.822 14.665 -14.123
v -13.785 14.661 4.175
v -17.23 14.662 5.244
v -16.654 14.658 6.891
v 4.181 14.665 -13.783
v 6.891 14.659 -16.652
v 5.25 14.665 -17.23
v 5.54 14.664 -13.298
v -13.303 14.659 5.533
v -15.874 14.66 8.495
v 8.5 14.664 -15.871
v 6.802 14.665 -12.716
v -12.716 14.663 6.798
v 8.005 14.657 -11.993
v 10.003 14.663 -14.95
v -11.985 14.664 8.012
v -14.958 14.656 9.997
v 9.131 14.664 -11.114
v 11.405 14.658 -13.934
v -11.11 14.665 9.13
v -13.938 14.656 11.405
v 12.721 14.662 -12.717
v 10.199 14.663 -10.192
v -12.714 14.663 12.721
v -10.2 14.656 10.191
v 11.122 14.664 -9.124
v -9.125 14.661 11.117
v 13.939 14.665 -11.405
v -11.401 14.665 13.936
v 14.955 14.663 -9.998
v 11.986 14.657 -8.012
v -9.995 14.664 14.954
v -8.015 14.657 11.988
v 15.88 14.664 -8.492
v 12.715 14.658 -6.798
v -8.502 14.656 15.871
v -6.797 14.66 12.718
v 13.294 14.656 -5.538
v -5.53 14.663 13.303
v 16.65 14.66 -6.894
v 13.785 14.659 -4.176
v -6.89 14.663 16.653
v -4.174 14.661 13.787
v 17.229 14.657 -5.245
v -5.245 14.659 17.232
v 17.664 14.656 -3.498
v 14.128 14.661 -2.815
v 14.321 14.661 -1.408
v -3.493 14.662 17.671
v -1.413 14.657 14.318
v -2.813 14.662 14.128
v -1.75 14.659 17.912
v 17.908 14.657 -1.75
v 18.017 14.665 0.003
v 14.413 14.657 -0.002
v 14.327 14.665 1.411
v 0.003 14.663 18.012
v 1.404 14.658 14.319
v -0.004 14.657 14.416
v 1.748 14.661 17.913
v 17.916 14.662 1.749
v 3.502 14.665 17.673
v 4.17 14.657 13.784
v 2.811 14.657 14.124
v 17.677 14.665 3.499
v 14.122 14.657 2.813
v 13.789 14.662 4.176
v 5.244 14.661 17.234
v 17.237 14.663 5.244
v 6.889 14.657 16.649
v 5.536 14.662 13.302
v 16.654 14.663 6.895
v 13.302 14.661 5.534
v 8.494 14.66 15.874
v 8.009 14.66 11.99
v 6.791 14.656 12.716
v 15.867 14.656 8.492
v 12.725 14.665 6.8
v 11.993 14.662 8.011
v 14.951 14.66 10
v 11.119 14.662 9.128
v 10.006 14.665 14.955
v 9.123 14.658 11.115
v 11.402 14.656 13.929
v 13.929 14.658 11.406
v 12.717 14.659 12.718
v 10.197 14.663 10.196
v -9.127 14.757 11.116
v -9.996 14.76 14.954
v -11.406 14.759 13.933
v -12.714 14.76 12.721
v -10.189 14.762 10.197
v -11.123 14.753 9.123
v -13.929 14.76 11.41
v -14.95 14.759 10.001
v -11.986 14.761 8.012
v -15.875 14.757 8.495
v -8.016 14.753 11.987
v -8.496 14.757 15.874
v -12.715 14.76 6.798
v -6.79 14.762 12.722
v -5.531 14.76 13.303
v -6.891 14.759 16.652
v -13.299 14.759 5.535
v -16.65 14.758 6.894
v -4.175 14.757 13.786
v -3.501 14.753 17.667
v -5.249 14.753 17.23
v -13.79 14.755 4.173
v -17.231 14.759 5.244
v -17.666 14.761 3.497
v -2.821 14.754 14.124
v -14.131 14.754 2.813
v -1.413 14.754 14.318
v 0.004 14.76 18.012
v -1.746 14.759 17.914
v -14.323 14.756 1.406
v -17.915 14.756 1.746
v -18.006 14.76 0.002
v -0.002 14.756 14.417
v -14.418 14.757 0
v -14.326 14.754 -1.41
v -17.914 14.757 -1.748
v -17.669 14.758 -3.495
v 1.403 14.754 14.318
v 3.497 14.759 17.671
v 1.747 14.757 17.913
v -14.131 14.755 -2.818
v 2.82 14.76 14.129
v -13.788 14.757 -4.175
v -17.231 14.759 -5.242
v -16.652 14.757 -6.894
v 4.172 14.755 13.785
v 6.899 14.761 16.654
v 5.239 14.755 17.231
v 5.537 14.76 13.303
v -13.298 14.76 -5.533
v -15.874 14.757 -8.496
v 8.491 14.754 15.872
v 6.796 14.758 12.719
v -12.715 14.76 -6.795
v 8.013 14.76 11.992
v 9.994 14.753 14.948
v -11.992 14.757 -8.01
v -14.954 14.756 -10.001
v 9.125 14.757 11.116
v 11.406 14.756 13.931
v -11.117 14.757 -9.127
v -13.93 14.759 -11.407
v 12.724 14.761 12.721
v 10.2 14.762 10.197
v -12.713 14.761 -12.716
v -10.191 14.76 -10.193
v 11.112 14.754 9.124
v -9.125 14.758 -11.116
v 13.935 14.759 11.409
v -11.414 14.753 -13.935
v 14.947 14.754 9.998
v 11.986 14.755 8.008
v -9.994 14.762 -14.949
v -8.004 14.761 -11.988
v 15.87 14.754 8.493
v 12.714 14.754 6.794
v -8.493 14.759 -15.873
v -6.789 14.762 -12.715
v 13.307 14.762 5.537
v -5.531 14.759 -13.3
v 16.652 14.758 6.894
v 13.78 14.753 4.171
v -6.894 14.757 -16.651
v -4.181 14.753 -13.79
v 17.23 14.756 5.241
v -5.249 14.753 -17.236
v 17.666 14.755 3.493
v 14.125 14.757 2.815
v 14.321 14.758 1.408
v -3.5 14.754 -17.672
v -1.408 14.757 -14.321
v -2.811 14.761 -14.124
v -1.753 14.754 -17.915
v 17.913 14.758 1.748
v 18.012 14.759 0.001
v 14.42 14.759 0.001
v 14.315 14.754 -1.41
v -0.007 14.753 -18.013
v 1.413 14.761 -14.318
v -0.003 14.755 -14.419
v 1.752 14.76 -17.911
v 17.909 14.755 -1.749
v 3.497 14.759 -17.669
v 4.177 14.759 -13.785
v 2.814 14.756 -14.127
v 17.665 14.754 -3.498
v 14.128 14.758 -2.815
v 13.788 14.758 -4.174
v 5.243 14.757 -17.233
v 17.227 14.753 -5.246
v 6.893 14.757 -16.651
v 5.539 14.761 -13.299
v 16.653 14.759 -6.892
v 13.299 14.756 -5.535
v 8.499 14.76 -15.872
v 8.014 14.76 -11.988
v 6.794 14.756 -12.72
v 15.87 14.755 -8.497
v 12.712 14.753 -6.799
v 11.993 14.759 -8.008
v 14.956 14.761 -9.998
v 11.11 14.753 -9.129
v 9.997 14.755 -14.953
v 9.121 14.754 -11.119
v 11.408 14.757 -13.932
v 13.927 14.754 -11.411
v 12.719 14.758 -12.718
v 10.189 14.753 -10.197
v 2.772 63.354 1.168
v 3.003 63.346 -0.003
v 3.007 -46.653 -0.002
v 2.769 -46.649 1.166
v 2.131 63.347 2.133
v 2.136 -46.651 2.136
v 1.163 63.349 2.766
v 1.164 -46.652 2.766
v -0.003 63.348 3.008
v 0.005 -46.648 3.012
v -1.167 63.349 2.766
v -1.168 -46.653 2.766
v -2.13 63.354 2.139
v -2.137 -46.652 2.135
v -2.762 63.354 1.168
v -2.77 -46.653 1.164
v -3.016 63.346 -0.003
v -3.013 -46.654 -0.002
v 8.595 -11.115 -5.096
v 6.258 -11.557 -7.769
v 8.498 -11.552 -5.241
v 8.684 -10.732 -4.906
v 9.613 -11.553 2.816
v 10.003 -10.726 -0.678
v 10.001 -11.116 -0.485
v 9.997 -11.556 -0.341
v 5.631 -10.631 -8.253
v 3.354 -11.551 -9.415
v -0.003 -11.555 -10.001
v 8.833 -10.39 -4.661
v 8.984 -10.095 -4.368
v 9.133 -9.85 -4.026
v 9.363 -10.587 3.541
v 9.904 -10.048 -1.262
v 9.946 -10.392 -0.925
v 8.2 -11.556 5.726
v 3.884 11.068 -9.223
v 0.002 54.468 -9.999
v 5.051 33.06 -8.64
v 5.627 22.376 -8.255
v 9.514 4.223 -3.156
v 9.315 -9.713 -3.692
v 9.462 -9.566 -3.254
v 9.57 -9.51 -2.861
v 9.472 11.073 -3.298
v 5.102 -0.239 8.595
v 3.162 -11.549 9.469
v 0.002 -11.552 10.001
v 5.975 -11.551 8.012
v 9.024 16.744 -4.274
v 8.154 18.64 -5.777
v 9.903 14.854 -1.262
v 8.735 11.066 4.805
v 9.413 22.376 -3.352
v 9.565 22.38 2.865
v 8.402 25.974 -5.435
v 9.318 27.717 -3.642
v 3.497 18.011 9.37
v -0.003 54.464 9.998
v 9.464 43.785 -3.205
v 8.684 43.783 -4.954
v 9.95 36.65 -1.166
v 5.094 32.765 8.591
v 7.044 29.325 7.09
v 9.755 47.329 -2.137
v 9.999 54.466 -0.001
v 9.217 54.462 -3.838
v 5.292 43.788 8.496
v 5.971 38.447 8.01
v 3.838 54.469 9.225
v 7.084 54.464 7.086
v 9.364 -2.188 3.541
v 9.707 -9.564 -2.428
v 9.81 -9.657 -1.988
v 9.86 -9.802 -1.599
v 9.365 1.988 3.493
v 9.17 5.045 3.978
v 7.287 20.198 6.847
v 9.712 26.508 2.332
v 8.355 34.858 -5.483
v 9.809 28.546 2.04
v 9.954 31.215 0.972
v 9.468 32.963 3.302
v 8.447 32.913 5.388
v 4.997 49.124 -8.643
v 3.838 54.469 -9.222
v 7.086 54.466 -7.088
v 8.978 34.708 4.416
v 9.859 39.615 1.604
v 9.179 37.527 3.934
v 8.154 35.971 5.776
v 9.567 41.12 3.012
v 9.857 44.954 1.555
v 9.421 43.789 3.4
v 8.591 41.99 5.145
v 9.219 45.531 3.881
v 9.222 48.543 3.883
v 9.23 54.471 3.838
v -9.128 19.756 -11.118
v -9.995 19.761 -14.949
v -11.414 19.753 -13.935
v -12.714 19.761 -12.716
v -10.189 19.761 -10.192
v -11.121 19.755 -9.128
v -13.934 19.756 -11.409
v -14.949 19.759 -9.999
v -11.985 19.761 -8.007
v -15.878 19.754 -8.497
v -8.01 19.757 -11.991
v -8.496 19.757 -15.875
v -12.725 19.753 -6.799
v -6.797 19.757 -12.719
v -5.531 19.76 -13.3
v -6.888 19.762 -16.648
v -13.295 19.762 -5.531
v -16.652 19.757 -6.894
v -4.169 19.762 -13.784
v -3.493 19.759 -17.669
v -5.245 19.756 -17.234
v -13.792 19.754 -4.177
v -17.231 19.759 -5.242
v -17.671 19.757 -3.496
v -2.816 19.757 -14.127
v -14.131 19.754 -2.818
v -1.405 19.76 -14.319
v 0.001 19.759 -18.009
v -1.746 19.759 -17.912
v -14.323 19.756 -1.409
v -17.911 19.759 -1.747
v -18.015 19.754 -0.002
v -0.005 19.754 -14.42
v -14.422 19.755 -0.002
v -14.323 19.756 1.406
v -17.907 19.762 1.75
v -17.674 19.755 3.493
v 1.412 19.76 -14.319
v 3.498 19.759 -17.669
v 1.741 19.753 -17.916
v -14.126 19.757 2.816
v 2.813 19.756 -14.127
v -13.787 19.758 4.175
v -17.24 19.753 5.24
v -16.652 19.757 6.893
v 4.172 19.755 -13.788
v 6.897 19.76 -16.649
v 5.241 19.756 -17.234
v 5.539 19.761 -13.299
v -13.306 19.754 5.532
v -15.873 19.759 8.496
v 8.495 19.757 -15.874
v 6.8 19.76 -12.717
v -12.717 19.759 6.797
v 8.005 19.754 -11.993
v 10.002 19.759 -14.951
v -11.986 19.761 8.012
v -14.947 19.761 10.003
v 9.127 19.758 -11.116
v 11.408 19.758 -13.932
v -11.123 19.753 9.123
v -13.927 19.761 11.41
v 12.716 19.756 -12.72
v 10.195 19.758 -10.194
v -12.718 19.758 12.719
v -10.195 19.757 10.194
v 11.119 19.759 -9.125
v -9.125 19.758 11.117
v 13.928 19.755 -11.41
v -11.403 19.761 13.935
v 14.948 19.755 -10.002
v 11.984 19.753 -8.013
v -10.003 19.756 14.95
v -8.009 19.758 11.991
v 15.877 19.76 -8.494
v 12.719 19.758 -6.796
v -8.492 19.76 15.876
v -6.798 19.756 12.717
v 13.3 19.757 -5.535
v -5.532 19.759 13.302
v 16.657 19.762 -6.89
v 13.786 19.757 -4.175
v -6.893 19.758 16.651
v -4.176 19.757 13.786
v 17.228 19.754 -5.245
v -5.239 19.76 17.235
v 17.67 19.757 -3.495
v 14.131 19.761 -2.813
v 14.324 19.76 -1.406
v -3.498 19.756 17.669
v -1.403 19.761 14.323
v -2.818 19.756 14.125
v -1.754 19.753 17.91
v 17.911 19.757 -1.748
v 18.014 19.76 0.002
v 14.419 19.759 0.001
v 14.318 19.756 1.407
v -0.003 19.756 18.009
v 1.404 19.755 14.319
v 0.001 19.758 14.418
v 1.75 19.759 17.914
v 17.907 19.753 1.745
v 3.5 19.761 17.673
v 4.181 19.762 13.79
v 2.82 19.761 14.129
v 17.669 19.757 3.495
v 14.127 19.758 2.816
v 13.781 19.754 4.172
v 5.247 19.76 17.235
v 17.233 19.758 5.243
v 6.895 19.759 16.652
v 5.535 19.758 13.302
v 16.646 19.754 6.891
v 13.306 19.761 5.537
v 8.495 19.758 15.874
v 8.004 19.754 11.988
v 6.79 19.754 12.716
v 15.876 19.759 8.496
v 12.713 19.753 6.793
v 11.991 19.758 8.01
v 14.954 19.759 10.001
v 11.119 19.759 9.128
v 10.007 19.762 14.955
v 9.12 19.753 11.114
v 11.413 19.761 13.935
v 13.937 19.761 11.41
v 12.719 19.758 12.719
v 10.191 19.755 10.193
v -9.122 24.858 -11.114
v -9.997 24.857 -14.95
v -11.409 24.854 -13.933
v -12.722 24.853 -12.72
v -10.188 24.859 -10.191
v -11.111 24.859 -9.123
v -13.93 24.856 -11.407
v -14.948 24.857 -9.998
v -11.985 24.858 -8.007
v -15.868 24.859 -8.492
v -8.006 24.857 -11.989
v -8.494 24.856 -15.873
v -12.712 24.859 -6.793
v -6.802 24.851 -12.722
v -5.535 24.854 -13.302
v -6.892 24.855 -16.65
v -13.299 24.856 -5.533
v -16.648 24.856 -6.892
v -4.175 24.855 -13.786
v -3.5 24.852 -17.672
v -5.242 24.855 -17.233
v -13.791 24.851 -4.177
v -17.229 24.858 -5.241
v -17.673 24.853 -3.496
v -2.816 24.855 -14.126
v -14.122 24.858 -2.813
v -1.406 24.856 -14.32
v 0.001 24.855 -18.01
v -1.749 24.854 -17.913
v -14.316 24.858 -1.405
v -17.915 24.853 -1.749
v -18.014 24.852 -0.002
v 0.007 24.859 -14.414
v -14.415 24.856 0.001
v -14.323 24.853 1.407
v -17.906 24.859 1.751
v -17.665 24.858 3.498
v 1.412 24.858 -14.318
v 3.491 24.852 -17.672
v 1.747 24.854 -17.913
v -14.13 24.852 2.814
v 2.814 24.854 -14.127
v -13.781 24.858 4.177
v -17.227 24.859 5.246
v -16.65 24.855 6.894
v 4.176 24.856 -13.786
v 6.889 24.852 -16.653
v 5.24 24.853 -17.235
v 5.531 24.852 -13.303
v -13.296 24.859 5.537
v -15.869 24.858 8.498
v 8.496 24.855 -15.874
v 6.796 24.855 -12.719
v -12.722 24.852 6.794
v 8.003 24.85 -11.994
v 9.997 24.852 -14.953
v -11.989 24.856 8.011
v -14.948 24.857 10.002
v 9.125 24.854 -11.117
v 11.402 24.851 -13.935
v -11.122 24.851 9.124
v -13.937 24.851 11.405
v 12.722 24.857 -12.717
v 10.192 24.853 -10.195
v -12.718 24.855 12.719
v -10.196 24.854 10.193
v 11.115 24.853 -9.127
v -9.125 24.856 11.117
v 13.927 24.851 -11.411
v -11.409 24.854 13.931
v 14.956 24.857 -9.998
v 11.987 24.852 -8.012
v -10.006 24.851 14.949
v -8.01 24.855 11.99
v 15.872 24.853 -8.496
v 12.722 24.857 -6.794
v -8.5 24.852 15.872
v -6.798 24.854 12.718
v 13.294 24.85 -5.537
v -5.537 24.853 13.3
v 16.655 24.858 -6.891
v 13.792 24.859 -4.172
v -6.89 24.857 16.652
v -4.181 24.85 13.783
v 17.238 24.858 -5.24
v -5.242 24.855 17.234
v 17.675 24.858 -3.493
v 14.126 24.854 -2.816
v 14.322 24.855 -1.407
v -3.498 24.853 17.669
v -1.405 24.856 14.322
v -2.819 24.852 14.125
v -1.748 24.854 17.913
v 17.915 24.856 -1.746
v 18.016 24.859 0.003
v 14.416 24.854 -0.001
v 14.326 24.858 1.41
v 0.007 24.859 18.013
v 1.411 24.857 14.322
v -0.004 24.852 14.416
v 1.75 24.857 17.914
v 17.914 24.855 1.748
v 3.498 24.857 17.672
v 4.173 24.853 13.786
v 2.819 24.857 14.128
v 17.674 24.857 3.497
v 14.12 24.85 2.813
v 13.79 24.857 4.176
v 5.24 24.853 17.232
v 17.239 24.859 5.246
v 6.899 24.858 16.653
v 5.534 24.855 13.301
v 16.651 24.855 6.893
v 13.298 24.853 5.533
v 8.501 24.859 15.877
v 8.007 24.853 11.989
v 6.802 24.859 12.722
v 15.873 24.854 8.495
v 12.723 24.857 6.798
v 11.985 24.851 8.007
v 14.957 24.858 10.003
v 11.115 24.854 9.126
v 9.994 24.85 14.949
v 9.121 24.851 11.114
v 11.413 24.858 13.935
v 13.938 24.858 11.411
v 12.714 24.851 12.716
v 10.192 24.853 10.193
v -9.131 19.852 11.114
v -9.997 19.857 14.953
v -11.412 19.852 13.93
v -12.716 19.856 12.72
v -10.199 19.851 10.192
v -11.111 19.858 9.129
v -13.934 19.853 11.407
v -14.952 19.854 10
v -11.993 19.853 8.009
v -15.877 19.853 8.494
v -8.012 19.853 11.989
v -8.492 19.857 15.876
v -12.713 19.859 6.799
v -6.794 19.856 12.719
v -5.537 19.853 13.3
v -6.895 19.854 16.65
v -13.301 19.855 5.534
v -16.645 19.859 6.896
v -4.172 19.856 13.788
v -3.501 19.85 17.667
v -5.246 19.853 17.232
v -13.788 19.853 4.174
v -17.228 19.858 5.245
v -17.672 19.853 3.494
v -2.818 19.853 14.125
v -14.124 19.857 2.817
v -1.402 19.858 14.323
v -0.002 19.854 18.009
v -1.741 19.859 17.916
v -14.326 19.851 1.405
v -17.918 19.851 1.745
v -18.008 19.856 0.001
v -0.002 19.853 14.417
v -14.423 19.851 -0.003
v -14.322 19.853 -1.409
v -17.908 19.858 -1.745
v -17.672 19.853 -3.496
v 1.402 19.851 14.318
v 3.501 19.858 17.673
v 1.742 19.851 17.91
v -14.13 19.852 -2.818
v 2.816 19.855 14.127
v -13.787 19.855 -4.175
v -17.235 19.854 -5.244
v -16.653 19.853 -6.894
v 4.17 19.851 13.784
v 6.897 19.857 16.652
v 5.236 19.85 17.23
v 5.529 19.851 13.299
v -13.308 19.85 -5.537
v -15.872 19.856 -8.494
v 8.489 19.85 15.871
v 6.795 19.854 12.718
v -12.714 19.858 -6.794
v 8.008 19.853 11.989
v 9.995 19.851 14.949
v -11.995 19.852 -8.012
v -14.954 19.853 -10.001
v 9.128 19.856 11.117
v 11.413 19.858 13.935
v -11.113 19.858 -9.124
v -13.926 19.859 -11.405
v 12.724 19.859 12.721
v 10.191 19.852 10.193
v -12.721 19.853 -12.72
v -10.192 19.857 -10.193
v 11.11 19.85 9.123
v -9.123 19.857 -11.115
v 13.926 19.85 11.405
v -11.407 19.855 -13.932
v 14.953 19.856 10.001
v 11.99 19.854 8.009
v -10 19.854 -14.952
v -8.007 19.857 -11.989
v 15.873 19.854 8.495
v 12.717 19.854 6.796
v -8.497 19.853 -15.875
v -6.796 19.855 -12.719
v 13.298 19.852 5.532
v -5.534 19.855 -13.301
v 16.646 19.852 6.891
v 13.79 19.857 4.177
v -6.899 19.85 -16.654
v -4.178 19.852 -13.788
v 17.231 19.853 5.242
v -5.246 19.852 -17.235
v 17.671 19.855 3.496
v 14.129 19.857 2.817
v 14.315 19.851 1.405
v -3.497 19.854 -17.671
v -1.411 19.853 -14.322
v -2.819 19.852 -14.128
v -1.75 19.853 -17.914
v 17.913 19.855 1.748
v 18.016 19.859 0.003
v 14.413 19.851 -0.002
v 14.316 19.852 -1.41
v -0.001 19.854 -18.01
v 1.411 19.857 -14.319
v 0.006 19.859 -14.414
v 1.748 19.855 -17.913
v 17.91 19.853 -1.749
v 3.492 19.852 -17.672
v 4.175 19.855 -13.787
v 2.812 19.852 -14.128
v 17.676 19.859 -3.492
v 14.12 19.85 -2.819
v 13.78 19.85 -4.178
v 5.241 19.854 -17.234
v 17.24 19.859 -5.239
v 6.894 19.855 -16.65
v 5.528 19.851 -13.304
v 16.648 19.853 -6.894
v 13.305 19.857 -5.532
v 8.5 19.858 -15.872
v 8.006 19.852 -11.993
v 6.79 19.85 -12.722
v 15.875 19.856 -8.495
v 12.714 19.851 -6.799
v 11.992 19.855 -8.009
v 14.947 19.851 -10.003
v 11.117 19.855 -9.126
v 9.994 19.851 -14.955
v 9.126 19.854 -11.117
v 11.412 19.858 -13.93
v 13.936 19.857 -11.406
v 12.715 19.852 -12.72
v 10.192 19.853 -10.195
v -7.862 64.468 -7.863
v -9.082 64.464 -11.07
v -10.098 64.467 -10.097
v -11.07 64.466 -9.079
v -6.167 64.465 -9.224
v -6.75 64.465 -12.623
v -7.959 64.468 -11.892
v -9.229 64.463 -6.168
v -11.9 64.462 -7.965
v -12.617 64.47 -6.745
v -4.272 64.467 -10.243
v -4.182 64.462 -13.693
v -5.482 64.47 -13.202
v -10.247 64.464 -4.274
v -13.201 64.469 -5.484
v -13.691 64.466 -4.176
v -10.877 64.464 -2.186
v -14.028 64.468 -2.766
v -14.228 64.464 -1.41
v -2.188 64.464 -10.876
v -1.407 64.467 -14.223
v -2.771 64.464 -14.031
v -0.005 64.464 -11.119
v 1.412 64.47 -14.221
v 0.006 64.471 -14.317
v -11.117 64.466 0
v -14.32 64.467 0
v -14.227 64.464 1.406
v 2.191 64.471 -10.871
v 4.181 64.471 -13.687
v 2.763 64.464 -14.031
v -10.87 64.469 2.186
v -14.036 64.462 2.764
v -13.687 64.469 4.176
v -10.238 64.47 4.274
v -13.2 64.47 5.487
v 5.481 64.464 -13.206
v -12.62 64.468 6.748
v 6.754 64.471 -12.619
v 6.164 64.466 -9.224
v 7.955 64.463 -11.896
v -9.22 64.469 6.167
v -11.893 64.467 7.961
v 9.078 64.467 -11.068
v -11.069 64.466 9.077
v 10.099 64.468 -10.096
v -7.868 64.465 7.863
v -10.099 64.466 10.096
v 11.066 64.465 -9.079
v -9.081 64.465 11.067
v 9.227 64.469 -6.164
v -6.159 64.471 9.226
v 11.894 64.467 -7.961
v -7.96 64.468 11.894
v 12.615 64.462 -6.751
v -6.742 64.471 12.624
v -4.276 64.464 10.241
v 13.201 64.465 -5.487
v -5.481 64.47 13.206
v 13.684 64.463 -4.178
v 10.873 64.466 -2.185
v -4.169 64.471 13.692
v -2.191 64.462 10.871
v 14.028 64.466 -2.768
v -2.761 64.471 14.032
v -1.402 64.471 14.227
v 14.225 64.468 -1.407
v 11.121 64.47 0.002
v 14.327 64.471 0.003
v 0.004 64.47 14.323
v 1.407 64.466 14.223
v 2.189 64.47 10.876
v 14.223 64.466 1.407
v 10.88 64.471 2.188
v 2.768 64.468 14.03
v 14.032 64.469 2.769
v 4.176 64.468 13.69
v 4.275 64.469 10.244
v 13.693 64.47 4.177
v 5.479 64.462 13.201
v 13.21 64.471 5.489
v 6.748 64.467 12.622
v 6.159 64.463 9.221
v 12.621 64.467 6.747
v 9.224 64.467 6.165
v 11.899 64.471 7.964
v 7.96 64.466 11.893
v 9.079 64.467 11.068
v 11.063 64.463 9.075
v 10.098 64.467 10.098
v 4.275 54.469 10.244
v 0.004 54.469 11.119
v 0 64.467 11.117
v 7.87 54.47 7.867
v 7.865 64.467 7.865
v 10.242 64.466 4.271
v 10.248 64.471 -4.269
v 7.865 64.467 -7.864
v 4.27 54.465 -10.244
v 4.267 64.463 -10.245
v -7.084 54.469 -7.086
v -6.169 54.464 -9.225
v -7.866 54.466 -7.865
v -9.225 54.466 -6.166
v -8.307 54.463 -5.537
v -5.533 54.468 -8.3
v -3.833 54.468 -9.222
v -4.274 54.465 -10.244
v -9.219 54.47 -3.833
v -10.237 54.471 -4.269
v -9.799 54.472 -1.938
v -10.881 54.462 -2.188
v -1.941 54.467 -9.806
v -2.183 54.468 -10.873
v -10 54.467 0
v -11.116 54.467 0
v 0.002 54.468 -9.999
v -0.003 54.464 -11.118
v 2.178 54.462 -10.877
v -10.878 54.464 2.182
v 1.941 54.466 -9.806
v -9.807 54.466 1.941
v -10.249 54.462 4.269
v 3.838 54.469 -9.222
v -9.223 54.467 3.835
v -9.222 54.468 6.166
v 6.158 54.462 -9.227
v 5.534 54.467 -8.301
v -8.303 54.465 5.533
v -7.087 54.467 7.088
v 7.086 54.466 -7.088
v 7.868 54.47 -7.862
v -7.864 54.467 7.864
v 9.225 54.468 -6.164
v 8.299 54.465 -5.535
v -6.161 54.47 9.226
v -5.533 54.468 8.302
v -3.84 54.464 9.221
v 9.217 54.462 -3.838
v 10.24 54.464 -4.274
v -4.266 54.471 10.246
v -1.941 54.468 9.807
v 9.805 54.466 -1.942
v -2.188 54.464 10.872
v 10.88 54.471 -2.182
v -0.003 54.464 9.998
v 9.999 54.466 -0.001
v 11.122 54.471 0.003
v 10.872 54.466 2.184
v 9.813 54.471 1.945
v 2.179 54.463 10.871
v 1.938 54.464 9.804
v 3.838 54.469 9.225
v 10.249 54.471 4.275
v 9.23 54.471 3.838
v 6.167 54.468 9.224
v 7.084 54.464 7.086
v 5.539 54.47 8.303
v 9.224 54.467 6.165
v 8.298 54.464 5.532
v 2.284 68.886 5.535
v -0.003 68.882 6.018
v -0.001 68.593 9.369
v 4.472 66.461 15.149
v 0.004 67.771 12.672
v -0.006 66.453 15.774
v 0.002 68.595 -9.368
v 3.881 66.455 -15.293
v 7.183 66.456 -14.079
v -0.004 67.765 -12.672
v 1.851 66.461 -15.677
v -0.002 66.456 -15.778
v 7.475 68.592 5.63
v 4.221 68.883 4.222
v 10.14 67.764 7.619
v 9.566 66.459 12.574
v 13.646 66.461 7.964
v 15.683 66.459 2.089
v 9.375 68.598 0.003
v 5.535 68.885 -2.281
v 12.671 67.768 0
v 15.383 66.453 -3.644
v 7.481 68.597 -5.628
v 10.151 67.771 -7.619
v 13.497 66.459 -8.252
v 10.534 66.457 -11.748
v -0.002 64.465 -10.924
v 10.046 64.465 -4.176
v 10.051 64.469 4.176
v 4.178 57.479 10.05
v -0.001 64.466 10.922
v -2.278 57.479 -2.28
v -6.062 57.481 -9.075
v -7.717 57.478 -7.718
v -9.08 57.475 -6.069
v -2.723 57.473 -1.798
v -1.793 57.478 -2.717
v -1.258 57.479 -3.008
v -2.132 57.48 -10.678
v -4.175 57.476 -10.049
v -3.006 57.479 -1.261
v -10.043 57.48 -4.172
v -10.684 57.474 -2.138
v -0.635 57.474 -3.206
v -0.007 57.472 -10.926
v -3.198 57.48 -0.628
v -10.916 57.481 0.003
v -3.246 57.481 0.003
v -0.007 57.472 -3.256
v -3.198 57.48 0.634
v -10.687 57.472 2.133
v 0.631 57.476 -3.204
v 2.132 57.474 -10.682
v 6.066 57.475 -9.079
v 4.169 57.472 -10.052
v -3.004 57.481 1.265
v -10.045 57.479 4.177
v -9.078 57.476 6.068
v -2.718 57.477 1.796
v 1.801 57.48 -2.716
v -2.278 57.479 2.284
v 7.725 57.481 -7.715
v -7.715 57.479 7.72
v 9.081 57.479 -6.066
v 2.719 57.477 -1.796
v 3.007 57.475 -1.263
v -6.07 57.475 9.077
v -1.259 57.479 3.011
v -1.802 57.472 2.715
v 10.048 57.476 -4.175
v -4.171 57.479 10.05
v -2.14 57.474 10.678
v -0.627 57.48 3.206
v 10.675 57.473 -2.138
v 3.205 57.477 -0.631
v -0.001 57.476 10.922
v -0.006 57.472 3.25
v 0.63 57.476 3.204
v 10.925 57.478 0.001
v 3.248 57.474 -0.002
v 3.207 57.478 0.633
v 2.135 57.476 10.679
v 1.262 57.476 3.009
v 10.685 57.48 2.138
v 3.003 57.472 1.259
v 10.044 57.473 4.172
v 6.063 57.473 9.075
v 1.801 57.48 2.721
v 9.083 57.48 6.071
v 2.713 57.473 1.793
v 7.725 57.481 7.722
v 1.266 62.382 -3.008
v -0.003 62.378 -3.254
v 1.258 57.474 -3.012
v 2.283 62.381 -2.281
v 2.287 57.48 -2.279
v 3.011 62.38 -1.262
v 2.288 57.481 2.285
v 1.264 62.381 3.011
v -2.286 62.376 2.279
v -2.913 62.379 4.369
v -3.684 62.383 3.692
v -4.369 62.379 2.912
v -2.719 62.379 1.796
v -4.854 62.38 1.991
v -1.799 62.378 2.717
v -1.993 62.378 4.853
v -1.264 62.378 3.009
v -3.012 62.378 1.261
v -3.199 62.383 0.633
v -5.151 62.376 1.017
v -0.626 62.383 3.207
v -1.025 62.376 5.143
v -3.252 62.38 0
v -5.249 62.375 -0.003
v -5.149 62.377 -1.021
v -0.005 62.376 3.25
v 1.022 62.381 5.147
v 0.626 62.376 3.201
v 1.985 62.376 4.852
v -3.198 62.383 -0.628
v -4.858 62.377 -1.992
v -3.012 62.378 -1.263
v -2.713 62.384 -1.793
v -4.367 62.381 -2.912
v 1.795 62.379 2.718
v 2.916 62.382 4.371
v -2.279 62.381 -2.28
v -3.683 62.384 -3.686
v 2.28 62.378 2.281
v 4.374 62.383 2.915
v 2.715 62.377 1.794
v -2.911 62.381 -4.368
v -1.791 62.383 -2.716
v -1.984 62.384 -4.851
v -0.63 62.38 -3.203
v -1.266 62.377 -3.011
v 3.011 62.38 1.263
v 3.205 62.38 0.632
v -1.017 62.381 -5.145
v 5.152 62.384 1.023
v 3.257 62.383 0.002
v 0.005 62.383 -5.24
v 5.244 62.38 0
v 1.021 62.38 -5.145
v 0.635 62.382 -3.202
v 5.141 62.376 -1.022
v 3.206 62.381 -0.63
v 1.796 62.379 -2.719
v 2.725 62.384 -1.793
v 2.907 62.375 -4.372
v 4.363 62.376 -2.915
v 1.992 62.381 -4.853
v 3.695 68.888 -3.687
v 3.686 62.377 -3.691
v 4.861 62.384 -1.987
v 4.859 62.383 1.993
v 3.691 62.381 3.69
v 1.989 68.884 4.854
v 0.005 68.888 5.245
v 0.005 62.383 5.245
v -3.688 68.886 3.69
v -3.351 68.883 4.999
v -4.22 68.887 4.225
v -5.003 68.883 3.348
v -2.908 68.888 4.372
v -4.365 68.887 2.915
v -1.989 68.885 4.855
v -2.284 68.883 5.533
v -4.856 68.883 1.99
v -5.54 68.88 2.279
v -1.015 68.888 5.148
v -1.169 68.881 5.872
v -5.142 68.887 1.021
v -5.873 68.885 1.165
v -5.246 68.882 -0.002
v -6.013 68.889 0.003
v -5.88 68.88 -1.168
v 1.162 68.883 5.873
v -5.144 68.886 -1.019
v 1.017 68.883 5.145
v -5.539 68.881 -2.284
v -4.86 68.881 -1.993
v 3.346 68.882 4.998
v -5.005 68.881 -3.352
v 2.908 68.881 4.367
v -4.372 68.882 -2.914
v -3.684 68.888 -3.687
v -4.218 68.888 -4.221
v 3.694 68.888 3.692
v -3.351 68.883 -5.001
v -2.912 68.885 -4.369
v 5.002 68.886 3.351
v 4.362 68.88 2.909
v -1.984 68.889 -4.851
v 4.855 68.885 1.991
v 5.531 68.882 2.28
v -2.287 68.88 -5.537
v 5.151 68.888 1.022
v -1.014 68.888 -5.143
v -1.17 68.881 -5.876
v 5.879 68.888 1.168
v 0.002 68.886 -5.242
v 5.237 68.88 -0.003
v 0.004 68.887 -6.018
v 6.021 68.885 0.001
v 1.161 68.881 -5.876
v 1.014 68.881 -5.148
v 5.873 68.884 -1.165
v 5.14 68.88 -1.022
v 2.283 68.885 -5.533
v 1.984 68.88 -4.858
v 4.848 68.88 -1.994
v 3.354 68.888 -4.998
v 2.912 68.884 -4.369
v 5.002 68.885 -3.349
v 4.373 68.887 -2.911
v 4.225 68.886 -4.222
v -7.719 64.466 -7.719
v -10.004 64.464 -12.235
v -11.166 64.466 -11.166
v -12.238 64.464 -10.002
v -9.08 64.466 -6.069
v -13.16 64.464 -8.789
v -13.928 64.469 -7.425
v -6.07 64.466 -9.079
v -7.429 64.466 -13.933
v -8.785 64.468 -13.155
v -10.048 64.467 -4.174
v -14.613 64.466 -6.069
v -15.094 64.469 -4.561
v -4.18 64.463 -10.051
v -4.563 64.467 -15.097
v -6.074 64.463 -14.615
v -2.135 64.467 -10.679
v -1.549 64.47 -15.726
v -3.06 64.466 -15.486
v -10.677 64.469 -2.134
v -15.486 64.466 -3.059
v -15.726 64.469 -1.552
v -10.928 64.463 -0.003
v -15.778 64.466 -0.001
v -15.729 64.466 1.553
v 0.007 64.472 -15.773
v 1.547 64.462 -15.732
v -10.682 64.465 2.135
v -15.488 64.465 3.057
v -15.101 64.464 4.561
v 2.132 64.464 -10.682
v 4.568 64.47 -15.095
v 3.056 64.465 -15.487
v 4.171 64.464 -10.051
v 7.431 64.47 -13.93
v 6.064 64.464 -14.614
v -10.052 64.465 4.173
v -14.606 64.471 6.071
v -13.927 64.47 7.43
v -9.071 64.472 6.071
v -13.156 64.467 8.786
v 6.065 64.465 -9.079
v 8.787 64.468 -13.155
v -12.239 64.463 9.997
v 10.004 64.47 -12.231
v -7.716 64.469 7.72
v -11.16 64.471 11.168
v 7.723 64.47 -7.716
v 11.17 64.47 -11.163
v -10.003 64.465 12.232
v 12.236 64.469 -9.999
v -6.072 64.464 9.076
v 9.078 64.467 -6.068
v -8.784 64.469 13.157
v 13.15 64.463 -8.789
v 13.929 64.465 -7.429
v -7.428 64.466 13.932
v -4.172 64.469 10.05
v 14.617 64.471 -6.065
v -6.068 64.467 14.612
v 15.1 64.469 -4.562
v 10.674 64.463 -2.139
v -4.564 64.466 15.097
v -2.129 64.472 10.683
v 15.489 64.469 -3.056
v -3.062 64.464 15.484
v -1.552 64.468 15.729
v 15.732 64.469 -1.552
v 10.928 64.471 0.003
v -0.003 64.465 15.775
v 15.776 64.466 -0.001
v 1.554 64.468 15.729
v 2.14 64.47 10.682
v 15.731 64.469 1.555
v 10.677 64.465 2.135
v 3.055 64.465 15.484
v 15.488 64.469 3.06
v 4.558 64.463 15.095
v 4.17 64.464 10.046
v 15.093 64.464 4.561
v 6.068 64.467 14.612
v 14.617 64.471 6.071
v 7.422 64.463 13.929
v 6.068 64.467 9.078
v 13.929 64.465 7.426
v 9.075 64.465 6.067
v 8.793 64.471 13.159
v 13.155 64.467 8.786
v 10.007 64.471 12.236
v 7.715 64.465 7.717
v 12.239 64.471 10.003
v 11.161 64.464 11.163
v 4.852 68.64 -0.001
v 4.849 63.347 -0.003
v 3.45 63.353 3.448
v 1.847 68.643 4.467
v -0.004 63.348 4.853
v -1.847 68.64 4.465
v -3.441 68.646 3.45
v -3.45 63.348 3.445
v -4.463 68.644 1.846
v -4.47 63.348 1.843
v -4.854 63.351 0
v -2.715 68.644 -4.027
v -4.023 68.646 -2.715
v -3.45 68.639 -3.448
v -0.923 68.641 -4.758
v -1.838 68.646 -4.463
v -4.753 68.645 -0.92
v -4.46 68.646 -1.842
v 0.005 68.645 -4.852
v -4.861 68.637 -0.003
v 2.712 68.637 -4.032
v 0.916 68.637 -4.761
v 1.839 68.638 -4.469
v -4.024 68.645 2.721
v -4.751 68.646 0.925
v 4.029 68.641 -2.719
v 3.441 68.637 -3.45
v -2.712 68.646 4.032
v 4.76 68.643 -0.921
v 4.46 68.637 -1.848
v -0.924 68.64 4.756
v 0.004 68.645 4.857
v 4.03 68.643 2.719
v 4.763 68.646 0.925
v 4.461 68.638 1.842
v 2.715 68.639 4.027
v 0.923 68.642 4.757
v 3.448 68.642 3.447
v 1.644 63.346 -2.479
v 3.445 63.349 -3.448
v 2.72 63.351 -4.028
v 2.138 63.352 -2.135
v 2.481 63.354 -1.648
v 4.029 63.35 -2.719
v 2.761 63.346 -1.168
v 4.754 63.348 -0.924
v 1.16 63.347 -2.77
v 1.851 63.354 -4.463
v 0.921 63.349 -4.758
v 0.578 63.348 -2.963
v -0.004 63.348 -4.856
v 2.961 63.35 -0.583
v 0 63.351 -3.01
v 3.003 63.346 -0.003
v 2.967 63.355 0.586
v 4.764 63.355 0.926
v -0.581 63.352 -2.96
v -0.916 63.355 -4.754
v 2.772 63.354 1.168
v -1.166 63.35 -2.767
v -1.85 63.347 -4.469
v 4.027 63.349 2.718
v -2.715 63.353 -4.027
v -1.653 63.349 -2.477
v 2.473 63.348 1.649
v 2.131 63.347 2.133
v -3.441 63.354 -3.444
v -2.136 63.35 -2.136
v -2.479 63.348 -1.652
v 1.657 63.355 2.479
v 2.722 63.353 4.031
v -4.026 63.353 -2.717
v -2.76 63.355 -1.162
v 1.163 63.349 2.766
v 1.84 63.347 4.464
v -4.751 63.355 -0.919
v -2.964 63.348 -0.584
v 0.923 63.351 4.758
v 0.585 63.352 2.962
v -3.016 63.346 -0.003
v -2.955 63.355 0.586
v -0.003 63.348 3.008
v -0.584 63.349 2.96
v -4.764 63.346 0.919
v -2.762 63.354 1.168
v -0.92 63.352 4.759
v -1.167 63.349 2.766
v -1.839 63.355 4.469
v -4.028 63.351 2.719
v -2.478 63.349 1.649
v -2.722 63.348 4.027
v -1.644 63.355 2.479
v -2.13 63.354 2.139
v 1.841 62.377 -4.468
v 3.449 62.381 -3.446
v 4.469 63.353 -1.843
v 4.47 62.382 1.847
v 1.842 62.377 4.465
v 0.002 62.381 4.855
v 1.211 62.378 -2.914
v 2.233 63.35 -2.233
v 2.237 62.382 -2.231
v 2.906 62.375 -1.217
v 3.151 63.347 -0.002
v 2.91 63.348 1.212
v 2.907 62.376 1.211
v 2.234 62.38 2.233
v 1.218 63.354 2.915
v 1.217 62.382 2.914
v -0.004 63.348 3.154
v 0.005 62.383 3.158
v -2.237 62.377 -2.235
v -2.723 62.376 -4.031
v -3.441 62.384 -3.444
v -4.024 62.383 -2.716
v -2.62 62.38 -1.747
v -4.46 62.384 -1.841
v -1.747 62.38 -2.621
v -1.846 62.379 -4.467
v -1.214 62.379 -2.913
v -2.91 62.381 -1.212
v -3.055 62.382 -0.629
v -4.756 62.381 -0.922
v -4.849 62.383 0.003
v -0.629 62.381 -3.057
v -0.004 62.376 -4.857
v -0.923 62.379 -4.758
v -3.158 62.378 -0.001
v -0.002 62.378 -3.156
v 0.628 62.377 -3.06
v 0.927 62.382 -4.755
v -3.056 62.381 0.632
v -4.757 62.379 0.922
v -4.469 62.378 1.843
v -2.917 62.376 1.211
v -2.62 62.38 1.748
v -4.024 62.383 2.721
v 1.75 62.381 -2.62
v 2.719 62.38 -4.029
v -2.234 62.379 2.233
v -3.447 62.379 3.446
v 4.024 62.376 -2.721
v 2.619 62.378 -1.749
v -2.714 62.382 4.031
v -1.753 62.376 2.619
v -1.843 62.381 4.467
v -0.626 62.383 3.061
v -1.207 62.384 2.916
v 4.461 62.376 -1.847
v 3.053 62.376 -0.634
v -0.929 62.375 4.754
v 4.763 62.383 -0.92
v 0.635 62.382 3.06
v 4.857 62.381 0.001
v 3.151 62.377 -0.002
v 3.054 62.377 0.629
v 0.922 62.379 4.757
v 4.755 62.378 0.921
v 1.746 62.378 2.621
v 2.618 62.377 1.746
v 2.721 62.381 4.03
v 4.026 62.377 2.717
v 3.452 62.383 3.449
v -2.237 63.348 2.231
v -2.622 63.35 1.747
v -1.754 63.346 2.618
v -1.216 63.349 2.912
v -2.906 63.355 1.217
v -3.056 63.352 0.632
v -0.625 63.355 3.062
v -3.154 63.351 0.001
v 0.631 63.35 3.058
v -3.062 63.348 -0.633
v -4.462 63.353 -1.843
v -2.913 63.35 -1.214
v -2.624 63.349 -1.749
v 1.743 63.347 2.619
v -2.233 63.35 -2.233
v 2.233 63.35 2.233
v 2.615 63.346 1.745
v -1.747 63.351 -2.621
v -0.634 63.348 -3.06
v -1.208 63.354 -2.91
v 4.464 63.349 1.843
v 3.059 63.351 0.632
v 0.004 63.353 -3.153
v 0.626 63.347 -3.061
v 3.054 63.347 -0.633
v 1.743 63.347 -2.624
v 1.216 63.352 -2.911
v 2.912 63.35 -1.214
v 2.618 63.348 -1.749
v 17.668 -54.711 -2.186
v 17.774 -55.53 0.926
v 17.766 -55.147 0.873
v 16.889 -55.538 -5.634
v 15.917 -53.548 -8.013
v 17.043 -54.124 -5.144
v 17.036 -54.712 -5.147
v 14.269 -53.547 -10.633
v 15.143 -53.401 -9.37
v 14.269 -53.352 -10.633
v 13.105 -53.206 -12.04
v 14.27 -54.711 -10.632
v 13.639 -55.536 -11.458
v 11.548 -52.772 -13.547
v 12.239 -52.764 -12.958
v 11.558 -52.328 -13.542
v 11.557 -52.328 -13.542
v 9.03 -51.165 -15.34
v 11.551 -53.546 -13.545
v 8.497 -55.533 -15.63
v 6.26 -51.167 -16.652
v 6.258 -50.635 -16.653
v 2.179 -50.344 -17.673
v 6.268 -52.763 -16.648
v 2.189 -55.532 -17.668
v 6.257 -53.548 -16.653
v 9.034 -32.23 -15.532
v 10.285 -32.287 -15.295
v 10.049 -32.525 -15
v 9.897 -32.772 -14.906
v 9.175 -32.039 -15.68
v 8.837 -32.524 -15.485
v 9.855 -33.01 -14.854
v 8.734 -32.77 -15.536
v 9.812 -33.2 -14.852
v 10.975 -32.668 -14.319
v 10.297 -32.278 -15.24
v 11.89 -32.333 -14.565
v 11.65 -32.428 -14.273
v 11.453 -32.624 -14.031
v 11.314 -32.959 -13.834
v 11.269 -33.151 -13.783
v 11.259 -33.352 -13.788
v 9.808 -33.203 -14.854
v 9.903 -32.816 -14.854
v 10.045 -32.527 -15.002
v 10.148 -32.378 -15.145
v 8.69 -32.233 -15.631
v 8.442 -31.654 -16.119
v 7.966 -32.327 -15.92
v 8.108 -32.087 -15.922
v 8.254 -31.844 -15.97
v 10.286 -32.286 -15.294
v 9.713 -32.182 -15.484
v 9.705 -32.187 -15.487
v 9.175 -32.039 -15.68
v 10.287 -32.091 -15.536
v 10.286 -32.286 -15.245
v 19.813 -32.18 -13.152
v 19.799 -32.19 -13.159
v 19.801 -31.897 -13.886
v 19.712 -32.134 -13.348
v 19.755 -32.187 -13.254
v 19.753 -32.14 -13.352
v 19.761 -32.086 -13.542
v 19.662 -32.184 -13.203
v 19.755 -32.187 -13.205
v 10.536 -30.679 -16.941
v 8.451 -31.648 -16.115
v 8.828 -30.539 -17.188
v 19.812 -31.889 -13.881
v 19.801 -31.897 -13.886
v 10.285 -32.093 -15.538
v 10.536 -30.679 -16.941
v 20 -30.437 -15.243
v 20 -30.437 -15.243
v 10.532 -30.682 -16.943
v 8.397 -31.604 -16.118
v 8.736 -30.536 -17.234
v 8.834 -30.535 -17.185
v 8.451 -31.648 -16.115
v 13.889 -50.337 -14.318
v 14.268 -50.683 -13.886
v 12.717 -50.535 -14.564
v 12.814 -50.341 -14.71
v 12.912 -50.098 -14.758
v 14.418 -49.952 -14.175
v 14.372 -50.29 -14.125
v 14.315 -50.539 -13.984
v 12.865 -50.097 -14.806
v 12.912 -49.855 -14.806
v 12.673 -50.533 -14.562
v 12.773 -50.337 -14.706
v 12.815 -50.244 -14.758
v 12.624 -50.533 -14.611
v 12.773 -50.336 -14.755
v 12.821 -50.094 -14.804
v 12.863 -49.807 -14.806
v 12.867 -49.805 -14.805
v 12.811 -50.246 -14.76
v 9.805 -49.71 -16.117
v 12.625 -50.532 -14.61
v 6.748 -49.563 -17.233
v 6.937 -48.839 -17.478
v 6.937 -48.839 -17.479
v 12.863 -49.807 -14.806
v 12.815 -50.098 -14.806
v 12.773 -50.336 -14.755
v 6.842 -49.274 -17.38
v 6.891 -49.032 -17.477
v 9.898 -40.684 -16.168
v 12.87 -40.142 -14.803
v 6.937 -41.169 -17.478
v 6.939 -41.167 -17.477
v 9.905 -49.32 -16.164
v 12.961 -49.855 -14.806
v 12.958 -49.858 -14.808
v 18.253 -47.865 -12.427
v 18.684 -48.499 -12.236
v 17.914 -47.233 -12.572
v 17.675 -46.502 -12.716
v 17.473 -45.779 -12.769
v 12.958 -40.149 -14.808
v 12.916 -40.144 -14.804
v 12.955 -40.151 -14.809
v 17.425 -45.002 -12.817
v 12.864 -40.147 -14.806
v 17.474 -44.225 -12.768
v 14.413 -40.052 -14.177
v 14.413 -40.052 -14.177
v 17.666 -43.498 -12.721
v 17.91 -42.769 -12.574
v 18.251 -42.089 -12.428
v 18.687 -41.507 -12.235
v 14.418 -49.952 -14.175
v 20.484 -49.807 -11.457
v 19.805 -49.467 -11.748
v 19.225 -49.028 -11.99
v 20.487 -40.194 -11.456
v 19.801 -40.538 -11.75
v 19.225 -40.97 -11.99
v 12.811 -39.664 -14.711
v 12.675 -39.463 -14.561
v 12.724 -39.462 -14.56
v 12.763 -39.615 -14.711
v 12.913 -40.146 -14.806
v 12.809 -39.86 -14.809
v 12.911 -39.905 -14.807
v 12.817 -39.757 -14.757
v 13.646 -52.279 -12.328
v 13.206 -52.184 -12.669
v 13.743 -52.085 -12.571
v 13.202 -52.187 -12.671
v 12.714 -52.043 -13.012
v 14.271 -50.681 -13.884
v 13.741 -52.086 -12.571
v 12.714 -52.043 -13.012
v 12.085 -51.653 -13.594
v 12.719 -50.534 -14.563
v 12.036 -51.605 -13.643
v 12.665 -50.539 -14.566
v 12.719 -50.534 -14.563
v 12.085 -51.653 -13.594
v 12.043 -51.6 -13.639
v 12.625 -50.532 -14.61
v 12.665 -50.539 -14.566
v 9.413 -50.489 -15.488
v 6.553 -49.564 -17.282
v 6.552 -49.565 -17.282
v 6.748 -49.563 -17.233
v 6.411 -49.901 -16.94
v 7.958 -50.149 -16.264
v 9.804 -40.293 -16.118
v 6.746 -40.439 -17.234
v 12.623 -39.466 -14.611
v 12.767 -39.661 -14.757
v 12.817 -39.903 -14.805
v 12.87 -40.142 -14.803
v 6.939 -41.168 -17.478
v 6.888 -40.878 -17.43
v 6.849 -40.629 -17.377
v 12.87 -40.142 -14.803
v 12.864 -40.147 -14.806
v 12.821 -39.9 -14.803
v 12.862 -39.905 -14.807
v 12.622 -39.467 -14.612
v 12.774 -39.705 -14.754
v 12.767 -39.661 -14.757
v 12.811 -39.761 -14.76
v 14.363 -39.762 -14.13
v 14.413 -40.052 -14.177
v 14.373 -39.513 -14.028
v 14.277 -39.318 -13.881
v 12.034 -38.402 -13.643
v 12.715 -39.469 -14.565
v 12.677 -39.462 -14.56
v 14.121 -52.674 -11.216
v 13.639 -52.284 -12.331
v 15.05 -52.33 -11.213
v 14.758 -52.428 -11.019
v 14.517 -52.62 -10.824
v 14.326 -52.958 -10.677
v 14.277 -53.153 -10.629
v 13.113 -53.201 -12.036
v 13.199 -52.82 -12.042
v 13.394 -52.528 -12.138
v 13.498 -52.377 -12.232
v 12.522 -52.236 -12.914
v 13.644 -52.28 -12.329
v 13.404 -52.521 -12.133
v 13.206 -52.767 -12.038
v 12.333 -52.523 -12.912
v 13.149 -53.015 -12.042
v 13.106 -53.205 -12.039
v 12.237 -52.231 -13.105
v 12.091 -51.649 -13.591
v 11.559 -52.327 -13.541
v 11.695 -52.091 -13.497
v 11.897 -51.843 -13.494
v 12.036 -51.604 -13.642
v 12.035 -51.606 -13.643
v 12.086 -51.652 -13.593
v 11.847 -51.796 -13.543
v 11.548 -52.335 -13.547
v 11.656 -52.036 -13.493
v 11.547 -52.335 -13.547
v 11.748 -51.943 -13.495
v 6.358 -50.147 -16.797
v 6.405 -49.906 -16.944
v 9.413 -50.489 -15.488
v 6.264 -50.388 -16.698
v 6.258 -50.635 -16.653
v 11.597 -51.606 -13.789
v 12.042 -51.6 -13.639
v 11.508 -51.795 -13.737
v 11.361 -51.99 -13.737
v 6.754 -40.433 -17.23
v 6.553 -40.438 -17.282
v 6.56 -40.433 -17.279
v 6.406 -40.05 -16.943
v 7.96 -39.855 -16.263
v 12.041 -38.397 -13.64
v 12.677 -39.462 -14.56
v 12.623 -39.466 -14.611
v 9.415 -39.517 -15.487
v 14.277 -39.318 -13.881
v 12.718 -37.962 -13.01
v 13.201 -37.818 -12.672
v 13.635 -37.723 -12.333
v 13.74 -37.912 -12.572
v 13.735 -37.915 -12.574
v 12.718 -37.962 -13.01
v 13.201 -37.818 -12.672
v 9.415 -39.517 -15.487
v 6.413 -40.045 -16.939
v 6.362 -39.853 -16.795
v 9.025 -38.839 -15.342
v 6.256 -39.616 -16.702
v 6.262 -39.369 -16.651
v 11.849 -38.201 -13.542
v 12.042 -38.396 -13.639
v 11.549 -37.674 -13.546
v 11.997 -37.909 -13.298
v 12.036 -38.401 -13.642
v 11.655 -37.958 -13.493
v 11.549 -37.674 -13.546
v 12.229 -37.237 -12.964
v 12.331 -37.476 -12.912
v 12.518 -37.772 -12.916
v 12.714 -37.528 -12.624
v 13.104 -36.799 -12.041
v 13.204 -37.185 -12.039
v 13.395 -37.527 -12.138
v 13.643 -37.717 -12.329
v 13.791 -37.667 -12.182
v 14.907 -37.619 -11.115
v 15.047 -37.672 -11.215
v 13.648 -37.714 -12.327
v 13.735 -37.624 -12.138
v 13.645 -37.571 -12.037
v 14.752 -37.577 -11.022
v 13.539 -37.48 -11.993
v 14.616 -37.473 -10.872
v 13.445 -37.332 -11.943
v 14.411 -37.286 -10.78
v 13.354 -37.182 -11.891
v 14.315 -37.044 -10.683
v 13.297 -37.042 -11.896
v 13.248 -36.897 -11.896
v 13.102 -36.8 -12.041
v 14.279 -36.646 -10.628
v 13.445 -33.545 -11.7
v 11.259 -33.352 -13.788
v 11.305 -33.014 -13.838
v 11.46 -32.668 -13.979
v 11.652 -32.427 -14.223
v 11.75 -32.378 -14.368
v 11.89 -32.333 -14.565
v 17.525 -32.233 -9.272
v 17.813 -34.469 -1.603
v 17.724 -34.997 -1.551
v 17.187 -34.999 -4.659
v 16.067 -32.817 -8.884
v 15.148 -34.077 -9.368
v 17.664 -33.015 -5.731
v 19.752 -32.189 -5.634
v 18.502 -33.054 -2.278
v 20.625 -32.19 -1.897
v 19.569 -32.424 -1.842
v 18.636 -33.014 -1.75
v 18.005 -33.936 -1.653
v 14.272 -12.913 -0.437
v 13.45 -12.522 4.807
v 14.268 -12.527 -0.342
v 14.272 -13.253 -0.583
v 14.273 -13.543 -0.825
v 14.274 -13.834 -1.067
v 10.829 -24.367 9.371
v 1.743 -55.538 14.173
v 1.749 -12.524 14.176
v 10.829 -12.522 9.371
v 6.752 -12.522 12.624
v 14.027 -24.371 2.717
v 14.325 -24.366 0.196
v 14.226 -34.902 1.457
v 10.824 -45.293 9.368
v 14.029 -45.292 2.718
v 13.741 -55.532 3.982
v 6.991 -55.535 12.476
v 11.208 -55.539 8.881
v 11.261 -53.157 13.786
v 11.26 -53.352 13.785
v 13.926 -53.646 11.114
v 11.313 -53.009 13.836
v 11.353 -52.772 13.929
v 11.499 -52.578 14.075
v 15.388 -52.283 11.553
v 11.652 -52.427 14.224
v 11.887 -52.335 14.56
v 17.671 -53.01 5.729
v 20.387 -52.186 3.543
v 18.445 -52.235 7.961
v 16.159 -54.52 7.424
v 17.377 -55.099 3.931
v 17.434 -54.511 3.838
v 17.622 -53.981 3.787
v 17.916 -53.493 3.74
v 18.304 -53.057 3.642
v 18.733 -52.674 3.638
v 19.274 -52.427 3.593
v 19.807 -52.233 3.544
v 16.075 -52.812 8.887
v 13.445 -36.458 11.698
v 11.26 -36.653 13.785
v 11.306 -37.043 13.833
v 11.409 -37.281 13.933
v 11.511 -37.472 14.13
v 11.646 -37.577 14.27
v 11.793 -37.624 14.416
v 11.893 -37.671 14.563
v 17.522 -37.769 9.271
v 15.139 -35.927 9.366
v 17.812 -35.537 1.551
v 17.724 -34.997 1.507
v 17.18 -35.004 4.658
v 17.664 -36.995 5.725
v 19.753 -37.819 5.58
v 18.498 -36.892 2.283
v 20.638 -37.811 1.848
v 19.563 -37.574 1.796
v 18.639 -36.993 1.746
v 18.014 -36.065 1.604
v 3.684 -39.131 17.425
v 2.19 -39.366 17.673
v 2.187 -30.339 17.671
v 13.298 -36.507 11.843
v 12.332 -36.601 12.865
v 13.107 -33.204 12.039
v 16.268 -35.482 7.284
v 15.636 -33.492 8.546
v 16.655 -33.881 6.264
v 14.95 -36.021 9.66
v 17.182 -35.002 4.659
v 17.385 -34.365 3.935
v 17.724 -34.997 1.507
v 17.719 -34.855 1.456
v 7.039 -32.331 16.359
v 6.259 -30.634 16.649
v 9.028 -31.166 15.339
v 7.04 -33.883 16.36
v 7.042 -34.998 16.361
v 9.801 -36.8 14.852
v 8.738 -37.233 15.534
v 7.038 -36.021 16.359
v 7.964 -37.668 15.924
v 7.913 -37.67 15.923
v 5.197 -38.785 17.04
v 7.045 -37.666 16.362
v 7.04 -38.106 16.36
v 11.265 -33.882 13.788
v 11.551 -32.332 13.543
v 12.233 -32.767 12.961
v 11.256 -35.005 13.783
v 11.263 -36.02 13.787
v 11.26 -36.653 13.785
v 14.269 -33.886 10.63
v 14.276 -33.347 10.633
v 14.268 -35.003 10.629
v 14.907 -32.376 11.119
v 13.637 -32.285 12.328
v 15.042 -32.335 11.21
v 14.751 -32.432 11.016
v 14.612 -32.525 10.874
v 14.419 -32.718 10.778
v 13.207 -32.814 12.04
v 14.317 -32.964 10.678
v 13.103 -33.207 12.037
v 12.712 -32.481 12.618
v 13.113 -33.2 12.042
v 13.399 -32.475 12.137
v 13.641 -32.282 12.33
v 12.713 -32.043 13.007
v 12.52 -32.237 12.91
v 12.332 -32.524 12.913
v 11.989 -32.089 13.301
v 12.041 -31.601 13.642
v 11.85 -31.793 13.546
v 11.652 -32.039 13.496
v 11.553 -32.331 13.544
v 9.422 -30.483 15.488
v 6.412 -29.9 16.944
v 6.36 -30.146 16.797
v 6.26 -30.391 16.698
v 6.268 -30.627 16.654
v 12.038 -31.603 13.64
v 11.552 -32.331 13.543
v 13.198 -32.189 12.667
v 13.638 -32.284 12.329
v 13.739 -32.087 12.573
v 13.738 -32.088 12.573
v 12.713 -32.043 13.007
v 13.198 -32.189 12.667
v 14.269 -30.682 13.882
v 12.037 -31.604 13.64
v 12.725 -30.53 14.566
v 12.664 -30.539 14.56
v 8.831 -50.343 17.377
v 8.735 -50.537 17.232
v 8.785 -50.536 17.233
v 8.884 -50.34 17.379
v 8.936 -49.852 17.478
v 8.89 -50.093 17.479
v 8.935 -50.096 17.478
v 8.98 -49.855 17.476
v 8.885 -50.242 17.428
v 10.536 -50.242 17.186
v 20.053 -49.755 15.536
v 20.053 -50.143 15.488
v 10.541 -50.239 17.188
v 10.531 -49.955 17.232
v 10.531 -50.343 17.135
v 10.528 -50.491 17.084
v 10.531 -50.489 17.086
v 20 -50.438 15.243
v 10.532 -50.682 16.941
v 8.936 -49.803 17.527
v 8.927 -49.81 17.522
v 8.885 -50.097 17.477
v 8.735 -50.536 17.232
v 8.786 -50.341 17.379
v 8.831 -50.246 17.425
v 10.541 -50.19 17.188
v 10.539 -50.434 17.09
v 8.395 -51.605 16.115
v 8.785 -50.536 17.232
v 8.735 -50.537 17.232
v 21.074 -46.744 15.343
v 23.449 -48.397 14.953
v 22.722 -48.979 15.051
v 21.894 -49.418 15.195
v 21.363 -46.406 15.293
v 24.076 -47.672 14.805
v 20.682 -47.087 15.438
v 20.966 -49.665 15.386
v 21.607 -45.968 15.245
v 24.514 -46.846 14.757
v 20.19 -47.334 15.484
v 20.487 -49.709 15.438
v 21.749 -45.485 15.244
v 24.803 -45.925 14.707
v 19.763 -47.424 15.586
v 20.043 -49.762 15.531
v 21.797 -45 15.243
v 24.812 -44.026 14.712
v 24.903 -45.001 14.66
v 19.226 -47.475 15.681
v 21.743 -44.519 15.241
v 24.513 -43.157 14.757
v 18.74 -47.427 15.778
v 21.606 -44.027 15.245
v 24.08 -42.329 14.807
v 18.256 -47.328 15.876
v 20.053 -49.755 15.536
v 21.363 -43.59 15.293
v 23.452 -41.599 14.954
v 17.815 -47.089 15.922
v 21.072 -43.251 15.342
v 22.716 -41.022 15.048
v 21.888 -40.587 15.191
v 20.677 -42.915 15.436
v 20.977 -40.336 15.392
v 20.193 -42.672 15.485
v 20.492 -40.288 15.44
v 19.757 -42.525 15.583
v 10.531 -49.955 17.232
v 16.644 -45.005 16.114
v 16.693 -45.49 16.114
v 16.846 -45.971 16.117
v 17.091 -46.406 16.07
v 17.432 -46.745 16.022
v 20.044 -40.247 15.532
v 19.223 -42.477 15.68
v 18.742 -42.522 15.779
v 18.253 -42.67 15.874
v 20.046 -40.245 15.533
v 17.813 -42.915 15.921
v 10.531 -49.955 17.232
v 8.936 -49.852 17.478
v 8.984 -49.853 17.477
v 10.528 -40.053 17.23
v 17.421 -43.258 16.016
v 17.084 -43.595 16.066
v 16.848 -44.027 16.118
v 16.699 -44.515 16.117
v 8.984 -40.144 17.478
v 8.939 -40.141 17.479
v 8.927 -49.81 17.522
v 8.983 -40.144 17.477
v 10.528 -40.053 17.23
v 19.805 -51.895 13.883
v 10.533 -50.681 16.942
v 10.291 -52.088 15.534
v 10.294 -52.086 15.536
v 19.801 -51.897 13.881
v 20 -50.438 15.243
v 20 -50.438 15.243
v 20.045 -40.003 15.484
v 10.533 -39.758 17.184
v 19.993 -39.763 15.385
v 10.529 -39.519 17.085
v 19.999 -39.565 15.242
v 10.528 -39.325 16.939
v 10.533 -50.681 16.942
v 9.175 -52.039 15.68
v 9.706 -52.187 15.484
v 10.291 -52.282 15.243
v 9.175 -52.039 15.68
v 9.705 -52.188 15.484
v 10.145 -39.661 17.233
v 8.839 -39.464 17.187
v 8.881 -39.663 17.377
v 8.938 -39.9 17.479
v 8.886 -39.951 17.477
v 8.926 -40.15 17.473
v 8.731 -39.471 17.23
v 8.84 -39.706 17.381
v 8.883 -39.758 17.427
v 8.792 -39.657 17.381
v 8.741 -39.465 17.235
v 8.831 -39.663 17.377
v 8.934 -40.145 17.525
v 8.884 -39.855 17.476
v 8.884 -39.903 17.476
v 8.926 -40.151 17.521
v 8.838 -39.756 17.429
v 8.404 -52.084 15.828
v 8.403 -51.599 16.119
v 8.198 -51.801 16.016
v 8.053 -52.043 15.92
v 7.917 -52.328 15.925
v 8.733 -52.771 15.532
v 8.828 -52.53 15.482
v 9.035 -52.23 15.537
v 9.275 -52.474 15.342
v 9.799 -53.209 14.851
v 9.904 -52.815 14.904
v 10.051 -52.475 15.05
v 10.286 -52.286 15.289
v 11.79 -52.384 14.414
v 10.248 -52.279 15.245
v 11.887 -52.335 14.56
v 11.648 -52.43 14.271
v 11.498 -52.53 14.123
v 11.407 -52.72 13.932
v 11.314 -52.96 13.837
v 9.803 -53.206 14.853
v 11.26 -53.352 13.785
v 19.762 -52.085 13.546
v 19.756 -52.138 13.349
v 19.753 -52.188 13.251
v 19.761 -52.182 13.206
v 19.802 -52.188 13.154
v 19.807 -52.184 13.156
v 11.895 -52.329 14.71
v 19.801 -51.897 13.881
v 11.889 -52.334 14.561
v 10.286 -37.917 15.531
v 10.529 -39.324 16.94
v 19.999 -39.565 15.242
v 10.289 -37.915 15.533
v 9.997 -37.77 15.387
v 10.297 -37.909 15.537
v 10.298 -37.715 15.295
v 9.715 -37.812 15.489
v 9.706 -37.818 15.484
v 9.179 -37.958 15.682
v 9.179 -37.958 15.682
v 8.449 -38.348 16.118
v 8.445 -38.351 16.116
v 10.528 -39.325 16.939
v 8.833 -39.468 17.184
v 8.84 -39.463 17.187
v 8.393 -38.402 16.114
v 8.833 -39.468 17.184
v 8.731 -39.471 17.23
v 19.707 -37.817 13.155
v 19.763 -37.861 13.401
v 11.893 -37.671 14.563
v 11.897 -37.668 14.565
v 10.292 -37.719 15.243
v 19.751 -37.966 13.638
v 19.81 -38.105 13.886
v 10.289 -37.915 15.533
v 9.606 -37.432 15.143
v 10.297 -37.715 15.294
v 10.053 -37.522 15.051
v 9.902 -37.185 14.903
v 9.808 -36.795 14.855
v 8.839 -37.473 15.488
v 9.036 -37.763 15.538
v 8.685 -37.771 15.629
v 8.453 -38.345 16.12
v 7.966 -37.667 15.925
v 8.105 -37.915 15.922
v 8.254 -38.155 15.972
v 10.972 -37.621 14.807
v 10.247 -37.716 15.245
v 11.65 -37.573 14.223
v 10.876 -37.523 14.661
v 10.827 -37.427 14.564
v 11.507 -37.426 14.079
v 10.724 -37.334 14.464
v 11.358 -37.235 13.931
v 10.625 -37.19 14.414
v 11.316 -36.987 13.838
v 10.585 -36.989 14.371
v 10.581 -36.846 14.32
v 11.257 -36.849 13.784
v 9.807 -36.796 14.855
v 10.435 -17.672 -15.147
v 11.79 -17.626 -14.421
v 11.895 -17.669 -14.563
v 10.238 -17.722 -15.245
v 10.392 -17.619 -15.095
v 10.055 -17.52 -15.046
v 10.29 -17.574 -15.001
v 11.655 -17.57 -14.27
v 10.236 -17.48 -14.906
v 11.51 -17.473 -14.124
v 10.152 -17.326 -14.852
v 9.898 -17.188 -14.906
v 11.406 -17.283 -13.933
v 10.103 -17.181 -14.803
v 11.31 -17.039 -13.835
v 10.047 -17.04 -14.758
v 10.007 -16.889 -14.754
v 9.809 -16.794 -14.853
v 11.261 -16.652 -13.787
v 9.272 -17.525 -15.34
v 9.811 -16.793 -14.852
v 10.293 -17.717 -15.29
v 9.169 -17.966 -15.683
v 9.03 -17.767 -15.534
v 8.835 -17.476 -15.485
v 8.733 -17.237 -15.537
v 19.758 -17.912 -13.544
v 19.757 -17.865 -13.35
v 19.764 -17.811 -13.249
v 19.76 -17.814 -13.203
v 19.805 -17.816 -13.156
v 19.801 -17.82 -13.158
v 11.891 -17.672 -14.71
v 10.296 -17.716 -15.241
v 19.803 -18.11 -13.885
v 11.891 -17.672 -14.564
v 9.713 -17.813 -15.484
v 10.29 -17.72 -15.292
v 10.294 -17.911 -15.533
v 9.169 -17.966 -15.683
v 9.713 -17.813 -15.483
v 8.393 -17.916 -15.828
v 8.393 -18.402 -16.119
v 8.2 -18.207 -16.022
v 8.058 -17.961 -15.922
v 7.908 -17.674 -15.925
v 10.536 -19.319 -16.941
v 19.811 -18.104 -13.881
v 20.002 -19.562 -15.242
v 20.002 -19.562 -15.242
v 10.532 -19.322 -16.943
v 10.288 -17.915 -15.536
v 19.803 -18.11 -13.885
v 10.536 -19.319 -16.941
v 8.398 -18.399 -16.117
v 8.793 -19.461 -17.181
v 8.735 -19.468 -17.235
v 10 -30.34 -17.233
v 10.532 -30.682 -16.943
v 8.834 -30.535 -17.185
v 8.877 -30.345 -17.382
v 8.936 -30.095 -17.474
v 10.529 -29.955 -17.236
v 10.536 -30.29 -17.184
v 10.54 -30.53 -17.036
v 20.045 -30.1 -15.488
v 20.055 -29.754 -15.531
v 10.54 -30.239 -17.182
v 20 -30.341 -15.389
v 10.54 -30.433 -17.084
v 20 -30.437 -15.243
v 10.541 -20.044 -17.23
v 20.043 -20.247 -15.537
v 20.051 -19.999 -15.485
v 10.539 -19.754 -17.182
v 19.995 -19.762 -15.391
v 10.527 -19.52 -17.091
v 10.536 -19.319 -16.941
v 8.977 -20.149 -17.478
v 8.934 -19.902 -17.475
v 8.882 -19.662 -17.38
v 8.787 -19.466 -17.233
v 8.735 -19.468 -17.235
v 8.84 -19.608 -17.328
v 8.932 -20.146 -17.476
v 8.882 -19.856 -17.477
v 8.881 -19.76 -17.429
v 8.935 -20.144 -17.523
v 8.932 -20.194 -17.524
v 8.887 -19.901 -17.474
v 8.882 -19.904 -17.477
v 8.738 -19.466 -17.233
v 8.841 -19.705 -17.376
v 8.782 -19.664 -17.381
v 8.832 -19.759 -17.429
v 8.829 -30.344 -17.382
v 8.736 -30.536 -17.234
v 8.737 -30.535 -17.234
v 8.786 -30.341 -17.379
v 8.929 -29.857 -17.478
v 8.883 -30.098 -17.476
v 8.884 -30.098 -17.476
v 8.936 -29.804 -17.523
v 8.834 -30.244 -17.428
v 8.89 -30.239 -17.424
v 8.983 -29.853 -17.475
v 8.982 -29.854 -17.475
v 8.932 -20.146 -17.476
v 8.932 -20.194 -17.524
v 8.929 -29.809 -17.526
v 8.984 -20.144 -17.474
v 10.541 -20.044 -17.23
v 10.541 -20.044 -17.23
v 17.086 -26.41 -16.069
v 17.432 -26.745 -16.017
v 16.84 -25.975 -16.119
v 18.254 -27.33 -15.873
v 17.813 -27.089 -15.924
v 20.046 -29.76 -15.536
v 16.693 -25.49 -16.12
v 18.74 -27.474 -15.776
v 16.652 -24.999 -16.116
v 19.227 -27.474 -15.678
v 16.697 -24.517 -16.118
v 19.762 -27.473 -15.58
v 20.49 -29.706 -15.435
v 16.843 -24.031 -16.118
v 20.193 -27.331 -15.486
v 20.971 -29.661 -15.389
v 17.082 -23.596 -16.071
v 20.683 -27.086 -15.436
v 21.891 -29.42 -15.196
v 17.431 -23.25 -16.018
v 21.073 -26.745 -15.338
v 22.719 -28.981 -15.049
v 23.444 -28.401 -14.953
v 21.359 -26.409 -15.292
v 24.076 -27.672 -14.807
v 21.602 -25.971 -15.243
v 24.516 -26.844 -14.757
v 21.754 -25.481 -15.24
v 24.809 -25.969 -14.708
v 21.799 -24.999 -15.242
v 20.049 -20.243 -15.534
v 18.252 -22.671 -15.874
v 18.735 -22.527 -15.779
v 19.22 -22.478 -15.681
v 19.762 -22.522 -15.581
v 17.819 -22.911 -15.921
v 24.906 -24.999 -14.659
v 20.492 -20.287 -15.434
v 20.201 -22.665 -15.482
v 20.978 -20.335 -15.385
v 20.686 -22.909 -15.434
v 24.804 -24.079 -14.71
v 21.753 -24.512 -15.241
v 21.888 -20.587 -15.197
v 21.064 -23.256 -15.342
v 24.515 -23.155 -14.757
v 21.597 -24.033 -15.246
v 22.718 -21.02 -15.049
v 24.084 -22.326 -14.803
v 21.364 -23.589 -15.289
v 23.441 -21.606 -14.955
v 10.529 -29.955 -17.236
v 13.732 -14.228 -4.032
v 17.329 -14.225 -4.03
v 17.189 -13.784 -4.561
v 13.731 -13.5 -4.809
v 17.092 -13.298 -4.949
v 13.451 -13.492 -4.804
v 13.586 -13.888 -4.469
v 13.735 -13.06 -5.099
v 17.041 -12.669 -5.193
v 13.3 -12.525 -5.243
v 13.343 -13.063 -5.101
v 13.734 -12.285 -5.293
v 16.99 -12.039 -5.292
v 13.156 -12.038 -5.291
v 13.248 -12.237 -5.294
v 11.266 -16.842 -13.785
v 11.261 -16.652 -13.787
v 13.938 -16.355 -11.114
v 11.309 -16.992 -13.836
v 11.359 -17.233 -13.932
v 11.498 -17.432 -14.081
v 15.394 -17.715 -11.551
v 11.656 -17.569 -14.221
v 11.895 -17.669 -14.563
v 17.676 -16.986 -5.725
v 20.387 -17.817 -3.593
v 18.45 -17.765 -8.008
v 16.16 -15.538 -7.478
v 17.374 -14.907 -3.935
v 17.427 -15.486 -3.884
v 17.621 -16.02 -3.835
v 17.917 -16.502 -3.736
v 18.305 -16.939 -3.688
v 18.736 -17.332 -3.642
v 19.266 -17.577 -3.644
v 19.812 -17.763 -3.59
v 16.066 -17.186 -8.885
v 14.181 -11.113 -5.094
v 13.156 -12.038 -5.291
v 16.985 -11.557 -5.245
v 17.042 -11.066 -5.096
v 12.812 -11.702 -5.245
v 13.063 -11.939 -5.289
v 14.169 -10.393 -4.663
v 12.478 -11.115 -5.096
v 12.237 -11.551 -5.241
v 12.472 -11.556 -5.245
v 14.171 -9.857 -4.031
v 17.278 -9.954 -4.177
v 17.332 -9.854 -3.98
v 14.177 -9.561 -3.3
v 17.384 -9.705 -3.735
v 17.478 -9.562 -3.3
v 17.567 -9.519 -2.819
v 12.47 -10.392 -4.663
v 12.471 -9.858 -4.032
v 14.168 -9.665 -1.994
v 12.476 -9.563 -3.301
v 9.995 -11.12 -5.1
v 8.684 -10.732 -4.906
v 8.595 -11.115 -5.096
v 8.498 -11.552 -5.241
v 14.175 -10.243 -1.02
v 10.001 -10.388 -4.66
v 8.984 -10.095 -4.368
v 8.833 -10.39 -4.661
v 12.471 -9.664 -1.993
v 10.004 -9.852 -4.027
v 9.315 -9.713 -3.692
v 9.133 -9.85 -4.026
v 14.177 -11.067 -0.484
v 17.811 -11.072 -0.488
v 13.881 -11.75 -0.293
v 13.599 -11.549 -0.337
v 13.301 -11.553 -0.34
v 12.483 -10.238 -1.016
v 10.003 -10.726 -0.678
v 9.904 -10.048 -1.262
v 10.002 -9.562 -3.3
v 9.57 -9.51 -2.861
v 9.462 -9.566 -3.254
v 14.173 -11.846 -0.292
v 14.181 -12.035 -0.288
v 14.131 -11.939 -0.289
v 12.475 -11.069 -0.486
v 9.997 -11.556 -0.341
v 10.004 -9.657 -1.988
v 9.81 -9.657 -1.988
v 17.713 -9.713 -1.848
v 17.773 -9.948 -1.405
v 17.664 -5.538 -2.188
v 17.664 -9.567 -2.333
v 15.482 -5.537 -8.788
v 17.772 -14.851 -0.92
v 17.672 -15.29 2.137
v 17.76 -13.452 -0.732
v 17.374 -14.907 -3.935
v 17.329 -14.225 -4.03
v 17.189 -13.784 -4.561
v 8.793 -10.627 15.489
v 2.183 -5.535 17.669
v 8.78 -5.539 15.482
v 8.78 -13.306 15.482
v 2.178 -19.616 17.667
v 8.784 -15.293 15.485
v 12.238 -17.23 12.964
v 11.558 -17.667 13.546
v 11.558 -17.667 13.546
v 6.259 -19.372 16.649
v 13.103 -10.634 12.037
v 14.023 -5.539 10.968
v 8.785 -17.671 15.485
v 9.026 -18.838 15.338
v 13.112 -13.298 12.041
v 13.103 -15.294 12.037
v 14.277 -16.647 10.634
v 13.105 -16.798 12.038
v 15.923 -10.631 8.01
v 17.129 -5.539 4.754
v 15.919 -13.304 8.008
v 15.145 -16.603 9.369
v 15.921 -15.293 8.009
v 17.044 -15.87 5.148
v 15.925 -16.455 8.011
v 17.666 -10.634 2.134
v 17.761 -10.247 -1.022
v 17.772 -10.628 -0.726
v 17.816 -11.553 -0.34
v 17.811 -12.043 -0.294
v 17.671 -13.301 2.136
v 17.822 -12.52 -0.337
v 17.817 -13.009 -0.485
v 16.461 -10.628 -6.745
v 16.99 -12.039 -5.292
v 16.987 -11.556 -5.245
v 17.141 -10.628 -4.852
v 17.179 -10.295 -4.566
v 16.457 -13.301 -6.748
v 17.092 -13.298 -4.949
v 17.041 -12.669 -5.193
v 16.456 -15.292 -6.748
v 15.143 -15.925 -9.371
v 16.453 -15.343 -6.75
v 13.399 -10.631 -11.699
v 10.971 -5.534 -14.03
v 13.391 -13.306 -11.703
v 11.261 -16.652 -13.787
v 12.375 -16.605 -12.769
v 13.395 -15.294 -11.701
v 13.395 -16.459 -11.701
v 9.802 -10.634 -14.857
v 4.751 -5.539 -17.139
v 9.8 -13.305 -14.858
v 9.813 -15.287 -14.851
v 8.733 -17.237 -15.537
v 9.808 -16.795 -14.853
v 5.045 -10.633 -17.089
v -2.181 -5.531 -17.668
v 5.045 -13.303 -17.089
v -2.191 -19.616 -17.673
v 5.052 -15.289 -17.086
v 7.914 -17.67 -15.922
v 2.035 -19.372 -17.672
v 5.054 -17.667 -17.085
v 5.042 -18.839 -17.091
v 14.271 -12.234 -0.292
v 14.268 -12.527 -0.342
v 17.81 -12.529 -0.343
v 14.272 -13.253 -0.583
v 17.763 -13.45 -0.73
v 14.274 -13.834 -1.067
v 17.767 -13.835 -1.068
v 13.45 -12.522 4.807
v 14.268 -12.527 -0.342
v 14.271 -12.234 -0.292
v 14.181 -12.035 -0.288
v 14.131 -11.939 -0.289
v 13.881 -11.75 -0.293
v 13.599 -11.549 -0.337
v 12.38 -11.553 4.855
v 13.301 -11.553 -0.34
v 1.749 -12.524 14.176
v 6.752 -12.522 12.624
v 5.149 -11.551 12.235
v -0.001 -12.137 14.223
v 0.007 -12.52 14.324
v 0.583 -12.524 14.272
v -0.001 -11.846 14.029
v 1.161 -12.527 14.27
v -0.006 -11.606 13.686
v -0.006 -11.558 13.298
v 12.469 -12.044 6.696
v 10.829 -12.522 9.371
v 12.131 -11.654 6.551
v 9.511 -11.556 9.27
v 7.042 -12.037 12.332
v 6.844 -11.651 11.99
v 13.009 -17.428 12.378
v 13.635 -17.723 12.327
v 13.399 -17.524 12.137
v 13.2 -17.188 12.037
v 13.101 -16.801 12.036
v 12.238 -17.23 12.964
v 12.325 -17.48 12.91
v 12.52 -17.77 12.911
v 12.722 -17.959 13.012
v 14.227 -17.619 11.701
v 13.637 -17.722 12.328
v 15.049 -17.67 11.214
v 14.756 -17.574 11.019
v 14.129 -17.522 11.604
v 14.027 -17.429 11.552
v 14.558 -17.431 10.871
v 13.931 -17.331 11.456
v 14.411 -17.238 10.725
v 13.84 -17.181 11.411
v 14.315 -16.995 10.677
v 13.783 -16.993 11.358
v 13.733 -16.848 11.357
v 14.276 -16.842 10.633
v 14.277 -16.647 10.634
v 13.1 -16.801 12.036
v 6.353 -19.859 16.793
v 6.415 -20.044 16.945
v 9.423 -19.511 15.488
v 9.026 -18.838 15.338
v 6.26 -19.614 16.698
v 6.26 -19.37 16.65
v 11.605 -18.397 13.788
v 12.039 -18.399 13.641
v 11.848 -18.202 13.545
v 11.503 -18.205 13.737
v 11.648 -17.963 13.494
v 11.362 -18.008 13.739
v 11.558 -17.667 13.546
v 12.038 -18.399 13.64
v 12.038 -18.399 13.64
v 12.086 -18.351 13.592
v 11.889 -18.159 13.493
v 11.558 -17.667 13.546
v 11.702 -17.911 13.497
v 11.552 -17.671 13.543
v 11.752 -18.056 13.497
v 12.239 -17.763 13.11
v 12.088 -18.35 13.592
v 11.547 -17.675 13.54
v 13.735 -17.915 12.571
v 13.394 -17.77 12.522
v 13.733 -17.917 12.57
v 13.635 -17.723 12.327
v 13.206 -17.815 12.671
v 13.205 -17.815 12.67
v 12.722 -17.959 13.012
v 6.747 -29.564 17.233
v 6.551 -29.565 17.281
v 6.553 -29.564 17.282
v 6.407 -29.904 16.942
v 7.968 -30.141 16.266
v 12.034 -31.606 13.638
v 12.664 -30.539 14.56
v 12.619 -30.536 14.611
v 9.422 -30.483 15.488
v 9.8 -29.713 16.114
v 6.754 -29.559 17.236
v 12.619 -30.536 14.611
v 12.768 -30.34 14.758
v 12.816 -30.097 14.806
v 12.866 -29.805 14.807
v 6.946 -28.833 17.478
v 6.896 -29.125 17.477
v 6.847 -29.368 17.38
v 9.803 -20.294 16.115
v 6.948 -21.161 17.479
v 6.945 -21.163 17.477
v 12.866 -20.145 14.807
v 12.821 -19.899 14.809
v 12.761 -19.665 14.755
v 12.619 -19.468 14.61
v 6.746 -20.438 17.233
v 6.841 -20.731 17.377
v 6.891 -20.973 17.475
v 12.038 -18.399 13.641
v 12.619 -19.468 14.61
v 12.674 -19.463 14.565
v 6.549 -20.441 17.279
v 6.559 -20.433 17.284
v 6.746 -20.438 17.233
v 6.414 -20.044 16.945
v 7.966 -19.851 16.265
v 12.042 -18.396 13.642
v 12.721 -19.464 14.565
v 12.085 -18.352 13.591
v 12.674 -19.463 14.565
v 12.082 -18.354 13.59
v 14.273 -19.32 13.884
v 12.721 -19.464 14.565
v 12.716 -19.468 14.562
v 12.958 -29.857 14.804
v 14.412 -30.199 14.123
v 14.415 -29.954 14.174
v 12.914 -30.096 14.807
v 14.372 -30.435 14.031
v 12.809 -30.345 14.706
v 14.275 -30.678 13.885
v 12.717 -30.535 14.563
v 12.774 -30.336 14.712
v 12.676 -30.53 14.566
v 12.915 -29.854 14.807
v 12.865 -30.097 14.806
v 12.818 -30.241 14.759
v 12.866 -29.805 14.807
v 12.862 -29.807 14.805
v 12.822 -30.093 14.809
v 12.617 -30.537 14.61
v 12.768 -30.34 14.758
v 12.809 -30.248 14.754
v 9.901 -20.681 16.164
v 12.868 -20.192 14.808
v 12.866 -20.145 14.807
v 9.909 -29.316 16.168
v 12.866 -29.805 14.807
v 12.862 -29.807 14.805
v 6.941 -28.836 17.476
v 6.939 -28.837 17.474
v 12.761 -19.665 14.755
v 12.674 -19.463 14.565
v 12.616 -19.47 14.609
v 12.763 -19.664 14.707
v 12.912 -20.146 14.806
v 12.863 -19.856 14.805
v 12.814 -19.904 14.805
v 12.817 -19.757 14.758
v 12.865 -19.951 14.806
v 12.967 -20.142 14.809
v 12.91 -19.905 14.756
v 12.765 -19.711 14.756
v 12.821 -19.657 14.712
v 12.715 -19.469 14.562
v 12.809 -19.762 14.754
v 14.365 -19.517 14.027
v 14.273 -19.32 13.884
v 14.368 -19.758 14.126
v 14.423 -20.045 14.177
v 14.415 -29.954 14.174
v 17.672 -26.504 12.719
v 17.907 -27.238 12.57
v 18.247 -27.868 12.425
v 18.689 -28.496 12.233
v 17.469 -25.782 12.764
v 17.427 -25.001 12.816
v 14.415 -29.954 14.174
v 12.914 -29.854 14.806
v 12.961 -29.855 14.806
v 14.423 -20.045 14.177
v 18.696 -21.501 12.236
v 18.254 -22.136 12.428
v 17.912 -22.768 12.573
v 17.666 -23.498 12.717
v 17.48 -24.221 12.769
v 12.955 -20.15 14.803
v 12.911 -20.147 14.805
v 20.488 -20.193 11.458
v 19.801 -20.538 11.745
v 19.22 -20.974 11.989
v 20.48 -29.81 11.454
v 19.807 -29.466 11.748
v 19.217 -29.034 11.987
v 2.761 -5.538 16.551
v -0.002 -5.535 16.795
v 0.004 -5.337 15.828
v 0.004 -4.803 15.051
v -0.006 -3.985 14.463
v 4.266 -3.062 13.638
v 5.819 -5.539 15.725
v -0.003 -3.06 14.319
v 9.127 -3.058 11.02
v 10.144 -5.535 13.397
v 12.529 -3.055 6.896
v 16.456 -5.535 3.398
v 14.024 -5.538 9.269
v 14.227 -3.056 1.652
v 13.732 -3.063 -3.935
v 14.172 -5.536 -9.031
v 16.501 -5.537 -3.158
v 4.566 -5.532 -16.164
v 9.801 -5.538 -13.644
v 7.913 -3.058 -11.893
v 4.269 -3.06 -13.642
v 2.045 -3.054 -14.172
v 0.006 -5.335 -15.822
v 0.001 -5.534 -16.796
v 0 -4.806 -15.049
v -0.001 -3.982 -14.467
v 0.007 -3.054 -14.317
v 12.481 -5.191 9.371
v 11.704 -4.268 8.789
v 15.579 -5.197 -0.002
v 14.605 -4.277 -0.003
v 12.471 -5.198 -9.371
v 11.703 -4.269 -8.784
v 11.361 -3.057 -8.689
v 0.004 -5.531 18.012
v 0.002 4.467 18.011
v 6.9 4.471 16.654
v 6.889 -5.537 16.649
v 12.722 4.468 12.72
v 12.723 -5.531 12.721
v 16.647 4.464 6.892
v 16.656 -5.531 6.896
v 18.014 -5.531 0.002
v 18.016 4.471 0.003
v 16.645 -5.538 -6.896
v 16.65 4.466 -6.894
v 12.717 -5.535 -12.719
v 12.72 4.467 -12.718
v 6.887 -5.539 -16.654
v 6.891 4.464 -16.652
v 0.004 -5.532 -18.008
v -0.006 4.462 -18.013
v 5.53 -2.527 13.299
v 0.007 -2.52 14.421
v 0.002 4.467 14.418
v 5.54 4.47 13.304
v 10.193 4.465 10.194
v 13.301 -2.524 5.534
v 13.295 4.462 5.531
v 14.412 4.462 -0.003
v 13.299 4.465 -5.535
v 10.188 -2.528 -10.197
v 10.201 4.471 -10.191
v 5.53 4.463 -13.303
v 0.003 4.468 -14.416
v 6.655 -5.531 16.07
v -0.007 -5.539 17.376
v 12.278 -5.537 12.28
v 10.196 -2.523 10.195
v 16.068 -5.534 6.651
v 14.422 -2.522 0.002
v 17.374 -5.537 -0.002
v 16.063 -5.538 -6.653
v 13.298 -2.527 -5.536
v 12.276 -5.538 -12.285
v 6.645 -5.538 -16.071
v 5.536 -2.523 -13.3
v 0.006 -5.53 -17.376
v 0.007 -2.52 -14.414
v 6.897 4.566 16.653
v -0.006 4.559 18.007
v 0.006 9.568 18.013
v 6.895 9.564 16.651
v 12.713 4.56 12.716
v 12.715 9.561 12.717
v 16.645 4.559 6.891
v 16.655 9.566 6.895
v 18.014 9.566 0.002
v 18.008 4.562 -0.001
v 16.647 4.561 -6.895
v 16.645 9.559 -6.896
v 12.716 9.562 -12.72
v 12.724 4.567 -12.716
v 6.898 4.566 -16.649
v 6.896 9.565 -16.649
v 0.002 4.564 -18.009
v 0.005 9.566 -18.008
v 5.539 4.567 13.304
v -0.006 4.559 14.415
v -0.001 9.562 14.417
v 5.539 9.567 13.304
v 10.2 4.567 10.197
v 10.197 9.565 10.196
v 13.296 4.559 5.531
v 13.301 9.563 5.534
v 14.414 9.561 -0.002
v 14.414 4.561 -0.002
v 13.307 4.568 -5.531
v 13.305 9.566 -5.532
v 10.197 4.565 -10.193
v 10.197 9.565 -10.193
v 5.533 9.562 -13.302
v 5.53 4.56 -13.303
v 0.002 4.565 -14.417
v -0.002 9.561 -14.419
v 6.889 14.657 16.649
v -0.006 9.656 18.007
v 0.003 14.663 18.012
v 6.894 9.661 16.651
v 12.717 14.659 12.718
v 12.723 9.663 12.721
v 16.654 14.663 6.895
v 16.658 9.665 6.897
v 18.017 14.665 0.003
v 18.006 9.658 -0.002
v 16.646 9.657 -6.896
v 16.65 14.66 -6.894
v 12.721 14.662 -12.717
v 12.713 9.656 -12.721
v 6.887 9.656 -16.654
v 6.891 14.659 -16.652
v 0.007 9.665 -18.007
v 0.002 14.661 -18.009
v 5.536 14.662 13.302
v 0 9.66 14.418
v -0.004 14.657 14.416
v 5.531 9.658 13.299
v 10.197 14.663 10.196
v 10.188 9.656 10.191
v 13.302 14.661 5.534
v 13.303 9.661 5.535
v 14.413 14.657 -0.002
v 14.418 9.661 0
v 13.295 9.656 -5.537
v 13.294 14.656 -5.538
v 10.199 14.663 -10.192
v 10.2 9.664 -10.192
v 5.54 14.664 -13.298
v 5.532 9.659 -13.302
v 0.001 9.661 -14.417
v -0.002 14.659 -14.418
v 6.895 19.759 16.652
v 0.004 14.76 18.012
v -0.003 19.756 18.009
v 6.899 14.761 16.654
v 12.719 19.758 12.719
v 12.724 14.761 12.721
v 16.646 19.754 6.891
v 16.652 14.758 6.894
v 18.014 19.76 0.002
v 18.012 14.759 0.001
v 16.653 14.759 -6.892
v 16.657 19.762 -6.89
v 12.716 19.756 -12.72
v 12.719 14.758 -12.718
v 6.893 14.757 -16.651
v 6.897 19.76 -16.649
v -0.007 14.753 -18.013
v 0.001 19.759 -18.009
v 5.535 19.758 13.302
v -0.002 14.756 14.417
v 0.001 19.758 14.418
v 5.537 14.76 13.303
v 10.191 19.755 10.193
v 10.2 14.762 10.197
v 13.306 19.761 5.537
v 13.307 14.762 5.537
v 14.419 19.759 0.001
v 14.42 14.759 0.001
v 13.299 14.756 -5.535
v 13.3 19.757 -5.535
v 10.195 19.758 -10.194
v 10.189 14.753 -10.197
v 5.539 19.761 -13.299
v 5.539 14.761 -13.299
v -0.003 14.755 -14.419
v -0.005 19.754 -14.42
v 5.489 -3.056 13.206
v -0.003 -3.06 14.319
v 0.004 64.47 14.323
v 5.479 64.462 13.201
v 10.101 -3.055 10.099
v 10.098 64.467 10.098
v 13.198 -3.062 5.483
v 13.21 64.471 5.489
v 14.321 -3.058 0
v 14.327 64.471 0.003
v 13.206 -3.057 -5.485
v 13.201 64.465 -5.487
v 10.091 -3.063 -10.1
v 10.099 64.468 -10.096
v 5.491 -3.054 -13.201
v 5.481 64.464 -13.206
v 0.007 -3.054 -14.317
v 0.006 64.471 -14.317
v 6.899 24.858 16.653
v -0.002 19.854 18.009
v 0.007 24.859 18.013
v 6.897 19.857 16.652
v 12.714 24.851 12.716
v 12.724 19.859 12.721
v 16.651 24.855 6.893
v 16.646 19.852 6.891
v 18.016 19.859 0.003
v 18.016 24.859 0.003
v 16.655 24.858 -6.891
v 16.648 19.853 -6.894
v 12.722 24.857 -12.717
v 12.715 19.852 -12.72
v 6.894 19.855 -16.65
v 6.889 24.852 -16.653
v -0.001 19.854 -18.01
v 0.001 24.855 -18.01
v 5.534 24.855 13.301
v -0.002 19.853 14.417
v -0.004 24.852 14.416
v 5.529 19.851 13.299
v 10.192 24.853 10.193
v 10.191 19.852 10.193
v 13.298 24.853 5.533
v 13.298 19.852 5.532
v 14.416 24.854 -0.001
v 14.413 19.851 -0.002
v 13.305 19.857 -5.532
v 13.294 24.85 -5.537
v 10.192 24.853 -10.195
v 10.192 19.853 -10.195
v 5.531 24.852 -13.303
v 5.528 19.851 -13.304
v 0.006 19.859 -14.414
v 0.007 24.859 -14.414
v 6.062 66.453 -14.615
v -0.002 66.456 -15.778
v 0.007 64.472 -15.773
v 6.064 64.464 -14.614
v 11.161 66.455 -11.167
v 11.17 64.47 -11.163
v 14.608 66.455 -6.07
v 14.617 64.471 -6.065
v 15.782 66.461 0.002
v 15.776 64.466 -0.001
v 14.605 66.453 6.065
v 14.617 64.471 6.071
v 11.161 66.454 11.163
v 11.161 64.464 11.163
v 6.063 66.454 14.609
v 6.068 64.467 14.612
v -0.006 66.453 15.774
v -0.003 64.465 15.775
v 20.484 -49.807 -11.457
v 14.365 -50.44 -14.031
v 14.268 -50.683 -13.886
v 14.371 -50.242 -14.125
v 14.418 -49.952 -14.175
v 23.108 -50.437 -9.951
v 23.149 -50.2 -10.149
v 22.813 -50.245 -10.293
v 22.622 -50.243 -10.34
v 22.48 -50.241 -10.435
v 21.797 -50.194 -10.776
v 21.115 -50.244 -11.069
v 21.118 -50.048 -11.116
v 22.818 -39.756 -10.29
v 23.16 -39.803 -10.143
v 23.111 -39.561 -9.95
v 22.628 -39.753 -10.337
v 22.478 -39.756 -10.436
v 21.793 -39.808 -10.778
v 14.363 -39.762 -14.13
v 14.413 -40.052 -14.177
v 20.487 -40.194 -11.456
v 14.373 -39.513 -14.028
v 14.277 -39.318 -13.881
v 21.119 -39.95 -11.115
v 25.924 -41.213 -9.029
v 26.604 -42.038 -8.737
v 27.093 -42.958 -8.493
v 27.38 -43.932 -8.349
v 27.47 -45.005 -8.353
v 17.664 -43.015 -11.411
v 17.666 -43.498 -12.721
v 18.251 -42.089 -12.428
v 17.52 -43.013 -10.051
v 16.9 -43.006 -5.046
v 18.793 -41.307 -11.259
v 19.225 -40.97 -11.99
v 20.487 -40.194 -11.456
v 18.647 -41.307 -9.9
v 19.712 -40.144 -4.659
v 21.111 -39.956 -10.974
v 20.778 -40.048 -11.31
v 21.119 -39.95 -11.115
v 21.452 -39.858 -10.925
v 20.919 -39.955 -9.614
v 21.793 -39.808 -10.778
v 22.13 -39.762 -10.586
v 22.336 -39.754 -9.463
v 22.478 -39.756 -10.436
v 23.16 -39.803 -10.143
v 23.834 -40.002 -9.273
v 23.937 -39.997 -9.852
v 24.659 -40.293 -9.564
v 23.683 -40.15 -4.178
v 25.287 -40.684 -9.08
v 25.346 -40.676 -9.269
v 20.342 -32.183 -3.834
v 21.171 -32.181 -1.89
v 20.628 -32.187 -1.895
v 19.813 -32.18 -13.152
v 19.665 -32.182 -5.823
v 18.744 -32.181 -7.57
v 17.525 -32.233 -9.272
v 16.895 -32.232 -9.999
v 16.263 -32.233 -10.68
v 14.81 -32.279 -12.086
v 13.347 -32.333 -13.351
v 12.768 -32.33 -13.835
v 11.89 -32.333 -14.565
v 20.634 -52.183 0.536
v 21.361 -52.184 0.535
v 20.636 -52.182 0.536
v 20.441 -52.183 -1.212
v 22.38 -52.185 -7.961
v 20.002 -52.184 -2.815
v 19.516 -52.233 -4.077
v 18.979 -52.235 -5.341
v 18.696 -52.229 -5.871
v 17.869 -52.279 -7.279
v 17.375 -52.285 -8.012
v 16.937 -52.286 -8.643
v 16.501 -52.333 -9.322
v 16.072 -52.328 -9.852
v 16.268 -53.686 -7.279
v 14.269 -53.352 -10.633
v 14.315 -53.014 -10.682
v 14.464 -52.672 -10.827
v 14.757 -52.428 -11.02
v 14.903 -52.38 -11.117
v 15.05 -52.33 -11.213
v 17.773 -52.812 -4.706
v 17.574 -54.563 -2.96
v 20.054 -52.181 -2.619
v 18.549 -53.007 -1.26
v 17.766 -55.147 0.873
v 19.513 -52.429 0.582
v 18.59 -53.061 0.63
v 18.252 -53.545 0.679
v 18.005 -54.033 0.774
v 17.818 -54.562 0.826
v 16.018 -37.672 -9.953
v 22.376 -37.818 -7.963
v 15.047 -37.672 -11.215
v 16.454 -37.672 -9.37
v 16.695 -37.722 -8.983
v 17.52 -37.722 -7.818
v 18.93 -37.769 -5.341
v 19.57 -37.763 -3.977
v 21.554 -37.816 -1.213
v 20.437 -37.816 -1.214
v 18.299 -37.721 -6.555
v 15.975 -36.405 -7.862
v 17.087 -35.826 -4.903
v 14.275 -36.843 -10.63
v 14.279 -36.646 -10.628
v 14.318 -36.992 -10.681
v 14.423 -37.23 -10.726
v 14.556 -37.433 -10.877
v 14.763 -37.57 -11.017
v 17.772 -37.182 -4.707
v 17.715 -35.148 -1.507
v 17.82 -35.677 -1.454
v 17.968 -36.161 -1.404
v 18.207 -36.6 -1.358
v 18.539 -37.043 -1.313
v 19.411 -37.578 -1.217
v 20.437 -37.816 -1.214
v 23.977 -42.722 -4.177
v 26.025 -42.085 -3.881
v 25.394 -41.308 -3.978
v 24.614 -40.63 -4.077
v 23.494 -42.283 -4.224
v 24.373 -43.202 -4.124
v 26.503 -43.012 -3.836
v 22.917 -41.988 -4.27
v 24.66 -43.739 -4.078
v 22.335 -41.794 -4.367
v 22.72 -39.854 -4.32
v 24.86 -44.366 -4.026
v 26.8 -43.979 -3.785
v 21.704 -41.745 -4.415
v 21.697 -39.759 -4.419
v 20.677 -39.857 -4.565
v 24.95 -45.002 -4.03
v 26.893 -45.001 -3.787
v 26.801 -46.017 -3.784
v 21.065 -41.799 -4.516
v 24.859 -45.628 -4.027
v 26.503 -46.992 -3.836
v 20.485 -41.991 -4.563
v 24.661 -46.263 -4.078
v 19.901 -42.284 -4.662
v 18.793 -40.627 -4.803
v 24.365 -46.8 -4.129
v 26.016 -47.916 -3.885
v 19.421 -42.717 -4.707
v 18.012 -41.31 -4.902
v 23.983 -47.281 -4.174
v 25.393 -48.687 -3.978
v 17.38 -42.087 -4.951
v 19.03 -43.204 -4.757
v 24.616 -49.367 -4.076
v 23.491 -47.722 -4.226
v 18.549 -44.366 -4.803
v 18.74 -43.737 -4.805
v 23.688 -49.856 -4.176
v 22.919 -48.006 -4.269
v 22.333 -48.202 -4.368
v 16.609 -43.977 -5.045
v 18.5 -44.997 -4.852
v 22.716 -50.148 -4.322
v 21.694 -48.257 -4.42
v 16.505 -45.001 -5.097
v 16.596 -46.024 -5.052
v 18.541 -45.634 -4.807
v 20.675 -50.149 -4.565
v 21.068 -48.205 -4.515
v 19.031 -46.795 -4.756
v 18.739 -46.262 -4.805
v 19.705 -49.858 -4.662
v 20.481 -48.013 -4.565
v 19.904 -47.718 -4.66
v 17.383 -47.91 -4.949
v 19.411 -47.287 -4.712
v 18.781 -49.373 -4.809
v 18.009 -48.69 -4.903
v 27.376 -46.071 -8.351
v 27.081 -47.044 -8.499
v 26.6 -47.963 -8.739
v 25.926 -48.785 -9.027
v 24.608 -49.712 -9.177
v 25.344 -49.318 -9.27
v 24.666 -49.706 -9.561
v 23.927 -50.004 -9.857
v 23.06 -50.193 -9.368
v 23.149 -50.2 -10.149
v 22.48 -50.241 -10.435
v 21.696 -50.246 -4.419
v 20.484 -49.856 -11.215
v 21.118 -50.048 -11.116
v 20.771 -49.956 -11.314
v 20.484 -49.807 -11.457
v 19.225 -49.028 -11.99
v 21.645 -50.199 -9.566
v 22.132 -50.246 -10.585
v 21.797 -50.194 -10.776
v 21.463 -50.142 -10.919
v 20.346 -49.851 -9.706
v 18.152 -47.867 -11.507
v 18.253 -47.865 -12.427
v 17.965 -47.862 -9.998
v 16.895 -46.99 -5.048
v 17.527 -46.504 -11.552
v 17.675 -46.502 -12.716
v 17.425 -45.002 -12.817
v 17.33 -46.506 -10.049
v 22.579 -51.89 -8.638
v 22.572 -51.895 -8.641
v 13.741 -52.086 -12.571
v 14.268 -50.683 -13.886
v 23.108 -50.437 -9.951
v 23.108 -50.437 -9.951
v 14.268 -50.683 -13.886
v 13.743 -52.085 -12.571
v 13.635 -52.287 -12.333
v 22.378 -52.186 -7.962
v 22.572 -51.895 -8.641
v 22.328 -52.138 -8.205
v 22.381 -52.184 -8.057
v 22.374 -52.14 -8.158
v 22.429 -52.087 -8.349
v 22.276 -52.189 -8.061
v 22.374 -52.188 -8.012
v 14.279 -39.316 -13.88
v 22.571 -38.109 -8.642
v 23.111 -39.561 -9.95
v 23.111 -39.561 -9.95
v 14.279 -39.316 -13.88
v 13.735 -37.915 -12.574
v 13.74 -37.912 -12.572
v 22.569 -38.11 -8.643
v 22.421 -37.917 -8.353
v 22.385 -37.861 -8.153
v 22.373 -37.82 -8.061
v 22.383 -37.813 -8.008
v 22.383 -37.813 -7.959
v 15.143 -37.672 -11.409
v 13.639 -37.72 -12.331
v 22.569 -38.11 -8.643
v 15.049 -37.67 -11.262
v 19.024 -43.014 -11.265
v 18.247 -40.344 -6.022
v 20.055 -41.841 -11.114
v 22.567 -39.131 -5.488
v 22.959 -41.022 -10.778
v 24.715 -39.851 -5.191
v 24.419 -41.505 -10.582
v 26.457 -41.359 -5
v 27.473 -43.45 -4.856
v 26.304 -43.937 -10.343
v 27.672 -45.728 -4.854
v 24.752 -46.752 -10.537
v 26.268 -46.259 -10.337
v 25.927 -46.988 -10.386
v 25.485 -47.623 -10.438
v 24.266 -48.597 -10.586
v 22.133 -47.867 -10.876
v 23.549 -48.832 -10.677
v 22.766 -48.982 -10.777
v 21.984 -48.986 -10.877
v 21.262 -48.787 -10.971
v 20.532 -48.498 -11.069
v 19.907 -48.008 -11.164
v 25.148 -43.883 -10.485
v 26.022 -43.203 -10.387
v 26.458 -44.708 -10.339
v 25.63 -42.526 -10.438
v 19.851 -46.12 -11.167
v 18.933 -46.796 -11.262
v 25.097 -41.991 -10.486
v 18.644 -46.067 -11.309
v 22.822 -42.132 -10.774
v 18.545 -45.291 -11.31
v 23.737 -41.215 -10.681
v 20.188 -43.257 -11.12
v 18.738 -43.738 -11.311
v 22.183 -41.021 -10.875
v 21.407 -41.166 -10.971
v 19.468 -42.378 -11.213
v 20.674 -41.412 -11.071
v 26.404 -45.489 -10.342
v 24.956 -48.153 -10.532
v 23.397 -50.681 -5.389
v 17.228 -48.645 -6.119
v 19.364 -47.48 -11.216
v 18.538 -44.52 -11.314
v 19.518 -46.843 -5.872
v 16.596 -47.675 -6.217
v 18.012 -49.465 -6.018
v 19.904 -47.282 -5.825
v 18.984 -50.144 -5.921
v 19.179 -46.357 -5.872
v 16.21 -46.557 -6.264
v 20.39 -47.621 -5.728
v 18.976 -45.829 -5.925
v 20.92 -47.866 -5.681
v 20 -50.583 -5.777
v 21.119 -50.873 -5.63
v 18.879 -45.247 -5.925
v 16.018 -44.274 -6.263
v 16.025 -45.434 -6.26
v 21.45 -47.966 -5.634
v 18.89 -44.608 -5.919
v 22.045 -48.006 -5.531
v 22.283 -50.874 -5.533
v 19.025 -44.081 -5.925
v 16.747 -42.088 -6.214
v 16.263 -43.156 -6.262
v 22.616 -47.917 -5.488
v 19.269 -43.547 -5.875
v 23.202 -47.672 -5.389
v 24.462 -50.295 -5.245
v 19.565 -43.058 -5.825
v 17.433 -41.162 -6.114
v 23.685 -47.383 -5.342
v 25.439 -49.66 -5.096
v 19.999 -42.623 -5.777
v 26.263 -48.835 -5
v 24.082 -46.94 -5.289
v 19.218 -39.713 -5.876
v 20.484 -42.332 -5.729
v 26.936 -47.917 -4.955
v 24.655 -45.927 -5.197
v 24.414 -46.46 -5.245
v 20.295 -39.319 -5.775
v 21.068 -42.088 -5.68
v 21.596 -41.995 -5.586
v 27.378 -46.846 -4.903
v 21.404 -39.13 -5.633
v 24.805 -44.758 -5.195
v 24.802 -45.392 -5.196
v 22.191 -42.035 -5.531
v 22.76 -42.141 -5.44
v 27.665 -44.568 -4.857
v 23.692 -39.416 -5.339
v 24.514 -43.642 -5.243
v 24.714 -44.172 -5.192
v 23.298 -42.381 -5.39
v 23.79 -42.717 -5.338
v 27.081 -42.335 -4.906
v 24.17 -43.159 -5.294
v 25.675 -40.538 -5.099
v 22.48 -42.134 -7.814
v 20.433 -45.683 -7.041
v 19.605 -45.782 -7.576
v 19.996 -45.829 -7.187
v 19.618 -46.064 -7.618
v 19.511 -46.12 -7.769
v 19.46 -46.121 -7.964
v 19.465 -46.118 -8.156
v 20.239 -43.935 -7.138
v 20.288 -43.693 -7.138
v 19.85 -43.839 -7.575
v 19.855 -43.253 -8.107
v 19.907 -43.396 -7.571
v 19.85 -43.305 -7.721
v 19.808 -43.3 -7.912
v 19.804 -43.254 -7.914
v 20.143 -43.304 -7.526
v 20.443 -43.831 -7.084
v 19.999 -43.448 -7.379
v 19.901 -43.4 -7.574
v 19.811 -43.25 -7.91
v 22.094 -42.909 -6.939
v 20.635 -43.978 -7.037
v 22.334 -42.474 -7.086
v 22.275 -42.869 -6.897
v 21.944 -42.523 -7.329
v 22.38 -42.33 -7.232
v 22.431 -42.231 -7.426
v 22.427 -42.185 -7.622
v 22.43 -42.135 -7.62
v 21.498 -47.53 -7.382
v 21.753 -47.133 -6.939
v 21.741 -47.675 -7.333
v 21.752 -47.765 -7.522
v 21.754 -47.86 -7.716
v 21.754 -47.86 -7.91
v 20.194 -45.972 -7.136
v 19.705 -46.023 -7.429
v 20.191 -45.78 -7.089
v 21.802 -46.696 -6.89
v 19.956 -46.357 -7.571
v 19.609 -46.071 -7.623
v 19.518 -46.115 -7.959
v 19.472 -46.113 -7.958
v 22.575 -42.475 -7.232
v 22.234 -43.058 -6.844
v 22.38 -42.33 -7.232
v 22.421 -42.141 -7.625
v 23.831 -44.033 -6.701
v 22.181 -43.304 -6.847
v 23.783 -44.227 -6.653
v 24.132 -43.637 -7.036
v 24.518 -43.93 -6.989
v 24.608 -43.887 -7.138
v 24.705 -43.887 -7.332
v 24.713 -43.881 -7.328
v 23.938 -46.695 -7.036
v 23.543 -46.167 -6.7
v 24.17 -46.606 -7.042
v 24.273 -46.699 -7.184
v 24.363 -46.704 -7.382
v 24.421 -46.746 -7.571
v 21.94 -47.089 -6.943
v 21.747 -47.526 -7.185
v 21.748 -46.942 -6.893
v 23.354 -46.017 -6.697
v 22.185 -47.476 -7.282
v 21.746 -47.672 -7.331
v 21.791 -47.82 -7.672
v 21.747 -47.866 -7.719
v 24.473 -44.219 -6.987
v 23.988 -44.122 -6.696
v 24.374 -43.978 -6.842
v 24.517 -43.931 -6.989
v 24.711 -43.883 -7.329
v 24.762 -43.881 -7.522
v 23.745 -46.064 -6.696
v 23.587 -44.325 -6.653
v 24.077 -46.555 -6.894
v 23.745 -46.307 -6.696
v 24.227 -46.164 -7.037
v 24.175 -46.602 -7.039
v 24.366 -46.702 -7.381
v 24.363 -46.704 -7.382
v 16.598 -42.091 -5.051
v 20.247 -39.318 -5.629
v 22.53 -39.123 -5.337
v 24.566 -39.853 -4.076
v 24.705 -39.858 -5.099
v 26.313 -41.358 -3.882
v 26.461 -41.356 -4.852
v 27.482 -43.443 -4.754
v 24.559 -46.557 -5.1
v 24.463 -46.557 -4.08
v 23.638 -47.527 -4.176
v 22.673 -48.057 -5.339
v 21.314 -48.154 -4.465
v 20.145 -47.768 -4.612
v 19.324 -46.94 -5.727
v 18.781 -45.83 -5.78
v 19.226 -46.941 -4.756
v 16.46 -47.668 -5.095
v 17.87 -49.462 -4.9
v 19.657 -47.431 -4.711
v 18.883 -46.409 -4.758
v 16.072 -46.551 -5.144
v 18.694 -45.823 -4.804
v 20.734 -48.007 -4.56
v 19.859 -50.58 -4.658
v 20.977 -50.87 -4.512
v 18.55 -45.239 -4.803
v 15.868 -45.442 -5.149
v 21.936 -48.16 -4.421
v 22.141 -50.871 -4.367
v 18.686 -44.032 -4.808
v 16.123 -43.152 -5.094
v 22.524 -48.06 -4.321
v 23.113 -47.812 -4.269
v 24.323 -50.291 -4.125
v 19.322 -42.912 -4.708
v 17.279 -41.167 -5.001
v 18.107 -40.341 -4.855
v 26.113 -48.838 -3.886
v 24.08 -47.087 -4.125
v 19.073 -39.713 -4.76
v 20.297 -42.181 -4.609
v 26.79 -47.918 -3.79
v 24.704 -45.975 -4.08
v 20.146 -39.321 -4.612
v 20.876 -41.941 -4.514
v 21.454 -41.847 -4.467
v 27.281 -46.846 -3.738
v 21.265 -39.125 -4.465
v 24.862 -44.753 -4.026
v 24.801 -45.392 -4.032
v 22.423 -39.13 -4.371
v 22.088 -41.845 -4.369
v 22.666 -41.994 -4.322
v 27.524 -44.564 -3.738
v 23.542 -39.42 -4.225
v 27.325 -43.451 -3.74
v 24.512 -43.595 -4.079
v 23.732 -42.577 -4.178
v 26.938 -42.334 -3.789
v 25.534 -40.535 -3.981
v 19.077 -43.448 -5.777
v 18.598 -44.609 -4.803
v 18.693 -44.61 -5.824
v 18.986 -43.443 -4.755
v 19.755 -42.478 -4.661
v 23.252 -42.234 -4.224
v 23.399 -42.233 -5.242
v 24.317 -43.061 -5.147
v 24.176 -43.058 -4.126
v 24.76 -44.174 -4.077
v 23.787 -47.524 -5.194
v 26.267 -48.832 -4.901
v 25.433 -49.664 -5.002
v 24.46 -50.297 -5.101
v 23.252 -47.817 -5.243
v 23.401 -50.679 -5.242
v 24.23 -47.084 -5.143
v 26.943 -47.913 -4.805
v 22.04 -48.155 -5.388
v 22.278 -50.877 -5.39
v 21.12 -50.872 -5.532
v 24.802 -45.974 -5.051
v 27.622 -45.729 -4.709
v 27.382 -46.843 -4.756
v 21.454 -48.158 -5.487
v 24.956 -45.386 -5.046
v 20.821 -48.013 -5.536
v 20.001 -50.583 -5.631
v 24.953 -44.757 -5.048
v 27.67 -44.564 -4.709
v 20.294 -47.766 -5.63
v 24.86 -44.171 -5.046
v 19.762 -47.425 -5.678
v 18.007 -49.469 -5.875
v 24.664 -43.59 -5.095
v 27.042 -42.329 -4.805
v 17.239 -48.637 -5.968
v 16.606 -47.668 -6.066
v 19.035 -46.404 -5.774
v 25.636 -40.531 -4.949
v 23.887 -42.571 -5.193
v 18.686 -45.246 -5.827
v 22.82 -41.988 -5.289
v 15.971 -45.438 -6.165
v 23.644 -39.416 -5.193
v 18.841 -44.026 -5.774
v 22.189 -41.842 -5.386
v 21.6 -41.847 -5.438
v 16.262 -43.156 -6.117
v 21.403 -39.13 -5.488
v 16.751 -42.086 -6.066
v 19.417 -42.913 -5.728
v 20.972 -41.942 -5.533
v 20.383 -42.189 -5.586
v 17.386 -41.161 -5.968
v 19.908 -42.473 -5.677
v 19.169 -39.713 -5.731
v 18.206 -40.339 -5.873
v 27.522 -45.73 -3.739
v 25.29 -49.662 -3.981
v 23.259 -50.676 -4.22
v 18.837 -50.145 -4.805
v 18.929 -50.149 -5.778
v 17.084 -48.644 -5.002
v 16.17 -46.551 -6.114
v 15.872 -44.274 -5.146
v 16.022 -44.271 -6.164
v 18.203 -43.739 -0.486
v 21.267 -41.745 -0.726
v 20.485 -41.991 -4.563
v 21.704 -41.745 -4.415
v 20.007 -41.986 -0.676
v 22.482 -41.987 -0.677
v 22.917 -41.988 -4.27
v 23.977 -42.722 -4.177
v 24.66 -43.739 -4.078
v 24.95 -45.002 -4.03
v 18.543 -43.205 -0.874
v 18.74 -43.737 -4.805
v 19.421 -42.717 -4.707
v 18.492 -43.207 -0.536
v 19.413 -42.285 -0.779
v 19.419 -42.281 -0.63
v 24.661 -46.263 -4.078
v 23.983 -47.281 -4.174
v 17.916 -44.998 -0.338
v 18.739 -46.262 -4.805
v 18.5 -44.997 -4.852
v 18.159 -46.26 -0.192
v 23.008 -47.721 -0.098
v 22.919 -48.006 -4.269
v 22.959 -47.721 -0.001
v 21.212 -48.254 -0.341
v 21.694 -48.257 -4.42
v 20.481 -48.013 -4.565
v 19.909 -48.006 0.052
v 18.927 -47.286 -0.634
v 19.411 -47.287 -4.712
v 18.831 -47.285 -0.099
v 18.838 -47.28 -0.047
v 17.377 -14.904 -3.933
v 17.329 -14.225 -4.03
v 13.732 -14.228 -4.032
v 17.427 -15.486 -3.884
v 17.621 -16.02 -3.835
v 17.917 -16.502 -3.736
v 19.023 -23.257 -2.964
v 18.736 -17.332 -3.642
v 18.305 -16.939 -3.688
v 19.373 -22.911 -3.008
v 19.266 -17.577 -3.644
v 18.694 -23.589 -2.91
v 19.806 -22.67 -3.01
v 19.812 -17.763 -3.59
v 18.494 -24.03 -2.865
v 20.296 -22.522 -3.008
v 20.385 -17.818 -3.594
v 18.346 -24.517 -2.817
v 20.781 -22.473 -3.056
v 20.977 -17.811 -3.589
v 20.393 -17.813 -3.59
v 18.296 -25.004 -2.721
v 21.262 -22.525 -3.01
v 22.377 -18.011 -3.593
v 21.754 -22.666 -3.007
v 23.689 -18.447 -3.544
v 22.18 -22.916 -3.012
v 24.897 -19.082 -3.45
v 22.58 -23.248 -2.958
v 26.023 -19.998 -3.348
v 22.92 -23.588 -2.909
v 26.887 -21.073 -3.207
v 23.151 -24.033 -2.866
v 14.223 -34.661 -1.554
v 18.736 -26.409 -2.574
v 18.491 -25.975 -2.624
v 18.35 -25.486 -2.67
v 27.575 -22.28 -3.057
v 23.306 -24.511 -2.813
v 27.968 -23.637 -2.91
v 23.347 -25.002 -2.72
v 18.636 -33.014 -1.75
v 19.074 -26.75 -2.526
v 18.247 -33.451 -1.702
v 19.083 -32.667 -1.794
v 19.461 -27.091 -2.478
v 18.005 -33.936 -1.653
v 19.569 -32.424 -1.842
v 19.908 -27.327 -2.474
v 17.813 -34.469 -1.603
v 20.091 -32.238 -1.848
v 20.392 -27.474 -2.425
v 17.725 -34.996 -1.55
v 17.714 -35.004 -1.556
v 20.638 -32.18 -1.89
v 20.87 -27.479 -2.429
v 20.628 -32.187 -1.895
v 17.715 -35.149 -1.507
v 28.101 -25.005 -2.722
v 23.295 -25.49 -2.673
v 21.171 -32.181 -1.89
v 21.359 -27.476 -2.427
v 17.82 -35.677 -1.454
v 17.968 -36.161 -1.404
v 28.006 -26.362 -2.575
v 23.158 -25.97 -2.62
v 22.567 -31.995 -1.896
v 21.796 -27.331 -2.476
v 18.207 -36.6 -1.358
v 27.622 -27.719 -2.427
v 23.884 -31.554 -1.942
v 22.239 -27.084 -2.473
v 26.993 -28.931 -2.281
v 22.919 -26.404 -2.57
v 25.104 -30.918 -2.036
v 22.626 -26.745 -2.522
v 26.169 -29.998 -2.134
v 18.938 -42.715 -0.58
v 18.927 -37.334 -1.265
v 18.539 -37.043 -1.313
v 19.411 -37.578 -1.217
v 19.907 -37.765 -1.212
v 18.01 -44.369 -0.388
v 20.587 -41.793 -0.726
v 20.437 -37.816 -1.214
v 20.444 -37.811 -1.21
v 21.554 -37.816 -1.213
v 21.887 -41.801 -0.731
v 22.962 -38.01 -1.165
v 24.271 -38.448 -1.117
v 23.061 -42.28 -0.63
v 25.482 -39.081 -1.021
v 23.548 -42.716 -0.58
v 26.502 -40.003 -0.924
v 23.936 -43.202 -0.532
v 27.379 -41.068 -0.825
v 24.219 -43.742 -0.488
v 14.278 -55.53 0.925
v 18.443 -46.799 -0.099
v 17.955 -45.636 -0.246
v 28.014 -42.279 -0.629
v 18.59 -53.061 0.63
v 19.027 -52.721 0.581
v 19.324 -47.716 0.002
v 18.252 -53.545 0.679
v 28.394 -43.644 -0.488
v 24.412 -44.373 -0.391
v 19.513 -52.429 0.582
v 18.005 -54.033 0.774
v 20.048 -52.234 0.534
v 20.532 -48.206 0.048
v 17.818 -54.562 0.826
v 20.629 -52.186 0.533
v 20.636 -52.182 0.536
v 21.166 -48.252 0.049
v 17.77 -55.144 0.875
v 17.774 -55.53 0.926
v 28.494 -45.001 -0.34
v 24.461 -45.005 -0.343
v 21.361 -52.184 0.535
v 21.802 -48.201 0.051
v 28.354 -46.357 -0.144
v 24.412 -45.636 -0.246
v 22.714 -51.994 0.532
v 22.423 -48.014 0.046
v 27.92 -47.714 0.003
v 24.219 -46.266 -0.196
v 24.076 -51.556 0.484
v 27.277 -48.936 0.143
v 23.883 -46.797 -0.097
v 25.289 -50.925 0.387
v 23.49 -47.286 -0.051
v 26.365 -49.997 0.294
v 17.385 -55.093 3.935
v 17.333 -55.533 3.982
v 13.741 -55.532 3.982
v 17.434 -54.511 3.838
v 17.622 -53.981 3.787
v 17.916 -53.493 3.74
v 19.033 -46.745 2.915
v 18.733 -52.674 3.638
v 18.304 -53.057 3.642
v 19.419 -47.087 2.962
v 19.274 -52.427 3.593
v 18.69 -46.408 2.865
v 19.805 -47.332 2.961
v 19.807 -52.233 3.544
v 18.502 -45.967 2.819
v 20.295 -47.425 3.012
v 20.392 -52.183 3.545
v 18.352 -45.484 2.768
v 20.772 -47.48 3.007
v 20.974 -52.183 3.545
v 20.387 -52.186 3.543
v 18.297 -45.004 2.668
v 21.259 -47.43 3.008
v 22.378 -51.992 3.543
v 21.753 -47.327 2.964
v 23.693 -51.552 3.497
v 22.18 -47.091 2.959
v 24.908 -50.92 3.4
v 22.576 -46.746 2.914
v 26.022 -49.999 3.302
v 22.916 -46.406 2.866
v 26.889 -48.936 3.153
v 23.161 -45.968 2.818
v 14.226 -34.902 1.457
v 18.738 -43.593 2.524
v 18.495 -44.03 2.573
v 18.345 -44.519 2.619
v 27.576 -47.717 3.011
v 23.296 -45.49 2.764
v 27.963 -46.359 2.865
v 23.347 -45.003 2.668
v 18.639 -36.993 1.746
v 19.085 -43.248 2.479
v 18.255 -36.552 1.7
v 19.073 -37.334 1.745
v 19.459 -42.918 2.424
v 18.014 -36.065 1.604
v 19.563 -37.574 1.796
v 19.898 -42.674 2.425
v 17.812 -35.537 1.551
v 20.101 -37.765 1.846
v 20.385 -42.527 2.377
v 17.715 -35.003 1.503
v 17.718 -35.001 1.504
v 20.626 -37.82 1.842
v 20.877 -42.474 2.38
v 20.638 -37.811 1.848
v 17.719 -34.854 1.457
v 28.109 -44.999 2.671
v 23.297 -44.518 2.619
v 21.167 -37.815 1.845
v 21.359 -42.525 2.378
v 17.81 -34.325 1.405
v 17.963 -33.835 1.36
v 28.011 -43.641 2.525
v 23.16 -44.027 2.575
v 22.58 -38.006 1.848
v 21.846 -42.67 2.428
v 18.206 -33.397 1.312
v 27.624 -42.28 2.38
v 23.879 -38.45 1.891
v 22.232 -42.914 2.427
v 18.549 -32.958 1.265
v 26.99 -41.069 2.233
v 22.961 -43.593 2.524
v 25.104 -39.074 1.993
v 22.616 -43.257 2.473
v 26.162 -40.003 2.086
v 18.931 -27.283 0.582
v 18.932 -32.671 1.213
v 18.492 -26.799 0.484
v 19.423 -27.715 0.634
v 19.417 -32.428 1.165
v 18.203 -26.263 0.437
v 20.003 -28.008 0.633
v 19.899 -32.236 1.163
v 18.017 -25.627 0.343
v 20.587 -28.201 0.682
v 20.434 -32.187 1.163
v 20.436 -32.186 1.164
v 17.914 -24.999 0.292
v 21.268 -28.249 0.682
v 21.554 -32.185 1.165
v 21.887 -28.209 0.676
v 22.918 -31.987 1.119
v 22.481 -28.006 0.634
v 24.277 -31.55 1.07
v 23.056 -27.721 0.63
v 25.488 -30.921 1.02
v 23.548 -27.279 0.585
v 26.51 -29.997 0.876
v 23.936 -26.794 0.487
v 27.382 -28.93 0.778
v 24.217 -26.267 0.434
v 28.005 -27.722 0.629
v 14.274 -13.834 -1.067
v 18.451 -23.201 0.051
v 18.154 -23.739 0.145
v 17.962 -24.369 0.195
v 18.595 -16.94 -0.678
v 18.841 -22.715 0.003
v 19.036 -17.277 -0.628
v 19.326 -22.278 -0.046
v 18.248 -16.46 -0.731
v 28.402 -26.357 0.439
v 24.418 -25.631 0.34
v 19.511 -17.576 -0.633
v 19.897 -21.995 -0.1
v 18.014 -15.968 -0.823
v 20.049 -17.767 -0.583
v 20.482 -21.799 -0.099
v 17.818 -15.435 -0.873
v 20.638 -17.811 -0.579
v 20.626 -17.819 -0.585
v 21.167 -21.747 -0.096
v 17.767 -14.855 -0.922
v 28.493 -25.002 0.29
v 24.467 -25 0.292
v 21.364 -17.813 -0.58
v 21.797 -21.796 -0.097
v 17.767 -13.835 -1.068
v 28.352 -23.64 0.098
v 24.423 -24.365 0.197
v 22.72 -18.009 -0.533
v 22.373 -21.995 -0.1
v 27.918 -22.279 -0.046
v 24.229 -23.735 0.148
v 24.077 -18.447 -0.486
v 22.964 -22.28 -0.047
v 27.227 -21.073 -0.197
v 23.881 -23.206 0.047
v 25.289 -19.08 -0.438
v 23.493 -22.721 -0.001
v 26.354 -20.004 -0.343
v 22.525 -51.602 12.913
v 22.378 -51.992 3.543
v 20.974 -52.183 3.545
v 21.167 -51.99 13.059
v 19.807 -52.184 13.156
v 19.802 -52.188 13.154
v 27.381 -47.718 4.37
v 26.365 -47.716 12.624
v 26.935 -45.005 12.57
v 27.963 -46.359 2.865
v 27.576 -47.717 3.011
v 26.889 -48.936 3.153
v 25.869 -50.004 4.172
v 24.812 -50.045 12.722
v 26.022 -49.999 3.302
v 24.908 -50.92 3.4
v 23.645 -51.552 3.885
v 23.74 -50.922 12.816
v 23.693 -51.552 3.497
v 21.797 -45 15.243
v 21.744 -44.518 15.241
v 23.347 -45.003 2.668
v 17.039 -44.03 14.66
v 18.495 -44.03 2.573
v 17.421 -43.258 16.016
v 16.848 -44.027 16.118
v 16.695 -44.518 16.115
v 16.644 -45.005 16.114
v 17.58 -43.248 14.712
v 18.738 -43.593 2.524
v 18.253 -42.67 15.874
v 18.392 -42.675 14.803
v 19.085 -43.248 2.479
v 19.459 -42.918 2.424
v 18.742 -42.522 15.779
v 19.327 -42.472 14.906
v 19.898 -42.674 2.425
v 20.877 -42.474 2.38
v 19.757 -42.525 15.583
v 19.223 -42.477 15.68
v 20.291 -42.671 15.049
v 21.846 -42.67 2.428
v 22.616 -43.257 2.473
v 21.072 -43.251 15.342
v 20.193 -42.672 15.485
v 21.601 -44.03 15.194
v 23.16 -44.027 2.575
v 21.606 -44.027 15.245
v 18.304 -32.28 6.555
v 15.969 -33.594 7.863
v 17.132 -34.178 4.852
v 14.276 -33.153 10.633
v 14.276 -33.347 10.633
v 14.322 -33.009 10.68
v 14.423 -32.763 10.731
v 14.559 -32.576 10.872
v 14.756 -32.429 11.019
v 15.042 -32.335 11.21
v 18.548 -33.008 1.264
v 18.206 -33.397 1.312
v 18.549 -32.958 1.265
v 19.417 -32.428 1.165
v 17.761 -32.82 4.706
v 17.719 -34.855 1.456
v 17.81 -34.325 1.405
v 17.963 -33.835 1.36
v 20.434 -32.187 1.163
v 16.024 -32.328 9.954
v 22.374 -32.188 7.959
v 16.316 -32.327 9.566
v 16.746 -32.283 8.98
v 17.529 -32.279 7.818
v 18.979 -32.235 5.339
v 19.559 -32.237 3.978
v 21.554 -32.185 1.165
v 20.434 -32.187 1.163
v 23.161 -45.968 2.818
v 22.916 -46.406 2.866
v 21.755 -45.481 15.246
v 21.609 -45.967 15.198
v 22.576 -46.746 2.914
v 22.18 -47.091 2.959
v 21.607 -45.968 15.245
v 21.067 -46.749 15.145
v 21.753 -47.327 2.964
v 21.074 -46.744 15.343
v 20.289 -47.332 15.048
v 20.772 -47.48 3.007
v 19.763 -47.424 15.586
v 20.19 -47.334 15.484
v 19.325 -47.473 14.905
v 19.805 -47.332 2.961
v 18.74 -47.427 15.778
v 19.226 -47.475 15.681
v 18.397 -47.332 14.805
v 19.033 -46.745 2.915
v 17.432 -46.745 16.022
v 18.256 -47.328 15.876
v 17.046 -45.967 14.664
v 18.502 -45.967 2.819
v 18.297 -45.004 2.668
v 16.702 -45.484 16.118
v 16.846 -45.971 16.117
v 13.258 -52.327 13.449
v 11.887 -52.335 14.56
v 13.539 -52.334 13.202
v 13.887 -52.328 12.914
v 14.521 -52.278 12.382
v 15.831 -52.278 11.12
v 16.995 -52.231 9.905
v 18.102 -52.237 8.493
v 19.083 -52.181 6.993
v 19.86 -52.181 5.294
v 20.387 -52.186 3.543
v 20.387 -52.186 3.543
v 26.361 -42.281 12.622
v 27.624 -42.28 2.38
v 28.109 -44.999 2.671
v 22.62 -38.4 12.038
v 23.737 -39.079 12.815
v 22.531 -38.394 12.916
v 21.162 -38.013 13.057
v 21.167 -37.815 1.845
v 23.879 -38.45 1.891
v 24.848 -39.956 12.327
v 24.805 -39.953 12.718
v 26.162 -40.003 2.086
v 20.59 -37.811 2.479
v 20.638 -37.811 1.848
v 20.336 -37.819 3.785
v 19.806 -37.816 13.156
v 19.664 -37.813 5.779
v 18.74 -37.766 7.574
v 17.522 -37.769 9.271
v 19.709 -37.816 13.156
v 16.94 -37.769 9.999
v 16.265 -37.717 10.681
v 14.812 -37.714 12.091
v 13.352 -37.668 13.351
v 12.766 -37.671 13.835
v 11.893 -37.671 14.563
v 22.431 -32.085 8.351
v 22.378 -32.137 8.155
v 22.383 -32.182 8.06
v 22.374 -32.188 8.007
v 22.376 -32.187 7.96
v 15.148 -32.329 11.409
v 13.638 -32.284 12.329
v 13.739 -32.087 12.573
v 22.577 -31.891 8.643
v 15.042 -32.335 11.259
v 22.58 -31.889 8.644
v 14.275 -30.678 13.885
v 13.738 -32.088 12.573
v 22.577 -31.891 8.643
v 23.108 -30.437 9.952
v 23.108 -30.437 9.952
v 14.275 -30.678 13.885
v 16.798 -43.543 13.982
v 16.457 -44.612 13.933
v 19.269 -43.547 -5.875
v 17.578 -42.619 14.08
v 19.999 -42.623 -5.777
v 18.593 -42.088 14.175
v 21.068 -42.088 -5.68
v 19.758 -42.039 14.321
v 22.191 -42.035 -5.531
v 20.88 -42.375 14.469
v 23.298 -42.381 -5.39
v 21.747 -43.156 14.563
v 24.17 -43.159 -5.294
v 22.285 -44.173 14.662
v 24.714 -44.172 -5.192
v 24.802 -45.392 -5.196
v 21.986 -46.46 14.61
v 22.378 -45.39 14.66
v 24.414 -46.46 -5.245
v 21.208 -47.383 14.512
v 23.685 -47.383 -5.342
v 20.192 -47.915 14.368
v 22.616 -47.917 -5.488
v 19.028 -47.963 14.223
v 21.45 -47.966 -5.634
v 17.956 -47.626 14.124
v 20.39 -47.621 -5.728
v 17.044 -46.842 13.983
v 19.518 -46.843 -5.872
v 16.55 -45.828 13.931
v 18.976 -45.829 -5.925
v 18.89 -44.608 -5.919
v 21.608 -39.802 15.003
v 20.046 -40.245 15.533
v 21.989 -40.633 15.194
v 19.999 -39.565 15.242
v 19.993 -39.763 15.385
v 20.045 -40.003 15.484
v 23.059 -40.534 14.758
v 23.065 -41.258 15.003
v 24.026 -41.314 14.61
v 23.927 -42.189 14.852
v 24.761 -42.328 14.517
v 24.52 -43.153 14.76
v 25.244 -43.495 14.418
v 24.853 -44.225 14.708
v 25.485 -44.759 14.369
v 24.909 -45.336 14.663
v 25.385 -46.022 14.416
v 24.656 -46.46 14.707
v 24.995 -47.237 14.464
v 24.173 -47.478 14.805
v 24.316 -48.305 14.561
v 23.444 -48.352 14.95
v 23.295 -49.325 14.706
v 22.574 -49.078 15.098
v 22.083 -50.004 14.901
v 21.552 -49.516 15.291
v 20.827 -49.709 15.389
v 20.055 -49.996 15.489
v 20.043 -49.762 15.531
v 20.001 -50.243 15.389
v 20 -50.438 15.243
v 21.703 -38.153 13.012
v 19.806 -37.816 13.156
v 19.808 -37.863 13.399
v 19.854 -37.962 13.641
v 19.861 -38.103 13.838
v 22.431 -38.688 13.594
v 23.49 -38.937 12.861
v 24.609 -40.148 13.348
v 24.95 -40.099 12.718
v 25.685 -41.551 13.255
v 26.415 -42.326 12.625
v 26.456 -43.35 13.155
v 26.935 -45.005 12.57
v 26.654 -45.144 13.157
v 26.645 -46.946 12.57
v 26.402 -46.753 13.152
v 25.829 -48.251 13.206
v 25.867 -48.695 12.667
v 24.9 -49.566 13.299
v 24.703 -50.151 12.764
v 23.697 -50.627 13.45
v 22.429 -51.601 12.914
v 22.288 -51.355 13.596
v 21.063 -51.752 13.736
v 19.801 -51.897 13.881
v 19.805 -51.895 13.883
v 19.762 -52.085 13.546
v 19.802 -52.188 13.154
v 19.756 -52.138 13.349
v 19.753 -52.188 13.251
v 19.761 -52.182 13.206
v 19.999 -39.565 15.242
v 19.81 -38.105 13.886
v 21.504 -39.807 14.999
v 21.844 -38.496 13.641
v 22.817 -40.339 14.807
v 23.442 -39.228 13.444
v 23.838 -41.164 14.662
v 24.665 -40.192 13.352
v 24.712 -42.28 14.516
v 25.78 -41.649 13.205
v 25.289 -43.595 14.416
v 26.452 -43.305 13.153
v 25.488 -44.999 14.37
v 26.461 -46.697 13.158
v 26.648 -45.051 13.154
v 25.289 -46.362 14.416
v 25.774 -48.352 13.203
v 24.763 -47.715 14.517
v 24.608 -49.858 13.348
v 23.832 -48.838 14.659
v 23.495 -50.729 13.447
v 22.82 -49.658 14.808
v 21.889 -51.509 13.639
v 21.5 -50.199 14.997
v 20 -50.438 15.243
v 19.763 -37.861 13.401
v 19.707 -37.817 13.155
v 19.751 -37.966 13.638
v 19.811 -37.91 13.546
v 16.748 -46.359 13.981
v 17.044 -46.842 13.983
v 17.482 -47.278 14.032
v 18.45 -47.863 14.176
v 17.956 -47.626 14.124
v 16.456 -45.243 13.932
v 16.55 -45.828 13.931
v 19.028 -47.963 14.223
v 16.457 -44.612 13.933
v 20.726 -47.672 14.465
v 19.613 -48.009 14.321
v 20.192 -47.915 14.368
v 17.14 -43.056 14.031
v 16.798 -43.543 13.982
v 16.559 -44.075 13.935
v 21.647 -46.945 14.561
v 21.208 -47.383 14.512
v 18.054 -42.334 14.124
v 17.578 -42.619 14.08
v 22.24 -45.918 14.615
v 21.986 -46.46 14.61
v 19.179 -41.988 14.274
v 18.593 -42.088 14.175
v 22.378 -45.39 14.66
v 19.758 -42.039 14.321
v 22.034 -43.645 14.609
v 22.384 -44.755 14.663
v 22.285 -44.173 14.662
v 21.356 -42.721 14.513
v 20.88 -42.375 14.469
v 20.335 -42.14 14.415
v 21.747 -43.156 14.563
v 19.799 -32.19 -13.159
v 19.755 -32.187 -13.205
v 19.755 -32.187 -13.254
v 19.753 -32.14 -13.352
v 19.761 -32.086 -13.542
v 21.698 -31.846 -13.01
v 19.801 -31.897 -13.886
v 19.812 -31.889 -13.881
v 22.328 -31.361 -13.593
v 23.493 -31.07 -12.865
v 24.511 -29.955 -13.352
v 24.906 -29.901 -12.717
v 25.628 -28.546 -13.254
v 26.404 -27.673 -12.624
v 26.403 -26.751 -13.158
v 26.948 -24.996 -12.57
v 26.656 -24.948 -13.153
v 26.462 -23.346 -13.153
v 26.645 -23.063 -12.576
v 25.876 -21.795 -13.203
v 25.868 -21.315 -12.673
v 24.903 -20.486 -13.301
v 24.703 -19.859 -12.77
v 23.687 -19.42 -13.448
v 22.431 -18.396 -12.911
v 22.283 -18.64 -13.592
v 21.075 -18.248 -13.735
v 19.803 -18.11 -13.885
v 19.811 -18.104 -13.881
v 19.758 -17.912 -13.544
v 19.805 -17.816 -13.156
v 19.757 -17.865 -13.35
v 19.764 -17.811 -13.249
v 19.76 -17.814 -13.203
v 20 -30.437 -15.243
v 21.603 -31.602 -13.689
v 21.501 -30.198 -15.002
v 23.056 -31.021 -13.496
v 22.817 -29.66 -14.805
v 24.612 -29.855 -13.35
v 23.835 -28.835 -14.66
v 24.711 -27.718 -14.514
v 25.778 -28.349 -13.203
v 25.291 -26.409 -14.418
v 26.455 -26.701 -13.156
v 25.488 -24.998 -14.368
v 26.451 -23.306 -13.159
v 26.651 -25 -13.155
v 25.295 -23.639 -14.416
v 25.781 -21.648 -13.202
v 24.76 -22.28 -14.514
v 24.606 -20.15 -13.352
v 23.839 -21.163 -14.658
v 23.89 -19.51 -13.443
v 22.814 -20.341 -14.807
v 23.058 -18.981 -13.496
v 21.504 -19.807 -15.001
v 21.557 -18.396 -13.688
v 20.002 -19.562 -15.242
v 21.599 -30.197 -15.002
v 20 -30.437 -15.243
v 20.046 -30.245 -15.39
v 20.054 -30.045 -15.483
v 20.055 -29.754 -15.531
v 21.992 -29.368 -15.194
v 23.059 -29.466 -14.757
v 23.061 -28.736 -14.999
v 24.025 -28.693 -14.614
v 23.928 -27.819 -14.857
v 24.764 -27.665 -14.511
v 24.518 -26.843 -14.756
v 25.245 -26.504 -14.417
v 24.86 -25.774 -14.706
v 25.484 -25.244 -14.37
v 24.897 -24.665 -14.663
v 25.39 -23.98 -14.417
v 24.659 -23.545 -14.71
v 24.997 -22.77 -14.468
v 24.182 -22.52 -14.803
v 24.319 -21.7 -14.564
v 23.44 -21.607 -14.955
v 23.296 -20.684 -14.712
v 22.573 -20.923 -15.097
v 22.083 -20.004 -14.905
v 21.555 -20.485 -15.291
v 20.828 -20.29 -15.387
v 20.051 -19.999 -15.485
v 20.043 -20.247 -15.537
v 19.995 -19.762 -15.391
v 20.002 -19.562 -15.242
v 17.135 -23.059 -14.03
v 17.573 -22.622 -14.078
v 18.057 -22.332 -14.127
v 19.171 -21.993 -14.274
v 18.594 -22.086 -14.174
v 16.551 -24.08 -13.933
v 16.79 -23.548 -13.984
v 19.761 -22.037 -14.319
v 16.453 -24.615 -13.934
v 21.355 -22.722 -14.517
v 20.339 -22.137 -14.418
v 20.868 -22.383 -14.469
v 16.743 -26.363 -13.983
v 16.549 -25.829 -13.934
v 16.461 -25.24 -13.93
v 22.044 -23.637 -14.609
v 21.753 -23.152 -14.561
v 17.474 -27.283 -14.03
v 17.045 -26.841 -13.978
v 22.385 -24.753 -14.657
v 22.286 -24.172 -14.658
v 18.453 -27.86 -14.172
v 17.964 -27.62 -14.125
v 22.382 -25.387 -14.659
v 19.031 -27.961 -14.223
v 21.646 -26.946 -14.566
v 22.231 -25.924 -14.613
v 21.996 -26.453 -14.609
v 20.735 -27.666 -14.463
v 20.195 -27.913 -14.369
v 19.617 -28.007 -14.318
v 21.213 -27.38 -14.515
v 19.799 -32.19 -13.159
v 19.813 -32.18 -13.152
v 21.165 -31.991 -13.058
v 26.361 -27.718 -12.621
v 27.622 -27.719 -2.427
v 24.897 -30.005 -12.333
v 24.809 -30.047 -12.717
v 23.745 -30.918 -12.812
v 22.618 -31.556 -12.041
v 21.171 -32.181 -1.89
v 22.528 -31.6 -12.911
v 26.121 -29.997 -2.231
v 23.884 -31.554 -1.942
v 26.169 -29.998 -2.134
v 23.881 -31.556 -1.943
v 21.748 -25.486 -15.243
v 23.347 -25.002 -2.72
v 17.035 -25.974 -14.662
v 18.491 -25.975 -2.624
v 17.432 -26.745 -16.017
v 16.84 -25.975 -16.119
v 16.693 -25.49 -16.12
v 17.572 -26.749 -14.71
v 18.736 -26.409 -2.574
v 18.254 -27.33 -15.873
v 18.393 -27.334 -14.809
v 19.074 -26.75 -2.526
v 19.461 -27.091 -2.478
v 18.74 -27.474 -15.776
v 19.324 -27.474 -14.902
v 19.908 -27.327 -2.474
v 20.87 -27.479 -2.429
v 19.762 -27.473 -15.58
v 19.227 -27.474 -15.678
v 20.29 -27.331 -15.049
v 21.796 -27.331 -2.476
v 22.626 -26.745 -2.522
v 21.073 -26.745 -15.338
v 20.193 -27.331 -15.486
v 21.597 -25.975 -15.197
v 23.158 -25.97 -2.62
v 21.602 -25.971 -15.243
v 21.799 -24.999 -15.242
v 23.151 -24.033 -2.866
v 22.92 -23.588 -2.909
v 21.745 -24.517 -15.244
v 21.601 -24.031 -15.195
v 22.58 -23.248 -2.958
v 22.18 -22.916 -3.012
v 21.597 -24.033 -15.246
v 21.073 -23.249 -15.143
v 21.754 -22.666 -3.007
v 21.064 -23.256 -15.342
v 20.296 -22.667 -15.046
v 20.781 -22.473 -3.056
v 19.762 -22.522 -15.581
v 20.201 -22.665 -15.482
v 19.325 -22.473 -14.901
v 19.806 -22.67 -3.01
v 18.735 -22.527 -15.779
v 19.22 -22.478 -15.681
v 18.398 -22.67 -14.806
v 19.023 -23.257 -2.964
v 17.431 -23.25 -16.018
v 18.252 -22.671 -15.874
v 17.037 -24.031 -14.662
v 18.494 -24.03 -2.865
v 18.296 -25.004 -2.721
v 16.652 -24.999 -16.116
v 16.696 -24.517 -16.118
v 16.843 -24.031 -16.118
v 21.168 -18.008 -13.057
v 19.801 -17.82 -13.158
v 19.805 -17.816 -13.156
v 28.101 -25.005 -2.722
v 27.968 -23.637 -2.91
v 26.948 -24.996 -12.57
v 22.622 -18.398 -12.039
v 23.689 -18.447 -3.544
v 22.377 -18.011 -3.593
v 22.523 -18.399 -12.914
v 23.744 -19.074 -12.813
v 24.849 -19.956 -12.333
v 26.023 -19.998 -3.348
v 24.897 -19.082 -3.45
v 24.801 -19.955 -12.721
v 26.364 -22.279 -12.619
v 26.363 -22.28 -12.474
v 26.887 -21.073 -3.207
v 27.521 -22.284 -3.303
v 27.575 -22.28 -3.057
v 13.249 -17.673 -13.449
v 11.895 -17.669 -14.563
v 13.549 -17.666 -13.201
v 13.881 -17.672 -12.914
v 14.47 -17.716 -12.377
v 15.82 -17.723 -11.168
v 16.993 -17.765 -9.902
v 18.111 -17.765 -8.493
v 19.08 -17.814 -6.989
v 19.861 -17.811 -5.337
v 20.977 -17.811 -3.589
v 20.387 -17.817 -3.593
v 20.393 -17.813 -3.59
v 16.549 -25.829 -13.934
v 18.889 -24.608 5.925
v 18.975 -25.83 5.919
v 17.045 -26.841 -13.978
v 19.516 -26.845 5.874
v 17.964 -27.62 -14.125
v 20.392 -27.619 5.73
v 19.031 -27.961 -14.223
v 21.452 -27.965 5.629
v 20.195 -27.913 -14.369
v 22.623 -27.912 5.486
v 21.213 -27.38 -14.515
v 23.696 -27.375 5.343
v 21.996 -26.453 -14.609
v 24.414 -26.459 5.241
v 22.382 -25.387 -14.659
v 22.286 -24.172 -14.658
v 24.812 -25.385 5.197
v 24.714 -24.172 5.197
v 21.753 -23.152 -14.561
v 24.174 -23.157 5.291
v 20.868 -22.383 -14.469
v 23.303 -22.377 5.389
v 19.761 -22.037 -14.319
v 22.186 -22.038 5.535
v 18.594 -22.086 -14.174
v 21.07 -22.086 5.681
v 17.573 -22.622 -14.078
v 20.006 -22.618 5.779
v 16.79 -23.548 -13.984
v 19.278 -23.54 5.877
v 16.453 -24.615 -13.934
v 18.203 -26.263 0.437
v 17.914 -24.999 0.292
v 18.501 -24.996 4.857
v 20.003 -28.008 0.633
v 19.413 -27.285 4.706
v 20.479 -28.015 4.56
v 19.423 -27.715 0.634
v 21.268 -28.249 0.682
v 21.706 -28.248 4.421
v 22.481 -28.006 0.634
v 22.917 -28.007 4.274
v 23.548 -27.279 0.585
v 23.976 -27.286 4.172
v 24.661 -26.262 4.078
v 24.217 -26.267 0.434
v 18.543 -26.797 0.728
v 18.743 -26.259 4.809
v 18.931 -27.283 0.582
v 18.492 -26.799 0.484
v 24.467 -25 0.292
v 24.949 -25.003 4.028
v 24.664 -23.736 4.08
v 24.229 -23.735 0.148
v 23.98 -22.72 4.174
v 23.881 -23.206 0.047
v 23.493 -22.721 -0.001
v 18.734 -23.741 4.804
v 18.154 -23.739 0.145
v 22.96 -22.283 0.048
v 22.916 -21.988 4.274
v 22.373 -21.995 -0.1
v 22.964 -22.28 -0.047
v 21.218 -21.745 0.293
v 21.704 -21.745 4.42
v 20.488 -21.989 4.564
v 19.897 -21.995 -0.1
v 21.167 -21.747 -0.096
v 18.929 -22.721 0.581
v 19.412 -22.723 4.706
v 18.837 -22.717 0.05
v 18.841 -22.715 0.003
v 25.385 -28.692 3.979
v 25.922 -28.788 9.029
v 26.606 -27.959 8.74
v 27.082 -27.043 8.492
v 27.386 -26.064 8.353
v 27.47 -25.005 8.346
v 17.674 -26.988 11.41
v 17.427 -25.001 12.816
v 17.672 -26.504 12.719
v 18.247 -27.868 12.425
v 17.528 -26.989 10.05
v 18.788 -28.689 11.263
v 19.217 -29.034 11.987
v 20.48 -29.81 11.454
v 18.647 -28.685 9.906
v 18.008 -28.691 4.902
v 19.715 -29.85 4.663
v 21.117 -30.049 10.971
v 20.776 -29.953 11.31
v 21.123 -30.045 11.12
v 21.46 -30.144 10.924
v 20.93 -30.044 9.615
v 21.8 -30.192 10.779
v 22.142 -30.239 10.586
v 22.327 -30.246 9.464
v 22.47 -30.248 10.434
v 23.16 -30.191 10.148
v 23.835 -30.001 9.272
v 23.935 -29.999 9.856
v 24.663 -29.707 9.564
v 25.289 -29.322 9.077
v 25.343 -29.319 9.274
v 16.258 -16.314 7.28
v 14.277 -16.647 10.634
v 14.324 -17.036 10.682
v 14.416 -17.283 10.776
v 14.611 -17.477 10.873
v 14.76 -17.571 11.021
v 14.9 -17.623 11.115
v 17.77 -17.183 4.71
v 17.572 -15.438 2.912
v 20.044 -17.819 2.571
v 18.548 -16.988 1.264
v 17.773 -14.851 -0.92
v 20.626 -17.819 -0.585
v 19.511 -17.576 -0.633
v 18.595 -16.94 -0.678
v 18.248 -16.46 -0.731
v 18.014 -15.968 -0.823
v 17.818 -15.435 -0.873
v 21.364 -17.813 -0.58
v 20.626 -17.819 -0.585
v 20.442 -17.813 1.167
v 22.374 -17.819 7.959
v 20 -17.816 2.767
v 22.329 -17.817 8.009
v 22.33 -17.816 8.009
v 18.688 -17.769 5.824
v 17.862 -17.721 7.232
v 15.049 -17.67 11.214
v 16.075 -17.666 9.858
v 16.511 -17.666 9.323
v 16.936 -17.723 8.638
v 17.229 -17.721 8.251
v 27.375 -23.935 8.347
v 26.501 -23.013 3.833
v 27.087 -22.962 8.495
v 26.605 -22.037 8.739
v 25.917 -21.218 9.027
v 24.616 -20.289 9.177
v 23.696 -20.142 4.178
v 25.34 -20.68 9.272
v 24.658 -20.293 9.562
v 23.929 -20.003 9.853
v 23.055 -19.808 9.367
v 23.15 -19.81 10.143
v 22.483 -19.753 10.44
v 20.482 -20.148 11.212
v 21.12 -19.95 11.118
v 20.78 -20.047 11.312
v 20.488 -20.193 11.458
v 19.22 -20.974 11.989
v 21.653 -19.804 9.565
v 22.134 -19.759 10.582
v 21.8 -19.803 10.779
v 21.457 -19.854 10.923
v 19.705 -20.149 4.658
v 20.341 -20.145 9.709
v 18.006 -21.314 4.901
v 18.155 -22.137 11.505
v 18.254 -22.136 12.428
v 17.967 -22.132 10.003
v 17.526 -23.495 11.554
v 17.666 -23.498 12.717
v 17.336 -23.492 10.051
v 23.976 -27.286 4.172
v 26.022 -27.911 3.885
v 24.606 -29.373 4.075
v 23.496 -27.719 4.223
v 23.684 -29.859 4.172
v 24.372 -26.795 4.127
v 26.503 -26.992 3.834
v 22.917 -28.007 4.274
v 24.661 -26.262 4.078
v 22.333 -28.202 4.37
v 22.715 -30.149 4.318
v 24.855 -25.631 4.029
v 26.791 -26.023 3.784
v 21.706 -28.248 4.421
v 21.702 -30.241 4.419
v 20.685 -30.143 4.566
v 24.949 -25.003 4.028
v 26.895 -24.999 3.787
v 26.798 -23.98 3.787
v 21.064 -28.207 4.513
v 24.858 -24.367 4.031
v 20.479 -28.015 4.56
v 24.664 -23.736 4.08
v 19.907 -27.716 4.662
v 18.793 -29.365 4.809
v 24.373 -23.202 4.128
v 26.022 -22.086 3.885
v 19.413 -27.285 4.706
v 23.98 -22.72 4.174
v 25.389 -21.311 3.981
v 17.38 -27.912 4.952
v 19.025 -26.8 4.755
v 24.611 -20.632 4.077
v 23.495 -22.282 4.223
v 16.889 -26.994 5.046
v 18.541 -25.634 4.804
v 18.743 -26.259 4.809
v 22.916 -21.988 4.274
v 22.326 -21.799 4.367
v 16.598 -26.023 5.047
v 18.501 -24.996 4.857
v 22.718 -19.855 4.32
v 21.704 -21.745 4.42
v 16.501 -25.003 5.095
v 21.694 -19.761 4.415
v 16.6 -23.982 5.048
v 18.545 -24.368 4.806
v 20.68 -19.854 4.563
v 21.067 -21.797 4.514
v 16.889 -23.013 5.047
v 19.023 -23.208 4.754
v 18.734 -23.741 4.804
v 20.488 -21.989 4.564
v 19.903 -22.282 4.66
v 17.377 -22.089 4.951
v 19.412 -22.723 4.706
v 18.788 -20.63 4.807
v 22.434 -17.86 8.256
v 22.472 -17.867 8.202
v 22.567 -18.111 8.638
v 22.617 -18.11 8.639
v 22.58 -17.957 8.45
v 22.469 -17.966 8.443
v 22.481 -17.91 8.352
v 15.053 -17.667 11.264
v 13.637 -17.721 12.329
v 13.735 -17.915 12.571
v 16.207 -26.558 6.259
v 16.019 -24.273 6.262
v 18.54 -24.518 11.309
v 18.646 -26.065 11.313
v 17.23 -28.644 6.115
v 19.366 -27.479 11.212
v 20.53 -28.499 11.066
v 21.112 -30.877 5.629
v 21.992 -28.98 10.875
v 23.537 -28.84 10.676
v 23.404 -30.676 5.391
v 26.939 -27.915 4.95
v 25.144 -23.885 10.485
v 26.453 -24.712 10.338
v 26.318 -23.928 10.343
v 26.013 -23.209 10.385
v 25.632 -22.524 10.437
v 25.091 -21.995 10.482
v 22.813 -22.138 10.775
v 24.421 -21.503 10.584
v 23.739 -21.213 10.68
v 22.964 -21.018 10.778
v 22.178 -21.024 10.871
v 21.406 -21.166 10.97
v 20.683 -21.406 11.069
v 24.757 -26.748 10.534
v 25.485 -27.622 10.437
v 25.924 -26.99 10.389
v 26.268 -26.259 10.343
v 24.949 -28.158 10.533
v 20.193 -23.254 11.116
v 19.461 -22.383 11.211
v 24.274 -28.591 10.584
v 19.033 -23.008 11.264
v 22.142 -27.86 10.877
v 18.739 -23.738 11.311
v 22.761 -28.986 10.774
v 19.858 -26.114 11.167
v 18.541 -25.294 11.309
v 21.256 -28.791 10.968
v 18.936 -26.794 11.264
v 19.909 -28.006 11.168
v 27.477 -23.446 4.855
v 27.667 -25.731 4.853
v 26.409 -25.485 10.341
v 22.569 -19.129 5.483
v 18.257 -20.337 6.022
v 20.054 -21.841 11.119
v 20.006 -22.618 5.779
v 17.43 -21.163 6.118
v 19.229 -19.705 5.877
v 19.558 -23.062 5.823
v 16.746 -22.089 6.213
v 20.487 -22.329 5.729
v 20.288 -19.323 5.775
v 19.278 -23.54 5.877
v 21.07 -22.086 5.681
v 19.03 -24.077 5.923
v 16.262 -23.156 6.262
v 21.604 -21.99 5.583
v 21.405 -19.129 5.629
v 18.889 -24.608 5.925
v 22.186 -22.038 5.535
v 18.882 -25.244 5.922
v 16.021 -25.436 6.263
v 22.763 -22.139 5.435
v 23.694 -19.414 5.342
v 24.712 -19.853 5.196
v 18.975 -25.83 5.919
v 23.303 -22.377 5.389
v 19.17 -26.363 5.871
v 16.595 -27.675 6.21
v 23.784 -22.721 5.338
v 25.675 -20.537 5.095
v 19.516 -26.845 5.874
v 24.174 -23.157 5.291
v 26.462 -21.356 5.003
v 18.014 -29.463 6.022
v 19.901 -27.283 5.824
v 27.082 -22.335 4.9
v 24.521 -23.637 5.246
v 18.974 -30.151 5.919
v 20.392 -27.619 5.73
v 20.918 -27.868 5.677
v 24.81 -24.755 5.196
v 24.714 -24.172 5.197
v 20 -30.583 5.777
v 27.664 -24.568 4.851
v 21.452 -27.965 5.629
v 22.033 -28.014 5.531
v 24.66 -25.923 5.194
v 24.812 -25.385 5.197
v 22.281 -30.874 5.534
v 27.386 -26.84 4.906
v 22.623 -27.912 5.486
v 23.205 -27.67 5.389
v 24.085 -26.937 5.295
v 24.414 -26.459 5.241
v 24.46 -30.296 5.239
v 23.696 -27.375 5.343
v 26.26 -28.837 4.999
v 25.442 -29.657 5.099
v 22.482 -22.132 7.819
v 24.754 -23.887 7.522
v 21.745 -27.866 7.911
v 20.638 -23.976 7.042
v 23.597 -24.318 6.653
v 19.896 -23.646 7.57
v 20.441 -23.833 7.089
v 19.998 -23.449 7.378
v 19.905 -23.397 7.574
v 19.802 -23.255 7.911
v 19.85 -23.256 8.104
v 20.046 -25.633 7.183
v 19.711 -26.018 7.428
v 20.003 -25.824 7.186
v 20.444 -25.675 7.042
v 19.661 -25.582 7.573
v 19.607 -26.071 7.619
v 19.521 -26.112 7.77
v 19.471 -26.065 7.964
v 19.473 -26.112 7.965
v 19.801 -26.217 7.571
v 20.197 -25.775 7.089
v 19.607 -26.072 7.619
v 19.47 -26.114 7.963
v 19.471 -26.113 8.158
v 21.559 -27.036 6.993
v 21.751 -27.523 7.186
v 21.742 -27.141 6.939
v 21.748 -26.942 6.893
v 21.803 -26.695 6.897
v 21.359 -27.38 7.378
v 21.754 -27.666 7.333
v 21.752 -27.764 7.527
v 21.748 -27.816 7.719
v 21.743 -27.868 7.716
v 22.134 -22.429 7.28
v 22.239 -23.054 6.848
v 22.385 -22.326 7.236
v 22.423 -22.139 7.619
v 20.482 -23.595 7.134
v 20.287 -23.693 7.134
v 20.342 -23.203 7.525
v 19.907 -23.396 7.575
v 19.85 -23.305 7.716
v 19.851 -23.256 7.911
v 19.8 -23.257 7.91
v 21.936 -27.577 7.327
v 21.749 -27.67 7.331
v 21.751 -27.862 7.72
v 23.549 -26.404 6.75
v 24.072 -26.558 6.89
v 23.736 -26.312 6.698
v 23.54 -26.168 6.697
v 23.356 -26.015 6.702
v 23.733 -26.8 7.085
v 24.178 -26.6 7.041
v 24.269 -26.702 7.183
v 24.317 -26.75 7.377
v 24.364 -26.751 7.376
v 24.317 -23.789 7.037
v 24.517 -23.931 6.991
v 24.713 -23.881 7.332
v 22.434 -22.957 6.896
v 22.326 -22.479 7.085
v 22.286 -22.861 6.895
v 22.189 -23.299 6.847
v 22.766 -22.623 7.184
v 22.385 -22.326 7.236
v 22.434 -22.229 7.43
v 22.481 -22.181 7.624
v 22.426 -22.137 7.621
v 24.225 -26.358 7.04
v 24.173 -26.604 7.038
v 24.362 -26.753 7.375
v 24.414 -26.751 7.571
v 23.987 -24.365 6.702
v 24.374 -23.977 6.847
v 23.974 -24.131 6.696
v 23.787 -24.223 6.651
v 24.464 -24.419 6.989
v 24.514 -23.933 6.99
v 24.611 -23.884 7.136
v 24.703 -23.937 7.327
v 24.709 -23.884 7.33
v 16.021 -24.271 6.166
v 16.16 -26.557 6.114
v 18.928 -30.149 5.775
v 20.974 -30.872 4.516
v 21.114 -30.876 5.533
v 23.404 -30.676 5.246
v 23.258 -30.676 4.226
v 25.292 -29.661 3.981
v 26.798 -27.912 3.787
v 24.948 -25.391 5.047
v 24.172 -23.061 4.125
v 24.316 -23.062 5.143
v 23.25 -22.235 4.222
v 23.395 -22.236 5.241
v 20.868 -21.946 4.512
v 18.984 -23.445 4.759
v 19.077 -23.448 5.776
v 19.761 -22.473 4.662
v 17.288 -21.161 5.003
v 19.072 -19.713 4.754
v 20.295 -22.182 4.614
v 20.14 -19.324 4.609
v 19.32 -22.913 4.708
v 21.46 -21.842 4.468
v 21.262 -19.127 4.466
v 22.425 -19.128 4.368
v 18.694 -24.026 4.808
v 15.875 -24.271 5.146
v 16.113 -23.158 5.095
v 22.082 -21.849 4.366
v 18.591 -24.613 4.805
v 22.674 -21.988 4.322
v 23.549 -19.414 4.226
v 18.544 -25.243 4.806
v 16.065 -26.556 5.144
v 15.881 -25.433 5.149
v 18.689 -25.826 4.806
v 23.743 -22.57 4.177
v 25.53 -20.537 3.978
v 18.888 -26.405 4.76
v 16.452 -27.673 5.095
v 19.217 -26.947 4.754
v 17.082 -28.645 4.997
v 26.944 -22.329 3.787
v 24.513 -23.594 4.077
v 17.868 -29.464 4.905
v 19.66 -27.428 4.709
v 24.85 -24.761 4.027
v 24.755 -24.177 4.076
v 18.842 -30.141 4.809
v 20.729 -28.009 4.564
v 27.522 -24.565 3.737
v 19.852 -30.585 4.659
v 27.529 -25.726 3.74
v 24.704 -25.975 4.075
v 24.801 -25.393 4.026
v 21.316 -28.152 4.469
v 21.947 -28.152 4.42
v 27.277 -26.849 3.735
v 22.135 -30.875 4.368
v 24.079 -27.087 4.127
v 23.107 -27.816 4.272
v 26.119 -28.834 3.885
v 24.327 -30.288 4.129
v 19.325 -26.939 5.731
v 20.147 -27.767 4.612
v 22.527 -28.057 4.322
v 23.644 -27.523 4.176
v 23.79 -27.522 5.196
v 24.464 -26.555 4.077
v 27.04 -22.33 4.806
v 25.635 -20.532 4.953
v 23.886 -22.572 5.195
v 24.656 -23.596 5.095
v 24.855 -24.175 5.049
v 22.81 -21.995 5.289
v 23.64 -19.418 5.194
v 22.528 -19.124 5.342
v 24.954 -24.756 5.05
v 27.619 -25.731 4.707
v 27.67 -24.564 4.709
v 22.18 -21.848 5.386
v 21.606 -21.842 5.439
v 21.413 -19.123 5.488
v 20.242 -19.322 5.631
v 24.806 -25.971 5.048
v 26.937 -27.916 4.803
v 27.374 -26.849 4.755
v 20.97 -21.943 5.533
v 24.558 -26.557 5.095
v 20.389 -22.185 5.583
v 19.178 -19.707 5.73
v 24.22 -27.09 5.144
v 26.258 -28.839 4.901
v 19.9 -22.478 5.678
v 18.206 -20.339 5.875
v 25.443 -29.657 5.003
v 17.38 -21.164 5.972
v 19.412 -22.917 5.725
v 24.47 -30.289 5.099
v 23.254 -27.815 5.243
v 16.749 -22.087 6.069
v 18.839 -24.027 5.779
v 22.671 -28.058 5.34
v 22.045 -28.152 5.391
v 16.261 -23.157 6.116
v 22.28 -30.876 5.387
v 18.694 -25.24 5.828
v 18.691 -24.611 5.826
v 21.459 -28.154 5.486
v 20.824 -28.011 5.533
v 15.97 -25.438 6.165
v 20.003 -30.581 5.633
v 19.029 -26.408 5.777
v 18.788 -25.825 5.777
v 20.296 -27.764 5.633
v 19.763 -27.423 5.683
v 16.606 -27.667 6.07
v 18.009 -29.467 5.873
v 17.232 -28.642 5.97
v 27.328 -23.448 3.737
v 27.479 -23.445 4.759
v 26.306 -21.363 3.881
v 26.46 -21.357 4.856
v 24.564 -19.854 4.078
v 24.706 -19.856 5.096
v 18.11 -20.338 4.856
v 16.603 -22.087 5.049
v 13.735 -17.915 12.571
v 14.271 -19.321 13.883
v 23.104 -19.566 9.95
v 20.488 -20.193 11.458
v 14.365 -19.517 14.027
v 14.273 -19.32 13.884
v 14.368 -19.758 14.126
v 14.423 -20.045 14.177
v 23.104 -19.566 9.95
v 23.15 -19.81 10.143
v 22.82 -19.755 10.293
v 22.624 -19.756 10.341
v 22.483 -19.753 10.44
v 21.8 -19.803 10.779
v 21.114 -19.759 11.067
v 21.12 -19.95 11.118
v 22.809 -30.248 10.288
v 23.16 -30.191 10.148
v 23.108 -30.437 9.952
v 22.619 -30.245 10.339
v 22.47 -30.248 10.434
v 21.8 -30.192 10.779
v 14.37 -30.243 14.127
v 14.415 -29.954 14.174
v 20.48 -29.81 11.454
v 14.363 -30.49 14.026
v 14.275 -30.678 13.885
v 21.123 -30.045 11.12
v 26.646 -48.062 -8.692
v 26.6 -47.963 -8.739
v 27.081 -47.044 -8.499
v 27.237 -47.134 -8.445
v 27.38 -46.068 -8.349
v 27.623 -46.116 -8.252
v 27.47 -45.005 -8.353
v 27.721 -44.999 -8.203
v 27.621 -43.885 -8.253
v 27.372 -43.937 -8.353
v 27.227 -42.869 -8.45
v 27.093 -42.958 -8.493
v 26.648 -41.945 -8.691
v 26.604 -42.038 -8.737
v 23.108 -50.437 -9.951
v 23.149 -50.2 -10.149
v 23.256 -50.193 -10.096
v 23.352 -50.145 -10.048
v 23.55 -50.093 -9.997
v 23.927 -50.004 -9.857
v 24.613 -50.194 -9.32
v 24.666 -49.706 -9.561
v 25.966 -49.471 -8.741
v 25.926 -48.785 -9.027
v 26.839 -48.646 -8.353
v 26.89 -47.77 -8.594
v 27.525 -47.67 -8.058
v 27.519 -46.461 -8.304
v 28.013 -46.504 -7.863
v 28.197 -45.248 -7.819
v 28.101 -43.985 -7.819
v 27.523 -43.545 -8.302
v 27.721 -42.766 -8.009
v 26.897 -42.231 -8.591
v 27.14 -41.697 -8.251
v 25.924 -41.213 -9.029
v 26.161 -40.683 -8.643
v 25.346 -40.676 -9.269
v 25.044 -40.004 -9.129
v 24.659 -40.293 -9.564
v 23.937 -39.997 -9.852
v 23.111 -39.561 -9.95
v 23.16 -39.803 -10.143
v 23.108 -50.437 -9.951
v 24.279 -51.598 -8.055
v 24.516 -50.194 -9.369
v 25.629 -51.022 -7.525
v 25.727 -49.662 -8.836
v 27.141 -49.852 -6.988
v 26.645 -48.84 -8.45
v 27.53 -47.716 -8.104
v 28.202 -48.352 -6.603
v 28.007 -46.41 -7.865
v 28.835 -46.7 -6.36
v 28.209 -44.997 -7.765
v 28.829 -43.306 -6.363
v 29.027 -45.003 -6.312
v 28.004 -43.645 -7.867
v 28.207 -41.649 -6.6
v 27.53 -42.279 -8.056
v 27.138 -40.145 -6.989
v 26.647 -41.168 -8.449
v 26.413 -39.512 -7.231
v 25.722 -40.345 -8.838
v 25.638 -38.977 -7.521
v 24.519 -39.804 -9.367
v 24.226 -38.397 -8.057
v 23.111 -39.561 -9.95
v 22.378 -52.186 -7.962
v 22.374 -52.188 -8.012
v 22.381 -52.184 -8.057
v 22.374 -52.14 -8.158
v 22.429 -52.087 -8.349
v 24.217 -51.85 -7.382
v 22.572 -51.895 -8.641
v 22.579 -51.89 -8.638
v 24.958 -51.355 -7.764
v 25.877 -51.067 -6.795
v 27.037 -49.954 -7.04
v 27.282 -49.903 -6.311
v 28.104 -48.547 -6.652
v 28.639 -47.672 -5.827
v 28.842 -46.744 -6.356
v 29.175 -45.001 -5.68
v 29.023 -44.956 -6.314
v 28.841 -43.346 -6.356
v 28.879 -43.062 -5.779
v 28.3 -41.798 -6.554
v 28.149 -41.316 -6.023
v 27.381 -40.485 -6.892
v 27.042 -39.853 -6.406
v 26.266 -39.416 -7.329
v 24.906 -38.396 -7.134
v 24.898 -38.645 -7.818
v 23.734 -38.256 -8.206
v 22.569 -38.11 -8.643
v 22.571 -38.109 -8.642
v 22.421 -37.917 -8.353
v 22.383 -37.813 -7.959
v 22.385 -37.861 -8.153
v 22.373 -37.82 -8.061
v 22.383 -37.813 -8.008
v 28.354 -46.357 -0.144
v 22.378 -52.186 -7.962
v 22.38 -52.185 -7.961
v 23.695 -51.987 -7.522
v 28.646 -47.716 -5.726
v 27.277 -48.936 0.143
v 27.92 -47.714 0.003
v 28.638 -47.722 -5.876
v 27.133 -50.003 -5.924
v 27.141 -50.046 -6.357
v 26.111 -50.927 -6.702
v 24.909 -51.55 -6.211
v 21.361 -52.184 0.535
v 24.957 -51.599 -7.085
v 26.415 -49.996 0.052
v 25.289 -50.925 0.387
v 26.365 -49.997 0.294
v 24.175 -51.554 -0.243
v 22.714 -51.994 0.532
v 24.076 -51.556 0.484
v 23.693 -38.008 -7.523
v 22.376 -37.818 -7.963
v 22.383 -37.813 -7.959
v 21.554 -37.816 -1.213
v 26.502 -40.003 -0.924
v 27.134 -39.953 -6.36
v 28.636 -42.286 -5.877
v 28.014 -42.279 -0.629
v 29.175 -45.001 -5.68
v 28.494 -45.001 -0.34
v 24.901 -38.4 -6.652
v 24.955 -38.396 -7.086
v 26.121 -39.075 -6.697
v 24.218 -38.402 -1.216
v 24.271 -38.448 -1.117
v 26.505 -39.952 -0.923
v 28.493 -25.002 0.29
v 28.005 -27.722 0.629
v 28.639 -27.72 5.873
v 22.376 -32.187 7.96
v 23.683 -31.995 7.521
v 22.374 -32.188 7.959
v 27.132 -30.003 5.92
v 26.121 -30.92 6.701
v 27.142 -30.045 6.362
v 26.51 -29.997 0.876
v 24.902 -31.555 6.213
v 21.554 -32.185 1.165
v 24.95 -31.603 7.087
v 24.277 -31.55 1.07
v 29.174 -25.001 5.679
v 28.352 -23.64 0.098
v 24.182 -18.394 0.44
v 21.364 -17.813 -0.58
v 22.72 -18.009 -0.533
v 24.077 -18.447 -0.486
v 25.289 -19.08 -0.438
v 26.412 -19.949 0.148
v 26.354 -20.004 -0.343
v 27.227 -21.073 -0.197
v 24.849 -18.402 6.211
v 26.169 -19.075 6.701
v 24.95 -18.399 7.087
v 23.688 -18.011 7.524
v 22.374 -17.819 7.959
v 27.084 -19.954 5.921
v 28.642 -22.281 5.874
v 27.189 -19.949 6.362
v 28.637 -22.285 5.726
v 27.918 -22.279 -0.046
v 24.223 -18.156 7.33
v 22.374 -17.819 7.959
v 22.472 -17.867 8.202
v 22.58 -17.957 8.45
v 22.617 -18.11 8.639
v 25.053 -18.687 7.769
v 25.871 -18.934 6.795
v 27.085 -20.148 6.989
v 27.288 -20.093 6.314
v 28.111 -21.551 6.604
v 28.639 -22.332 5.824
v 28.835 -23.35 6.359
v 29.174 -25.001 5.679
v 29.025 -25.149 6.309
v 28.885 -26.942 5.777
v 28.839 -26.746 6.361
v 28.258 -28.25 6.556
v 28.152 -28.692 6.018
v 27.379 -29.563 6.893
v 27.044 -30.143 6.41
v 26.209 -30.635 7.328
v 24.91 -31.598 7.139
v 24.897 -31.364 7.812
v 23.731 -31.753 8.201
v 22.577 -31.891 8.643
v 22.431 -32.085 8.351
v 22.376 -32.187 7.96
v 22.378 -32.137 8.155
v 22.383 -32.182 8.06
v 22.374 -32.188 8.007
v 23.104 -19.566 9.95
v 22.567 -18.111 8.638
v 24.518 -19.804 9.371
v 24.508 -18.5 7.958
v 25.724 -20.344 8.833
v 26.014 -19.228 7.376
v 26.652 -21.165 8.447
v 27.143 -20.19 6.994
v 27.524 -22.282 8.107
v 28.209 -21.648 6.604
v 28.01 -23.593 7.864
v 28.837 -23.3 6.36
v 28.209 -24.997 7.77
v 28.838 -26.697 6.361
v 29.029 -25.05 6.31
v 28.011 -26.359 7.865
v 28.206 -28.349 6.603
v 27.527 -27.717 8.06
v 27.093 -29.851 6.993
v 26.653 -28.834 8.448
v 26.065 -30.731 7.377
v 25.73 -29.66 8.836
v 24.559 -31.508 7.911
v 24.519 -30.192 9.371
v 22.58 -31.889 8.644
v 23.108 -30.437 9.952
v 23.104 -19.566 9.95
v 23.15 -19.81 10.143
v 23.256 -19.804 10.099
v 23.352 -19.853 10.05
v 23.547 -19.901 10.002
v 23.929 -20.003 9.853
v 24.611 -19.807 9.32
v 24.658 -20.293 9.562
v 25.976 -20.531 8.741
v 26.838 -21.316 8.346
v 26.893 -22.234 8.592
v 27.531 -22.326 8.062
v 27.528 -23.542 8.303
v 28.012 -23.494 7.865
v 28.209 -24.755 7.818
v 28.101 -26.024 7.813
v 27.528 -26.455 8.303
v 27.719 -27.233 8.01
v 26.894 -27.767 8.593
v 27.133 -28.304 8.251
v 25.922 -28.788 9.029
v 26.164 -29.321 8.64
v 25.343 -29.319 9.274
v 25.051 -29.999 9.128
v 24.663 -29.707 9.564
v 23.935 -29.999 9.856
v 23.108 -30.437 9.952
v 23.16 -30.191 10.148
v 26.606 -27.959 8.74
v 26.644 -28.063 8.686
v 27.082 -27.043 8.492
v 27.228 -27.14 8.444
v 27.383 -26.066 8.351
v 27.621 -26.117 8.252
v 27.47 -25.005 8.346
v 27.725 -24.996 8.207
v 27.625 -23.882 8.254
v 27.376 -23.935 8.348
v 27.237 -22.862 8.448
v 27.087 -22.962 8.495
v 26.646 -21.946 8.687
v 26.605 -22.037 8.739
v 25.917 -21.218 9.027
f 1 2 3
f 4 3 5
f 4 1 3
f 6 4 5
f 7 6 8
f 9 10 11
f 12 13 8
f 12 5 13
f 12 8 6
f 12 6 5
f 14 15 16
f 14 8 15
f 14 17 7
f 14 7 8
f 14 16 17
f 18 19 20
f 18 16 19
f 18 21 17
f 18 17 16
f 22 20 23
f 22 24 21
f 22 18 20
f 22 23 24
f 22 21 18
f 25 23 26
f 25 26 11
f 25 10 24
f 25 24 23
f 25 11 10
f 27 28 29
f 30 29 31
f 30 27 29
f 32 31 33
f 32 30 31
f 34 33 35
f 34 32 33
f 36 35 37
f 36 34 35
f 38 37 39
f 38 36 37
f 40 39 41
f 40 38 39
f 42 41 43
f 42 40 41
f 44 45 46
f 44 47 45
f 44 43 47
f 44 42 43
f 48 49 50
f 51 52 53
f 54 53 55
f 54 51 53
f 56 55 57
f 56 54 55
f 58 57 59
f 58 56 57
f 60 58 59
f 61 62 63
f 64 61 63
f 65 66 67
f 65 67 48
f 65 68 69
f 65 50 68
f 65 48 50
f 70 69 52
f 70 65 69
f 70 66 65
f 70 52 51
f 71 72 66
f 71 51 72
f 71 66 70
f 71 70 51
f 73 74 62
f 73 59 74
f 73 75 76
f 73 76 77
f 73 77 60
f 73 60 59
f 78 61 79
f 78 79 75
f 78 75 73
f 78 62 61
f 78 73 62
f 80 63 81
f 80 82 83
f 80 83 64
f 80 64 63
f 84 81 85
f 84 85 82
f 84 80 81
f 84 82 80
f 86 87 88
f 89 87 86
f 90 89 86
f 91 92 93
f 94 91 93
f 95 87 96
f 95 96 97
f 95 97 98
f 95 98 88
f 95 88 87
f 99 90 93
f 99 92 89
f 99 89 90
f 99 93 92
f 100 94 101
f 100 101 102
f 100 102 103
f 100 103 109
f 100 109 91
f 100 91 94
f 104 105 106
f 107 105 104
f 108 109 107
f 108 104 110
f 108 107 104
f 111 110 112
f 111 108 110
f 113 112 114
f 113 111 112
f 115 114 116
f 115 113 114
f 117 116 118
f 117 115 116
f 119 118 120
f 119 117 118
f 121 120 122
f 121 119 120
f 123 124 167
f 125 122 124
f 125 121 122
f 126 124 123
f 126 125 124
f 127 126 123
f 96 126 127
f 128 129 130
f 131 129 128
f 132 129 131
f 133 129 132
f 134 129 133
f 135 129 134
f 136 135 134
f 137 135 136
f 138 137 136
f 139 140 137
f 139 137 138
f 141 140 139
f 142 141 143
f 142 143 144
f 142 144 145
f 142 140 141
f 146 142 145
f 147 142 146
f 148 142 147
f 149 142 148
f 150 151 152
f 153 151 150
f 154 153 150
f 155 156 157
f 158 155 157
f 159 151 106
f 159 106 160
f 159 160 161
f 159 161 152
f 159 152 151
f 162 154 157
f 162 156 153
f 162 153 154
f 162 157 156
f 163 158 164
f 163 164 165
f 163 165 166
f 163 166 167
f 163 167 155
f 163 155 158
f 168 169 170
f 168 170 171
f 168 171 172
f 173 174 168
f 173 168 172
f 175 176 177
f 178 175 177
f 179 149 178
f 180 179 178
f 181 180 178
f 182 173 177
f 182 176 174
f 182 174 173
f 182 177 176
f 183 149 175
f 183 175 178
f 183 178 149
f 184 185 200
f 186 185 184
f 187 186 184
f 188 186 187
f 189 188 187
f 190 191 188
f 190 188 189
f 192 191 190
f 193 192 194
f 193 194 195
f 193 195 196
f 193 191 192
f 197 193 196
f 198 193 197
f 199 200 201
f 199 201 202
f 199 202 203
f 204 199 203
f 205 199 204
f 206 207 208
f 209 207 206
f 210 209 211
f 212 210 211
f 213 212 211
f 214 213 211
f 215 204 208
f 215 207 205
f 215 205 204
f 215 208 207
f 216 206 211
f 216 209 206
f 216 211 209
f 217 218 219
f 217 219 220
f 217 220 221
f 217 221 222
f 223 224 217
f 223 217 222
f 225 224 223
f 226 225 223
f 227 225 226
f 228 229 230
f 231 232 233
f 234 231 233
f 235 236 237
f 238 235 237
f 239 240 235
f 239 235 238
f 241 240 239
f 242 243 244
f 245 242 244
f 246 244 241
f 246 245 244
f 247 241 239
f 247 246 241
f 248 229 227
f 248 230 229
f 249 226 230
f 249 227 226
f 249 230 248
f 249 248 227
f 250 232 229
f 250 229 228
f 251 228 233
f 251 250 228
f 251 233 232
f 251 232 250
f 252 236 231
f 252 231 234
f 253 234 237
f 253 236 252
f 253 252 234
f 253 237 236
f 254 255 256
f 257 254 256
f 258 259 260
f 261 260 262
f 263 262 264
f 263 261 262
f 265 263 264
f 266 267 268
f 266 268 257
f 266 256 269
f 266 257 256
f 266 269 267
f 270 269 271
f 270 267 269
f 272 273 267
f 272 267 270
f 274 271 275
f 274 270 271
f 274 275 276
f 277 278 273
f 277 276 278
f 277 274 276
f 277 270 274
f 277 272 270
f 277 273 272
f 279 275 259
f 279 276 275
f 279 259 258
f 280 281 276
f 280 258 281
f 280 279 258
f 280 276 279
f 282 261 283
f 282 283 258
f 282 258 260
f 282 260 261
f 284 319 285
f 284 285 286
f 284 286 287
f 288 284 287
f 289 284 288
f 290 291 292
f 293 291 290
f 294 293 295
f 296 294 295
f 297 296 295
f 298 297 295
f 299 288 292
f 299 291 289
f 299 289 288
f 299 292 291
f 300 290 295
f 300 293 290
f 300 295 293
f 301 302 303
f 301 303 304
f 301 304 305
f 306 307 301
f 306 301 305
f 308 309 310
f 311 308 310
f 312 387 311
f 313 312 311
f 314 313 311
f 315 306 310
f 315 309 307
f 315 307 306
f 315 310 309
f 316 387 308
f 316 308 311
f 316 311 387
f 317 318 319
f 320 318 317
f 321 320 317
f 322 320 321
f 323 322 321
f 324 325 322
f 324 322 323
f 326 325 324
f 327 326 328
f 327 328 329
f 327 329 330
f 327 325 326
f 331 327 330
f 332 327 331
f 333 334 318
f 335 334 333
f 336 335 333
f 337 338 339
f 340 337 339
f 341 334 342
f 341 342 343
f 341 343 344
f 341 344 318
f 341 318 334
f 345 336 339
f 345 338 335
f 345 335 336
f 345 339 338
f 346 340 347
f 346 347 348
f 346 348 349
f 346 349 408
f 346 408 337
f 346 337 340
f 350 351 352
f 353 351 350
f 354 353 350
f 355 356 357
f 358 355 357
f 359 351 412
f 359 412 360
f 359 360 361
f 359 361 352
f 359 352 351
f 362 354 357
f 362 356 353
f 362 353 354
f 362 357 356
f 363 358 380
f 363 380 364
f 363 364 365
f 363 365 392
f 363 392 355
f 363 355 358
f 366 367 368
f 369 367 366
f 370 367 369
f 371 367 370
f 372 367 371
f 373 367 372
f 374 373 372
f 375 373 374
f 376 375 374
f 377 378 375
f 377 375 376
f 379 378 377
f 380 379 381
f 380 381 382
f 380 382 383
f 380 378 379
f 384 380 383
f 385 380 384
f 386 380 385
f 387 380 386
f 388 389 342
f 390 389 388
f 391 392 390
f 391 388 393
f 391 390 388
f 394 393 395
f 394 391 393
f 396 395 397
f 396 394 395
f 398 397 399
f 398 396 397
f 400 399 401
f 400 398 399
f 402 401 403
f 402 400 401
f 404 403 405
f 404 402 403
f 406 407 408
f 409 405 407
f 409 404 405
f 410 407 406
f 410 409 407
f 411 410 406
f 412 410 411
f 413 414 415
f 413 415 416
f 413 416 417
f 418 419 413
f 418 417 420
f 418 413 417
f 421 422 419
f 421 419 418
f 423 424 425
f 426 424 423
f 427 428 429
f 430 431 432
f 433 430 432
f 434 430 433
f 435 436 430
f 435 430 434
f 437 435 434
f 438 437 434
f 439 438 434
f 440 425 422
f 440 422 421
f 440 423 425
f 441 421 423
f 441 423 440
f 441 440 421
f 442 429 424
f 442 424 426
f 443 426 427
f 443 442 426
f 443 429 442
f 443 427 429
f 444 431 428
f 445 427 446
f 445 446 432
f 445 431 444
f 445 444 428
f 445 428 427
f 445 432 431
f 447 463 448
f 447 449 463
f 450 448 464
f 450 447 448
f 451 450 464
f 452 450 451
f 453 451 454
f 453 452 451
f 455 454 468
f 455 453 454
f 456 468 470
f 456 455 468
f 457 470 458
f 457 456 470
f 459 458 460
f 459 457 458
f 448 461 462
f 448 463 461
f 464 462 465
f 464 448 462
f 451 465 466
f 451 464 465
f 454 466 467
f 454 451 466
f 468 467 469
f 468 454 467
f 470 469 471
f 470 468 469
f 458 472 473
f 458 471 472
f 458 470 471
f 460 458 473
f 474 475 476
f 474 476 477
f 478 477 479
f 478 474 477
f 480 479 481
f 480 478 479
f 482 481 483
f 482 480 481
f 484 483 485
f 484 482 483
f 486 487 488
f 486 485 487
f 486 484 485
f 489 486 488
f 490 488 491
f 490 489 488
f 492 493 494
f 492 495 493
f 496 494 497
f 496 492 494
f 498 497 499
f 498 496 497
f 500 499 501
f 500 498 499
f 502 501 503
f 502 500 501
f 504 503 505
f 504 502 503
f 506 505 507
f 506 504 505
f 508 506 507
f 509 506 508
f 510 511 512
f 510 512 513
f 514 513 515
f 514 510 513
f 516 515 517
f 516 514 515
f 518 517 519
f 518 516 517
f 520 518 519
f 521 518 520
f 522 520 523
f 522 521 520
f 524 523 525
f 524 522 523
f 526 525 527
f 526 524 525
f 528 529 530
f 528 531 529
f 532 530 533
f 532 528 530
f 534 533 535
f 534 532 533
f 536 535 537
f 536 534 535
f 538 537 539
f 538 536 537
f 540 539 541
f 540 538 539
f 542 540 541
f 543 540 542
f 544 542 545
f 544 543 542
f 546 547 548
f 546 548 549
f 550 549 551
f 550 546 549
f 552 550 551
f 553 550 552
f 554 552 555
f 554 553 552
f 556 554 555
f 557 554 556
f 558 556 559
f 558 557 556
f 560 559 561
f 560 558 559
f 562 561 563
f 562 560 561
f 564 565 566
f 564 567 565
f 568 566 569
f 568 564 566
f 570 569 571
f 570 568 569
f 572 571 573
f 572 570 571
f 574 573 575
f 574 572 573
f 576 574 575
f 577 574 576
f 578 576 579
f 578 577 576
f 580 578 579
f 581 578 580
f 582 583 584
f 582 584 585
f 586 585 587
f 586 582 585
f 588 586 587
f 589 586 588
f 590 588 591
f 590 589 588
f 592 590 591
f 593 590 592
f 594 592 595
f 594 593 592
f 596 595 597
f 596 594 595
f 598 597 599
f 598 596 597
f 600 601 602
f 600 602 603
f 604 603 605
f 604 600 603
f 606 605 607
f 606 604 605
f 608 607 609
f 608 606 607
f 610 609 611
f 610 608 609
f 612 611 613
f 612 610 611
f 614 615 616
f 614 613 615
f 614 612 613
f 617 614 616
f 618 619 620
f 618 621 619
f 622 620 623
f 622 618 620
f 624 623 625
f 624 622 623
f 626 625 627
f 626 624 625
f 628 627 629
f 628 626 627
f 630 628 629
f 631 628 630
f 632 630 633
f 632 631 630
f 634 632 633
f 635 632 634
f 636 637 638
f 636 638 639
f 640 639 641
f 640 636 639
f 642 641 643
f 642 640 641
f 644 643 645
f 644 642 643
f 646 644 645
f 647 644 646
f 648 646 649
f 648 647 646
f 650 649 651
f 650 648 649
f 652 651 653
f 652 650 651
f 654 655 656
f 654 656 657
f 658 657 659
f 658 654 657
f 660 659 661
f 660 658 659
f 662 661 663
f 662 660 661
f 664 663 665
f 664 662 663
f 666 665 667
f 666 664 665
f 668 667 669
f 668 666 667
f 670 668 669
f 671 668 670
f 672 673 674
f 675 673 672
f 676 677 674
f 676 673 678
f 676 678 679
f 676 679 680
f 676 680 677
f 676 674 673
f 681 672 682
f 681 682 683
f 681 683 684
f 681 684 685
f 681 685 686
f 681 686 675
f 681 675 672
f 686 687 688
f 689 688 690
f 689 686 688
f 691 690 692
f 691 689 690
f 693 692 694
f 693 691 692
f 695 694 696
f 695 693 694
f 697 696 698
f 697 695 696
f 699 700 701
f 702 698 703
f 702 697 698
f 704 702 703
f 705 703 706
f 705 704 703
f 707 706 708
f 707 705 706
f 709 708 710
f 709 707 708
f 711 710 700
f 711 700 699
f 711 709 710
f 712 711 699
f 713 711 712
f 714 715 716
f 717 715 714
f 718 717 714
f 719 720 717
f 719 717 718
f 721 722 720
f 721 720 719
f 723 722 721
f 724 725 723
f 724 723 721
f 726 725 724
f 682 726 727
f 682 725 726
f 728 682 727
f 729 728 727
f 730 729 727
f 731 732 733
f 731 734 732
f 735 733 736
f 737 731 733
f 737 733 735
f 738 731 737
f 739 740 732
f 739 734 687
f 739 687 741
f 739 741 742
f 739 742 740
f 739 732 734
f 743 744 745
f 746 744 743
f 747 746 743
f 748 746 747
f 749 748 747
f 750 749 747
f 751 750 747
f 752 744 753
f 752 753 754
f 752 745 744
f 755 754 756
f 755 745 752
f 755 752 754
f 757 756 758
f 757 758 745
f 757 745 755
f 757 755 756
f 759 760 761
f 759 761 762
f 759 762 763
f 764 760 759
f 765 764 759
f 766 767 764
f 766 764 765
f 768 769 767
f 768 767 766
f 770 769 768
f 771 770 768
f 772 770 771
f 773 774 772
f 773 772 771
f 775 776 777
f 775 777 778
f 775 778 779
f 780 776 775
f 781 780 775
f 782 780 781
f 783 780 782
f 784 783 782
f 785 783 784
f 786 785 784
f 787 786 784
f 788 787 784
f 789 790 791
f 792 791 793
f 792 789 791
f 794 795 790
f 794 790 789
f 796 793 797
f 796 792 793
f 798 799 795
f 798 795 794
f 800 797 801
f 800 796 797
f 802 803 799
f 802 799 798
f 804 801 805
f 804 800 801
f 806 807 803
f 806 803 802
f 808 805 809
f 808 804 805
f 810 811 807
f 810 807 806
f 812 809 813
f 812 808 809
f 814 815 811
f 814 811 810
f 816 813 817
f 816 812 813
f 818 819 815
f 818 815 814
f 820 817 821
f 820 816 817
f 822 819 818
f 823 821 824
f 823 820 821
f 825 826 819
f 825 819 822
f 827 824 828
f 827 823 824
f 829 826 825
f 830 828 831
f 830 827 828
f 832 826 829
f 833 831 834
f 833 830 831
f 835 832 829
f 836 833 834
f 836 834 837
f 838 832 835
f 839 836 837
f 840 832 838
f 841 839 837
f 842 839 841
f 843 842 841
f 844 840 838
f 845 842 843
f 846 840 844
f 847 845 843
f 848 846 844
f 849 845 847
f 850 849 847
f 851 849 850
f 852 848 853
f 852 846 848
f 854 851 850
f 854 855 851
f 856 855 854
f 856 857 855
f 858 853 859
f 858 852 853
f 860 858 859
f 861 857 856
f 861 862 857
f 863 862 861
f 863 864 862
f 865 858 860
f 866 864 863
f 866 867 864
f 868 869 867
f 868 867 866
f 870 871 872
f 873 874 869
f 873 869 868
f 875 870 872
f 876 877 874
f 876 874 873
f 878 872 879
f 878 875 872
f 880 877 876
f 880 881 877
f 882 879 883
f 882 878 879
f 884 881 880
f 885 882 883
f 885 883 886
f 887 881 884
f 887 888 881
f 889 885 886
f 889 886 890
f 891 888 887
f 891 892 888
f 893 890 894
f 893 889 890
f 895 892 891
f 895 896 892
f 897 893 894
f 897 894 898
f 899 896 895
f 899 900 896
f 901 897 898
f 902 900 899
f 902 901 898
f 902 898 900
f 903 904 905
f 906 904 903
f 907 903 908
f 907 906 903
f 909 906 907
f 910 906 909
f 911 912 905
f 911 904 913
f 911 913 914
f 911 914 915
f 911 915 912
f 911 905 904
f 916 917 918
f 919 917 916
f 920 921 919
f 920 919 916
f 922 916 923
f 922 920 916
f 924 923 925
f 924 922 923
f 926 925 927
f 926 924 925
f 928 927 929
f 928 929 930
f 928 926 927
f 931 930 932
f 931 928 930
f 933 932 934
f 933 931 932
f 935 934 936
f 935 933 934
f 937 936 938
f 937 935 936
f 939 938 940
f 939 937 938
f 941 940 942
f 941 939 940
f 913 941 942
f 943 944 972
f 943 945 946
f 943 946 944
f 947 945 943
f 948 947 943
f 949 950 947
f 949 947 948
f 951 952 950
f 951 950 949
f 953 952 951
f 954 953 951
f 955 953 954
f 956 908 955
f 956 955 954
f 957 958 959
f 957 960 958
f 961 962 958
f 961 960 963
f 961 963 964
f 961 964 965
f 961 965 962
f 961 958 960
f 966 959 967
f 966 967 968
f 966 968 969
f 966 969 970
f 966 970 942
f 966 942 957
f 966 957 959
f 971 972 973
f 971 973 974
f 971 974 975
f 976 972 971
f 977 976 971
f 978 976 977
f 979 978 977
f 980 978 979
f 981 980 979
f 982 981 979
f 983 982 979
f 984 985 986
f 987 985 984
f 988 987 984
f 989 990 987
f 989 987 988
f 991 992 990
f 991 990 989
f 993 992 991
f 994 995 993
f 994 993 991
f 996 995 994
f 997 996 998
f 997 995 996
f 999 997 998
f 1000 999 998
f 1001 1000 998
f 1002 1003 1004
f 1005 1002 1004
f 1006 1007 1002
f 1006 1002 1005
f 1008 1006 1005
f 1009 1008 1005
f 1010 1003 1011
f 1010 1011 1012
f 1013 1012 1014
f 1013 1004 1003
f 1013 1003 1010
f 1013 1010 1012
f 1015 1016 1004
f 1015 1014 1016
f 1015 1013 1014
f 1015 1004 1013
f 1017 1018 1019
f 1017 1019 1020
f 1017 1020 1021
f 1022 1018 1017
f 1023 1022 1017
f 1024 1022 1023
f 1025 1024 1023
f 1026 1024 1025
f 1027 1026 1025
f 1028 1027 1025
f 1029 1028 1025
f 1030 1031 1032
f 1033 1031 1030
f 1034 1033 1030
f 1035 1033 1034
f 1036 1035 1034
f 1037 1036 1034
f 1038 1037 1034
f 1039 1031 1040
f 1039 1040 1041
f 1039 1032 1031
f 1042 1041 1043
f 1042 1032 1039
f 1042 1039 1041
f 1044 1043 1045
f 1044 1045 1032
f 1044 1032 1042
f 1044 1042 1043
f 1046 1047 1048
f 1046 1048 1049
f 1046 1049 1050
f 1051 1047 1046
f 1052 1051 1046
f 1053 1054 1051
f 1053 1051 1052
f 1055 1056 1054
f 1055 1054 1053
f 1057 1056 1055
f 1058 1057 1055
f 1059 1057 1058
f 1060 1061 1059
f 1060 1059 1058
f 1062 1063 1064
f 1062 1065 1063
f 1066 1064 1067
f 1068 1062 1064
f 1068 1064 1066
f 1069 1062 1068
f 1070 1071 1063
f 1070 1065 1072
f 1070 1072 1073
f 1070 1073 1074
f 1070 1074 1071
f 1070 1063 1065
f 1075 1076 1077
f 1078 1076 1075
f 1079 1080 1077
f 1079 1076 1081
f 1079 1081 1082
f 1079 1082 1083
f 1079 1083 1080
f 1079 1077 1076
f 1084 1075 1085
f 1084 1085 1086
f 1084 1086 1087
f 1084 1087 1088
f 1084 1088 1106
f 1084 1106 1078
f 1084 1078 1075
f 1089 1090 1091
f 1092 1090 1089
f 1093 1092 1089
f 1094 1095 1092
f 1094 1092 1093
f 1096 1097 1095
f 1096 1095 1094
f 1098 1097 1096
f 1099 1100 1098
f 1099 1098 1096
f 1101 1100 1099
f 1085 1101 1102
f 1085 1100 1101
f 1103 1085 1102
f 1104 1103 1102
f 1105 1104 1102
f 1106 1072 1107
f 1108 1107 1109
f 1108 1106 1107
f 1110 1109 1111
f 1110 1108 1109
f 1112 1111 1113
f 1112 1110 1111
f 1114 1113 1115
f 1114 1112 1113
f 1116 1115 1117
f 1116 1114 1115
f 1118 1119 1120
f 1121 1117 1122
f 1121 1116 1117
f 1123 1121 1122
f 1124 1122 1125
f 1124 1123 1122
f 1126 1125 1127
f 1126 1124 1125
f 1128 1127 1129
f 1128 1126 1127
f 1130 1129 1119
f 1130 1119 1118
f 1130 1128 1129
f 1131 1130 1118
f 1132 1130 1131
f 1133 1134 1135
f 1133 1135 1136
f 1137 1134 1133
f 1138 1133 1136
f 1139 1140 1134
f 1139 1134 1137
f 1141 1136 1142
f 1141 1138 1136
f 1143 1144 1140
f 1143 1140 1139
f 1145 1141 1142
f 1145 1142 1146
f 1147 1144 1143
f 1147 1148 1149
f 1147 1149 1144
f 1150 1145 1146
f 1150 1146 1151
f 1150 1151 1152
f 1153 1150 1152
f 1154 1148 1147
f 1154 1155 1156
f 1154 1156 1148
f 1157 1153 1152
f 1158 1153 1157
f 1159 1160 1161
f 1159 1161 1155
f 1159 1155 1154
f 1162 1158 1157
f 1163 1158 1162
f 1164 1165 1160
f 1164 1160 1159
f 1166 1165 1164
f 1167 1162 1168
f 1167 1163 1162
f 1169 1170 1166
f 1169 1166 1164
f 1171 1170 1169
f 1172 1171 1169
f 1173 1167 1168
f 1173 1174 1167
f 1175 1171 1172
f 1176 1174 1173
f 1177 1172 1178
f 1177 1175 1172
f 1179 1176 1173
f 1180 1177 1178
f 1181 1176 1179
f 1182 1178 1183
f 1182 1180 1178
f 1184 1185 1181
f 1184 1181 1179
f 1186 1182 1183
f 1187 1183 1188
f 1187 1186 1183
f 1189 1185 1184
f 1189 1190 1185
f 1191 1187 1188
f 1192 1193 1190
f 1192 1190 1189
f 1194 1195 1193
f 1194 1193 1192
f 1196 1195 1194
f 1196 1197 1195
f 1198 1199 1200
f 1198 1200 1201
f 1202 1197 1196
f 1202 1203 1197
f 1204 1198 1201
f 1204 1201 1205
f 1206 1203 1202
f 1206 1204 1205
f 1206 1205 1203
f 1207 1208 1209
f 1207 1209 1210
f 1207 1210 1211
f 1212 1208 1207
f 1213 1212 1207
f 1214 1212 1213
f 1215 1214 1213
f 1216 1214 1215
f 1217 1216 1215
f 1218 1217 1215
f 1219 1218 1215
f 1220 1221 1222
f 1223 1221 1220
f 1224 1223 1220
f 1225 1223 1224
f 1226 1225 1224
f 1227 1226 1224
f 1228 1227 1224
f 1229 1221 1230
f 1229 1230 1231
f 1229 1222 1221
f 1232 1231 1233
f 1232 1222 1229
f 1232 1229 1231
f 1234 1233 1235
f 1234 1235 1222
f 1234 1222 1232
f 1234 1232 1233
f 1236 1237 1208
f 1236 1238 1239
f 1236 1239 1237
f 1240 1238 1236
f 1241 1240 1236
f 1242 1243 1240
f 1242 1240 1241
f 1244 1245 1243
f 1244 1243 1242
f 1246 1245 1244
f 1247 1246 1244
f 1248 1246 1247
f 1249 1250 1248
f 1249 1248 1247
f 1251 1252 1253
f 1251 1254 1252
f 1255 1256 1252
f 1255 1254 1257
f 1255 1257 1258
f 1255 1258 1259
f 1255 1259 1256
f 1255 1252 1254
f 1260 1253 1261
f 1260 1261 1262
f 1260 1262 1263
f 1260 1263 1264
f 1260 1264 1265
f 1260 1265 1251
f 1260 1251 1253
f 1266 1267 1268
f 1269 1267 1266
f 1270 1266 1250
f 1270 1269 1266
f 1271 1269 1270
f 1272 1269 1271
f 1273 1274 1268
f 1273 1267 1275
f 1273 1275 1276
f 1273 1276 1277
f 1273 1277 1274
f 1273 1268 1267
f 1278 1279 1280
f 1281 1279 1278
f 1282 1281 1278
f 1283 1284 1281
f 1283 1281 1282
f 1285 1286 1284
f 1285 1284 1283
f 1287 1286 1285
f 1288 1289 1287
f 1288 1287 1285
f 1290 1289 1288
f 1291 1290 1292
f 1291 1289 1290
f 1293 1291 1292
f 1294 1293 1292
f 1295 1294 1292
f 1296 1297 1298
f 1299 1297 1296
f 1300 1301 1299
f 1300 1299 1296
f 1302 1296 1303
f 1302 1300 1296
f 1304 1303 1305
f 1304 1302 1303
f 1306 1305 1307
f 1306 1304 1305
f 1308 1307 1309
f 1308 1309 1310
f 1308 1306 1307
f 1311 1310 1312
f 1311 1308 1310
f 1313 1312 1314
f 1313 1311 1312
f 1315 1314 1316
f 1315 1313 1314
f 1317 1316 1318
f 1317 1315 1316
f 1319 1318 1320
f 1319 1317 1318
f 1321 1320 1265
f 1321 1319 1320
f 1275 1321 1265
f 1322 1323 1324
f 1322 1324 1325
f 1326 1325 1327
f 1326 1322 1325
f 1328 1327 1329
f 1328 1326 1327
f 1330 1329 1331
f 1330 1328 1329
f 1332 1331 1333
f 1332 1330 1331
f 1334 1333 1335
f 1334 1332 1333
f 1336 1335 1337
f 1336 1334 1335
f 1338 1337 1339
f 1338 1336 1337
f 1340 1341 1342
f 1340 1343 1341
f 1344 1342 1345
f 1344 1340 1342
f 1346 1345 1347
f 1346 1344 1345
f 1348 1347 1349
f 1348 1346 1347
f 1350 1349 1351
f 1350 1348 1349
f 1352 1351 1353
f 1352 1350 1351
f 1354 1353 1355
f 1354 1352 1353
f 1356 1355 1357
f 1356 1354 1355
f 1358 1359 1360
f 1358 1361 1359
f 1362 1360 1363
f 1362 1358 1360
f 1364 1363 1365
f 1364 1362 1363
f 1366 1367 1368
f 1366 1365 1367
f 1366 1364 1365
f 1369 1366 1368
f 1370 1368 1371
f 1370 1369 1368
f 1372 1371 1373
f 1372 1370 1371
f 1374 1373 1375
f 1374 1372 1373
f 1376 1377 1378
f 1376 1379 1377
f 1380 1378 1381
f 1380 1376 1378
f 1382 1381 1383
f 1382 1380 1381
f 1384 1385 1386
f 1384 1383 1385
f 1384 1382 1383
f 1387 1384 1386
f 1388 1386 1389
f 1388 1387 1386
f 1390 1389 1391
f 1390 1388 1389
f 1392 1391 1393
f 1392 1390 1391
f 1394 1395 1396
f 1394 1397 1395
f 1398 1396 1399
f 1398 1394 1396
f 1400 1399 1401
f 1400 1398 1399
f 1402 1401 1403
f 1402 1400 1401
f 1404 1403 1405
f 1404 1402 1403
f 1406 1405 1407
f 1406 1404 1405
f 1408 1409 1410
f 1408 1407 1409
f 1408 1406 1407
f 1411 1408 1410
f 1412 1413 1414
f 1412 1414 1415
f 1416 1415 1417
f 1416 1412 1415
f 1418 1417 1419
f 1418 1416 1417
f 1420 1419 1421
f 1420 1418 1419
f 1422 1421 1423
f 1422 1420 1421
f 1424 1425 1426
f 1424 1423 1425
f 1424 1422 1423
f 1427 1426 1428
f 1427 1424 1426
f 1429 1427 1428
f 1430 1431 1432
f 1433 1432 1434
f 1433 1434 1435
f 1433 1430 1432
f 1436 1437 1438
f 1439 1438 1440
f 1441 1436 1438
f 1441 1438 1439
f 1442 1441 1439
f 1443 1441 1442
f 1444 1445 1446
f 1444 1446 1430
f 1444 1430 1433
f 1447 1433 1448
f 1447 1448 1449
f 1447 1449 1450
f 1447 1444 1433
f 1451 1452 1453
f 1451 1453 1445
f 1451 1445 1444
f 1454 1450 1455
f 1454 1451 1444
f 1454 1447 1450
f 1454 1444 1447
f 1456 1438 1457
f 1456 1457 1452
f 1456 1452 1451
f 1456 1440 1438
f 1458 1455 1459
f 1458 1459 1460
f 1458 1460 1440
f 1458 1454 1455
f 1458 1451 1454
f 1458 1456 1451
f 1458 1440 1456
f 1461 1462 1463
f 1461 1463 1464
f 1465 1464 1466
f 1465 1461 1464
f 1467 1468 1469
f 1467 1466 1468
f 1467 1465 1466
f 1470 1467 1469
f 1471 1472 1473
f 1471 1469 1472
f 1471 1470 1469
f 1474 1471 1473
f 1475 1473 1476
f 1475 1474 1473
f 1477 1476 1478
f 1477 1475 1476
f 1479 1480 1481
f 1479 1482 1480
f 1483 1481 1484
f 1483 1479 1481
f 1485 1484 1486
f 1485 1483 1484
f 1487 1486 1488
f 1487 1485 1486
f 1489 1488 1490
f 1489 1487 1488
f 1491 1489 1490
f 1492 1489 1491
f 1493 1491 1494
f 1493 1492 1491
f 1495 1494 1496
f 1495 1493 1494
f 1497 1498 1499
f 1497 1499 1500
f 1501 1500 1502
f 1501 1497 1500
f 1503 1502 1504
f 1503 1501 1502
f 1463 1504 1505
f 1463 1503 1504
f 1464 1505 1506
f 1464 1463 1505
f 1466 1506 1507
f 1466 1464 1506
f 1508 1466 1507
f 1468 1466 1508
f 1469 1508 1509
f 1469 1468 1508
f 1510 1511 1512
f 1513 1510 1512
f 1514 1513 1515
f 1514 1510 1513
f 1516 1515 1517
f 1516 1514 1515
f 1518 1517 1519
f 1518 1516 1517
f 1518 1519 1520
f 1521 1520 1522
f 1521 1522 1516
f 1521 1516 1518
f 1521 1518 1520
f 1523 1524 1525
f 1523 1525 1526
f 1527 1519 1524
f 1527 1520 1519
f 1527 1523 1526
f 1527 1524 1523
f 1528 1529 1530
f 1528 1530 1520
f 1528 1531 1529
f 1528 1520 1527
f 1532 1526 1533
f 1532 1533 1534
f 1532 1534 1535
f 1536 1527 1526
f 1536 1526 1532
f 1537 1538 1539
f 1537 1535 1538
f 1540 1531 1528
f 1540 1527 1536
f 1540 1528 1527
f 1541 1542 1531
f 1541 1531 1540
f 1543 1535 1537
f 1543 1537 1539
f 1543 1532 1535
f 1544 1539 1545
f 1544 1545 1546
f 1544 1546 1547
f 1544 1536 1532
f 1544 1532 1543
f 1544 1543 1539
f 1548 1536 1544
f 1548 1544 1547
f 1548 1540 1536
f 1549 1547 1550
f 1549 1550 1551
f 1549 1551 1542
f 1549 1548 1547
f 1549 1541 1540
f 1549 1542 1541
f 1549 1540 1548
f 1552 1553 1554
f 1552 1554 1538
f 1555 1552 1538
f 1556 1555 1538
f 1557 1554 1558
f 1557 1558 1559
f 1560 1559 1561
f 1560 1557 1559
f 1560 1538 1554
f 1560 1554 1557
f 1562 1561 1535
f 1562 1535 1538
f 1562 1538 1560
f 1562 1560 1561
f 1563 1564 1565
f 1566 1563 1565
f 1559 1563 1566
f 1567 1561 1568
f 1569 1561 1567
f 1570 1561 1559
f 1570 1566 1568
f 1570 1559 1566
f 1570 1568 1561
f 1571 1572 1573
f 1574 1571 1573
f 1575 1576 1577
f 1575 1577 1578
f 1579 1574 1578
f 1579 1577 1571
f 1579 1571 1574
f 1579 1578 1577
f 1580 1581 1582
f 1583 1580 1582
f 1584 1585 1586
f 1587 1584 1586
f 1588 1585 1580
f 1588 1583 1586
f 1588 1580 1583
f 1588 1586 1585
f 1589 1590 1591
f 1589 1591 1592
f 1589 1592 1593
f 1594 1595 1596
f 1597 1598 1599
f 1597 1599 1600
f 1601 1600 1590
f 1601 1590 1589
f 1601 1598 1597
f 1601 1597 1600
f 1602 1603 1604
f 1602 1589 1603
f 1602 1605 1606
f 1602 1607 1605
f 1602 1604 1607
f 1602 1601 1589
f 1608 1609 1594
f 1608 1596 1610
f 1608 1610 1598
f 1608 1594 1596
f 1611 1612 1609
f 1611 1598 1601
f 1611 1609 1608
f 1611 1608 1598
f 1613 1614 1612
f 1613 1611 1601
f 1613 1601 1602
f 1613 1612 1611
f 1615 1606 1616
f 1615 1616 1614
f 1615 1613 1602
f 1615 1614 1613
f 1615 1602 1606
f 1617 1618 1619
f 1620 1617 1621
f 1622 1623 1618
f 1624 1617 1620
f 1625 1622 1618
f 1626 1624 1627
f 1626 1627 1628
f 1626 1617 1624
f 1629 1630 1631
f 1629 1631 1625
f 1629 1618 1617
f 1629 1625 1618
f 1629 1617 1626
f 1632 1626 1633
f 1634 1635 1629
f 1636 1632 1637
f 1638 1639 1634
f 1640 1632 1636
f 1641 1638 1634
f 1642 1640 1643
f 1642 1643 1644
f 1642 1632 1640
f 1645 1646 1647
f 1645 1647 1641
f 1645 1634 1629
f 1645 1629 1626
f 1645 1632 1642
f 1645 1626 1632
f 1645 1641 1634
f 1648 1645 1642
f 1649 1650 1651
f 1652 1653 1654
f 1655 1656 1657
f 1658 1659 1660
f 1661 1658 1662
f 1661 1659 1658
f 1663 1664 1654
f 1663 1651 1664
f 1665 1649 1651
f 1665 1663 1654
f 1665 1651 1663
f 1666 1653 1649
f 1666 1654 1653
f 1666 1665 1654
f 1666 1649 1665
f 1667 1652 1668
f 1667 1668 1657
f 1669 1656 1653
f 1669 1652 1667
f 1669 1667 1657
f 1669 1653 1652
f 1669 1657 1656
f 1670 1655 1671
f 1670 1671 1660
f 1670 1659 1656
f 1670 1656 1655
f 1670 1660 1659
f 1672 1673 1674
f 1686 1672 1674
f 1675 1676 1677
f 1678 1675 1677
f 1679 1676 1672
f 1679 1686 1677
f 1679 1672 1686
f 1679 1677 1676
f 1680 1674 1681
f 1680 1681 1682
f 1680 1682 1683
f 1680 1683 1684
f 1680 1684 1685
f 1680 1685 1677
f 1680 1677 1686
f 1680 1686 1674
f 1687 1688 1689
f 1690 1691 1692
f 1690 1692 1688
f 1690 1688 1687
f 1693 1687 1694
f 1693 1690 1687
f 1695 1693 1694
f 1696 1697 1698
f 1699 1696 1698
f 1700 1696 1699
f 1701 1702 1703
f 1701 1703 1721
f 1703 1696 1700
f 1703 1700 1721
f 1704 1705 1706
f 1704 1707 1694
f 1704 1694 1708
f 1704 1708 1709
f 1704 1709 1710
f 1704 1710 1705
f 1704 1706 1711
f 1704 1711 1712
f 1704 1712 1707
f 1713 1714 1707
f 1715 1713 1707
f 1716 1717 1718
f 1716 1718 1719
f 1720 1715 1719
f 1720 1718 1713
f 1720 1713 1715
f 1720 1719 1718
f 1721 1722 1723
f 1664 1723 1724
f 1664 1724 1725
f 1664 1721 1723
f 1726 1727 1721
f 1728 1721 1664
f 1728 1726 1721
f 1729 1728 1664
f 1730 1731 1732
f 1749 1731 1730
f 1733 1734 1716
f 1735 1716 1736
f 1735 1733 1716
f 1716 1731 1736
f 1736 1731 1749
f 1737 1738 1739
f 1740 1737 1739
f 1741 1737 1740
f 1742 1743 1744
f 1745 1743 1742
f 1746 1743 1741
f 1746 1740 1744
f 1746 1741 1740
f 1746 1744 1743
f 1747 1748 1749
f 1750 1751 1747
f 1750 1749 1752
f 1750 1747 1749
f 1753 1751 1750
f 1754 1751 1753
f 1755 1751 1754
f 1756 1749 1757
f 1756 1757 1741
f 1756 1752 1749
f 1758 1741 1743
f 1758 1752 1756
f 1758 1756 1741
f 1759 1743 1760
f 1759 1760 1752
f 1759 1752 1758
f 1759 1758 1743
f 1761 1762 1763
f 1764 1763 1765
f 1764 1765 1766
f 1764 1761 1763
f 1767 1768 1761
f 1769 1761 1764
f 1769 1767 1761
f 1770 1769 1764
f 1771 1772 1773
f 1774 1771 1773
f 1775 1776 1777
f 1778 1775 1777
f 1779 1776 1771
f 1779 1774 1777
f 1779 1771 1774
f 1779 1777 1776
f 1780 1781 1782
f 1783 1780 1782
f 1784 1785 1786
f 1784 1786 1787
f 1788 1783 1787
f 1788 1786 1780
f 1788 1780 1783
f 1788 1787 1786
f 1789 1790 1791
f 1792 1789 1791
f 1793 1789 1792
f 1794 1795 1796
f 1794 1796 1797
f 1796 1789 1793
f 1796 1793 1797
f 1798 1773 1799
f 1798 1799 1800
f 1798 1800 1801
f 1798 1801 1802
f 1798 1802 1803
f 1798 1803 1777
f 1798 1777 1774
f 1798 1774 1773
f 1804 1805 1806
f 1804 1782 1807
f 1804 1807 1808
f 1804 1808 1809
f 1804 1809 1810
f 1804 1810 1805
f 1804 1806 1811
f 1804 1811 1812
f 1804 1812 1782
f 1813 1814 1815
f 1816 1814 1813
f 1817 1818 1784
f 1819 1784 1820
f 1819 1817 1784
f 1784 1814 1820
f 1820 1814 1816
f 1821 1822 1823
f 1807 1824 1825
f 1826 1825 1822
f 1826 1807 1825
f 1827 1826 1822
f 1827 1822 1821
f 1828 1826 1827
f 1829 1830 1831
f 1832 1833 1834
f 1832 1834 1835
f 1836 1837 1838
f 1839 1836 1838
f 1840 1839 1838
f 1841 1840 1838
f 1842 1831 1833
f 1842 1829 1831
f 1842 1833 1832
f 1843 1832 1844
f 1843 1844 1842
f 1843 1842 1832
f 1845 1846 1847
f 1845 1847 1841
f 1845 1838 1829
f 1845 1842 1844
f 1845 1829 1842
f 1845 1841 1838
f 1848 1844 1846
f 1848 1845 1844
f 1848 1846 1845
f 1849 1850 1851
f 1852 1849 1851
f 1853 1854 1855
f 1856 1853 1855
f 1857 1854 1849
f 1857 1852 1855
f 1857 1849 1852
f 1857 1855 1854
f 1858 1859 1860
f 1861 1858 1860
f 1862 1863 1864
f 1862 1864 1865
f 1866 1861 1865
f 1866 1864 1858
f 1866 1858 1861
f 1866 1865 1864
f 1867 1868 1869
f 1870 1871 1868
f 1870 1868 1867
f 1872 1869 1873
f 1872 1867 1869
f 1874 1875 1871
f 1874 1871 1870
f 1876 1873 1877
f 1876 1872 1873
f 1878 1879 1875
f 1878 1875 1874
f 1880 1877 1881
f 1880 1876 1877
f 1882 1881 1883
f 1882 1880 1881
f 1884 1885 1879
f 1884 1879 1878
f 1886 1887 1885
f 1886 1885 1884
f 1888 1883 1889
f 1888 1882 1883
f 1890 1891 1887
f 1890 1887 1886
f 1892 1889 1893
f 1892 1888 1889
f 1894 1893 1895
f 1894 1892 1893
f 1896 1891 1890
f 1897 1891 1896
f 1898 1895 1899
f 1898 1894 1895
f 1900 1897 1896
f 1901 1897 1900
f 1902 1899 1903
f 1902 1898 1899
f 1904 1901 1900
f 1905 1901 1904
f 1906 1903 1907
f 1906 1902 1903
f 1908 1905 1904
f 1909 1905 1908
f 1910 1909 1908
f 1911 1906 1907
f 1911 1907 1912
f 1913 1909 1910
f 1914 1911 1912
f 1915 1913 1910
f 1916 1914 1912
f 1917 1913 1915
f 1918 1914 1916
f 1919 1917 1915
f 1920 1918 1916
f 1921 1917 1919
f 1922 1918 1920
f 1923 1921 1919
f 1924 1922 1920
f 1925 1921 1923
f 1926 1922 1924
f 1927 1925 1923
f 1928 1926 1924
f 1929 1925 1927
f 1930 1926 1928
f 1931 1929 1927
f 1932 1930 1928
f 1933 1929 1931
f 1934 1930 1932
f 1935 1933 1931
f 1936 1934 1932
f 1937 1933 1935
f 1938 1934 1936
f 1939 1937 1935
f 1940 1938 1936
f 1941 1937 1939
f 1942 1938 1940
f 1943 1941 1939
f 1944 1942 1940
f 1945 1941 1943
f 1946 1942 1944
f 1947 1945 1943
f 1948 1946 1944
f 1949 1946 1948
f 1950 1947 1951
f 1950 1945 1947
f 1952 1949 1948
f 1953 1949 1952
f 1954 1951 1955
f 1954 1950 1951
f 1956 1953 1952
f 1957 1953 1956
f 1958 1954 1955
f 1958 1955 1959
f 1960 1957 1956
f 1961 1957 1960
f 1962 1959 1963
f 1962 1958 1959
f 1964 1961 1960
f 1965 1961 1964
f 1966 1962 1963
f 1966 1963 1967
f 1968 1969 1965
f 1968 1965 1964
f 1970 1967 1971
f 1970 1966 1967
f 1972 1973 1969
f 1972 1969 1968
f 1974 1971 1975
f 1974 1970 1971
f 1976 1977 1973
f 1976 1973 1972
f 1978 1975 1979
f 1978 1974 1975
f 1980 1981 1977
f 1980 1977 1976
f 1982 1979 1983
f 1982 1978 1979
f 1984 1985 1981
f 1984 1981 1980
f 1986 1983 1987
f 1986 1982 1983
f 1988 1989 1985
f 1988 1985 1984
f 1990 1987 1991
f 1990 1986 1987
f 1992 1993 1989
f 1992 1989 1988
f 1994 1991 1993
f 1994 1990 1991
f 1994 1993 1992
f 1995 1996 1997
f 1995 1997 1998
f 1995 1999 1996
f 2000 2001 2002
f 2000 2002 1996
f 2000 1996 1999
f 2003 2004 2001
f 2003 2001 2000
f 2005 1995 1998
f 2005 1998 2006
f 2007 2004 2003
f 2008 2005 2006
f 2009 2010 2004
f 2009 2004 2007
f 2011 2006 2012
f 2011 2008 2006
f 2013 2012 2014
f 2013 2011 2012
f 2015 2016 2010
f 2015 2010 2009
f 2017 2018 2016
f 2017 2016 2015
f 2019 2014 2020
f 2019 2013 2014
f 2021 2020 2022
f 2021 2019 2020
f 2023 2024 2018
f 2023 2018 2017
f 2025 2021 2022
f 2026 2024 2023
f 2027 2026 2023
f 2028 2021 2025
f 2029 2025 2030
f 2029 2028 2025
f 2031 2032 2026
f 2031 2026 2027
f 2033 2029 2030
f 2034 2032 2031
f 2035 2034 2031
f 2036 2029 2033
f 2037 2036 2033
f 2038 2034 2035
f 2039 2036 2037
f 2040 2038 2035
f 2041 2039 2037
f 2042 2038 2040
f 2043 2039 2041
f 2044 2042 2040
f 2045 2042 2044
f 2046 2043 2041
f 2047 2045 2044
f 2048 2043 2046
f 2049 2048 2046
f 2049 2046 2050
f 2051 2045 2047
f 2051 2052 2045
f 2053 2054 2052
f 2053 2052 2051
f 2055 2049 2050
f 2055 2050 2056
f 2057 2054 2053
f 2058 2057 2053
f 2059 2055 2056
f 2059 2060 2055
f 2061 2060 2059
f 2062 2057 2058
f 2063 2057 2062
f 2064 2061 2059
f 2065 2062 2066
f 2065 2063 2062
f 2067 2061 2064
f 2067 2068 2061
f 2069 2066 2070
f 2069 2065 2066
f 2071 2072 2068
f 2071 2068 2067
f 2073 2072 2071
f 2074 2069 2070
f 2075 2069 2074
f 2076 2073 2071
f 2077 2073 2076
f 2078 2075 2074
f 2079 2075 2078
f 2080 2077 2076
f 2081 2077 2080
f 2082 2079 2078
f 2083 2079 2082
f 2084 2081 2080
f 2085 2081 2084
f 2086 2083 2082
f 2087 2085 2084
f 2088 2083 2086
f 2089 2086 2090
f 2089 2088 2086
f 2091 2085 2087
f 2091 2092 2085
f 2093 2092 2091
f 2094 2089 2090
f 2095 2093 2091
f 2096 2089 2094
f 2097 2093 2095
f 2097 2098 2093
f 2099 2094 2100
f 2099 2096 2094
f 2101 2098 2097
f 2101 2102 2098
f 2103 2100 2104
f 2103 2099 2100
f 2105 2106 2102
f 2105 2102 2101
f 2107 2104 2108
f 2107 2103 2104
f 2109 2110 2111
f 2109 2111 2106
f 2109 2106 2105
f 2112 2108 2113
f 2112 2113 2114
f 2112 2107 2108
f 2115 2114 2116
f 2115 2112 2114
f 2117 2118 2110
f 2117 2110 2109
f 2119 2118 2117
f 2120 2115 2116
f 2121 2116 2122
f 2121 2122 2118
f 2121 2118 2119
f 2121 2120 2116
f 2123 2124 2125
f 2123 2125 2126
f 2123 2126 2127
f 2128 2126 2129
f 2128 2129 2130
f 2128 2127 2126
f 2131 2130 2132
f 2131 2128 2130
f 2133 2134 2124
f 2133 2124 2123
f 2135 2131 2132
f 2136 2134 2133
f 2137 2138 2134
f 2137 2134 2136
f 2139 2135 2132
f 2139 2132 2140
f 2141 2142 2143
f 2141 2143 2138
f 2141 2138 2137
f 2144 2140 2145
f 2144 2145 2146
f 2144 2139 2140
f 2147 2142 2141
f 2148 2144 2146
f 2149 2150 2151
f 2149 2151 2142
f 2149 2142 2147
f 2152 2146 2153
f 2152 2153 2154
f 2152 2148 2146
f 2155 2150 2149
f 2156 2152 2154
f 2157 2156 2154
f 2157 2154 2158
f 2157 2158 2159
f 2160 2150 2155
f 2160 2161 2162
f 2160 2162 2150
f 2163 2157 2159
f 2164 2161 2160
f 2165 2163 2159
f 2165 2159 2166
f 2165 2166 2167
f 2168 2161 2164
f 2168 2169 2170
f 2168 2170 2161
f 2171 2169 2168
f 2172 2165 2167
f 2173 2172 2167
f 2174 2169 2171
f 2175 2174 2171
f 2176 2172 2173
f 2177 2178 2174
f 2177 2174 2175
f 2179 2176 2173
f 2179 2173 2180
f 2181 2182 2178
f 2181 2178 2177
f 2183 2179 2180
f 2183 2180 2184
f 2185 2182 2181
f 2185 2181 2186
f 2187 2188 2183
f 2187 2183 2184
f 2189 2185 2186
f 2190 2188 2187
f 2191 2185 2189
f 2192 2190 2187
f 2193 2191 2189
f 2193 2189 2194
f 2195 2196 2190
f 2195 2190 2192
f 2197 2194 2198
f 2197 2193 2194
f 2199 2200 2196
f 2199 2196 2195
f 2201 2197 2198
f 2202 2200 2199
f 2203 2201 2204
f 2203 2197 2201
f 2205 2202 2199
f 2205 2206 2202
f 2207 2203 2204
f 2208 2206 2205
f 2209 2207 2204
f 2209 2204 2210
f 2209 2210 2211
f 2212 2206 2208
f 2212 2213 2214
f 2212 2214 2206
f 2215 2213 2212
f 2216 2209 2211
f 2217 2216 2211
f 2217 2211 2218
f 2217 2218 2219
f 2220 2213 2215
f 2220 2221 2222
f 2220 2222 2213
f 2223 2221 2220
f 2224 2217 2219
f 2225 2221 2223
f 2225 2226 2227
f 2225 2227 2221
f 2228 2224 2219
f 2228 2219 2229
f 2228 2229 2230
f 2231 2226 2225
f 2232 2228 2230
f 2233 2226 2231
f 2233 2234 2226
f 2235 2232 2230
f 2235 2230 2236
f 2237 2234 2233
f 2237 2238 2239
f 2237 2239 2234
f 2240 2235 2236
f 2240 2236 2241
f 2240 2241 2242
f 2243 2240 2242
f 2243 2242 2244
f 2245 2238 2237
f 2245 2246 2238
f 2247 2246 2245
f 2248 2243 2244
f 2249 2246 2247
f 2249 2248 2244
f 2249 2244 2250
f 2249 2250 2246
f 2251 2252 2253
f 2251 2253 2254
f 2251 2254 2255
f 2256 2254 2257
f 2256 2257 2258
f 2256 2255 2254
f 2259 2258 2260
f 2259 2256 2258
f 2261 2262 2252
f 2261 2252 2251
f 2263 2259 2260
f 2264 2262 2261
f 2265 2266 2262
f 2265 2262 2264
f 2267 2263 2260
f 2267 2260 2268
f 2269 2270 2271
f 2269 2271 2266
f 2269 2266 2265
f 2272 2268 2273
f 2272 2273 2274
f 2272 2267 2268
f 2275 2270 2269
f 2276 2272 2274
f 2277 2278 2279
f 2277 2279 2270
f 2277 2270 2275
f 2280 2274 2281
f 2280 2281 2282
f 2280 2276 2274
f 2283 2278 2277
f 2284 2280 2282
f 2285 2284 2282
f 2285 2282 2286
f 2285 2286 2287
f 2288 2278 2283
f 2288 2289 2290
f 2288 2290 2278
f 2291 2285 2287
f 2292 2289 2288
f 2293 2291 2287
f 2293 2287 2294
f 2293 2294 2295
f 2296 2289 2292
f 2296 2297 2298
f 2296 2298 2289
f 2299 2297 2296
f 2300 2293 2295
f 2301 2300 2295
f 2302 2297 2299
f 2303 2302 2299
f 2304 2300 2301
f 2305 2306 2302
f 2305 2302 2303
f 2307 2304 2301
f 2307 2301 2308
f 2309 2310 2306
f 2309 2306 2305
f 2311 2307 2308
f 2311 2308 2312
f 2313 2310 2309
f 2313 2309 2314
f 2315 2316 2311
f 2315 2311 2312
f 2317 2313 2314
f 2318 2316 2315
f 2319 2313 2317
f 2320 2318 2315
f 2321 2319 2317
f 2321 2317 2322
f 2323 2324 2318
f 2323 2318 2320
f 2325 2322 2326
f 2325 2321 2322
f 2327 2328 2324
f 2327 2324 2323
f 2329 2325 2326
f 2330 2328 2327
f 2331 2329 2332
f 2331 2325 2329
f 2333 2330 2327
f 2333 2334 2330
f 2335 2331 2332
f 2336 2334 2333
f 2337 2335 2332
f 2337 2332 2338
f 2337 2338 2339
f 2340 2334 2336
f 2340 2341 2342
f 2340 2342 2334
f 2343 2341 2340
f 2344 2337 2339
f 2345 2344 2339
f 2345 2339 2346
f 2345 2346 2347
f 2348 2341 2343
f 2348 2349 2350
f 2348 2350 2341
f 2351 2349 2348
f 2352 2345 2347
f 2353 2349 2351
f 2353 2354 2355
f 2353 2355 2349
f 2356 2352 2347
f 2356 2347 2357
f 2356 2357 2358
f 2359 2354 2353
f 2360 2356 2358
f 2361 2354 2359
f 2361 2362 2354
f 2363 2360 2358
f 2363 2358 2364
f 2365 2362 2361
f 2365 2366 2367
f 2365 2367 2362
f 2368 2363 2364
f 2368 2364 2369
f 2368 2369 2370
f 2371 2368 2370
f 2371 2370 2372
f 2373 2366 2365
f 2373 2374 2366
f 2375 2374 2373
f 2376 2371 2372
f 2377 2374 2375
f 2377 2376 2372
f 2377 2372 2378
f 2377 2378 2374
f 2379 2380 2381
f 2379 2381 2382
f 2379 2382 2383
f 2384 2382 2385
f 2384 2385 2386
f 2384 2383 2382
f 2387 2386 2388
f 2387 2384 2386
f 2389 2390 2380
f 2389 2380 2379
f 2391 2387 2388
f 2392 2390 2389
f 2393 2394 2390
f 2393 2390 2392
f 2395 2391 2388
f 2395 2388 2396
f 2397 2398 2399
f 2397 2399 2394
f 2397 2394 2393
f 2400 2396 2401
f 2400 2401 2402
f 2400 2395 2396
f 2403 2398 2397
f 2404 2400 2402
f 2405 2406 2407
f 2405 2407 2398
f 2405 2398 2403
f 2408 2402 2409
f 2408 2409 2410
f 2408 2404 2402
f 2411 2406 2405
f 2412 2408 2410
f 2413 2412 2410
f 2413 2410 2414
f 2413 2414 2415
f 2416 2406 2411
f 2416 2417 2418
f 2416 2418 2406
f 2419 2413 2415
f 2420 2417 2416
f 2421 2419 2415
f 2421 2415 2422
f 2421 2422 2423
f 2424 2417 2420
f 2424 2425 2426
f 2424 2426 2417
f 2427 2425 2424
f 2428 2421 2423
f 2429 2428 2423
f 2430 2425 2427
f 2431 2430 2427
f 2432 2428 2429
f 2433 2434 2430
f 2433 2430 2431
f 2435 2432 2429
f 2435 2429 2436
f 2437 2438 2434
f 2437 2434 2433
f 2439 2435 2436
f 2439 2436 2440
f 2441 2438 2437
f 2441 2437 2442
f 2443 2444 2439
f 2443 2439 2440
f 2445 2441 2442
f 2446 2444 2443
f 2447 2441 2445
f 2448 2446 2443
f 2449 2447 2445
f 2449 2445 2450
f 2451 2452 2446
f 2451 2446 2448
f 2453 2450 2454
f 2453 2449 2450
f 2455 2456 2452
f 2455 2452 2451
f 2457 2453 2454
f 2458 2456 2455
f 2459 2457 2460
f 2459 2453 2457
f 2461 2458 2455
f 2461 2462 2458
f 2463 2459 2460
f 2464 2462 2461
f 2465 2463 2460
f 2465 2460 2466
f 2465 2466 2467
f 2468 2462 2464
f 2468 2469 2470
f 2468 2470 2462
f 2471 2469 2468
f 2472 2465 2467
f 2473 2472 2467
f 2473 2467 2474
f 2473 2474 2475
f 2476 2469 2471
f 2476 2477 2478
f 2476 2478 2469
f 2479 2477 2476
f 2480 2473 2475
f 2481 2477 2479
f 2481 2482 2483
f 2481 2483 2477
f 2484 2480 2475
f 2484 2475 2485
f 2484 2485 2486
f 2487 2482 2481
f 2488 2484 2486
f 2489 2482 2487
f 2489 2490 2482
f 2491 2488 2486
f 2491 2486 2492
f 2493 2490 2489
f 2493 2494 2495
f 2493 2495 2490
f 2496 2491 2492
f 2496 2492 2497
f 2496 2497 2498
f 2499 2496 2498
f 2499 2498 2500
f 2501 2494 2493
f 2501 2502 2494
f 2503 2502 2501
f 2504 2499 2500
f 2505 2502 2503
f 2505 2504 2500
f 2505 2500 2506
f 2505 2506 2502
f 2507 2508 2509
f 2507 2509 2510
f 2507 2510 2511
f 2512 2510 2513
f 2512 2513 2514
f 2512 2511 2510
f 2515 2514 2516
f 2515 2512 2514
f 2517 2518 2508
f 2517 2508 2507
f 2519 2515 2516
f 2520 2518 2517
f 2521 2522 2518
f 2521 2518 2520
f 2523 2519 2516
f 2523 2516 2524
f 2525 2526 2527
f 2525 2527 2522
f 2525 2522 2521
f 2528 2524 2529
f 2528 2529 2530
f 2528 2523 2524
f 2531 2526 2525
f 2532 2528 2530
f 2533 2534 2535
f 2533 2535 2526
f 2533 2526 2531
f 2536 2530 2537
f 2536 2537 2538
f 2536 2532 2530
f 2539 2534 2533
f 2540 2536 2538
f 2541 2540 2538
f 2541 2538 2542
f 2541 2542 2543
f 2544 2534 2539
f 2544 2545 2546
f 2544 2546 2534
f 2547 2541 2543
f 2548 2545 2544
f 2549 2547 2543
f 2549 2543 2550
f 2549 2550 2551
f 2552 2545 2548
f 2552 2553 2554
f 2552 2554 2545
f 2555 2553 2552
f 2556 2549 2551
f 2557 2556 2551
f 2558 2553 2555
f 2559 2558 2555
f 2560 2556 2557
f 2561 2562 2558
f 2561 2558 2559
f 2563 2560 2557
f 2563 2557 2564
f 2565 2566 2562
f 2565 2562 2561
f 2567 2563 2564
f 2567 2564 2568
f 2569 2566 2565
f 2569 2565 2570
f 2571 2572 2567
f 2571 2567 2568
f 2573 2569 2570
f 2574 2572 2571
f 2575 2569 2573
f 2576 2574 2571
f 2577 2575 2573
f 2577 2573 2578
f 2579 2580 2574
f 2579 2574 2576
f 2581 2578 2582
f 2581 2577 2578
f 2583 2584 2580
f 2583 2580 2579
f 2585 2581 2582
f 2586 2584 2583
f 2587 2585 2588
f 2587 2581 2585
f 2589 2586 2583
f 2589 2590 2586
f 2591 2587 2588
f 2592 2590 2589
f 2593 2591 2588
f 2593 2588 2594
f 2593 2594 2595
f 2596 2590 2592
f 2596 2597 2598
f 2596 2598 2590
f 2599 2597 2596
f 2600 2593 2595
f 2601 2600 2595
f 2601 2595 2602
f 2601 2602 2603
f 2604 2597 2599
f 2604 2605 2606
f 2604 2606 2597
f 2607 2605 2604
f 2608 2601 2603
f 2609 2605 2607
f 2609 2610 2611
f 2609 2611 2605
f 2612 2608 2603
f 2612 2603 2613
f 2612 2613 2614
f 2615 2610 2609
f 2616 2612 2614
f 2617 2610 2615
f 2617 2618 2610
f 2619 2616 2614
f 2619 2614 2620
f 2621 2618 2617
f 2621 2622 2623
f 2621 2623 2618
f 2624 2619 2620
f 2624 2620 2625
f 2624 2625 2626
f 2627 2624 2626
f 2627 2626 2628
f 2629 2622 2621
f 2629 2630 2622
f 2631 2630 2629
f 2632 2627 2628
f 2633 2630 2631
f 2633 2632 2628
f 2633 2628 2634
f 2633 2634 2630
f 2635 2636 2637
f 2635 2637 2638
f 2635 2638 2639
f 2640 2638 2641
f 2640 2641 2642
f 2640 2639 2638
f 2643 2642 2644
f 2643 2640 2642
f 2645 2646 2636
f 2645 2636 2635
f 2647 2643 2644
f 2648 2646 2645
f 2649 2650 2646
f 2649 2646 2648
f 2651 2647 2644
f 2651 2644 2652
f 2653 2654 2655
f 2653 2655 2650
f 2653 2650 2649
f 2656 2652 2657
f 2656 2657 2658
f 2656 2651 2652
f 2659 2654 2653
f 2660 2656 2658
f 2661 2662 2663
f 2661 2663 2654
f 2661 2654 2659
f 2664 2658 2665
f 2664 2665 2666
f 2664 2660 2658
f 2667 2662 2661
f 2668 2664 2666
f 2669 2668 2666
f 2669 2666 2670
f 2669 2670 2671
f 2672 2662 2667
f 2672 2673 2674
f 2672 2674 2662
f 2675 2669 2671
f 2676 2673 2672
f 2677 2675 2671
f 2677 2671 2678
f 2677 2678 2679
f 2680 2673 2676
f 2680 2681 2682
f 2680 2682 2673
f 2683 2681 2680
f 2684 2677 2679
f 2685 2684 2679
f 2686 2681 2683
f 2687 2686 2683
f 2688 2684 2685
f 2689 2690 2686
f 2689 2686 2687
f 2691 2688 2685
f 2691 2685 2692
f 2693 2694 2690
f 2693 2690 2689
f 2695 2691 2692
f 2695 2692 2696
f 2697 2694 2693
f 2697 2693 2698
f 2699 2700 2695
f 2699 2695 2696
f 2701 2697 2698
f 2702 2700 2699
f 2703 2697 2701
f 2704 2702 2699
f 2705 2703 2701
f 2705 2701 2706
f 2707 2708 2702
f 2707 2702 2704
f 2709 2706 2710
f 2709 2705 2706
f 2711 2712 2708
f 2711 2708 2707
f 2713 2709 2710
f 2714 2712 2711
f 2715 2713 2716
f 2715 2709 2713
f 2717 2714 2711
f 2717 2718 2714
f 2719 2715 2716
f 2720 2718 2717
f 2721 2719 2716
f 2721 2716 2722
f 2721 2722 2723
f 2724 2718 2720
f 2724 2725 2726
f 2724 2726 2718
f 2727 2725 2724
f 2728 2721 2723
f 2729 2728 2723
f 2729 2723 2730
f 2729 2730 2731
f 2732 2725 2727
f 2732 2733 2734
f 2732 2734 2725
f 2735 2733 2732
f 2736 2729 2731
f 2737 2733 2735
f 2737 2738 2739
f 2737 2739 2733
f 2740 2736 2731
f 2740 2731 2741
f 2740 2741 2742
f 2743 2738 2737
f 2744 2740 2742
f 2745 2738 2743
f 2745 2746 2738
f 2747 2744 2742
f 2747 2742 2748
f 2749 2746 2745
f 2749 2750 2751
f 2749 2751 2746
f 2752 2747 2748
f 2752 2748 2753
f 2752 2753 2754
f 2755 2752 2754
f 2755 2754 2756
f 2757 2750 2749
f 2757 2758 2750
f 2759 2758 2757
f 2760 2755 2756
f 2761 2758 2759
f 2761 2760 2756
f 2761 2756 2762
f 2761 2762 2758
f 2763 2764 2765
f 2763 2765 2766
f 2763 2766 2767
f 2768 2766 2769
f 2768 2769 2770
f 2768 2767 2766
f 2771 2770 2772
f 2771 2768 2770
f 2773 2774 2764
f 2773 2764 2763
f 2775 2771 2772
f 2776 2774 2773
f 2777 2778 2774
f 2777 2774 2776
f 2779 2775 2772
f 2779 2772 2780
f 2781 2782 2783
f 2781 2783 2778
f 2781 2778 2777
f 2784 2780 2785
f 2784 2785 2786
f 2784 2779 2780
f 2787 2782 2781
f 2788 2784 2786
f 2789 2790 2791
f 2789 2791 2782
f 2789 2782 2787
f 2792 2786 2793
f 2792 2793 2794
f 2792 2788 2786
f 2795 2790 2789
f 2796 2792 2794
f 2797 2796 2794
f 2797 2794 2798
f 2797 2798 2799
f 2800 2790 2795
f 2800 2801 2802
f 2800 2802 2790
f 2803 2797 2799
f 2804 2801 2800
f 2805 2803 2799
f 2805 2799 2806
f 2805 2806 2807
f 2808 2801 2804
f 2808 2809 2810
f 2808 2810 2801
f 2811 2809 2808
f 2812 2805 2807
f 2813 2812 2807
f 2814 2809 2811
f 2815 2814 2811
f 2816 2812 2813
f 2817 2818 2814
f 2817 2814 2815
f 2819 2816 2813
f 2819 2813 2820
f 2821 2822 2818
f 2821 2818 2817
f 2823 2819 2820
f 2823 2820 2824
f 2825 2822 2821
f 2825 2821 2826
f 2827 2828 2823
f 2827 2823 2824
f 2829 2825 2826
f 2830 2828 2827
f 2831 2825 2829
f 2832 2830 2827
f 2833 2831 2829
f 2833 2829 2834
f 2835 2836 2830
f 2835 2830 2832
f 2837 2834 2838
f 2837 2833 2834
f 2839 2840 2836
f 2839 2836 2835
f 2841 2837 2838
f 2842 2840 2839
f 2843 2841 2844
f 2843 2837 2841
f 2845 2842 2839
f 2845 2846 2842
f 2847 2843 2844
f 2848 2846 2845
f 2849 2847 2844
f 2849 2844 2850
f 2849 2850 2851
f 2852 2846 2848
f 2852 2853 2854
f 2852 2854 2846
f 2855 2853 2852
f 2856 2849 2851
f 2857 2856 2851
f 2857 2851 2858
f 2857 2858 2859
f 2860 2853 2855
f 2860 2861 2862
f 2860 2862 2853
f 2863 2861 2860
f 2864 2857 2859
f 2865 2861 2863
f 2865 2866 2867
f 2865 2867 2861
f 2868 2864 2859
f 2868 2859 2869
f 2868 2869 2870
f 2871 2866 2865
f 2872 2868 2870
f 2873 2866 2871
f 2873 2874 2866
f 2875 2872 2870
f 2875 2870 2876
f 2877 2874 2873
f 2877 2878 2879
f 2877 2879 2874
f 2880 2875 2876
f 2880 2876 2881
f 2880 2881 2882
f 2883 2880 2882
f 2883 2882 2884
f 2885 2878 2877
f 2885 2886 2878
f 2887 2886 2885
f 2888 2883 2884
f 2889 2886 2887
f 2889 2888 2884
f 2889 2884 2890
f 2889 2890 2886
f 2891 2892 2893
f 2891 2893 2894
f 2895 2894 2896
f 2895 2891 2894
f 2897 2896 2898
f 2897 2895 2896
f 2899 2898 2900
f 2899 2897 2898
f 2901 2900 2902
f 2901 2899 2900
f 2903 2902 2904
f 2903 2901 2902
f 2905 2904 2906
f 2905 2903 2904
f 2907 2906 2908
f 2907 2905 2906
f 2909 2910 2911
f 2912 2910 2909
f 2913 2914 2915
f 2913 2915 2916
f 2917 2918 2910
f 2917 2919 2918
f 2917 2912 2920
f 2917 2920 2921
f 2917 2921 2922
f 2917 2910 2912
f 2923 2924 2925
f 2923 2925 2914
f 2923 2913 2926
f 2923 2914 2913
f 2927 2928 2919
f 2927 2919 2917
f 2929 2927 2930
f 2929 2928 2927
f 2931 2922 2932
f 2931 2932 2933
f 2931 2933 2934
f 2931 2927 2917
f 2931 2917 2922
f 2935 2927 2931
f 2936 2937 2938
f 2936 2939 2937
f 2940 2927 2935
f 2941 2930 2927
f 2941 2927 2940
f 2942 2940 2935
f 2942 2935 2943
f 2944 2942 2945
f 2944 2941 2940
f 2944 2940 2942
f 2944 2930 2941
f 2946 2930 2944
f 2946 2929 2930
f 2947 2946 2944
f 2947 2929 2946
f 2948 2938 2949
f 2948 2943 2936
f 2948 2936 2938
f 2950 2951 2952
f 2953 2954 2948
f 2953 2948 2949
f 2955 2951 2950
f 2955 2956 2957
f 2958 2959 2953
f 2958 2953 2949
f 2958 2960 2961
f 2958 2949 2960
f 2962 2934 2963
f 2962 2963 2964
f 2962 2964 2965
f 2962 2965 2924
f 2962 2926 2939
f 2962 2931 2934
f 2962 2924 2923
f 2962 2939 2936
f 2962 2923 2926
f 2966 2962 2936
f 2966 2931 2962
f 2967 2931 2966
f 2967 2966 2936
f 2967 2936 2943
f 2967 2943 2935
f 2967 2935 2931
f 2968 2945 2942
f 2968 2954 2945
f 2968 2943 2948
f 2968 2948 2954
f 2968 2942 2943
f 2969 2945 2954
f 2969 2947 2944
f 2969 2944 2945
f 2970 2951 2929
f 2970 2952 2951
f 2970 2929 2947
f 2971 2969 2954
f 2971 2947 2969
f 2972 2970 2947
f 2972 2952 2970
f 2972 2947 2971
f 2973 2952 2972
f 2973 2972 2971
f 2974 2954 2953
f 2974 2971 2954
f 2974 2973 2971
f 2975 2955 2957
f 2975 2951 2955
f 2975 2976 2928
f 2975 2977 2976
f 2975 2957 2977
f 2975 2929 2951
f 2975 2928 2929
f 2978 2973 2974
f 2978 2952 2973
f 2979 2950 2952
f 2980 2979 2952
f 2980 2952 2978
f 2981 2953 2959
f 2981 2974 2953
f 2981 2978 2974
f 2981 2959 2980
f 2981 2980 2978
f 2982 2979 2980
f 2983 2955 2950
f 2983 2950 2979
f 2983 2979 2982
f 2984 2983 2982
f 2985 2959 2958
f 2985 2980 2959
f 2985 2982 2980
f 2985 2984 2982
f 2986 2985 2958
f 2986 2983 2984
f 2986 2984 2985
f 2987 2956 2955
f 2987 2988 2956
f 2987 2986 2958
f 2987 2961 2988
f 2987 2958 2961
f 2987 2955 2983
f 2987 2983 2986
f 2989 2990 2991
f 2989 2991 2992
f 2989 2992 2993
f 2994 2992 2995
f 2994 2995 2996
f 2994 2993 2992
f 2997 2996 2998
f 2997 2994 2996
f 2999 3000 2990
f 2999 2990 2989
f 3001 2997 2998
f 3002 3000 2999
f 3003 3004 3000
f 3003 3000 3002
f 3005 3001 2998
f 3005 2998 3006
f 3007 3008 3009
f 3007 3009 3004
f 3007 3004 3003
f 3010 3006 3011
f 3010 3011 3012
f 3010 3005 3006
f 3013 3008 3007
f 3014 3010 3012
f 3015 3016 3017
f 3015 3017 3008
f 3015 3008 3013
f 3018 3012 3019
f 3018 3019 3020
f 3018 3014 3012
f 3021 3016 3015
f 3022 3018 3020
f 3023 3022 3020
f 3023 3020 3024
f 3023 3024 3025
f 3026 3016 3021
f 3026 3027 3028
f 3026 3028 3016
f 3029 3023 3025
f 3030 3027 3026
f 3031 3029 3025
f 3031 3025 3032
f 3031 3032 3033
f 3034 3027 3030
f 3034 3035 3036
f 3034 3036 3027
f 3037 3035 3034
f 3038 3031 3033
f 3039 3038 3033
f 3040 3035 3037
f 3041 3040 3037
f 3042 3038 3039
f 3043 3044 3040
f 3043 3040 3041
f 3045 3042 3039
f 3045 3039 3046
f 3047 3048 3044
f 3047 3044 3043
f 3049 3045 3046
f 3049 3046 3050
f 3051 3048 3047
f 3051 3047 3052
f 3053 3054 3049
f 3053 3049 3050
f 3055 3051 3052
f 3056 3054 3053
f 3057 3051 3055
f 3058 3056 3053
f 3059 3057 3055
f 3059 3055 3060
f 3061 3062 3056
f 3061 3056 3058
f 3063 3060 3064
f 3063 3059 3060
f 3065 3066 3062
f 3065 3062 3061
f 3067 3063 3064
f 3068 3066 3065
f 3069 3067 3070
f 3069 3063 3067
f 3071 3068 3065
f 3071 3072 3068
f 3073 3069 3070
f 3074 3072 3071
f 3075 3073 3070
f 3075 3070 3076
f 3075 3076 3077
f 3078 3072 3074
f 3078 3079 3080
f 3078 3080 3072
f 3081 3079 3078
f 3082 3075 3077
f 3083 3082 3077
f 3083 3077 3084
f 3083 3084 3085
f 3086 3079 3081
f 3086 3087 3088
f 3086 3088 3079
f 3089 3087 3086
f 3090 3083 3085
f 3091 3087 3089
f 3091 3092 3093
f 3091 3093 3087
f 3094 3090 3085
f 3094 3085 3095
f 3094 3095 3096
f 3097 3092 3091
f 3098 3094 3096
f 3099 3092 3097
f 3099 3100 3092
f 3101 3098 3096
f 3101 3096 3102
f 3103 3100 3099
f 3103 3104 3105
f 3103 3105 3100
f 3106 3101 3102
f 3106 3102 3107
f 3106 3107 3108
f 3109 3106 3108
f 3109 3108 3110
f 3111 3104 3103
f 3111 3112 3104
f 3113 3112 3111
f 3114 3109 3110
f 3115 3112 3113
f 3115 3114 3110
f 3115 3110 3116
f 3115 3116 3112
f 3117 3118 3119
f 3117 3119 3120
f 3117 3120 3121
f 3122 3120 3123
f 3122 3123 3124
f 3122 3121 3120
f 3125 3124 3126
f 3125 3122 3124
f 3127 3128 3118
f 3127 3118 3117
f 3129 3125 3126
f 3130 3128 3127
f 3131 3132 3128
f 3131 3128 3130
f 3133 3129 3126
f 3133 3126 3134
f 3135 3136 3137
f 3135 3137 3132
f 3135 3132 3131
f 3138 3134 3139
f 3138 3139 3140
f 3138 3133 3134
f 3141 3136 3135
f 3142 3138 3140
f 3143 3144 3145
f 3143 3145 3136
f 3143 3136 3141
f 3146 3140 3147
f 3146 3147 3148
f 3146 3142 3140
f 3149 3144 3143
f 3150 3146 3148
f 3151 3150 3148
f 3151 3148 3152
f 3151 3152 3153
f 3154 3144 3149
f 3154 3155 3156
f 3154 3156 3144
f 3157 3151 3153
f 3158 3155 3154
f 3159 3157 3153
f 3159 3153 3160
f 3159 3160 3161
f 3162 3155 3158
f 3162 3163 3164
f 3162 3164 3155
f 3165 3163 3162
f 3166 3159 3161
f 3167 3166 3161
f 3168 3163 3165
f 3169 3168 3165
f 3170 3166 3167
f 3171 3172 3168
f 3171 3168 3169
f 3173 3170 3167
f 3173 3167 3174
f 3175 3176 3172
f 3175 3172 3171
f 3177 3173 3174
f 3177 3174 3178
f 3179 3176 3175
f 3179 3175 3180
f 3181 3182 3177
f 3181 3177 3178
f 3183 3179 3180
f 3184 3182 3181
f 3185 3179 3183
f 3186 3184 3181
f 3187 3185 3183
f 3187 3183 3188
f 3189 3190 3184
f 3189 3184 3186
f 3191 3188 3192
f 3191 3187 3188
f 3193 3194 3190
f 3193 3190 3189
f 3195 3191 3192
f 3196 3194 3193
f 3197 3195 3198
f 3197 3191 3195
f 3199 3196 3193
f 3199 3200 3196
f 3201 3197 3198
f 3202 3200 3199
f 3203 3201 3198
f 3203 3198 3204
f 3203 3204 3205
f 3206 3200 3202
f 3206 3207 3208
f 3206 3208 3200
f 3209 3207 3206
f 3210 3203 3205
f 3211 3210 3205
f 3211 3205 3212
f 3211 3212 3213
f 3214 3207 3209
f 3214 3215 3216
f 3214 3216 3207
f 3217 3215 3214
f 3218 3211 3213
f 3219 3215 3217
f 3219 3220 3221
f 3219 3221 3215
f 3222 3218 3213
f 3222 3213 3223
f 3222 3223 3224
f 3225 3220 3219
f 3226 3222 3224
f 3227 3220 3225
f 3227 3228 3220
f 3229 3226 3224
f 3229 3224 3230
f 3231 3228 3227
f 3231 3232 3233
f 3231 3233 3228
f 3234 3229 3230
f 3234 3230 3235
f 3234 3235 3236
f 3237 3234 3236
f 3237 3236 3238
f 3239 3232 3231
f 3239 3240 3232
f 3241 3240 3239
f 3242 3237 3238
f 3243 3240 3241
f 3243 3242 3238
f 3243 3238 3244
f 3243 3244 3240
f 3245 3246 3247
f 3245 3247 3248
f 3245 3248 3249
f 3250 3248 3251
f 3250 3251 3252
f 3250 3249 3248
f 3253 3252 3254
f 3253 3250 3252
f 3255 3256 3246
f 3255 3246 3245
f 3257 3253 3254
f 3258 3256 3255
f 3259 3260 3256
f 3259 3256 3258
f 3261 3257 3254
f 3261 3254 3262
f 3263 3264 3265
f 3263 3265 3260
f 3263 3260 3259
f 3266 3262 3267
f 3266 3267 3268
f 3266 3261 3262
f 3269 3264 3263
f 3270 3266 3268
f 3271 3272 3273
f 3271 3273 3264
f 3271 3264 3269
f 3274 3268 3275
f 3274 3275 3276
f 3274 3270 3268
f 3277 3272 3271
f 3278 3274 3276
f 3279 3278 3276
f 3279 3276 3280
f 3279 3280 3281
f 3282 3272 3277
f 3282 3283 3284
f 3282 3284 3272
f 3285 3279 3281
f 3286 3283 3282
f 3287 3285 3281
f 3287 3281 3288
f 3287 3288 3289
f 3290 3283 3286
f 3290 3291 3292
f 3290 3292 3283
f 3293 3291 3290
f 3294 3287 3289
f 3295 3294 3289
f 3296 3291 3293
f 3297 3296 3293
f 3298 3294 3295
f 3299 3300 3296
f 3299 3296 3297
f 3301 3298 3295
f 3301 3295 3302
f 3303 3304 3300
f 3303 3300 3299
f 3305 3301 3302
f 3305 3302 3306
f 3307 3304 3303
f 3307 3303 3308
f 3309 3310 3305
f 3309 3305 3306
f 3311 3307 3308
f 3312 3310 3309
f 3313 3307 3311
f 3314 3312 3309
f 3315 3313 3311
f 3315 3311 3316
f 3317 3318 3312
f 3317 3312 3314
f 3319 3316 3320
f 3319 3315 3316
f 3321 3322 3318
f 3321 3318 3317
f 3323 3319 3320
f 3324 3322 3321
f 3325 3323 3326
f 3325 3319 3323
f 3327 3324 3321
f 3327 3328 3324
f 3329 3325 3326
f 3330 3328 3327
f 3331 3329 3326
f 3331 3326 3332
f 3331 3332 3333
f 3334 3328 3330
f 3334 3335 3336
f 3334 3336 3328
f 3337 3335 3334
f 3338 3331 3333
f 3339 3338 3333
f 3339 3333 3340
f 3339 3340 3341
f 3342 3335 3337
f 3342 3343 3344
f 3342 3344 3335
f 3345 3343 3342
f 3346 3339 3341
f 3347 3343 3345
f 3347 3348 3349
f 3347 3349 3343
f 3350 3346 3341
f 3350 3341 3351
f 3350 3351 3352
f 3353 3348 3347
f 3354 3350 3352
f 3355 3348 3353
f 3355 3356 3348
f 3357 3354 3352
f 3357 3352 3358
f 3359 3356 3355
f 3359 3360 3361
f 3359 3361 3356
f 3362 3357 3358
f 3362 3358 3363
f 3362 3363 3364
f 3365 3362 3364
f 3365 3364 3366
f 3367 3360 3359
f 3367 3368 3360
f 3369 3368 3367
f 3370 3365 3366
f 3371 3368 3369
f 3371 3370 3366
f 3371 3366 3372
f 3371 3372 3368
f 3373 3374 3375
f 3373 3375 3376
f 3377 3374 3373
f 3377 3378 3379
f 3377 3379 3374
f 3380 3373 3376
f 3380 3376 3381
f 3380 3381 3382
f 3383 3378 3377
f 3383 3384 3385
f 3383 3385 3378
f 3386 3380 3382
f 3386 3382 3387
f 3386 3387 3388
f 3389 3386 3388
f 3389 3388 3390
f 3389 3390 3391
f 3392 3393 3394
f 3392 3394 3384
f 3392 3384 3383
f 3395 3393 3392
f 3395 3396 3397
f 3395 3397 3393
f 3398 3389 3391
f 3398 3391 3399
f 3398 3399 3400
f 3401 3402 3403
f 3401 3403 3396
f 3401 3396 3395
f 3404 3398 3400
f 3404 3400 3405
f 3404 3405 3406
f 3407 3404 3406
f 3407 3406 3408
f 3472 3409 3402
f 3472 3402 3401
f 3410 3407 3408
f 3411 3409 3472
f 3412 3413 3411
f 3412 3411 3472
f 3414 3410 3415
f 3414 3407 3410
f 3416 3413 3412
f 3417 3414 3415
f 3470 3416 3412
f 3418 3416 3470
f 3419 3417 3420
f 3419 3414 3417
f 3421 3418 3470
f 3422 3419 3420
f 3423 3421 3470
f 3424 3419 3422
f 3425 3421 3423
f 3426 3424 3422
f 3427 3425 3423
f 3428 3424 3426
f 3469 3427 3423
f 3429 3424 3428
f 3430 3427 3469
f 3431 3429 3428
f 3432 3430 3469
f 3432 3469 3433
f 3434 3429 3431
f 3434 3435 3429
f 3436 3432 3433
f 3437 3435 3434
f 3438 3435 3437
f 3438 3465 3435
f 3439 3436 3433
f 3439 3433 3440
f 3441 3439 3440
f 3442 3465 3438
f 3443 3465 3442
f 3443 3444 3465
f 3445 3441 3440
f 3445 3440 3446
f 3447 3444 3443
f 3448 3445 3446
f 3449 3444 3447
f 3449 3450 3444
f 3451 3448 3446
f 3451 3446 3468
f 3452 3450 3449
f 3453 3451 3468
f 3454 3450 3452
f 3454 3455 3450
f 3456 3468 3457
f 3456 3453 3468
f 3458 3456 3457
f 3459 3455 3454
f 3460 3467 3455
f 3460 3455 3459
f 3461 3457 3467
f 3461 3458 3457
f 3462 3467 3460
f 3462 3461 3467
f 3463 3464 3465
f 3463 3465 3450
f 3466 3450 3467
f 3466 3463 3450
f 3526 3467 3468
f 3526 3466 3467
f 3520 3440 3469
f 3520 3468 3440
f 3520 3526 3468
f 3512 3520 3469
f 3504 3469 3470
f 3504 3512 3469
f 3471 3470 3472
f 3471 3504 3470
f 3490 3472 3395
f 3490 3471 3472
f 3473 3474 3475
f 3473 3475 3476
f 3477 3473 3476
f 3478 3474 3473
f 3479 3480 3474
f 3479 3474 3478
f 3481 3476 3482
f 3481 3477 3476
f 3483 3482 3484
f 3483 3481 3482
f 3485 3486 3480
f 3485 3480 3479
f 3487 3484 3488
f 3487 3483 3484
f 3489 3490 3486
f 3489 3486 3485
f 3491 3490 3489
f 3492 3487 3488
f 3493 3491 3489
f 3494 3487 3492
f 3495 3494 3492
f 3471 3491 3493
f 3496 3471 3493
f 3497 3494 3495
f 3498 3497 3495
f 3499 3471 3496
f 3500 3499 3496
f 3501 3497 3498
f 3502 3501 3498
f 3503 3499 3500
f 3504 3499 3503
f 3505 3502 3498
f 3506 3504 3503
f 3506 3503 3507
f 3508 3502 3505
f 3508 3509 3502
f 3510 3509 3508
f 3511 3506 3507
f 3512 3506 3511
f 3513 3510 3508
f 3514 3510 3513
f 3515 3512 3511
f 3516 3514 3513
f 3517 3512 3515
f 3518 3514 3516
f 3519 3517 3515
f 3464 3518 3516
f 3520 3517 3519
f 3521 3519 3522
f 3521 3520 3519
f 3523 3524 3518
f 3523 3518 3464
f 3463 3525 3524
f 3463 3524 3523
f 3526 3522 3527
f 3526 3521 3522
f 3528 3529 3530
f 3528 3530 3525
f 3528 3525 3463
f 3531 3527 3532
f 3531 3532 3529
f 3531 3526 3527
f 3466 3531 3529
f 3466 3529 3528
f 3533 3534 3535
f 3536 3535 3537
f 3536 3537 3538
f 3536 3533 3535
f 3539 3737 3743
f 3540 3743 3541
f 3542 3539 3743
f 3542 3743 3540
f 3543 3542 3540
f 3544 3542 3543
f 3545 3729 3546
f 3545 3546 3533
f 3545 3533 3536
f 3547 3536 3548
f 3547 3548 3549
f 3547 3549 3550
f 3547 3545 3536
f 3551 3552 3738
f 3551 3738 3729
f 3551 3729 3545
f 3553 3550 3554
f 3553 3551 3545
f 3553 3545 3547
f 3553 3547 3550
f 3555 3743 3750
f 3555 3750 3552
f 3555 3552 3551
f 3555 3541 3743
f 3556 3554 3557
f 3556 3557 3558
f 3556 3558 3541
f 3556 3553 3554
f 3556 3551 3553
f 3556 3555 3551
f 3556 3541 3555
f 3784 3559 3577
f 3784 3577 3587
f 3798 3594 3602
f 3798 3587 3594
f 3798 3784 3587
f 3560 3602 3611
f 3560 3798 3602
f 3819 3611 3618
f 3819 3560 3611
f 3561 3819 3618
f 3840 3618 3623
f 3840 3561 3618
f 3829 3623 3562
f 3829 3840 3623
f 3563 3562 3608
f 3563 3829 3562
f 3564 3565 3566
f 3564 3566 3567
f 3568 3564 3567
f 3569 3565 3564
f 3570 3571 3572
f 3570 3572 3565
f 3570 3565 3569
f 3573 3567 3574
f 3573 3574 3575
f 3573 3568 3567
f 3576 3577 3571
f 3576 3571 3570
f 3578 3575 3579
f 3578 3573 3575
f 3580 3578 3579
f 3581 3577 3576
f 3582 3580 3579
f 3582 3579 3583
f 3584 3585 3577
f 3584 3577 3581
f 3626 3585 3584
f 3626 3586 3587
f 3626 3587 3585
f 3588 3583 3589
f 3588 3582 3583
f 3588 3589 3590
f 3591 3588 3590
f 3592 3586 3626
f 3593 3591 3590
f 3628 3586 3592
f 3628 3594 3586
f 3595 3593 3590
f 3596 3594 3628
f 3596 3628 3597
f 3596 3597 3598
f 3599 3593 3595
f 3599 3600 3601
f 3599 3601 3593
f 3602 3596 3598
f 3603 3600 3599
f 3604 3605 3600
f 3604 3600 3603
f 3606 3598 3607
f 3606 3602 3598
f 3608 3609 3605
f 3608 3605 3604
f 3608 3610 3609
f 3611 3607 3612
f 3611 3612 3613
f 3611 3606 3607
f 3614 3615 3610
f 3614 3610 3608
f 3616 3611 3613
f 3616 3613 3617
f 3562 3615 3614
f 3618 3616 3617
f 3619 3630 3620
f 3619 3620 3615
f 3619 3615 3562
f 3621 3617 3622
f 3621 3622 3630
f 3621 3618 3617
f 3623 3621 3630
f 3623 3630 3619
f 3624 3625 3581
f 3624 3581 3626
f 3627 3626 3628
f 3627 3624 3626
f 3629 3628 3598
f 3629 3627 3628
f 3674 3612 3617
f 3674 3598 3612
f 3674 3629 3598
f 3670 3674 3617
f 3662 3617 3630
f 3662 3670 3617
f 3631 3615 3609
f 3631 3630 3615
f 3631 3662 3630
f 3649 3631 3609
f 3632 3633 3634
f 3632 3634 3635
f 3636 3635 3637
f 3636 3632 3635
f 3638 3639 3633
f 3638 3633 3632
f 3640 3639 3638
f 3641 3636 3637
f 3642 3637 3643
f 3642 3641 3637
f 3644 3645 3639
f 3644 3639 3640
f 3646 3643 3647
f 3646 3647 3648
f 3646 3642 3643
f 3649 3645 3644
f 3649 3693 3645
f 3649 3650 3693
f 3651 3650 3649
f 3651 3652 3650
f 3653 3648 3654
f 3653 3646 3648
f 3631 3652 3651
f 3655 3653 3654
f 3656 3654 3657
f 3656 3655 3654
f 3658 3659 3652
f 3658 3652 3631
f 3660 3657 3661
f 3660 3656 3657
f 3662 3659 3658
f 3662 3690 3659
f 3663 3690 3662
f 3663 3662 3664
f 3665 3660 3661
f 3665 3666 3660
f 3667 3668 3669
f 3667 3669 3666
f 3667 3666 3665
f 3689 3663 3664
f 3689 3664 3670
f 3689 3670 3671
f 3672 3625 3668
f 3672 3668 3667
f 3673 3689 3671
f 3673 3671 3674
f 3675 3625 3672
f 3676 3673 3674
f 3677 3678 3625
f 3677 3625 3675
f 3679 3674 3680
f 3679 3676 3674
f 3685 3681 3624
f 3685 3624 3678
f 3685 3678 3677
f 3688 3680 3629
f 3688 3629 3682
f 3688 3679 3680
f 3683 3627 3681
f 3683 3681 3685
f 3684 3682 3627
f 3684 3688 3682
f 3687 3627 3683
f 3687 3684 3627
f 3744 3735 3675
f 3744 3675 3685
f 3686 3685 3687
f 3686 3744 3685
f 3745 3687 3688
f 3745 3686 3687
f 3736 3676 3689
f 3736 3688 3676
f 3736 3745 3688
f 3728 3736 3689
f 3722 3689 3690
f 3722 3728 3689
f 3691 3690 3652
f 3691 3722 3690
f 3692 3652 3693
f 3692 3691 3652
f 3694 3695 3696
f 3694 3696 3697
f 3698 3695 3694
f 3699 3694 3697
f 3700 3701 3695
f 3700 3695 3698
f 3702 3697 3703
f 3702 3699 3697
f 3704 3705 3701
f 3704 3701 3700
f 3706 3703 3707
f 3706 3702 3703
f 3708 3707 3709
f 3708 3706 3707
f 3692 3534 3705
f 3692 3705 3704
f 3710 3708 3709
f 3711 3534 3692
f 3712 3708 3710
f 3713 3711 3692
f 3533 3711 3713
f 3714 3712 3710
f 3715 3712 3714
f 3691 3533 3713
f 3716 3533 3691
f 3717 3715 3714
f 3718 3716 3691
f 3719 3715 3717
f 3720 3717 3721
f 3720 3719 3717
f 3722 3716 3718
f 3722 3546 3716
f 3723 3720 3721
f 3723 3724 3720
f 3725 3546 3722
f 3725 3722 3726
f 3727 3724 3723
f 3728 3725 3726
f 3729 3725 3728
f 3730 3727 3723
f 3731 3729 3728
f 3732 3727 3730
f 3733 3732 3730
f 3734 3729 3731
f 3735 3732 3733
f 3736 3734 3731
f 3737 3735 3733
f 3738 3734 3736
f 3739 3735 3737
f 3739 3740 3735
f 3741 3736 3742
f 3741 3738 3736
f 3743 3740 3739
f 3743 3744 3740
f 3552 3742 3745
f 3552 3741 3742
f 3746 3686 3747
f 3746 3747 3744
f 3746 3744 3743
f 3748 3745 3749
f 3748 3749 3686
f 3748 3552 3745
f 3750 3748 3686
f 3750 3686 3746
f 3751 3752 3753
f 3751 3753 3754
f 3755 3754 3756
f 3755 3756 3757
f 3755 3751 3754
f 3758 3759 3760
f 3758 3760 3752
f 3758 3752 3751
f 3761 3755 3757
f 3761 3757 3762
f 3761 3762 3763
f 3764 3765 3766
f 3764 3766 3759
f 3764 3759 3758
f 3767 3768 3769
f 3767 3769 3765
f 3767 3765 3764
f 3770 3761 3763
f 3770 3763 3771
f 3770 3771 3772
f 3773 3772 3774
f 3773 3774 3775
f 3773 3770 3772
f 3559 3776 3768
f 3559 3768 3767
f 3559 3777 3776
f 3778 3775 3779
f 3778 3779 3780
f 3778 3773 3775
f 3781 3777 3559
f 3781 3782 3783
f 3781 3783 3777
f 3784 3782 3781
f 3784 3785 3786
f 3784 3786 3782
f 3787 3780 3788
f 3787 3788 3789
f 3787 3778 3780
f 3790 3789 3791
f 3790 3787 3789
f 3792 3793 3785
f 3792 3785 3784
f 3794 3790 3791
f 3795 3793 3792
f 3796 3794 3797
f 3796 3790 3794
f 3798 3799 3795
f 3798 3795 3792
f 3800 3796 3797
f 3801 3799 3798
f 3802 3796 3800
f 3803 3801 3798
f 3804 3802 3800
f 3805 3801 3803
f 3806 3805 3803
f 3806 3803 3560
f 3807 3802 3804
f 3807 3808 3802
f 3809 3806 3560
f 3810 3808 3807
f 3811 3809 3560
f 3811 3560 3812
f 3813 3808 3810
f 3813 3814 3808
f 3815 3811 3812
f 3816 3814 3813
f 3817 3814 3816
f 3817 3563 3814
f 3818 3815 3812
f 3818 3812 3819
f 3820 3563 3817
f 3821 3818 3819
f 3822 3563 3820
f 3822 3823 3563
f 3824 3819 3825
f 3824 3821 3819
f 3826 3823 3822
f 3827 3824 3825
f 3828 3823 3826
f 3828 3829 3823
f 3830 3827 3825
f 3830 3825 3561
f 3831 3829 3828
f 3832 3830 3561
f 3833 3829 3831
f 3833 3834 3829
f 3835 3832 3561
f 3835 3561 3836
f 3837 3834 3833
f 3838 3835 3836
f 3839 3834 3837
f 3839 3840 3834
f 3841 3838 3836
f 3841 3836 3840
f 3842 3840 3839
f 3842 3841 3840
f 3877 3843 3844
f 3877 3844 4026
f 3880 4026 3845
f 3880 3877 4026
f 3846 3845 3917
f 3846 3880 3845
f 3874 3917 3847
f 3874 3846 3917
f 3848 3847 3930
f 3848 3874 3847
f 3849 3930 3850
f 3849 3848 3930
f 3851 3850 3852
f 3851 3849 3850
f 3862 3852 3853
f 3862 3851 3852
f 3854 3855 3856
f 3857 3854 3858
f 3859 3860 3855
f 3861 3854 3857
f 3862 3859 3855
f 3863 3861 3864
f 3863 3864 3865
f 3863 3854 3861
f 3866 3851 3867
f 3866 3867 3862
f 3866 3862 3855
f 3868 3863 3869
f 3868 3854 3863
f 3870 3849 3866
f 3870 3855 3854
f 3870 3866 3855
f 3871 3868 3872
f 3873 3848 3870
f 3843 3868 3871
f 3874 3873 3870
f 3875 3843 3876
f 3875 3876 3877
f 3875 3868 3843
f 3878 3846 3879
f 3878 3879 3874
f 3878 3870 3854
f 3878 3854 3868
f 3878 3874 3870
f 3878 3868 3875
f 3880 3878 3875
f 3881 3882 3883
f 3881 3884 3882
f 3885 3886 3882
f 3885 3882 3884
f 3887 3888 3938
f 3887 3938 3886
f 3887 3886 3885
f 3889 3883 3890
f 3889 3890 3891
f 3889 3881 3883
f 3892 3891 3893
f 3892 3889 3891
f 3894 3844 3888
f 3894 3888 3887
f 3895 3892 3893
f 3896 3844 3894
f 3897 3844 3896
f 3897 3898 3844
f 3899 3893 3900
f 3899 3895 3893
f 3901 3898 3897
f 3901 4026 3898
f 3902 3900 3903
f 3902 3899 3900
f 3904 4026 3901
f 3905 3902 3903
f 3906 3902 3905
f 3907 3904 3901
f 3845 3904 3907
f 3908 3845 3907
f 3909 3906 3905
f 3909 3910 3906
f 3911 3910 3909
f 3912 3845 3908
f 3913 3845 3912
f 3914 3911 3909
f 3915 3911 3914
f 3916 3913 3912
f 4016 3915 3914
f 3917 3913 3916
f 3918 3919 3915
f 3918 3915 4016
f 3920 3916 3921
f 3920 3917 3916
f 3853 3922 3919
f 3853 3919 3918
f 3853 3923 3922
f 3847 3921 3924
f 3847 3920 3921
f 3847 3924 3925
f 3926 3927 3923
f 3926 3923 3853
f 3928 3925 3929
f 3928 3847 3925
f 3852 3927 3926
f 3930 3928 3929
f 3931 3932 3927
f 3931 3927 3852
f 3933 3929 3934
f 3933 3930 3929
f 3850 3934 3935
f 3850 3935 3932
f 3850 3932 3931
f 3850 3933 3934
f 3936 3893 3968
f 3890 3893 3936
f 3937 3890 3936
f 3882 3890 3937
f 3938 3937 3991
f 3938 3882 3937
f 3844 3991 3996
f 3844 3938 3991
f 4026 3996 3939
f 4026 3844 3996
f 3845 3939 4005
f 3845 4026 3939
f 3940 3845 4005
f 3917 3845 3940
f 3847 3940 3941
f 3847 3917 3940
f 4032 4028 3971
f 4032 3971 3942
f 3943 3942 3944
f 3943 4032 3942
f 4033 3944 3945
f 4033 3943 3944
f 3946 3945 3997
f 3946 4033 3945
f 3947 3997 3948
f 3947 3946 3997
f 3949 3947 3948
f 4021 3947 3949
f 3950 3949 3951
f 3950 4021 3949
f 3952 3951 3953
f 3952 3950 3951
f 3954 3955 3956
f 3954 3956 3957
f 3958 3957 3959
f 3958 3954 3957
f 3960 3961 3955
f 3960 3955 3954
f 3962 3961 3960
f 3963 3958 3959
f 3964 3959 3965
f 3964 3965 3966
f 3964 3963 3959
f 3967 3968 3969
f 3967 3969 3961
f 3967 3961 3962
f 3970 3964 3966
f 3971 3968 3967
f 3972 3968 3971
f 3972 3936 3973
f 3972 3973 3968
f 3974 3970 3966
f 3974 3966 3975
f 3974 3975 3976
f 3942 3936 3972
f 3977 3974 3976
f 3978 3977 3976
f 3978 3976 3979
f 3980 3936 3942
f 3980 3981 3936
f 3982 3978 3979
f 3944 3981 3980
f 3944 3937 3981
f 3983 3982 3979
f 3984 3937 3944
f 3984 3944 3985
f 3986 3982 3983
f 3986 3987 3982
f 3988 3989 3990
f 3988 3990 3987
f 3988 3987 3986
f 3991 3984 3985
f 3991 3985 3945
f 3991 3945 3992
f 3993 3989 3988
f 3994 3991 3992
f 3941 3953 3989
f 3941 3989 3993
f 3941 3995 3953
f 3996 3994 3992
f 3996 3992 3997
f 3996 3997 3998
f 3999 3995 3941
f 4000 3996 3998
f 3940 4001 3951
f 3940 3951 3995
f 3940 3995 3999
f 3939 3998 3948
f 3939 3948 4002
f 3939 4000 3998
f 4003 3949 4001
f 4003 4001 3940
f 4004 4002 3949
f 4004 3939 4002
f 4005 3949 4003
f 4005 4004 3949
f 4006 3933 3850
f 4006 3850 3931
f 4007 3931 3852
f 4007 4006 3931
f 4008 3930 3933
f 4008 3933 4006
f 4009 3930 4008
f 4010 4007 3852
f 4011 3852 3926
f 4011 3926 3853
f 4011 4010 3852
f 4012 3847 3928
f 4012 3928 3930
f 4012 3930 4009
f 4013 4011 3853
f 3952 3847 4012
f 4014 3847 3952
f 4014 3917 3920
f 4014 3920 3847
f 4015 4013 3853
f 4015 3853 3918
f 4015 3918 4016
f 3950 3917 4014
f 4017 4015 4016
f 4018 4017 4016
f 4018 4016 3914
f 4019 3917 3950
f 4019 3913 3917
f 4020 4018 3914
f 4021 3913 4019
f 4021 3845 3913
f 3909 4020 3914
f 3904 3845 4021
f 3904 4021 4022
f 3905 4020 3909
f 3905 4023 4020
f 3903 4024 4025
f 3903 4025 4023
f 3903 4023 3905
f 4026 3904 4022
f 4026 4022 3947
f 4026 3947 4027
f 3900 4024 3903
f 3898 4026 4027
f 3893 4028 4024
f 3893 4024 3900
f 3893 4029 4028
f 3844 3898 4027
f 3844 4027 3946
f 3844 3946 4030
f 3891 4029 3893
f 3888 3844 4030
f 3890 4031 4032
f 3890 4032 4029
f 3890 4029 3891
f 3938 4030 4033
f 3938 4033 4034
f 3938 3888 4030
f 3883 3943 4031
f 3883 4031 3890
f 3886 4034 3943
f 3886 3938 4034
f 3882 3943 3883
f 3882 3886 3943
f 4035 4036 4037
f 4038 4036 4035
f 4039 4038 4040
f 4041 4035 4040
f 4041 4040 4038
f 4041 4038 4035
f 4042 4043 4044
f 4042 4044 4045
f 4046 4047 4038
f 4046 4039 4043
f 4046 4043 4042
f 4046 4038 4039
f 4046 4045 4047
f 4046 4042 4045
f 4048 4049 4050
f 4048 4050 4051
f 4048 4051 4052
f 4053 4045 4049
f 4053 4054 4047
f 4053 4049 4048
f 4053 4048 4052
f 4053 4047 4045
f 4053 4052 4054
f 4055 4052 4056
f 4055 4056 4057
f 4058 4057 4059
f 4058 4052 4055
f 4058 4055 4057
f 4060 4059 4054
f 4060 4054 4052
f 4060 4052 4058
f 4060 4058 4059
f 4061 4062 4063
f 4061 4063 4064
f 4061 4065 4062
f 4066 4064 4067
f 4066 4061 4064
f 4068 4067 4069
f 4068 4066 4067
f 4070 4071 4072
f 4070 4072 4073
f 4070 4073 4074
f 4070 4074 4075
f 4070 4075 4076
f 4070 4076 4077
f 4070 4077 4078
f 4070 4078 4079
f 4070 4079 4080
f 4070 4080 4081
f 4070 4081 4071
f 4082 4083 4065
f 4082 4065 4061
f 4082 4061 4066
f 4082 4066 4068
f 4082 4068 4084
f 4082 4084 4085
f 4082 4085 4086
f 4082 4086 4083
f 4087 4088 4091
f 4089 4088 4090
f 4089 4090 4107
f 4089 4107 4091
f 4089 4091 4088
f 4072 4091 4092
f 4072 4093 4094
f 4095 4091 4072
f 4096 4097 4098
f 4096 4098 4099
f 4096 4099 4095
f 4096 4095 4072
f 4100 4094 4101
f 4100 4101 4097
f 4100 4096 4072
f 4100 4097 4096
f 4100 4072 4094
f 4102 4107 4065
f 4102 4065 4103
f 4102 4103 4104
f 4091 4105 4106
f 4107 4105 4091
f 4108 4109 4110
f 4108 4110 4105
f 4108 4105 4107
f 4111 4109 4108
f 4112 4113 4114
f 4112 4114 4115
f 4116 4117 4118
f 4116 4118 4119
f 4116 4119 4120
f 4116 4120 4150
f 4116 4150 4121
f 4116 4121 4122
f 4116 4122 4123
f 4116 4123 4117
f 4120 4124 4125
f 4120 4125 4150
f 4118 4126 4127
f 4118 4127 4119
f 4128 4120 4119
f 4128 4127 4124
f 4128 4124 4120
f 4128 4119 4127
f 4127 4126 4129
f 4130 4127 4129
f 4125 4124 4131
f 4132 4125 4131
f 4133 4125 4132
f 4134 4124 4127
f 4134 4130 4131
f 4134 4127 4130
f 4134 4131 4124
f 4135 4136 4137
f 4135 4138 4139
f 4135 4139 4140
f 4135 4140 4141
f 4135 4141 4142
f 4135 4142 4136
f 4135 4137 4143
f 4135 4143 4144
f 4135 4144 4138
f 4161 4145 4146
f 4139 4147 4148
f 4149 4148 4145
f 4149 4139 4148
f 4133 4149 4145
f 4133 4145 4161
f 4132 4149 4133
f 4150 4125 4151
f 4152 4121 4153
f 4154 4121 4152
f 4155 4121 4154
f 4156 4150 4121
f 4156 4121 4155
f 4157 4158 4159
f 4160 4158 4161
f 4160 4161 4133
f 4160 4133 4125
f 4160 4125 4150
f 4160 4150 4156
f 4160 4159 4158
f 4162 4159 4160
f 4163 4159 4162
f 4164 4159 4163
f 4165 4163 4162
f 4166 4163 4165
f 4167 4163 4166
f 4168 4163 4167
f 4150 4169 4121
f 4121 4170 4171
f 4121 4171 4172
f 4121 4172 4153
f 4173 4163 4174
f 4174 4163 4175
f 4175 4163 4168
f 4176 4177 4178
f 4176 4179 4177
f 4157 4180 4181
f 4157 4181 4182
f 4183 4176 4182
f 4183 4181 4179
f 4183 4179 4176
f 4183 4182 4181
f 4184 4185 4186
f 4187 4185 4188
f 4187 4188 4190
f 4187 4190 4186
f 4187 4186 4185
f 4189 4190 4191
f 4189 4191 4192
f 4189 4192 4193
f 4194 4195 4196
f 4194 4196 4197
f 4198 4199 4200
f 4201 4199 4198
f 4202 4203 4204
f 4205 4204 4206
f 4205 4202 4204
f 4204 4199 4206
f 4206 4199 4201
f 4207 4208 4209
f 4207 4209 4210
f 4207 4210 4211
f 4207 4211 4212
f 4207 4212 4213
f 4207 4213 4214
f 4207 4214 4215
f 4207 4215 4208
f 4216 4180 4217
f 4218 4180 4216
f 4219 4180 4218
f 4220 4177 4221
f 4220 4221 4222
f 4223 4218 4222
f 4223 4221 4219
f 4223 4219 4218
f 4223 4222 4221
f 4157 4224 4225
f 4182 4226 4224
f 4182 4224 4157
f 4176 4227 4226
f 4176 4226 4182
f 4178 4227 4176
f 4228 4229 4230
f 4231 4232 4233
f 4231 4233 4234
f 4231 4234 4235
f 4231 4235 4236
f 4231 4236 4237
f 4231 4237 4044
f 4231 4044 4238
f 4231 4238 4239
f 4231 4239 4240
f 4231 4240 4241
f 4231 4241 4232
f 4242 4243 4244
f 4242 4244 4245
f 4242 4191 4243
f 4246 4245 4247
f 4246 4242 4245
f 4049 4247 4248
f 4049 4246 4247
f 4249 4250 4191
f 4249 4191 4242
f 4249 4242 4246
f 4249 4246 4049
f 4249 4049 4251
f 4249 4251 4252
f 4249 4252 4253
f 4249 4253 4250
f 4254 4255 4256
f 4253 4254 4256
f 4257 4254 4253
f 4258 4259 4252
f 4260 4259 4258
f 4261 4259 4257
f 4261 4253 4252
f 4261 4257 4253
f 4261 4252 4259
f 4262 4263 4264
f 4262 4264 4052
f 4265 4262 4052
f 4266 4265 4052
f 4267 4264 4268
f 4267 4268 4257
f 4269 4257 4259
f 4269 4267 4257
f 4269 4052 4264
f 4269 4264 4267
f 4270 4259 4051
f 4270 4051 4052
f 4270 4052 4269
f 4270 4269 4259
f 4271 4272 4273
f 4274 4271 4273
f 4275 4271 4274
f 4276 4277 4278
f 4276 4278 4279
f 4278 4271 4275
f 4278 4275 4279
f 4280 4281 4285
f 4228 4281 4280
f 4229 4228 4280
f 4282 4283 4284
f 4282 4284 4285
f 4282 4285 4286
f 4282 4286 4287
f 4282 4287 4283
f 4288 4289 4290
f 4291 4290 4292
f 4291 4292 4293
f 4291 4288 4290
f 4294 4295 4288
f 4299 4288 4291
f 4299 4294 4288
f 4296 4299 4291
f 4297 4298 4294
f 4297 4294 4299
f 4297 4299 4300
f 4297 4300 4301
f 4297 4301 4302
f 4297 4302 4303
f 4297 4303 4281
f 4297 4281 4298
f 4304 4305 4306
f 4304 4306 4307
f 4304 4307 4308
f 4304 4308 4281
f 4304 4281 4303
f 4304 4303 4302
f 4304 4302 4301
f 4304 4301 4305
f 4309 4310 4311
f 4309 4311 4312
f 4313 4312 4307
f 4313 4309 4312
f 4313 4310 4309
f 4314 4315 4310
f 4314 4310 4313
f 4314 4313 4307
f 4316 4317 4315
f 4316 4315 4314
f 4316 4314 4307
f 4318 4307 4306
f 4318 4319 4317
f 4318 4316 4307
f 4318 4317 4316
f 4320 4321 4319
f 4320 4318 4306
f 4320 4319 4318
f 4322 4321 4320
f 4322 4320 4306
f 4323 4306 4324
f 4323 4324 4325
f 4323 4325 4321
f 4323 4321 4322
f 4323 4322 4306
f 4326 4327 4328
f 4326 4328 4329
f 4326 4329 4330
f 4326 4330 4331
f 4326 4331 4332
f 4333 4326 4332
f 4334 4335 4336
f 4337 4338 4326
f 4337 4326 4333
f 4339 4336 4338
f 4339 4333 4340
f 4339 4338 4337
f 4339 4337 4333
f 4341 4340 4342
f 4341 4342 4343
f 4341 4343 4344
f 4341 4344 4345
f 4341 4345 4334
f 4341 4336 4339
f 4341 4339 4340
f 4341 4334 4336
f 4346 4347 4348
f 4349 4347 4346
f 4350 4347 4349
f 4351 4347 4350
f 4352 4353 4354
f 4352 4355 4347
f 4352 4356 4355
f 4352 4354 4356
f 4357 4351 4358
f 4357 4358 4359
f 4357 4352 4347
f 4357 4347 4351
f 4357 4359 4352
f 4360 4359 4361
f 4360 4361 4362
f 4360 4363 4353
f 4360 4364 4363
f 4360 4362 4364
f 4360 4353 4352
f 4360 4352 4359
f 4365 4366 4367
f 4368 4365 4367
f 4369 4368 4367
f 4370 4367 4371
f 4370 4369 4367
f 4372 4370 4371
f 4373 4372 4371
f 4374 4375 4376
f 4374 4377 4378
f 4374 4378 4379
f 4374 4379 4380
f 4374 4380 4381
f 4374 4381 4382
f 4374 4382 4383
f 4374 4383 4384
f 4374 4384 4385
f 4374 4385 4375
f 4374 4376 4377
f 4386 4376 4371
f 4386 4367 4377
f 4386 4371 4367
f 4386 4377 4376
f 4387 4388 4389
f 4387 4389 4390
f 4387 4390 4391
f 4387 4391 4392
f 4387 4392 4393
f 4387 4393 4394
f 4395 4396 4387
f 4395 4387 4394
f 4397 4398 4399
f 4400 4399 4396
f 4400 4395 4401
f 4400 4396 4395
f 4402 4401 4403
f 4402 4403 4404
f 4402 4404 4405
f 4402 4405 4406
f 4402 4406 4397
f 4402 4399 4400
f 4402 4400 4401
f 4402 4397 4399
f 4407 4408 4409
f 4410 4411 4412
f 4413 4414 4415
f 4413 4416 4414
f 4417 4413 4415
f 4418 4417 4415
f 4419 4418 4420
f 4419 4417 4418
f 4421 4409 4422
f 4421 4422 4423
f 4424 4421 4423
f 4424 4409 4421
f 4425 4426 4427
f 4425 4409 4424
f 4425 4407 4409
f 4425 4424 4426
f 4428 4427 4429
f 4428 4429 4430
f 4428 4431 4407
f 4428 4425 4427
f 4428 4407 4425
f 4432 4430 4433
f 4432 4433 4431
f 4432 4431 4428
f 4432 4428 4430
f 4434 4435 4436
f 4434 4436 4412
f 4434 4423 4435
f 4434 4424 4423
f 4434 4426 4424
f 4437 4426 4434
f 4437 4412 4411
f 4437 4434 4412
f 4438 4411 4439
f 4438 4439 4426
f 4438 4437 4411
f 4438 4426 4437
f 4440 4412 4441
f 4440 4441 4414
f 4442 4416 4410
f 4442 4410 4412
f 4442 4412 4440
f 4442 4440 4414
f 4442 4414 4416
f 4443 4444 4454
f 4443 4445 4444
f 4446 4443 4454
f 4447 4446 4454
f 4448 4454 4449
f 4448 4447 4454
f 4450 4449 4451
f 4450 4448 4449
f 4441 4450 4451
f 4452 4453 4449
f 4452 4449 4454
f 4452 4454 4455
f 4452 4455 4456
f 4452 4456 4457
f 4452 4457 4458
f 4452 4458 4436
f 4452 4436 4453
f 4459 4460 4461
f 4459 4461 4462
f 4459 4462 4463
f 4459 4463 4436
f 4459 4436 4458
f 4459 4458 4457
f 4459 4457 4456
f 4459 4456 4460
f 4464 4465 4466
f 4423 4466 4467
f 4423 4467 4468
f 4423 4464 4466
f 4461 4469 4464
f 4462 4464 4423
f 4462 4461 4464
f 4470 4462 4423
f 4471 4472 4473
f 4471 4473 4474
f 4471 4474 4475
f 4471 4475 4476
f 4471 4476 4472
f 4477 4456 4474
f 4478 4456 4477
f 4479 4478 4477
f 4478 4479 4480
f 4481 4482 4483
f 4484 4481 4483
f 4485 4486 4487
f 4488 4485 4487
f 4489 4486 4481
f 4489 4484 4487
f 4489 4481 4484
f 4489 4487 4486
f 4490 4491 4492
f 4490 4493 4494
f 4490 4494 4491
f 4495 4496 4493
f 4495 4490 4492
f 4495 4493 4490
f 4497 4492 4498
f 4497 4498 4499
f 4497 4499 4496
f 4497 4495 4492
f 4497 4496 4495
f 4500 4485 4501
f 4502 4485 4500
f 4503 4482 4481
f 4503 4481 4504
f 4486 4485 4502
f 4505 4502 4504
f 4505 4481 4486
f 4505 4486 4502
f 4505 4504 4481
f 4488 4506 4494
f 4487 4507 4506
f 4487 4506 4488
f 4484 4499 4507
f 4484 4507 4487
f 4483 4499 4484
f 4508 4509 4510
f 4511 4512 4513
f 4511 4513 4514
f 4515 4516 4512
f 4515 4512 4511
f 4517 4514 4518
f 4517 4511 4514
f 4519 4520 4516
f 4519 4516 4515
f 4521 4518 4522
f 4521 4517 4518
f 4523 4524 4520
f 4523 4520 4519
f 4525 4522 4526
f 4525 4521 4522
f 4527 4528 4529
f 4527 4529 4524
f 4527 4524 4523
f 4530 4525 4526
f 4531 4528 4527
f 4531 4532 4528
f 4533 4530 4526
f 4534 4535 4532
f 4534 4532 4531
f 4536 4533 4526
f 4536 4526 4537
f 4538 4535 4534
f 4538 4539 4535
f 4540 4536 4537
f 4541 4539 4538
f 4542 4539 4541
f 4543 4542 4541
f 4543 4541 4544
f 4545 4543 4544
f 4545 4544 4546
f 4547 4545 4546
f 4547 4546 4548
f 4549 4550 4551
f 4549 4551 4552
f 4549 4552 4553
f 4549 4553 4554
f 4555 4547 4548
f 4555 4548 4556
f 4555 4556 4557
f 4555 4557 4558
f 4559 4558 4560
f 4559 4555 4558
f 4488 4549 4561
f 4562 4488 4563
f 4564 4565 4566
f 4564 4566 4567
f 4564 4567 4568
f 4564 4568 4550
f 4564 4550 4549
f 4569 4549 4488
f 4569 4564 4549
f 4570 4562 4571
f 4570 4572 4569
f 4570 4488 4562
f 4570 4569 4488
f 4608 4570 4571
f 4569 4573 4564
f 4564 4559 4560
f 4564 4560 4565
f 4537 4549 4540
f 4540 4549 4554
f 4574 4575 4576
f 4574 4576 4577
f 4574 4577 4578
f 4579 4575 4574
f 4580 4499 4575
f 4580 4575 4579
f 4581 4573 4582
f 4581 4559 4573
f 4583 4582 4584
f 4583 4581 4582
f 4585 4584 4586
f 4585 4583 4584
f 4587 4588 4576
f 4508 4588 4587
f 4509 4508 4587
f 4589 4590 4577
f 4589 4577 4576
f 4589 4576 4591
f 4589 4591 4592
f 4589 4592 4590
f 4593 4572 4573
f 4593 4573 4582
f 4593 4582 4584
f 4593 4584 4586
f 4593 4586 4594
f 4593 4594 4595
f 4593 4595 4596
f 4593 4596 4572
f 4597 4598 4572
f 4596 4597 4572
f 4599 4600 4595
f 4594 4599 4595
f 4601 4600 4597
f 4601 4596 4595
f 4601 4597 4596
f 4601 4595 4600
f 4602 4599 4603
f 4604 4599 4602
f 4605 4598 4606
f 4605 4606 4607
f 4608 4598 4605
f 4609 4606 4604
f 4609 4602 4607
f 4609 4604 4602
f 4609 4607 4606
f 4610 4611 4612
f 4610 4612 4613
f 4610 4613 4614
f 4610 4614 4615
f 4610 4615 4616
f 4610 4616 4617
f 4610 4617 4588
f 4610 4588 4611
f 4618 4619 4620
f 4618 4620 4621
f 4618 4621 4622
f 4618 4622 4588
f 4618 4588 4617
f 4618 4617 4616
f 4618 4616 4615
f 4618 4615 4619
f 4623 4624 4621
f 4623 4625 4624
f 4626 4623 4621
f 4627 4626 4621
f 4628 4621 4620
f 4628 4627 4621
f 4629 4620 4630
f 4629 4628 4620
f 4631 4629 4630
f 4625 4632 4633
f 4625 4633 4634
f 4625 4634 4635
f 4625 4635 4636
f 4637 4625 4636
f 4638 4590 4577
f 4638 4577 4639
f 4638 4639 4632
f 4640 4625 4590
f 4640 4590 4638
f 4640 4632 4625
f 4640 4638 4632
f 4641 4642 4643
f 4644 4645 4646
f 4647 4645 4644
f 4648 4645 4649
f 4648 4649 4650
f 4648 4650 4646
f 4648 4646 4645
f 4651 4652 4653
f 4654 4655 4656
f 4654 4646 4651
f 4654 4653 4655
f 4654 4651 4653
f 4657 4658 4653
f 4657 4659 4658
f 4660 4661 4662
f 4663 4664 4662
f 4663 4665 4666
f 4663 4661 4665
f 4663 4666 4667
f 4663 4667 4664
f 4663 4662 4661
f 4668 4669 4670
f 4668 4670 4671
f 4668 4671 4672
f 4668 4672 4427
f 4668 4427 4673
f 4668 4673 4674
f 4668 4674 4651
f 4668 4651 4669
f 4675 4676 4651
f 4675 4651 4674
f 4675 4674 4673
f 4675 4673 4427
f 4675 4427 4677
f 4675 4677 4678
f 4675 4678 4679
f 4675 4679 4676
f 4680 4681 4662
f 4680 4662 4682
f 4680 4670 4681
f 4683 4680 4682
f 4683 4670 4680
f 4684 4682 4685
f 4684 4670 4683
f 4684 4683 4682
f 4686 4685 4687
f 4686 4671 4670
f 4686 4684 4685
f 4686 4670 4684
f 4688 4687 4689
f 4688 4686 4687
f 4688 4671 4686
f 4690 4688 4689
f 4690 4671 4688
f 4691 4689 4692
f 4691 4692 4439
f 4691 4439 4693
f 4691 4693 4671
f 4691 4671 4690
f 4691 4690 4689
f 4694 4695 4696
f 4694 4696 4697
f 4698 4697 4699
f 4698 4694 4697
f 4698 4695 4694
f 4700 4701 4695
f 4700 4695 4698
f 4700 4698 4699
f 4702 4703 4701
f 4702 4701 4700
f 4702 4700 4699
f 4704 4699 4705
f 4704 4706 4703
f 4704 4702 4699
f 4704 4703 4702
f 4707 4708 4706
f 4707 4704 4705
f 4707 4706 4704
f 4709 4708 4707
f 4709 4707 4705
f 4710 4705 4711
f 4710 4711 4712
f 4710 4712 4708
f 4710 4708 4709
f 4710 4709 4705
f 4713 4714 4705
f 4713 4705 4699
f 4713 4699 4715
f 4713 4715 4716
f 4713 4716 4717
f 4713 4717 4718
f 4713 4718 4719
f 4713 4719 4714
f 4696 4720 4721
f 4696 4721 4722
f 4696 4722 4723
f 4696 4723 4724
f 4725 4696 4724
f 4726 4727 4745
f 4726 4745 4728
f 4726 4728 4720
f 4729 4696 4727
f 4729 4727 4726
f 4729 4720 4696
f 4729 4726 4720
f 4730 4731 4745
f 4730 4745 4732
f 4730 4732 4733
f 4730 4733 4734
f 4730 4734 4731
f 4735 4736 4737
f 4735 4737 4738
f 4735 4738 4739
f 4735 4739 4719
f 4735 4719 4718
f 4735 4718 4717
f 4735 4717 4716
f 4735 4716 4736
f 4740 4741 4742
f 4740 4742 4743
f 4740 4743 4744
f 4732 4741 4740
f 4745 4746 4741
f 4745 4741 4732
f 4747 4716 4732
f 4748 4716 4747
f 4749 4748 4747
f 4748 4749 4750
f 4751 4752 4753
f 4751 4753 4754
f 4751 4754 4755
f 4751 4755 4799
f 4751 4799 4756
f 4751 4756 4757
f 4751 4757 4758
f 4751 4758 4752
f 4759 4760 4756
f 4759 4756 4761
f 4762 4761 4763
f 4762 4759 4761
f 4764 4763 4752
f 4764 4762 4763
f 4765 4766 4767
f 4768 4767 4769
f 4768 4765 4767
f 4770 4769 4743
f 4770 4768 4769
f 4771 4770 4743
f 4772 4768 4765
f 4773 4770 4768
f 4773 4768 4772
f 4774 4771 4770
f 4774 4770 4773
f 4775 4771 4774
f 4774 4776 4775
f 4774 4777 4776
f 4772 4778 4779
f 4772 4779 4773
f 4780 4774 4773
f 4780 4779 4777
f 4780 4777 4774
f 4780 4773 4779
f 4781 4778 4782
f 4783 4778 4781
f 4784 4778 4783
f 4785 4776 4786
f 4785 4786 4787
f 4788 4783 4787
f 4788 4786 4784
f 4788 4784 4783
f 4788 4787 4786
f 4789 4790 4791
f 4792 4789 4791
f 4793 4794 4795
f 4796 4793 4795
f 4803 4793 4796
f 4797 4794 4789
f 4797 4792 4795
f 4797 4789 4792
f 4797 4795 4794
f 4755 4794 4793
f 4755 4793 4799
f 4753 4790 4789
f 4753 4789 4754
f 4798 4755 4754
f 4798 4789 4794
f 4798 4794 4755
f 4798 4754 4789
f 4799 4793 4800
f 4801 4802 4803
f 4801 4803 4793
f 4804 4793 4799
f 4804 4801 4793
f 4772 4801 4804
f 4805 4799 4756
f 4805 4804 4799
f 4806 4804 4805
f 4807 4756 4808
f 4809 4756 4807
f 4810 4811 4812
f 4810 4812 4760
f 4813 4756 4809
f 4814 4810 4760
f 4815 4756 4813
f 4815 4805 4756
f 4816 4814 4760
f 4817 4805 4815
f 4818 4760 4819
f 4818 4816 4760
f 4820 4805 4817
f 4821 4819 4822
f 4821 4818 4819
f 4823 4805 4820
f 4824 4822 4825
f 4824 4821 4822
f 4826 4805 4823
f 4827 4825 4828
f 4827 4824 4825
f 4829 4827 4828
f 4829 4830 4827
f 4831 4830 4829
f 4831 4832 4830
f 4833 4834 4832
f 4833 4832 4831
f 4835 4836 4834
f 4835 4834 4833
f 4837 4838 4839
f 4837 4839 4840
f 4837 4840 4841
f 4766 4842 4838
f 4766 4838 4837
f 4843 4836 4835
f 4844 4837 4841
f 4844 4841 4845
f 4846 4845 4847
f 4846 4844 4845
f 4848 4849 4836
f 4848 4836 4843
f 4850 4846 4847
f 4850 4847 4851
f 4852 4853 4849
f 4852 4849 4848
f 4854 4850 4851
f 4855 4856 4853
f 4855 4853 4852
f 4857 4851 4856
f 4857 4854 4851
f 4857 4856 4855
f 4799 4858 4756
f 4756 4812 4811
f 4756 4811 4808
f 4766 4805 4842
f 4842 4805 4826
f 4859 4860 4861
f 4862 4861 4863
f 4862 4864 4865
f 4862 4865 4859
f 4862 4859 4861
f 4866 4863 4867
f 4866 4868 4869
f 4866 4869 4864
f 4866 4864 4862
f 4866 4862 4863
f 4870 4867 4871
f 4870 4871 4872
f 4870 4872 4873
f 4870 4873 4868
f 4870 4866 4867
f 4870 4868 4866
f 4874 4875 4876
f 4877 4874 4876
f 4878 4877 4876
f 4879 4876 4880
f 4879 4878 4876
f 4881 4879 4880
f 4882 4881 4880
f 4883 4884 4885
f 4883 4886 4887
f 4883 4887 4888
f 4883 4888 4889
f 4883 4889 4890
f 4883 4890 4891
f 4883 4891 4892
f 4883 4892 4893
f 4883 4893 4894
f 4883 4894 4884
f 4883 4885 4886
f 4895 4885 4880
f 4895 4876 4886
f 4895 4880 4876
f 4895 4886 4885
f 4896 4897 4992
f 4896 4898 4899
f 4896 4992 4898
f 4896 4900 4901
f 4896 4901 4897
f 4902 4899 4994
f 4902 4994 4995
f 4902 4896 4899
f 4903 4900 4896
f 4903 4904 4905
f 4903 4905 4900
f 4906 4995 4907
f 4906 4907 4908
f 4906 4902 4995
f 4909 4908 4910
f 4909 4910 4911
f 4909 4911 4912
f 4909 4906 4908
f 4913 4903 4896
f 4913 4904 4903
f 4913 4896 4902
f 4914 4913 4902
f 4914 4902 4906
f 4915 4912 4947
f 4915 4909 4912
f 4916 4914 4906
f 4916 4909 4915
f 4916 4906 4909
f 4917 4918 4919
f 4917 4919 4920
f 4917 4920 4904
f 4921 4947 4984
f 4921 4915 4947
f 4922 4923 4924
f 4922 4924 4918
f 4922 4918 4917
f 4922 4904 4913
f 4922 4917 4904
f 4925 4916 4915
f 4925 4915 4921
f 4926 4927 4928
f 4926 4928 4923
f 4926 4923 4922
f 4926 4913 4914
f 4926 4922 4913
f 4929 4921 4984
f 4929 4984 4930
f 4929 4931 4932
f 4929 4932 4933
f 4934 4935 4936
f 4934 4936 4925
f 4934 4925 4921
f 4937 4938 4939
f 4937 4939 4927
f 4937 4914 4916
f 4937 4927 4926
f 4937 4926 4914
f 4940 4930 4987
f 4940 4987 4941
f 4940 4941 4942
f 4940 4942 4931
f 4940 4931 4929
f 4940 4929 4930
f 4943 4935 4934
f 4943 4929 4933
f 4943 4934 4921
f 4943 4933 4944
f 4943 4944 4935
f 4943 4921 4929
f 4945 4937 4916
f 4945 4936 4946
f 4945 4946 4938
f 4945 4925 4936
f 4945 4916 4925
f 4945 4938 4937
f 4947 4948 4949
f 4950 4947 4949
f 4912 4950 4949
f 4911 4912 4949
f 4910 4911 4949
f 4951 4907 4910
f 4951 4910 4949
f 4952 4953 4954
f 4952 4954 5030
f 4955 4956 4957
f 4958 4959 4960
f 4961 4959 4958
f 4961 4962 4959
f 4963 4962 4961
f 4963 4964 4965
f 4963 4965 4966
f 4963 4967 4962
f 4968 4958 4960
f 4968 4960 4969
f 4970 4971 4967
f 4970 4966 4971
f 4970 4963 4966
f 4970 4967 4963
f 4972 4961 4958
f 4972 4958 4968
f 4973 4961 4972
f 4973 4972 4974
f 4973 4963 4961
f 4973 4974 4975
f 4973 4975 4964
f 4973 4964 4963
f 4976 4969 4977
f 4976 4972 4968
f 4976 4968 4969
f 4978 4974 4972
f 4978 4979 4974
f 4978 4972 4976
f 4980 4981 4982
f 4980 4982 4979
f 4980 4979 4978
f 4980 4978 4981
f 4983 4949 4948
f 4983 4948 4984
f 4983 4984 4985
f 4983 4985 4930
f 4983 4930 4986
f 4983 4986 4987
f 4983 4977 4949
f 4983 4976 4977
f 4988 4954 4953
f 4988 4987 4989
f 4988 4989 4990
f 4988 4990 4954
f 4988 4953 4981
f 4988 4983 4987
f 4988 4978 4976
f 4988 4981 4978
f 4988 4976 4983
f 4991 4992 4993
f 4991 4993 4899
f 4991 4899 4994
f 4991 4994 4995
f 4991 4995 4907
f 4991 4907 4951
f 4996 4997 4998
f 4996 4998 4992
f 4996 4992 4991
f 4999 5000 5001
f 4999 5001 4955
f 4999 4957 4997
f 4999 4955 4957
f 4999 4997 4996
f 4999 4996 5000
f 5002 4996 4991
f 5002 4951 5003
f 5002 4991 4951
f 5004 5005 5006
f 5004 4996 5002
f 5004 5000 4996
f 5007 5006 5008
f 5007 5008 5000
f 5007 5000 5004
f 5007 5004 5006
f 5009 5003 5010
f 5009 5002 5003
f 5011 5002 5009
f 5011 5005 5004
f 5011 5004 5002
f 5012 5013 5014
f 5012 5014 5005
f 5012 5005 5011
f 5015 5009 5010
f 5015 5010 5016
f 5015 5011 5009
f 5017 5011 5015
f 5017 5016 5018
f 5017 5015 5016
f 5019 5020 5013
f 5019 5013 5012
f 5019 5018 5021
f 5019 5012 5011
f 5019 5011 5017
f 5019 5017 5018
f 5022 5019 5021
f 5022 5023 5020
f 5022 5021 5023
f 5022 5020 5019
f 5024 4941 4987
f 5025 5026 4990
f 5025 4987 5026
f 5025 5024 4987
f 5027 4990 5028
f 5027 5025 4990
f 5029 5028 5030
f 5029 5027 5028
f 5031 5032 5033
f 5031 5033 5034
f 5031 5034 5035
f 5031 5035 5036
f 5031 5036 5037
f 5038 5037 5039
f 5038 5031 5037
f 5040 5041 5042
f 5043 5044 5045
f 5046 5045 5047
f 5046 5043 5045
f 5048 5046 5047
f 5049 5047 5040
f 5049 5040 5042
f 5049 5048 5047
f 5050 5051 5031
f 5050 5031 5038
f 5052 5038 5053
f 5052 5053 5051
f 5052 5050 5038
f 5052 5051 5050
f 5054 5041 5051
f 5054 5051 5053
f 5055 5053 5042
f 5055 5041 5054
f 5055 5054 5053
f 5055 5042 5041
f 5056 5057 5058
f 5056 5058 5059
f 5056 5059 5060
f 5056 5060 5061
f 5056 5061 5062
f 5056 5062 5063
f 5056 5063 5064
f 5056 5064 5057
f 5065 5066 5067
f 5065 5067 5068
f 5065 5058 5066
f 5069 5065 5068
f 5069 5058 5065
f 5070 5068 5071
f 5070 5058 5069
f 5070 5069 5068
f 5072 5071 5073
f 5072 5059 5058
f 5072 5070 5071
f 5072 5058 5070
f 5074 5073 5075
f 5074 5072 5073
f 5074 5059 5072
f 5076 5074 5075
f 5076 5059 5074
f 5077 5075 5078
f 5077 5078 5079
f 5077 5079 5080
f 5077 5080 5059
f 5077 5059 5076
f 5077 5076 5075
f 5081 5082 5083
f 5081 5083 5084
f 5085 5081 5084
f 5086 5085 5084
f 5087 5083 5088
f 5087 5088 5089
f 5090 5089 5091
f 5090 5087 5089
f 5090 5084 5083
f 5090 5083 5087
f 5092 5091 5093
f 5092 5093 5084
f 5092 5084 5090
f 5092 5090 5091
f 5094 5095 5096
f 5097 5094 5096
f 5089 5094 5097
f 5098 5091 5099
f 5100 5091 5098
f 5101 5091 5089
f 5101 5097 5099
f 5101 5089 5097
f 5101 5099 5091
f 5102 5103 5064
f 5102 5064 5063
f 5102 5063 5062
f 5102 5062 5061
f 5102 5061 5104
f 5102 5104 5099
f 5102 5099 5097
f 5102 5097 5103
f 5105 5106 5107
f 5108 5106 5105
f 5109 5106 5110
f 5109 5110 5111
f 5109 5111 5107
f 5109 5107 5106
f 5112 5113 5114
f 5115 5112 5114
f 5116 5112 5115
f 5117 5118 5119
f 5117 5119 5120
f 5119 5112 5116
f 5119 5116 5120
f 5121 5122 5123
f 5121 5123 5124
f 5121 5124 5125
f 5121 5125 5126
f 5121 5126 5127
f 5121 5127 5128
f 5121 5128 5129
f 5121 5129 5122
f 5130 5131 5132
f 5130 5132 5133
f 5130 5133 5134
f 5130 5134 5135
f 5130 5135 5136
f 5130 5136 5137
f 5130 5137 5138
f 5130 5138 5139
f 5130 5139 5131
f 5140 5141 5142
f 5083 5141 5140
f 5143 5144 5145
f 5146 5145 5147
f 5146 5143 5145
f 5145 5141 5147
f 5147 5141 5083
f 5148 5149 5150
f 5148 5151 5149
f 5064 5152 5150
f 5153 5154 5155
f 5153 5107 5064
f 5153 5150 5154
f 5153 5064 5150
f 5156 5157 5158
f 5159 5160 5157
f 5159 5157 5156
f 5161 5162 5160
f 5161 5160 5159
f 5163 5162 5161
f 5164 5165 5163
f 5161 5164 5163
f 5166 5167 5159
f 5156 5166 5159
f 5168 5167 5164
f 5168 5161 5159
f 5168 5164 5161
f 5168 5159 5167
f 5169 5166 5170
f 5171 5166 5169
f 5172 5165 5164
f 5172 5164 5173
f 5167 5166 5171
f 5174 5171 5173
f 5174 5164 5167
f 5174 5167 5171
f 5174 5173 5164
f 5175 5176 5177
f 5178 5179 5180
f 5178 5180 5176
f 5178 5176 5175
f 5181 5175 5132
f 5181 5178 5175
f 5182 5181 5132
f 5183 5184 5185
f 5186 5184 5183
f 5177 5187 5188
f 5177 5188 5189
f 5176 5187 5177
f 5190 5188 5186
f 5190 5183 5189
f 5190 5186 5183
f 5190 5189 5188
f 5191 5187 5192
f 5193 5191 5192
f 5184 5194 5195
f 5196 5184 5195
f 5197 5194 5191
f 5197 5193 5195
f 5197 5191 5193
f 5197 5195 5194
f 5195 5198 5199
f 5195 5199 5196
f 5193 5200 5198
f 5193 5198 5195
f 5192 5201 5200
f 5192 5200 5193
f 5202 5203 5204
f 5202 5204 5205
f 5202 5205 5206
f 5207 5203 5202
f 5156 5208 5207
f 5156 5202 5209
f 5156 5207 5202
f 5210 5156 5211
f 5210 5208 5156
f 5180 5208 5210
f 5212 5213 5214
f 5212 5214 5215
f 5212 5215 5216
f 5212 5216 5217
f 5218 5217 5208
f 5218 5212 5217
f 5219 5192 5218
f 5219 5218 5208
f 5176 5208 5180
f 5176 5219 5208
f 5218 5201 5212
f 5212 5220 5221
f 5212 5221 5222
f 5212 5222 5213
f 5223 5202 5224
f 5224 5202 5225
f 5225 5202 5206
f 5226 5227 5228
f 5226 5228 5229
f 5226 5229 5230
f 5231 5232 5226
f 5231 5230 5233
f 5231 5226 5230
f 5234 5235 5232
f 5234 5232 5231
f 5236 5237 5238
f 5239 5237 5236
f 5240 5241 5242
f 5243 5244 5245
f 5246 5243 5245
f 5247 5243 5246
f 5248 5249 5243
f 5248 5243 5247
f 5250 5248 5247
f 5251 5250 5247
f 5252 5251 5247
f 5253 5238 5235
f 5253 5235 5234
f 5253 5236 5238
f 5254 5234 5236
f 5254 5236 5253
f 5254 5253 5234
f 5255 5242 5237
f 5255 5237 5239
f 5256 5239 5240
f 5256 5255 5239
f 5256 5242 5255
f 5256 5240 5242
f 5257 5244 5241
f 5258 5240 5259
f 5258 5259 5245
f 5258 5244 5257
f 5258 5257 5241
f 5258 5241 5240
f 5258 5245 5244
f 5260 5261 5262
f 5263 5262 5264
f 5263 5260 5262
f 5265 5264 5266
f 5265 5263 5264
f 5267 5265 5266
f 5268 5266 5269
f 5268 5267 5266
f 5270 5269 5271
f 5270 5268 5269
f 5272 5271 5273
f 5272 5270 5271
f 5274 5273 5275
f 5274 5272 5273
f 5276 5275 5277
f 5276 5274 5275
f 5278 5279 5280
f 5278 5280 5281
f 5294 5281 5282
f 5294 5278 5281
f 5283 5282 5284
f 5283 5294 5282
f 5296 5284 5285
f 5296 5283 5284
f 5299 5285 5286
f 5299 5296 5285
f 5287 5288 5289
f 5287 5286 5288
f 5287 5299 5286
f 5302 5287 5289
f 5304 5289 5290
f 5304 5302 5289
f 5291 5292 5279
f 5291 5279 5278
f 5293 5278 5294
f 5293 5291 5278
f 5295 5294 5283
f 5295 5293 5294
f 5296 5295 5283
f 5297 5295 5296
f 5298 5296 5299
f 5298 5297 5296
f 5300 5299 5287
f 5300 5298 5299
f 5301 5287 5302
f 5301 5300 5287
f 5303 5302 5304
f 5303 5301 5302
f 5305 5306 5307
f 5305 5307 5308
f 5309 5308 5310
f 5309 5305 5308
f 5311 5310 5312
f 5311 5309 5310
f 5313 5311 5312
f 5314 5311 5313
f 5315 5313 5316
f 5315 5314 5313
f 5317 5315 5316
f 5318 5315 5317
f 5319 5317 5320
f 5319 5318 5317
f 5321 5320 5322
f 5321 5319 5320
f 5323 5324 5325
f 5323 5325 5326
f 5327 5326 5328
f 5327 5323 5326
f 5329 5328 5330
f 5329 5327 5328
f 5331 5329 5330
f 5332 5329 5331
f 5333 5331 5334
f 5333 5332 5331
f 5335 5334 5336
f 5335 5333 5334
f 5337 5335 5336
f 5338 5335 5337
f 5339 5337 5340
f 5339 5338 5337
f 5341 5342 5343
f 5344 5342 5341
f 5345 5344 5341
f 5346 5344 5345
f 5347 5346 5345
f 5348 5346 5347
f 5349 5348 5347
f 5350 5348 5349
f 5351 5349 5352
f 5351 5350 5349
f 5353 5351 5352
f 5354 5351 5353
f 5355 5353 5356
f 5355 5354 5353
f 5357 5356 5358
f 5357 5355 5356
f 5359 5360 5361
f 5362 5360 5359
f 5363 5362 5359
f 5364 5362 5363
f 5365 5364 5363
f 5366 5364 5365
f 5367 5366 5365
f 5368 5366 5367
f 5369 5367 5370
f 5369 5368 5367
f 5371 5369 5370
f 5372 5369 5371
f 5373 5372 5371
f 5374 5372 5373
f 5375 5373 5376
f 5375 5374 5373
f 5377 5378 5379
f 5380 5378 5377
f 5381 5380 5377
f 5382 5380 5381
f 5383 5382 5381
f 5384 5382 5383
f 5385 5384 5383
f 5386 5384 5385
f 5387 5385 5388
f 5387 5386 5385
f 5389 5387 5388
f 5390 5387 5389
f 5391 5389 5392
f 5391 5390 5389
f 5393 5392 5394
f 5393 5391 5392
f 5395 5396 5397
f 5398 5396 5395
f 5399 5398 5395
f 5400 5398 5399
f 5401 5400 5399
f 5402 5400 5401
f 5403 5402 5401
f 5404 5402 5403
f 5405 5403 5406
f 5405 5404 5403
f 5407 5405 5406
f 5408 5405 5407
f 5409 5408 5407
f 5410 5408 5409
f 5411 5409 5412
f 5411 5410 5409
f 5413 5414 5415
f 5413 5415 5416
f 5417 5416 5418
f 5417 5413 5416
f 5419 5418 5420
f 5419 5417 5418
f 5421 5420 5422
f 5421 5419 5420
f 5423 5422 5424
f 5423 5421 5422
f 5425 5424 5426
f 5425 5423 5424
f 5427 5426 5428
f 5427 5425 5426
f 5429 5428 5430
f 5429 5427 5428
f 5431 5432 5433
f 5434 5432 5431
f 5435 5434 5431
f 5436 5434 5435
f 5437 5436 5435
f 5438 5436 5437
f 5439 5437 5440
f 5439 5438 5437
f 5441 5439 5440
f 5442 5439 5441
f 5443 5442 5441
f 5444 5442 5443
f 5445 5443 5446
f 5445 5444 5443
f 5447 5446 5448
f 5447 5445 5446
f 5449 5450 5451
f 5452 5450 5449
f 5453 5452 5449
f 5454 5452 5453
f 5455 5454 5453
f 5456 5454 5455
f 5457 5456 5455
f 5458 5456 5457
f 5459 5457 5460
f 5459 5458 5457
f 5461 5459 5460
f 5462 5459 5461
f 5463 5462 5461
f 5464 5462 5463
f 5465 5463 5466
f 5465 5464 5463
f 5467 5468 5469
f 5467 5469 5470
f 5471 5470 5472
f 5471 5467 5470
f 5473 5472 5474
f 5473 5471 5472
f 5475 5474 5476
f 5475 5473 5474
f 5477 5476 5478
f 5477 5475 5476
f 5479 5478 5480
f 5479 5477 5478
f 5481 5480 5482
f 5481 5479 5480
f 5483 5482 5484
f 5483 5481 5482
f 5485 5486 5487
f 5485 5488 5486
f 5485 5489 5488
f 5490 5491 5492
f 5490 5492 5493
f 5490 5493 5494
f 5490 5494 5495
f 5496 5495 5497
f 5496 5497 5485
f 5496 5487 5490
f 5496 5485 5487
f 5496 5490 5495
f 5498 5499 5500
f 5501 5498 5500
f 5502 5501 5500
f 5503 5502 5500
f 5504 5505 5506
f 5507 5504 5506
f 5508 5507 5506
f 5500 5508 5503
f 5503 5508 5509
f 5509 5508 5506
f 5614 5510 5511
f 5618 5511 5512
f 5618 5512 5513
f 5618 5614 5511
f 5629 5513 5514
f 5629 5618 5513
f 5515 5699 5516
f 5515 5516 5517
f 5518 5519 5657
f 5518 5657 5699
f 5518 5699 5515
f 5520 5517 5521
f 5520 5521 5522
f 5520 5515 5517
f 5523 5641 5519
f 5523 5524 5641
f 5523 5515 5520
f 5523 5518 5515
f 5523 5520 5522
f 5523 5519 5518
f 5525 5526 5527
f 5525 5527 5528
f 5529 5626 5524
f 5529 5522 5526
f 5529 5528 5530
f 5529 5530 5531
f 5529 5524 5523
f 5529 5523 5522
f 5529 5526 5525
f 5529 5525 5528
f 5532 5531 5533
f 5532 5533 5534
f 5532 5529 5531
f 5532 5626 5529
f 5535 5534 5536
f 5535 5536 5537
f 5535 5538 5626
f 5535 5532 5534
f 5535 5626 5532
f 5539 5537 5540
f 5539 5540 5510
f 5539 5614 5538
f 5539 5538 5535
f 5539 5535 5537
f 5539 5510 5614
f 5541 5542 5543
f 5544 5541 5545
f 5544 5545 5546
f 5544 5546 5547
f 5548 5544 5547
f 5549 5544 5548
f 5550 5544 5549
f 5551 5544 5550
f 5552 5544 5551
f 5553 5544 5552
f 5544 5542 5541
f 5554 5555 5556
f 5557 5555 5554
f 5558 5557 5559
f 5558 5559 5560
f 5558 5555 5557
f 5561 5558 5560
f 5562 5558 5561
f 5563 5558 5562
f 5564 5558 5563
f 5565 5558 5564
f 5566 5558 5565
f 5567 5558 5566
f 5574 5558 5567
f 5568 5569 5570
f 5568 5570 5571
f 5568 5571 5572
f 5568 5572 5573
f 5568 5573 5574
f 5562 5568 5574
f 5575 5576 5568
f 5575 5562 5577
f 5575 5568 5562
f 5575 5577 5576
f 5578 5579 5576
f 5578 5577 5554
f 5578 5554 5580
f 5578 5580 5581
f 5578 5581 5582
f 5578 5582 5583
f 5578 5583 5584
f 5578 5584 5579
f 5578 5576 5577
f 5585 5586 5587
f 5588 5586 5585
f 5589 5586 5588
f 5590 5586 5589
f 5595 5586 5590
f 5591 5586 5595
f 5592 5586 5591
f 5593 5586 5592
f 5594 5593 5592
f 5595 5596 5597
f 5598 5599 5596
f 5600 5598 5596
f 5601 5600 5596
f 5602 5601 5596
f 5603 5602 5596
f 5587 5596 5595
f 5587 5603 5596
f 5604 5605 5606
f 5604 5606 5607
f 5604 5607 5608
f 5604 5608 5609
f 5604 5609 5610
f 5604 5610 5611
f 5604 5611 5595
f 5604 5597 5605
f 5604 5595 5597
f 5612 5613 5614
f 5612 5614 5615
f 5616 5615 5538
f 5616 5612 5615
f 5617 5618 5613
f 5617 5613 5612
f 5619 5616 5538
f 5620 5618 5617
f 5621 5538 5622
f 5621 5619 5538
f 5623 5624 5618
f 5623 5618 5620
f 5625 5622 5626
f 5625 5626 5627
f 5625 5621 5622
f 5628 5624 5623
f 5628 5629 5624
f 5628 5630 5629
f 5631 5627 5524
f 5631 5625 5627
f 5632 5630 5628
f 5632 5633 5630
f 5634 5631 5524
f 5635 5633 5632
f 5636 5634 5524
f 5636 5524 5637
f 5638 5633 5635
f 5638 5639 5633
f 5640 5637 5641
f 5640 5636 5637
f 5642 5639 5638
f 5643 5639 5642
f 5644 5640 5641
f 5644 5645 5640
f 5646 5643 5642
f 5646 5642 5647
f 5519 5648 5649
f 5519 5649 5645
f 5519 5645 5644
f 5650 5646 5647
f 5650 5647 5651
f 5650 5651 5652
f 5653 5654 5648
f 5653 5648 5519
f 5655 5650 5652
f 5655 5652 5656
f 5657 5654 5653
f 5682 5655 5656
f 5658 5659 5654
f 5658 5654 5657
f 5660 5656 5661
f 5660 5682 5656
f 5696 5662 5663
f 5696 5663 5659
f 5696 5659 5658
f 5664 5661 5665
f 5664 5665 5666
f 5664 5660 5661
f 5667 5668 5662
f 5667 5662 5696
f 5669 5664 5666
f 5669 5666 5668
f 5670 5669 5668
f 5670 5668 5667
f 5629 5514 5671
f 5633 5671 5672
f 5633 5672 5673
f 5633 5629 5671
f 5643 5673 5674
f 5643 5633 5673
f 5675 5650 5643
f 5675 5674 5676
f 5675 5676 5677
f 5675 5677 5678
f 5675 5643 5674
f 5679 5680 5681
f 5679 5682 5650
f 5679 5678 5680
f 5679 5650 5675
f 5679 5675 5678
f 5683 5684 5685
f 5683 5685 5686
f 5683 5686 5687
f 5688 5681 5689
f 5688 5689 5690
f 5688 5690 5691
f 5688 5664 5682
f 5688 5679 5681
f 5688 5682 5679
f 5692 5691 5684
f 5692 5670 5664
f 5692 5683 5687
f 5692 5688 5691
f 5692 5684 5683
f 5692 5664 5688
f 5693 5687 5694
f 5695 5696 5670
f 5695 5670 5692
f 5695 5692 5687
f 5695 5687 5693
f 5697 5694 5698
f 5697 5698 5699
f 5697 5693 5694
f 5697 5695 5693
f 5700 5699 5657
f 5700 5657 5696
f 5700 5696 5695
f 5700 5695 5697
f 5700 5697 5699
f 5708 5701 5702
f 5703 5701 5708
f 5704 5705 5706
f 5704 5706 5701
f 5704 5701 5703
f 5707 5705 5704
f 5574 5708 5709
f 5574 5558 5710
f 5711 5708 5574
f 5712 5713 5714
f 5712 5714 5715
f 5712 5715 5711
f 5712 5711 5574
f 5716 5710 5717
f 5716 5717 5713
f 5716 5712 5574
f 5716 5713 5712
f 5716 5574 5710
f 5718 5719 5720
f 5718 5720 5721
f 5718 5721 5722
f 5723 5719 5718
f 5724 5725 5719
f 5724 5719 5723
f 5587 5726 5727
f 5587 5727 5728
f 5587 5728 5729
f 5587 5729 5730
f 5586 5587 5730
f 5731 5732 5724
f 5731 5724 5733
f 5731 5733 5726
f 5734 5587 5732
f 5734 5732 5731
f 5734 5726 5587
f 5734 5731 5726
f 5801 5794 5780
f 5801 5780 5735
f 5736 5735 5737
f 5736 5801 5735
f 5819 5737 5772
f 5819 5736 5737
f 5738 5772 5739
f 5738 5819 5772
f 5740 5739 5741
f 5740 5738 5739
f 5742 5741 5761
f 5742 5740 5741
f 5743 5761 5744
f 5743 5742 5761
f 5745 5744 5775
f 5745 5743 5744
f 5746 5775 5747
f 5746 5747 5748
f 5746 5748 5749
f 5746 5749 5776
f 5746 5776 5750
f 5751 5750 5752
f 5751 5752 5753
f 5751 5753 5754
f 5751 5754 5755
f 5751 5746 5750
f 5756 5751 5755
f 5757 5751 5756
f 5758 5759 5744
f 5758 5744 5760
f 5758 5760 5775
f 5758 5775 5746
f 5761 5759 5758
f 5762 5757 5779
f 5762 5751 5757
f 5763 5762 5779
f 5764 5761 5758
f 5765 5762 5763
f 5766 5741 5764
f 5766 5764 5758
f 5767 5762 5765
f 5768 5741 5766
f 5780 5769 5762
f 5780 5762 5767
f 5739 5768 5766
f 5770 5769 5780
f 5771 5739 5766
f 5735 5769 5770
f 5772 5771 5766
f 5773 5769 5735
f 5774 5772 5766
f 5774 5766 5769
f 5737 5774 5769
f 5737 5769 5773
f 5816 5745 5775
f 5816 5775 5748
f 5810 5748 5776
f 5810 5816 5748
f 5777 5776 5752
f 5777 5810 5776
f 5792 5752 5754
f 5792 5777 5752
f 5785 5754 5756
f 5785 5792 5754
f 5778 5756 5779
f 5778 5785 5756
f 5787 5779 5765
f 5787 5778 5779
f 5794 5765 5780
f 5794 5787 5765
f 5781 5782 5778
f 5781 5778 5783
f 5784 5783 5785
f 5784 5781 5783
f 5786 5787 5782
f 5786 5782 5781
f 5788 5784 5785
f 5789 5787 5786
f 5790 5785 5791
f 5790 5791 5792
f 5790 5788 5785
f 5793 5794 5795
f 5793 5795 5787
f 5793 5787 5789
f 5796 5790 5792
f 5797 5794 5793
f 5798 5792 5799
f 5798 5799 5777
f 5798 5796 5792
f 5800 5794 5797
f 5800 5801 5802
f 5800 5802 5794
f 5803 5798 5777
f 5804 5801 5800
f 5805 5803 5777
f 5805 5777 5806
f 5807 5808 5801
f 5807 5801 5804
f 5809 5805 5806
f 5809 5806 5810
f 5811 5808 5807
f 5736 5808 5811
f 5812 5809 5810
f 5812 5813 5809
f 5814 5736 5811
f 5814 5811 5815
f 5816 5813 5812
f 5816 5817 5818
f 5816 5818 5813
f 5819 5815 5820
f 5819 5820 5821
f 5819 5814 5815
f 5822 5817 5816
f 5823 5819 5821
f 5745 5824 5825
f 5745 5825 5817
f 5745 5817 5822
f 5738 5821 5826
f 5738 5826 5827
f 5738 5823 5821
f 5828 5824 5745
f 5829 5738 5827
f 5743 5830 5831
f 5743 5831 5824
f 5743 5824 5828
f 5740 5827 5832
f 5740 5832 5833
f 5740 5829 5827
f 5834 5835 5830
f 5834 5830 5743
f 5836 5833 5835
f 5836 5740 5833
f 5742 5835 5834
f 5742 5836 5835
f 5751 5746 5898
f 5751 5898 5872
f 5746 5758 5912
f 5746 5912 5898
f 5758 5766 5837
f 5758 5837 5912
f 5766 5769 5848
f 5766 5848 5837
f 5769 5762 5844
f 5769 5844 5848
f 5762 5751 5872
f 5762 5872 5844
f 5886 5914 5902
f 5886 5902 5876
f 5859 5876 5838
f 5859 5886 5876
f 5839 5875 5840
f 5839 5840 5874
f 5839 5841 5842
f 5839 5874 5841
f 5839 5843 5844
f 5839 5842 5843
f 5845 5838 5875
f 5845 5855 5846
f 5845 5846 5854
f 5845 5854 5859
f 5845 5859 5838
f 5847 5844 5848
f 5847 5849 5855
f 5847 5850 5849
f 5847 5845 5875
f 5847 5875 5839
f 5847 5855 5845
f 5847 5839 5844
f 5851 5852 5850
f 5851 5848 5852
f 5851 5847 5848
f 5851 5850 5847
f 5853 5854 5846
f 5853 5846 5855
f 5853 5856 5850
f 5853 5855 5856
f 5853 5857 5848
f 5853 5850 5857
f 5858 5859 5854
f 5858 5860 5861
f 5858 5861 5882
f 5858 5882 5886
f 5858 5886 5859
f 5862 5848 5837
f 5862 5863 5860
f 5862 5864 5863
f 5862 5858 5854
f 5862 5854 5853
f 5862 5860 5858
f 5862 5853 5848
f 5865 5866 5864
f 5865 5837 5866
f 5865 5862 5837
f 5865 5864 5862
f 5867 5901 5868
f 5867 5868 5900
f 5867 5869 5870
f 5867 5900 5869
f 5867 5871 5872
f 5867 5870 5871
f 5873 5874 5840
f 5873 5840 5875
f 5873 5875 5838
f 5873 5838 5876
f 5873 5876 5901
f 5877 5878 5874
f 5877 5842 5878
f 5877 5872 5844
f 5877 5867 5872
f 5877 5874 5873
f 5877 5901 5867
f 5877 5873 5901
f 5879 5880 5842
f 5879 5844 5880
f 5879 5842 5877
f 5879 5877 5844
f 5881 5882 5861
f 5881 5861 5860
f 5881 5883 5864
f 5881 5860 5883
f 5881 5884 5837
f 5881 5864 5884
f 5885 5886 5882
f 5885 5909 5908
f 5885 5908 5887
f 5885 5887 5914
f 5885 5914 5886
f 5888 5837 5912
f 5888 5889 5909
f 5888 5890 5889
f 5888 5885 5882
f 5888 5882 5881
f 5888 5909 5885
f 5888 5881 5837
f 5891 5892 5890
f 5891 5912 5892
f 5891 5888 5912
f 5891 5890 5888
f 5893 5894 5916
f 5893 5916 5915
f 5893 5895 5896
f 5893 5915 5895
f 5893 5897 5898
f 5893 5896 5897
f 5899 5900 5868
f 5899 5868 5901
f 5899 5901 5876
f 5899 5876 5902
f 5899 5902 5894
f 5903 5904 5900
f 5903 5870 5904
f 5903 5898 5872
f 5903 5893 5898
f 5903 5900 5899
f 5903 5894 5893
f 5903 5899 5894
f 5905 5906 5870
f 5905 5872 5906
f 5905 5870 5903
f 5905 5903 5872
f 5907 5887 5908
f 5907 5908 5909
f 5907 5910 5890
f 5907 5909 5910
f 5907 5911 5912
f 5907 5890 5911
f 5913 5914 5887
f 5913 5915 5916
f 5913 5916 5894
f 5913 5894 5902
f 5913 5902 5914
f 5917 5912 5898
f 5917 5918 5915
f 5917 5896 5918
f 5917 5913 5887
f 5917 5887 5907
f 5917 5915 5913
f 5917 5907 5912
f 5919 5920 5896
f 5919 5898 5920
f 5919 5917 5898
f 5919 5896 5917
f 5921 6047 6048
f 5921 6048 6032
f 5958 6032 6039
f 5958 5921 6032
f 5965 6039 5922
f 5965 5958 6039
f 5972 5922 5923
f 5972 5965 5922
f 5924 5923 5925
f 5924 5972 5923
f 5926 5925 5927
f 5926 5924 5925
f 5977 5927 5928
f 5977 5926 5927
f 6040 5928 6004
f 6040 5977 5928
f 5929 5971 6007
f 5930 5971 5929
f 5931 5929 5992
f 5931 5930 5929
f 5953 5992 5932
f 5953 5931 5992
f 5933 5932 6006
f 5933 5953 5932
f 5934 6006 6012
f 5934 5933 6006
f 5937 6012 5935
f 5937 5934 6012
f 5943 5935 5936
f 5943 5937 5935
f 5983 5936 5984
f 5983 5943 5936
f 5937 5938 6045
f 5937 6045 5939
f 5940 5939 6043
f 5940 5937 5939
f 5941 5942 5938
f 5941 5938 5937
f 5934 5940 6043
f 5943 5942 5941
f 5944 6043 5945
f 5944 5945 5946
f 5944 5934 6043
f 5947 6047 5948
f 5947 5948 5942
f 5947 5942 5943
f 5933 5944 5946
f 5983 6047 5947
f 5949 5946 5950
f 5949 5950 6042
f 5949 5933 5946
f 5951 6047 5983
f 5951 5921 5952
f 5951 5952 6047
f 5953 5949 6042
f 5985 5921 5951
f 5954 5953 6042
f 5954 6042 5955
f 5956 5957 5921
f 5956 5921 5985
f 5931 5954 5955
f 5931 5955 6041
f 5986 5957 5956
f 5958 5957 5986
f 5959 5931 6041
f 5959 5960 5931
f 5961 5958 5986
f 5961 5986 5962
f 5963 5960 5959
f 5963 5964 5930
f 5963 5930 5960
f 5965 5962 5966
f 5965 5961 5962
f 5965 5966 5967
f 5968 5964 5963
f 5969 5965 5967
f 6040 5970 5971
f 6040 5971 5964
f 6040 5964 5968
f 5972 5967 5973
f 5972 5973 5974
f 5972 5969 5967
f 5975 5970 6040
f 5976 5972 5974
f 5977 5978 5991
f 5977 5991 5970
f 5977 5970 5975
f 5924 5974 5987
f 5924 5987 5979
f 5924 5976 5974
f 5980 5990 5978
f 5980 5978 5977
f 5981 5979 5990
f 5981 5924 5979
f 5926 5981 5990
f 5926 5990 5980
f 5982 5983 5984
f 5985 5983 5982
f 6037 5985 5982
f 5986 5985 6037
f 5966 6037 6034
f 5966 5986 6037
f 6028 5966 6034
f 5973 5966 6028
f 5987 6028 5988
f 5987 5973 6028
f 5989 5987 5988
f 5990 5987 5989
f 5991 5989 6013
f 5991 5990 5989
f 6007 5991 6013
f 5971 5991 6007
f 5992 5993 5994
f 5992 5994 5995
f 5996 5995 5997
f 5996 5992 5995
f 5998 5999 5993
f 5998 5993 5992
f 5932 5996 5997
f 5929 5999 5998
f 6000 5997 6001
f 6000 6001 6002
f 6000 5932 5997
f 6003 6004 6005
f 6003 6005 5999
f 6003 5999 5929
f 6006 6000 6002
f 6007 6004 6003
f 6008 6002 6009
f 6008 6009 6044
f 6008 6006 6002
f 6010 6004 6007
f 6010 5928 6011
f 6010 6011 6004
f 6012 6008 6044
f 6013 5928 6010
f 6014 6012 6044
f 6014 6044 6015
f 6016 6017 5928
f 6016 5928 6013
f 5935 6014 6015
f 5935 6015 6018
f 5989 6017 6016
f 5927 6017 5989
f 6019 5935 6018
f 6019 6020 5935
f 6021 5927 5989
f 6021 5989 6022
f 6046 6020 6019
f 6046 6023 5936
f 6046 5936 6020
f 5925 6022 5988
f 5925 6021 6022
f 5925 5988 6024
f 6025 6023 6046
f 6026 5925 6024
f 6048 6027 5984
f 6048 5984 6023
f 6048 6023 6025
f 5923 6024 6028
f 5923 6028 6029
f 5923 6026 6024
f 6030 6027 6048
f 6031 5923 6029
f 6032 6033 5982
f 6032 5982 6027
f 6032 6027 6030
f 5922 6029 6034
f 5922 6034 6035
f 5922 6031 6029
f 6036 6037 6033
f 6036 6033 6032
f 6038 6035 6037
f 6038 5922 6035
f 6039 6038 6037
f 6039 6037 6036
f 5963 6040 6004
f 5963 6004 5999
f 6041 5999 5994
f 6041 5963 5999
f 6042 5994 5997
f 6042 6041 5994
f 5946 5997 6002
f 5946 6042 5997
f 6043 6002 6044
f 6043 5946 6002
f 6018 6043 6044
f 6045 6043 6018
f 5942 6018 6046
f 5942 6045 6018
f 6047 6046 6048
f 6047 5942 6046
f 6049 6067 6069
f 6050 6051 6052
f 6050 6053 6051
f 6054 6052 6055
f 6054 6050 6052
f 6174 6056 6057
f 6174 6055 6056
f 6174 6054 6055
f 6178 6057 6058
f 6178 6174 6057
f 6200 6178 6058
f 6059 6060 6061
f 6059 6069 6060
f 6059 6159 6062
f 6059 6062 6049
f 6059 6049 6069
f 6063 6061 6051
f 6063 6053 6064
f 6063 6064 6159
f 6063 6159 6059
f 6063 6051 6053
f 6063 6059 6061
f 6200 6058 6065
f 6208 6065 6066
f 6208 6200 6065
f 6211 6208 6066
f 6213 6211 6066
f 6067 6068 6069
f 6067 6070 6068
f 6071 6066 6072
f 6071 6206 6073
f 6071 6073 6213
f 6071 6213 6066
f 6074 6075 6076
f 6074 6072 6075
f 6074 6077 6196
f 6074 6196 6206
f 6074 6206 6071
f 6074 6071 6072
f 6078 6079 6068
f 6078 6076 6079
f 6078 6074 6076
f 6078 6068 6070
f 6078 6077 6074
f 6080 6070 6081
f 6080 6081 6077
f 6080 6077 6078
f 6080 6078 6070
f 6082 6083 6084
f 6085 6082 6084
f 6086 6085 6084
f 6087 6086 6084
f 6088 6089 6090
f 6091 6092 6089
f 6091 6089 6088
f 6093 6087 6084
f 6093 6090 6087
f 6093 6088 6090
f 6094 6095 6092
f 6094 6092 6091
f 6096 6093 6084
f 6097 6098 6095
f 6097 6095 6094
f 6099 6096 6084
f 6100 6101 6102
f 6100 6102 6098
f 6100 6098 6097
f 6103 6099 6084
f 6104 6101 6100
f 6104 6105 6101
f 6106 6105 6104
f 6106 6107 6105
f 6108 6107 6106
f 6108 6109 6107
f 6110 6109 6108
f 6111 6109 6110
f 6112 6111 6110
f 6113 6111 6112
f 6113 6112 6114
f 6115 6116 6117
f 6115 6117 6118
f 6115 6118 6103
f 6115 6103 6084
f 6119 6114 6120
f 6119 6113 6114
f 6121 6120 6122
f 6121 6119 6120
f 6123 6116 6115
f 6123 6124 6116
f 6125 6123 6115
f 6126 6124 6123
f 6126 6127 6124
f 6128 6125 6115
f 6129 6127 6126
f 6129 6130 6127
f 6131 6128 6115
f 6132 6133 6130
f 6132 6130 6129
f 6134 6131 6115
f 6135 6131 6134
f 6136 6137 6133
f 6136 6133 6132
f 6138 6137 6136
f 6139 6134 6115
f 6140 6122 6141
f 6140 6121 6122
f 6142 6143 6137
f 6142 6137 6138
f 6144 6139 6115
f 6145 6144 6115
f 6146 6141 6147
f 6146 6140 6141
f 6148 6143 6142
f 6148 6149 6143
f 6150 6145 6115
f 6151 6146 6147
f 6152 6149 6148
f 6152 6153 6149
f 6154 6147 6155
f 6154 6151 6147
f 6156 6157 6153
f 6156 6153 6152
f 6158 6154 6155
f 6158 6155 6157
f 6158 6157 6156
f 6159 6160 6161
f 6062 6161 6150
f 6062 6150 6115
f 6062 6159 6161
f 6064 6162 6160
f 6064 6160 6159
f 6049 6062 6115
f 6053 6162 6064
f 6053 6163 6162
f 6164 6049 6115
f 6165 6163 6053
f 6165 6166 6167
f 6165 6167 6163
f 6067 6164 6115
f 6050 6166 6165
f 6050 6168 6166
f 6169 6168 6050
f 6169 6170 6168
f 6054 6170 6169
f 6054 6171 6170
f 6172 6171 6054
f 6172 6173 6171
f 6174 6173 6172
f 6175 6173 6174
f 6176 6175 6174
f 6177 6175 6176
f 6177 6176 6178
f 6179 6180 6070
f 6179 6070 6181
f 6179 6181 6067
f 6179 6067 6115
f 6182 6177 6178
f 6183 6081 6180
f 6184 6185 6081
f 6184 6081 6183
f 6186 6183 6180
f 6186 6180 6179
f 6187 6182 6178
f 6187 6178 6188
f 6189 6077 6185
f 6189 6185 6184
f 6190 6186 6179
f 6191 6192 6077
f 6191 6077 6189
f 6193 6190 6179
f 6194 6192 6191
f 6195 6196 6192
f 6195 6192 6194
f 6197 6193 6179
f 6198 6197 6179
f 6199 6187 6188
f 6199 6188 6200
f 6201 6202 6196
f 6201 6196 6195
f 6203 6199 6200
f 6203 6200 6204
f 6205 6206 6202
f 6205 6202 6201
f 6207 6203 6204
f 6207 6204 6208
f 6209 6073 6206
f 6209 6206 6205
f 6210 6207 6208
f 6210 6208 6211
f 6212 6213 6073
f 6212 6073 6209
f 6214 6210 6211
f 6214 6213 6212
f 6214 6211 6213
f 6215 6216 6217
f 6218 6215 6217
f 6219 6218 6217
f 6220 6219 6217
f 6221 6222 6223
f 6224 6225 6222
f 6224 6222 6221
f 6226 6220 6217
f 6226 6223 6220
f 6226 6221 6223
f 6227 6228 6225
f 6227 6225 6224
f 6229 6226 6217
f 6230 6231 6228
f 6230 6228 6227
f 6232 6229 6217
f 6233 6234 6235
f 6233 6235 6231
f 6233 6231 6230
f 6236 6232 6217
f 6237 6238 6234
f 6237 6234 6233
f 6239 6240 6238
f 6239 6238 6237
f 6241 6240 6239
f 6241 6242 6240
f 6243 6242 6241
f 6244 6242 6243
f 6245 6244 6243
f 6246 6244 6245
f 6246 6245 6247
f 6248 6249 6250
f 6248 6250 6251
f 6248 6251 6236
f 6248 6236 6217
f 6252 6246 6247
f 6252 6247 6253
f 6254 6252 6253
f 6254 6253 6255
f 6256 6257 6249
f 6256 6249 6248
f 6258 6256 6248
f 6259 6260 6257
f 6259 6257 6256
f 6261 6258 6248
f 6262 6263 6260
f 6262 6260 6259
f 6264 6261 6248
f 6265 6266 6263
f 6265 6263 6262
f 6267 6264 6248
f 6268 6264 6267
f 6269 6270 6266
f 6269 6266 6265
f 6271 6270 6269
f 6272 6267 6248
f 6273 6254 6255
f 6273 6255 6274
f 6275 6276 6270
f 6275 6270 6271
f 6277 6272 6248
f 6278 6277 6248
f 6279 6273 6274
f 6279 6274 6280
f 6281 6282 6276
f 6281 6276 6275
f 6283 6278 6248
f 6284 6279 6280
f 6285 6286 6282
f 6285 6282 6281
f 6287 6283 6248
f 6288 6284 6280
f 6288 6280 6289
f 6290 6291 6286
f 6290 6286 6285
f 6292 6291 6290
f 6292 6288 6289
f 6292 6289 6291
f 6293 6294 6287
f 6295 6293 6287
f 6295 6287 6248
f 6296 6297 6294
f 6296 6294 6293
f 6298 6295 6248
f 6299 6297 6296
f 6299 6300 6297
f 6301 6298 6248
f 6302 6300 6299
f 6302 6303 6304
f 6302 6304 6300
f 6305 6301 6248
f 6306 6303 6302
f 6306 6307 6303
f 6308 6309 6307
f 6308 6307 6306
f 6310 6311 6309
f 6310 6309 6308
f 6312 6313 6311
f 6312 6311 6310
f 6314 6313 6312
f 6315 6313 6314
f 6316 6315 6314
f 6317 6315 6316
f 6317 6316 6318
f 6319 6317 6318
f 6320 6305 6248
f 6320 6321 6322
f 6320 6322 6323
f 6320 6323 6305
f 6324 6325 6321
f 6326 6327 6325
f 6326 6325 6324
f 6328 6321 6320
f 6328 6324 6321
f 6329 6318 6330
f 6329 6319 6318
f 6331 6332 6327
f 6331 6327 6326
f 6333 6328 6320
f 6334 6335 6332
f 6334 6332 6331
f 6336 6333 6320
f 6337 6335 6334
f 6338 6339 6335
f 6338 6335 6337
f 6340 6336 6320
f 6341 6330 6342
f 6341 6329 6330
f 6343 6344 6339
f 6343 6339 6338
f 6345 6340 6320
f 6346 6342 6347
f 6346 6341 6342
f 6348 6344 6343
f 6348 6349 6344
f 6350 6347 6351
f 6350 6346 6347
f 6352 6349 6348
f 6352 6353 6349
f 6354 6350 6351
f 6354 6351 6355
f 6356 6353 6352
f 6356 6357 6353
f 6358 6357 6356
f 6358 6354 6355
f 6358 6355 6357
f 6359 6360 6361
f 6362 6359 6361
f 6363 6362 6361
f 6364 6362 6363
f 6365 6366 6367
f 6365 6367 6476
f 6365 6476 6368
f 6365 6368 6369
f 6365 6369 6370
f 6371 6372 6366
f 6371 6370 6373
f 6371 6373 6374
f 6371 6365 6370
f 6371 6366 6365
f 6375 6359 6376
f 6375 6376 6372
f 6375 6374 6377
f 6375 6377 6360
f 6375 6371 6374
f 6375 6372 6371
f 6375 6360 6359
f 6378 6379 6380
f 6381 6459 6382
f 6381 6383 6384
f 6381 6385 6386
f 6381 6384 6385
f 6381 6386 6459
f 6387 6382 6388
f 6387 6389 6383
f 6387 6381 6382
f 6387 6383 6381
f 6390 6388 6391
f 6390 6391 6392
f 6390 6393 6389
f 6390 6389 6387
f 6390 6387 6388
f 6394 6392 6395
f 6394 6395 6396
f 6394 6397 6398
f 6394 6398 6393
f 6394 6393 6390
f 6394 6390 6392
f 6399 6396 6400
f 6399 6400 6401
f 6399 6402 6403
f 6399 6403 6397
f 6399 6397 6394
f 6399 6394 6396
f 6404 6401 6405
f 6404 6405 6380
f 6404 6379 6406
f 6404 6406 6402
f 6404 6402 6399
f 6404 6399 6401
f 6404 6380 6379
f 6407 6408 6409
f 6410 6411 6408
f 6412 6410 6408
f 6413 6412 6408
f 6414 6413 6408
f 6415 6414 6408
f 6416 6408 6407
f 6416 6415 6408
f 6417 6418 6419
f 6417 6419 6420
f 6421 6422 6423
f 6421 6423 6424
f 6421 6424 6418
f 6421 6420 6425
f 6421 6425 6407
f 6421 6409 6422
f 6421 6407 6409
f 6421 6417 6420
f 6421 6418 6417
f 6426 6427 6416
f 6428 6427 6426
f 6429 6427 6428
f 6430 6427 6429
f 6407 6427 6430
f 6431 6427 6407
f 6432 6427 6431
f 6433 6427 6432
f 6434 6433 6432
f 6378 6380 6435
f 6378 6435 6436
f 6437 6378 6436
f 6438 6436 6439
f 6438 6439 6440
f 6438 6441 6437
f 6438 6437 6436
f 6442 6440 6443
f 6442 6444 6441
f 6442 6441 6438
f 6442 6438 6440
f 6445 6443 6446
f 6445 6447 6448
f 6445 6448 6444
f 6445 6444 6442
f 6445 6442 6443
f 6449 6446 6450
f 6449 6451 6452
f 6449 6452 6447
f 6449 6445 6446
f 6449 6447 6445
f 6453 6450 6454
f 6453 6455 6456
f 6453 6456 6451
f 6453 6449 6450
f 6453 6451 6449
f 6457 6454 6458
f 6457 6458 6459
f 6457 6459 6386
f 6457 6460 6461
f 6457 6386 6460
f 6457 6461 6455
f 6457 6455 6453
f 6457 6453 6454
f 6462 6363 6463
f 6464 6363 6462
f 6465 6363 6464
f 6466 6363 6465
f 6467 6363 6466
f 6468 6363 6467
f 6469 6363 6468
f 6470 6363 6469
f 6471 6363 6470
f 6361 6363 6471
f 6472 6361 6471
f 6473 6361 6472
f 6474 6475 6476
f 6367 6474 6476
f 6477 6478 6479
f 6477 6479 6480
f 6477 6480 6489
f 6477 6489 6481
f 6477 6481 6482
f 6483 6474 6484
f 6483 6484 6478
f 6483 6482 6485
f 6483 6485 6475
f 6483 6477 6482
f 6483 6475 6474
f 6483 6478 6477
f 6486 6481 6487
f 6488 6481 6486
f 6489 6488 6490
f 6489 6490 6491
f 6489 6491 6492
f 6493 6489 6492
f 6494 6493 6492
f 6495 6493 6494
f 6496 6493 6495
f 6497 6493 6496
f 6498 6493 6497
f 6499 6493 6498
f 6489 6481 6488
f 6416 6500 6501
f 6416 6501 6502
f 6416 6502 6503
f 6416 6503 6504
f 6427 6416 6504
f 6505 6506 6507
f 6505 6507 6508
f 6505 6508 6500
f 6509 6416 6506
f 6509 6506 6505
f 6509 6500 6416
f 6509 6505 6500
f 6510 6511 6512
f 6510 6512 6507
f 6510 6507 6513
f 6514 6511 6510
f 6515 6516 6511
f 6515 6511 6514
f 6517 6518 6548
f 6517 6548 6519
f 6520 6519 6521
f 6520 6517 6519
f 6522 6521 6523
f 6522 6520 6521
f 6524 6523 6525
f 6524 6522 6523
f 6526 6525 6527
f 6526 6524 6525
f 6528 6527 6529
f 6528 6526 6527
f 6530 6529 6531
f 6530 6528 6529
f 6534 6531 6532
f 6534 6530 6531
f 6533 6534 6532
f 6533 6532 6535
f 6536 6535 6537
f 6536 6533 6535
f 6538 6537 6539
f 6538 6536 6537
f 6540 6539 6541
f 6540 6538 6539
f 6542 6541 6543
f 6542 6540 6541
f 6544 6543 6545
f 6544 6542 6543
f 6546 6545 6547
f 6546 6544 6545
f 6518 6547 6548
f 6518 6546 6547
f 6549 6550 6551
f 6549 6552 6553
f 6549 6553 6554
f 6549 6554 6550
f 6555 6551 6556
f 6555 6549 6551
f 6557 6556 6558
f 6557 6555 6556
f 6559 6558 6560
f 6559 6557 6558
f 6561 6560 6562
f 6561 6559 6560
f 6563 6562 6564
f 6563 6561 6562
f 6565 6564 6566
f 6565 6563 6564
f 6567 6566 6568
f 6567 6565 6566
f 6569 6568 6570
f 6569 6567 6568
f 6571 6570 6572
f 6571 6569 6570
f 6573 6572 6574
f 6573 6571 6572
f 6575 6573 6574
f 6576 6575 6577
f 6578 6575 6576
f 6579 6573 6575
f 6579 6575 6578
f 6580 6581 6582
f 6580 6582 6583
f 6580 6583 6584
f 6585 6580 6584
f 6586 6580 6585
f 6587 6586 6585
f 6588 6586 6587
f 6589 6588 6587
f 6590 6588 6589
f 6591 6590 6589
f 6592 6591 6593
f 6592 6590 6591
f 6594 6593 6595
f 6594 6592 6593
f 6596 6594 6595
f 6597 6594 6596
f 6598 6597 6596
f 6599 6597 6598
f 6600 6599 6598
f 6601 6600 6602
f 6601 6599 6600
f 6603 6601 6602
f 6604 6603 6605
f 6606 6603 6604
f 6607 6606 6608
f 6607 6608 6609
f 6607 6609 6610
f 6607 6601 6603
f 6607 6603 6606
f 6611 6584 6612
f 6613 6614 6584
f 6613 6584 6611
f 6615 6616 6614
f 6615 6614 6613
f 6617 6618 6616
f 6617 6616 6615
f 6619 6620 6618
f 6619 6618 6617
f 6621 6622 6620
f 6621 6620 6619
f 6623 6624 6625
f 6623 6625 6622
f 6623 6622 6621
f 6626 6627 6624
f 6626 6624 6623
f 6628 6629 6627
f 6628 6627 6626
f 6630 6631 6629
f 6630 6629 6628
f 6632 6633 6631
f 6632 6631 6630
f 6634 6605 6633
f 6634 6633 6632
f 6635 6605 6634
f 6636 6582 6581
f 6636 6581 6637
f 6612 6584 6583
f 6612 6583 6638
f 6639 6583 6582
f 6639 6636 6638
f 6639 6582 6636
f 6639 6638 6583
f 6640 6641 6642
f 6643 6642 6644
f 6645 6646 6640
f 6647 6642 6643
f 6648 6645 6640
f 6649 6647 6650
f 6649 6650 6651
f 6649 6640 6642
f 6649 6642 6647
f 6652 6653 6654
f 6652 6654 6648
f 6652 6648 6640
f 6655 6649 6656
f 6655 6640 6649
f 6657 6658 6652
f 6659 6655 6660
f 6661 6662 6657
f 6663 6655 6659
f 6664 6661 6657
f 6665 6663 6666
f 6665 6666 6667
f 6665 6652 6640
f 6665 6640 6655
f 6665 6655 6663
f 6668 6669 6670
f 6668 6670 6664
f 6668 6657 6652
f 6668 6664 6657
f 6668 6652 6665
f 6671 6668 6665
f 6672 6673 6674
f 6672 6674 6675
f 6672 6675 6676
f 6677 6678 6679
f 6677 6679 6680
f 6677 6676 6678
f 6677 6672 6676
f 6681 6677 6680
f 6682 6681 6680
f 6683 6681 6682
f 6684 6683 6682
f 6685 6683 6684
f 6686 6685 6684
f 6687 6686 6688
f 6687 6685 6686
f 6689 6687 6688
f 6690 6687 6689
f 6691 6690 6689
f 6692 6690 6691
f 6693 6692 6691
f 6694 6692 6693
f 6695 6694 6693
f 6696 6695 6697
f 6696 6694 6695
f 6698 6696 6697
f 6699 6698 6700
f 6701 6698 6699
f 6702 6701 6703
f 6702 6703 6704
f 6702 6704 6705
f 6702 6696 6698
f 6702 6698 6701
f 6706 6707 6679
f 6708 6709 6707
f 6708 6707 6706
f 6710 6711 6709
f 6710 6709 6708
f 6712 6711 6710
f 6713 6714 6711
f 6713 6711 6712
f 6715 6716 6714
f 6715 6714 6713
f 6717 6718 6719
f 6717 6719 6716
f 6717 6716 6715
f 6720 6721 6718
f 6720 6718 6717
f 6722 6723 6721
f 6722 6721 6720
f 6724 6725 6723
f 6724 6723 6722
f 6726 6727 6725
f 6726 6725 6724
f 6728 6729 6727
f 6728 6727 6726
f 6730 6700 6729
f 6730 6729 6728
f 6731 6732 6733
f 6731 6733 6734
f 6731 6734 6735
f 6731 6735 6736
f 6737 6736 6738
f 6737 6731 6736
f 6739 6738 6740
f 6739 6737 6738
f 6741 6740 6742
f 6741 6739 6740
f 6743 6742 6744
f 6743 6741 6742
f 6745 6744 6746
f 6745 6743 6744
f 6747 6746 6748
f 6747 6745 6746
f 6749 6748 6750
f 6749 6747 6748
f 6751 6750 6752
f 6751 6749 6750
f 6753 6752 6754
f 6753 6751 6752
f 6755 6754 6756
f 6755 6753 6754
f 6757 6755 6756
f 6758 6757 6759
f 6760 6757 6758
f 6761 6755 6757
f 6761 6757 6760
f 6762 6763 6764
f 6765 6764 6766
f 6767 6768 6762
f 6769 6764 6765
f 6770 6767 6762
f 6771 6769 6772
f 6771 6772 6773
f 6771 6764 6769
f 6774 6775 6776
f 6774 6776 6770
f 6774 6770 6762
f 6777 6771 6778
f 6777 6762 6764
f 6777 6764 6771
f 6779 6780 6774
f 6781 6777 6782
f 6783 6784 6779
f 6785 6777 6781
f 6786 6783 6779
f 6787 6785 6788
f 6787 6788 6789
f 6787 6774 6762
f 6787 6762 6777
f 6787 6777 6785
f 6790 6791 6792
f 6790 6792 6786
f 6790 6779 6774
f 6790 6786 6779
f 6790 6774 6787
f 6793 6790 6787
f 6794 6795 6796
f 6868 6870 6797
f 6798 6868 6797
f 6799 6797 6800
f 6799 6800 6801
f 6799 6798 6797
f 6802 6795 6803
f 6802 6801 6804
f 6802 6804 6796
f 6802 6799 6801
f 6802 6796 6795
f 6805 6806 6807
f 6805 6807 6798
f 6805 6798 6799
f 6808 6803 6806
f 6808 6799 6802
f 6808 6806 6805
f 6808 6802 6803
f 6808 6805 6799
f 6836 6809 6810
f 6811 6861 6812
f 6811 6813 6814
f 6811 6815 6862
f 6811 6814 6815
f 6811 6862 6861
f 6816 6812 6817
f 6816 6818 6813
f 6816 6811 6812
f 6816 6813 6811
f 6819 6817 6820
f 6819 6820 6821
f 6819 6822 6818
f 6819 6818 6816
f 6819 6816 6817
f 6823 6821 6824
f 6823 6824 6825
f 6823 6826 6827
f 6823 6827 6822
f 6823 6822 6819
f 6823 6819 6821
f 6828 6825 6829
f 6828 6829 6830
f 6828 6831 6832
f 6828 6832 6826
f 6828 6826 6823
f 6828 6823 6825
f 6833 6830 6834
f 6833 6834 6810
f 6833 6809 6835
f 6833 6835 6831
f 6833 6831 6828
f 6833 6828 6830
f 6833 6810 6809
f 6836 6810 6837
f 6836 6837 6838
f 6839 6836 6838
f 6840 6838 6841
f 6840 6841 6842
f 6840 6843 6839
f 6840 6839 6838
f 6844 6842 6845
f 6844 6846 6843
f 6844 6843 6840
f 6844 6840 6842
f 6847 6845 6848
f 6847 6849 6850
f 6847 6850 6846
f 6847 6846 6844
f 6847 6844 6845
f 6851 6848 6852
f 6851 6853 6854
f 6851 6854 6849
f 6851 6847 6848
f 6851 6849 6847
f 6855 6852 6856
f 6855 6857 6858
f 6855 6858 6853
f 6855 6851 6852
f 6855 6853 6851
f 6859 6856 6860
f 6859 6860 6861
f 6859 6861 6862
f 6859 6863 6864
f 6859 6862 6863
f 6859 6864 6857
f 6859 6857 6855
f 6859 6855 6856
f 6865 6866 6867
f 6868 6869 6870
f 6871 6872 6873
f 6871 6873 6895
f 6871 6895 6866
f 6871 6865 6874
f 6871 6874 6875
f 6871 6866 6865
f 6876 6877 6878
f 6876 6878 6872
f 6876 6875 6879
f 6876 6879 6880
f 6876 6871 6875
f 6876 6872 6871
f 6881 6882 6877
f 6881 6880 6870
f 6881 6876 6880
f 6881 6877 6876
f 6883 6869 6884
f 6883 6884 6882
f 6883 6882 6881
f 6883 6881 6870
f 6883 6870 6869
f 6885 6866 6886
f 6887 6866 6885
f 6888 6866 6887
f 6889 6866 6888
f 6890 6866 6889
f 6891 6866 6890
f 6892 6866 6891
f 6893 6866 6892
f 6894 6866 6893
f 6895 6866 6894
f 6896 6895 6894
f 6897 6895 6896
f 6898 6929 6899
f 6898 6899 6900
f 6901 6900 6902
f 6901 6898 6900
f 6903 6902 6904
f 6903 6901 6902
f 6905 6904 6906
f 6905 6903 6904
f 6907 6906 6908
f 6907 6905 6906
f 6909 6908 6910
f 6909 6907 6908
f 6911 6910 6912
f 6911 6909 6910
f 6913 6912 6915
f 6913 6911 6912
f 6914 6913 6915
f 6914 6915 6916
f 6917 6916 6918
f 6917 6914 6916
f 6919 6918 6920
f 6919 6917 6918
f 6921 6920 6922
f 6921 6919 6920
f 6923 6922 6924
f 6923 6921 6922
f 6925 6924 6926
f 6925 6923 6924
f 6927 6926 6928
f 6927 6925 6926
f 6929 6928 6899
f 6929 6927 6928
f 6930 6931 6932
f 6933 6934 6935
f 6933 6936 6934
f 6937 6935 6938
f 6937 6933 6935
f 6939 6938 6940
f 6939 6937 6938
f 6941 6942 6943
f 6941 6940 6942
f 6941 6939 6940
f 6944 6943 6950
f 6944 6941 6943
f 6949 6944 6950
f 6945 6946 6934
f 6945 6932 6946
f 6945 6936 6947
f 6945 6947 6948
f 6945 6948 6930
f 6945 6930 6932
f 6945 6934 6936
f 6949 6950 6951
f 6952 6951 6953
f 6952 6949 6951
f 6954 6952 6953
f 6955 6954 6953
f 6931 6956 6932
f 6931 6957 6956
f 6958 6953 6959
f 6958 6960 6961
f 6958 6961 6955
f 6958 6955 6953
f 6962 6963 6964
f 6962 6959 6963
f 6962 6965 6966
f 6962 6966 6960
f 6962 6960 6958
f 6962 6958 6959
f 6967 6968 6956
f 6967 6964 6968
f 6967 6962 6964
f 6967 6956 6957
f 6967 6965 6962
f 6969 6957 6970
f 6969 6970 6965
f 6969 6965 6967
f 6969 6967 6957
f 6971 6972 6973
f 7072 6973 6974
f 7072 6974 6975
f 7072 6971 6973
f 7083 6975 6976
f 7083 7072 6975
f 6977 6978 6979
f 6977 6979 6980
f 6981 7100 7109
f 6981 7109 6978
f 6981 6978 6977
f 6982 6980 6983
f 6982 6983 6984
f 6982 6977 6980
f 6985 6986 7100
f 6985 6987 6986
f 6985 6977 6982
f 6985 6981 6977
f 6985 6982 6984
f 6985 7100 6981
f 6988 6989 6990
f 6988 6990 6991
f 6992 7080 6987
f 6992 6984 6989
f 6992 6991 6993
f 6992 6993 6994
f 6992 6987 6985
f 6992 6985 6984
f 6992 6989 6988
f 6992 6988 6991
f 6995 6994 6996
f 6995 6996 6997
f 6995 6992 6994
f 6995 7080 6992
f 6998 6997 6999
f 6998 6999 7000
f 6998 7070 7080
f 6998 6995 6997
f 6998 7080 6995
f 7001 7000 7002
f 7001 7002 6972
f 7001 6971 7070
f 7001 7070 6998
f 7001 6998 7000
f 7001 6972 6971
f 7003 7004 7005
f 7003 7005 7006
f 7003 7006 7007
f 7003 7007 7008
f 7003 7008 7009
f 7003 7009 7030
f 7028 7003 7030
f 7010 7011 7003
f 7010 7028 7012
f 7010 7003 7028
f 7010 7012 7011
f 7013 7014 7011
f 7013 7012 7015
f 7013 7015 7016
f 7013 7016 7017
f 7013 7017 7018
f 7013 7018 7019
f 7013 7019 7020
f 7013 7020 7014
f 7013 7011 7012
f 7015 7021 7022
f 7023 7021 7015
f 7024 7023 7025
f 7024 7021 7023
f 7026 7024 7027
f 7028 7024 7025
f 7028 7027 7024
f 7029 7027 7028
f 7030 7027 7031
f 7031 7027 7032
f 7032 7027 7033
f 7033 7027 7034
f 7034 7027 7029
f 7083 6976 7035
f 7036 7035 7037
f 7036 7037 7038
f 7036 7083 7035
f 7095 7038 7039
f 7095 7036 7038
f 7040 7041 7095
f 7040 7039 7042
f 7040 7042 7043
f 7040 7043 7044
f 7040 7095 7039
f 7045 7046 7047
f 7045 7110 7041
f 7045 7044 7046
f 7045 7041 7040
f 7045 7040 7044
f 7048 7049 7050
f 7048 7050 7051
f 7048 7051 7052
f 7053 7047 7054
f 7053 7054 7055
f 7053 7055 7056
f 7053 7057 7110
f 7053 7045 7047
f 7053 7110 7045
f 7058 7056 7049
f 7058 7059 7057
f 7058 7048 7052
f 7058 7053 7056
f 7058 7049 7048
f 7058 7057 7053
f 7060 7052 7061
f 7062 7115 7059
f 7062 7059 7058
f 7062 7058 7052
f 7062 7052 7060
f 7063 7061 7064
f 7063 7064 6978
f 7063 7060 7061
f 7065 6978 7109
f 7065 7109 7115
f 7065 7115 7062
f 7065 7060 7063
f 7065 7063 6978
f 7065 7062 7060
f 7066 7067 6971
f 7066 6971 7068
f 7069 7068 7070
f 7069 7066 7068
f 7071 7072 7067
f 7071 7067 7066
f 7073 7069 7070
f 7074 7072 7071
f 7075 7070 7076
f 7075 7073 7070
f 7077 7078 7072
f 7077 7072 7074
f 7079 7076 7080
f 7079 7080 7081
f 7079 7075 7076
f 7082 7078 7077
f 7082 7083 7078
f 7082 7084 7083
f 7085 7081 6987
f 7085 7079 7081
f 7086 7084 7082
f 7086 7036 7084
f 7087 7085 6987
f 7088 7036 7086
f 7089 7087 6987
f 7089 6987 7090
f 7091 7036 7088
f 7091 7092 7036
f 7093 7090 6986
f 7093 7089 7090
f 7094 7092 7091
f 7095 7092 7094
f 7096 7093 6986
f 7096 7097 7093
f 7098 7095 7094
f 7098 7094 7099
f 7100 7101 7102
f 7100 7102 7097
f 7100 7097 7096
f 7041 7098 7099
f 7041 7099 7103
f 7041 7103 7104
f 7105 7106 7101
f 7105 7101 7100
f 7107 7041 7104
f 7107 7104 7108
f 7109 7106 7105
f 7110 7107 7108
f 7111 7112 7106
f 7111 7106 7109
f 7113 7108 7114
f 7113 7110 7108
f 7115 7116 7117
f 7115 7117 7112
f 7115 7112 7111
f 7057 7114 7118
f 7057 7118 7119
f 7057 7113 7114
f 7120 7121 7116
f 7120 7116 7115
f 7122 7057 7119
f 7122 7119 7121
f 7059 7122 7121
f 7059 7121 7120
f 7123 7124 7024
f 7123 7024 7026
f 7125 7126 7127
f 7125 7127 7128
f 7129 7127 7124
f 7129 7123 7128
f 7129 7124 7123
f 7129 7128 7127
f 7026 7123 7030
f 7130 7131 7030
f 7130 7128 7125
f 7130 7123 7128
f 7130 7125 7132
f 7130 7132 7131
f 7130 7030 7123
f 7133 7134 7135
f 7133 7135 7136
f 7137 7136 7138
f 7137 7133 7136
f 7214 7138 7139
f 7214 7137 7138
f 7140 7141 7142
f 7140 7139 7141
f 7140 7214 7139
f 7143 7140 7142
f 7234 7142 7162
f 7234 7143 7142
f 7144 7162 7160
f 7144 7234 7162
f 7176 7160 7177
f 7176 7144 7160
f 7145 7177 7146
f 7145 7146 7147
f 7145 7147 7148
f 7145 7148 7149
f 7145 7149 7150
f 7151 7150 7152
f 7151 7152 7153
f 7151 7153 7154
f 7151 7154 7155
f 7151 7145 7150
f 7156 7151 7155
f 7157 7151 7156
f 7158 7159 7160
f 7158 7160 7161
f 7158 7161 7177
f 7158 7177 7145
f 7162 7159 7158
f 7163 7157 7180
f 7163 7151 7157
f 7164 7163 7180
f 7165 7162 7158
f 7166 7163 7164
f 7167 7142 7165
f 7167 7165 7158
f 7168 7163 7166
f 7169 7142 7167
f 7135 7170 7163
f 7135 7163 7168
f 7141 7169 7167
f 7171 7170 7135
f 7172 7141 7167
f 7136 7170 7171
f 7139 7172 7167
f 7173 7170 7136
f 7174 7139 7167
f 7174 7167 7170
f 7138 7174 7170
f 7138 7170 7173
f 7175 7176 7177
f 7175 7177 7147
f 7209 7147 7149
f 7209 7175 7147
f 7200 7149 7152
f 7200 7209 7149
f 7178 7154 7156
f 7178 7152 7154
f 7178 7200 7152
f 7187 7178 7156
f 7179 7156 7180
f 7179 7187 7156
f 7185 7180 7166
f 7185 7179 7180
f 7134 7166 7135
f 7134 7185 7166
f 7181 7182 7179
f 7181 7179 7183
f 7184 7185 7182
f 7184 7182 7181
f 7186 7183 7187
f 7186 7181 7183
f 7188 7185 7184
f 7189 7186 7187
f 7190 7134 7191
f 7190 7191 7185
f 7190 7185 7188
f 7192 7187 7193
f 7192 7193 7178
f 7192 7189 7187
f 7194 7134 7190
f 7195 7192 7178
f 7196 7133 7197
f 7196 7197 7134
f 7196 7134 7194
f 7198 7195 7178
f 7198 7178 7199
f 7198 7199 7200
f 7201 7133 7196
f 7202 7198 7200
f 7203 7204 7133
f 7203 7133 7201
f 7205 7202 7200
f 7205 7200 7206
f 7207 7137 7204
f 7207 7204 7203
f 7208 7205 7206
f 7209 7208 7206
f 7210 7137 7207
f 7210 7207 7211
f 7212 7208 7209
f 7212 7213 7208
f 7214 7211 7215
f 7214 7215 7216
f 7214 7210 7211
f 7175 7213 7212
f 7175 7217 7218
f 7175 7218 7213
f 7219 7214 7216
f 7220 7217 7175
f 7140 7216 7221
f 7140 7221 7222
f 7140 7219 7216
f 7176 7223 7224
f 7176 7224 7217
f 7176 7217 7220
f 7225 7140 7222
f 7226 7223 7176
f 7143 7222 7227
f 7143 7227 7228
f 7143 7225 7222
f 7144 7229 7230
f 7144 7230 7223
f 7144 7223 7226
f 7231 7228 7232
f 7231 7143 7228
f 7233 7232 7229
f 7233 7229 7144
f 7234 7232 7233
f 7234 7231 7232
f 7151 7145 7236
f 7151 7236 7235
f 7145 7158 7309
f 7145 7309 7236
f 7158 7167 7237
f 7158 7237 7309
f 7167 7170 7259
f 7167 7259 7237
f 7170 7163 7245
f 7170 7245 7259
f 7163 7151 7235
f 7163 7235 7245
f 7238 7239 7300
f 7249 7264 7288
f 7249 7288 7239
f 7249 7239 7238
f 7240 7241 7275
f 7240 7275 7242
f 7240 7243 7278
f 7240 7242 7243
f 7240 7244 7245
f 7240 7278 7244
f 7246 7238 7241
f 7246 7247 7248
f 7246 7248 7256
f 7246 7256 7249
f 7246 7249 7238
f 7250 7245 7259
f 7250 7251 7247
f 7250 7252 7251
f 7250 7246 7241
f 7250 7241 7240
f 7250 7247 7246
f 7250 7240 7245
f 7253 7254 7252
f 7253 7259 7254
f 7253 7250 7259
f 7253 7252 7250
f 7255 7256 7248
f 7255 7248 7247
f 7255 7257 7252
f 7255 7247 7257
f 7255 7258 7259
f 7255 7252 7258
f 7260 7249 7256
f 7260 7261 7262
f 7260 7262 7263
f 7260 7263 7264
f 7260 7264 7249
f 7265 7259 7237
f 7265 7266 7261
f 7265 7267 7266
f 7265 7260 7256
f 7265 7256 7255
f 7265 7261 7260
f 7265 7255 7259
f 7268 7269 7267
f 7268 7237 7269
f 7268 7265 7237
f 7268 7267 7265
f 7270 7271 7299
f 7270 7299 7298
f 7270 7272 7303
f 7270 7298 7272
f 7270 7273 7235
f 7270 7303 7273
f 7274 7242 7275
f 7274 7275 7241
f 7274 7241 7238
f 7274 7238 7300
f 7274 7300 7271
f 7276 7277 7242
f 7276 7278 7277
f 7276 7235 7245
f 7276 7270 7235
f 7276 7242 7274
f 7276 7271 7270
f 7276 7274 7271
f 7279 7280 7278
f 7279 7245 7280
f 7279 7278 7276
f 7279 7276 7245
f 7281 7263 7262
f 7281 7262 7261
f 7281 7282 7267
f 7281 7261 7282
f 7281 7283 7237
f 7281 7267 7283
f 7284 7264 7263
f 7284 7285 7286
f 7284 7286 7287
f 7284 7287 7288
f 7284 7288 7264
f 7289 7237 7309
f 7289 7290 7285
f 7289 7291 7290
f 7289 7284 7263
f 7289 7263 7281
f 7289 7285 7284
f 7289 7281 7237
f 7292 7293 7291
f 7292 7309 7293
f 7292 7289 7309
f 7292 7291 7289
f 7294 7313 7312
f 7294 7312 7311
f 7294 7295 7316
f 7294 7311 7295
f 7294 7296 7236
f 7294 7316 7296
f 7297 7298 7299
f 7297 7299 7271
f 7297 7271 7300
f 7297 7300 7239
f 7297 7239 7313
f 7301 7302 7298
f 7301 7303 7302
f 7301 7236 7235
f 7301 7294 7236
f 7301 7298 7297
f 7301 7313 7294
f 7301 7297 7313
f 7304 7305 7303
f 7304 7235 7305
f 7304 7303 7301
f 7304 7301 7235
f 7306 7287 7286
f 7306 7286 7285
f 7306 7307 7291
f 7306 7285 7307
f 7306 7308 7309
f 7306 7291 7308
f 7310 7288 7287
f 7310 7311 7312
f 7310 7312 7313
f 7310 7313 7239
f 7310 7239 7288
f 7314 7309 7236
f 7314 7315 7311
f 7314 7316 7315
f 7314 7310 7287
f 7314 7287 7306
f 7314 7311 7310
f 7314 7306 7309
f 7317 7318 7316
f 7317 7236 7318
f 7317 7314 7236
f 7317 7316 7314
f 7353 7346 7319
f 7353 7319 7320
f 7361 7320 7438
f 7361 7353 7320
f 7368 7438 7321
f 7368 7361 7438
f 7322 7321 7323
f 7322 7368 7321
f 7324 7322 7323
f 7325 7322 7324
f 7415 7325 7324
f 7326 7325 7415
f 7327 7415 7405
f 7327 7326 7415
f 7372 7405 7398
f 7372 7327 7405
f 7393 7374 7328
f 7367 7374 7393
f 7329 7393 7330
f 7329 7367 7393
f 7331 7330 7332
f 7331 7329 7330
f 7348 7332 7400
f 7348 7331 7332
f 7333 7400 7407
f 7333 7348 7400
f 7413 7333 7407
f 7336 7333 7413
f 7334 7413 7335
f 7334 7336 7413
f 7349 7335 7427
f 7349 7334 7335
f 7336 7337 7445
f 7336 7445 7338
f 7339 7338 7340
f 7339 7336 7338
f 7341 7446 7337
f 7341 7337 7336
f 7333 7339 7340
f 7334 7446 7341
f 7342 7340 7343
f 7342 7343 7344
f 7342 7333 7340
f 7345 7346 7347
f 7345 7347 7446
f 7345 7446 7334
f 7348 7342 7344
f 7349 7346 7345
f 7350 7344 7351
f 7350 7351 7443
f 7350 7348 7344
f 7352 7346 7349
f 7352 7353 7354
f 7352 7354 7346
f 7331 7350 7443
f 7355 7353 7352
f 7356 7331 7443
f 7356 7443 7357
f 7358 7359 7353
f 7358 7353 7355
f 7329 7356 7357
f 7329 7357 7441
f 7360 7359 7358
f 7361 7359 7360
f 7362 7329 7441
f 7362 7363 7329
f 7364 7361 7360
f 7364 7360 7365
f 7439 7363 7362
f 7439 7366 7367
f 7439 7367 7363
f 7368 7365 7384
f 7368 7364 7365
f 7368 7384 7369
f 7370 7366 7439
f 7371 7368 7369
f 7372 7373 7374
f 7372 7374 7366
f 7372 7366 7370
f 7322 7369 7375
f 7322 7375 7376
f 7322 7371 7369
f 7377 7373 7372
f 7378 7322 7376
f 7327 7379 7388
f 7327 7388 7373
f 7327 7373 7377
f 7325 7376 7385
f 7325 7385 7380
f 7325 7378 7376
f 7381 7386 7379
f 7381 7379 7327
f 7382 7380 7386
f 7382 7325 7380
f 7326 7382 7386
f 7326 7386 7381
f 7355 7349 7427
f 7355 7427 7433
f 7360 7433 7383
f 7360 7355 7433
f 7384 7383 7434
f 7384 7360 7383
f 7375 7434 7428
f 7375 7384 7434
f 7385 7428 7422
f 7385 7375 7428
f 7386 7422 7387
f 7386 7385 7422
f 7408 7386 7387
f 7388 7386 7408
f 7328 7388 7408
f 7374 7388 7328
f 7330 7389 7442
f 7330 7442 7390
f 7391 7390 7444
f 7391 7330 7390
f 7392 7440 7389
f 7392 7389 7330
f 7332 7391 7444
f 7393 7440 7392
f 7394 7444 7395
f 7394 7395 7396
f 7394 7332 7444
f 7397 7398 7399
f 7397 7399 7440
f 7397 7440 7393
f 7400 7394 7396
f 7328 7398 7397
f 7401 7396 7402
f 7401 7402 7403
f 7401 7400 7396
f 7404 7398 7328
f 7404 7405 7406
f 7404 7406 7398
f 7407 7401 7403
f 7408 7405 7404
f 7409 7407 7403
f 7409 7403 7410
f 7411 7412 7405
f 7411 7405 7408
f 7413 7409 7410
f 7413 7410 7414
f 7387 7412 7411
f 7415 7412 7387
f 7416 7413 7414
f 7416 7417 7413
f 7418 7415 7387
f 7418 7387 7419
f 7420 7417 7416
f 7420 7421 7335
f 7420 7335 7417
f 7324 7419 7422
f 7324 7418 7419
f 7324 7422 7423
f 7424 7421 7420
f 7425 7324 7423
f 7319 7426 7427
f 7319 7427 7421
f 7319 7421 7424
f 7323 7423 7428
f 7323 7428 7429
f 7323 7425 7423
f 7430 7426 7319
f 7431 7323 7429
f 7320 7432 7433
f 7320 7433 7426
f 7320 7426 7430
f 7321 7429 7434
f 7321 7434 7435
f 7321 7431 7429
f 7436 7383 7432
f 7436 7432 7320
f 7437 7435 7383
f 7437 7321 7435
f 7438 7437 7383
f 7438 7383 7436
f 7439 7372 7398
f 7439 7398 7440
f 7441 7440 7442
f 7441 7439 7440
f 7443 7442 7444
f 7443 7441 7442
f 7344 7444 7396
f 7344 7443 7444
f 7340 7396 7403
f 7340 7344 7396
f 7414 7340 7403
f 7445 7340 7414
f 7446 7414 7420
f 7446 7445 7414
f 7346 7420 7319
f 7346 7446 7420
f 7447 7448 7449
f 7450 7451 7452
f 7450 7453 7451
f 7450 7454 7453
f 7455 7456 7457
f 7455 7457 7458
f 7455 7458 7459
f 7455 7459 7460
f 7461 7452 7455
f 7461 7460 7462
f 7461 7462 7450
f 7461 7450 7452
f 7461 7455 7460
f 7463 7464 7465
f 7466 7463 7465
f 7467 7466 7465
f 7468 7467 7465
f 7469 7470 7471
f 7472 7469 7471
f 7473 7472 7471
f 7465 7473 7468
f 7468 7473 7474
f 7474 7473 7471
f 7475 7476 7498
f 7477 7476 7475
f 7478 7477 7475
f 7479 7477 7478
f 7480 7479 7478
f 7481 7479 7480
f 7482 7481 7480
f 7483 7484 7481
f 7483 7481 7482
f 7485 7486 7484
f 7485 7484 7483
f 7487 7510 7488
f 7487 7488 7486
f 7487 7486 7485
f 7489 7490 7491
f 7489 7491 7492
f 7493 7489 7492
f 7494 7489 7493
f 7495 7494 7496
f 7495 7489 7494
f 7497 7496 7498
f 7497 7495 7496
f 7499 7498 7500
f 7499 7497 7498
f 7501 7499 7500
f 7502 7501 7500
f 7503 7501 7502
f 7504 7502 7482
f 7504 7503 7502
f 7505 7482 7506
f 7505 7504 7482
f 7507 7505 7506
f 7508 7507 7506
f 7509 7507 7508
f 7510 7509 7508
f 7511 7509 7510
f 7512 7511 7510
f 7513 7512 7514
f 7513 7511 7512
f 7515 7513 7514
f 7516 7515 7517
f 7516 7513 7515
f 7518 7519 7550
f 7520 7521 7519
f 7520 7519 7518
f 7522 7523 7521
f 7522 7521 7520
f 7524 7523 7522
f 7525 7526 7523
f 7525 7523 7524
f 7527 7528 7526
f 7527 7526 7525
f 7529 7530 7531
f 7529 7531 7528
f 7529 7528 7527
f 7532 7533 7530
f 7532 7530 7529
f 7534 7535 7533
f 7534 7533 7532
f 7536 7537 7535
f 7536 7535 7534
f 7538 7539 7537
f 7538 7537 7536
f 7540 7541 7539
f 7540 7539 7538
f 7542 7571 7541
f 7542 7541 7540
f 7543 7544 7545
f 7543 7545 7546
f 7543 7546 7547
f 7548 7549 7550
f 7548 7550 7551
f 7548 7547 7549
f 7548 7543 7547
f 7552 7548 7551
f 7553 7552 7551
f 7554 7552 7553
f 7555 7554 7553
f 7556 7554 7555
f 7557 7556 7555
f 7558 7557 7559
f 7558 7556 7557
f 7560 7558 7559
f 7561 7558 7560
f 7562 7561 7560
f 7563 7561 7562
f 7564 7563 7562
f 7565 7563 7564
f 7566 7565 7564
f 7567 7566 7568
f 7567 7565 7566
f 7569 7567 7568
f 7570 7569 7571
f 7572 7569 7570
f 7573 7572 7574
f 7573 7574 7575
f 7573 7575 7576
f 7573 7567 7569
f 7573 7569 7572
f 7577 7606 7605
f 7578 7579 7580
f 7581 7582 7583
f 7581 7583 7577
f 7581 7605 7584
f 7581 7577 7605
f 7585 7584 7586
f 7585 7586 7587
f 7585 7581 7584
f 7585 7582 7581
f 7588 7579 7589
f 7588 7587 7590
f 7588 7590 7580
f 7588 7585 7587
f 7588 7580 7579
f 7591 7592 7593
f 7591 7593 7582
f 7591 7582 7585
f 7594 7589 7595
f 7594 7595 7596
f 7594 7596 7592
f 7594 7591 7585
f 7594 7588 7589
f 7594 7585 7588
f 7594 7592 7591
f 7597 7598 7599
f 7600 7598 7597
f 7601 7602 7603
f 7604 7603 7605
f 7604 7601 7603
f 7606 7604 7605
f 7607 7597 7608
f 7607 7608 7609
f 7607 7600 7597
f 7610 7611 7600
f 7610 7607 7609
f 7610 7600 7607
f 7612 7601 7611
f 7612 7609 7602
f 7612 7611 7610
f 7612 7610 7609
f 7612 7602 7601
f 7627 7613 7614
f 7615 7627 7614
f 7616 7617 7618
f 7619 7620 7621
f 7619 7621 7615
f 7619 7614 7622
f 7619 7615 7614
f 7623 7624 7618
f 7623 7617 7625
f 7623 7625 7620
f 7623 7622 7626
f 7623 7626 7624
f 7623 7619 7622
f 7623 7620 7619
f 7623 7618 7617
f 7627 7628 7613
f 7629 7630 7631
f 7629 7631 7632
f 7629 7632 7633
f 7634 7633 7635
f 7634 7635 7636
f 7634 7629 7633
f 7637 7638 7639
f 7637 7639 7640
f 7637 7640 7641
f 7637 7641 7630
f 7637 7630 7629
f 7642 7643 7644
f 7642 7644 7638
f 7642 7634 7636
f 7642 7629 7634
f 7642 7638 7637
f 7642 7637 7629
f 7645 7627 7643
f 7645 7636 7646
f 7645 7646 7628
f 7645 7643 7642
f 7645 7642 7636
f 7645 7628 7627
f 7647 7648 7649
f 7647 7649 7650
f 7647 7650 7651
f 7652 7647 7651
f 7653 7647 7652
f 7654 7653 7652
f 7655 7653 7654
f 7656 7655 7654
f 7657 7655 7656
f 7658 7657 7656
f 7659 7658 7660
f 7659 7657 7658
f 7661 7660 7662
f 7661 7659 7660
f 7663 7661 7662
f 7664 7661 7663
f 7665 7664 7663
f 7666 7664 7665
f 7667 7666 7665
f 7668 7667 7669
f 7668 7666 7667
f 7670 7668 7669
f 7671 7670 7701
f 7672 7670 7671
f 7673 7672 7674
f 7673 7674 7675
f 7673 7675 7676
f 7673 7668 7670
f 7673 7670 7672
f 7677 7651 7678
f 7679 7680 7651
f 7679 7651 7677
f 7681 7682 7680
f 7681 7680 7679
f 7683 7684 7682
f 7683 7682 7681
f 7685 7686 7684
f 7685 7684 7683
f 7687 7688 7686
f 7687 7686 7685
f 7689 7690 7691
f 7689 7691 7688
f 7689 7688 7687
f 7692 7693 7690
f 7692 7690 7689
f 7694 7695 7693
f 7694 7693 7692
f 7696 7697 7695
f 7696 7695 7694
f 7698 7699 7697
f 7698 7697 7696
f 7700 7701 7699
f 7700 7699 7698
f 7702 7701 7700
f 7703 7704 7705
f 7703 7705 7706
f 7707 7703 7706
f 7708 7703 7707
f 7709 7708 7710
f 7709 7703 7708
f 7711 7710 7745
f 7711 7709 7710
f 7712 7745 7713
f 7712 7711 7745
f 7714 7712 7713
f 7715 7714 7713
f 7716 7714 7715
f 7717 7715 7738
f 7717 7716 7715
f 7718 7738 7719
f 7718 7717 7738
f 7720 7718 7719
f 7721 7720 7719
f 7722 7720 7721
f 7723 7722 7721
f 7724 7722 7723
f 7725 7724 7723
f 7726 7725 7727
f 7726 7724 7725
f 7728 7726 7727
f 7729 7728 7730
f 7729 7726 7728
f 7731 7732 7723
f 7733 7734 7732
f 7733 7732 7731
f 7735 7736 7734
f 7735 7734 7733
f 7737 7738 7736
f 7737 7736 7735
f 7739 7738 7737
f 7740 7739 7737
f 7741 7739 7740
f 7742 7741 7740
f 7743 7741 7742
f 7744 7743 7742
f 7745 7743 7744
