# PUBLIC SHELL OBJ - display only, not CAD source
# Precision intentionally degraded; multi-part structure removed
o shell
v -235.35 -37.43 61.531
v -230.717 -43.313 65.642
v -236.403 -43.345 55.108
v -238.446 -34.879 59.727
v -259.452 -36.662 49.48
v -254.566 -32.294 43.334
v -258.408 -34.855 43.336
v -261.015 -38.73 43.315
v -261.78 -43.343 43.316
v -260.236 -43.339 57.163
v -235.063 -34.844 65.648
v -243.538 -31.265 67.692
v -231.772 -37.437 66.909
v -226.885 -43.323 70.25
v -255.584 -33.57 56.669
v -233.294 -34.862 68.455
v -255.843 -37.418 65.897
v -255.64 -43.351 70.229
v -254.551 -34.846 63.852
v -231.215 -32.792 74.622
v -251.988 -34.847 69.748
v -223.574 -37.442 75.11
v -222.539 -43.331 74.089
v -225.072 -34.85 76.668
v -224.313 -31.267 86.918
v -248.423 -34.864 75.633
v -251.723 -37.405 74.11
v -248.429 -43.329 81.782
v -222.308 -34.889 78.435
v -218.14 -37.406 78.724
v -211.755 -43.32 79.481
v -240.96 -32.794 81.03
v -216.414 -34.89 81.51
v -237.915 -34.866 87.681
v -238.463 -37.455 89.714
v -238.7 -43.338 91.774
v -232.296 -34.881 91.772
v -230.734 -37.429 95.116
v -226.88 -43.32 98.966
v -226.665 -34.888 95.1
v -220.496 -34.877 97.928
v -222.523 -37.424 99.222
v -213.802 -43.317 103.582
v -213.326 -33.601 98.693
v -206.119 -36.658 102.809
v -199.955 -43.316 105.122
v -199.947 -38.695 104.357
v -200.007 -34.891 101.763
v -200.001 -32.324 97.92
v -247.118 -31.515 53.34
v -249.988 -31.294 43.316
v -241.482 -34.851 43.339
v -245.342 -32.297 43.331
v -246.884 -31.274 58.712
v -215.387 -31.301 90.227
v -209.972 -31.535 90.499
v -199.958 -31.268 93.327
v -199.94 -32.281 88.722
v -199.981 -34.873 84.856
v -239.712 -35.637 53.581
v -238.182 -43.334 43.322
v -238.929 -38.704 43.333
v -210.238 -35.644 83.06
v -200.003 -38.734 82.281
v -199.988 -43.338 81.519
v -241.988 -61.766 20.781
v -244.319 -62.038 22.564
v -244.085 -62.823 21.784
v -238.438 -56.41 16.916
v -238.976 -58.734 17.673
v -238.423 -57.168 16.154
v -245.361 -54.102 43.322
v -249.988 -55.137 43.316
v -249.988 -55.65 37.932
v -249.964 -35.636 22.561
v -245.376 -40.781 15.113
v -247.428 -40.526 14.344
v -249.94 -41.002 13.088
v -238.188 -48.979 22.553
v -238.193 -51.803 18.192
v -238.135 -50.224 18.477
v -238.412 -48.956 18.467
v -239.222 -46.165 17.934
v -241.75 -59.728 22.566
v -245.605 -61.272 24.357
v -244.821 -61.518 23.595
v -240.51 -58.732 21.007
v -240.507 -60.524 19.471
v -240.475 -58.45 21.794
v -240.232 -57.947 21.787
v -241.754 -57.936 24.359
v -242.512 -57.928 25.39
v -248.191 -60.262 26.653
v -246.376 -60.761 25.381
v -239.422 -56.893 20.526
v -238.401 -55.614 17.447
v -238.174 -54.866 17.689
v -243.537 -57.158 28.467
v -249.948 -57.16 32.568
v -249.959 -59.731 27.948
v -239.989 -55.905 23.575
v -240.211 -55.881 24.362
v -240.705 -56.125 25.396
v -239.196 -55.119 21.793
v -238.163 -53.32 18.207
v -238.161 -52.549 18.208
v -238.183 -52.308 18.197
v -241.498 -54.859 29.23
v -244.091 -54.624 35.112
v -241.506 -53.327 33.071
v -239.732 -51.547 29.985
v -238.198 -44.627 32.803
v -241.526 -52.315 36.138
v -241.509 -51.79 38.454
v -241.531 -51.55 43.314
v -239.704 -42.554 22.308
v -239.999 -44.632 17.674
v -241.027 -43.095 17.16
v -242.3 -42.064 16.651
v -238.977 -43.096 25.107
v -239.234 -42.327 24.85
v -238.961 -47.956 38.446
v -238.182 -43.334 43.322
v -238.963 -47.701 43.316
v -241.766 -38.972 23.584
v -243.782 -41.255 15.91
v -241.513 -37.693 27.171
v -238.917 -39.208 37.443
v -241.482 -34.851 43.339
v -238.929 -38.704 43.333
v -241.507 -36.151 32.045
v -244.103 -35.148 28.697
v -249.996 -32.581 32.544
v -241.533 -35.399 35.878
v -245.597 -32.553 38.205
v -249.988 -31.294 43.316
v -245.342 -32.297 43.331
v -238.193 -47.444 27.678
v 249.955 -55.641 37.938
v 249.947 -55.133 43.318
v 245.315 -54.12 43.31
v 242.023 -61.782 20.769
v 244.103 -62.788 21.809
v 244.361 -62.017 22.579
v 238.423 -57.175 16.149
v 239.196 -58.967 17.945
v 238.441 -56.393 17.184
v 246.411 -40.482 14.887
v 245.085 -40.77 15.378
v 249.973 -35.63 22.565
v 248.177 -40.503 14.104
v 249.974 -41.013 13.08
v 238.145 -48.986 22.548
v 239.207 -46.141 17.951
v 238.459 -48.946 18.475
v 238.155 -50.261 18.451
v 238.195 -51.772 18.214
v 241.489 -51.799 38.448
v 241.504 -51.532 43.327
v 244.1 -54.586 35.139
v 249.962 -57.174 32.558
v 241.49 -52.311 36.141
v 238.949 -47.936 38.46
v 238.922 -47.699 43.318
v 238.177 -43.324 43.33
v 238.187 -44.599 32.823
v 241.534 -53.305 33.087
v 243.53 -57.189 28.445
v 248.195 -60.231 26.675
v 249.985 -59.721 27.955
v 241.54 -54.839 29.244
v 239.697 -51.541 29.989
v 238.913 -39.245 37.417
v 238.955 -38.703 43.334
v 241.509 -34.864 43.329
v 242.548 -57.929 25.39
v 245.622 -61.263 24.363
v 246.346 -60.781 25.366
v 240.77 -56.122 25.398
v 241.469 -35.405 35.874
v 241.754 -57.945 24.352
v 240.242 -55.876 24.365
v 239.981 -55.88 23.594
v 245.612 -32.556 38.203
v 245.384 -32.28 43.344
v 249.966 -31.277 43.328
v 249.96 -32.563 32.557
v 241.473 -36.171 32.031
v 241.754 -59.74 22.557
v 244.828 -61.537 23.582
v 240.197 -57.959 21.779
v 240.488 -58.447 21.796
v 239.167 -55.142 21.777
v 238.152 -52.315 18.192
v 238.166 -52.561 18.2
v 238.161 -53.333 18.197
v 238.174 -54.863 17.691
v 240.448 -58.732 21.007
v 240.462 -60.517 19.476
v 239.215 -42.289 24.877
v 238.935 -43.075 25.121
v 239.486 -56.893 20.526
v 241.491 -37.697 27.169
v 244.033 -35.148 28.696
v 239.737 -42.539 22.318
v 242.295 -42.031 16.675
v 240.976 -43.082 17.169
v 239.934 -44.632 17.674
v 241.748 -38.978 23.58
v 243.828 -41.266 15.903
v 238.166 -47.434 27.685
v 218.193 -37.418 78.716
v 222.513 -43.341 74.082
v 211.754 -43.335 79.471
v 216.412 -34.845 81.543
v 206.095 -36.683 102.791
v 200.004 -32.281 97.951
v 199.95 -34.883 101.769
v 199.967 -38.716 104.342
v 199.999 -43.309 105.127
v 213.846 -43.307 103.59
v 222.243 -34.89 78.434
v 224.345 -31.266 86.92
v 223.587 -37.411 75.132
v 226.923 -43.305 70.263
v 213.311 -33.58 98.708
v 225.131 -34.843 76.673
v 222.526 -37.436 99.213
v 226.868 -43.344 98.949
v 220.448 -34.89 97.918
v 231.237 -32.825 74.598
v 226.603 -34.889 95.099
v 231.73 -37.453 66.898
v 230.736 -43.328 65.631
v 233.289 -34.875 68.446
v 243.524 -31.3 67.667
v 232.247 -34.887 91.768
v 230.74 -37.429 95.116
v 238.688 -43.325 91.784
v 235.067 -34.887 65.618
v 235.34 -37.439 61.524
v 236.389 -43.319 55.127
v 237.917 -34.866 87.681
v 238.431 -37.429 89.732
v 248.397 -43.349 81.768
v 241.013 -32.801 81.025
v 238.458 -34.846 59.75
v 248.44 -34.857 75.637
v 251.728 -37.453 74.076
v 255.569 -43.353 70.228
v 252.035 -34.854 69.743
v 254.581 -34.866 63.838
v 255.881 -37.417 65.898
v 260.225 -43.324 57.174
v 255.611 -33.581 56.662
v 259.445 -36.665 49.477
v 261.786 -43.308 43.341
v 261.021 -38.69 43.343
v 258.409 -34.878 43.319
v 254.616 -32.278 43.345
v 209.937 -31.558 90.483
v 199.987 -34.856 84.868
v 199.952 -32.317 88.696
v 200.005 -31.255 93.337
v 215.386 -31.256 90.26
v 246.852 -31.303 58.691
v 247.167 -31.519 53.337
v 249.966 -31.277 43.328
v 245.384 -32.28 43.344
v 241.509 -34.864 43.329
v 210.204 -35.652 83.054
v 199.977 -43.324 81.529
v 199.97 -38.714 82.295
v 239.719 -35.63 53.586
v 238.955 -38.703 43.334
v 238.177 -43.324 43.33
v -50.023 -28.479 87.152
v -49.97 -27.416 93.332
v -110 -31.288 93.313
v -109.984 -32.303 88.706
v -49.994 -32.047 82.039
v -109.954 -34.845 84.875
v -49.997 -37.177 78.705
v -110.018 -38.736 82.28
v -50.013 -43.341 77.415
v -110.02 -43.352 81.509
v -49.969 -49.207 78.719
v -109.962 -47.669 82.308
v -49.98 -54.342 82.046
v -110.011 -51.55 84.847
v -49.987 -57.937 87.17
v -109.976 -54.089 88.71
v -49.983 -59.216 93.325
v -109.97 -55.111 93.327
v -200.003 -38.734 82.281
v -199.988 -43.338 81.519
v -110.02 -43.352 81.509
v -110.018 -38.736 82.28
v -199.981 -34.873 84.856
v -109.954 -34.845 84.875
v -199.94 -32.281 88.722
v -109.984 -32.303 88.706
v -199.958 -31.268 93.327
v -110 -31.288 93.313
v -200.001 -32.324 97.92
v -110.016 -32.325 97.919
v -200.007 -34.891 101.763
v -110.012 -34.886 101.767
v -199.947 -38.695 104.357
v -109.995 -38.719 104.339
v -199.955 -43.316 105.122
v -110.005 -43.341 105.104
v -203.315 -33.079 -33.59
v -189.213 -15.901 -56.15
v -187.635 -19.719 -56.643
v -187.645 -23.828 -58.186
v -188.955 -27.437 -60.508
v -213.334 -29.761 -19.5
v -206.923 -38.989 -38.471
v -191.483 -29.719 -63.054
v -194.869 -30.782 -65.644
v -213.847 -39.503 -43.086
v -198.698 -30.001 -67.687
v -201.768 -27.689 -68.965
v -204.364 -24.636 -69.494
v -242.798 -48.206 -9.748
v -219.177 -42.029 -9.218
v -230.446 -39.457 6.94
v -229.447 -48.962 -18.455
v -235.865 -53.07 14.869
v -238.423 -57.168 16.154
v -238.461 -56.682 16.648
v -238.398 -56.125 17.192
v -238.423 -55.373 17.436
v -238.174 -54.866 17.689
v -238.168 -54.093 17.948
v -238.163 -53.32 18.207
v -238.173 -52.558 18.202
v -238.193 -51.803 18.192
v -238.135 -50.224 18.477
v -238.412 -48.956 18.467
v -237.69 -58.475 8.701
v -243.824 -58.718 2.814
v -248.71 -52.319 -1.295
v -253.531 -57.155 3.857
v -246.886 -65.117 24.613
v -248.191 -60.262 26.653
v -247.134 -60.496 26.156
v -246.376 -60.761 25.381
v -245.636 -61.038 24.341
v -244.821 -61.518 23.595
v -244.319 -62.038 22.564
v -244.085 -62.823 21.784
v -247.129 -68.697 16.929
v -252.036 -67.953 10.245
v -260.769 -65.913 9.212
v -265.876 -87.435 37.679
v -267.385 -78.441 38.463
v -260.192 -81.507 32.574
v -267.166 -92.824 31.266
v -260.507 -85.65 25.366
v -319.454 -119.991 118.439
v -328.426 -129.22 129.208
v -327.649 -125.625 131.006
v -328.415 -121.778 132.033
v -329.455 -119.48 132.283
v -330.966 -117.154 132.039
v -321.783 -126.928 114.327
v -333.272 -133.817 124.349
v -330.228 -132.301 126.897
v -328.175 -129.224 109.208
v -343.305 -130.252 119.205
v -339.955 -132.804 120.239
v -336.584 -134.059 122.052
v -206.123 -34.609 -29.482
v -207.409 -35.381 -27.433
v -216.64 -40.509 -13.333
v -215.081 -39.982 -15.117
v -222.047 -43.859 -4.628
v -222.497 -48.173 -13.826
v -223.557 -44.608 -2.05
v -232.561 -46.168 11.778
v -239.222 -46.165 17.934
v -231.735 -50.486 -14.856
v -233.017 -51 -13.062
v -233.036 -50.756 11.797
v -231.783 -49.751 9.988
v -240.233 -55.897 -1.8
v -241.523 -56.671 -0.009
v -262.779 -75.884 12.821
v -255.601 -77.166 16.923
v -267.631 -89.201 39.75
v -274.57 -84.599 46.407
v -268.712 -90.009 41.004
v -266.377 -78.197 13.843
v -273.54 -82.288 17.183
v -265.622 -85.641 18.707
v -266.093 -89.971 24.367
v -272.798 -93.331 25.117
v -273.02 -88.436 20.263
v -273.318 -98.208 38.701
v -276.354 -89.719 21.801
v -282.281 -91.535 25.887
v -277.163 -97.182 30.241
v -279.436 -98.952 32.822
v -282.774 -95.623 29.23
v -291.761 -98.452 38.709
v -282.817 -97.447 31.26
v -320.986 -124.858 98.189
v -313.559 -112.045 73.06
v -314.068 -122.553 94.854
v -317.621 -122.528 92.565
v -316.601 -124.07 101.278
v -209.966 -35.12 -22.815
v -211.745 -39.98 -22.807
v -211.247 -34.863 -20.251
v -210.244 -41.032 -34.876
v -212.535 -36.662 -18.716
v -211.995 -41.77 -33.059
v -217.652 -44.859 -28.453
v -219.687 -46.642 -20.753
v -220.744 -47.177 -18.462
v -226.371 -44.604 3.08
v -227.936 -49.237 2.298
v -227.881 -44.584 5.402
v -225.902 -50.018 -6.94
v -229.428 -44.846 7.705
v -227.393 -50.498 -1.533
v -227.678 -51.03 -3.341
v -230.241 -52.825 -1.547
v -234.322 -53.836 -5.382
v -233.02 -54.591 0.269
v -233.562 -54.611 -1.797
v -236.913 -52.06 -10.01
v -234.573 -55.626 3.338
v -238.978 -52.326 -8.479
v -248.953 -71.025 19.734
v -249.744 -72.066 21.005
v -251.504 -72.042 26.406
v -256.371 -80.755 24.87
v -255.858 -77.679 28.972
v -253.797 -75.621 27.182
v -257.689 -82.576 25.108
v -271.269 -92.056 44.34
v -272.554 -92.827 46.133
v -276.401 -100.006 42.8
v -275.869 -92.302 51.526
v -275.061 -95.351 49.238
v -280.208 -99.979 55.894
v -281.987 -93.559 60.261
v -295.308 -96.629 77.955
v -282.537 -101.277 37.424
v -284.042 -102.279 39.492
v -286.643 -98.203 67.931
v -285.627 -101.286 65.619
v -286.914 -106.417 59.464
v -288.411 -102.03 70.252
v -289.467 -105.64 48.188
v -285.066 -104.585 46.159
v -289.21 -106.153 68.442
v -291.512 -107.431 53.062
v -295.581 -110.74 63.078
v -290.755 -105.901 72.797
v -294.082 -106.153 50.496
v -292.771 -108.44 74.096
v -297.679 -112.825 76.642
v -293.774 -105.348 78.979
v -297.927 -106.409 85.619
v -297.121 -108.947 83.074
v -300.495 -108.207 57.672
v -304.809 -112.534 67.437
v -305.12 -111.034 96.636
v -304.303 -115.615 90.763
v -305.615 -115.38 73.828
v -302.251 -113.82 70.254
v -304.555 -116.638 79.229
v -310.216 -120.498 91.524
v -311.491 -119.468 84.606
v -312.523 -120.498 103.83
v -316.594 -122.784 110.255
v -318.417 -124.341 111.78
v -207.417 -38.463 -32.052
v -207.95 -38.734 -30.78
v -208.725 -39.25 -30.014
v -214.046 -43.052 -25.368
v -216.661 -43.857 -17.702
v -217.129 -44.082 -16.654
v -217.692 -44.63 -15.654
v -228.658 -51.255 -11.01
v -229.196 -51.53 -10.254
v -232.307 -53.348 6.906
v -233.055 -53.846 7.686
v -251.011 -65.902 28.448
v -251.532 -59.242 28.443
v -249.959 -59.731 27.948
v -248.909 -59.97 27.447
v -253.832 -67.441 30.241
v -259.991 -69.753 33.315
v -255.105 -71.281 30.759
v -254.612 -72.833 29.724
v -256.114 -73.064 31.28
v -257.127 -73.824 32.055
v -255.873 -74.613 30.759
v -249.706 -70.245 14.358
v -253.846 -77.193 22.031
v -260.972 -84.848 21.288
v -279.93 -102.528 48.47
v -281.767 -103.584 51.269
v -283.562 -104.609 53.832
v -290.757 -101.544 74.334
v -292.04 -101.289 76.128
v -292.494 -102.529 77.184
v -291.739 -109.461 65.639
v -293.585 -110.523 68.69
v -296.379 -112.043 68.96
v -296.866 -112.538 72.049
v -297.151 -112.557 73.573
v -299.922 -113.805 81.545
v -301.247 -114.348 84.6
v -305.888 -117.956 85.612
v -308.447 -117.952 80.744
v -305.603 -116.141 93.318
v -306.392 -116.668 94.59
v -307.66 -118.709 85.367
v -307.424 -118.723 87.665
v -311.241 -115.883 76.398
v -308.45 -117.954 97.663
v -312.787 -116.658 78.446
v -322.792 -127.943 110.233
v -261.739 -81.001 16.418
v -219.741 -24.631 -41.034
v -204.038 -15.357 -65.614
v -202.811 -13.345 -64.103
v -227.139 -30.503 -31.273
v -219.234 -23.61 -40.268
v -200.759 -12.062 -62.308
v -215.377 -21.294 -36.929
v -198.684 -11.533 -60.758
v -196.113 -12.04 -59.216
v -210.742 -22.05 -34.099
v -193.804 -13.064 -58.189
v -191.777 -15.133 -57.432
v -205.901 -26.942 -33.089
v -190.221 -17.427 -57.424
v -189.228 -20.014 -57.952
v -189.239 -22.585 -58.727
v -189.689 -24.848 -59.977
v -228.975 -45.401 2.804
v -222.554 -35.138 -8.727
v -249.716 -45.383 1.791
v -249.973 -47.178 1.791
v -243.824 -41.798 -6.672
v -252.045 -47.706 4.6
v -257.178 -55.401 8.7
v -251.982 -46.636 5.401
v -249.477 -44.113 2.552
v -247.632 -40.489 6.422
v -250.704 -43.05 9.501
v -246.912 -42.318 13.576
v -243.546 -39.731 10.26
v -241.216 -45.1 16.168
v -235.081 -48.958 11.8
v -242.242 -54.842 19.5
v -237.895 -42.8 12.573
v -273.806 -78.449 18.973
v -273.549 -80.5 19.23
v -266.645 -69.744 14.606
v -274.55 -77.406 19.754
v -269.695 -72.802 33.591
v -261.499 -74.347 32.305
v -266.384 -78.971 35.887
v -334.04 -111.511 112.044
v -337.631 -115.102 128.707
v -339.96 -115.374 127.158
v -221.986 -24.844 -34.081
v -218.723 -22.842 -34.116
v -220.246 -23.601 -32.57
v -229.963 -29.479 -18.456
v -228.657 -28.694 -20.752
v -216.392 -28.21 -21.029
v -238.93 -35.629 -10.25
v -232.248 -31.002 -13.574
v -235.871 -32.82 -10.258
v -237.439 -33.867 -8.479
v -225.364 -36.413 -4.364
v -244.872 -38.736 1.265
v -226.92 -36.938 -2.322
v -245.874 -39.233 3.071
v -255.074 -48.698 9.239
v -235.585 -41.516 9.754
v -232.507 -43.567 8.216
v -234.571 -40.756 8.466
v -247.641 -47.674 19.749
v -265.578 -62.281 15.652
v -262.501 -56.127 17.703
v -254.312 -51.267 22.054
v -255.107 -57.694 26.656
v -260.24 -55.391 22.807
v -264.798 -59.453 17.964
v -266.148 -61.039 17.93
v -245.869 -52.048 21.789
v -251.001 -49.488 21.017
v -248.182 -55.897 24.094
v -251.726 -64.326 26.68
v -269.158 -64.582 21.553
v -272.492 -69.966 20.783
v -273.543 -71.266 21.54
v -275.884 -73.853 23.574
v -265.37 -64.365 28.447
v -279.212 -81.797 23.833
v -281.239 -90.241 27.178
v -278.645 -77.658 24.629
v -274.314 -71.78 28.718
v -279.932 -79.712 25.396
v -280.755 -78.212 32.803
v -275.055 -77.401 36.935
v -274.81 -84.587 43.595
v -286.635 -83.071 38.452
v -286.874 -85.11 33.846
v -283.787 -81.001 35.646
v -286.849 -83.81 45.395
v -292.783 -87.426 45.633
v -328.939 -108.454 104.852
v -326.391 -106.927 100.998
v -312.755 -101.765 93.844
v -327.93 -108.466 99.46
v -330.961 -110.997 102.303
v -336.366 -127.933 114.342
v -341.012 -130.005 120.736
v -338.912 -131.509 121.529
v -336.636 -132.3 122.539
v -225.595 -27.166 -28.194
v -222.816 -25.656 -25.138
v -215.576 -23.562 -28.953
v -218.198 -24.628 -26.418
v -219.695 -24.856 -25.885
v -222.507 -26.388 -22.035
v -222.505 -26.899 -20.496
v -225.067 -27.411 -19.726
v -223.029 -27.421 -19.22
v -224.568 -28.446 -16.144
v -227.657 -31.019 -10.51
v -230.002 -32.071 -6.939
v -233.298 -32.557 -6.408
v -242.513 -37.675 -4.606
v -239.479 -35.141 -2.32
v -230.986 -32.811 -5.38
v -232.031 -33.081 -4.364
v -234.557 -33.311 -3.576
v -232.791 -34.357 -1.284
v -238.918 -35.364 1.037
v -235.595 -34.858 0.519
v -232.51 -35.108 0.011
v -231.731 -36.896 2.323
v -238.685 -35.892 2.564
v -240.199 -36.901 5.14
v -229.427 -40.744 3.347
v -253.051 -45.641 13.583
v -250.999 -45.128 15.635
v -254.353 -47.193 15.624
v -255.833 -48.435 15.91
v -254.608 -48.218 17.932
v -258.189 -51.033 16.654
v -259.221 -53.088 20.24
v -268.938 -66.658 17.433
v -257.435 -61.811 28.44
v -258.415 -63.83 29.232
v -259.455 -67.429 30.507
v -263.261 -68.94 31.552
v -285.12 -87.702 29.98
v -285.86 -90.502 31.276
v -286.904 -95.899 35.113
v -287.902 -90.495 33.589
v -290.206 -89.468 37.436
v -291.992 -91.513 39.491
v -278.201 -79.501 39.464
v -282.043 -80.78 40.235
v -279.442 -80.497 41.023
v -294.338 -92.822 43.061
v -298.923 -94.595 50.254
v -280.997 -81.278 42.04
v -282.758 -82.024 43.082
v -280.74 -82.816 45.117
v -286.918 -89.756 58.949
v -289.184 -85.368 50.252
v -301.977 -102.271 56.418
v -303.042 -108.964 64.603
v -294.063 -87.681 51.787
v -290.21 -86.394 52.816
v -303.028 -99.469 56.918
v -302.519 -93.831 59.224
v -294.557 -88.181 55.129
v -297.378 -89.719 56.411
v -305.098 -102.045 60.242
v -295.316 -88.943 59.749
v -306.852 -99.197 63.082
v -308.658 -102.025 65.128
v -299.168 -90.742 63.591
v -297.153 -90.767 65.624
v -306.64 -95.127 70.751
v -310.748 -102.053 68.697
v -310.724 -106.138 68.966
v -314.537 -102.013 76.161
v -313.51 -109.447 74.366
v -314.588 -107.176 74.597
v -302.249 -94.334 74.87
v -311.973 -98.167 80.262
v -314.825 -99.984 85.118
v -319.192 -102.554 89.728
v -322.014 -108.964 86.138
v -317.918 -102.303 85.11
v -321.742 -104.083 93.581
v -334.059 -116.652 104.343
v -336.652 -116.929 108.43
v -335.104 -122.306 107.41
v -337.404 -123.071 110.746
v -339.973 -123.074 114.076
v -341.455 -125.855 117.181
v -344.32 -125.373 120.492
v -343.027 -127.929 120.241
v -210.216 -24.604 -30.503
v -258.664 -52.544 12.315
v -269.227 -69.501 31.004
v -283.789 -82.284 30.774
v -290.719 -87.674 57.433
v -306.655 -106.161 64.078
v -304.082 -94.105 63.057
v -308.644 -97.913 67.698
v -317.133 -104.343 79.477
v -325.349 -121.785 97.93
v -337.886 -116.64 111.018
v -338.382 -116.628 112.564
v -340.22 -116.915 116.132
v -342.032 -116.158 125.353
v -343.568 -117.694 123.816
v -342.793 -119.997 118.435
v -344.579 -119.992 122.285
v -344.83 -122.808 121.006
v -271.222 -67.411 24.623
v -272.783 -69.478 24.612
v -272.298 -68.728 26.136
v -272.534 -69.227 26.659
v -324.548 -115.866 91.281
v -329.196 -115.632 96.904
v -326.89 -113.326 93.314
v -330.231 -116.921 98.694
v -330.438 -119.707 100.513
v -330.22 -114.093 98.443
v -331.472 -116.892 100.509
v -325.318 -107.918 93.075
v 223.536 -46.676 -13.856
v 228.708 -45.363 2.831
v 211.736 -36.939 -24.627
v 236.097 -38.473 -18.984
v 234.825 -35.646 -20.26
v 248.196 -45.361 -0.5
v 238.178 -56.142 10.258
v 242.784 -55.379 19.996
v 234.595 -48.702 11.03
v 247.921 -66.396 20.257
v 251.723 -64.376 26.901
v 250.486 -67.421 13.848
v 242.55 -57.67 5.137
v 267.406 -87.419 36.153
v 264.061 -76.916 34.095
v 261.275 -82.02 30.267
v 272.293 -83.049 41.032
v 268.649 -91.548 31.005
v 262.78 -84.606 24.097
v 266.379 -84.087 20
v 272.494 -91.804 26.903
v 323.28 -114.092 118.185
v 329.945 -122.297 131.003
v 330.975 -120.243 131.005
v 332.265 -118.442 131.009
v 333.808 -116.901 130.499
v 335.602 -115.876 129.729
v 336.592 -115.388 129.199
v 337.669 -115.095 128.712
v 297.664 -94.593 73.586
v 320.96 -120.51 117.153
v 329.983 -128.167 128.715
v 329.407 -126.417 129.708
v 329.442 -124.341 130.495
v 322.511 -125.117 114.339
v 336.644 -132.272 122.559
v 334.31 -132.034 124.34
v 332.297 -131.239 126.154
v 330.721 -129.727 127.417
v 212.305 -24.337 -55.363
v 204.063 -15.39 -65.637
v 218.681 -33.59 -43.843
v 211.001 -38.965 -35.633
v 208.956 -37.68 -39.22
v 214.604 -37.161 -42.805
v 212.017 -39.742 -33.844
v 220.709 -44.886 -18.73
v 219.425 -44.119 -21.295
v 226.153 -47.921 -9.471
v 227.112 -48.736 -7.453
v 235.117 -39.98 -20.243
v 233.531 -44.115 -19.498
v 237.908 -46.153 -13.079
v 234.322 -53.072 4.869
v 235.629 -54.081 6.676
v 239.983 -47.162 -9.991
v 246.601 -53.091 0.497
v 247.125 -55.391 2.554
v 248.453 -50.744 0.526
v 255.121 -52.793 6.936
v 255.345 -59.482 7.945
v 262.514 -63.078 12.299
v 254.557 -65.904 10.5
v 260.998 -71.01 13.079
v 264.294 -73.855 14.343
v 257.924 -75.622 16.414
v 264.595 -86.899 30.261
v 266.617 -76.408 15.633
v 273.83 -80.486 19.239
v 271.483 -81.027 18.194
v 272.039 -90.482 42.058
v 272.017 -86.908 21.794
v 272.503 -85.132 20.498
v 273.027 -86.919 21.786
v 274.029 -91.807 45.104
v 283.833 -88.431 55.134
v 275.894 -88.168 23.348
v 281.234 -90.25 27.171
v 276.39 -95.102 30.774
v 276.383 -97.671 42.308
v 278.41 -96.662 32.809
v 281 -94.08 30.003
v 288.394 -97.441 37.93
v 280.714 -95.639 31.782
v 317.39 -122.292 104.087
v 314.819 -120.759 98.956
v 316.892 -121.769 97.172
v 315.351 -119.463 106.401
v 312.793 -118.69 101.019
v 323.277 -125.375 105.621
v 312.041 -115.602 80.518
v 204.06 -27.442 -64.101
v 199.989 -27.164 -67.418
v 202.021 -25.383 -68.197
v 203.562 -22.817 -68.195
v 202.786 -28.718 -63.584
v 205.133 -28.434 -61.769
v 206.146 -27.417 -62.032
v 206.872 -26.166 -62.054
v 213.013 -35.148 -47.19
v 214.621 -31.509 -49.975
v 212.257 -34.113 -49.491
v 214.094 -40.749 -26.652
v 217.66 -42.56 -28.715
v 217.383 -38.728 -38.98
v 218.704 -39.47 -37.166
v 225.356 -38.967 -32.558
v 223.529 -44.886 -23.601
v 226.649 -45.881 -21.016
v 225.889 -44.337 -24.6
v 227.369 -46.428 -20.015
v 229.224 -47.155 -17.677
v 229.472 -43.572 -23.834
v 227.415 -43.064 -25.889
v 228.447 -41.521 -26.911
v 230.77 -41.253 -24.852
v 231.52 -48.958 -13.325
v 229.719 -49.219 0.26
v 232.303 -51.769 -2.55
v 232.519 -49.746 -11.287
v 232.499 -50.529 -8.477
v 235.367 -50.495 -8.709
v 237.163 -49.725 -9.478
v 236.347 -51.04 -7.194
v 235.573 -53.094 -1.3
v 236.63 -52.303 -4.36
v 238.204 -50.996 -6.649
v 241.219 -51.039 -5.142
v 237.417 -53.828 -0.762
v 239.178 -54.878 1.272
v 245.334 -48.466 -3.597
v 250.725 -69.997 21.531
v 252.263 -71.791 22.044
v 252.789 -64.091 9.744
v 252.248 -71.546 18.19
v 255.119 -75.356 24.882
v 259.988 -81.51 23.342
v 258.441 -79.978 23.082
v 277.631 -93.336 50.495
v 279.974 -99.721 48.461
v 279.473 -94.072 53.338
v 282.496 -93.084 57.413
v 280.752 -95.356 54.875
v 283.027 -97.942 58.448
v 280.967 -98.974 37.164
v 281.233 -100.506 42.297
v 282.296 -99.967 39.239
v 287.368 -93.083 63.054
v 283.806 -101.268 42.302
v 284.074 -102.542 47.691
v 289.195 -95.625 67.172
v 286.87 -97.944 64.856
v 285.365 -102.536 58.463
v 286.631 -103.316 47.431
v 288.967 -97.912 67.955
v 288.959 -105.096 53.595
v 293.53 -108.203 65.623
v 289.171 -101.794 67.673
v 291.223 -104.87 51.266
v 291.721 -101.547 72.025
v 293.513 -103.857 74.843
v 297.882 -108.72 79.976
v 296.091 -101.027 78.183
v 300.701 -101.799 84.334
v 305.622 -110.225 93.332
v 297.928 -108.176 61.027
v 299.153 -104.113 83.304
v 300.463 -112.297 75.37
v 303.769 -114.367 79.971
v 306.611 -115.891 87.161
v 303.564 -113.819 84.868
v 309.205 -116.125 96.406
v 309.423 -117.69 91.003
v 318.163 -116.649 113.062
v 195.13 -29.719 -58.951
v 189.688 -24.888 -60.006
v 190.969 -26.94 -61.545
v 192.815 -28.186 -63.314
v 195.132 -28.692 -64.847
v 197.686 -29.468 -63.827
v 197.422 -28.448 -66.394
v 198.411 -31.037 -58.465
v 206.401 -32.802 -54.854
v 197.169 -30.753 -57.676
v 201.229 -33.09 -51.544
v 206.356 -20.784 -64.619
v 204.344 -20.244 -67.676
v 204.573 -17.956 -66.921
v 209.231 -28.18 -58.182
v 210.475 -29.232 -56.15
v 211.781 -29.985 -54.087
v 210.496 -36.909 -44.603
v 221.751 -41.798 -31.284
v 258.959 -76.642 30.006
v 255.612 -69.985 13.079
v 255.872 -76.136 20.515
v 256.151 -72.018 14.63
v 282.557 -101.246 53.342
v 293.799 -97.426 73.577
v 291.467 -105.391 69.206
v 296.101 -108.711 75.368
v 300.502 -109.194 84.619
v 306.632 -114.594 92.555
v 206.609 -34.631 -50.777
v 264.051 -74.616 35.885
v 257.126 -56.671 28.192
v 254.592 -57.932 28.976
v 251.505 -59.221 28.458
v 222.011 -26.157 -43.332
v 204.355 -24.595 -69.465
v 205.893 -20.749 -68.953
v 206.132 -16.916 -67.679
v 205.101 -13.33 -65.631
v 227.395 -38.719 -33.846
v 218.459 -20.234 -38.442
v 202.817 -11.007 -63.056
v 199.697 -9.755 -60.514
v 211.534 -19.723 -33.829
v 196.122 -10.002 -58.456
v 192.778 -11.804 -56.923
v 190.729 -13.597 -56.409
v 189.188 -15.907 -56.154
v 210.729 -28.208 -23.592
v 237.929 -35.883 -18.965
v 243.846 -48.687 -8.187
v 253.836 -46.899 3.858
v 254.581 -44.095 10.769
v 255.317 -45.144 9.983
v 255.851 -45.899 9.737
v 256.134 -46.393 9.237
v 256.411 -46.891 8.991
v 256.632 -47.685 8.461
v 256.667 -48.173 7.965
v 256.628 -48.713 7.433
v 251.749 -41.54 9.993
v 249.974 -41.013 13.08
v 252.538 -42.295 11.798
v 253.055 -42.805 11.544
v 253.591 -43.045 11.299
v 263.796 -57.95 12.299
v 261.514 -53.318 12.056
v 261.536 -52.789 12.836
v 261.497 -52.56 13.329
v 261.529 -52.281 14.114
v 261.762 -52.042 14.872
v 266.135 -73.054 12.572
v 256.39 -60.237 6.417
v 263.517 -54.377 19.723
v 261.747 -52.052 16.402
v 261.787 -52.024 18.217
v 261.735 -52.317 18.96
v 261.795 -52.275 19.759
v 261.502 -52.813 21.279
v 260.736 -53.836 24.101
v 259.481 -55.099 26.422
v 277.148 -74.857 20.257
v 274.554 -83.338 17.935
v 276.604 -70.777 27.42
v 271.497 -71.018 34.096
v 338.143 -117.43 107.157
v 346.079 -118.72 121.764
v 346.59 -121.285 120.482
v 346.357 -124.089 119.468
v 345.627 -126.369 119.231
v 344.563 -128.447 118.956
v 343.265 -130.253 119.204
v 335.836 -110.508 111.515
v 341.509 -113.561 126.658
v 344.295 -115.636 124.077
v 329.423 -108.459 116.385
v 330.965 -117.173 132.026
v 334.286 -114.618 130.994
v 337.87 -113.34 129.197
v 224.326 -27.689 -39.482
v 225.577 -28.48 -37.703
v 213.313 -20.76 -31.017
v 214.06 -21.288 -29.746
v 235.09 -34.358 -23.333
v 233.588 -33.307 -25.622
v 234.338 -29.731 -14.351
v 240.507 -37.668 -14.6
v 242.025 -38.451 -12.559
v 224.105 -26.896 -14.853
v 222.296 -25.88 -17.68
v 224.076 -35.633 -3.074
v 227.652 -28.976 -9.49
v 249.698 -43.591 -1.031
v 249.48 -53.05 -0.499
v 230.744 -30.76 -4.611
v 242.509 -34.625 -2.062
v 245.368 -38.444 -5.375
v 250.973 -44.622 0.76
v 232.277 -31.789 -2.307
v 253.526 -50.526 2.806
v 238.698 -33.576 2.314
v 257.417 -54.34 6.418
v 258.955 -53.827 7.956
v 259.698 -56.409 8.2
v 243.008 -38.48 12.032
v 243.828 -41.266 15.903
v 246.866 -40.523 14.602
v 238.444 -38.702 11.801
v 230.966 -39.757 7.678
v 239.207 -46.141 17.951
v 240.976 -43.082 17.169
v 240.218 -39.485 13.329
v 241.257 -37.424 10.516
v 278.711 -83.556 20.526
v 283.323 -92.018 26.934
v 280.457 -83.59 22.04
v 280.249 -78.685 22.833
v 281.773 -80.233 24.364
v 282.508 -77.18 32.808
v 273.035 -72.813 35.378
v 273.781 -73.599 35.879
v 275.892 -75.607 37.704
v 287.168 -80.994 37.958
v 288.408 -84.1 33.066
v 285.381 -79.707 35.911
v 273.549 -76.658 39.224
v 269.416 -80.525 40.49
v 273.268 -83.597 44.852
v 289.174 -82.564 41.012
v 293.062 -87.406 39.751
v 284.032 -80.267 43.312
v 292.039 -84.071 44.88
v 331.014 -112.781 96.158
v 313.273 -111.791 72.546
v 327.386 -110.757 90.498
v 321.751 -103.831 104.858
v 299.734 -99.195 84.363
v 317.905 -101.524 98.961
v 228.202 -31.77 -34.34
v 229.423 -33.607 -32.832
v 229.165 -28.481 -30.012
v 222.753 -22.843 -33.603
v 230.991 -33.331 -30.254
v 224.873 -24.077 -31.262
v 226.408 -25.617 -31.007
v 225.891 -24.595 -27.163
v 220.974 -23.344 -24.366
v 229.745 -27.152 -24.595
v 226.62 -25.136 -23.594
v 224.843 -24.354 -23.842
v 215.062 -23.355 -25.399
v 229.693 -26.932 -21.545
v 215.321 -24.635 -23.347
v 231.22 -27.966 -19.243
v 217.678 -24.857 -21.271
v 244.574 -41.794 -9.233
v 245.88 -43.316 -7.427
v 233.803 -34.105 3.071
v 245.344 -36.923 6.406
v 234.602 -35.623 5.65
v 235.874 -36.398 7.696
v 285.369 -85.612 27.188
v 287.395 -90.757 29.995
v 287.623 -95.648 32.545
v 287.174 -88.169 29.244
v 288.961 -89.712 31.804
v 290.761 -88.939 34.37
v 291.764 -91.519 35.385
v 292.537 -94.336 37.181
v 293.801 -99.733 41.531
v 294.587 -93.568 39.744
v 294.834 -89.985 41.021
v 295.628 -91.25 41.803
v 278.391 -80.78 44.849
v 298.653 -91.029 48.187
v 300.97 -94.612 50.243
v 302.558 -98.423 52.062
v 284.285 -81.551 46.899
v 277.879 -82.318 46.645
v 277.386 -86.406 50.244
v 280.444 -82.061 47.414
v 284.557 -82.309 48.702
v 303.784 -95.385 54.854
v 303.277 -90.767 62.036
v 309.207 -97.152 64.103
v 306.365 -102.808 58.709
v 287.889 -83.592 52.034
v 285.615 -85.106 54.871
v 294.577 -86.396 58.711
v 312.522 -104.343 67.684
v 313.826 -101.508 70.259
v 290.237 -89.46 65.13
v 299.212 -89.971 69.233
v 316.128 -103.819 73.332
v 313.287 -96.912 77.424
v 296.904 -91.51 72.309
v 301.526 -92.018 74.363
v 319.966 -106.132 79.225
v 318.441 -102.789 78.206
v 322.254 -107.684 82.804
v 320.96 -101.539 88.695
v 306.655 -94.837 82.056
v 305.607 -92.802 75.378
v 311.521 -96.378 84.36
v 310.194 -97.18 87.67
v 323.291 -102.804 92.553
v 312.754 -98.72 91.514
v 324.561 -103.581 94.341
v 328.68 -107.159 96.657
v 326.654 -104.834 97.182
v 323.81 -103.057 97.939
v 328.405 -105.89 99.981
v 330.997 -107.409 103.84
v 218.175 -20.766 -32.046
v 218.654 -21.046 -31.551
v 247.642 -38.724 -0.264
v 249.741 -40.741 1.811
v 248.718 -39.201 2.581
v 249.454 -39.737 3.334
v 250.251 -40.23 5.398
v 284.841 -80.752 29.488
v 282.28 -78.955 41.026
v 293.554 -85.112 48.201
v 294.344 -85.611 50.006
v 300.196 -89.744 53.573
v 297.656 -87.42 53.328
v 294.549 -85.647 52.8
v 300.504 -89.452 56.419
v 301.472 -90.005 58.441
v 310.717 -96.146 69.73
v 308.165 -93.831 69.735
v 310.99 -95.879 72.558
v 311.774 -96.125 74.104
v 315.878 -98.431 81.026
v 49.997 -28.455 87.169
v 50.014 -27.417 93.331
v -49.97 -27.416 93.332
v -50.023 -28.479 87.152
v 50.015 -32.032 82.051
v -49.994 -32.047 82.039
v 49.995 -37.173 78.708
v -49.997 -37.177 78.705
v 49.957 -43.352 77.407
v -50.013 -43.341 77.415
v 49.978 -49.235 78.699
v -49.969 -49.207 78.719
v 50 -54.347 82.043
v -49.98 -54.342 82.046
v 49.966 -57.96 87.154
v -49.987 -57.937 87.17
v 50.012 -59.209 93.33
v -49.983 -59.216 93.325
v 199.983 -47.678 82.301
v 199.977 -43.324 81.529
v 110.014 -43.307 81.542
v 109.974 -47.693 82.291
v 199.958 -51.541 84.853
v 109.979 -51.535 84.857
v 200.007 -54.07 88.723
v 110.017 -54.072 88.722
v 199.95 -55.136 93.309
v 109.992 -55.116 93.324
v 199.999 -54.077 97.948
v 109.98 -54.098 97.933
v 199.995 -51.515 101.792
v 109.952 -51.554 101.764
v 199.991 -47.672 104.354
v 109.97 -47.696 104.337
v 199.999 -43.309 105.127
v 109.959 -43.345 105.101
v 50.03 -28.432 99.492
v 50.014 -27.417 93.331
v 109.981 -31.28 93.319
v 109.951 -32.327 97.918
v 49.973 -32.061 104.591
v 109.961 -34.884 101.769
v 49.965 -37.194 107.92
v 109.966 -38.726 104.335
v 49.995 -43.326 109.216
v 109.959 -43.345 105.101
v 50.015 -49.209 107.944
v 109.97 -47.696 104.337
v 49.994 -54.351 104.601
v 109.952 -51.554 101.764
v 50.013 -57.927 99.483
v 109.98 -54.098 97.933
v 50.012 -59.209 93.33
v 109.992 -55.116 93.324
v 341.013 -129.957 120.77
v 343.265 -130.253 119.204
v 341.747 -131.777 119.727
v 342.292 -128.677 120.256
v 344.587 -128.43 118.968
v 339.679 -131.019 121.256
v 339.967 -132.792 120.247
v 343.259 -127.437 120.226
v 345.572 -126.664 119.204
v 338.131 -131.795 121.765
v 338.141 -133.583 121
v 344.069 -125.87 120.247
v 346.123 -124.586 119.479
v 336.644 -132.272 122.559
v 336.396 -134.061 122.051
v 344.58 -124.077 120.759
v 346.641 -122.531 119.994
v 335.365 -132.27 123.586
v 334.586 -134.071 123.325
v 344.855 -122.525 121.281
v 346.342 -120.51 120.743
v 333.833 -132.01 124.615
v 332.749 -133.845 124.585
v 344.856 -120.73 121.794
v 346.074 -118.723 121.762
v 332.543 -131.503 125.636
v 331.229 -133.063 125.877
v 344.299 -119.222 122.541
v 331.527 -130.47 126.666
v 329.988 -131.753 127.179
v 345.325 -116.915 123.054
v 343.776 -117.948 123.561
v 330.482 -129.459 127.682
v 328.955 -130.476 128.457
v 344.299 -115.633 124.079
v 342.783 -116.9 124.603
v 329.941 -128.196 128.694
v 328.167 -128.695 129.473
v 343.046 -114.331 125.375
v 341.738 -115.888 125.619
v 329.471 -126.628 129.484
v 327.885 -126.918 130.486
v 341.48 -113.582 126.643
v 340.445 -115.382 126.639
v 329.473 -124.832 130.254
v 327.68 -124.831 131.28
v 329.68 -123.328 130.742
v 339.722 -113.299 127.944
v 338.941 -115.103 127.681
v 328.176 -122.792 131.785
v 330.196 -121.532 131
v 337.926 -113.3 129.225
v 337.669 -115.095 128.712
v 328.654 -120.765 132.28
v 330.978 -119.984 131.007
v 336.096 -113.838 130.233
v 336.087 -115.639 129.459
v 329.696 -118.959 132.289
v 332.039 -118.677 131.024
v 334.293 -114.613 130.998
v 334.552 -116.406 130.23
v 330.965 -117.173 132.026
v 333.29 -117.417 130.753
v 332.524 -115.621 131.78
v 49.966 -57.96 87.154
v 50.012 -59.209 93.33
v 109.992 -55.116 93.324
v 110.017 -54.072 88.722
v 50 -54.347 82.043
v 109.979 -51.535 84.857
v 49.978 -49.235 78.699
v 109.974 -47.693 82.291
v 49.957 -43.352 77.407
v 110.014 -43.307 81.542
v 49.995 -37.173 78.708
v 109.948 -38.738 82.278
v 50.015 -32.032 82.051
v 110.001 -34.856 84.868
v 49.997 -28.455 87.169
v 110.011 -32.284 88.719
v 50.014 -27.417 93.331
v 109.981 -31.28 93.319
v 199.967 -38.716 104.342
v 199.999 -43.309 105.127
v 109.959 -43.345 105.101
v 109.966 -38.726 104.335
v 199.95 -34.883 101.769
v 109.961 -34.884 101.769
v 200.004 -32.281 97.951
v 109.951 -32.327 97.918
v 200.005 -31.255 93.337
v 109.981 -31.28 93.319
v 199.952 -32.317 88.696
v 110.011 -32.284 88.719
v 199.987 -34.856 84.868
v 110.001 -34.856 84.868
v 199.97 -38.714 82.295
v 109.948 -38.738 82.278
v 199.977 -43.324 81.529
v 110.014 -43.307 81.542
v 206.139 -49.727 102.813
v 213.846 -43.307 103.59
v 199.999 -43.309 105.127
v 199.991 -47.672 104.354
v 199.995 -51.515 101.792
v 199.999 -54.077 97.948
v 213.321 -52.801 98.713
v 222.567 -48.944 99.234
v 226.868 -43.344 98.949
v 220.514 -51.766 97.951
v 226.663 -51.768 95.129
v 224.296 -55.143 86.895
v 230.764 -48.948 95.129
v 238.688 -43.325 91.784
v 232.308 -51.765 91.798
v 238.452 -48.951 89.743
v 248.397 -43.349 81.768
v 237.895 -51.802 87.67
v 240.983 -53.589 81.01
v 218.193 -48.955 78.716
v 211.754 -43.335 79.471
v 222.513 -43.341 74.082
v 216.396 -51.776 81.535
v 222.241 -51.813 78.433
v 251.776 -48.956 74.101
v 255.569 -43.353 70.228
v 248.452 -51.77 75.643
v 243.54 -55.132 67.675
v 225.114 -51.775 76.665
v 223.528 -48.989 75.103
v 226.923 -43.305 70.263
v 252.029 -51.779 69.74
v 231.219 -53.604 74.59
v 255.831 -48.989 65.873
v 260.225 -43.324 57.174
v 254.615 -51.763 63.855
v 233.337 -51.763 68.47
v 255.573 -52.836 56.643
v 231.745 -48.98 66.905
v 230.736 -43.328 65.631
v 235.064 -51.81 65.616
v 259.422 -49.757 49.466
v 261.786 -43.308 43.341
v 254.6 -54.081 43.337
v 258.396 -51.552 43.313
v 260.971 -47.699 43.318
v 235.385 -48.944 61.547
v 236.389 -43.319 55.127
v 238.396 -51.81 59.719
v 209.966 -54.867 90.498
v 199.95 -55.136 93.309
v 200.007 -54.07 88.723
v 199.958 -51.541 84.853
v 215.37 -55.11 90.251
v 246.863 -55.138 58.697
v 247.129 -54.875 53.318
v 241.504 -51.532 43.327
v 245.315 -54.12 43.31
v 249.947 -55.133 43.318
v 210.229 -50.761 83.066
v 199.983 -47.678 82.301
v 199.977 -43.324 81.529
v 239.684 -50.78 53.569
v 238.177 -43.324 43.33
v 238.922 -47.699 43.318
v 50.013 -57.927 99.483
v 50.012 -59.209 93.33
v -49.983 -59.216 93.325
v -49.994 -57.941 99.473
v 49.994 -54.351 104.601
v -50.017 -54.368 104.589
v 50.015 -49.209 107.944
v -49.994 -49.224 107.933
v 49.995 -43.326 109.216
v -50.026 -43.351 109.199
v 49.965 -37.194 107.92
v -49.995 -37.176 107.933
v 49.973 -32.061 104.591
v -49.958 -32.022 104.618
v 50.03 -28.432 99.492
v -50.016 -28.474 99.462
v 50.014 -27.417 93.331
v -49.97 -27.416 93.332
v 258.667 -50.004 8.709
v 256.628 -48.713 7.433
v 256.632 -47.685 8.461
v 249.955 -55.641 37.938
v 254.6 -54.081 43.337
v 249.947 -55.133 43.318
v 261.514 -53.318 12.056
v 260.228 -51.526 10.259
v 261.536 -52.789 12.836
v 254.592 -57.932 28.976
v 255.886 -57.411 28.726
v 249.962 -57.174 32.558
v 253.009 -58.732 28.698
v 251.505 -59.221 28.458
v 249.985 -59.721 27.955
v 261.748 -48.975 22.812
v 260.736 -53.836 24.101
v 261.282 -53.301 22.835
v 261.502 -52.813 21.279
v 261.795 -52.275 19.759
v 261.755 -52.303 18.97
v 261.787 -52.024 18.217
v 254.342 -32.547 38.209
v 249.96 -32.563 32.557
v 249.966 -31.277 43.328
v 254.616 -32.278 43.345
v 258.409 -34.878 43.319
v 258.39 -35.404 35.875
v 255.87 -35.117 28.718
v 249.973 -35.63 22.565
v 258.425 -36.149 32.047
v 260.963 -39.244 37.417
v 261.021 -38.69 43.343
v 261.786 -43.308 43.341
v 261.73 -44.629 32.802
v 258.44 -37.677 27.183
v 258.412 -40.26 21.272
v 260.969 -47.956 38.703
v 260.971 -47.699 43.318
v 258.396 -51.552 43.313
v 260.444 -41.299 25.109
v 256.906 -40.75 17.699
v 249.974 -41.013 13.08
v 253.591 -43.045 11.299
v 252.538 -42.295 11.798
v 258.413 -51.796 38.45
v 258.206 -44.327 14.375
v 255.317 -45.144 9.983
v 254.581 -44.095 10.769
v 259.679 -44.885 16.65
v 258.654 -45.141 14.087
v 256.134 -46.393 9.237
v 259.938 -45.396 16.395
v 258.415 -52.308 36.143
v 260.189 -46.169 16.136
v 260.978 -50.257 29.478
v 260.242 -54.336 25.392
v 260.755 -51.003 30.007
v 258.421 -55.893 27.43
v 259.481 -55.099 26.422
v 259.938 -48.216 12.806
v 260.956 -48.222 16.135
v 261.756 -52.046 16.407
v 261.762 -52.042 14.872
v 259.702 -48.202 12.047
v 259.672 -48.992 11.776
v 258.133 -53.607 33.311
v 257.126 -56.671 28.192
v 260.732 -49.481 13.587
v 261.53 -52.28 14.115
v 261.497 -52.56 13.329
v 203.335 -33.052 -33.57
v 213.272 -29.761 -19.5
v 189.188 -15.907 -56.154
v 187.642 -19.758 -56.671
v 187.426 -23.575 -57.933
v 188.697 -26.916 -59.989
v 206.898 -38.966 -38.454
v 191.002 -29.481 -62.554
v 194.056 -30.522 -65.129
v 213.829 -39.473 -43.065
v 204.355 -24.595 -69.465
v 242.815 -48.179 -9.728
v 197.649 -30.263 -67.178
v 201.02 -28.442 -68.697
v 202.824 -26.641 -69.205
v 219.167 -42.069 -9.246
v 230.51 -39.461 6.937
v 229.488 -48.945 -18.443
v 235.842 -53.085 14.858
v 238.423 -57.175 16.149
v 238.461 -56.636 16.681
v 238.406 -56.162 17.166
v 238.422 -55.381 17.431
v 238.174 -54.863 17.691
v 238.179 -54.09 17.95
v 238.161 -53.333 18.197
v 238.195 -51.772 18.214
v 238.155 -50.261 18.451
v 238.459 -48.946 18.475
v 237.693 -58.429 8.734
v 243.791 -58.725 2.809
v 248.711 -52.281 -1.268
v 253.559 -57.168 3.848
v 246.882 -65.124 24.608
v 248.195 -60.231 26.675
v 247.158 -60.495 26.157
v 246.346 -60.781 25.366
v 245.618 -61.009 24.361
v 244.828 -61.537 23.582
v 244.361 -62.017 22.579
v 244.103 -62.788 21.809
v 247.15 -68.705 16.923
v 252.024 -67.934 10.259
v 260.745 -65.88 9.236
v 265.888 -87.404 37.701
v 267.409 -78.443 38.462
v 260.215 -81.531 32.557
v 267.14 -92.809 31.276
v 260.512 -85.604 25.399
v 319.453 -119.976 118.45
v 327.872 -127.952 129.967
v 327.666 -125.61 131.017
v 328.156 -123.062 131.775
v 328.953 -120.479 132.301
v 329.919 -118.726 132.272
v 330.965 -117.173 132.026
v 321.766 -126.894 114.351
v 334.031 -134.101 123.56
v 331.47 -133.33 125.613
v 329.986 -131.754 127.434
v 328.683 -129.975 128.705
v 328.189 -129.192 109.23
v 343.265 -130.253 119.204
v 339.954 -132.801 120.24
v 336.375 -134.076 122.04
v 206.132 -34.606 -29.48
v 207.397 -35.387 -27.437
v 216.602 -40.531 -13.349
v 215.097 -39.995 -15.127
v 222.038 -43.828 -4.606
v 222.55 -48.187 -13.836
v 223.565 -44.605 -2.048
v 232.534 -46.146 11.794
v 239.207 -46.141 17.951
v 231.741 -50.521 -14.881
v 233.01 -51.042 -13.092
v 233.009 -50.787 11.775
v 231.789 -49.718 10.012
v 240.197 -55.908 -1.808
v 241.528 -56.643 0.012
v 262.773 -75.895 12.813
v 255.599 -77.173 16.918
v 267.634 -89.233 39.727
v 274.547 -84.625 46.389
v 268.667 -89.997 41.013
v 266.343 -78.215 13.829
v 273.563 -82.288 17.183
v 265.613 -85.622 18.72
v 266.13 -89.978 24.362
v 272.802 -93.307 25.134
v 273.062 -88.433 20.265
v 273.282 -98.201 38.706
v 276.344 -89.75 21.778
v 282.242 -91.544 25.881
v 277.151 -97.159 30.257
v 279.432 -98.972 32.808
v 282.816 -95.603 29.244
v 291.783 -98.428 38.727
v 282.754 -97.441 31.264
v 320.971 -124.861 98.187
v 313.535 -112.043 73.061
v 317.642 -122.551 92.548
v 314.07 -122.539 94.864
v 316.652 -124.064 101.283
v 209.985 -35.113 -22.81
v 211.775 -39.988 -22.813
v 211.266 -34.857 -20.247
v 210.245 -41.007 -34.858
v 212.531 -36.664 -18.717
v 212.003 -41.802 -33.082
v 217.668 -44.861 -28.454
v 219.74 -46.641 -20.753
v 220.76 -47.158 -18.448
v 226.405 -44.591 3.089
v 227.913 -49.227 2.305
v 227.911 -44.613 5.381
v 225.884 -49.98 -6.913
v 229.465 -44.858 7.696
v 227.439 -50.482 -1.521
v 227.657 -51.021 -3.335
v 230.227 -52.812 -1.537
v 234.337 -53.831 -5.379
v 233.076 -54.586 0.272
v 233.584 -54.589 -1.781
v 236.856 -52.068 -10.015
v 234.597 -55.623 3.34
v 238.976 -52.276 -8.443
v 248.93 -71.022 19.736
v 249.686 -72.057 21.012
v 251.517 -72.032 26.413
v 256.41 -80.733 24.886
v 255.877 -77.671 28.978
v 253.819 -75.625 27.18
v 257.658 -82.551 25.126
v 271.276 -92.016 44.369
v 272.535 -92.801 46.152
v 276.403 -99.964 42.83
v 275.858 -92.295 51.531
v 275.118 -95.351 49.238
v 280.237 -99.972 55.899
v 281.979 -93.6 60.232
v 295.314 -96.674 77.923
v 282.544 -101.255 37.44
v 284.09 -102.275 39.495
v 286.634 -98.186 67.943
v 285.597 -101.271 65.63
v 286.854 -106.416 59.464
v 288.414 -102.042 70.243
v 289.417 -105.647 48.184
v 285.105 -104.589 46.156
v 289.216 -106.121 68.465
v 291.479 -107.434 53.06
v 295.563 -110.779 63.05
v 290.694 -105.907 72.793
v 294.08 -106.126 50.515
v 292.778 -108.447 74.091
v 297.633 -112.817 76.647
v 293.797 -105.375 78.959
v 297.927 -106.381 85.639
v 297.114 -108.976 83.053
v 300.493 -108.174 57.695
v 304.818 -112.557 67.421
v 305.086 -111.01 96.653
v 304.318 -115.624 90.758
v 305.63 -115.346 73.852
v 302.237 -113.85 70.232
v 304.595 -116.635 79.231
v 310.219 -120.492 91.529
v 311.496 -119.47 84.604
v 312.51 -120.503 103.826
v 316.624 -122.802 110.242
v 318.453 -124.316 111.797
v 207.434 -38.437 -32.033
v 207.944 -38.696 -30.753
v 208.71 -39.211 -29.985
v 214.037 -43.096 -25.399
v 216.625 -43.848 -17.696
v 217.126 -44.113 -16.676
v 217.665 -44.607 -15.637
v 228.694 -51.269 -11.02
v 229.235 -51.506 -10.237
v 232.306 -53.305 6.937
v 233.025 -53.852 7.681
v 251 -65.882 28.462
v 251.505 -59.221 28.458
v 249.985 -59.721 27.955
v 248.975 -59.967 27.45
v 253.828 -67.415 30.261
v 259.979 -69.723 33.336
v 255.089 -71.275 30.763
v 254.593 -72.801 29.746
v 256.117 -73.067 31.277
v 257.141 -73.838 32.045
v 255.894 -74.582 30.781
v 249.683 -70.264 14.344
v 253.797 -77.178 22.041
v 261.009 -84.846 21.289
v 279.951 -102.557 48.45
v 281.783 -103.556 51.289
v 283.559 -104.594 53.843
v 290.72 -101.53 74.344
v 291.991 -101.281 76.134
v 292.498 -102.568 77.156
v 291.725 -109.493 65.617
v 293.562 -110.488 68.715
v 296.353 -112.047 68.957
v 296.891 -112.542 72.046
v 297.171 -112.525 73.596
v 299.953 -113.834 81.524
v 301.267 -114.324 84.617
v 305.889 -117.909 85.646
v 308.418 -117.932 80.758
v 305.59 -116.143 93.316
v 306.356 -116.658 94.596
v 307.66 -118.694 85.378
v 307.378 -118.712 87.672
v 311.253 -115.871 76.407
v 308.391 -117.952 97.665
v 312.759 -116.663 78.442
v 322.75 -127.949 110.228
v 261.791 -80.992 16.424
v 260.725 -51.793 10.764
v 261.514 -53.318 12.056
v 258.912 -51.037 9.729
v 259.442 -50.769 9.481
v 258.152 -49.492 8.195
v 256.628 -48.713 7.433
v 241.227 -60.006 18.961
v 244.103 -62.788 21.809
v 242.038 -61.772 20.776
v 240.462 -60.517 19.476
v 239.223 -58.948 17.959
v 238.423 -57.175 16.149
v 196.864 -11.815 -59.751
v 198.95 -9.74 -60.246
v 195.376 -10.242 -57.931
v 195.37 -12.297 -58.96
v 194.05 -13.093 -58.21
v 192.048 -12.546 -56.647
v 198.431 -11.539 -60.506
v 192.551 -14.091 -57.678
v 199.996 -11.777 -61.518
v 202.307 -10.749 -62.798
v 191.532 -15.368 -57.418
v 189.188 -15.907 -56.154
v 201.258 -12.303 -62.553
v 190.52 -16.897 -57.411
v 202.31 -13.054 -63.565
v 189.718 -18.458 -57.427
v 204.826 -13.087 -65.384
v 187.658 -19.747 -56.663
v 203.337 -14.078 -64.59
v 189.205 -19.997 -57.94
v 204.063 -15.39 -65.637
v 189.194 -21.799 -58.458
v 206.134 -16.658 -67.422
v 204.317 -16.93 -66.408
v 187.633 -23.866 -58.214
v 189.233 -23.31 -59.208
v 204.594 -18.71 -67.167
v 189.688 -24.888 -60.006
v 205.837 -20.532 -68.981
v 204.346 -20.243 -67.675
v 188.672 -27.19 -60.258
v 190.45 -26.176 -61.035
v 203.797 -22.063 -68.206
v 191.489 -27.192 -62.054
v 204.355 -24.595 -69.465
v 203.282 -23.603 -68.207
v 202.274 -24.872 -68.198
v 191.236 -29.753 -62.821
v 193.82 -28.457 -64.093
v 192.502 -28.226 -63.086
v 201.782 -27.934 -68.957
v 201.007 -26.144 -67.935
v 199.722 -27.428 -67.423
v 194.583 -30.768 -65.378
v 196.621 -28.727 -65.898
v 195.339 -28.727 -65.128
v 198.469 -29.971 -67.665
v 198.164 -28.21 -66.92
v 219.679 -24.635 -41.037
v 227.171 -30.492 -31.266
v 204.063 -15.39 -65.637
v 202.775 -13.344 -64.102
v 219.235 -23.562 -40.233
v 200.754 -12.04 -62.292
v 215.363 -21.273 -36.914
v 198.708 -11.524 -60.752
v 196.162 -12.025 -59.205
v 210.751 -22.04 -34.092
v 193.834 -13.065 -58.189
v 191.762 -15.131 -57.431
v 205.861 -26.924 -33.076
v 190.247 -17.421 -57.419
v 189.185 -20.011 -57.951
v 189.182 -22.577 -58.721
v 189.688 -24.888 -60.006
v 228.911 -45.4 2.804
v 222.504 -35.144 -8.731
v 249.728 -45.365 1.804
v 249.958 -47.178 1.791
v 243.847 -41.765 -6.648
v 252.029 -47.676 4.621
v 257.118 -55.395 8.704
v 252.034 -46.648 5.393
v 249.432 -44.11 2.554
v 247.675 -40.495 6.418
v 250.753 -43.058 9.495
v 246.922 -42.279 13.604
v 243.541 -39.749 10.247
v 241.278 -45.101 16.166
v 237.924 -42.809 12.566
v 235.099 -48.965 11.795
v 242.304 -54.843 19.5
v 273.804 -78.453 18.97
v 273.538 -80.511 19.221
v 266.646 -69.723 14.621
v 274.565 -77.433 19.735
v 269.675 -72.832 33.57
v 261.516 -74.339 32.31
v 266.375 -78.962 35.893
v 334.09 -111.499 112.053
v 337.669 -115.095 128.712
v 339.947 -115.373 127.159
v 222.02 -24.869 -34.098
v 218.679 -22.823 -34.102
v 220.258 -23.564 -32.543
v 229.961 -29.488 -18.462
v 228.715 -28.694 -20.752
v 216.35 -28.222 -21.038
v 238.953 -35.627 -10.249
v 232.282 -31.016 -13.584
v 235.839 -32.834 -10.268
v 237.368 -33.866 -8.478
v 225.365 -36.397 -4.353
v 244.869 -38.69 1.298
v 226.925 -36.894 -2.291
v 245.869 -39.221 3.079
v 255.084 -48.717 9.225
v 235.58 -41.552 9.728
v 232.505 -43.603 8.191
v 234.595 -40.755 8.467
v 247.663 -47.682 19.743
v 265.568 -62.324 15.621
v 262.552 -56.129 17.702
v 254.299 -51.292 22.036
v 255.11 -57.672 26.671
v 260.226 -55.373 22.82
v 264.871 -59.454 17.964
v 266.109 -61.022 17.942
v 245.895 -52.022 21.808
v 250.991 -49.48 21.023
v 248.163 -55.895 24.095
v 251.73 -64.371 26.648
v 269.215 -64.591 21.547
v 272.54 -69.981 20.773
v 273.529 -71.288 21.524
v 275.839 -73.85 23.576
v 265.332 -64.361 28.45
v 279.163 -81.803 23.829
v 281.278 -90.219 27.194
v 278.69 -77.674 24.618
v 274.322 -71.784 28.715
v 279.933 -79.752 25.367
v 280.755 -78.177 32.828
v 275.1 -77.418 36.923
v 274.829 -84.607 43.581
v 286.607 -83.079 38.446
v 286.899 -85.105 33.849
v 283.786 -81.028 35.626
v 286.89 -83.83 45.382
v 292.747 -87.446 45.618
v 328.908 -108.461 104.847
v 331.015 -110.986 102.311
v 327.925 -108.431 99.484
v 326.353 -106.916 101.006
v 312.762 -101.791 93.826
v 336.355 -127.937 114.339
v 340.702 -130.252 120.743
v 338.963 -131.495 121.539
v 337.901 -131.777 122.034
v 336.644 -132.272 122.559
v 225.578 -27.198 -28.217
v 222.769 -25.651 -25.135
v 215.609 -23.588 -28.971
v 218.206 -24.59 -26.391
v 219.705 -24.874 -25.898
v 222.525 -26.413 -22.052
v 222.569 -26.894 -20.492
v 225.114 -27.42 -19.732
v 223.024 -27.447 -19.239
v 224.602 -28.445 -16.143
v 227.676 -31.01 -10.504
v 229.939 -32.067 -6.937
v 233.298 -32.561 -6.411
v 242.511 -37.7 -4.624
v 239.446 -35.129 -2.311
v 231.006 -32.807 -5.377
v 232.049 -33.052 -4.344
v 234.568 -33.339 -3.596
v 232.758 -34.375 -1.297
v 238.965 -35.363 1.038
v 235.595 -34.876 0.506
v 232.508 -35.14 -0.012
v 231.747 -36.929 2.3
v 238.691 -35.888 2.567
v 240.233 -36.911 5.133
v 229.448 -40.769 3.329
v 253.02 -45.65 13.577
v 250.975 -45.133 15.631
v 254.318 -47.177 15.636
v 255.865 -48.453 15.897
v 254.608 -48.179 17.96
v 258.199 -50.997 16.679
v 259.223 -53.05 20.268
v 268.916 -66.672 17.423
v 257.396 -61.789 28.456
v 258.422 -63.84 29.225
v 259.422 -67.447 30.494
v 263.327 -68.943 31.549
v 285.092 -87.678 29.998
v 285.834 -90.517 31.266
v 286.864 -95.898 35.114
v 287.915 -90.496 33.588
v 290.19 -89.493 37.418
v 292.022 -91.517 39.488
v 278.185 -79.463 39.491
v 281.983 -80.778 40.236
v 279.47 -80.486 41.031
v 294.288 -92.828 43.056
v 298.937 -94.599 50.251
v 281.018 -81.249 42.061
v 282.818 -82.014 43.089
v 280.743 -82.8 45.129
v 286.859 -89.748 58.954
v 289.208 -85.361 50.258
v 301.987 -102.309 56.392
v 302.998 -108.985 64.588
v 294.078 -87.669 51.796
v 290.182 -86.422 52.796
v 303.057 -99.457 56.926
v 302.513 -93.84 59.218
v 294.54 -88.217 55.103
v 297.367 -89.75 56.389
v 305.056 -102.058 60.233
v 295.345 -88.961 59.736
v 306.875 -99.221 63.066
v 308.67 -102.04 65.117
v 299.223 -90.733 63.598
v 297.113 -90.774 65.619
v 306.607 -95.126 70.751
v 310.709 -102.049 68.7
v 314.57 -102.038 76.142
v 310.755 -106.119 68.979
v 313.539 -109.477 74.345
v 314.555 -107.176 74.597
v 302.277 -94.338 74.867
v 312.005 -98.193 80.244
v 314.795 -100.009 85.1
v 319.178 -102.556 89.727
v 321.987 -108.972 86.132
v 317.922 -102.281 85.125
v 321.746 -104.091 93.575
v 334.04 -116.661 104.337
v 336.647 -116.888 108.46
v 335.064 -122.303 107.412
v 337.402 -123.05 110.761
v 339.956 -123.057 113.832
v 341.264 -126.115 116.922
v 344.857 -123.293 121.025
v 344.033 -126.152 120.229
v 342.538 -128.685 120.25
v 210.246 -24.599 -30.499
v 258.7 -52.544 12.315
v 269.212 -69.464 31.031
v 283.784 -82.312 30.754
v 290.704 -87.698 57.415
v 306.603 -106.154 64.083
v 304.025 -94.114 63.051
v 308.647 -97.955 67.669
v 317.11 -104.362 79.463
v 325.311 -121.797 97.921
v 337.878 -116.667 110.999
v 338.396 -116.663 112.283
v 340.189 -117.177 116.128
v 342.286 -116.375 125.38
v 343.772 -118.207 123.559
v 344.806 -120.509 122.025
v 271.22 -67.444 24.6
v 272.762 -69.492 24.602
v 272.236 -68.732 26.134
v 272.539 -69.212 26.669
v 324.6 -115.86 91.284
v 329.18 -115.628 96.907
v 326.89 -113.309 93.327
v 330.224 -116.897 98.711
v 330.436 -119.749 100.483
v 330.215 -114.083 98.45
v 331.466 -116.925 100.486
v 325.371 -107.911 93.08
v -223.576 -46.672 -13.853
v -228.68 -45.374 2.823
v -211.768 -36.92 -24.613
v -236.111 -38.449 -18.967
v -234.826 -35.627 -20.247
v -248.19 -45.392 -0.523
v -238.14 -56.123 10.271
v -242.785 -55.376 19.998
v -234.568 -48.701 11.032
v -247.879 -66.376 20.271
v -251.777 -64.362 26.91
v -250.482 -67.429 13.842
v -242.533 -57.686 5.126
v -267.421 -87.439 36.138
v -272.261 -83.059 41.024
v -264.054 -76.904 34.104
v -261.215 -82.018 30.268
v -268.647 -91.502 31.038
v -262.754 -84.583 24.114
v -266.373 -84.09 19.997
v -272.513 -91.773 26.926
v -323.252 -114.061 118.207
v -337.631 -115.102 128.707
v -297.633 -94.59 73.588
v -329.919 -122.01 131.025
v -331.24 -119.474 131.005
v -333.275 -117.411 130.757
v -335.318 -115.868 129.992
v -320.988 -120.501 117.16
v -329.721 -127.435 129.201
v -329.456 -124.609 130.231
v -322.5 -125.097 114.353
v -336.636 -132.3 122.539
v -334.286 -132.015 124.355
v -332.28 -131.277 125.871
v -330.739 -129.737 127.667
v -212.314 -24.381 -55.395
v -218.662 -33.567 -43.827
v -204.038 -15.357 -65.614
v -211.023 -38.988 -35.65
v -208.939 -37.683 -39.222
v -214.596 -37.182 -42.82
v -212.019 -39.736 -33.84
v -220.719 -44.852 -18.706
v -219.426 -44.075 -21.264
v -226.089 -47.919 -9.469
v -227.158 -48.718 -7.44
v -235.076 -39.981 -20.244
v -233.535 -44.081 -19.473
v -237.924 -46.153 -13.079
v -234.311 -53.059 4.879
v -235.595 -54.086 6.672
v -239.991 -47.19 -10.011
v -246.647 -53.08 0.506
v -247.162 -55.389 2.555
v -248.394 -50.739 0.529
v -255.112 -52.827 6.912
v -255.324 -59.462 7.96
v -262.555 -63.088 12.292
v -254.605 -65.906 10.499
v -260.989 -71.015 13.075
v -264.332 -73.843 14.352
v -257.888 -75.613 16.42
v -264.578 -86.911 30.252
v -266.661 -76.421 15.623
v -273.832 -80.518 19.216
v -271.532 -81.036 18.187
v -271.983 -90.479 42.061
v -272.005 -86.905 21.796
v -272.561 -85.141 20.492
v -273.037 -86.91 21.793
v -274.052 -91.774 45.128
v -283.781 -88.431 55.133
v -275.888 -88.213 23.316
v -281.257 -90.254 27.169
v -276.382 -95.122 30.76
v -276.343 -97.658 42.316
v -278.427 -96.656 32.814
v -280.997 -94.097 29.991
v -288.387 -97.398 37.961
v -280.699 -95.606 31.806
v -317.394 -122.292 104.087
v -312.803 -118.72 100.998
v -314.84 -120.761 98.955
v -315.324 -119.459 106.404
v -316.85 -121.758 97.18
v -323.313 -125.385 105.614
v -312.037 -115.645 80.487
v -204.087 -27.441 -64.1
v -199.989 -27.187 -67.435
v -202.035 -25.39 -68.202
v -203.558 -22.815 -68.194
v -202.765 -28.695 -63.567
v -205.081 -28.444 -61.777
v -206.139 -27.442 -62.05
v -206.878 -26.139 -62.034
v -213.058 -35.131 -47.178
v -214.561 -31.517 -49.981
v -212.307 -34.118 -49.495
v -214.099 -40.782 -26.676
v -217.691 -42.579 -28.729
v -217.442 -38.738 -38.987
v -218.658 -39.461 -37.16
v -225.342 -38.961 -32.554
v -223.594 -44.89 -23.604
v -226.617 -45.879 -21.014
v -225.888 -44.368 -24.623
v -227.406 -46.405 -19.998
v -229.201 -47.175 -17.691
v -229.453 -43.582 -23.842
v -227.401 -43.069 -25.892
v -228.441 -41.541 -26.925
v -230.734 -41.274 -24.867
v -231.486 -48.954 -13.321
v -229.693 -49.211 0.266
v -232.287 -51.796 -2.57
v -232.544 -49.745 -11.287
v -232.506 -50.488 -8.448
v -235.317 -50.482 -8.7
v -237.123 -49.72 -9.474
v -236.379 -51.02 -7.179
v -235.588 -53.055 -1.272
v -236.657 -52.317 -4.37
v -238.159 -51.009 -6.659
v -241.274 -51.036 -5.14
v -237.396 -53.834 -0.766
v -239.176 -54.849 1.293
v -245.354 -48.458 -3.591
v -250.744 -69.997 21.531
v -252.266 -71.78 22.052
v -252.772 -64.084 9.749
v -252.243 -71.507 18.218
v -255.096 -75.377 24.866
v -259.971 -81.532 23.326
v -258.432 -79.994 23.07
v -277.634 -93.306 50.516
v -279.941 -99.715 48.465
v -279.461 -94.099 53.319
v -282.553 -93.083 57.414
v -280.7 -95.35 54.879
v -283.045 -97.94 58.45
v -281.008 -98.975 37.164
v -281.226 -100.487 42.31
v -282.275 -99.991 39.222
v -287.375 -93.049 63.079
v -283.836 -101.289 42.287
v -284.087 -102.567 47.674
v -289.199 -95.634 67.166
v -286.854 -97.914 64.878
v -285.308 -102.524 58.472
v -286.658 -103.341 47.414
v -288.929 -97.932 67.942
v -288.931 -105.111 53.584
v -293.584 -108.214 65.614
v -289.219 -101.801 67.668
v -291.237 -104.854 51.277
v -291.748 -101.52 72.044
v -293.574 -103.849 74.849
v -297.877 -108.681 80.004
v -296.105 -101.006 78.198
v -300.706 -101.766 84.358
v -305.614 -110.252 93.313
v -297.911 -108.193 61.015
v -299.185 -104.085 83.324
v -300.469 -112.291 75.375
v -303.834 -114.364 79.974
v -306.642 -115.894 87.158
v -303.541 -113.826 84.863
v -309.186 -116.137 96.398
v -309.456 -117.684 91.007
v -318.162 -116.651 113.061
v -195.097 -29.737 -58.964
v -189.689 -24.848 -59.977
v -191.014 -26.93 -61.537
v -192.823 -28.222 -63.339
v -195.083 -28.702 -64.854
v -197.671 -29.488 -63.841
v -197.437 -28.477 -66.415
v -198.404 -31.001 -58.439
v -206.368 -32.806 -54.857
v -197.149 -30.763 -57.683
v -201.235 -33.059 -51.522
v -206.369 -20.758 -64.6
v -204.301 -20.233 -67.668
v -204.595 -17.952 -66.918
v -209.199 -28.199 -58.196
v -210.459 -29.209 -56.134
v -211.772 -30.001 -54.098
v -210.484 -36.918 -44.609
v -221.747 -41.777 -31.269
v -258.949 -76.664 29.99
v -255.61 -69.994 13.073
v -255.893 -76.165 20.494
v -256.098 -72.027 14.624
v -282.498 -101.249 53.339
v -293.789 -97.411 73.588
v -291.465 -105.347 69.237
v -296.117 -108.706 75.372
v -300.485 -109.225 84.597
v -306.637 -114.609 92.545
v -206.634 -34.608 -50.76
v -189.2 -21.789 -58.451
v -187.689 -23.859 -58.208
v -187.651 -19.73 -56.651
v -189.202 -23.328 -59.221
v -189.689 -24.848 -59.977
v -188.695 -27.178 -60.25
v -189.21 -20.001 -57.944
v -190.523 -26.176 -61.035
v -189.734 -18.471 -57.437
v -189.213 -15.901 -56.15
v -191.519 -27.181 -62.046
v -191.243 -29.731 -62.806
v -190.504 -16.933 -57.437
v -192.533 -28.198 -63.066
v -191.515 -15.385 -57.429
v -193.81 -28.451 -64.089
v -192.041 -12.574 -56.667
v -194.608 -30.779 -65.386
v -192.541 -14.103 -57.686
v -195.39 -28.737 -65.136
v -194.046 -13.054 -58.182
v -196.648 -28.72 -65.893
v -195.361 -10.258 -57.943
v -195.384 -12.325 -58.979
v -198.401 -29.973 -67.666
v -198.177 -28.201 -66.914
v -196.887 -11.787 -59.731
v -199.701 -27.422 -67.419
v -198.973 -9.761 -60.261
v -198.418 -11.526 -60.496
v -201.771 -27.948 -68.967
v -201.023 -26.168 -67.952
v -199.99 -11.806 -61.539
v -202.278 -24.867 -68.195
v -202.275 -10.765 -62.81
v -202.249 -13.054 -63.566
v -201.246 -12.301 -62.552
v -204.364 -24.636 -69.494
v -203.293 -23.578 -68.189
v -203.821 -22.051 -68.197
v -204.847 -13.078 -65.377
v -204.038 -15.357 -65.614
v -203.317 -14.109 -64.613
v -205.889 -20.524 -68.975
v -204.364 -20.277 -67.7
v -204.574 -18.707 -67.164
v -206.16 -16.689 -67.444
v -204.341 -16.928 -66.406
v -241.257 -59.998 18.967
v -242.041 -61.803 20.754
v -244.085 -62.823 21.784
v -240.507 -60.524 19.471
v -239.223 -58.984 17.933
v -238.423 -57.168 16.154
v -258.948 -51.025 9.737
v -261.506 -53.329 12.047
v -260.764 -51.809 10.752
v -259.458 -50.767 9.482
v -258.19 -49.495 8.194
v -256.62 -48.704 7.44
v -264.068 -74.607 35.891
v -257.119 -56.641 28.214
v -254.612 -57.963 28.954
v -251.532 -59.242 28.443
v -221.984 -26.125 -43.309
v -227.44 -38.738 -33.86
v -204.364 -24.636 -69.494
v -206.111 -20.5 -68.958
v -206.119 -16.403 -67.423
v -204.849 -13.079 -65.122
v -218.427 -20.251 -38.454
v -202.289 -10.518 -62.56
v -198.703 -9.751 -59.998
v -211.494 -19.73 -33.834
v -189.213 -15.901 -56.15
v -210.731 -28.195 -23.582
v -195.065 -10.486 -57.923
v -191.753 -12.552 -56.651
v -237.94 -35.91 -18.984
v -243.837 -48.729 -8.217
v -253.789 -46.901 3.857
v -255.125 -44.632 10.239
v -255.361 -45.13 9.993
v -255.895 -45.914 9.726
v -256.151 -46.427 9.213
v -256.358 -46.905 8.981
v -256.616 -47.675 8.468
v -256.652 -48.213 7.937
v -256.62 -48.704 7.44
v -251.746 -41.523 10.005
v -249.94 -41.002 13.088
v -252.559 -42.323 11.778
v -253.006 -42.789 11.555
v -253.551 -43.069 11.282
v -254.073 -43.588 11.021
v -254.577 -44.094 10.769
v -263.793 -57.929 12.314
v -261.506 -53.329 12.047
v -261.484 -52.801 12.828
v -261.517 -52.567 13.324
v -261.474 -52.281 14.115
v -261.722 -52.019 14.888
v -266.116 -73.066 12.563
v -256.365 -60.242 6.414
v -263.58 -54.37 19.727
v -261.726 -52.022 16.424
v -261.788 -52.064 18.188
v -261.769 -52.308 18.967
v -261.735 -52.284 19.752
v -261.535 -52.836 21.263
v -260.736 -53.841 24.097
v -259.458 -55.125 26.403
v -277.151 -74.869 20.248
v -274.574 -83.32 17.948
v -276.605 -70.743 27.444
v -271.479 -71.001 34.108
v -338.127 -117.398 107.18
v -345.875 -118.207 122.021
v -346.636 -121.79 120.231
v -345.844 -125.62 119.217
v -344.808 -127.92 118.965
v -343.305 -130.252 119.205
v -335.824 -110.479 111.536
v -340.953 -113.557 127.174
v -344.075 -115.127 124.588
v -329.473 -108.469 116.378
v -330.966 -117.154 132.039
v -334.319 -114.604 131.004
v -337.638 -113.312 129.216
v -224.305 -27.672 -39.47
v -225.575 -28.434 -37.67
v -213.317 -20.776 -31.028
v -214.074 -21.28 -29.74
v -235.068 -34.335 -23.317
v -234.29 -29.714 -14.339
v -233.532 -33.311 -25.625
v -240.505 -37.705 -14.626
v -242.006 -38.448 -12.557
v -224.075 -26.922 -14.872
v -224.035 -35.611 -3.058
v -227.685 -28.987 -9.498
v -222.258 -25.88 -17.68
v -249.74 -43.605 -1.041
v -249.489 -53.095 -0.531
v -230.711 -30.747 -4.602
v -242.517 -34.601 -2.044
v -245.386 -38.481 -5.402
v -251.011 -44.623 0.759
v -232.268 -31.785 -2.304
v -253.588 -50.529 2.803
v -238.685 -33.586 2.307
v -257.392 -54.346 6.413
v -258.968 -53.859 7.933
v -259.68 -56.383 8.218
v -243.055 -38.464 12.044
v -243.782 -41.255 15.91
v -246.899 -40.514 14.608
v -238.419 -38.706 11.798
v -230.962 -39.716 7.707
v -239.222 -46.165 17.934
v -241.027 -43.095 17.16
v -240.191 -39.46 13.347
v -241.214 -37.407 10.528
v -278.701 -83.594 20.499
v -283.299 -92.042 26.917
v -280.489 -83.589 22.041
v -280.207 -78.7 22.823
v -281.744 -80.237 24.361
v -282.505 -77.155 32.826
v -273.068 -72.831 35.365
v -273.795 -73.571 35.899
v -275.836 -75.614 37.699
v -287.171 -81.036 37.928
v -288.43 -84.097 33.068
v -285.339 -79.728 35.895
v -273.583 -76.678 39.21
v -269.477 -80.521 40.493
v -273.284 -83.57 44.871
v -289.223 -82.575 41.004
v -293.005 -87.402 39.753
v -284.095 -80.268 43.311
v -291.976 -84.067 44.883
v -330.95 -112.784 96.155
v -313.277 -111.77 72.56
v -327.358 -110.731 90.516
v -321.75 -103.832 104.857
v -317.924 -101.538 98.951
v -299.683 -99.204 84.357
v -228.209 -31.815 -34.372
v -229.435 -33.571 -32.806
v -229.215 -28.469 -30.004
v -222.813 -22.834 -33.597
v -230.961 -33.306 -30.236
v -224.853 -24.108 -31.284
v -226.399 -25.651 -31.031
v -225.841 -24.594 -27.163
v -220.982 -23.321 -24.349
v -229.722 -27.183 -24.617
v -226.669 -25.149 -23.604
v -224.845 -24.359 -23.845
v -215.077 -23.315 -25.371
v -229.707 -26.916 -21.533
v -215.378 -24.628 -23.342
v -231.235 -27.935 -19.221
v -217.685 -24.885 -21.291
v -244.572 -41.782 -9.225
v -245.875 -43.336 -7.441
v -233.81 -34.096 3.078
v -245.368 -36.93 6.4
v -234.578 -35.633 5.642
v -235.846 -36.392 7.701
v -285.321 -85.613 27.187
v -287.41 -90.767 29.989
v -287.635 -95.616 32.568
v -287.156 -88.204 29.218
v -288.958 -89.747 31.779
v -290.74 -88.97 34.348
v -291.72 -91.502 35.397
v -292.493 -94.324 37.19
v -293.826 -99.744 41.522
v -294.569 -93.573 39.741
v -294.844 -89.997 41.013
v -295.635 -91.294 41.772
v -278.431 -80.764 44.862
v -298.677 -91.014 48.198
v -301.019 -94.627 50.232
v -302.536 -98.458 52.037
v -284.321 -81.528 46.916
v -277.913 -82.299 46.658
v -277.368 -86.378 50.264
v -280.471 -82.038 47.431
v -284.555 -82.282 48.721
v -303.791 -95.363 54.87
v -303.317 -90.775 62.03
v -309.223 -97.19 64.076
v -306.391 -102.823 58.698
v -287.895 -83.568 52.051
v -285.621 -85.13 54.854
v -294.596 -86.413 58.699
v -312.496 -104.327 67.695
v -313.793 -101.518 70.251
v -290.196 -89.461 65.129
v -299.208 -90 69.212
v -316.131 -103.847 73.312
v -313.282 -96.904 77.429
v -296.861 -91.511 72.308
v -301.47 -92.02 74.362
v -319.926 -106.119 79.234
v -318.39 -102.787 78.208
v -322.25 -107.668 82.815
v -320.986 -101.528 88.703
v -306.602 -94.843 82.051
v -305.584 -92.797 75.381
v -311.503 -96.403 84.343
v -310.215 -97.167 87.679
v -323.267 -102.791 92.562
v -312.809 -98.727 91.51
v -324.566 -103.573 94.348
v -328.687 -107.175 96.645
v -326.607 -104.847 97.173
v -323.789 -103.054 97.941
v -328.402 -105.873 99.993
v -330.975 -107.418 103.834
v -218.185 -20.773 -32.052
v -218.716 -21.043 -31.549
v -247.673 -38.724 -0.264
v -249.708 -40.763 1.795
v -248.72 -39.251 2.546
v -249.424 -39.718 3.347
v -250.202 -40.237 5.393
v -284.848 -80.769 29.475
v -282.266 -78.962 41.021
v -293.549 -85.117 48.198
v -294.31 -85.623 49.997
v -300.245 -89.752 53.567
v -297.652 -87.425 53.325
v -294.604 -85.65 52.798
v -300.456 -89.465 56.41
v -301.473 -89.971 58.465
v -310.745 -96.154 69.724
v -308.143 -93.82 69.743
v -310.984 -95.885 72.553
v -311.773 -96.156 74.081
v -315.847 -98.443 81.018
v -258.688 -49.998 8.713
v -256.616 -47.675 8.468
v -256.62 -48.704 7.44
v -261.484 -52.801 12.828
v -260.211 -51.525 10.26
v -261.506 -53.329 12.047
v -249.948 -57.16 32.568
v -255.887 -57.445 28.701
v -254.612 -57.963 28.954
v -253.041 -58.709 28.714
v -251.532 -59.242 28.443
v -249.959 -59.731 27.948
v -249.988 -55.137 43.316
v -254.567 -54.086 43.334
v -249.988 -55.65 37.932
v -261.775 -48.979 22.809
v -261.788 -52.064 18.188
v -261.785 -52.319 18.958
v -261.735 -52.284 19.752
v -261.535 -52.836 21.263
v -261.224 -53.311 22.828
v -260.736 -53.841 24.097
v -259.672 -48.943 11.811
v -259.711 -48.201 12.048
v -256.151 -46.427 9.213
v -259.967 -48.2 12.817
v -258.178 -44.359 14.352
v -253.551 -43.069 11.282
v -254.577 -44.094 10.769
v -255.361 -45.13 9.993
v -258.667 -45.112 14.108
v -260.731 -49.479 13.589
v -261.517 -52.567 13.324
v -261.467 -52.276 14.118
v -261.722 -52.019 14.888
v -256.859 -40.744 17.704
v -249.964 -35.636 22.561
v -249.94 -41.002 13.088
v -252.559 -42.323 11.778
v -259.737 -44.886 16.65
v -260.202 -46.135 16.161
v -259.931 -45.356 16.424
v -261.009 -48.212 16.142
v -261.775 -52.056 16.4
v -258.397 -40.231 21.293
v -255.859 -35.122 28.715
v -249.996 -32.581 32.544
v -258.391 -37.663 27.193
v -260.46 -41.265 25.133
v -261.726 -44.586 32.832
v -258.453 -36.168 32.033
v -254.328 -32.563 38.197
v -249.988 -31.294 43.316
v -258.408 -34.855 43.336
v -254.566 -32.294 43.334
v -258.431 -35.384 35.89
v -261.023 -50.273 29.466
v -260.243 -54.367 25.37
v -260.711 -51.003 30.007
v -259.458 -55.125 26.403
v -258.454 -55.91 27.418
v -260.963 -39.207 37.444
v -261.78 -43.343 43.316
v -261.015 -38.73 43.315
v -258.174 -53.586 33.326
v -257.119 -56.641 28.214
v -260.985 -47.939 38.715
v -258.406 -51.517 43.337
v -260.977 -47.677 43.333
v -258.454 -52.321 36.134
v -258.39 -51.763 38.474
v -259.424 -49.717 49.494
v -260.236 -43.339 57.163
v -261.78 -43.343 43.316
v -260.977 -47.677 43.333
v -258.406 -51.517 43.337
v -254.567 -54.086 43.334
v -255.64 -52.837 56.642
v -255.886 -48.984 65.876
v -255.64 -43.351 70.229
v -254.593 -51.797 63.831
v -252.043 -51.806 69.72
v -243.528 -55.101 67.697
v -251.784 -48.984 74.08
v -248.429 -43.329 81.782
v -248.427 -51.788 75.63
v -246.362 -48.958 81.791
v -238.7 -43.338 91.774
v -244.318 -51.783 81.274
v -237.916 -53.582 84.347
v -235.382 -48.989 61.515
v -236.403 -43.345 55.108
v -230.717 -43.313 65.642
v -238.429 -51.788 59.735
v -235.1 -51.791 65.629
v -230.747 -48.974 95.11
v -226.88 -43.32 98.966
v -232.241 -51.764 91.799
v -224.308 -55.107 86.921
v -233.276 -51.77 68.464
v -231.739 -48.951 66.926
v -226.885 -43.323 70.25
v -226.667 -51.81 95.099
v -231.252 -53.584 74.604
v -222.509 -48.951 99.229
v -213.802 -43.317 103.582
v -220.502 -51.802 97.925
v -225.079 -51.775 76.665
v -213.325 -52.828 98.693
v -223.592 -48.991 75.101
v -222.539 -43.331 74.089
v -222.248 -51.768 78.465
v -206.146 -49.751 102.796
v -199.955 -43.316 105.122
v -200.006 -54.119 97.918
v -199.992 -51.545 101.771
v -200.002 -47.706 104.33
v -218.145 -48.947 78.722
v -211.755 -43.32 79.481
v -216.384 -51.79 81.525
v -247.131 -54.854 53.333
v -249.988 -55.137 43.316
v -245.361 -54.102 43.322
v -241.531 -51.55 43.314
v -246.907 -55.133 58.701
v -215.327 -55.101 90.258
v -209.991 -54.879 90.49
v -199.982 -51.538 84.855
v -199.969 -54.093 88.707
v -199.99 -55.133 93.312
v -239.683 -50.743 53.596
v -238.963 -47.701 43.316
v -238.182 -43.334 43.322
v -210.222 -50.759 83.068
v -199.988 -43.338 81.519
v -199.939 -47.663 82.313
v -200.002 -47.706 104.33
v -199.955 -43.316 105.122
v -110.005 -43.341 105.104
v -109.976 -47.68 104.349
v -199.992 -51.545 101.771
v -109.995 -51.538 101.776
v -200.006 -54.119 97.918
v -110.003 -54.108 97.926
v -199.99 -55.133 93.312
v -109.97 -55.111 93.327
v -199.969 -54.093 88.707
v -109.976 -54.089 88.71
v -199.982 -51.538 84.855
v -110.011 -51.55 84.847
v -199.939 -47.663 82.313
v -109.962 -47.669 82.308
v -199.988 -43.338 81.519
v -110.02 -43.352 81.509
v -49.994 -57.941 99.473
v -49.983 -59.216 93.325
v -109.97 -55.111 93.327
v -110.003 -54.108 97.926
v -50.017 -54.368 104.589
v -109.995 -51.538 101.776
v -49.994 -49.224 107.933
v -109.976 -47.68 104.349
v -50.026 -43.351 109.199
v -110.005 -43.341 105.104
v -49.995 -37.176 107.933
v -109.995 -38.719 104.339
v -49.958 -32.022 104.618
v -110.012 -34.886 101.767
v -50.016 -28.474 99.462
v -110.016 -32.325 97.919
v -49.97 -27.416 93.332
v -110 -31.288 93.313
v -332.014 -118.707 131.003
v -330.966 -117.154 132.039
v -329.728 -118.979 132.274
v -330.952 -119.964 131.021
v -328.67 -120.751 132.29
v -333.278 -117.413 130.756
v -332.502 -115.614 131.784
v -330.179 -121.5 131.023
v -328.168 -122.81 131.772
v -334.535 -116.37 130.255
v -334.325 -114.608 131.001
v -329.729 -123.338 130.735
v -327.619 -124.835 131.278
v -336.106 -115.624 129.47
v -336.098 -113.824 130.243
v -329.472 -124.876 130.223
v -327.939 -126.931 130.477
v -337.631 -115.102 128.707
v -337.915 -113.327 129.206
v -329.425 -126.637 129.477
v -328.142 -128.688 129.478
v -338.914 -115.103 127.681
v -339.709 -113.327 127.924
v -329.923 -128.166 128.715
v -328.964 -130.519 128.426
v -340.476 -115.376 126.644
v -341.48 -113.566 126.654
v -330.473 -129.473 127.672
v -341.757 -115.888 125.618
v -343.059 -114.364 125.352
v -329.967 -131.785 127.155
v -331.514 -130.51 126.638
v -342.761 -116.899 124.604
v -344.331 -115.639 124.075
v -331.257 -133.073 125.869
v -332.554 -131.546 125.605
v -343.774 -117.915 123.585
v -345.35 -116.916 123.053
v -332.763 -133.82 124.603
v -333.797 -132.031 124.6
v -344.325 -119.224 122.54
v -346.128 -118.717 121.767
v -334.601 -134.107 123.3
v -335.351 -132.298 123.566
v -344.796 -120.733 121.792
v -346.366 -120.499 120.75
v -344.825 -122.548 121.265
v -336.379 -134.095 122.026
v -336.636 -132.3 122.539
v -346.607 -122.539 119.989
v -344.598 -124.107 120.737
v -338.146 -133.563 121.015
v -338.173 -131.787 121.77
v -346.098 -124.593 119.474
v -344.034 -125.866 120.25
v -339.927 -132.784 120.252
v -339.726 -131.029 121.25
v -345.62 -126.668 119.201
v -343.309 -127.434 120.228
v -341.756 -131.783 119.723
v -340.942 -129.957 120.77
v -344.591 -128.46 118.946
v -342.265 -128.703 120.237
v -343.305 -130.252 119.205
v -247.427 -52.831 43.314
v -249.98 -53.08 43.32
v -249.993 -53.602 37.673
v -249.949 -37.163 24.107
v -246.101 -41.776 16.674
v -248.146 -41.772 15.907
v -249.992 -42.064 15.369
v -249.962 -33.327 43.329
v -246.348 -34.078 43.341
v -249.936 -34.334 33.343
v -240.258 -47.198 25.876
v -240.207 -50.751 20.262
v -240.254 -50.528 19.982
v -240.258 -50.018 19.98
v -240.199 -48.95 19.753
v -240.727 -46.91 19.489
v -241.495 -45.115 18.977
v -240.195 -44.333 34.368
v -240.219 -43.324 43.329
v -240.469 -46.14 43.332
v -240.233 -41.284 43.322
v -243.276 -55.361 26.162
v -247.167 -57.956 26.139
v -247.121 -57.924 25.906
v -246.373 -57.939 25.639
v -245.874 -57.948 25.119
v -245.635 -57.96 24.854
v -243.334 -55.401 25.877
v -244.856 -57.954 24.346
v -242.822 -55.145 25.62
v -244.084 -57.695 23.579
v -243.272 -57.409 23.088
v -242.496 -57.148 22.322
v -241.986 -56.38 21.808
v -241.509 -55.636 21.277
v -244.329 -54.867 28.712
v -249.938 -55.102 32.573
v -249.98 -57.695 27.425
v -248.178 -57.946 26.659
v -242.046 -53.602 26.136
v -241.991 -53.564 25.907
v -241.75 -53.318 25.643
v -241.52 -53.337 25.373
v -241.538 -53.349 25.365
v -241.232 -53.058 24.876
v -240.968 -54.847 21.035
v -240.713 -53.823 20.778
v -240.479 -53.069 20.51
v -240.51 -52.834 20.495
v -240.193 -52.792 20.525
v -240.203 -52.03 20.263
v -240.191 -50.996 20.27
v -243.018 -52.795 30.008
v -245.119 -52.831 35.367
v -243.079 -51.557 33.567
v -241.244 -49.99 31.28
v -243.015 -50.742 36.676
v -242.766 -50.235 38.723
v -241.261 -47.951 43.321
v -242.501 -49.46 43.342
v -244.556 -51.514 43.34
v -243.048 -41.536 22.046
v -242.782 -43.58 18.205
v -244.336 -42.566 17.428
v -243.06 -40.519 23.834
v -241.283 -41.301 27.671
v -243.054 -38.464 28.965
v -243.011 -37.409 33.601
v -245.093 -36.404 30.253
v -243.036 -36.657 36.665
v -243.061 -36.161 43.318
v -241.015 -39.241 43.316
v -255.847 -45.624 14.108
v -256.913 -46.422 13.831
v -255.324 -44.848 13.857
v -243.583 -50.269 22.291
v -240.727 -46.91 19.489
v -240.474 -47.938 19.487
v -240.199 -48.95 19.753
v -240.191 -50.996 20.27
v -240.479 -53.069 20.51
v -240.968 -54.847 21.035
v -241.986 -56.38 21.808
v -242.496 -57.148 22.322
v -247.425 -54.368 25.626
v -243.272 -57.409 23.088
v -244.856 -57.954 24.346
v -246.373 -57.939 25.639
v -248.178 -57.946 26.659
v -249.98 -57.695 27.425
v -245.855 -45.116 20.001
v -248.146 -41.772 15.907
v -246.101 -41.776 16.674
v -244.327 -42.559 17.433
v -242.782 -43.58 18.205
v -241.495 -45.115 18.977
v -250.459 -47.16 21.801
v -250.187 -51.507 25.142
v -251.478 -50.232 24.368
v -255.319 -52.792 25.653
v -255.581 -55.36 27.701
v -256.378 -54.867 27.174
v -257.378 -54.336 26.674
v -258.451 -53.344 25.112
v -259.212 -52.313 23.578
v -253.56 -52.561 25.891
v -253.072 -53.347 26.391
v -252.007 -56.909 27.949
v -253.81 -56.402 27.945
v -255.636 -46.425 17.931
v -259.699 -49.731 17.95
v -259.179 -48.957 16.159
v -258.203 -47.709 14.596
v -257.369 -47.151 14.116
v -253.534 -43.569 14.111
v -253.556 -45.636 18.458
v -251.728 -42.536 14.629
v -249.992 -42.064 15.369
v -255.374 -47.19 19.729
v -255.638 -47.965 20.493
v -259.724 -51.543 21.783
v -259.978 -50.516 19.734
v -202.78 -45.883 102.812
v -210.993 -43.325 102.039
v -199.969 -43.325 103.064
v -199.987 -46.927 102.542
v -200.766 -49.241 101.256
v -199.996 -50.01 100.231
v -202.805 -49.233 101.005
v -200.756 -51.798 97.927
v -200.005 -52.324 97.149
v -211.222 -45.87 101.796
v -202.571 -51.812 97.917
v -200.508 -53.086 93.309
v -199.993 -53.084 93.566
v -199.975 -52.559 89.729
v -210.972 -49.207 100.255
v -202.254 -53.052 93.333
v -200.478 -51.783 88.709
v -199.967 -50.502 86.914
v -210.23 -51.79 96.908
v -202.01 -51.779 88.712
v -200.481 -49.221 85.375
v -199.965 -48.194 84.863
v -209.49 -53.092 92.279
v -202.003 -49.21 85.383
v -200.499 -45.901 83.828
v -199.98 -45.897 83.83
v -200.003 -44.375 83.563
v -208.468 -51.812 87.919
v -201.779 -45.9 83.828
v -199.971 -43.326 83.579
v -207.927 -49.229 84.6
v -232.811 -45.907 92.796
v -235.098 -43.329 91.781
v -221.745 -43.314 99.226
v -207.639 -45.874 83.077
v -211.493 -43.316 81.791
v -259.193 -45.89 48.968
v -258.94 -47.431 43.326
v -259.718 -45.129 43.322
v -259.948 -43.317 43.335
v -258.159 -43.32 57.177
v -257.662 -49.228 48.708
v -255.636 -51.296 43.312
v -257.666 -49.487 43.322
v -254.315 -51.782 48.459
v -253.054 -52.566 43.321
v -249.692 -53.058 47.95
v -249.98 -53.08 43.32
v -246.857 -52.534 43.343
v -245.08 -51.777 47.693
v -244.304 -51.261 43.338
v -242.008 -49.217 47.178
v -241.256 -47.691 43.324
v -242.501 -49.46 43.342
v -240.49 -45.898 47.168
v -239.483 -43.348 50.748
v -240.219 -43.324 43.329
v -240.472 -45.886 43.331
v -216.148 -47.446 99.974
v -221.521 -49.233 97.159
v -226.924 -47.452 95.611
v -232.04 -49.239 91.515
v -230.203 -51.773 88.973
v -220.495 -51.797 93.826
v -219.73 -52.825 91.773
v -239.191 -45.886 87.94
v -245.332 -43.314 82.305
v -238.946 -47.432 87.421
v -235.578 -50.228 87.695
v -238.163 -49.218 86.659
v -227.162 -50.26 76.649
v -225.116 -51.801 81.261
v -223.321 -49.237 78.441
v -222.297 -45.905 77.158
v -227.368 -47.404 74.11
v -222.26 -43.316 76.664
v -230.73 -43.323 68.968
v -228.167 -49.22 74.608
v -241.738 -53.054 71.027
v -245.362 -51.027 76.137
v -238.174 -53.071 75.629
v -257.386 -45.881 58.973
v -253.265 -43.304 70.776
v -238.424 -51.015 65.121
v -245.629 -53.085 64.082
v -258.167 -47.428 52.814
v -256.644 -47.438 59.729
v -255.591 -50.239 55.64
v -255.598 -49.219 59.482
v -247.371 -53.048 58.725
v -242.283 -50.256 51.27
v -239.984 -47.442 53.061
v -241.007 -49.235 53.062
v -213.041 -52.296 87.939
v -212.031 -49.743 84.086
v -214.039 -49.969 83.595
v -221.538 -52.322 84.332
v -227.672 -53.078 85.111
v -217.415 -49.743 82.291
v -237.157 -51.795 83.316
v -234.85 -53.077 78.958
v -246.41 -46.94 79.972
v -238.962 -51.802 81.517
v -248.95 -45.642 77.164
v -237.65 -52.55 80.763
v -250.258 -46.942 74.33
v -230.969 -51.77 76.412
v -249.941 -49.719 71.284
v -252.001 -49.214 68.716
v -230.994 -49.224 71.785
v -253.272 -49.206 65.645
v -232.281 -49.228 70.5
v -234.341 -49.747 68.701
v -237.167 -43.342 58.187
v -251.258 -51.796 62.293
v -250.204 -52.545 61.282
v -252.256 -51.776 59.487
v -243.58 -51.804 55.621
v -216.65 -52.567 87.16
v -218.179 -52.56 86.396
v -216.921 -51.808 85.358
v -234.08 -51.795 73.318
v -234.616 -51.811 72.537
v -249.435 -51.775 66.666
v -238.711 -48.73 59.209
v -238.918 -47.413 56.67
v -241.469 -51.763 61.291
v -243.331 -52.579 60.489
v -242.247 -51.769 58.98
v -199.971 -43.326 83.579
v -110.01 -43.345 83.566
v -109.972 -40.242 83.841
v -199.992 -40.265 83.824
v -109.988 -37.69 85.114
v -199.986 -37.441 85.366
v -199.96 -35.628 87.173
v -109.963 -35.364 87.435
v -199.941 -34.333 88.977
v -109.984 -33.841 89.988
v -199.981 -33.591 91.265
v -110.008 -33.345 93.052
v -200 -33.348 93.306
v -199.957 -33.575 95.635
v -109.975 -33.834 96.145
v -200.001 -34.631 97.92
v -110.019 -35.147 98.944
v -199.971 -35.892 99.73
v -110.001 -37.186 101.26
v -199.94 -37.408 101.284
v -110.006 -38.728 102.026
v -199.983 -39.489 102.288
v -110.004 -40.52 102.797
v -199.944 -41.257 103.076
v -109.999 -43.337 103.055
v -199.969 -43.325 103.064
v -93.313 -41.271 104.092
v -110.006 -38.728 102.026
v -110.001 -37.186 101.26
v -49.98 -37.165 105.889
v -76.424 -46.421 104.845
v -63.35 -53.087 84.847
v -50.01 -53.338 83.826
v -49.996 -49.226 80.757
v -109.966 -49.211 85.382
v -76.436 -54.89 89.969
v -104.363 -49.494 101.258
v -109.96 -51.001 99.229
v -109.993 -48.973 101.264
v -104.343 -47.685 102.55
v -109.978 -46.143 102.81
v -109.999 -43.337 103.055
v -101.506 -48.442 102.303
v -101.547 -46.932 103.051
v -110.004 -40.52 102.797
v -93.294 -50.231 101.538
v -72.043 -55.378 91.525
v -76.427 -53.858 99.203
v -69.728 -55.629 92.041
v -82.04 -47.686 104.088
v -84.832 -48.179 103.845
v -56.654 -56.399 90.246
v -50.029 -56.171 88.175
v -54.348 -56.912 93.322
v -50.017 -57.188 93.309
v -49.985 -56.653 96.401
v -56.668 -56.666 91.521
v -104.332 -53.317 93.07
v -109.989 -52.56 90.498
v -109.971 -53.06 93.584
v -104.38 -53.351 95.354
v -109.964 -52.542 96.664
v -101.497 -53.563 94.616
v -101.521 -53.324 96.142
v -93.349 -54.115 93.306
v -84.896 -54.377 96.635
v -93.327 -46.152 103.828
v -82.064 -54.112 97.41
v -63.345 -55.647 89.465
v -63.352 -56.165 94.332
v -72.017 -53.309 100.767
v -69.729 -52.81 101.27
v -63.298 -51.513 103.332
v -54.38 -53.346 102.279
v -50.017 -52.574 103.82
v -49.988 -55.63 99.476
v -107.186 -52.059 88.695
v -109.98 -51.272 87.682
v -101.516 -52.551 88.71
v -93.353 -53.349 97.919
v -56.631 -56.126 96.924
v -56.648 -53.831 101.53
v -63.351 -45.653 106.126
v -56.638 -44.851 106.662
v -54.326 -44.079 106.921
v -50.03 -42.584 107.146
v -49.957 -47.917 106.413
v -56.625 -49.969 104.874
v 49.979 -29.237 93.313
v -50.019 -29.245 93.307
v -49.968 -29.722 90.256
v 49.974 -30.265 87.927
v -49.967 -30.746 87.181
v 49.979 -33.338 83.571
v -49.992 -34.097 82.81
v 49.98 -37.696 80.495
v -49.998 -38.716 80.243
v 50.011 -42.802 79.485
v -49.96 -43.817 79.493
v 49.961 -46.17 79.717
v -49.996 -49.226 80.757
v 49.973 -49.238 80.748
v -50.01 -53.338 83.826
v 49.962 -53.348 83.819
v -50.029 -56.171 88.175
v 49.96 -56.169 88.176
v 50.024 -57.15 93.336
v -50.017 -57.188 93.309
v 76.369 -31.555 96.638
v 109.987 -37.172 101.269
v 110.007 -35.108 98.972
v 110.017 -33.819 96.157
v 109.989 -33.325 93.066
v 109.949 -33.866 89.97
v 76.389 -32.567 87.419
v 109.969 -35.39 87.416
v 110.009 -37.67 85.129
v 76.43 -39.973 81.542
v 109.987 -40.249 83.836
v 110.002 -43.315 83.587
v 76.411 -44.601 81.276
v 109.989 -46.145 83.836
v 110.003 -47.673 84.613
v 109.956 -49.244 85.358
v 49.973 -49.238 80.748
v 63.357 -33.306 101.797
v 50.026 -33.049 102.823
v 49.986 -37.179 105.879
v 72.013 -31.041 95.101
v 69.71 -30.782 94.59
v 56.681 -30.237 96.408
v 49.958 -30.277 98.43
v 54.327 -29.757 93.308
v 50.027 -29.716 90.261
v 49.979 -29.237 93.313
v 56.641 -29.752 94.85
v 63.296 -30.785 97.152
v 63.299 -30.27 92.026
v 72.075 -33.305 85.903
v 69.716 -33.598 85.364
v 63.331 -34.862 83.325
v 54.32 -33.094 84.331
v 50.019 -34.08 82.822
v 50.011 -30.753 87.176
v 69.755 -39.724 81.281
v 56.658 -30.253 89.731
v 56.665 -32.555 85.119
v 63.309 -42.569 80.238
v 56.652 -41.537 79.986
v 54.359 -42.297 79.736
v 49.985 -43.846 79.472
v 50.012 -38.699 80.255
v 56.664 -36.658 81.53
v 199.986 -43.317 83.585
v 110.002 -43.315 83.587
v 109.951 -44.889 83.561
v 199.988 -46.393 83.842
v 110.018 -46.637 84.108
v 200.008 -48.942 85.391
v 109.956 -49.244 85.358
v 199.952 -51.289 87.67
v 109.973 -51.283 87.674
v 109.983 -52.558 90.243
v 199.945 -52.576 90.487
v 109.988 -53.067 93.322
v 199.94 -53.092 93.561
v 110.006 -52.542 96.408
v 199.959 -52.566 96.647
v 109.977 -51.28 99.213
v 199.971 -51.019 99.216
v 109.952 -48.99 101.252
v 199.991 -48.698 101.534
v 109.965 -46.161 102.54
v 199.944 -46.167 102.792
v 109.963 -43.342 103.052
v 199.991 -43.314 103.072
v 202.819 -40.488 102.82
v 211.002 -43.323 102.04
v 199.991 -43.314 103.072
v 199.995 -39.466 102.561
v 200.719 -37.446 101.257
v 199.98 -36.4 100.246
v 202.796 -37.428 101.013
v 200.767 -34.592 97.948
v 199.969 -34.1 97.164
v 211.284 -40.485 101.797
v 202.51 -34.629 97.922
v 200.478 -33.334 93.317
v 199.991 -33.316 93.586
v 199.977 -34.094 89.734
v 211.003 -37.426 100.246
v 202.28 -33.328 93.321
v 200.47 -34.621 88.698
v 200.006 -35.869 86.928
v 210.203 -34.627 96.898
v 202.058 -34.586 88.723
v 200.478 -37.436 85.369
v 199.972 -38.2 84.86
v 209.46 -33.327 92.296
v 202.012 -37.439 85.367
v 200.478 -40.512 83.831
v 199.985 -40.754 83.841
v 199.942 -42.067 83.563
v 208.455 -34.595 87.948
v 201.782 -40.497 83.842
v 199.986 -43.317 83.585
v 207.901 -37.444 84.594
v 232.816 -40.488 92.822
v 235.108 -43.319 91.788
v 221.733 -43.349 99.202
v 207.656 -40.512 83.062
v 211.487 -43.343 81.773
v 259.203 -40.501 48.972
v 258.903 -38.994 43.31
v 259.716 -41.014 43.331
v 259.942 -43.342 43.317
v 258.153 -43.339 57.163
v 257.644 -37.439 48.705
v 257.666 -36.911 43.332
v 255.602 -35.126 43.326
v 254.348 -34.593 48.467
v 252.785 -33.842 43.327
v 249.68 -33.349 47.928
v 247.893 -33.6 43.317
v 249.929 -33.354 43.309
v 245.099 -34.607 47.688
v 243.013 -36.426 43.312
v 245.84 -34.37 43.316
v 242.02 -37.429 47.174
v 240.962 -39.503 43.312
v 240.494 -40.497 47.18
v 239.442 -43.335 50.756
v 240.251 -43.308 43.341
v 216.129 -38.966 99.988
v 221.485 -37.447 97.154
v 226.886 -38.973 95.625
v 232.036 -37.419 91.534
v 230.192 -34.633 88.946
v 220.493 -34.603 93.838
v 219.713 -33.585 91.782
v 239.233 -40.482 87.954
v 245.344 -43.332 82.293
v 238.924 -38.981 87.415
v 235.633 -36.387 87.693
v 238.185 -37.421 86.661
v 227.115 -36.428 76.639
v 225.06 -34.636 81.253
v 223.273 -37.451 78.436
v 222.299 -40.491 77.18
v 227.41 -38.965 74.095
v 228.156 -37.443 74.596
v 222.298 -43.312 76.667
v 230.757 -43.314 68.975
v 241.745 -33.34 71.008
v 245.328 -35.395 76.132
v 238.189 -33.317 75.639
v 257.42 -40.493 58.976
v 253.277 -43.342 70.749
v 238.405 -35.396 65.108
v 245.633 -33.31 64.107
v 258.205 -38.944 52.831
v 256.661 -38.948 59.75
v 255.614 -36.399 55.637
v 255.61 -37.428 59.481
v 247.39 -33.337 58.704
v 242.27 -36.408 51.273
v 239.998 -38.947 53.085
v 241.004 -37.422 53.075
v 213.066 -34.085 87.946
v 212.043 -36.903 84.102
v 214.08 -36.656 83.582
v 221.491 -34.109 84.339
v 227.688 -33.31 85.13
v 217.397 -36.924 82.292
v 237.176 -34.59 83.337
v 234.826 -33.338 78.957
v 246.379 -39.48 79.99
v 238.948 -34.606 81.531
v 248.965 -40.746 77.182
v 237.634 -33.859 80.745
v 250.198 -39.498 74.337
v 231.009 -34.6 76.407
v 249.949 -36.673 71.264
v 252.009 -37.436 68.705
v 231.022 -37.411 71.799
v 253.293 -37.434 65.629
v 232.256 -37.444 70.493
v 234.327 -36.661 68.709
v 237.12 -43.346 58.184
v 251.231 -34.622 62.291
v 250.245 -33.825 61.285
v 252.281 -34.605 59.483
v 243.578 -34.595 55.644
v 216.604 -33.864 87.151
v 218.167 -33.847 86.394
v 216.909 -34.599 85.381
v 234.056 -34.621 73.316
v 234.552 -34.632 72.539
v 249.472 -34.597 66.667
v 238.695 -37.68 59.228
v 238.974 -38.946 56.675
v 241.508 -34.608 61.275
v 243.303 -33.839 60.506
v 242.282 -34.605 58.97
v 249.934 -53.604 37.672
v 249.959 -53.074 43.324
v 247.178 -52.534 43.344
v 248.183 -41.78 15.901
v 246.097 -41.804 16.653
v 249.996 -37.153 24.115
v 249.976 -42.038 15.388
v 240.219 -44.355 34.352
v 240.476 -45.381 43.326
v 240.251 -43.308 43.341
v 241.02 -39.462 43.341
v 240.191 -47.196 25.878
v 241.482 -45.138 18.96
v 240.762 -46.898 19.498
v 240.253 -48.947 19.756
v 240.239 -49.982 20.005
v 240.232 -50.499 20.002
v 240.257 -50.738 20.271
v 242.808 -50.234 38.723
v 244.598 -51.52 43.336
v 242.534 -49.478 43.329
v 241.283 -47.662 43.344
v 245.117 -52.797 35.391
v 250.001 -55.095 32.578
v 243.078 -50.738 36.679
v 243.007 -51.556 33.567
v 243.043 -52.813 29.996
v 241.223 -50.011 31.265
v 244.293 -54.887 28.698
v 249.955 -57.691 27.427
v 247.145 -57.941 26.15
v 248.194 -57.924 26.675
v 243.054 -36.911 36.667
v 242.801 -36.395 43.334
v 243.299 -55.377 26.15
v 245.575 -57.963 24.852
v 245.831 -57.963 25.109
v 246.345 -57.962 25.622
v 247.138 -57.945 25.89
v 243.273 -55.395 25.881
v 244.814 -57.957 24.344
v 241.999 -53.595 26.141
v 242.764 -55.136 25.626
v 241.471 -55.657 21.262
v 242.001 -56.414 21.784
v 242.531 -57.171 22.305
v 243.329 -57.407 23.089
v 244.063 -57.688 23.584
v 242.027 -53.576 25.899
v 241.773 -53.318 25.643
v 246.112 -34.359 38.453
v 244.865 -34.848 43.341
v 247.427 -33.824 43.34
v 249.929 -33.354 43.309
v 249.956 -34.361 33.324
v 241.471 -53.35 25.364
v 241.495 -53.333 25.376
v 243.074 -37.409 33.6
v 241.214 -53.094 24.851
v 240.252 -50.998 20.268
v 240.187 -52.069 20.236
v 240.201 -52.829 20.499
v 240.477 -53.071 20.509
v 240.48 -53.326 20.51
v 240.502 -53.566 20.778
v 240.701 -53.863 20.749
v 241.012 -54.85 21.033
v 241.22 -41.297 27.674
v 243.036 -38.461 28.967
v 245.087 -36.41 30.249
v 243.072 -40.487 23.857
v 243.079 -41.508 22.066
v 244.299 -42.576 17.42
v 242.764 -43.6 18.191
v 255.835 -45.653 14.087
v 256.902 -46.393 13.852
v 255.373 -44.849 13.856
v 243.578 -50.234 22.316
v 240.762 -46.898 19.498
v 240.504 -47.925 19.497
v 240.253 -48.947 19.756
v 240.252 -50.998 20.268
v 240.477 -53.071 20.509
v 241.012 -54.85 21.033
v 242.001 -56.414 21.784
v 242.531 -57.171 22.305
v 247.424 -54.336 25.649
v 243.329 -57.407 23.089
v 244.814 -57.957 24.344
v 246.345 -57.962 25.622
v 248.194 -57.924 26.675
v 249.955 -57.691 27.427
v 245.868 -45.118 20
v 248.183 -41.78 15.901
v 246.097 -41.804 16.653
v 244.314 -42.565 17.428
v 242.764 -43.6 18.191
v 241.482 -45.138 18.96
v 250.446 -47.195 21.776
v 250.203 -51.544 25.116
v 251.513 -50.243 24.36
v 255.328 -52.828 25.627
v 255.617 -55.369 27.694
v 256.39 -54.853 27.184
v 257.426 -54.333 26.676
v 258.424 -53.327 25.124
v 259.171 -52.317 23.575
v 253.568 -52.548 25.9
v 253.074 -53.303 26.423
v 252.01 -56.919 27.942
v 253.84 -56.382 27.959
v 255.626 -46.389 17.957
v 259.69 -49.749 17.937
v 259.198 -48.965 16.153
v 258.154 -47.696 14.606
v 257.398 -47.174 14.1
v 253.544 -43.591 14.095
v 253.583 -45.614 18.473
v 249.976 -42.038 15.388
v 251.731 -42.578 14.599
v 255.333 -47.184 19.733
v 255.615 -47.936 20.515
v 259.686 -51.546 21.781
v 259.994 -50.485 19.756
v 201.781 -45.881 83.842
v 207.428 -43.313 82.819
v 199.986 -43.317 83.585
v 199.988 -46.905 84.099
v 200.493 -49.218 85.377
v 200.008 -49.968 86.16
v 201.987 -49.249 85.355
v 200.449 -51.813 88.687
v 199.954 -52.313 89.466
v 207.674 -45.884 83.071
v 215.106 -43.322 80.506
v 201.998 -51.805 88.693
v 200.521 -53.044 93.338
v 199.988 -53.058 93.072
v 199.977 -52.554 96.912
v 207.946 -49.205 84.617
v 202.262 -53.082 93.311
v 200.707 -51.812 97.918
v 199.979 -50.501 99.733
v 208.403 -51.809 87.922
v 202.503 -51.811 97.919
v 215.122 -45.874 81.026
v 200.764 -49.208 101.279
v 199.99 -48.186 101.79
v 209.487 -53.049 92.309
v 202.774 -49.237 101.002
v 215.9 -49.201 82.312
v 200.724 -45.903 102.798
v 199.967 -45.895 102.804
v 199.998 -44.334 103.076
v 210.22 -51.793 96.906
v 202.822 -45.87 102.821
v 199.991 -43.314 103.072
v 213.842 -43.309 101.537
v 217.171 -51.773 85.383
v 210.981 -49.234 100.235
v 222.278 -45.89 77.169
v 225.876 -43.321 74.097
v 218.714 -53.051 89.744
v 211.281 -45.871 101.795
v 223.337 -49.2 78.468
v 220.516 -51.764 93.85
v 225.071 -51.806 81.258
v 221.784 -49.21 96.919
v 228.693 -45.886 72.045
v 233.291 -43.334 65.627
v 227.649 -53.077 85.111
v 222.294 -45.879 98.456
v 227.414 -43.321 96.402
v 229.695 -49.235 73.059
v 230.203 -51.803 88.951
v 232.038 -51.775 75.383
v 232.039 -49.21 91.536
v 233.843 -45.87 65.647
v 235.363 -53.062 78.713
v 232.823 -45.867 92.825
v 238.958 -43.316 88.714
v 235.063 -49.247 66.641
v 238.699 -51.778 82.047
v 237.884 -51.809 68.436
v 240.973 -49.237 84.338
v 237.642 -45.903 58.445
v 238.461 -43.305 54.624
v 241.763 -53.068 71.017
v 242.025 -45.886 85.376
v 248.45 -43.311 78.462
v 238.907 -49.248 59.206
v 245.578 -51.808 73.565
v 242.004 -51.797 60.497
v 248.155 -49.235 75.366
v 246.349 -53.089 62.029
v 249.443 -45.898 76.138
v 255.872 -43.32 64.868
v 240.455 -45.908 47.161
v 240.251 -43.308 43.341
v 241.283 -47.662 43.344
v 240.476 -45.381 43.326
v 250.72 -51.798 63.83
v 241.991 -49.243 47.16
v 244.598 -51.52 43.336
v 242.534 -49.478 43.329
v 253.584 -49.203 65.134
v 245.077 -51.8 47.677
v 247.178 -52.534 43.344
v 255.07 -45.907 65.621
v 258.946 -43.322 54.099
v 249.692 -53.081 47.934
v 252.293 -52.799 43.337
v 249.959 -53.074 43.324
v 254.341 -51.776 48.463
v 257.134 -50 43.323
v 254.101 -52.02 43.344
v 257.656 -49.224 48.711
v 259.227 -46.894 43.343
v 259.175 -45.905 48.957
v 259.942 -43.342 43.317
v 199.991 -43.314 103.072
v 109.963 -43.342 103.052
v 109.977 -41.538 103.059
v 199.976 -40.248 102.552
v 109.988 -39.736 102.551
v 199.965 -37.436 101.264
v 109.987 -37.172 101.269
v 200.001 -35.103 98.975
v 109.988 -35.121 98.962
v 109.975 -33.848 96.392
v 199.942 -33.862 96.126
v 109.95 -33.353 93.303
v 200.008 -33.303 93.082
v 109.951 -33.865 90.227
v 199.99 -33.829 89.996
v 109.996 -35.372 87.429
v 199.94 -35.402 87.151
v 109.948 -37.456 85.355
v 199.948 -37.704 85.104
v 109.975 -40.257 83.83
v 199.981 -40.244 83.839
v 110.002 -43.315 83.587
v 199.986 -43.317 83.585
v 93.305 -41.287 104.08
v 109.995 -38.706 102.042
v 109.987 -37.172 101.269
v 49.986 -37.179 105.879
v 76.393 -46.409 104.854
v 63.301 -53.086 84.848
v 49.973 -49.238 80.748
v 109.956 -49.244 85.358
v 49.962 -53.348 83.819
v 76.38 -54.878 89.978
v 104.315 -49.501 101.253
v 109.961 -51.035 99.205
v 109.979 -48.971 101.265
v 104.31 -47.71 102.533
v 109.971 -46.157 102.799
v 109.963 -43.342 103.052
v 101.502 -48.471 102.282
v 101.531 -46.912 103.066
v 109.966 -40.52 102.797
v 93.343 -50.234 101.536
v 72.073 -55.355 91.541
v 76.402 -53.837 99.218
v 69.77 -55.608 92.056
v 82.007 -47.708 104.072
v 84.884 -48.181 103.844
v 56.651 -56.408 90.24
v 49.96 -56.169 88.176
v 54.324 -56.934 93.307
v 50.028 -56.634 96.414
v 50.024 -57.15 93.336
v 56.639 -56.673 91.772
v 104.331 -53.335 93.057
v 110.011 -52.538 90.514
v 109.95 -53.093 93.56
v 104.358 -53.316 95.378
v 109.959 -52.575 96.384
v 101.518 -53.587 94.599
v 101.519 -53.329 96.138
v 93.303 -54.107 93.312
v 84.846 -54.361 96.646
v 93.318 -46.149 103.83
v 82.052 -54.086 97.429
v 63.312 -55.642 89.468
v 63.334 -56.139 94.607
v 72.045 -53.324 100.757
v 69.72 -52.823 101.261
v 63.353 -51.512 103.333
v 54.364 -53.317 102.3
v 50 -52.295 103.835
v 50.028 -55.609 99.491
v 107.144 -52.058 88.695
v 109.989 -51.272 87.682
v 101.558 -52.533 88.722
v 93.312 -53.332 97.931
v 56.667 -56.14 96.914
v 56.636 -53.855 101.513
v 63.334 -45.628 106.144
v 56.64 -44.879 106.642
v 54.323 -44.116 106.894
v 49.978 -42.568 107.157
v 50.012 -47.672 106.405
v 56.669 -49.986 105.119
v 50.024 -57.15 93.336
v -50.017 -57.188 93.309
v -49.985 -56.653 96.401
v 49.968 -56.164 98.435
v -49.988 -55.63 99.476
v 50.014 -53.055 103.073
v -50.017 -52.574 103.82
v 49.987 -48.715 106.136
v -49.957 -47.917 106.413
v 49.976 -43.596 107.156
v -50.03 -42.584 107.146
v 49.973 -40.265 106.898
v -49.98 -37.165 105.889
v 49.986 -37.179 105.879
v -49.987 -33.068 102.809
v 50.026 -33.049 102.823
v -49.992 -30.251 98.448
v 49.958 -30.277 98.43
v -50.019 -29.245 93.307
v 49.979 -29.237 93.313
v -76.433 -31.558 96.636
v -110.001 -37.186 101.26
v -110.019 -35.147 98.944
v -109.975 -33.834 96.145
v -110.008 -33.345 93.052
v -109.984 -33.841 89.988
v -76.419 -32.573 87.414
v -109.963 -35.364 87.435
v -109.988 -37.69 85.114
v -76.368 -39.972 81.543
v -109.972 -40.242 83.841
v -110.01 -43.345 83.566
v -76.396 -44.606 81.273
v -109.966 -49.211 85.382
v -49.996 -49.226 80.757
v -109.968 -46.136 83.843
v -109.996 -47.694 84.598
v -63.339 -33.339 101.773
v -49.987 -33.068 102.809
v -49.98 -37.165 105.889
v -72.038 -31.019 95.117
v -69.745 -30.773 94.596
v -56.65 -30.246 96.401
v -49.992 -30.251 98.448
v -54.368 -29.751 93.312
v -49.968 -29.722 90.256
v -50.019 -29.245 93.307
v -56.693 -30.019 94.842
v -63.356 -30.787 97.15
v -63.288 -30.227 92.057
v -72.067 -33.347 85.872
v -69.727 -33.581 85.376
v -63.305 -34.853 83.331
v -54.353 -33.074 84.346
v -49.992 -34.097 82.81
v -49.967 -30.746 87.181
v -69.749 -39.749 81.263
v -56.688 -30.273 89.716
v -56.633 -32.542 85.129
v -63.342 -42.57 80.237
v -56.689 -41.554 79.974
v -54.316 -42.277 79.75
v -49.96 -43.817 79.493
v -49.998 -38.716 80.243
v -56.647 -36.653 81.533
v -199.969 -43.325 103.064
v -109.999 -43.337 103.055
v -109.978 -46.143 102.81
v -199.983 -46.155 102.544
v -109.993 -48.973 101.264
v -199.968 -48.965 101.27
v -199.995 -50.778 99.462
v -109.96 -51.001 99.229
v -199.972 -52.044 97.679
v -109.964 -52.542 96.664
v -199.992 -52.827 95.362
v -109.971 -53.06 93.584
v -199.944 -53.05 93.078
v -199.982 -52.82 91.008
v -109.989 -52.56 90.498
v -199.939 -52.021 88.722
v -109.98 -51.272 87.682
v -200.005 -50.785 86.895
v -109.966 -49.211 85.382
v -199.943 -48.947 85.387
v -109.996 -47.694 84.598
v -199.974 -46.918 84.09
v -109.968 -46.136 83.843
v -199.965 -45.117 83.582
v -110.01 -43.345 83.566
v -199.971 -43.326 83.579
v -201.733 -40.484 83.851
v -207.388 -43.314 82.819
v -199.971 -43.326 83.579
v -200.002 -39.503 84.076
v -200.466 -37.417 85.382
v -199.947 -36.388 86.154
v -202.017 -37.426 85.376
v -200.459 -34.593 88.718
v -199.971 -34.097 89.475
v -207.654 -40.501 83.07
v -215.072 -43.309 80.515
v -202.016 -34.606 88.709
v -200.451 -33.305 93.337
v -199.973 -33.329 93.063
v -199.976 -34.101 96.907
v -207.886 -37.407 84.62
v -202.248 -33.306 93.336
v -200.706 -34.586 97.953
v -199.998 -35.911 99.717
v -208.464 -34.632 87.921
v -202.54 -34.613 97.933
v -215.112 -40.517 81.008
v -200.718 -37.414 101.28
v -199.967 -38.196 101.783
v -209.456 -33.327 92.296
v -202.806 -37.44 101.005
v -215.85 -37.419 82.305
v -200.731 -40.5 102.811
v -200.003 -40.785 102.791
v -199.937 -42.021 103.08
v -210.249 -34.626 96.899
v -202.822 -40.528 102.791
v -199.969 -43.325 103.064
v -213.805 -43.319 101.53
v -217.148 -34.61 85.373
v -210.987 -37.424 100.247
v -222.277 -40.508 77.168
v -225.886 -43.342 74.082
v -218.66 -33.31 89.745
v -211.278 -40.525 101.768
v -223.278 -37.414 78.462
v -220.465 -34.599 93.841
v -225.122 -34.628 81.258
v -221.788 -37.447 96.898
v -228.707 -40.522 72.031
v -233.329 -43.347 65.618
v -227.667 -33.334 85.113
v -222.271 -40.503 98.45
v -227.404 -43.327 96.397
v -229.743 -37.453 73.051
v -230.197 -34.591 88.976
v -232.051 -34.633 75.358
v -232.023 -37.433 91.524
v -233.804 -40.501 65.636
v -235.334 -33.316 78.716
v -232.771 -40.495 92.816
v -238.925 -43.316 88.714
v -235.099 -37.433 66.656
v -238.71 -34.629 82.027
v -237.951 -34.635 68.435
v -240.958 -37.407 84.364
v -237.682 -40.523 58.442
v -238.393 -43.302 54.626
v -241.759 -33.327 71.017
v -241.985 -40.485 85.389
v -248.425 -43.326 78.452
v -238.922 -37.418 59.232
v -245.586 -34.596 73.59
v -241.981 -34.585 60.523
v -248.16 -37.424 75.379
v -246.353 -33.313 62.054
v -249.43 -40.492 76.154
v -255.885 -43.344 64.851
v -240.473 -40.503 47.176
v -241.023 -38.991 43.312
v -240.257 -41.3 43.31
v -240.219 -43.324 43.329
v -250.756 -34.626 63.826
v -242.004 -37.421 47.179
v -244.328 -35.125 43.326
v -242.278 -36.921 43.325
v -253.587 -37.454 65.103
v -245.122 -34.63 47.671
v -246.906 -33.854 43.319
v -255.064 -40.487 65.646
v -258.971 -43.35 54.079
v -249.681 -33.309 47.956
v -249.962 -33.327 43.329
v -253.052 -33.848 43.322
v -254.33 -34.615 48.452
v -255.579 -35.105 43.341
v -257.638 -37.418 48.72
v -258.932 -38.965 43.33
v -257.679 -36.934 43.316
v -259.177 -40.495 48.976
v -259.948 -43.317 43.335
v -259.428 -40.747 43.339
v 249.934 -53.604 37.672
v 252.501 -52.833 43.313
v 249.959 -53.074 43.324
v 251.995 -56.93 27.934
v 253.84 -56.382 27.959
v 250.001 -55.095 32.578
v 250.987 -57.431 27.686
v 249.955 -57.691 27.427
v 259.975 -44.345 34.36
v 259.942 -43.342 43.317
v 259.172 -46.932 43.316
v 259.716 -41.014 43.331
v 259.997 -47.15 25.654
v 258.424 -53.327 25.124
v 258.959 -52.799 24.366
v 259.171 -52.317 23.575
v 259.448 -51.79 22.816
v 259.682 -51.806 22.292
v 259.686 -51.546 21.781
v 259.729 -51.26 21.29
v 259.712 -51.015 20.769
v 254.087 -34.597 38.466
v 249.956 -34.361 33.324
v 249.929 -33.354 43.309
v 252.785 -33.842 43.327
v 255.602 -35.126 43.326
v 257.177 -36.895 36.678
v 257.666 -36.911 43.332
v 258.903 -38.994 43.31
v 254.822 -36.415 30.245
v 249.996 -37.153 24.115
v 257.119 -37.448 33.316
v 257.108 -38.481 28.953
v 258.654 -41.296 27.418
v 257.112 -40.53 23.827
v 256.12 -41.275 20.511
v 253.544 -43.591 14.095
v 251.731 -42.578 14.599
v 249.976 -42.038 15.388
v 257.147 -50.247 38.714
v 257.177 -49.97 43.344
v 255.087 -51.535 43.325
v 257.125 -44.109 17.681
v 256.088 -45.656 13.829
v 255.373 -44.849 13.856
v 254.559 -44.367 13.834
v 254.341 -44.084 14.109
v 254.06 -43.845 14.097
v 257.167 -50.746 36.673
v 257.432 -44.33 17.706
v 256.902 -46.393 13.852
v 258.416 -44.616 19.736
v 258.416 -44.873 19.736
v 257.63 -44.628 17.676
v 258.454 -44.845 19.755
v 258.686 -45.375 19.743
v 257.942 -45.357 17.705
v 259.476 -49.463 16.933
v 259.198 -48.965 16.153
v 258.647 -48.479 15.108
v 258.154 -47.696 14.606
v 257.39 -47.18 14.096
v 258.961 -45.875 19.752
v 259.965 -50.761 20.254
v 259.942 -50.777 19.986
v 259.994 -50.485 19.756
v 259.698 -50.256 19.224
v 259.741 -50.226 18.732
v 259.69 -49.749 17.937
v 258.906 -50.016 30.492
v 257.426 -54.333 26.676
v 257.144 -51.531 33.585
v 254.808 -52.833 35.365
v 256.619 -52.822 31.528
v 255.601 -55.38 27.43
v -249.938 -55.102 32.573
v -253.81 -56.402 27.945
v -251.98 -56.89 27.963
v -251.017 -57.447 27.675
v -249.98 -57.695 27.425
v -249.98 -53.08 43.32
v -253.533 -52.285 43.338
v -249.993 -53.602 37.673
v -259.979 -47.184 25.63
v -259.73 -51.034 20.755
v -259.726 -51.288 21.27
v -259.724 -51.543 21.783
v -259.712 -51.791 22.302
v -259.467 -51.799 22.809
v -259.212 -52.313 23.578
v -258.964 -52.831 24.343
v -258.451 -53.344 25.112
v -259.956 -44.347 34.358
v -259.671 -45.097 43.345
v -259.948 -43.317 43.335
v -259.454 -40.51 43.326
v -257.169 -44.114 17.677
v -253.534 -43.569 14.111
v -254.358 -44.121 14.083
v -254.582 -44.354 13.843
v -254.82 -44.341 13.852
v -254.817 -44.596 13.854
v -255.324 -44.848 13.857
v -256.096 -45.619 13.855
v -257.433 -44.376 17.673
v -257.393 -44.604 17.693
v -256.913 -46.422 13.831
v -257.656 -44.609 17.69
v -257.686 -44.886 17.675
v -257.905 -45.373 17.694
v -257.389 -47.165 14.106
v -258.203 -47.709 14.596
v -258.715 -48.478 15.11
v -259.179 -48.957 16.159
v -259.476 -49.497 16.908
v -255.835 -41.257 20.524
v -249.949 -37.163 24.107
v -249.992 -42.064 15.369
v -251.728 -42.536 14.629
v -258.181 -44.361 19.735
v -258.418 -44.861 19.744
v -258.457 -44.888 19.725
v -258.712 -45.143 19.726
v -258.68 -45.121 19.742
v -258.691 -45.385 19.736
v -258.936 -45.889 19.742
v -259.699 -49.731 17.95
v -259.693 -50.24 18.722
v -259.687 -50.235 19.238
v -259.978 -50.516 19.734
v -259.931 -50.739 20.014
v -259.953 -50.755 20.259
v -257.12 -40.491 23.855
v -254.853 -36.417 30.244
v -249.936 -34.334 33.343
v -257.141 -38.454 28.972
v -258.716 -41.3 27.415
v -257.158 -37.44 33.322
v -254.041 -34.592 38.469
v -255.327 -34.851 43.338
v -252.821 -33.866 43.31
v -249.962 -33.327 43.329
v -257.115 -36.898 36.676
v -258.697 -38.723 43.32
v -257.679 -36.934 43.316
v -258.91 -49.973 30.523
v -257.378 -54.336 26.674
v -256.612 -52.8 31.544
v -255.601 -55.374 27.434
v -257.132 -51.523 33.591
v -257.162 -50.775 36.653
v -254.829 -52.808 35.383
v -256.902 -50.516 38.705
v -256.887 -50.249 43.328
v -258.944 -47.177 43.324
f 1 2 3
f 1 3 4
f 5 6 7
f 5 7 8
f 5 8 9
f 5 9 10
f 11 1 4
f 11 4 12
f 13 14 2
f 13 1 11
f 13 2 1
f 15 5 10
f 15 6 5
f 16 11 12
f 16 13 11
f 17 10 18
f 17 19 15
f 17 15 10
f 20 16 12
f 20 13 16
f 20 14 13
f 21 19 17
f 21 12 19
f 22 23 14
f 22 14 20
f 24 20 25
f 24 22 20
f 26 12 21
f 27 26 21
f 27 18 28
f 27 17 18
f 27 28 26
f 27 21 17
f 29 24 25
f 29 22 24
f 30 22 29
f 30 31 23
f 30 23 22
f 32 12 26
f 32 20 12
f 32 25 20
f 32 26 28
f 33 29 25
f 33 31 30
f 33 30 29
f 34 25 32
f 35 28 36
f 35 34 32
f 35 32 28
f 37 25 34
f 37 34 35
f 38 36 39
f 38 37 35
f 38 35 36
f 40 25 37
f 40 37 38
f 41 25 40
f 42 39 43
f 42 38 39
f 42 40 38
f 42 41 40
f 44 42 43
f 44 41 42
f 45 43 46
f 45 46 47
f 45 47 48
f 45 48 49
f 45 44 43
f 45 49 44
f 50 51 6
f 50 52 53
f 50 53 51
f 50 6 15
f 54 12 4
f 54 15 19
f 54 50 15
f 54 19 12
f 55 25 41
f 55 41 44
f 55 33 25
f 56 49 57
f 56 57 58
f 56 58 59
f 56 44 49
f 56 55 44
f 60 3 61
f 60 61 62
f 60 62 52
f 60 52 50
f 60 50 54
f 60 54 4
f 60 4 3
f 63 33 55
f 63 59 64
f 63 64 65
f 63 65 31
f 63 31 33
f 63 56 59
f 63 55 56
f 66 67 68
f 69 70 71
f 72 73 74
f 75 76 77
f 75 77 78
f 79 80 81
f 79 81 82
f 79 82 83
f 84 85 86
f 84 86 67
f 84 67 66
f 87 66 88
f 87 88 70
f 87 84 66
f 89 84 87
f 90 89 87
f 90 84 89
f 91 84 90
f 91 85 84
f 92 93 94
f 92 85 91
f 92 94 85
f 95 87 70
f 95 69 96
f 95 96 97
f 95 90 87
f 95 70 69
f 98 99 100
f 98 100 93
f 98 93 92
f 101 91 90
f 102 91 101
f 103 91 102
f 103 98 92
f 103 92 91
f 103 102 79
f 104 95 97
f 104 97 105
f 104 105 106
f 104 106 107
f 104 107 80
f 104 101 90
f 104 79 102
f 104 80 79
f 104 90 95
f 104 102 101
f 108 98 103
f 109 99 98
f 109 74 99
f 109 98 108
f 110 109 108
f 111 108 103
f 111 103 79
f 111 112 110
f 111 110 108
f 113 109 110
f 113 110 112
f 114 115 72
f 114 74 109
f 114 109 113
f 114 72 74
f 116 83 117
f 116 117 118
f 116 118 119
f 116 79 83
f 120 79 116
f 121 120 116
f 121 112 120
f 122 123 124
f 122 124 115
f 122 113 112
f 122 114 113
f 122 115 114
f 125 119 126
f 125 126 76
f 125 116 119
f 125 121 116
f 125 76 75
f 127 112 121
f 127 121 125
f 128 129 130
f 128 130 123
f 128 123 122
f 128 122 112
f 131 112 127
f 131 128 112
f 132 75 133
f 132 125 75
f 132 127 125
f 132 131 127
f 134 129 128
f 134 128 131
f 134 131 132
f 135 129 134
f 135 133 136
f 135 136 137
f 135 137 129
f 135 132 133
f 135 134 132
f 138 111 79
f 138 112 111
f 138 79 120
f 138 120 112
f 139 140 141
f 142 143 144
f 145 146 147
f 148 149 150
f 151 148 150
f 152 151 150
f 153 154 155
f 153 155 156
f 153 156 157
f 158 141 159
f 158 139 141
f 160 161 139
f 160 139 158
f 162 160 158
f 163 159 164
f 163 164 165
f 163 158 159
f 163 162 158
f 163 166 162
f 167 160 162
f 167 162 166
f 168 161 160
f 168 169 170
f 168 170 161
f 171 160 167
f 171 168 160
f 172 171 167
f 172 167 166
f 173 165 174
f 173 174 175
f 173 166 163
f 173 163 165
f 176 169 168
f 176 177 178
f 176 178 169
f 179 176 168
f 179 172 153
f 179 171 172
f 179 168 171
f 180 173 175
f 181 176 179
f 181 177 176
f 182 179 153
f 182 181 179
f 183 181 182
f 184 175 185
f 184 185 186
f 184 186 187
f 184 180 175
f 188 173 180
f 188 166 173
f 189 144 190
f 189 190 177
f 189 177 181
f 189 142 144
f 191 181 183
f 191 189 181
f 192 189 191
f 193 153 157
f 193 157 194
f 193 194 195
f 193 195 196
f 193 196 197
f 193 183 182
f 193 191 183
f 193 182 153
f 198 146 199
f 198 199 142
f 198 189 192
f 198 192 191
f 198 142 189
f 200 201 166
f 202 147 146
f 202 197 147
f 202 191 193
f 202 198 191
f 202 146 198
f 202 193 197
f 203 166 188
f 203 200 166
f 204 187 150
f 204 184 187
f 204 180 184
f 204 203 188
f 204 188 180
f 205 154 153
f 205 206 207
f 205 207 208
f 205 153 201
f 205 208 154
f 205 201 200
f 209 206 205
f 209 149 210
f 209 210 206
f 209 150 149
f 209 200 203
f 209 203 204
f 209 205 200
f 209 204 150
f 211 201 153
f 211 166 201
f 211 172 166
f 211 153 172
f 212 213 214
f 212 214 215
f 216 217 218
f 216 218 219
f 216 219 220
f 216 220 221
f 222 212 215
f 222 215 223
f 224 225 213
f 224 212 222
f 224 213 212
f 226 217 216
f 226 216 221
f 227 222 223
f 227 224 222
f 228 221 229
f 228 230 226
f 228 226 221
f 231 227 223
f 231 225 224
f 231 224 227
f 232 223 230
f 232 230 228
f 233 234 225
f 233 225 231
f 235 231 236
f 235 233 231
f 237 223 232
f 238 237 232
f 238 229 239
f 238 228 229
f 238 232 228
f 240 235 236
f 240 233 235
f 241 233 240
f 241 242 234
f 241 234 233
f 243 223 237
f 244 243 237
f 244 238 239
f 244 239 245
f 244 237 238
f 246 244 245
f 246 231 223
f 246 243 244
f 246 223 243
f 246 236 231
f 247 240 236
f 247 242 241
f 247 241 240
f 248 246 245
f 248 236 246
f 249 245 250
f 249 248 245
f 251 236 248
f 251 248 249
f 252 236 251
f 253 250 254
f 253 251 249
f 253 252 251
f 253 249 250
f 255 253 254
f 255 252 253
f 256 254 257
f 256 257 258
f 256 258 259
f 256 259 260
f 256 255 254
f 256 260 255
f 261 262 263
f 261 263 264
f 261 264 217
f 261 217 226
f 265 230 223
f 265 226 230
f 265 261 226
f 265 223 215
f 266 236 252
f 266 252 255
f 266 247 236
f 267 260 268
f 267 268 269
f 267 269 270
f 267 266 255
f 267 255 260
f 271 272 273
f 271 273 262
f 271 214 272
f 271 261 265
f 271 265 215
f 271 262 261
f 271 215 214
f 274 270 275
f 274 247 266
f 274 275 276
f 274 276 242
f 274 242 247
f 274 266 267
f 274 267 270
f 277 278 279
f 277 279 280
f 281 280 282
f 281 277 280
f 283 282 284
f 283 281 282
f 285 284 286
f 285 283 284
f 287 286 288
f 287 285 286
f 289 288 290
f 289 287 288
f 291 290 292
f 291 289 290
f 293 292 294
f 293 291 292
f 295 296 297
f 295 297 298
f 299 298 300
f 299 295 298
f 301 300 302
f 301 299 300
f 303 302 304
f 303 301 302
f 305 304 306
f 305 303 304
f 307 306 308
f 307 305 306
f 309 308 310
f 309 307 308
f 311 310 312
f 311 309 310
f 313 314 315
f 313 315 316
f 313 316 317
f 313 318 314
f 319 317 320
f 319 320 321
f 319 313 317
f 322 321 323
f 322 323 324
f 322 324 325
f 322 325 326
f 322 319 321
f 327 328 318
f 329 322 326
f 330 331 332
f 330 332 333
f 330 333 334
f 330 334 335
f 330 335 336
f 330 336 337
f 330 337 338
f 330 338 339
f 330 339 340
f 330 340 341
f 342 331 330
f 343 344 345
f 346 347 348
f 346 348 349
f 346 349 350
f 346 350 351
f 346 351 352
f 346 352 353
f 354 346 353
f 354 353 331
f 354 331 342
f 355 345 356
f 355 342 343
f 355 343 345
f 355 354 342
f 357 358 359
f 360 359 361
f 360 357 359
f 362 363 364
f 362 364 365
f 362 365 366
f 362 366 367
f 368 363 362
f 368 369 370
f 368 370 363
f 371 372 373
f 371 373 374
f 371 374 369
f 371 369 368
f 375 318 313
f 376 318 375
f 377 327 318
f 377 318 378
f 379 328 327
f 379 327 380
f 381 328 379
f 382 341 383
f 382 383 328
f 384 329 326
f 385 384 326
f 386 382 387
f 386 330 341
f 386 341 382
f 388 326 344
f 389 388 344
f 389 343 342
f 389 344 343
f 390 355 356
f 390 391 355
f 392 357 360
f 392 393 358
f 392 358 357
f 394 392 360
f 394 393 392
f 395 356 396
f 395 390 356
f 395 396 397
f 398 399 360
f 398 360 361
f 400 399 398
f 400 397 396
f 400 398 397
f 401 394 360
f 402 396 403
f 402 400 396
f 402 399 400
f 402 403 399
f 404 360 399
f 404 401 360
f 404 399 403
f 405 401 404
f 406 403 407
f 406 404 403
f 408 405 404
f 408 406 407
f 408 404 406
f 409 410 372
f 409 372 371
f 409 411 412
f 409 413 411
f 409 412 410
f 414 318 376
f 414 376 415
f 416 318 414
f 416 414 415
f 417 319 322
f 418 415 378
f 418 378 318
f 418 416 415
f 418 318 416
f 419 417 322
f 420 322 329
f 420 419 322
f 421 420 329
f 422 329 380
f 422 421 329
f 423 328 381
f 423 381 424
f 425 328 423
f 425 423 424
f 426 381 379
f 426 379 380
f 427 387 382
f 427 328 425
f 427 425 424
f 427 424 387
f 427 382 328
f 428 424 381
f 429 381 426
f 429 428 381
f 430 424 428
f 430 429 431
f 430 428 429
f 432 424 430
f 433 388 432
f 433 430 431
f 433 432 430
f 433 431 388
f 434 385 326
f 435 432 388
f 435 388 389
f 435 389 342
f 436 434 326
f 436 388 431
f 436 326 388
f 436 431 434
f 437 346 354
f 438 346 437
f 438 439 346
f 440 441 442
f 443 361 359
f 443 359 441
f 443 441 440
f 444 393 394
f 444 394 401
f 445 393 444
f 445 401 446
f 445 444 401
f 447 393 445
f 448 445 446
f 448 449 447
f 448 447 445
f 450 451 393
f 450 393 447
f 450 447 449
f 452 446 401
f 452 401 405
f 452 408 407
f 452 405 408
f 453 446 452
f 453 452 407
f 454 451 450
f 455 449 456
f 455 450 449
f 455 454 450
f 457 454 455
f 458 453 407
f 458 459 453
f 460 455 456
f 460 457 455
f 461 462 456
f 463 457 460
f 464 461 458
f 464 458 407
f 465 466 467
f 468 451 467
f 469 467 466
f 469 468 467
f 470 462 461
f 470 464 407
f 470 407 410
f 470 461 464
f 471 462 470
f 471 470 410
f 472 451 468
f 472 468 473
f 472 367 451
f 472 362 367
f 474 466 475
f 474 471 410
f 474 475 471
f 476 466 474
f 477 478 412
f 477 412 411
f 479 362 472
f 479 411 413
f 480 362 479
f 480 479 413
f 481 362 480
f 481 368 362
f 482 313 319
f 482 375 313
f 482 319 417
f 483 482 417
f 483 376 375
f 483 375 482
f 484 376 483
f 484 483 417
f 484 415 376
f 484 417 419
f 485 419 420
f 485 415 484
f 485 484 419
f 485 420 421
f 486 485 421
f 486 421 422
f 486 378 415
f 486 415 485
f 487 486 422
f 487 378 486
f 487 377 378
f 488 487 422
f 488 422 380
f 488 377 487
f 488 327 377
f 488 380 327
f 489 384 385
f 489 380 329
f 489 426 380
f 489 329 384
f 490 431 429
f 490 385 434
f 490 489 385
f 490 426 489
f 490 429 426
f 490 434 431
f 491 432 435
f 491 424 432
f 491 387 424
f 492 330 386
f 492 435 342
f 492 342 330
f 492 491 435
f 492 387 491
f 492 386 387
f 493 494 495
f 493 495 496
f 493 496 347
f 493 347 346
f 493 346 439
f 497 498 494
f 497 494 493
f 497 493 439
f 499 498 497
f 499 497 439
f 500 439 442
f 500 499 439
f 501 499 500
f 501 498 499
f 502 498 501
f 502 358 498
f 502 359 358
f 502 441 359
f 503 500 442
f 503 502 501
f 503 442 441
f 503 501 500
f 503 441 502
f 504 354 355
f 504 437 354
f 504 391 438
f 504 438 437
f 504 355 391
f 505 438 391
f 505 439 438
f 505 442 439
f 505 440 442
f 505 391 440
f 506 398 361
f 506 440 391
f 506 443 440
f 506 361 443
f 506 397 398
f 507 446 453
f 507 448 446
f 507 449 448
f 507 453 459
f 508 449 507
f 508 507 459
f 509 459 458
f 509 461 456
f 509 458 461
f 509 449 508
f 509 508 459
f 509 456 449
f 510 457 463
f 510 451 454
f 510 454 457
f 511 451 510
f 512 467 451
f 512 463 465
f 512 465 467
f 512 451 511
f 512 511 510
f 512 510 463
f 513 456 462
f 513 460 456
f 514 463 460
f 514 465 463
f 514 513 462
f 514 460 513
f 515 471 475
f 515 514 462
f 515 462 471
f 516 465 514
f 516 514 515
f 516 515 475
f 517 466 465
f 517 475 466
f 517 516 475
f 517 465 516
f 518 469 466
f 518 466 476
f 519 473 468
f 519 468 469
f 519 469 518
f 519 518 476
f 520 473 519
f 520 519 476
f 520 476 521
f 522 472 473
f 523 522 477
f 523 472 522
f 524 520 521
f 524 521 478
f 525 478 477
f 525 520 524
f 525 473 520
f 525 477 522
f 525 522 473
f 525 524 478
f 526 474 410
f 526 476 474
f 526 521 476
f 527 479 472
f 527 477 411
f 527 411 479
f 527 472 523
f 527 523 477
f 528 526 410
f 528 478 521
f 528 412 478
f 528 521 526
f 528 410 412
f 529 409 371
f 529 481 480
f 529 480 413
f 529 368 481
f 529 371 368
f 529 413 409
f 530 391 390
f 530 395 397
f 530 390 395
f 530 397 506
f 530 506 391
f 531 532 533
f 531 534 532
f 535 533 536
f 535 531 533
f 537 536 538
f 537 538 539
f 537 535 536
f 540 539 541
f 540 541 542
f 540 537 539
f 543 542 544
f 543 544 545
f 543 545 546
f 543 546 547
f 543 547 548
f 543 540 542
f 549 543 548
f 550 551 552
f 553 554 551
f 553 551 550
f 555 553 550
f 555 550 556
f 557 555 556
f 558 555 557
f 559 557 560
f 559 558 557
f 561 562 563
f 561 559 560
f 561 560 564
f 561 564 562
f 565 566 567
f 568 566 565
f 569 570 571
f 572 573 574
f 575 531 535
f 575 534 531
f 576 537 540
f 576 535 537
f 576 575 535
f 577 575 576
f 578 534 579
f 580 543 549
f 581 552 534
f 581 578 582
f 581 534 578
f 583 581 582
f 584 581 583
f 585 549 548
f 586 550 552
f 586 556 550
f 587 585 548
f 588 556 586
f 588 557 556
f 589 554 553
f 589 553 555
f 589 555 558
f 590 564 560
f 591 548 562
f 591 590 592
f 591 564 590
f 591 562 564
f 593 559 561
f 594 554 595
f 594 567 554
f 596 597 598
f 599 595 598
f 599 594 595
f 600 599 598
f 600 594 599
f 601 561 563
f 601 593 561
f 601 602 593
f 603 563 604
f 603 604 597
f 603 596 602
f 603 601 563
f 603 597 596
f 603 602 601
f 605 600 598
f 606 565 567
f 606 568 565
f 607 608 568
f 607 568 606
f 609 605 598
f 610 611 566
f 610 566 568
f 612 610 568
f 612 568 608
f 612 608 613
f 614 610 612
f 615 612 613
f 615 614 612
f 616 571 617
f 616 569 571
f 616 613 569
f 616 615 613
f 618 619 620
f 621 622 618
f 623 624 625
f 623 626 624
f 623 627 626
f 623 573 572
f 623 625 573
f 623 572 627
f 628 629 630
f 628 630 631
f 632 633 579
f 632 534 575
f 632 575 577
f 632 579 534
f 634 576 540
f 634 577 576
f 635 634 580
f 635 577 634
f 636 632 577
f 636 635 580
f 636 577 635
f 636 633 632
f 637 636 580
f 637 633 636
f 637 579 633
f 638 637 580
f 639 579 637
f 639 637 638
f 639 578 579
f 640 638 580
f 640 639 638
f 641 642 582
f 641 549 642
f 641 578 639
f 641 640 580
f 641 639 640
f 641 580 549
f 641 582 578
f 643 582 642
f 643 642 549
f 643 583 582
f 643 549 585
f 644 583 643
f 644 584 583
f 645 552 581
f 645 581 584
f 645 584 646
f 645 586 552
f 645 646 586
f 647 585 587
f 647 644 643
f 647 643 585
f 648 647 587
f 648 644 647
f 649 584 644
f 649 644 648
f 649 646 584
f 650 648 587
f 650 649 648
f 651 586 646
f 652 646 649
f 652 649 650
f 652 651 646
f 653 587 654
f 653 650 587
f 653 652 650
f 653 654 652
f 655 586 651
f 655 652 654
f 655 651 652
f 656 588 586
f 656 557 588
f 656 654 592
f 656 592 590
f 656 590 560
f 656 560 557
f 656 655 654
f 656 586 655
f 657 654 587
f 657 592 654
f 657 591 592
f 657 548 591
f 657 587 548
f 658 589 558
f 658 558 559
f 659 593 602
f 659 559 593
f 659 658 559
f 660 658 659
f 661 589 658
f 661 658 660
f 662 602 596
f 662 661 660
f 662 659 602
f 662 660 659
f 662 663 661
f 664 663 662
f 664 596 598
f 664 598 595
f 664 662 596
f 664 595 663
f 665 567 594
f 665 594 600
f 665 600 605
f 665 606 567
f 665 605 606
f 666 597 604
f 666 609 598
f 666 598 597
f 667 609 666
f 667 666 604
f 668 667 604
f 668 604 570
f 668 609 667
f 669 668 570
f 669 609 668
f 669 570 569
f 670 611 610
f 671 672 611
f 671 611 670
f 673 670 619
f 673 672 671
f 673 671 670
f 674 619 618
f 674 618 622
f 674 672 673
f 674 673 619
f 675 672 674
f 675 674 622
f 676 616 617
f 676 620 615
f 676 615 616
f 677 620 676
f 677 618 620
f 678 677 676
f 678 676 617
f 679 672 675
f 679 675 622
f 679 622 680
f 681 677 678
f 681 678 617
f 682 618 677
f 682 677 681
f 682 621 618
f 683 617 684
f 683 681 617
f 683 682 681
f 683 621 682
f 685 621 683
f 685 683 684
f 685 622 621
f 686 687 672
f 686 672 679
f 686 679 680
f 688 622 685
f 688 680 622
f 689 688 685
f 689 685 684
f 690 686 680
f 690 680 691
f 692 688 689
f 693 680 688
f 693 688 692
f 693 691 680
f 694 686 690
f 694 687 686
f 695 693 692
f 696 694 690
f 696 690 691
f 697 694 696
f 698 691 693
f 698 693 695
f 699 698 695
f 699 700 698
f 699 695 684
f 701 702 697
f 701 700 703
f 704 687 702
f 705 704 702
f 705 701 703
f 705 702 701
f 706 684 625
f 706 700 699
f 706 699 684
f 707 700 706
f 707 706 625
f 707 703 700
f 708 707 625
f 709 710 711
f 709 708 625
f 709 711 708
f 712 710 709
f 712 709 625
f 712 625 624
f 713 572 714
f 713 714 715
f 713 627 572
f 716 715 714
f 716 628 715
f 717 628 716
f 718 629 628
f 718 628 717
f 718 719 720
f 718 720 629
f 721 580 634
f 721 540 543
f 721 543 580
f 721 634 540
f 722 595 554
f 722 554 589
f 722 589 661
f 722 663 595
f 722 661 663
f 723 609 669
f 723 669 569
f 723 569 613
f 724 619 670
f 724 610 614
f 724 670 610
f 724 614 615
f 724 620 619
f 724 615 620
f 725 689 684
f 725 692 689
f 725 695 692
f 725 684 695
f 726 687 694
f 726 694 697
f 726 697 702
f 726 702 687
f 727 691 698
f 727 698 700
f 727 696 691
f 728 727 700
f 728 696 727
f 728 697 696
f 728 701 697
f 728 700 701
f 729 705 703
f 729 711 710
f 729 703 707
f 729 708 711
f 729 707 708
f 729 704 705
f 729 710 704
f 730 687 704
f 730 628 631
f 730 631 687
f 730 715 628
f 731 714 572
f 731 716 714
f 732 731 572
f 732 717 716
f 732 716 731
f 733 574 734
f 733 734 735
f 733 572 574
f 733 732 572
f 733 717 732
f 736 718 717
f 736 735 737
f 736 737 738
f 736 738 719
f 736 719 718
f 736 733 735
f 736 717 733
f 739 605 609
f 739 606 605
f 740 608 607
f 740 607 606
f 740 606 739
f 741 609 723
f 741 739 609
f 741 740 739
f 742 741 723
f 742 723 613
f 742 613 608
f 742 608 740
f 742 740 741
f 743 704 710
f 743 730 704
f 744 743 745
f 744 730 743
f 746 730 744
f 747 713 715
f 747 715 730
f 747 730 746
f 748 626 627
f 748 745 626
f 748 744 745
f 748 746 744
f 749 747 746
f 749 746 748
f 749 713 747
f 749 627 713
f 749 748 627
f 750 745 743
f 750 743 710
f 750 624 626
f 750 710 712
f 750 712 624
f 750 626 745
f 751 752 753
f 754 755 756
f 757 758 759
f 760 761 758
f 760 758 757
f 762 760 757
f 762 757 763
f 764 765 766
f 764 767 765
f 768 769 770
f 771 768 770
f 772 773 774
f 772 774 775
f 772 775 776
f 772 776 777
f 772 777 778
f 772 778 779
f 772 779 780
f 781 782 783
f 781 783 784
f 781 784 773
f 781 773 772
f 785 786 787
f 785 787 788
f 785 788 789
f 785 789 782
f 785 782 781
f 790 791 755
f 790 755 792
f 793 753 794
f 793 794 795
f 796 753 793
f 797 751 753
f 797 753 798
f 799 752 751
f 800 752 799
f 801 755 754
f 801 754 802
f 803 802 754
f 804 759 752
f 805 757 759
f 805 759 804
f 805 763 757
f 806 803 754
f 806 754 756
f 807 808 763
f 809 756 810
f 809 810 808
f 809 808 807
f 811 810 812
f 811 808 810
f 811 812 813
f 814 813 812
f 815 814 812
f 815 816 814
f 817 768 764
f 817 769 768
f 817 764 766
f 817 766 769
f 818 812 819
f 818 815 812
f 818 816 815
f 818 819 820
f 818 820 770
f 818 770 816
f 821 764 768
f 821 767 764
f 822 771 770
f 823 822 770
f 823 820 819
f 823 770 820
f 824 771 822
f 824 822 823
f 825 826 767
f 825 767 821
f 827 819 828
f 827 823 819
f 827 824 823
f 827 771 824
f 829 771 827
f 829 768 771
f 829 827 828
f 830 821 768
f 830 825 821
f 830 768 829
f 831 830 829
f 832 828 833
f 832 829 828
f 834 831 829
f 834 832 833
f 834 829 832
f 835 836 837
f 835 785 838
f 835 839 836
f 835 838 839
f 840 841 786
f 840 786 785
f 840 837 841
f 840 835 837
f 840 785 835
f 842 843 844
f 842 844 845
f 842 846 843
f 847 846 842
f 848 847 842
f 849 848 842
f 850 792 795
f 851 850 852
f 851 792 850
f 851 790 792
f 853 854 798
f 853 753 796
f 853 796 854
f 853 798 753
f 855 793 795
f 855 796 793
f 855 795 792
f 856 855 792
f 856 796 855
f 856 854 796
f 857 856 792
f 857 792 755
f 858 798 854
f 858 797 798
f 859 858 860
f 859 797 858
f 861 802 862
f 861 797 859
f 861 751 797
f 861 862 751
f 863 864 865
f 863 859 860
f 863 860 864
f 863 802 861
f 863 861 859
f 866 865 857
f 866 857 755
f 866 801 802
f 866 863 865
f 866 802 863
f 866 755 801
f 867 862 802
f 867 751 862
f 867 799 751
f 867 802 803
f 868 752 800
f 868 804 752
f 868 800 869
f 868 869 804
f 870 867 803
f 870 799 867
f 870 800 799
f 871 800 870
f 871 869 800
f 872 871 870
f 873 870 803
f 873 872 870
f 873 803 806
f 874 871 872
f 874 869 871
f 874 872 873
f 875 804 869
f 876 869 874
f 876 875 869
f 877 873 806
f 877 874 873
f 877 876 874
f 877 878 876
f 877 806 878
f 879 876 878
f 879 875 876
f 879 804 875
f 880 804 879
f 880 879 878
f 880 805 804
f 880 763 805
f 880 807 763
f 880 878 807
f 881 756 809
f 881 806 756
f 881 878 806
f 881 807 878
f 881 809 807
f 882 761 760
f 882 760 762
f 883 761 882
f 884 811 813
f 884 763 808
f 884 813 762
f 884 762 763
f 884 808 811
f 885 882 762
f 885 883 882
f 886 761 883
f 887 766 888
f 887 888 816
f 887 770 769
f 887 816 770
f 887 769 766
f 889 826 825
f 889 825 830
f 889 830 890
f 891 889 890
f 891 826 889
f 892 826 891
f 893 891 890
f 893 892 891
f 893 894 892
f 895 830 831
f 895 834 833
f 895 831 834
f 896 830 895
f 896 890 830
f 897 895 833
f 897 896 895
f 898 892 894
f 898 780 826
f 898 826 892
f 899 897 833
f 899 896 897
f 900 890 896
f 900 896 899
f 901 780 898
f 902 901 898
f 902 894 903
f 902 898 894
f 904 899 833
f 904 900 899
f 905 901 902
f 906 907 903
f 908 902 903
f 908 905 902
f 908 903 907
f 909 906 904
f 909 904 833
f 910 905 908
f 911 912 913
f 914 780 913
f 914 915 772
f 914 772 780
f 916 833 841
f 916 909 833
f 916 907 906
f 916 906 909
f 917 913 912
f 917 914 913
f 918 916 841
f 918 907 916
f 919 918 841
f 919 912 918
f 920 919 841
f 920 921 919
f 922 839 915
f 922 836 839
f 923 837 836
f 923 836 922
f 923 841 837
f 923 920 841
f 924 781 772
f 924 785 781
f 924 772 915
f 924 838 785
f 924 915 839
f 924 839 838
f 925 926 927
f 925 927 928
f 925 928 929
f 930 929 931
f 930 931 843
f 930 925 929
f 930 843 846
f 932 930 846
f 932 925 930
f 932 847 933
f 932 934 925
f 932 846 847
f 935 932 933
f 935 934 932
f 935 753 926
f 935 794 753
f 935 925 934
f 935 926 925
f 936 845 937
f 936 937 938
f 936 938 791
f 936 791 790
f 936 842 845
f 936 790 849
f 936 849 842
f 939 848 849
f 939 933 847
f 939 847 848
f 939 849 790
f 940 939 790
f 940 933 939
f 941 851 852
f 941 790 851
f 941 940 790
f 941 933 940
f 942 852 850
f 942 850 795
f 942 795 794
f 943 857 865
f 943 860 858
f 943 854 856
f 943 856 857
f 943 865 864
f 943 858 854
f 943 864 860
f 944 888 766
f 944 766 765
f 944 765 761
f 944 886 888
f 944 761 886
f 945 885 762
f 945 762 813
f 945 813 814
f 946 886 883
f 946 816 888
f 946 888 886
f 946 883 885
f 947 814 816
f 947 945 814
f 947 816 946
f 947 946 885
f 947 885 945
f 948 893 890
f 948 894 893
f 948 890 900
f 948 900 904
f 948 904 906
f 948 903 894
f 948 906 903
f 949 780 901
f 949 905 910
f 949 901 905
f 949 910 911
f 949 913 780
f 949 911 913
f 950 908 907
f 950 910 908
f 950 911 910
f 951 911 950
f 951 918 912
f 951 950 907
f 951 912 911
f 951 907 918
f 952 915 914
f 952 917 912
f 952 914 917
f 952 912 919
f 952 921 915
f 952 919 921
f 953 923 922
f 953 915 921
f 953 921 920
f 953 922 915
f 953 920 923
f 954 935 933
f 954 794 935
f 954 941 852
f 954 933 941
f 954 852 942
f 954 942 794
f 955 956 957
f 955 957 958
f 959 960 961
f 959 961 962
f 959 962 963
f 959 964 960
f 965 963 966
f 965 966 967
f 965 959 963
f 968 967 969
f 968 969 970
f 968 970 971
f 968 971 972
f 968 972 973
f 968 965 967
f 974 975 964
f 976 977 978
f 976 978 979
f 976 979 980
f 976 980 981
f 976 981 982
f 976 982 983
f 976 983 984
f 985 986 987
f 985 987 988
f 985 988 989
f 985 989 977
f 985 977 976
f 990 991 992
f 990 992 993
f 990 993 994
f 990 994 995
f 990 996 997
f 998 995 999
f 998 999 1000
f 998 1000 1001
f 998 1001 1002
f 998 1002 1003
f 998 1003 1004
f 998 1004 1005
f 998 990 995
f 1006 996 990
f 1006 1007 996
f 1006 990 998
f 1008 998 1005
f 1008 1006 998
f 1009 1008 1005
f 1009 1005 956
f 1009 956 955
f 1010 1011 1012
f 1010 1012 1013
f 1010 1013 1014
f 1010 1014 1015
f 1010 1015 1016
f 1017 1018 1019
f 1017 1019 1011
f 1017 1011 1010
f 1020 1021 1022
f 1020 1022 1023
f 1020 1023 1018
f 1020 1018 1017
f 1024 959 965
f 1024 964 959
f 1025 964 1024
f 1026 968 973
f 1027 1026 973
f 1028 964 1029
f 1028 974 964
f 1028 1030 974
f 1031 975 974
f 1031 974 1030
f 1032 975 1031
f 1032 1031 1030
f 1033 1034 973
f 1033 1035 1036
f 1033 973 1035
f 1037 1038 975
f 1039 1030 1036
f 1039 1036 1035
f 1040 1032 1030
f 1040 1041 1032
f 1042 1038 1037
f 1043 1030 1039
f 1043 1039 1035
f 1043 1040 1030
f 1044 976 984
f 1044 1038 1042
f 1044 1042 976
f 1045 1040 1043
f 1046 1038 1044
f 1046 997 1038
f 1046 1044 984
f 1047 984 991
f 1047 1046 984
f 1048 997 1046
f 1048 1047 991
f 1048 1046 1047
f 1048 991 990
f 1048 990 997
f 1049 1050 1051
f 1049 1051 986
f 1052 1053 1054
f 1052 1054 1055
f 1056 1055 1050
f 1056 1050 1049
f 1056 1049 1057
f 1056 1057 1052
f 1056 1052 1055
f 1058 1007 1006
f 1058 1059 1007
f 1060 1059 1058
f 1061 1058 1006
f 1061 1060 1058
f 1061 1006 1008
f 1062 1060 1061
f 1063 1061 1008
f 1063 1062 1061
f 1064 1009 955
f 1064 1008 1009
f 1065 1064 955
f 1065 1063 1008
f 1065 1008 1064
f 1066 1063 1065
f 1067 1068 1069
f 1070 955 1071
f 1070 1071 1072
f 1070 1065 955
f 1070 1066 1065
f 1073 1074 1068
f 1073 1068 1067
f 1075 1073 1067
f 1076 1074 1073
f 1077 1078 1079
f 1077 1016 1078
f 1077 1010 1016
f 1080 1081 1021
f 1080 1082 1081
f 1080 1021 1020
f 1083 964 1025
f 1084 1083 1085
f 1084 964 1083
f 1086 1025 1024
f 1086 1024 965
f 1087 1085 1029
f 1087 1084 1085
f 1087 964 1084
f 1087 1029 964
f 1088 1025 1086
f 1089 1083 1025
f 1089 1085 1083
f 1089 1025 1088
f 1090 1088 1091
f 1090 1085 1089
f 1090 1089 1088
f 1092 1029 1085
f 1092 1085 1090
f 1093 1092 1090
f 1094 1090 1091
f 1094 1091 1034
f 1094 1034 1093
f 1094 1093 1090
f 1095 1027 973
f 1096 1034 1033
f 1096 1093 1034
f 1096 1092 1093
f 1097 1095 973
f 1097 1091 1095
f 1098 1036 1030
f 1098 1030 1028
f 1098 1029 1092
f 1098 1096 1033
f 1098 1033 1036
f 1098 1092 1096
f 1098 1028 1029
f 1099 973 1034
f 1099 1034 1091
f 1099 1097 973
f 1099 1091 1097
f 1100 975 1032
f 1100 1032 1041
f 1101 1041 1037
f 1101 1037 975
f 1101 975 1100
f 1101 1100 1041
f 1102 1035 1053
f 1102 1043 1035
f 1102 1045 1043
f 1103 986 985
f 1103 1049 986
f 1103 1040 1045
f 1103 1045 1057
f 1103 1057 1049
f 1104 1102 1053
f 1104 1045 1102
f 1105 1057 1045
f 1105 1053 1052
f 1105 1052 1057
f 1105 1045 1104
f 1105 1104 1053
f 1106 1059 1060
f 1106 1060 1062
f 1107 1108 1059
f 1109 1106 1068
f 1109 1107 1059
f 1109 1059 1106
f 1110 1109 1068
f 1110 1107 1109
f 1110 1108 1107
f 1111 1068 1074
f 1111 1110 1068
f 1112 1111 1074
f 1112 1110 1111
f 1112 1108 1110
f 1113 1108 1112
f 1113 1114 1108
f 1115 1113 1112
f 1115 1114 1113
f 1116 1112 1074
f 1116 1115 1112
f 1116 1074 1076
f 1117 1114 1115
f 1117 1115 1116
f 1118 1070 1072
f 1119 1117 1116
f 1120 1114 1117
f 1120 1117 1119
f 1121 1114 1120
f 1122 1073 1075
f 1122 1076 1073
f 1123 1072 1124
f 1123 1118 1072
f 1125 1075 1118
f 1125 1118 1123
f 1125 1123 1124
f 1125 1122 1075
f 1126 1125 1124
f 1126 1122 1125
f 1126 1076 1122
f 1127 1128 1129
f 1127 1121 1120
f 1130 1114 1121
f 1130 1127 1129
f 1130 1121 1127
f 1130 1078 1114
f 1131 1076 1126
f 1132 1133 1131
f 1132 1126 1124
f 1132 1131 1126
f 1134 1078 1130
f 1134 1130 1129
f 1135 1134 1129
f 1136 1133 1132
f 1136 1124 1081
f 1136 1132 1124
f 1137 1128 1133
f 1137 1133 1136
f 1138 1078 1134
f 1138 1134 1135
f 1138 1135 1139
f 1140 1137 1136
f 1140 1136 1081
f 1141 1137 1140
f 1141 1140 1081
f 1142 1078 1138
f 1143 1138 1139
f 1143 1142 1138
f 1144 1079 1078
f 1144 1078 1142
f 1144 1143 1145
f 1144 1142 1143
f 1146 1141 1081
f 1146 1139 1147
f 1146 1147 1141
f 1148 1139 1146
f 1149 1148 1146
f 1149 1146 1081
f 1150 1145 1082
f 1150 1079 1144
f 1150 1144 1145
f 1151 1148 1149
f 1151 1149 1081
f 1151 1082 1145
f 1151 1081 1082
f 1151 1145 1148
f 1152 1079 1150
f 1153 1079 1152
f 1153 1077 1079
f 1154 1153 1152
f 1155 1154 1152
f 1155 1150 1082
f 1155 1082 1080
f 1155 1152 1150
f 1156 1154 1155
f 1156 1153 1154
f 1156 1155 1080
f 1157 1077 1153
f 1157 1153 1156
f 1157 1156 1080
f 1157 1010 1077
f 1157 1080 1020
f 1157 1017 1010
f 1157 1020 1017
f 1158 965 968
f 1158 1026 1027
f 1158 1086 965
f 1158 968 1026
f 1159 1086 1158
f 1159 1088 1086
f 1159 1091 1088
f 1159 1095 1091
f 1159 1027 1095
f 1159 1158 1027
f 1160 1037 1041
f 1160 1040 1103
f 1160 1041 1040
f 1161 1042 1037
f 1161 1037 1160
f 1162 1161 1160
f 1162 1160 1103
f 1163 1161 1162
f 1163 1162 1103
f 1164 1103 985
f 1164 976 1042
f 1164 1042 1161
f 1164 1163 1103
f 1164 1161 1163
f 1164 985 976
f 1165 1068 1106
f 1165 1106 1062
f 1165 1062 1063
f 1165 1063 1069
f 1165 1069 1068
f 1166 1118 1075
f 1166 1075 1067
f 1166 1070 1118
f 1166 1069 1063
f 1166 1063 1066
f 1166 1067 1069
f 1166 1066 1070
f 1167 1116 1076
f 1167 1119 1116
f 1167 1076 1131
f 1168 1119 1167
f 1168 1167 1131
f 1169 1127 1120
f 1169 1120 1119
f 1170 1119 1168
f 1170 1169 1119
f 1171 1170 1168
f 1171 1131 1133
f 1171 1168 1131
f 1171 1133 1170
f 1172 1127 1169
f 1172 1170 1133
f 1172 1169 1170
f 1173 1133 1128
f 1173 1172 1133
f 1173 1128 1127
f 1173 1127 1172
f 1174 1135 1129
f 1175 1129 1128
f 1175 1174 1129
f 1175 1128 1137
f 1175 1137 1141
f 1175 1141 1147
f 1176 1174 1175
f 1176 1135 1174
f 1176 1175 1147
f 1177 1139 1135
f 1177 1135 1176
f 1177 1176 1147
f 1177 1147 1139
f 1178 1139 1148
f 1178 1148 1145
f 1178 1143 1139
f 1178 1145 1143
f 1179 1180 1181
f 1179 1181 1182
f 1183 1182 1184
f 1183 1179 1182
f 1185 1184 1186
f 1185 1183 1184
f 1187 1186 1188
f 1187 1185 1186
f 1189 1188 1190
f 1189 1187 1188
f 1191 1190 1192
f 1191 1189 1190
f 1193 1192 1194
f 1193 1191 1192
f 1195 1194 1196
f 1195 1193 1194
f 1197 1198 1199
f 1197 1199 1200
f 1201 1200 1202
f 1201 1197 1200
f 1203 1202 1204
f 1203 1201 1202
f 1205 1204 1206
f 1205 1203 1204
f 1207 1206 1208
f 1207 1205 1206
f 1209 1208 1210
f 1209 1207 1208
f 1211 1210 1212
f 1211 1209 1210
f 1213 1212 1214
f 1213 1211 1212
f 1215 1216 1217
f 1215 1217 1218
f 1219 1218 1220
f 1219 1215 1218
f 1221 1220 1222
f 1221 1219 1220
f 1223 1222 1224
f 1223 1221 1222
f 1225 1224 1226
f 1225 1223 1224
f 1227 1226 1228
f 1227 1225 1226
f 1229 1228 1230
f 1229 1227 1228
f 1231 1230 1232
f 1231 1229 1230
f 1233 1234 1235
f 1236 1237 1234
f 1236 1234 1233
f 1238 1235 1239
f 1238 1233 1235
f 1240 1241 1237
f 1240 1237 1236
f 1242 1239 1243
f 1242 1238 1239
f 1244 1245 1241
f 1244 1241 1240
f 1246 1243 1247
f 1246 1242 1243
f 1248 1249 1245
f 1248 1245 1244
f 1250 1247 1251
f 1250 1246 1247
f 1252 1249 1248
f 1253 1249 1252
f 1254 1251 1255
f 1254 1250 1251
f 1256 1253 1252
f 1257 1253 1256
f 1258 1255 1259
f 1258 1254 1255
f 1260 1257 1256
f 1261 1258 1259
f 1262 1261 1259
f 1263 1257 1260
f 1264 1263 1260
f 1265 1261 1262
f 1266 1265 1262
f 1267 1263 1264
f 1268 1267 1264
f 1269 1265 1266
f 1270 1269 1266
f 1271 1267 1268
f 1271 1268 1272
f 1273 1269 1270
f 1274 1273 1270
f 1275 1271 1272
f 1275 1272 1276
f 1277 1273 1274
f 1278 1277 1274
f 1278 1279 1277
f 1280 1276 1281
f 1280 1275 1276
f 1282 1283 1279
f 1282 1279 1278
f 1284 1281 1285
f 1284 1280 1281
f 1286 1287 1283
f 1286 1283 1282
f 1288 1285 1289
f 1288 1284 1285
f 1290 1291 1287
f 1290 1287 1286
f 1292 1289 1293
f 1292 1288 1289
f 1294 1295 1291
f 1294 1291 1290
f 1296 1293 1295
f 1296 1292 1293
f 1296 1295 1294
f 1297 1298 1299
f 1297 1299 1300
f 1301 1300 1302
f 1301 1297 1300
f 1303 1302 1304
f 1303 1301 1302
f 1305 1304 1306
f 1305 1303 1304
f 1307 1306 1308
f 1307 1305 1306
f 1309 1308 1310
f 1309 1307 1308
f 1311 1310 1312
f 1311 1309 1310
f 1313 1312 1314
f 1313 1311 1312
f 1315 1316 1317
f 1315 1317 1318
f 1319 1318 1320
f 1319 1315 1318
f 1321 1320 1322
f 1321 1319 1320
f 1323 1322 1324
f 1323 1321 1322
f 1325 1324 1326
f 1325 1323 1324
f 1327 1326 1328
f 1327 1325 1326
f 1329 1328 1330
f 1329 1327 1328
f 1331 1330 1332
f 1331 1329 1330
f 1333 1334 1335
f 1333 1335 1336
f 1333 1336 1337
f 1333 1337 1338
f 1339 1333 1338
f 1339 1334 1333
f 1340 1341 1334
f 1340 1334 1339
f 1342 1340 1339
f 1343 1342 1344
f 1343 1340 1342
f 1345 1346 1341
f 1345 1341 1340
f 1345 1340 1343
f 1347 1345 1343
f 1347 1343 1344
f 1348 1349 1346
f 1348 1346 1345
f 1348 1345 1347
f 1350 1348 1347
f 1350 1347 1344
f 1351 1350 1344
f 1351 1348 1350
f 1351 1349 1348
f 1352 1353 1354
f 1352 1355 1353
f 1356 1344 1355
f 1356 1355 1352
f 1357 1358 1349
f 1359 1357 1349
f 1359 1349 1351
f 1359 1351 1360
f 1361 1344 1356
f 1362 1361 1356
f 1362 1354 1363
f 1362 1352 1354
f 1362 1356 1352
f 1364 1357 1359
f 1364 1359 1360
f 1365 1344 1361
f 1365 1362 1363
f 1365 1351 1344
f 1365 1360 1351
f 1365 1361 1362
f 1366 1357 1364
f 1366 1367 1358
f 1366 1358 1357
f 1368 1364 1360
f 1368 1366 1364
f 1369 1360 1365
f 1370 1366 1368
f 1370 1367 1366
f 1371 1363 1372
f 1371 1369 1365
f 1371 1365 1363
f 1373 1360 1369
f 1373 1369 1371
f 1374 1375 1367
f 1374 1376 1377
f 1374 1377 1378
f 1374 1378 1375
f 1374 1367 1370
f 1374 1370 1376
f 1379 1372 1380
f 1379 1371 1372
f 1379 1373 1371
f 1381 1360 1373
f 1381 1379 1380
f 1381 1373 1379
f 1382 1338 1383
f 1382 1383 1384
f 1382 1384 1385
f 1382 1339 1338
f 1386 1344 1342
f 1386 1342 1339
f 1386 1339 1382
f 1386 1355 1344
f 1387 1368 1360
f 1387 1370 1368
f 1387 1360 1381
f 1388 1389 1390
f 1388 1390 1391
f 1388 1391 1376
f 1388 1370 1387
f 1388 1376 1370
f 1392 1385 1393
f 1392 1393 1394
f 1392 1394 1353
f 1392 1386 1382
f 1392 1355 1386
f 1392 1382 1385
f 1392 1353 1355
f 1395 1380 1396
f 1395 1396 1397
f 1395 1397 1389
f 1395 1381 1380
f 1395 1389 1388
f 1395 1387 1381
f 1395 1388 1387
f 1398 1399 1400
f 1398 1400 1401
f 1402 1401 1403
f 1402 1398 1401
f 1404 1403 1405
f 1404 1402 1403
f 1406 1405 1407
f 1406 1404 1405
f 1408 1407 1409
f 1408 1406 1407
f 1410 1409 1411
f 1410 1408 1409
f 1412 1411 1413
f 1412 1410 1411
f 1414 1413 1415
f 1414 1412 1413
f 1416 1417 1418
f 1419 1420 1421
f 1422 1423 1424
f 1425 1426 1427
f 1428 1425 1427
f 1429 1428 1427
f 1430 1429 1427
f 1431 1432 1433
f 1431 1433 1434
f 1431 1434 1435
f 1431 1435 1436
f 1431 1436 1437
f 1438 1439 1440
f 1438 1440 1441
f 1438 1441 1442
f 1443 1438 1442
f 1444 1445 1439
f 1444 1439 1438
f 1446 1444 1438
f 1446 1438 1443
f 1447 1442 1448
f 1447 1448 1449
f 1447 1443 1442
f 1447 1450 1446
f 1447 1446 1443
f 1451 1444 1446
f 1452 1444 1451
f 1452 1445 1444
f 1453 1449 1454
f 1453 1454 1455
f 1453 1447 1449
f 1453 1450 1447
f 1456 1450 1431
f 1456 1446 1450
f 1456 1452 1451
f 1456 1451 1446
f 1457 1458 1445
f 1457 1459 1460
f 1457 1460 1458
f 1457 1445 1452
f 1461 1455 1420
f 1461 1453 1455
f 1461 1420 1419
f 1462 1463 1464
f 1462 1464 1459
f 1462 1459 1457
f 1465 1452 1456
f 1465 1456 1431
f 1465 1457 1452
f 1465 1462 1457
f 1466 1462 1465
f 1466 1463 1462
f 1466 1467 1463
f 1468 1466 1465
f 1468 1465 1431
f 1469 1450 1453
f 1469 1461 1419
f 1469 1453 1461
f 1470 1468 1431
f 1470 1466 1468
f 1471 1472 1432
f 1471 1431 1450
f 1471 1432 1431
f 1473 1474 1475
f 1473 1475 1472
f 1473 1471 1450
f 1473 1450 1469
f 1473 1472 1471
f 1476 1466 1470
f 1477 1437 1478
f 1477 1478 1479
f 1477 1470 1431
f 1477 1476 1470
f 1477 1431 1437
f 1480 1418 1467
f 1480 1466 1476
f 1480 1416 1418
f 1480 1467 1466
f 1481 1416 1480
f 1481 1423 1416
f 1481 1480 1476
f 1482 1419 1427
f 1482 1469 1419
f 1482 1426 1483
f 1482 1483 1474
f 1482 1427 1426
f 1482 1474 1473
f 1482 1473 1469
f 1484 1424 1423
f 1484 1479 1485
f 1484 1485 1486
f 1484 1486 1424
f 1484 1477 1479
f 1484 1476 1477
f 1484 1481 1476
f 1484 1423 1481
f 1487 1488 1489
f 1487 1489 1490
f 1487 1490 1491
f 1487 1491 1492
f 1493 1487 1492
f 1493 1492 1494
f 1493 1494 1495
f 1496 1497 1498
f 1496 1495 1499
f 1496 1493 1495
f 1496 1499 1500
f 1496 1500 1501
f 1496 1501 1497
f 1502 1503 1488
f 1504 1496 1498
f 1505 1506 1507
f 1505 1507 1508
f 1505 1508 1509
f 1505 1509 1510
f 1505 1510 1511
f 1505 1511 1512
f 1505 1512 1513
f 1505 1513 1514
f 1505 1514 1515
f 1516 1506 1505
f 1517 1518 1519
f 1520 1521 1522
f 1520 1522 1523
f 1520 1523 1524
f 1520 1524 1525
f 1520 1525 1526
f 1520 1526 1527
f 1528 1527 1506
f 1528 1520 1527
f 1528 1506 1516
f 1529 1528 1516
f 1529 1519 1530
f 1529 1516 1517
f 1529 1517 1519
f 1531 1532 1533
f 1534 1533 1535
f 1534 1531 1533
f 1536 1537 1538
f 1536 1538 1539
f 1536 1539 1540
f 1536 1540 1541
f 1536 1541 1542
f 1543 1544 1545
f 1543 1545 1546
f 1543 1546 1547
f 1543 1547 1537
f 1543 1537 1536
f 1548 1549 1550
f 1548 1550 1551
f 1548 1551 1544
f 1548 1544 1543
f 1552 1488 1487
f 1553 1488 1552
f 1554 1502 1488
f 1554 1488 1555
f 1556 1502 1557
f 1556 1503 1502
f 1558 1503 1556
f 1559 1515 1560
f 1559 1560 1503
f 1561 1504 1498
f 1562 1561 1498
f 1563 1559 1564
f 1563 1505 1515
f 1563 1515 1559
f 1565 1498 1518
f 1566 1565 1518
f 1566 1517 1516
f 1566 1518 1517
f 1567 1529 1530
f 1567 1568 1529
f 1569 1570 1532
f 1569 1532 1531
f 1569 1531 1534
f 1571 1569 1534
f 1571 1570 1569
f 1572 1530 1573
f 1572 1573 1574
f 1572 1567 1530
f 1575 1576 1534
f 1575 1534 1535
f 1577 1575 1574
f 1577 1576 1575
f 1577 1574 1573
f 1578 1571 1534
f 1579 1573 1580
f 1579 1576 1577
f 1579 1577 1573
f 1579 1580 1576
f 1581 1534 1576
f 1581 1576 1580
f 1581 1578 1534
f 1582 1578 1581
f 1583 1580 1584
f 1583 1581 1580
f 1585 1582 1581
f 1585 1583 1584
f 1585 1581 1583
f 1586 1587 1549
f 1586 1588 1587
f 1586 1589 1588
f 1586 1590 1589
f 1586 1549 1548
f 1591 1488 1553
f 1591 1553 1592
f 1593 1488 1591
f 1593 1591 1592
f 1594 1493 1496
f 1595 1555 1488
f 1595 1592 1555
f 1595 1488 1593
f 1595 1593 1592
f 1596 1594 1496
f 1597 1496 1504
f 1597 1596 1496
f 1598 1597 1504
f 1599 1598 1504
f 1599 1504 1557
f 1600 1503 1558
f 1600 1558 1601
f 1602 1600 1601
f 1602 1503 1600
f 1603 1556 1557
f 1603 1558 1556
f 1604 1564 1559
f 1604 1601 1564
f 1604 1602 1601
f 1604 1503 1602
f 1604 1559 1503
f 1605 1601 1558
f 1606 1558 1603
f 1606 1605 1558
f 1607 1601 1605
f 1607 1606 1608
f 1607 1605 1606
f 1609 1601 1607
f 1610 1608 1565
f 1610 1565 1609
f 1610 1609 1607
f 1610 1607 1608
f 1611 1562 1498
f 1612 1565 1566
f 1612 1566 1516
f 1612 1609 1565
f 1613 1565 1608
f 1613 1611 1498
f 1613 1608 1611
f 1613 1498 1565
f 1614 1520 1528
f 1615 1520 1614
f 1615 1616 1520
f 1617 1618 1619
f 1620 1535 1533
f 1620 1618 1617
f 1620 1533 1618
f 1621 1570 1571
f 1621 1571 1578
f 1622 1570 1621
f 1622 1578 1623
f 1622 1621 1578
f 1624 1570 1622
f 1625 1622 1623
f 1625 1626 1624
f 1625 1624 1622
f 1627 1628 1570
f 1627 1570 1624
f 1627 1624 1626
f 1629 1623 1578
f 1629 1578 1582
f 1629 1585 1584
f 1629 1582 1585
f 1630 1623 1629
f 1630 1629 1584
f 1631 1628 1627
f 1632 1631 1627
f 1632 1626 1633
f 1632 1627 1626
f 1634 1631 1632
f 1635 1630 1584
f 1635 1636 1630
f 1637 1634 1632
f 1637 1632 1633
f 1638 1639 1633
f 1640 1634 1637
f 1641 1638 1635
f 1641 1635 1584
f 1642 1643 1644
f 1645 1628 1644
f 1646 1644 1643
f 1646 1645 1644
f 1647 1584 1587
f 1647 1641 1584
f 1647 1639 1638
f 1647 1638 1641
f 1648 1647 1587
f 1648 1639 1647
f 1649 1542 1628
f 1649 1628 1645
f 1649 1645 1650
f 1649 1536 1542
f 1651 1643 1652
f 1651 1648 1587
f 1651 1652 1648
f 1653 1643 1651
f 1654 1655 1588
f 1654 1588 1589
f 1656 1536 1649
f 1656 1589 1590
f 1657 1536 1656
f 1657 1656 1590
f 1658 1543 1536
f 1658 1536 1657
f 1659 1487 1493
f 1659 1552 1487
f 1659 1493 1594
f 1660 1552 1659
f 1660 1659 1594
f 1660 1553 1552
f 1661 1592 1553
f 1661 1553 1660
f 1661 1660 1594
f 1661 1594 1596
f 1662 1592 1661
f 1662 1597 1598
f 1662 1596 1597
f 1662 1661 1596
f 1663 1592 1662
f 1663 1598 1599
f 1663 1662 1598
f 1663 1555 1592
f 1664 1663 1599
f 1664 1555 1663
f 1664 1554 1555
f 1665 1557 1502
f 1665 1599 1557
f 1665 1664 1599
f 1665 1554 1664
f 1665 1502 1554
f 1666 1561 1562
f 1666 1603 1557
f 1666 1557 1504
f 1666 1504 1561
f 1667 1603 1666
f 1667 1562 1611
f 1667 1608 1606
f 1667 1611 1608
f 1667 1606 1603
f 1667 1666 1562
f 1668 1564 1601
f 1668 1601 1609
f 1668 1609 1612
f 1669 1563 1564
f 1669 1612 1516
f 1669 1505 1563
f 1669 1564 1668
f 1669 1516 1505
f 1669 1668 1612
f 1670 1520 1616
f 1670 1671 1672
f 1670 1521 1520
f 1670 1672 1673
f 1670 1673 1521
f 1674 1675 1671
f 1674 1671 1670
f 1674 1670 1616
f 1676 1674 1616
f 1676 1675 1674
f 1677 1616 1619
f 1677 1676 1616
f 1678 1676 1677
f 1678 1675 1676
f 1679 1675 1678
f 1679 1533 1532
f 1679 1532 1675
f 1679 1618 1533
f 1680 1677 1619
f 1680 1618 1679
f 1680 1679 1678
f 1680 1678 1677
f 1680 1619 1618
f 1681 1614 1528
f 1681 1615 1614
f 1681 1568 1615
f 1681 1529 1568
f 1681 1528 1529
f 1682 1616 1615
f 1682 1615 1568
f 1682 1619 1616
f 1682 1617 1619
f 1682 1568 1617
f 1683 1575 1535
f 1683 1574 1575
f 1683 1535 1620
f 1683 1617 1568
f 1683 1620 1617
f 1684 1623 1630
f 1684 1625 1623
f 1684 1626 1625
f 1684 1630 1636
f 1685 1626 1684
f 1685 1684 1636
f 1686 1626 1685
f 1686 1636 1635
f 1686 1635 1638
f 1686 1685 1636
f 1686 1633 1626
f 1686 1638 1633
f 1687 1631 1634
f 1687 1634 1640
f 1687 1628 1631
f 1688 1628 1687
f 1689 1644 1628
f 1689 1640 1642
f 1689 1642 1644
f 1689 1687 1640
f 1689 1628 1688
f 1689 1688 1687
f 1690 1637 1633
f 1690 1633 1639
f 1691 1640 1637
f 1691 1637 1690
f 1691 1642 1640
f 1691 1690 1639
f 1692 1639 1648
f 1692 1648 1652
f 1692 1691 1639
f 1693 1642 1691
f 1693 1691 1692
f 1693 1692 1652
f 1694 1643 1642
f 1694 1652 1643
f 1694 1642 1693
f 1694 1693 1652
f 1695 1646 1643
f 1695 1643 1653
f 1696 1650 1645
f 1696 1645 1646
f 1696 1646 1695
f 1696 1695 1653
f 1697 1650 1696
f 1697 1696 1653
f 1697 1653 1698
f 1699 1649 1650
f 1700 1649 1699
f 1700 1699 1654
f 1701 1698 1655
f 1701 1697 1698
f 1702 1655 1654
f 1702 1650 1697
f 1702 1699 1650
f 1702 1701 1655
f 1702 1697 1701
f 1702 1654 1699
f 1703 1651 1587
f 1703 1653 1651
f 1703 1698 1653
f 1704 1654 1589
f 1704 1589 1656
f 1704 1700 1654
f 1704 1649 1700
f 1704 1656 1649
f 1705 1703 1587
f 1705 1587 1588
f 1705 1655 1698
f 1705 1588 1655
f 1705 1698 1703
f 1706 1657 1590
f 1706 1543 1658
f 1706 1658 1657
f 1706 1548 1543
f 1706 1586 1548
f 1706 1590 1586
f 1707 1568 1567
f 1707 1572 1574
f 1707 1567 1572
f 1707 1574 1683
f 1707 1683 1568
f 1708 1709 1710
f 1711 1708 1710
f 1712 1710 1713
f 1712 1711 1710
f 1714 1715 1716
f 1714 1716 1717
f 1714 1717 1718
f 1719 1714 1718
f 1720 1721 1722
f 1720 1722 1723
f 1724 1722 1725
f 1724 1723 1722
f 1726 1721 1720
f 1727 1724 1725
f 1728 1729 1721
f 1728 1721 1726
f 1730 1725 1731
f 1730 1727 1725
f 1732 1729 1728
f 1733 1730 1731
f 1734 1729 1732
f 1735 1733 1731
f 1736 1729 1734
f 1737 1735 1731
f 1738 1736 1734
f 1739 1735 1737
f 1740 1736 1738
f 1741 1739 1737
f 1742 1740 1743
f 1742 1736 1740
f 1744 1741 1737
f 1745 1741 1744
f 1746 1742 1743
f 1747 1745 1744
f 1748 1746 1749
f 1748 1742 1746
f 1750 1751 1747
f 1750 1747 1744
f 1752 1748 1749
f 1753 1751 1750
f 1754 1748 1752
f 1754 1752 1755
f 1754 1755 1756
f 1757 1753 1750
f 1757 1758 1759
f 1757 1759 1753
f 1760 1756 1761
f 1760 1761 1762
f 1760 1754 1756
f 1763 1758 1757
f 1763 1764 1765
f 1763 1765 1758
f 1766 1762 1767
f 1766 1767 1764
f 1766 1760 1762
f 1766 1764 1763
f 1768 1769 1770
f 1768 1770 1771
f 1772 1768 1771
f 1772 1771 1773
f 1774 1773 1775
f 1774 1775 1776
f 1774 1772 1773
f 1777 1776 1778
f 1777 1778 1779
f 1777 1774 1776
f 1780 1777 1779
f 1780 1779 1781
f 1780 1781 1782
f 1780 1782 1783
f 1780 1783 1784
f 1780 1784 1785
f 1786 1780 1785
f 1787 1788 1789
f 1790 1791 1788
f 1790 1788 1787
f 1792 1790 1787
f 1792 1787 1793
f 1794 1792 1793
f 1795 1792 1794
f 1796 1795 1794
f 1796 1794 1797
f 1798 1797 1799
f 1798 1800 1801
f 1798 1799 1800
f 1798 1796 1797
f 1802 1803 1804
f 1805 1803 1802
f 1806 1807 1808
f 1809 1810 1811
f 1812 1769 1768
f 1812 1768 1772
f 1813 1772 1774
f 1813 1812 1772
f 1813 1774 1777
f 1814 1812 1813
f 1815 1769 1816
f 1817 1780 1786
f 1818 1789 1769
f 1818 1769 1815
f 1818 1815 1819
f 1820 1818 1819
f 1821 1818 1820
f 1822 1786 1785
f 1823 1787 1789
f 1823 1793 1787
f 1824 1822 1785
f 1825 1793 1823
f 1825 1794 1793
f 1826 1790 1792
f 1826 1792 1795
f 1826 1791 1790
f 1827 1799 1797
f 1828 1827 1829
f 1828 1799 1827
f 1828 1785 1800
f 1828 1800 1799
f 1830 1796 1798
f 1831 1804 1791
f 1831 1791 1832
f 1833 1834 1835
f 1836 1832 1835
f 1836 1831 1832
f 1837 1836 1835
f 1837 1831 1836
f 1838 1830 1798
f 1838 1798 1801
f 1838 1839 1830
f 1840 1833 1839
f 1840 1839 1838
f 1840 1834 1833
f 1840 1801 1841
f 1840 1841 1834
f 1840 1838 1801
f 1842 1837 1835
f 1843 1802 1804
f 1843 1805 1802
f 1844 1845 1805
f 1844 1805 1843
f 1846 1842 1835
f 1847 1848 1803
f 1847 1803 1805
f 1849 1805 1845
f 1849 1845 1850
f 1849 1847 1805
f 1851 1847 1849
f 1852 1849 1850
f 1852 1851 1849
f 1853 1808 1854
f 1853 1806 1808
f 1853 1852 1850
f 1853 1850 1806
f 1855 1856 1857
f 1858 1859 1855
f 1860 1861 1862
f 1860 1810 1809
f 1860 1862 1863
f 1860 1863 1864
f 1860 1809 1861
f 1860 1864 1810
f 1865 1866 1867
f 1865 1867 1868
f 1865 1868 1869
f 1870 1769 1812
f 1870 1812 1814
f 1870 1871 1816
f 1870 1816 1769
f 1872 1813 1777
f 1872 1814 1813
f 1873 1814 1872
f 1873 1872 1817
f 1874 1870 1814
f 1874 1871 1870
f 1874 1814 1873
f 1874 1873 1817
f 1875 1871 1874
f 1875 1874 1817
f 1875 1816 1871
f 1876 1875 1817
f 1877 1875 1876
f 1877 1816 1875
f 1877 1815 1816
f 1878 1877 1876
f 1878 1876 1817
f 1879 1880 1819
f 1879 1877 1878
f 1879 1815 1877
f 1879 1878 1817
f 1879 1786 1880
f 1879 1817 1786
f 1879 1819 1815
f 1881 1820 1819
f 1881 1819 1880
f 1881 1880 1786
f 1881 1786 1822
f 1882 1820 1881
f 1882 1821 1820
f 1883 1789 1818
f 1883 1884 1823
f 1883 1818 1821
f 1883 1823 1789
f 1883 1821 1884
f 1885 1822 1824
f 1885 1882 1881
f 1885 1881 1822
f 1886 1885 1824
f 1886 1882 1885
f 1887 1821 1882
f 1887 1882 1886
f 1887 1884 1821
f 1888 1886 1824
f 1888 1887 1886
f 1889 1823 1884
f 1890 1884 1887
f 1890 1887 1888
f 1890 1889 1884
f 1891 1824 1892
f 1891 1888 1824
f 1891 1892 1890
f 1891 1890 1888
f 1893 1890 1892
f 1893 1889 1890
f 1893 1823 1889
f 1894 1825 1823
f 1894 1794 1825
f 1894 1892 1829
f 1894 1827 1797
f 1894 1829 1827
f 1894 1823 1893
f 1894 1797 1794
f 1894 1893 1892
f 1895 1892 1824
f 1895 1829 1892
f 1895 1824 1785
f 1895 1785 1828
f 1895 1828 1829
f 1896 1826 1795
f 1896 1795 1796
f 1897 1796 1830
f 1897 1830 1839
f 1897 1896 1796
f 1898 1896 1897
f 1899 1826 1896
f 1899 1896 1898
f 1900 1839 1833
f 1900 1897 1839
f 1900 1898 1897
f 1900 1899 1898
f 1900 1901 1899
f 1902 1901 1900
f 1902 1835 1832
f 1902 1833 1835
f 1902 1832 1901
f 1902 1900 1833
f 1903 1837 1842
f 1903 1804 1831
f 1903 1831 1837
f 1903 1842 1843
f 1903 1843 1804
f 1904 1834 1841
f 1904 1846 1835
f 1904 1835 1834
f 1905 1846 1904
f 1905 1904 1841
f 1906 1905 1841
f 1906 1841 1807
f 1906 1846 1905
f 1907 1906 1807
f 1907 1846 1906
f 1907 1807 1806
f 1908 1848 1847
f 1909 1910 1848
f 1909 1848 1908
f 1911 1908 1856
f 1911 1909 1908
f 1911 1910 1909
f 1912 1910 1911
f 1912 1911 1856
f 1912 1856 1855
f 1912 1855 1859
f 1913 1910 1912
f 1913 1912 1859
f 1914 1857 1852
f 1914 1852 1853
f 1914 1853 1854
f 1915 1855 1857
f 1915 1857 1914
f 1916 1915 1914
f 1916 1914 1854
f 1917 1910 1913
f 1917 1913 1859
f 1917 1859 1918
f 1919 1915 1916
f 1919 1916 1854
f 1920 1855 1915
f 1920 1915 1919
f 1920 1858 1855
f 1921 1854 1922
f 1921 1919 1854
f 1921 1920 1919
f 1921 1858 1920
f 1923 1858 1921
f 1923 1859 1858
f 1923 1921 1922
f 1924 1925 1910
f 1924 1910 1917
f 1924 1917 1918
f 1926 1918 1859
f 1926 1859 1923
f 1927 1923 1922
f 1927 1926 1923
f 1928 1924 1918
f 1928 1918 1929
f 1930 1926 1927
f 1931 1918 1926
f 1931 1926 1930
f 1931 1929 1918
f 1932 1924 1928
f 1932 1925 1924
f 1933 1931 1930
f 1934 1928 1929
f 1934 1932 1928
f 1935 1932 1934
f 1936 1929 1931
f 1936 1931 1933
f 1937 1938 1936
f 1937 1936 1933
f 1937 1933 1922
f 1939 1938 1940
f 1939 1941 1935
f 1942 1925 1941
f 1943 1941 1939
f 1943 1942 1941
f 1943 1939 1940
f 1944 1922 1864
f 1944 1938 1937
f 1944 1937 1922
f 1945 1940 1938
f 1945 1938 1944
f 1945 1944 1864
f 1946 1945 1864
f 1947 1948 1949
f 1947 1946 1864
f 1947 1949 1946
f 1950 1864 1863
f 1950 1948 1947
f 1950 1947 1864
f 1951 1809 1952
f 1951 1861 1809
f 1951 1952 1953
f 1954 1865 1953
f 1954 1953 1952
f 1955 1865 1954
f 1956 1955 1957
f 1956 1957 1958
f 1956 1958 1959
f 1956 1959 1866
f 1956 1866 1865
f 1956 1865 1955
f 1960 1872 1777
f 1960 1817 1872
f 1960 1777 1780
f 1960 1780 1817
f 1961 1832 1791
f 1961 1826 1899
f 1961 1901 1832
f 1961 1791 1826
f 1961 1899 1901
f 1962 1846 1907
f 1962 1907 1806
f 1962 1806 1850
f 1963 1856 1908
f 1963 1908 1847
f 1963 1847 1851
f 1963 1851 1852
f 1963 1852 1857
f 1963 1857 1856
f 1964 1927 1922
f 1964 1930 1927
f 1964 1933 1930
f 1964 1922 1933
f 1965 1925 1932
f 1965 1932 1935
f 1965 1941 1925
f 1965 1935 1941
f 1966 1929 1936
f 1966 1936 1938
f 1966 1934 1929
f 1967 1934 1966
f 1967 1938 1939
f 1967 1935 1934
f 1967 1966 1938
f 1967 1939 1935
f 1968 1948 1942
f 1968 1943 1940
f 1968 1942 1943
f 1968 1949 1948
f 1968 1945 1946
f 1968 1946 1949
f 1968 1940 1945
f 1969 1925 1942
f 1969 1869 1925
f 1969 1865 1869
f 1969 1953 1865
f 1970 1952 1809
f 1970 1954 1952
f 1971 1955 1954
f 1971 1970 1809
f 1971 1954 1970
f 1972 1957 1955
f 1972 1811 1973
f 1972 1973 1974
f 1972 1974 1975
f 1972 1975 1957
f 1972 1809 1811
f 1972 1955 1971
f 1972 1971 1809
f 1976 1843 1842
f 1976 1842 1846
f 1977 1845 1844
f 1977 1844 1843
f 1977 1843 1976
f 1978 1846 1962
f 1978 1976 1846
f 1978 1977 1976
f 1979 1962 1850
f 1979 1850 1845
f 1979 1978 1962
f 1979 1845 1977
f 1979 1977 1978
f 1980 1942 1948
f 1980 1969 1942
f 1981 1980 1982
f 1981 1969 1980
f 1983 1969 1981
f 1984 1951 1953
f 1984 1953 1969
f 1984 1969 1983
f 1985 1862 1861
f 1985 1982 1862
f 1985 1981 1982
f 1985 1983 1981
f 1986 1984 1983
f 1986 1983 1985
f 1986 1951 1984
f 1986 1861 1951
f 1986 1985 1861
f 1987 1980 1948
f 1987 1863 1862
f 1987 1948 1950
f 1987 1950 1863
f 1987 1982 1980
f 1987 1862 1982
f 1988 1989 1990
f 1991 1992 1993
f 1994 1995 1996
f 1997 1998 1995
f 1997 1995 1994
f 1999 1994 2000
f 1999 1997 1994
f 2001 2002 2003
f 2001 2003 2004
f 2005 2006 2007
f 2008 2005 2007
f 2009 2010 2011
f 2009 2012 2013
f 2009 2013 2014
f 2009 2014 2015
f 2009 2015 2010
f 2016 2012 2009
f 2016 2017 2018
f 2016 2018 2012
f 2019 2020 2021
f 2019 2021 2022
f 2019 2022 2023
f 2019 2023 2017
f 2019 2017 2016
f 2024 1992 2025
f 2024 2026 1992
f 2027 2028 2029
f 2027 1990 2028
f 2030 1990 2027
f 2031 1988 1990
f 2031 1990 2032
f 2033 1989 1988
f 2034 1989 2033
f 2035 1991 2036
f 2035 1992 1991
f 2037 2036 1991
f 2038 1996 1989
f 2039 1994 1996
f 2039 1996 2038
f 2039 2000 1994
f 2040 1991 1993
f 2040 2037 1991
f 2041 2042 2000
f 2043 1993 2044
f 2043 2044 2042
f 2043 2042 2041
f 2045 2044 2046
f 2045 2046 2047
f 2045 2042 2044
f 2048 2047 2046
f 2049 2048 2046
f 2049 2050 2048
f 2051 2001 2004
f 2051 2004 2006
f 2051 2005 2001
f 2051 2006 2005
f 2052 2046 2053
f 2052 2053 2054
f 2052 2054 2007
f 2052 2050 2049
f 2052 2049 2046
f 2052 2007 2050
f 2055 2001 2005
f 2055 2002 2001
f 2056 2008 2007
f 2057 2056 2007
f 2057 2054 2053
f 2057 2007 2054
f 2058 2056 2057
f 2058 2008 2056
f 2059 2060 2002
f 2059 2002 2055
f 2061 2058 2057
f 2061 2057 2053
f 2061 2008 2058
f 2061 2053 2062
f 2063 2005 2008
f 2063 2008 2061
f 2063 2061 2062
f 2064 2059 2055
f 2064 2005 2063
f 2064 2055 2005
f 2065 2064 2063
f 2066 2062 2067
f 2066 2063 2062
f 2068 2065 2063
f 2068 2066 2067
f 2068 2063 2066
f 2069 2070 2071
f 2069 2019 2072
f 2069 2072 2070
f 2069 2071 2073
f 2074 2020 2019
f 2074 2075 2020
f 2074 2073 2075
f 2074 2069 2073
f 2074 2019 2069
f 2076 2077 2078
f 2076 2078 2079
f 2076 2080 2077
f 2081 2080 2076
f 2082 2081 2076
f 2083 2082 2076
f 2084 2025 2029
f 2085 2084 2086
f 2085 2024 2025
f 2085 2025 2084
f 2087 1990 2030
f 2087 2030 2088
f 2087 2032 1990
f 2087 2088 2032
f 2089 2029 2025
f 2089 2027 2029
f 2089 2030 2027
f 2090 2089 2025
f 2090 2030 2089
f 2090 2088 2030
f 2091 2025 1992
f 2091 2090 2025
f 2092 2032 2088
f 2092 2031 2032
f 2093 2092 2094
f 2093 2031 2092
f 2095 2096 1988
f 2095 2031 2093
f 2095 1988 2031
f 2095 2036 2096
f 2097 2094 2098
f 2097 2093 2094
f 2097 2098 2099
f 2097 2036 2095
f 2097 2095 2093
f 2100 2091 1992
f 2100 2036 2097
f 2100 2099 2091
f 2100 1992 2035
f 2100 2035 2036
f 2100 2097 2099
f 2101 1988 2096
f 2101 2033 1988
f 2101 2036 2037
f 2101 2096 2036
f 2102 2034 2103
f 2102 1989 2034
f 2102 2038 1989
f 2102 2103 2038
f 2104 2101 2037
f 2104 2034 2033
f 2104 2033 2101
f 2105 2103 2034
f 2105 2034 2104
f 2106 2105 2104
f 2107 2106 2104
f 2107 2104 2037
f 2107 2037 2040
f 2108 2103 2105
f 2108 2105 2106
f 2108 2106 2107
f 2109 2038 2103
f 2110 2103 2108
f 2110 2109 2103
f 2111 2107 2040
f 2111 2108 2107
f 2111 2110 2108
f 2111 2040 2112
f 2111 2112 2110
f 2113 2109 2110
f 2113 2038 2109
f 2113 2110 2112
f 2114 2038 2113
f 2114 2113 2112
f 2114 2039 2038
f 2114 2000 2039
f 2114 2041 2000
f 2114 2112 2041
f 2115 1993 2043
f 2115 2040 1993
f 2115 2112 2040
f 2115 2041 2112
f 2115 2043 2041
f 2116 1998 1997
f 2116 1997 1999
f 2117 1998 2116
f 2118 2000 2042
f 2118 2045 2047
f 2118 1999 2000
f 2118 2047 1999
f 2118 2042 2045
f 2119 2116 1999
f 2119 2117 2116
f 2120 1998 2117
f 2121 2006 2004
f 2121 2050 2007
f 2121 2007 2006
f 2121 2004 2122
f 2121 2122 2050
f 2123 2060 2059
f 2123 2059 2064
f 2123 2064 2124
f 2125 2123 2124
f 2125 2060 2123
f 2126 2060 2125
f 2127 2125 2124
f 2127 2126 2125
f 2127 2128 2126
f 2129 2064 2065
f 2129 2068 2067
f 2129 2065 2068
f 2130 2064 2129
f 2130 2124 2064
f 2131 2129 2067
f 2131 2130 2129
f 2132 2011 2060
f 2132 2060 2126
f 2132 2126 2128
f 2133 2131 2067
f 2133 2130 2131
f 2134 2124 2130
f 2134 2130 2133
f 2135 2011 2132
f 2136 2132 2128
f 2136 2135 2132
f 2136 2128 2137
f 2138 2133 2067
f 2138 2134 2133
f 2139 2135 2136
f 2140 2141 2137
f 2142 2136 2137
f 2142 2139 2136
f 2142 2137 2141
f 2143 2140 2138
f 2143 2138 2067
f 2144 2139 2142
f 2145 2146 2147
f 2148 2009 2011
f 2148 2011 2147
f 2148 2149 2009
f 2150 2067 2075
f 2150 2143 2067
f 2150 2141 2140
f 2150 2140 2143
f 2151 2147 2146
f 2151 2148 2147
f 2152 2150 2075
f 2152 2141 2150
f 2153 2152 2075
f 2153 2146 2152
f 2154 2153 2075
f 2154 2155 2153
f 2156 2070 2149
f 2156 2071 2070
f 2157 2075 2073
f 2157 2073 2071
f 2157 2154 2075
f 2157 2071 2156
f 2158 2016 2009
f 2158 2019 2016
f 2158 2149 2070
f 2158 2072 2019
f 2158 2070 2072
f 2158 2009 2149
f 2159 2160 2161
f 2159 2161 2162
f 2159 2162 2163
f 2164 2163 2165
f 2164 2165 2077
f 2164 2159 2163
f 2164 2077 2080
f 2166 2080 2081
f 2166 2159 2164
f 2166 2081 2167
f 2166 2164 2080
f 2166 2168 2159
f 2169 2168 2166
f 2169 1990 2160
f 2169 2160 2159
f 2169 2028 1990
f 2169 2159 2168
f 2169 2166 2167
f 2170 2079 2171
f 2170 2171 2172
f 2170 2172 2026
f 2170 2026 2024
f 2170 2076 2079
f 2170 2024 2083
f 2170 2083 2076
f 2173 2081 2082
f 2173 2083 2024
f 2173 2082 2083
f 2173 2167 2081
f 2174 2167 2173
f 2174 2173 2024
f 2175 2024 2085
f 2175 2174 2024
f 2175 2085 2086
f 2175 2167 2174
f 2176 2084 2029
f 2176 2086 2084
f 2176 2029 2028
f 2177 2088 2090
f 2177 2092 2088
f 2177 2098 2094
f 2177 2094 2092
f 2177 2099 2098
f 2177 2090 2091
f 2177 2091 2099
f 2178 2003 1998
f 2178 2004 2003
f 2178 1998 2120
f 2178 2122 2004
f 2178 2120 2122
f 2179 2047 2048
f 2179 1999 2047
f 2179 2119 1999
f 2180 2117 2119
f 2180 2120 2117
f 2180 2050 2122
f 2180 2122 2120
f 2181 2048 2050
f 2181 2050 2180
f 2181 2119 2179
f 2181 2180 2119
f 2181 2179 2048
f 2182 2127 2124
f 2182 2128 2127
f 2182 2124 2134
f 2182 2134 2138
f 2182 2138 2140
f 2182 2140 2137
f 2182 2137 2128
f 2183 2011 2135
f 2183 2139 2144
f 2183 2144 2145
f 2183 2135 2139
f 2183 2147 2011
f 2183 2145 2147
f 2184 2142 2141
f 2184 2144 2142
f 2184 2145 2144
f 2185 2145 2184
f 2185 2184 2141
f 2185 2146 2145
f 2185 2152 2146
f 2185 2141 2152
f 2186 2155 2149
f 2186 2149 2148
f 2186 2151 2146
f 2186 2148 2151
f 2186 2146 2153
f 2186 2153 2155
f 2187 2149 2155
f 2187 2155 2154
f 2187 2156 2149
f 2187 2157 2156
f 2187 2154 2157
f 2188 2175 2086
f 2188 2086 2176
f 2188 2176 2028
f 2188 2028 2169
f 2188 2169 2167
f 2188 2167 2175
f 2189 2190 2191
f 2189 2192 2190
f 2193 2194 2190
f 2193 2190 2192
f 2195 2189 2191
f 2196 2194 2193
f 2197 2191 2198
f 2197 2195 2191
f 2199 2200 2194
f 2199 2194 2196
f 2201 2197 2198
f 2202 2200 2199
f 2203 2201 2198
f 2204 2200 2202
f 2205 2203 2198
f 2206 2200 2204
f 2207 2203 2205
f 2208 2206 2204
f 2209 2207 2205
f 2210 2206 2208
f 2211 2212 2209
f 2211 2209 2205
f 2213 2206 2210
f 2214 2213 2210
f 2215 2212 2211
f 2216 2213 2214
f 2217 2215 2211
f 2217 2218 2215
f 2219 2213 2216
f 2219 2216 2220
f 2221 2218 2217
f 2222 2219 2220
f 2223 2221 2217
f 2223 2224 2225
f 2223 2225 2221
f 2226 2219 2222
f 2226 2222 2227
f 2226 2227 2228
f 2229 2224 2223
f 2229 2230 2231
f 2229 2231 2224
f 2232 2228 2233
f 2232 2233 2234
f 2232 2226 2228
f 2235 2230 2229
f 2235 2234 2236
f 2235 2236 2230
f 2235 2232 2234
f 2237 2238 2239
f 2240 2238 2237
f 2241 2240 2237
f 2242 2241 2237
f 2243 2244 2245
f 2243 2245 2246
f 2247 2243 2246
f 2248 2243 2247
f 2249 2250 2251
f 2249 2251 2252
f 2253 2254 2255
f 2253 2255 2256
f 2253 2256 2257
f 2253 2257 2258
f 2259 2253 2258
f 2259 2258 2260
f 2259 2260 2261
f 2262 2263 2264
f 2262 2259 2261
f 2262 2261 2265
f 2262 2265 2266
f 2262 2266 2263
f 2267 2268 2254
f 2269 2270 2271
f 2269 2271 2272
f 2269 2272 2273
f 2269 2273 2274
f 2269 2274 2275
f 2269 2275 2276
f 2269 2276 2277
f 2278 2270 2269
f 2278 2279 2280
f 2278 2280 2281
f 2278 2281 2282
f 2278 2282 2283
f 2278 2283 2284
f 2278 2284 2270
f 2285 2286 2287
f 2285 2287 2288
f 2285 2288 2289
f 2285 2289 2290
f 2285 2291 2292
f 2293 2290 2294
f 2293 2294 2295
f 2293 2295 2296
f 2293 2296 2297
f 2293 2297 2298
f 2293 2298 2299
f 2293 2299 2300
f 2293 2285 2290
f 2301 2291 2285
f 2301 2302 2291
f 2303 2301 2285
f 2303 2285 2293
f 2303 2293 2300
f 2304 2300 2250
f 2304 2250 2249
f 2304 2303 2300
f 2305 2306 2307
f 2305 2307 2308
f 2305 2308 2309
f 2305 2309 2310
f 2311 2306 2305
f 2311 2312 2313
f 2311 2313 2306
f 2314 2315 2316
f 2314 2316 2317
f 2314 2317 2312
f 2314 2312 2311
f 2318 2253 2259
f 2318 2254 2253
f 2319 2254 2318
f 2320 2262 2264
f 2321 2320 2264
f 2322 2323 2267
f 2322 2254 2324
f 2322 2267 2254
f 2325 2267 2323
f 2325 2268 2267
f 2326 2325 2323
f 2326 2268 2325
f 2327 2264 2328
f 2327 2328 2329
f 2327 2330 2264
f 2331 2332 2268
f 2333 2323 2329
f 2333 2329 2328
f 2334 2326 2323
f 2334 2335 2326
f 2336 2332 2331
f 2337 2323 2333
f 2337 2334 2323
f 2337 2333 2328
f 2338 2332 2336
f 2338 2336 2269
f 2338 2269 2277
f 2339 2334 2337
f 2340 2338 2277
f 2340 2332 2338
f 2340 2292 2332
f 2341 2277 2286
f 2341 2340 2277
f 2342 2292 2340
f 2342 2341 2286
f 2342 2340 2341
f 2342 2285 2292
f 2342 2286 2285
f 2343 2344 2345
f 2343 2345 2279
f 2346 2347 2348
f 2346 2348 2349
f 2350 2349 2344
f 2350 2346 2349
f 2350 2344 2343
f 2350 2343 2351
f 2350 2351 2346
f 2352 2302 2301
f 2352 2353 2302
f 2354 2353 2352
f 2355 2301 2303
f 2355 2352 2301
f 2355 2354 2352
f 2356 2354 2355
f 2357 2355 2303
f 2357 2356 2355
f 2358 2303 2304
f 2358 2304 2249
f 2359 2357 2303
f 2359 2303 2358
f 2359 2358 2249
f 2360 2357 2359
f 2361 2362 2363
f 2364 2249 2365
f 2364 2365 2366
f 2364 2359 2249
f 2364 2360 2359
f 2367 2368 2362
f 2367 2362 2361
f 2369 2367 2361
f 2370 2368 2367
f 2371 2372 2373
f 2371 2310 2372
f 2371 2305 2310
f 2374 2375 2376
f 2374 2376 2315
f 2374 2315 2314
f 2377 2254 2319
f 2378 2377 2379
f 2378 2254 2377
f 2380 2319 2318
f 2380 2318 2259
f 2381 2324 2254
f 2381 2254 2378
f 2381 2378 2379
f 2381 2379 2324
f 2382 2319 2380
f 2383 2377 2319
f 2383 2379 2377
f 2383 2319 2382
f 2384 2382 2385
f 2384 2383 2382
f 2384 2379 2383
f 2386 2379 2384
f 2386 2324 2379
f 2387 2386 2384
f 2388 2385 2330
f 2388 2384 2385
f 2388 2330 2387
f 2388 2387 2384
f 2389 2321 2264
f 2390 2330 2327
f 2390 2387 2330
f 2390 2386 2387
f 2391 2385 2389
f 2391 2389 2264
f 2392 2329 2323
f 2392 2322 2324
f 2392 2327 2329
f 2392 2323 2322
f 2392 2386 2390
f 2392 2390 2327
f 2392 2324 2386
f 2393 2330 2385
f 2393 2264 2330
f 2393 2385 2391
f 2393 2391 2264
f 2394 2326 2335
f 2394 2268 2326
f 2395 2335 2331
f 2395 2331 2268
f 2395 2394 2335
f 2395 2268 2394
f 2396 2328 2347
f 2396 2339 2337
f 2396 2337 2328
f 2397 2334 2339
f 2397 2339 2351
f 2397 2343 2279
f 2397 2351 2343
f 2397 2279 2278
f 2398 2339 2396
f 2398 2396 2347
f 2399 2351 2339
f 2399 2347 2346
f 2399 2346 2351
f 2399 2339 2398
f 2399 2398 2347
f 2400 2353 2354
f 2400 2354 2356
f 2401 2402 2353
f 2403 2401 2353
f 2403 2353 2400
f 2403 2400 2362
f 2404 2403 2362
f 2404 2401 2403
f 2404 2402 2401
f 2405 2404 2362
f 2405 2362 2368
f 2406 2405 2368
f 2406 2402 2404
f 2406 2404 2405
f 2407 2402 2406
f 2407 2408 2402
f 2409 2408 2407
f 2409 2407 2406
f 2410 2409 2406
f 2410 2406 2368
f 2410 2368 2370
f 2411 2409 2410
f 2411 2408 2409
f 2412 2364 2366
f 2413 2411 2410
f 2414 2408 2411
f 2414 2411 2413
f 2415 2408 2414
f 2416 2367 2369
f 2416 2370 2367
f 2417 2366 2418
f 2417 2412 2366
f 2419 2369 2412
f 2419 2416 2369
f 2419 2412 2417
f 2419 2417 2418
f 2420 2370 2416
f 2420 2416 2419
f 2420 2419 2418
f 2421 2422 2423
f 2421 2415 2414
f 2424 2421 2423
f 2424 2408 2415
f 2424 2372 2408
f 2424 2415 2421
f 2425 2370 2420
f 2426 2427 2425
f 2426 2420 2418
f 2426 2425 2420
f 2428 2424 2423
f 2428 2372 2424
f 2429 2428 2423
f 2430 2418 2376
f 2430 2427 2426
f 2430 2426 2418
f 2431 2427 2430
f 2431 2422 2427
f 2432 2428 2429
f 2432 2372 2428
f 2432 2429 2433
f 2434 2431 2430
f 2434 2430 2376
f 2435 2431 2434
f 2435 2434 2376
f 2436 2372 2432
f 2437 2432 2433
f 2437 2436 2432
f 2438 2373 2372
f 2438 2372 2436
f 2438 2437 2439
f 2438 2436 2437
f 2440 2435 2376
f 2440 2433 2441
f 2440 2441 2435
f 2442 2433 2440
f 2443 2442 2440
f 2443 2440 2376
f 2444 2439 2375
f 2444 2373 2438
f 2444 2438 2439
f 2445 2443 2376
f 2445 2442 2443
f 2445 2375 2439
f 2445 2376 2375
f 2445 2439 2442
f 2446 2373 2444
f 2447 2373 2446
f 2447 2371 2373
f 2448 2447 2446
f 2449 2444 2375
f 2449 2448 2446
f 2449 2446 2444
f 2449 2375 2374
f 2450 2447 2448
f 2450 2449 2374
f 2450 2448 2449
f 2451 2314 2311
f 2451 2371 2447
f 2451 2447 2450
f 2451 2450 2374
f 2451 2305 2371
f 2451 2374 2314
f 2451 2311 2305
f 2452 2262 2320
f 2452 2259 2262
f 2452 2380 2259
f 2452 2320 2321
f 2453 2385 2382
f 2453 2380 2452
f 2453 2452 2321
f 2453 2382 2380
f 2453 2389 2385
f 2453 2321 2389
f 2454 2335 2334
f 2454 2331 2335
f 2454 2334 2397
f 2455 2336 2331
f 2455 2331 2454
f 2456 2455 2454
f 2456 2454 2397
f 2457 2456 2397
f 2457 2455 2456
f 2458 2397 2278
f 2458 2336 2455
f 2458 2269 2336
f 2458 2457 2397
f 2458 2455 2457
f 2458 2278 2269
f 2459 2400 2356
f 2459 2356 2357
f 2459 2362 2400
f 2459 2363 2362
f 2459 2357 2363
f 2460 2412 2369
f 2460 2364 2412
f 2460 2369 2361
f 2460 2363 2357
f 2460 2357 2360
f 2460 2361 2363
f 2460 2360 2364
f 2461 2410 2370
f 2461 2413 2410
f 2461 2370 2425
f 2462 2461 2425
f 2462 2413 2461
f 2463 2414 2413
f 2463 2421 2414
f 2464 2413 2462
f 2464 2463 2413
f 2465 2425 2427
f 2465 2462 2425
f 2465 2427 2464
f 2465 2464 2462
f 2466 2421 2463
f 2466 2464 2427
f 2466 2463 2464
f 2467 2427 2422
f 2467 2422 2421
f 2467 2466 2427
f 2467 2421 2466
f 2468 2429 2423
f 2469 2423 2422
f 2469 2468 2423
f 2469 2422 2431
f 2469 2431 2435
f 2469 2435 2441
f 2470 2468 2469
f 2470 2429 2468
f 2470 2469 2441
f 2471 2433 2429
f 2471 2429 2470
f 2471 2470 2441
f 2471 2441 2433
f 2472 2433 2442
f 2472 2437 2433
f 2472 2442 2439
f 2472 2439 2437
f 2473 2474 2475
f 2476 2477 2478
f 2479 2480 2481
f 2479 2481 2482
f 2479 2482 2483
f 2479 2483 2484
f 2485 2486 2487
f 2488 2489 2490
f 2488 2490 2491
f 2488 2491 2492
f 2488 2492 2493
f 2488 2493 2494
f 2495 2473 2477
f 2496 2497 2474
f 2496 2474 2473
f 2496 2473 2495
f 2498 2496 2495
f 2499 2500 2501
f 2499 2501 2502
f 2503 2502 2497
f 2503 2499 2502
f 2503 2496 2498
f 2503 2497 2496
f 2504 2476 2505
f 2504 2505 2506
f 2504 2506 2507
f 2504 2498 2495
f 2504 2477 2476
f 2504 2495 2477
f 2508 2509 2510
f 2508 2510 2511
f 2508 2511 2500
f 2508 2500 2499
f 2512 2508 2499
f 2512 2499 2503
f 2513 2503 2498
f 2514 2512 2503
f 2514 2503 2513
f 2514 2513 2488
f 2514 2488 2512
f 2515 2513 2498
f 2515 2498 2504
f 2515 2507 2516
f 2515 2516 2489
f 2515 2488 2513
f 2515 2504 2507
f 2515 2489 2488
f 2517 2508 2512
f 2517 2509 2508
f 2518 2519 2509
f 2518 2509 2517
f 2520 2518 2517
f 2521 2488 2522
f 2521 2512 2488
f 2521 2517 2512
f 2521 2520 2517
f 2523 2521 2522
f 2523 2518 2520
f 2523 2520 2521
f 2524 2525 2519
f 2524 2519 2518
f 2524 2526 2527
f 2524 2527 2525
f 2524 2518 2523
f 2528 2526 2524
f 2528 2524 2523
f 2529 2494 2530
f 2529 2522 2488
f 2529 2488 2494
f 2531 2529 2530
f 2531 2530 2532
f 2531 2532 2533
f 2531 2522 2529
f 2534 2535 2536
f 2534 2526 2528
f 2534 2536 2526
f 2534 2528 2523
f 2534 2523 2522
f 2537 2480 2479
f 2537 2533 2538
f 2537 2538 2480
f 2537 2479 2487
f 2537 2531 2533
f 2539 2540 2541
f 2539 2541 2535
f 2539 2534 2522
f 2539 2535 2534
f 2542 2537 2487
f 2542 2522 2531
f 2542 2531 2537
f 2542 2539 2522
f 2543 2487 2486
f 2543 2486 2540
f 2543 2540 2539
f 2543 2542 2487
f 2543 2539 2542
f 2544 2545 2546
f 2544 2546 2547
f 2544 2547 2548
f 2544 2548 2549
f 2550 2544 2549
f 2550 2545 2544
f 2551 2552 2545
f 2551 2545 2550
f 2553 2551 2550
f 2554 2553 2555
f 2554 2551 2553
f 2556 2557 2552
f 2556 2552 2551
f 2556 2551 2554
f 2558 2556 2554
f 2558 2554 2555
f 2559 2560 2557
f 2559 2557 2556
f 2559 2556 2558
f 2561 2559 2558
f 2561 2558 2555
f 2562 2561 2555
f 2562 2559 2561
f 2562 2560 2559
f 2563 2564 2565
f 2563 2566 2564
f 2567 2555 2566
f 2567 2566 2563
f 2568 2569 2560
f 2570 2568 2560
f 2570 2560 2562
f 2570 2562 2571
f 2572 2555 2567
f 2573 2572 2567
f 2573 2565 2574
f 2573 2563 2565
f 2573 2567 2563
f 2575 2568 2570
f 2575 2570 2571
f 2576 2555 2572
f 2576 2573 2574
f 2576 2562 2555
f 2576 2571 2562
f 2576 2572 2573
f 2577 2568 2575
f 2577 2578 2569
f 2577 2569 2568
f 2579 2575 2571
f 2579 2577 2575
f 2580 2571 2576
f 2581 2577 2579
f 2581 2578 2577
f 2582 2574 2583
f 2582 2580 2576
f 2582 2576 2574
f 2584 2571 2580
f 2584 2580 2582
f 2585 2586 2578
f 2585 2587 2588
f 2585 2588 2589
f 2585 2589 2586
f 2585 2578 2581
f 2585 2581 2587
f 2590 2583 2591
f 2590 2582 2583
f 2590 2584 2582
f 2592 2571 2584
f 2592 2590 2591
f 2592 2584 2590
f 2593 2549 2594
f 2593 2594 2595
f 2593 2595 2596
f 2593 2550 2549
f 2597 2555 2553
f 2597 2553 2550
f 2597 2550 2593
f 2597 2566 2555
f 2598 2579 2571
f 2598 2581 2579
f 2598 2571 2592
f 2599 2600 2601
f 2599 2601 2602
f 2599 2602 2587
f 2599 2581 2598
f 2599 2587 2581
f 2603 2596 2604
f 2603 2604 2605
f 2603 2605 2564
f 2603 2597 2593
f 2603 2566 2597
f 2603 2593 2596
f 2603 2564 2566
f 2606 2591 2607
f 2606 2607 2608
f 2606 2608 2600
f 2606 2600 2599
f 2606 2592 2591
f 2606 2598 2592
f 2606 2599 2598
f 2609 2610 2611
f 2609 2611 2612
f 2613 2612 2614
f 2613 2609 2612
f 2615 2614 2616
f 2615 2613 2614
f 2617 2616 2618
f 2617 2615 2616
f 2619 2618 2620
f 2619 2617 2618
f 2621 2620 2622
f 2621 2619 2620
f 2623 2622 2624
f 2623 2621 2622
f 2625 2624 2626
f 2625 2623 2624
f 2627 2628 2629
f 2627 2629 2630
f 2631 2630 2632
f 2631 2627 2630
f 2633 2632 2634
f 2633 2631 2632
f 2635 2634 2636
f 2635 2633 2634
f 2637 2636 2638
f 2637 2635 2636
f 2639 2638 2640
f 2639 2637 2638
f 2641 2640 2642
f 2641 2639 2640
f 2643 2642 2644
f 2643 2641 2642
f 2645 2646 2647
f 2648 2647 2649
f 2648 2645 2647
f 2650 2651 2646
f 2650 2646 2645
f 2652 2649 2653
f 2652 2648 2649
f 2654 2655 2651
f 2654 2651 2650
f 2656 2653 2657
f 2656 2652 2653
f 2658 2659 2655
f 2658 2655 2654
f 2660 2657 2661
f 2660 2656 2657
f 2662 2663 2659
f 2662 2659 2658
f 2664 2660 2661
f 2665 2664 2661
f 2666 2667 2663
f 2666 2663 2662
f 2668 2664 2665
f 2669 2668 2665
f 2670 2667 2666
f 2670 2671 2667
f 2672 2668 2669
f 2673 2671 2670
f 2674 2671 2673
f 2675 2672 2669
f 2676 2672 2675
f 2677 2674 2673
f 2678 2674 2677
f 2679 2676 2675
f 2680 2676 2679
f 2681 2678 2677
f 2682 2678 2681
f 2683 2680 2679
f 2683 2684 2680
f 2685 2682 2681
f 2686 2682 2685
f 2687 2684 2683
f 2687 2688 2684
f 2689 2686 2685
f 2690 2689 2691
f 2690 2686 2689
f 2692 2693 2688
f 2692 2688 2687
f 2694 2691 2695
f 2694 2690 2691
f 2696 2697 2693
f 2696 2693 2692
f 2698 2695 2699
f 2698 2694 2695
f 2700 2701 2697
f 2700 2697 2696
f 2702 2699 2703
f 2702 2698 2699
f 2704 2705 2701
f 2704 2701 2700
f 2706 2703 2707
f 2706 2702 2703
f 2708 2707 2705
f 2708 2706 2707
f 2708 2705 2704
f 2709 2710 2711
f 2712 2713 2714
f 2712 2714 2715
f 2716 2717 2718
f 2719 2720 2721
f 2719 2721 2722
f 2719 2722 2723
f 2719 2723 2724
f 2719 2724 2725
f 2726 2727 2728
f 2726 2729 2727
f 2730 2731 2732
f 2730 2732 2733
f 2730 2733 2734
f 2730 2734 2735
f 2736 2735 2737
f 2736 2730 2735
f 2738 2737 2739
f 2738 2739 2740
f 2738 2740 2741
f 2738 2741 2742
f 2738 2742 2743
f 2738 2736 2737
f 2744 2745 2746
f 2744 2746 2747
f 2744 2747 2731
f 2744 2731 2730
f 2748 2744 2730
f 2748 2730 2736
f 2748 2736 2738
f 2749 2719 2748
f 2749 2748 2738
f 2750 2719 2749
f 2750 2749 2738
f 2751 2719 2750
f 2751 2750 2738
f 2752 2719 2751
f 2752 2751 2738
f 2753 2743 2754
f 2753 2754 2755
f 2753 2755 2756
f 2753 2756 2757
f 2753 2757 2758
f 2753 2758 2759
f 2753 2759 2760
f 2753 2760 2720
f 2753 2738 2743
f 2753 2719 2752
f 2753 2752 2738
f 2753 2720 2719
f 2761 2745 2744
f 2761 2744 2748
f 2762 2745 2761
f 2762 2711 2745
f 2763 2762 2761
f 2764 2761 2748
f 2764 2719 2726
f 2764 2763 2761
f 2764 2748 2719
f 2765 2763 2764
f 2765 2764 2726
f 2765 2762 2763
f 2766 2728 2767
f 2766 2767 2768
f 2766 2768 2769
f 2766 2769 2709
f 2766 2726 2728
f 2766 2711 2762
f 2766 2762 2765
f 2766 2709 2711
f 2766 2765 2726
f 2770 2719 2725
f 2770 2713 2712
f 2770 2725 2771
f 2770 2771 2772
f 2770 2772 2713
f 2773 2770 2712
f 2774 2726 2719
f 2774 2770 2773
f 2774 2719 2770
f 2775 2774 2773
f 2776 2726 2774
f 2776 2774 2775
f 2777 2712 2718
f 2777 2773 2712
f 2777 2775 2773
f 2777 2776 2775
f 2778 2729 2726
f 2778 2718 2717
f 2778 2717 2779
f 2778 2779 2780
f 2778 2780 2729
f 2778 2776 2777
f 2778 2777 2718
f 2778 2726 2776
f 2781 2782 2783
f 2784 2785 2786
f 2784 2786 2787
f 2784 2787 2788
f 2784 2788 2789
f 2784 2789 2790
f 2784 2790 2791
f 2784 2791 2792
f 2793 2792 2794
f 2793 2794 2795
f 2793 2795 2796
f 2793 2796 2797
f 2793 2797 2798
f 2793 2784 2792
f 2799 2800 2801
f 2799 2801 2802
f 2799 2802 2803
f 2799 2803 2804
f 2799 2804 2785
f 2799 2785 2784
f 2805 2799 2784
f 2805 2800 2799
f 2806 2805 2784
f 2806 2784 2793
f 2806 2807 2805
f 2808 2809 2810
f 2808 2810 2811
f 2808 2811 2812
f 2808 2812 2813
f 2814 2807 2806
f 2814 2808 2807
f 2815 2798 2816
f 2815 2816 2817
f 2815 2817 2809
f 2815 2793 2798
f 2815 2809 2808
f 2815 2808 2814
f 2815 2814 2806
f 2815 2806 2793
f 2818 2819 2820
f 2818 2820 2821
f 2818 2821 2822
f 2818 2822 2782
f 2818 2783 2823
f 2818 2781 2783
f 2818 2782 2781
f 2824 2823 2825
f 2824 2825 2826
f 2824 2826 2800
f 2824 2800 2805
f 2824 2818 2823
f 2827 2819 2818
f 2827 2818 2824
f 2827 2824 2805
f 2828 2813 2829
f 2828 2829 2830
f 2828 2830 2819
f 2828 2827 2805
f 2828 2808 2813
f 2828 2807 2808
f 2828 2805 2807
f 2828 2819 2827
f 2831 2832 2833
f 2831 2833 2834
f 2835 2834 2836
f 2837 2835 2836
f 2837 2834 2835
f 2837 2831 2834
f 2838 2836 2839
f 2840 2832 2831
f 2841 2837 2836
f 2841 2836 2838
f 2841 2838 2839
f 2842 2839 2843
f 2842 2843 2844
f 2845 2840 2831
f 2845 2837 2841
f 2845 2831 2837
f 2846 2841 2839
f 2846 2842 2844
f 2846 2839 2842
f 2847 2844 2848
f 2849 2845 2841
f 2850 2846 2844
f 2850 2847 2848
f 2850 2844 2847
f 2851 2848 2852
f 2853 2841 2846
f 2853 2846 2850
f 2853 2849 2841
f 2854 2851 2852
f 2854 2848 2851
f 2854 2850 2848
f 2855 2852 2856
f 2855 2856 2857
f 2858 2850 2854
f 2858 2853 2850
f 2859 2854 2852
f 2859 2855 2857
f 2859 2857 2860
f 2859 2852 2855
f 2861 2858 2854
f 2862 2863 2864
f 2865 2854 2859
f 2865 2861 2854
f 2865 2859 2860
f 2865 2860 2866
f 2867 2868 2869
f 2867 2869 2870
f 2867 2870 2871
f 2872 2873 2874
f 2872 2874 2868
f 2872 2868 2867
f 2875 2876 2873
f 2875 2873 2872
f 2877 2878 2876
f 2877 2879 2878
f 2877 2876 2875
f 2880 2881 2879
f 2880 2879 2877
f 2882 2883 2884
f 2882 2884 2881
f 2882 2881 2880
f 2885 2883 2882
f 2885 2886 2887
f 2885 2887 2888
f 2885 2888 2883
f 2889 2864 2832
f 2889 2845 2849
f 2889 2832 2840
f 2889 2840 2845
f 2890 2864 2889
f 2891 2892 2862
f 2891 2893 2892
f 2891 2864 2890
f 2891 2862 2864
f 2894 2890 2889
f 2894 2891 2890
f 2894 2893 2891
f 2894 2889 2849
f 2895 2893 2894
f 2895 2894 2849
f 2896 2897 2863
f 2896 2863 2862
f 2898 2896 2862
f 2899 2862 2892
f 2899 2892 2893
f 2899 2898 2862
f 2900 2898 2899
f 2901 2902 2903
f 2901 2903 2904
f 2905 2906 2907
f 2905 2904 2906
f 2905 2908 2901
f 2905 2901 2904
f 2909 2910 2911
f 2912 2871 2913
f 2914 2915 2909
f 2916 2871 2912
f 2916 2867 2871
f 2916 2872 2867
f 2916 2912 2917
f 2918 2872 2916
f 2918 2916 2917
f 2918 2875 2872
f 2918 2877 2875
f 2918 2917 2919
f 2920 2877 2918
f 2921 2885 2882
f 2921 2880 2877
f 2921 2882 2880
f 2922 2885 2921
f 2922 2921 2923
f 2922 2886 2885
f 2924 2849 2853
f 2924 2853 2858
f 2924 2895 2849
f 2925 2858 2861
f 2925 2861 2865
f 2925 2865 2866
f 2925 2924 2858
f 2926 2924 2925
f 2926 2925 2866
f 2927 2928 2893
f 2927 2903 2902
f 2927 2902 2928
f 2927 2893 2895
f 2929 2866 2906
f 2929 2906 2904
f 2929 2904 2903
f 2929 2926 2866
f 2929 2903 2927
f 2930 2893 2928
f 2930 2899 2893
f 2930 2928 2931
f 2930 2900 2899
f 2932 2897 2896
f 2932 2896 2898
f 2932 2898 2900
f 2933 2900 2930
f 2933 2910 2932
f 2933 2932 2900
f 2933 2911 2910
f 2934 2897 2932
f 2934 2913 2897
f 2935 2931 2911
f 2935 2911 2933
f 2935 2933 2930
f 2935 2930 2931
f 2936 2932 2910
f 2936 2913 2934
f 2936 2934 2932
f 2937 2928 2902
f 2937 2902 2901
f 2937 2931 2928
f 2937 2901 2908
f 2938 2910 2909
f 2938 2936 2910
f 2939 2936 2938
f 2939 2913 2936
f 2940 2905 2907
f 2940 2908 2905
f 2940 2937 2908
f 2941 2913 2939
f 2941 2917 2912
f 2941 2912 2913
f 2941 2919 2917
f 2942 2940 2907
f 2943 2907 2944
f 2943 2914 2909
f 2943 2944 2914
f 2943 2942 2907
f 2945 2919 2941
f 2946 2945 2915
f 2946 2915 2920
f 2947 2945 2946
f 2947 2946 2920
f 2947 2918 2919
f 2947 2920 2918
f 2947 2919 2945
f 2948 2877 2920
f 2948 2923 2921
f 2948 2921 2877
f 2949 2924 2926
f 2949 2895 2924
f 2950 2895 2949
f 2950 2927 2895
f 2950 2929 2927
f 2951 2950 2949
f 2951 2929 2950
f 2951 2926 2929
f 2951 2949 2926
f 2952 2940 2942
f 2952 2911 2931
f 2952 2937 2940
f 2952 2931 2937
f 2953 2942 2943
f 2953 2952 2942
f 2953 2909 2911
f 2953 2911 2952
f 2953 2943 2909
f 2954 2915 2945
f 2954 2945 2941
f 2954 2941 2939
f 2954 2909 2915
f 2954 2938 2909
f 2954 2939 2938
f 2955 2914 2944
f 2956 2923 2948
f 2956 2944 2886
f 2956 2955 2944
f 2956 2886 2922
f 2956 2922 2923
f 2957 2915 2914
f 2957 2914 2955
f 2958 2920 2915
f 2958 2915 2957
f 2959 2948 2920
f 2959 2956 2948
f 2959 2957 2955
f 2959 2955 2956
f 2959 2920 2958
f 2959 2958 2957
f 2960 2961 2962
f 2963 2962 2964
f 2963 2960 2962
f 2965 2963 2964
f 2966 2964 2967
f 2966 2965 2964
f 2968 2967 2969
f 2968 2966 2967
f 2970 2969 2971
f 2970 2968 2969
f 2972 2970 2971
f 2973 2971 2974
f 2973 2972 2971
f 2975 2974 2976
f 2975 2973 2974
f 2977 2976 2978
f 2977 2975 2976
f 2979 2978 2980
f 2979 2977 2978
f 2981 2980 2982
f 2981 2979 2980
f 2983 2982 2984
f 2983 2981 2982
f 2985 2983 2984
f 2986 2987 2988
f 2986 2988 2989
f 2986 2989 2990
f 2991 2992 2993
f 2991 2993 2994
f 2991 2994 2995
f 2996 2997 2998
f 2999 2998 3000
f 2999 3000 3001
f 2999 2996 2998
f 3002 2996 2999
f 3003 3001 3004
f 3003 3004 2987
f 3003 2999 3001
f 3003 3002 2999
f 3003 2987 2986
f 3005 3002 3003
f 3006 2991 2995
f 3006 2995 3007
f 3008 2991 3006
f 3009 3010 2986
f 3009 2986 2990
f 3009 2990 3007
f 3011 3012 2992
f 3011 2992 2991
f 3013 3014 3012
f 3013 3015 3014
f 3013 3012 3011
f 3013 3011 3016
f 3017 3018 3019
f 3020 3019 3021
f 3020 3021 2997
f 3020 3017 3019
f 3020 2997 2996
f 3022 3017 3020
f 3023 3020 2996
f 3023 2996 3002
f 3023 3022 3020
f 3024 3022 3023
f 3025 2995 3024
f 3025 3005 3010
f 3026 2986 3010
f 3026 3003 2986
f 3026 3005 3003
f 3026 3010 3005
f 3027 2995 3025
f 3027 3025 3010
f 3027 3007 2995
f 3027 3010 3009
f 3027 3009 3007
f 3028 2991 3008
f 3028 3008 3029
f 3028 3011 2991
f 3028 3016 3011
f 3028 3029 3016
f 3030 3007 2990
f 3030 3006 3007
f 3030 3008 3006
f 3031 3008 3030
f 3031 3030 2990
f 3031 3029 3008
f 3032 3029 3031
f 3033 3034 3035
f 3036 2994 3037
f 3036 3037 3018
f 3036 3018 3017
f 3038 3022 3024
f 3038 3017 3022
f 3038 2995 2994
f 3038 3036 3017
f 3038 2994 3036
f 3038 3024 2995
f 3039 3024 3023
f 3039 3023 3002
f 3039 3005 3025
f 3039 3025 3024
f 3039 3002 3005
f 3040 3035 3015
f 3040 3029 3032
f 3040 3032 3041
f 3040 3033 3035
f 3040 3041 3033
f 3040 3015 3013
f 3040 3016 3029
f 3040 3013 3016
f 3042 3031 2990
f 3042 2990 2989
f 3042 3032 3031
f 3043 3042 2989
f 3044 2989 3045
f 3044 3045 3046
f 3044 3043 2989
f 3047 3046 3034
f 3047 3034 3033
f 3047 3041 3032
f 3047 3033 3041
f 3047 3032 3042
f 3047 3044 3046
f 3047 3043 3044
f 3047 3042 3043
f 3048 3049 3050
f 3051 3050 3052
f 3051 3048 3050
f 3053 3052 3054
f 3053 3051 3052
f 3055 3054 3056
f 3055 3053 3054
f 3057 3056 3058
f 3057 3055 3056
f 3059 3058 3060
f 3059 3057 3058
f 3061 3060 3062
f 3061 3059 3060
f 3063 3062 3064
f 3063 3061 3062
f 3065 3063 3064
f 3066 3064 3067
f 3066 3065 3064
f 3068 3069 3070
f 3068 3070 3071
f 3068 3071 3072
f 3068 3072 3073
f 3074 3073 3075
f 3074 3075 3076
f 3074 3068 3073
f 3077 3076 3078
f 3077 3078 3079
f 3077 3074 3076
f 3080 3079 3081
f 3080 3081 3082
f 3080 3082 3083
f 3080 3083 3084
f 3080 3077 3079
f 3085 3086 3087
f 3085 3087 3069
f 3085 3069 3068
f 3088 3085 3068
f 3088 3068 3074
f 3089 3085 3088
f 3090 3091 3086
f 3090 3086 3085
f 3092 3093 3094
f 3092 3094 3091
f 3092 3091 3090
f 3092 3090 3095
f 3096 3085 3089
f 3096 3090 3085
f 3096 3089 3097
f 3096 3095 3090
f 3096 3097 3095
f 3098 3074 3077
f 3098 3088 3074
f 3098 3089 3088
f 3099 3097 3089
f 3099 3089 3098
f 3100 3097 3099
f 3101 3102 3103
f 3104 3099 3098
f 3104 3098 3077
f 3104 3077 3080
f 3104 3100 3099
f 3105 3103 3093
f 3105 3093 3092
f 3105 3095 3097
f 3105 3092 3095
f 3105 3097 3100
f 3105 3100 3106
f 3105 3101 3103
f 3105 3106 3101
f 3107 3080 3084
f 3107 3104 3080
f 3107 3100 3104
f 3108 3107 3084
f 3109 3084 3110
f 3109 3110 3111
f 3109 3108 3084
f 3112 3100 3107
f 3112 3111 3102
f 3112 3108 3109
f 3112 3109 3111
f 3112 3102 3101
f 3112 3106 3100
f 3112 3101 3106
f 3112 3107 3108
f 3113 3114 3115
f 3116 3115 3117
f 3116 3113 3115
f 3118 3117 3119
f 3118 3116 3117
f 3120 3121 3122
f 3120 3119 3121
f 3120 3118 3119
f 3123 3122 3124
f 3123 3120 3122
f 3125 3124 3126
f 3125 3123 3124
f 3127 3126 3128
f 3127 3125 3126
f 3129 3128 3130
f 3129 3127 3128
f 3131 3130 3132
f 3131 3129 3130
f 3133 3132 3134
f 3133 3131 3132
f 3135 3133 3134
f 3136 3137 3138
f 3136 3138 3139
f 3140 3139 3141
f 3142 3140 3141
f 3142 3139 3140
f 3142 3136 3139
f 3143 3141 3144
f 3145 3137 3136
f 3146 3142 3141
f 3146 3141 3143
f 3146 3143 3144
f 3147 3144 3148
f 3147 3148 3149
f 3150 3136 3142
f 3150 3145 3136
f 3151 3146 3144
f 3151 3144 3147
f 3151 3147 3149
f 3152 3149 3153
f 3154 3142 3146
f 3154 3150 3142
f 3155 3152 3153
f 3155 3151 3149
f 3155 3149 3152
f 3156 3153 3157
f 3158 3154 3146
f 3158 3146 3151
f 3159 3155 3153
f 3159 3153 3156
f 3159 3156 3157
f 3160 3157 3161
f 3160 3161 3162
f 3163 3151 3155
f 3163 3158 3151
f 3164 3162 3165
f 3164 3160 3162
f 3164 3159 3157
f 3164 3157 3160
f 3166 3159 3164
f 3166 3163 3155
f 3166 3155 3159
f 3167 3168 3169
f 3170 3164 3165
f 3170 3166 3164
f 3170 3165 3171
f 3172 3173 3174
f 3172 3174 3175
f 3172 3175 3176
f 3177 3178 3173
f 3177 3179 3178
f 3177 3173 3172
f 3180 3181 3179
f 3180 3179 3177
f 3182 3183 3184
f 3182 3184 3181
f 3182 3181 3180
f 3185 3186 3187
f 3185 3187 3183
f 3185 3183 3182
f 3188 3186 3185
f 3188 3189 3186
f 3190 3191 3192
f 3190 3192 3189
f 3190 3189 3188
f 3193 3137 3145
f 3193 3169 3137
f 3193 3145 3150
f 3193 3150 3154
f 3194 3169 3193
f 3195 3196 3167
f 3195 3197 3196
f 3195 3169 3194
f 3195 3167 3169
f 3198 3193 3154
f 3198 3194 3193
f 3198 3195 3194
f 3198 3197 3195
f 3199 3197 3198
f 3199 3198 3154
f 3200 3201 3168
f 3200 3168 3167
f 3202 3200 3167
f 3203 3167 3196
f 3203 3196 3197
f 3203 3202 3167
f 3204 3202 3203
f 3205 3206 3207
f 3205 3207 3208
f 3209 3210 3205
f 3209 3211 3212
f 3209 3208 3211
f 3209 3205 3208
f 3213 3214 3215
f 3216 3176 3217
f 3218 3219 3213
f 3220 3216 3221
f 3220 3176 3216
f 3220 3177 3172
f 3220 3172 3176
f 3222 3221 3223
f 3222 3177 3220
f 3222 3180 3177
f 3222 3182 3180
f 3222 3220 3221
f 3224 3182 3222
f 3225 3185 3182
f 3225 3190 3188
f 3225 3188 3185
f 3226 3225 3227
f 3226 3190 3225
f 3226 3191 3190
f 3228 3154 3158
f 3228 3199 3154
f 3228 3158 3163
f 3229 3163 3166
f 3229 3166 3170
f 3229 3170 3171
f 3229 3228 3163
f 3230 3229 3171
f 3230 3228 3229
f 3231 3232 3197
f 3231 3197 3199
f 3231 3206 3232
f 3231 3207 3206
f 3233 3171 3211
f 3233 3211 3208
f 3233 3208 3207
f 3233 3207 3231
f 3233 3230 3171
f 3234 3197 3232
f 3234 3203 3197
f 3234 3232 3235
f 3234 3204 3203
f 3236 3201 3200
f 3236 3200 3202
f 3236 3202 3204
f 3237 3215 3214
f 3237 3204 3234
f 3237 3214 3236
f 3237 3236 3204
f 3238 3217 3201
f 3238 3201 3236
f 3239 3235 3215
f 3239 3234 3235
f 3239 3237 3234
f 3239 3215 3237
f 3240 3236 3214
f 3240 3238 3236
f 3240 3217 3238
f 3241 3205 3210
f 3241 3232 3206
f 3241 3206 3205
f 3241 3235 3232
f 3242 3214 3213
f 3242 3240 3214
f 3243 3217 3240
f 3243 3240 3242
f 3244 3210 3209
f 3244 3209 3212
f 3244 3241 3210
f 3245 3221 3216
f 3245 3223 3221
f 3245 3216 3217
f 3245 3217 3243
f 3246 3244 3212
f 3247 3246 3212
f 3247 3212 3248
f 3247 3248 3218
f 3247 3218 3213
f 3249 3223 3245
f 3250 3219 3224
f 3250 3249 3219
f 3251 3223 3249
f 3251 3224 3222
f 3251 3250 3224
f 3251 3249 3250
f 3251 3222 3223
f 3252 3182 3224
f 3252 3227 3225
f 3252 3225 3182
f 3253 3199 3228
f 3253 3228 3230
f 3254 3199 3253
f 3254 3233 3231
f 3254 3231 3199
f 3255 3253 3230
f 3255 3254 3253
f 3255 3233 3254
f 3255 3230 3233
f 3256 3235 3241
f 3256 3215 3235
f 3256 3241 3244
f 3256 3244 3246
f 3257 3256 3246
f 3257 3213 3215
f 3257 3246 3247
f 3257 3215 3256
f 3257 3247 3213
f 3258 3249 3245
f 3258 3213 3219
f 3258 3219 3249
f 3258 3242 3213
f 3258 3243 3242
f 3258 3245 3243
f 3259 3218 3248
f 3260 3227 3252
f 3260 3248 3191
f 3260 3259 3248
f 3260 3191 3226
f 3260 3226 3227
f 3261 3218 3259
f 3261 3219 3218
f 3262 3219 3261
f 3262 3224 3219
f 3263 3261 3259
f 3263 3262 3261
f 3263 3224 3262
f 3263 3252 3224
f 3263 3260 3252
f 3263 3259 3260
f 3264 3265 3266
f 3267 3268 3269
f 3270 3267 3269
f 3271 3272 3273
f 3271 3273 3274
f 3275 3276 3277
f 3275 3277 3278
f 3275 3278 3279
f 3275 3279 3280
f 3275 3280 3281
f 3282 3266 3283
f 3282 3283 3284
f 3282 3284 3285
f 3282 3285 3272
f 3282 3272 3271
f 3282 3264 3266
f 3286 3287 3264
f 3286 3264 3282
f 3288 3286 3282
f 3288 3282 3271
f 3289 3286 3288
f 3290 3287 3286
f 3290 3286 3289
f 3291 3289 3288
f 3291 3288 3271
f 3291 3290 3289
f 3291 3271 3275
f 3292 3293 3287
f 3292 3287 3290
f 3292 3294 3295
f 3292 3295 3293
f 3296 3274 3297
f 3296 3271 3274
f 3298 3294 3292
f 3298 3299 3300
f 3298 3300 3301
f 3298 3301 3302
f 3298 3302 3294
f 3303 3299 3298
f 3303 3304 3299
f 3305 3292 3290
f 3305 3291 3275
f 3305 3290 3291
f 3305 3303 3298
f 3305 3298 3292
f 3306 3304 3303
f 3306 3307 3308
f 3306 3308 3309
f 3306 3309 3310
f 3306 3310 3311
f 3306 3311 3304
f 3306 3303 3305
f 3312 3306 3305
f 3312 3305 3275
f 3313 3312 3275
f 3313 3306 3312
f 3314 3297 3315
f 3314 3315 3316
f 3314 3316 3317
f 3314 3317 3318
f 3314 3296 3297
f 3319 3313 3275
f 3319 3306 3313
f 3320 3319 3275
f 3320 3306 3319
f 3321 3296 3314
f 3321 3271 3296
f 3322 3320 3275
f 3322 3281 3323
f 3322 3323 3324
f 3322 3324 3325
f 3322 3325 3326
f 3322 3326 3327
f 3322 3275 3281
f 3322 3327 3328
f 3322 3328 3329
f 3322 3329 3330
f 3322 3330 3307
f 3322 3306 3320
f 3322 3307 3306
f 3331 3271 3321
f 3331 3275 3271
f 3332 3331 3321
f 3333 3318 3269
f 3333 3321 3314
f 3333 3314 3318
f 3333 3332 3321
f 3334 3333 3269
f 3334 3331 3332
f 3334 3332 3333
f 3335 3276 3275
f 3335 3268 3336
f 3335 3336 3337
f 3335 3337 3276
f 3335 3275 3331
f 3335 3269 3268
f 3335 3334 3269
f 3335 3331 3334
f 3338 3339 3340
f 3341 3342 3343
f 3341 3343 3344
f 3341 3344 3345
f 3341 3345 3346
f 3341 3346 3347
f 3341 3347 3348
f 3341 3348 3349
f 3350 3349 3351
f 3350 3351 3352
f 3350 3352 3353
f 3350 3353 3354
f 3350 3354 3355
f 3350 3341 3349
f 3356 3357 3358
f 3356 3358 3359
f 3356 3342 3341
f 3356 3359 3360
f 3356 3360 3361
f 3356 3361 3342
f 3362 3357 3356
f 3362 3356 3341
f 3363 3341 3350
f 3363 3362 3341
f 3363 3364 3362
f 3365 3366 3367
f 3365 3367 3368
f 3365 3368 3369
f 3365 3369 3370
f 3371 3365 3364
f 3371 3364 3363
f 3372 3363 3350
f 3372 3355 3373
f 3372 3373 3374
f 3372 3374 3366
f 3372 3366 3365
f 3372 3350 3355
f 3372 3371 3363
f 3372 3365 3371
f 3375 3376 3377
f 3375 3377 3378
f 3375 3378 3379
f 3375 3379 3339
f 3375 3340 3380
f 3375 3339 3338
f 3375 3338 3340
f 3381 3382 3357
f 3381 3380 3383
f 3381 3383 3382
f 3381 3375 3380
f 3381 3357 3362
f 3384 3381 3362
f 3384 3376 3375
f 3384 3375 3381
f 3385 3370 3386
f 3385 3386 3387
f 3385 3387 3376
f 3385 3365 3370
f 3385 3376 3384
f 3385 3362 3364
f 3385 3384 3362
f 3385 3364 3365
f 3388 3389 3390
f 3388 3390 3391
f 3392 3391 3393
f 3394 3391 3392
f 3394 3392 3393
f 3394 3388 3391
f 3395 3393 3396
f 3397 3398 3389
f 3397 3389 3388
f 3399 3394 3393
f 3399 3393 3395
f 3399 3395 3396
f 3400 3396 3401
f 3400 3401 3402
f 3403 3397 3388
f 3403 3394 3399
f 3403 3388 3394
f 3404 3399 3396
f 3404 3396 3400
f 3404 3400 3402
f 3405 3402 3406
f 3407 3403 3399
f 3408 3402 3405
f 3408 3405 3406
f 3408 3404 3402
f 3409 3398 3397
f 3410 3406 3411
f 3412 3407 3399
f 3412 3404 3408
f 3412 3399 3404
f 3413 3410 3411
f 3413 3408 3406
f 3413 3406 3410
f 3414 3397 3403
f 3414 3409 3397
f 3415 3411 3416
f 3415 3416 3417
f 3418 3408 3413
f 3418 3412 3408
f 3419 3413 3411
f 3419 3417 3420
f 3419 3420 3421
f 3419 3415 3417
f 3419 3411 3415
f 3422 3414 3403
f 3422 3403 3407
f 3423 3418 3413
f 3424 3425 3398
f 3424 3398 3409
f 3426 3422 3407
f 3426 3407 3412
f 3427 3413 3419
f 3427 3419 3421
f 3427 3423 3413
f 3428 3409 3414
f 3428 3424 3409
f 3429 3418 3423
f 3429 3426 3412
f 3429 3412 3418
f 3430 3414 3422
f 3430 3428 3414
f 3431 3429 3423
f 3432 3433 3425
f 3432 3425 3424
f 3432 3424 3428
f 3434 3422 3426
f 3434 3430 3422
f 3434 3426 3429
f 3435 3421 3436
f 3435 3427 3421
f 3435 3423 3427
f 3435 3431 3423
f 3437 3428 3430
f 3437 3432 3428
f 3438 3434 3429
f 3439 3437 3430
f 3440 3429 3431
f 3440 3431 3435
f 3440 3438 3429
f 3441 3433 3432
f 3441 3432 3437
f 3442 3430 3434
f 3442 3439 3430
f 3443 3436 3444
f 3443 3435 3436
f 3443 3440 3435
f 3445 3441 3437
f 3446 3434 3438
f 3446 3442 3434
f 3446 3438 3440
f 3447 3437 3439
f 3447 3445 3437
f 3448 3446 3440
f 3449 3450 3433
f 3449 3433 3441
f 3451 3439 3442
f 3451 3447 3439
f 3452 3444 3453
f 3452 3443 3444
f 3452 3440 3443
f 3452 3448 3440
f 3454 3441 3445
f 3454 3450 3449
f 3454 3449 3441
f 3455 3451 3442
f 3455 3442 3446
f 3455 3446 3448
f 3456 3445 3447
f 3456 3454 3445
f 3457 3455 3448
f 3457 3448 3452
f 3458 3456 3447
f 3458 3447 3451
f 3459 3457 3452
f 3459 3453 3460
f 3459 3452 3453
f 3461 3462 3450
f 3461 3463 3464
f 3461 3464 3462
f 3465 3458 3451
f 3465 3451 3455
f 3466 3450 3454
f 3466 3463 3461
f 3466 3467 3468
f 3466 3468 3463
f 3466 3461 3450
f 3469 3465 3455
f 3469 3455 3457
f 3470 3454 3456
f 3470 3467 3466
f 3470 3471 3467
f 3470 3466 3454
f 3472 3459 3460
f 3472 3460 3473
f 3472 3473 3469
f 3472 3457 3459
f 3472 3469 3457
f 3474 3456 3458
f 3474 3470 3456
f 3474 3475 3476
f 3474 3476 3471
f 3474 3471 3470
f 3477 3478 3479
f 3477 3479 3475
f 3477 3474 3458
f 3477 3458 3465
f 3477 3465 3469
f 3477 3475 3474
f 3480 3477 3469
f 3480 3481 3478
f 3480 3469 3473
f 3480 3478 3477
f 3482 3480 3473
f 3482 3473 3483
f 3482 3483 3481
f 3482 3481 3480
f 3484 3485 3486
f 3487 3486 3488
f 3487 3484 3486
f 3489 3488 3490
f 3489 3487 3488
f 3491 3492 3493
f 3491 3490 3492
f 3491 3489 3490
f 3494 3493 3495
f 3494 3491 3493
f 3496 3495 3497
f 3496 3494 3495
f 3498 3497 3499
f 3498 3496 3497
f 3500 3499 3501
f 3500 3498 3499
f 3502 3501 3503
f 3502 3500 3501
f 3504 3503 3505
f 3504 3502 3503
f 3506 3504 3505
f 3507 3508 3509
f 3507 3509 3510
f 3507 3510 3511
f 3512 3513 3514
f 3512 3515 3513
f 3512 3514 3516
f 3517 3518 3519
f 3520 3519 3521
f 3520 3521 3522
f 3520 3517 3519
f 3523 3517 3520
f 3524 3522 3525
f 3524 3525 3508
f 3524 3520 3522
f 3524 3508 3507
f 3524 3523 3520
f 3526 3523 3524
f 3527 3512 3516
f 3527 3516 3528
f 3529 3512 3527
f 3530 3531 3507
f 3530 3507 3511
f 3530 3511 3528
f 3532 3533 3515
f 3532 3515 3512
f 3534 3535 3536
f 3534 3536 3533
f 3534 3533 3532
f 3534 3532 3537
f 3538 3539 3540
f 3541 3540 3542
f 3541 3542 3518
f 3541 3518 3517
f 3541 3538 3540
f 3543 3538 3541
f 3544 3541 3517
f 3544 3517 3523
f 3544 3543 3541
f 3545 3543 3544
f 3546 3516 3545
f 3546 3526 3531
f 3547 3507 3531
f 3547 3524 3507
f 3547 3526 3524
f 3547 3531 3526
f 3548 3546 3531
f 3548 3528 3516
f 3548 3531 3530
f 3548 3516 3546
f 3548 3530 3528
f 3549 3512 3529
f 3549 3529 3550
f 3549 3532 3512
f 3549 3550 3537
f 3549 3537 3532
f 3551 3528 3511
f 3551 3527 3528
f 3551 3529 3527
f 3552 3529 3551
f 3552 3550 3529
f 3552 3551 3511
f 3553 3550 3552
f 3554 3555 3556
f 3557 3514 3558
f 3557 3558 3539
f 3557 3539 3538
f 3559 3543 3545
f 3559 3516 3514
f 3559 3545 3516
f 3559 3557 3538
f 3559 3514 3557
f 3559 3538 3543
f 3560 3544 3523
f 3560 3526 3546
f 3560 3546 3545
f 3560 3523 3526
f 3560 3545 3544
f 3561 3556 3535
f 3561 3553 3562
f 3561 3554 3556
f 3561 3562 3554
f 3561 3550 3553
f 3561 3535 3534
f 3561 3537 3550
f 3561 3534 3537
f 3563 3552 3511
f 3563 3553 3552
f 3563 3511 3510
f 3564 3563 3510
f 3565 3510 3566
f 3565 3566 3567
f 3565 3564 3510
f 3568 3567 3555
f 3568 3562 3553
f 3568 3554 3562
f 3568 3553 3563
f 3568 3555 3554
f 3568 3563 3564
f 3568 3565 3567
f 3568 3564 3565
f 3569 3570 3571
f 3572 3571 3573
f 3572 3569 3571
f 3574 3573 3575
f 3574 3572 3573
f 3576 3575 3577
f 3576 3574 3575
f 3578 3577 3579
f 3578 3576 3577
f 3580 3579 3581
f 3580 3578 3579
f 3582 3581 3583
f 3582 3580 3581
f 3584 3583 3585
f 3584 3582 3583
f 3586 3585 3587
f 3586 3584 3585
f 3588 3586 3587
f 3589 3590 3591
f 3589 3591 3592
f 3589 3592 3593
f 3589 3593 3594
f 3595 3594 3596
f 3595 3596 3597
f 3595 3589 3594
f 3598 3597 3599
f 3598 3599 3600
f 3598 3595 3597
f 3601 3602 3603
f 3601 3600 3604
f 3601 3604 3605
f 3601 3605 3602
f 3601 3598 3600
f 3606 3607 3608
f 3606 3608 3590
f 3606 3590 3589
f 3609 3606 3589
f 3609 3589 3595
f 3610 3606 3609
f 3611 3612 3607
f 3611 3607 3606
f 3613 3614 3615
f 3613 3615 3612
f 3613 3612 3611
f 3613 3611 3616
f 3617 3610 3618
f 3617 3606 3610
f 3617 3611 3606
f 3617 3618 3616
f 3617 3616 3611
f 3619 3595 3598
f 3619 3609 3595
f 3619 3610 3609
f 3620 3618 3610
f 3620 3610 3619
f 3621 3618 3620
f 3622 3623 3624
f 3625 3619 3598
f 3625 3598 3601
f 3625 3620 3619
f 3625 3621 3620
f 3626 3624 3614
f 3626 3614 3613
f 3626 3616 3618
f 3626 3613 3616
f 3626 3618 3621
f 3626 3621 3627
f 3626 3622 3624
f 3626 3627 3622
f 3628 3601 3603
f 3628 3625 3601
f 3628 3621 3625
f 3629 3628 3603
f 3630 3603 3631
f 3630 3631 3632
f 3630 3629 3603
f 3633 3621 3628
f 3633 3632 3623
f 3633 3629 3630
f 3633 3623 3622
f 3633 3630 3632
f 3633 3627 3621
f 3633 3622 3627
f 3633 3628 3629
f 3634 3635 3636
f 3637 3636 3638
f 3637 3634 3636
f 3639 3637 3638
f 3640 3638 3641
f 3640 3639 3638
f 3642 3641 3643
f 3642 3640 3641
f 3644 3643 3645
f 3644 3642 3643
f 3646 3644 3645
f 3647 3645 3648
f 3647 3646 3645
f 3649 3648 3650
f 3649 3647 3648
f 3651 3650 3652
f 3651 3649 3650
f 3653 3652 3654
f 3653 3651 3652
f 3655 3654 3656
f 3655 3653 3654
f 3657 3656 3658
f 3657 3655 3656
f 3659 3657 3658
f 3660 3661 3662
f 3660 3662 3663
f 3664 3663 3665
f 3666 3664 3665
f 3666 3663 3664
f 3666 3660 3663
f 3667 3665 3668
f 3669 3670 3661
f 3669 3661 3660
f 3671 3666 3665
f 3671 3665 3667
f 3671 3667 3668
f 3672 3668 3673
f 3672 3673 3674
f 3675 3660 3666
f 3675 3669 3660
f 3676 3671 3668
f 3676 3668 3672
f 3676 3672 3674
f 3677 3674 3678
f 3679 3666 3671
f 3679 3675 3666
f 3680 3674 3677
f 3680 3676 3674
f 3680 3677 3678
f 3681 3670 3669
f 3682 3678 3683
f 3684 3679 3671
f 3684 3671 3676
f 3684 3676 3680
f 3685 3678 3682
f 3685 3682 3683
f 3685 3680 3678
f 3686 3681 3669
f 3686 3669 3675
f 3687 3683 3688
f 3687 3688 3689
f 3690 3684 3680
f 3691 3683 3687
f 3691 3687 3689
f 3691 3689 3692
f 3691 3692 3693
f 3691 3685 3683
f 3694 3686 3675
f 3694 3675 3679
f 3694 3679 3684
f 3695 3690 3680
f 3695 3680 3685
f 3696 3681 3686
f 3696 3697 3670
f 3696 3670 3681
f 3698 3694 3684
f 3699 3685 3691
f 3699 3695 3685
f 3699 3691 3693
f 3700 3696 3686
f 3701 3684 3690
f 3701 3690 3695
f 3701 3698 3684
f 3702 3700 3686
f 3702 3686 3694
f 3703 3701 3695
f 3704 3705 3697
f 3704 3697 3696
f 3706 3694 3698
f 3706 3702 3694
f 3707 3693 3708
f 3707 3699 3693
f 3707 3695 3699
f 3707 3703 3695
f 3709 3696 3700
f 3709 3704 3696
f 3710 3698 3701
f 3710 3706 3698
f 3711 3700 3702
f 3711 3709 3700
f 3712 3701 3703
f 3712 3710 3701
f 3713 3705 3704
f 3713 3704 3709
f 3714 3711 3702
f 3714 3702 3706
f 3715 3708 3716
f 3715 3712 3703
f 3715 3707 3708
f 3715 3703 3707
f 3717 3709 3711
f 3717 3713 3709
f 3718 3706 3710
f 3718 3714 3706
f 3719 3717 3711
f 3720 3710 3712
f 3720 3718 3710
f 3721 3722 3705
f 3721 3705 3713
f 3723 3711 3714
f 3723 3719 3711
f 3724 3716 3725
f 3724 3715 3716
f 3724 3712 3715
f 3724 3720 3712
f 3726 3722 3721
f 3726 3713 3717
f 3726 3721 3713
f 3727 3723 3714
f 3727 3714 3718
f 3728 3726 3717
f 3728 3717 3719
f 3729 3720 3724
f 3729 3727 3718
f 3729 3718 3720
f 3730 3728 3719
f 3730 3719 3723
f 3730 3723 3727
f 3731 3725 3732
f 3731 3724 3725
f 3731 3729 3724
f 3733 3734 3735
f 3733 3735 3736
f 3733 3736 3722
f 3737 3727 3729
f 3737 3730 3727
f 3738 3739 3740
f 3738 3740 3734
f 3738 3734 3733
f 3738 3733 3722
f 3738 3722 3726
f 3741 3737 3729
f 3741 3729 3731
f 3742 3743 3739
f 3742 3738 3726
f 3742 3739 3738
f 3742 3726 3728
f 3744 3731 3732
f 3744 3732 3745
f 3744 3741 3731
f 3744 3745 3741
f 3746 3747 3743
f 3746 3743 3742
f 3746 3728 3730
f 3746 3742 3728
f 3746 3748 3747
f 3749 3730 3737
f 3749 3746 3730
f 3749 3750 3748
f 3749 3748 3746
f 3749 3737 3741
f 3751 3752 3753
f 3751 3753 3750
f 3751 3741 3745
f 3751 3750 3749
f 3751 3749 3741
f 3754 3752 3751
f 3754 3751 3745
f 3754 3745 3755
f 3754 3755 3756
f 3754 3756 3752
f 3757 3758 3759
f 3760 3761 3762
f 3763 3760 3762
f 3764 3763 3762
f 3765 3766 3767
f 3765 3768 3766
f 3769 3770 3771
f 3769 3771 3772
f 3769 3772 3773
f 3769 3773 3774
f 3769 3774 3775
f 3769 3775 3776
f 3769 3776 3777
f 3778 3779 3780
f 3778 3780 3781
f 3778 3781 3782
f 3783 3778 3782
f 3783 3782 3784
f 3783 3784 3785
f 3783 3785 3768
f 3783 3768 3765
f 3786 3787 3779
f 3786 3779 3778
f 3788 3778 3783
f 3788 3783 3765
f 3788 3786 3778
f 3789 3786 3788
f 3790 3789 3788
f 3790 3788 3765
f 3790 3765 3769
f 3791 3789 3790
f 3791 3786 3789
f 3791 3787 3786
f 3791 3790 3769
f 3792 3793 3794
f 3792 3794 3795
f 3792 3795 3787
f 3792 3787 3791
f 3796 3767 3797
f 3796 3797 3798
f 3796 3798 3758
f 3796 3765 3767
f 3796 3758 3757
f 3799 3800 3801
f 3799 3801 3802
f 3799 3802 3803
f 3799 3803 3804
f 3799 3804 3793
f 3799 3793 3792
f 3805 3765 3796
f 3806 3800 3799
f 3806 3807 3800
f 3808 3806 3799
f 3808 3792 3791
f 3808 3791 3769
f 3808 3799 3792
f 3809 3808 3769
f 3810 3807 3806
f 3810 3806 3808
f 3811 3809 3769
f 3812 3811 3769
f 3813 3810 3808
f 3813 3807 3810
f 3813 3814 3815
f 3813 3815 3816
f 3813 3816 3817
f 3813 3817 3818
f 3813 3818 3807
f 3813 3808 3809
f 3813 3809 3811
f 3813 3811 3812
f 3819 3769 3777
f 3819 3777 3820
f 3819 3820 3821
f 3819 3821 3822
f 3819 3822 3823
f 3819 3823 3824
f 3819 3824 3825
f 3819 3825 3814
f 3819 3814 3813
f 3819 3813 3812
f 3819 3812 3769
f 3826 3827 3770
f 3826 3770 3769
f 3826 3769 3765
f 3828 3826 3765
f 3828 3765 3805
f 3829 3757 3762
f 3829 3828 3805
f 3829 3805 3796
f 3829 3796 3757
f 3830 3761 3831
f 3830 3831 3827
f 3830 3829 3762
f 3830 3827 3826
f 3830 3762 3761
f 3830 3826 3828
f 3830 3828 3829
f 3832 3833 3834
f 3832 3834 3835
f 3832 3835 3836
f 3837 3838 3839
f 3840 3841 3842
f 3840 3842 3843
f 3840 3843 3844
f 3840 3844 3845
f 3840 3845 3846
f 3840 3846 3847
f 3840 3847 3848
f 3849 3850 3851
f 3849 3851 3852
f 3853 3854 3855
f 3853 3855 3856
f 3853 3856 3857
f 3853 3857 3858
f 3853 3858 3859
f 3853 3859 3860
f 3861 3853 3860
f 3862 3860 3863
f 3862 3861 3860
f 3864 3862 3863
f 3865 3864 3863
f 3866 3863 3867
f 3866 3867 3868
f 3866 3868 3869
f 3866 3869 3870
f 3866 3870 3871
f 3866 3865 3863
f 3872 3854 3853
f 3872 3873 3874
f 3872 3874 3875
f 3872 3875 3854
f 3876 3861 3862
f 3876 3853 3861
f 3876 3864 3865
f 3876 3865 3866
f 3876 3872 3853
f 3876 3862 3864
f 3877 3876 3866
f 3877 3840 3876
f 3878 3877 3866
f 3878 3840 3877
f 3879 3840 3878
f 3879 3878 3866
f 3880 3840 3879
f 3880 3879 3866
f 3881 3880 3866
f 3881 3840 3880
f 3882 3841 3840
f 3882 3871 3883
f 3882 3883 3884
f 3882 3884 3885
f 3882 3885 3886
f 3882 3886 3887
f 3882 3887 3888
f 3882 3888 3841
f 3882 3866 3871
f 3882 3840 3881
f 3882 3881 3866
f 3889 3872 3876
f 3889 3873 3872
f 3889 3876 3840
f 3890 3891 3873
f 3890 3873 3889
f 3892 3890 3889
f 3893 3889 3840
f 3893 3892 3889
f 3893 3840 3849
f 3894 3890 3892
f 3894 3893 3849
f 3894 3892 3893
f 3895 3896 3897
f 3895 3897 3898
f 3895 3898 3891
f 3895 3891 3890
f 3895 3890 3894
f 3899 3852 3900
f 3899 3900 3901
f 3899 3901 3896
f 3899 3896 3895
f 3899 3894 3849
f 3899 3895 3894
f 3899 3849 3852
f 3902 3840 3848
f 3902 3848 3903
f 3902 3849 3840
f 3904 3833 3832
f 3904 3902 3903
f 3904 3903 3905
f 3904 3905 3833
f 3906 3902 3904
f 3906 3849 3902
f 3907 3849 3906
f 3908 3832 3839
f 3908 3904 3832
f 3908 3906 3904
f 3908 3907 3906
f 3909 3838 3910
f 3909 3910 3911
f 3909 3911 3850
f 3909 3839 3838
f 3909 3849 3907
f 3909 3907 3908
f 3909 3850 3849
f 3909 3908 3839
