# PUBLIC SHELL OBJ - display only, not CAD source
# Precision intentionally degraded; multi-part structure removed
o shell
v 0.866 878.265 -1128.366
v 0.005 878.258 -1128.513
v -0.015 878.102 -1127.956
v 1.408 878.105 -1127.67
v 1.851 878.402 -1128.086
v 2.54 878.245 -1126.962
v 3.116 878.535 -1127.099
v 3.407 878.399 -1125.819
v 3.959 878.813 -1125.827
v 3.668 878.667 -1124.554
v 4.386 879.24 -1124.266
v 3.533 878.955 -1123.133
v 4.403 879.677 -1122.698
v 2.145 879.259 -1121.275
v 2.984 880.811 -1120.005
v 3.951 880.225 -1121.294
v 1.265 879.381 -1120.864
v 1.579 881.104 -1119.289
v 0.551 879.377 -1120.725
v -0.004 881.229 -1119.017
v -0.003 879.386 -1120.577
v 3.559 879.682 -1121.702
v 2.969 879.099 -1121.997
v -0.016 871.153 -1126.822
v 1.399 871.009 -1126.54
v 2.539 870.872 -1125.828
v 3.385 870.726 -1124.554
v 3.689 870.457 -1123.268
v 3.548 870.174 -1121.708
v 2.959 870.017 -1120.442
v 1.991 869.893 -1119.437
v 0.996 869.749 -1119.014
v -0.02 869.733 -1118.883
v 4.684 878.541 -1126.102
v 3.552 878.401 -1127.377
v 1.849 878.258 -1128.371
v 0.015 878.265 -1128.649
v -0.84 878.262 -1128.368
v -1.863 878.24 -1128.383
v -1.719 878.383 -1128.099
v -3.122 878.536 -1127.24
v -3.528 878.407 -1127.373
v -3.978 878.816 -1125.967
v -4.681 878.537 -1126.106
v -4.395 879.105 -1124.403
v 10.496 879.816 -1113.767
v 11.903 881.793 -1103.28
v 12.921 880.536 -1103.125
v 10.473 879.658 -1114.346
v 9.356 881.656 -1110.792
v 11.486 882.65 -1103.134
v 8.95 882.52 -1109.507
v 10.926 883.789 -1102.989
v 5.512 879.092 -1123.703
v 5.666 878.676 -1124.69
v 4.673 881.227 -1117.742
v 4.262 882.088 -1115.041
v 2.698 881.093 -1119.297
v 2.429 882.096 -1116.312
v -5.539 879.098 -1123.699
v -5.662 878.686 -1124.682
v -4.4 879.669 -1122.846
v -0.01 881.933 -1116.752
v -1.576 881.079 -1119.307
v -2.708 881.08 -1119.306
v -2.959 880.82 -1120.14
v -2.393 882.095 -1116.313
v -4.686 881.227 -1117.743
v -3.989 880.226 -1121.293
v -4.262 882.077 -1115.049
v -10.489 879.816 -1113.767
v -10.629 879.676 -1113.766
v -12.901 880.524 -1103.134
v -11.629 882.222 -1103.278
v -9.369 881.649 -1110.797
v -8.95 882.495 -1109.524
v -11.183 883.23 -1103.125
v 8.654 886.056 -1106.677
v 6.362 891.428 -1108.532
v 8.211 891.431 -1106.119
v 9.357 891.439 -1103.277
v 7.657 885.911 -1107.955
v 5.537 885.774 -1109.937
v 4.83 887.477 -1109.794
v 3.41 891.445 -1110.363
v 3.548 884.212 -1112.491
v 3.809 885.756 -1111.085
v 3.132 885.778 -1111.636
v 0.717 884.073 -1113.481
v 1.973 887.462 -1111.223
v -0.017 891.429 -1110.942
v 0.979 885.618 -1112.216
v -0.723 884.058 -1113.492
v -0.012 885.619 -1112.357
v -0.972 885.641 -1112.199
v -3.25 884.217 -1112.629
v -2.82 885.78 -1111.634
v -1.844 887.47 -1111.217
v -2.971 891.445 -1110.505
v -3.695 885.763 -1111.363
v -5.099 885.773 -1110.363
v -4.413 887.458 -1110.091
v -5.674 891.439 -1109.233
v -8.519 886.044 -1106.969
v -9.35 891.446 -1103.272
v -8.09 891.435 -1106.542
v -2.402 871.738 -1129.929
v -1.97 871.034 -1126.239
v -4.264 871.441 -1128.804
v -5.546 871.153 -1127.389
v -2.974 870.884 -1125.252
v 0.014 871.742 -1130.351
v -1.006 871.155 -1126.679
v -3.526 870.611 -1123.968
v -8.916 870.042 -1120.708
v 2.403 871.726 -1129.937
v -3.69 870.311 -1122.42
v 4.254 871.449 -1128.799
v -3.394 870.178 -1121.138
v -2.545 869.893 -1119.863
v -11.48 868.758 -1113.625
v 5.523 871.159 -1127.385
v -1.435 869.735 -1119.165
v 8.943 870.037 -1120.712
v 11.469 868.743 -1113.635
v -0.58 879.379 -1120.723
v -1.289 879.38 -1120.865
v -2.113 879.256 -1121.277
v -2.989 879.096 -1121.999
v -3.685 878.68 -1124.544
v -3.551 878.958 -1123.131
v -3.401 878.397 -1125.82
v -1.401 878.124 -1127.656
v -2.547 878.258 -1126.953
v -3.105 879.682 -1121.277
v 4.384 876.686 -1128.379
v 5.809 877.542 -1126.533
v 5.969 876.846 -1126.523
v 5.259 878.263 -1126.382
v 2.391 876.681 -1129.659
v 0.001 876.695 -1130.075
v -2.424 876.685 -1129.657
v -4.415 876.681 -1128.383
v -4.547 877.822 -1127.811
v -5.957 876.835 -1126.531
v -5.805 877.551 -1126.526
v -5.264 878.241 -1126.397
v 9.071 877.542 -1120.435
v 10.78 878.966 -1115.185
v 11.362 878.267 -1113.901
v 13.168 879.942 -1103.711
v 13.184 880.095 -1103.136
v 13.311 879.802 -1103.143
v 13.312 879.377 -1103.143
v 13.05 880.385 -1099.871
v 9.346 891.432 -1099.88
v 10.784 883.931 -1099.16
v 13.029 880.37 -1099.598
v 12.479 879.957 -1096.612
v 12.616 879.811 -1096.472
v 11.894 881.929 -1100.591
v 11.638 881.381 -1098.166
v 11.355 882.941 -1100.86
v 11.196 882.362 -1098.742
v -0.018 891.428 -1091.942
v 2.965 949.424 -1092.507
v -0.018 996.637 -1091.942
v 4.399 925.757 -1093.066
v 0.006 996.653 -1110.93
v 2.978 949.434 -1110.507
v 4.394 925.753 -1109.942
v 4.399 978.503 -1093.066
v 3.125 996.654 -1092.497
v 5.829 996.66 -1094.052
v 7.947 996.654 -1096.326
v 7.921 960.196 -1096.339
v 7.921 960.196 -1106.689
v 4.391 978.497 -1109.943
v 7.938 996.648 -1106.681
v 5.824 996.657 -1108.943
v 3.133 996.659 -1110.501
v 7.085 954.818 -1095.197
v 9.372 960.219 -1099.725
v 9.506 952.982 -1100.863
v 9.354 960.206 -1103.279
v 8.791 956.665 -1105.12
v 8.385 954.835 -1106.103
v 7.071 954.808 -1107.823
v 5.681 891.447 -1093.914
v 5.378 898.948 -1093.64
v 2.986 891.446 -1092.496
v 8.923 895.12 -1098.177
v 8.099 891.452 -1096.462
v 7.085 898.953 -1095.055
v 9.216 897.112 -1099.023
v 8.929 902.782 -1104.696
v 6.526 902.786 -1094.625
v 7.673 902.795 -1095.753
v 9.371 902.793 -1099.725
v 8.64 908.591 -1105.408
v 9.492 914.263 -1101.012
v 5.83 910.452 -1094.052
v 4.69 895.135 -1109.794
v 5.236 897.105 -1109.378
v 6.666 900.942 -1108.238
v 4.947 899.937 -1109.665
v 8.068 920.072 -1096.478
v 8.952 921.939 -1098.162
v 8.224 925.754 -1096.754
v 8.801 933.701 -1097.884
v 9.496 925.751 -1101.435
v 8.507 916.254 -1105.829
v 8.358 920.077 -1105.975
v 9.084 921.932 -1104.548
v 8.22 925.751 -1106.256
v 9.085 929.731 -1104.406
v 7.96 940.23 -1096.319
v 9.499 937.664 -1100.725
v 8.384 931.722 -1105.961
v 7.522 943.483 -1095.758
v 8.655 934.974 -1105.542
v 8.916 941.481 -1104.703
v 8.631 945.45 -1097.614
v 9.491 949.427 -1101.438
v 7.791 949.428 -1096.049
v 7.524 951.283 -1095.757
v 8.215 946.733 -1106.259
v 7.811 949.442 -1106.957
v 7.931 951.27 -1106.684
v -2.985 949.428 -1110.512
v -4.381 925.764 -1109.933
v -2.996 949.42 -1092.509
v -4.402 925.75 -1093.071
v -4.386 978.507 -1109.936
v -3.101 996.663 -1110.499
v -5.803 996.657 -1108.943
v -7.942 996.648 -1106.68
v -7.954 960.2 -1106.686
v -7.93 960.217 -1096.323
v -4.384 978.508 -1093.062
v -7.94 996.65 -1096.328
v -5.811 996.651 -1094.059
v -3.1 996.663 -1092.491
v -7.085 954.825 -1107.811
v -9.355 960.211 -1103.275
v -9.488 952.986 -1102.136
v -9.353 960.213 -1099.729
v -8.778 956.674 -1097.882
v -8.373 954.816 -1096.899
v -7.072 954.834 -1095.186
v -4.556 895.114 -1109.808
v -5.245 897.113 -1109.373
v -4.982 899.935 -1109.667
v -6.666 900.939 -1108.24
v -8.655 908.593 -1105.406
v -8.937 902.781 -1104.696
v -9.375 891.429 -1099.882
v -8.212 895.136 -1096.606
v -9.356 897.114 -1099.447
v -6.516 891.445 -1094.624
v -8.386 891.427 -1097.048
v -8.796 897.108 -1097.891
v -9.094 902.771 -1098.89
v -9.481 914.282 -1100.998
v -5.548 898.943 -1093.785
v -3.411 891.435 -1092.646
v -7.802 902.781 -1096.047
v -6.529 902.779 -1094.631
v -8.514 916.249 -1105.832
v -8.378 920.074 -1105.977
v -9.059 921.936 -1104.545
v -5.799 910.45 -1094.053
v -8.208 925.765 -1106.246
v -9.51 925.747 -1101.438
v -8.082 920.082 -1096.471
v -8.953 921.912 -1098.182
v -9.064 929.732 -1104.405
v -8.801 933.687 -1097.893
v -8.357 931.716 -1105.966
v -8.663 934.961 -1105.552
v -8.928 941.496 -1104.692
v -9.512 937.656 -1100.73
v -8.236 925.746 -1096.76
v -8.206 946.752 -1106.245
v -9.519 949.42 -1101.443
v -7.815 949.422 -1106.971
v -7.517 951.275 -1107.248
v -7.954 940.207 -1096.335
v -8.641 945.469 -1097.601
v -7.53 943.467 -1095.769
v -7.803 949.43 -1096.048
v -7.953 951.267 -1096.335
v -9.074 895.128 -1104.269
v -8.377 898.38 -1106.118
v -8.944 897.104 -1104.842
v -9.214 898.957 -1103.984
v -10.356 885.907 -1099.451
v -13.058 880.372 -1099.455
v -13.025 880.395 -1099.58
v -12.629 879.807 -1096.475
v -12.492 879.945 -1096.62
v -11.927 881.929 -1100.591
v -11.774 881.369 -1098.175
v -11.344 882.933 -1100.866
v -11.205 882.222 -1098.741
v -10.636 877.969 -1116.606
v -12.322 878.689 -1109.934
v -10.796 878.949 -1115.197
v -13.198 879.947 -1103.708
v -13.331 879.386 -1103.136
v -13.322 879.818 -1103.131
v -13.168 880.252 -1103.125
v 11.621 869.033 -1112.496
v 11.647 869.477 -1112.057
v 11.501 868.765 -1113.052
v -11.468 868.766 -1113.052
v -11.613 869.473 -1112.06
v -11.637 869.031 -1112.498
v -8.368 870.738 -1123.128
v -5.975 871.718 -1127.532
v -5.94 871.601 -1127.515
v -5.955 871.59 -1127.523
v -5.812 871.449 -1127.522
v -9.512 870.589 -1120.723
v -8.236 870.589 -1122.991
v -5.662 871.313 -1127.376
v -10.364 869.879 -1118.455
v -11.756 869.046 -1113.621
v -11.902 869.185 -1113.623
v -11.905 869.325 -1113.625
v -10.212 869.745 -1118.45
v -11.505 868.74 -1113.637
v -11.641 868.886 -1113.634
v 4.551 872.025 -1129.076
v 5.956 871.732 -1127.522
v 5.95 871.586 -1127.526
v 5.941 871.58 -1127.53
v 5.823 871.454 -1127.518
v 5.683 871.314 -1127.375
v -4.54 872.013 -1129.084
v 2.532 872.001 -1130.369
v -0.016 872.288 -1130.792
v 2.553 872.299 -1130.358
v 2.41 871.731 -1130.217
v -2.548 872.018 -1130.356
v -2.558 872.295 -1130.362
v -2.41 871.732 -1130.217
v 10.348 869.887 -1118.449
v 9.494 870.593 -1120.72
v 11.904 869.317 -1113.63
v 11.914 869.182 -1113.626
v 11.901 869.173 -1113.632
v 11.787 868.909 -1113.618
v 10.221 869.755 -1118.442
v 11.638 868.904 -1113.622
v 8.364 870.738 -1123.128
v 8.215 870.591 -1122.99
v 12.201 869.751 -1112.631
v 12.039 869.312 -1113.208
v 12.775 873.443 -1109.083
v 13.342 875.569 -1104.262
v 12.037 869.594 -1112.784
v 12.041 869.455 -1112.924
v 13.48 878.403 -1097.175
v 13.489 875.715 -1099.581
v 13.455 879.094 -1100.023
v 13.31 874.413 -1095.629
v 12.777 875.004 -1090.366
v 12.895 872.01 -1092.221
v 12.458 869.024 -1089.958
v 10.921 871.875 -1083.708
v 12.064 865.501 -1088.666
v 11.921 864.933 -1088.241
v 11.895 865.198 -1088.538
v 11.779 864.791 -1088.1
v 11.771 864.785 -1087.82
v 9.339 863.495 -1081.025
v 5.974 867.208 -1073.633
v 5.972 862.385 -1074.484
v 13.345 879.4 -1097.596
v 13.335 878.968 -1096.892
v 13.056 879.396 -1096.748
v -4.96 870.174 -1075.484
v -5.683 870.022 -1075.633
v -4.415 869.165 -1073.794
v -3.821 869.326 -1074.064
v -3.253 868.618 -1072.504
v -5.518 872.023 -1079.025
v -10.365 874.699 -1085.56
v -5.512 871.035 -1077.32
v -1.984 868.897 -1073.074
v -1.718 868.175 -1071.807
v -0.004 868.751 -1072.793
v 0.003 868.047 -1071.514
v 1.705 868.19 -1071.797
v 2.002 868.908 -1073.066
v 3.247 868.602 -1072.515
v 3.698 869.329 -1073.92
v 4.384 869.172 -1073.79
v 4.815 870.026 -1075.347
v 5.673 870.031 -1075.626
v -9.493 878.117 -1090.937
v -5.537 870.734 -1076.765
v -8.92 879.964 -1092.778
v -4.659 875.29 -1084.408
v -4.666 873.017 -1080.725
v -3.385 873.871 -1081.999
v -2.686 874.573 -1083.138
v -1.824 874.439 -1082.707
v -4.255 877.686 -1087.538
v 5.529 870.739 -1076.762
v 10.36 874.716 -1085.548
v 5.53 871.874 -1078.747
v 5.512 870.869 -1077.054
v -2.423 877.252 -1086.41
v 2.681 874.558 -1083.149
v 1.981 874.423 -1082.577
v 3.676 873.709 -1081.729
v -0.02 877.106 -1085.988
v 0.002 874.569 -1082.999
v 4.679 875.276 -1084.419
v 4.961 872.865 -1080.449
v 2.41 877.261 -1086.403
v 4.253 877.687 -1087.538
v 9.489 878.105 -1090.946
v 8.925 879.95 -1092.788
v -8.792 885.201 -1095.762
v -5.663 884.357 -1092.638
v -3.525 881.529 -1090.08
v -4.945 886.491 -1092.775
v -3.965 883.929 -1091.505
v -3.137 883.772 -1091.091
v -0.712 881.23 -1089.241
v -0.974 883.655 -1090.506
v -1.968 886.206 -1091.499
v 0.724 881.242 -1089.232
v -0.012 883.492 -1090.38
v 0.981 883.634 -1090.521
v 3.417 881.525 -1090.083
v 2.82 883.773 -1090.949
v 1.844 886.053 -1091.508
v 3.697 883.933 -1091.361
v 5.091 884.2 -1092.223
v 4.411 886.489 -1092.492
v 8.52 885.069 -1095.472
v -1.972 996.659 -1100.009
v -1.417 996.65 -1099.448
v -0.841 996.656 -1099.16
v -2.391 996.663 -1100.715
v -0.434 996.644 -1099.027
v 0.019 996.663 -1099.013
v -2.566 996.64 -1101.723
v 0.836 996.639 -1099.172
v -2.258 996.657 -1102.562
v 1.693 996.643 -1099.736
v -1.719 996.637 -1103.285
v -0.991 996.65 -1103.843
v 2.259 996.643 -1100.446
v 2.569 996.662 -1101.425
v 0.007 996.655 -1103.982
v 0.565 996.648 -1103.986
v 1.147 996.658 -1103.696
v 2.422 996.658 -1102.278
v 1.84 996.647 -1103.136
v -13.457 879.114 -1100.009
v -13.311 878.975 -1096.887
v -13.455 878.406 -1097.172
v -13.054 879.382 -1096.759
v -5.97 867.184 -1073.65
v -9.344 863.518 -1081.008
v -5.952 862.376 -1074.491
v -9.355 870.033 -1079.879
v -11.767 873.15 -1086.403
v -11.782 864.774 -1087.828
v -12.037 865.504 -1088.664
v -11.922 864.918 -1088.252
v -12.637 870.16 -1090.808
v -13.207 873.703 -1094.495
v -12.037 865.362 -1088.664
v -11.92 865.203 -1088.535
v -13.469 875.561 -1098.88
v -13.476 875.698 -1102.996
v -13.046 874.567 -1107.105
v -12.493 872.572 -1110.232
v -12.188 869.751 -1112.632
v -12.071 869.308 -1113.211
v -12.034 869.476 -1112.909
v -11.929 869.309 -1113.353
v -11.47 865.504 -1089.231
v 11.925 868.906 -1090.508
v 11.474 865.485 -1089.245
v -12.205 869.881 -1091.23
v 12.479 871.733 -1092.783
v -12.75 873.299 -1094.763
v 12.92 874.295 -1096.462
v -13.053 874.987 -1098.885
v 13.058 875.286 -1100.718
v -12.889 875.286 -1102.844
v 12.748 874.7 -1105.126
v -12.474 874.145 -1106.678
v 12.18 872.714 -1109.097
v -12.072 872.143 -1109.667
v -11.76 869.469 -1112.063
v -11.929 869.45 -1112.077
v -12.213 869.733 -1112.503
v -11.93 868.882 -1113.211
v -11.904 868.9 -1113.057
v -11.905 869.042 -1112.774
v -11.909 869.181 -1112.634
v -12.041 869.471 -1112.204
v -12.061 869.599 -1112.355
v 11.75 869.45 -1112.077
v 12.202 869.752 -1112.489
v 12.178 869.593 -1112.501
v 12.049 869.177 -1112.495
v 12.032 869.591 -1112.361
v 11.893 869.451 -1112.218
v 11.922 868.904 -1113.196
v 5.943 868.746 -1074.073
v 5.121 868.765 -1073.492
v 5.523 868.182 -1073.362
v 5.8 867.752 -1073.507
v 8.653 870.883 -1079.029
v 10.93 873.584 -1084.837
v 12.496 876.424 -1090.931
v 13.2 878.972 -1096.322
v 4.41 866.496 -1071.933
v 2.408 866.058 -1070.808
v 4.382 862.081 -1072.798
v 0.018 865.931 -1070.514
v 2.251 861.936 -1071.666
v -0.005 861.803 -1071.234
v -2.408 866.062 -1070.805
v -2.274 861.945 -1071.66
v -4.399 866.483 -1071.943
v -4.403 862.084 -1072.795
v 8.215 862.934 -1078.893
v 5.943 862.365 -1074.499
v 5.969 862.241 -1074.628
v 5.814 862.091 -1074.634
v 8.941 863.088 -1081.295
v 8.091 862.805 -1079.026
v 5.667 861.945 -1074.779
v 5.549 861.961 -1074.909
v 10.221 863.658 -1083.278
v 11.607 864.486 -1087.973
v 11.781 864.651 -1087.957
v 10.083 863.519 -1083.418
v 11.345 864.36 -1088.104
v 11.345 864.36 -1088.104
v 11.497 864.367 -1087.957
v 11.324 864.487 -1088.681
v 11.62 865.488 -1089.243
v 11.478 864.921 -1089.101
v 11.774 865.497 -1089.236
v 12.052 865.493 -1088.814
v 11.761 864.495 -1088.392
v 11.788 864.656 -1088.521
v 11.781 864.792 -1088.666
v 11.926 864.937 -1088.806
v 11.904 865.488 -1089.101
v 12.066 865.502 -1088.949
v 12.467 872.291 -1109.804
v 12.902 874.425 -1106.68
v 13.321 875.413 -1103.138
v 13.333 875.28 -1099.304
v 13.34 874.576 -1097.032
v 13.025 873.135 -1094.07
v 12.616 870.453 -1091.368
v 12.041 867.187 -1089.67
v 12.63 873.015 -1109.085
v 13.181 874.989 -1104.697
v 12.754 871.727 -1092.504
v 12.354 868.908 -1090.365
v 0.01 868.478 -1073.353
v -0.719 868.605 -1073.364
v -1.401 868.624 -1073.634
v -2.407 868.756 -1074.208
v -3.11 868.902 -1074.914
v -3.533 869.188 -1075.905
v -0.001 870.313 -1080.591
v 0.001 871.59 -1081.724
v -1.409 870.178 -1080.302
v 0.005 873.011 -1082.431
v -4.971 870.308 -1076.907
v -3.245 869.9 -1078.739
v -3.692 869.459 -1077.331
v -3.99 871.009 -1079.749
v -2.572 870.016 -1079.607
v 0.706 870.312 -1080.591
v 1.427 870.178 -1080.302
v 3.27 869.044 -1075.198
v 3.701 869.332 -1076.612
v 2.532 868.74 -1074.361
v 1.422 868.615 -1073.64
v 3.525 869.591 -1078.048
v 3.975 871.026 -1079.737
v 3.11 869.882 -1079.035
v 2.418 870.036 -1079.735
v 4.976 872.45 -1080.158
v 4.956 870.309 -1076.907
v -5.517 868.196 -1073.352
v -5.8 867.771 -1073.494
v -5.119 868.744 -1073.508
v 1.573 867.203 -1070.8
v -8.631 870.893 -1079.021
v -10.913 873.579 -1084.841
v -12.459 876.424 -1090.931
v -13.173 878.972 -1096.322
v 0.006 978.647 -1103.982
v 0.836 978.632 -1103.851
v 1.703 978.643 -1103.276
v 2.266 978.64 -1102.569
v 2.549 978.64 -1101.577
v 2.409 978.641 -1100.725
v 1.842 978.641 -1099.874
v 1.135 978.643 -1099.306
v 0.551 978.63 -1099.031
v 0.016 978.654 -1099.015
v -0.985 978.648 -1099.161
v -1.703 978.641 -1099.733
v -2.282 978.633 -1100.448
v -2.546 978.646 -1101.289
v -2.426 978.631 -1102.292
v -1.988 978.64 -1102.994
v -1.411 978.647 -1103.556
v -0.859 978.636 -1103.848
v -0.417 978.648 -1103.981
v -12.063 867.187 -1089.67
v -11.632 865.489 -1089.242
v -11.781 865.484 -1089.246
v -11.903 865.498 -1089.094
v -12.071 865.48 -1088.965
v -12.034 865.506 -1088.805
v -12.463 869.331 -1090.65
v -12.921 871.861 -1092.651
v -13.198 873.992 -1095.767
v -13.345 875.265 -1099.315
v -13.336 875.413 -1101.721
v -13.064 874.979 -1104.988
v -12.604 873.444 -1108.373
v -12.181 871.032 -1111.069
v -12.46 870.043 -1091.073
v -13.18 873.438 -1094.624
v -12.911 874.278 -1106.825
v -12.472 872.303 -1109.938
v -11.476 864.932 -1089.093
v -11.358 864.348 -1088.112
v -11.327 864.512 -1088.664
v -11.346 864.357 -1088.106
v -11.476 864.365 -1087.959
v -11.75 864.655 -1087.954
v -11.92 864.919 -1088.819
v -11.788 864.771 -1088.681
v -11.773 864.639 -1088.533
v -11.644 864.488 -1087.972
v -10.198 863.657 -1083.278
v -8.931 863.083 -1081.298
v -10.085 863.495 -1083.435
v -8.22 862.943 -1078.886
v -5.83 862.078 -1074.643
v -5.944 862.24 -1074.487
v -8.066 862.81 -1079.022
v -5.517 861.957 -1074.912
v -5.66 861.956 -1074.771
v -5.684 861.94 -1074.783
v -4.127 861.654 -1073.224
v -0.019 861.651 -1071.241
v 0.008 861.387 -1071.795
v -0.012 861.372 -1071.663
v -2.118 861.529 -1072.078
v -4.413 861.794 -1072.8
v -4.266 861.656 -1073.081
v -2.26 861.671 -1071.653
v 0.009 861.529 -1071.369
v -2.281 861.514 -1071.947
v 0.013 861.39 -1071.509
v 2.132 861.526 -1072.08
v 4.1 861.656 -1073.223
v 2.25 861.651 -1071.666
v 2.255 861.513 -1071.947
v 4.408 861.815 -1072.785
v 4.27 861.676 -1073.067
v -2.28 863.216 -1081.588
v -3.129 863.076 -1080.737
v -1.293 863.212 -1082.158
v -3.543 862.8 -1079.88
v -0.693 863.235 -1082.284
v -0.002 863.223 -1082.434
v -3.689 862.655 -1078.464
v -3.422 862.36 -1077.055
v -2.544 862.238 -1075.907
v 1.407 863.216 -1082.155
v 2.55 863.081 -1081.3
v -1.398 862.104 -1075.192
v 0.008 861.953 -1074.915
v 3.404 862.941 -1080.164
v 3.693 862.661 -1078.885
v 0.711 861.95 -1075.059
v 1.259 862.078 -1075.21
v 3.553 862.379 -1077.467
v 3.136 862.243 -1076.47
v 2.249 862.076 -1075.779
v -0.004 977.221 -1101.435
v 1.276 977.933 -1101.433
v 0.833 977.921 -1102.435
v -0.995 977.931 -1102.285
v -1.296 977.92 -1101.443
v -0.978 977.943 -1100.717
v 19.279 874.564 -1105.548
v 18.867 874.715 -1104.832
v 21.005 873.731 -1107.237
v 20.715 873.726 -1107.524
v 20.714 873.726 -1107.666
v 20.827 873.705 -1107.539
v 20.991 873.721 -1107.385
v 18.576 874.852 -1104.977
v 18.005 875.133 -1103.561
v 17.6 875.147 -1102.133
v 17.31 875.284 -1102.136
v 17.291 875.271 -1101.437
v 17.17 875.002 -1099.3
v 16.858 875.124 -1099.314
v 17 875.124 -1099.314
v 17.571 874.276 -1096.76
v 21.851 870.324 -1091.5
v 22.401 873.007 -1109.374
v 21.855 873.305 -1108.23
v 20.968 871.011 -1092.367
v 22.415 869.755 -1090.651
v 25.25 872.165 -1116.316
v 18.847 872.858 -1094.349
v 25.226 866.476 -1084.283
v 18.583 872.872 -1094.056
v -20.684 870.893 -1092.066
v 20.697 870.878 -1092.077
v 17.29 874.278 -1096.617
v -17.867 873.574 -1095.195
v -16.997 874.864 -1098.021
v -17.024 875.27 -1100.729
v -17.709 875.145 -1103.269
v -19.019 874.555 -1105.554
v -20.692 873.724 -1107.667
v 25.102 866.489 -1084.274
v 22.129 869.753 -1090.51
v 24.966 866.493 -1084.129
v 22.243 869.734 -1090.525
v 20.981 871.02 -1092.219
v 21.557 870.317 -1091.364
v 20.681 871.009 -1092.085
v 21.713 870.327 -1091.357
v 20.854 871.03 -1092.212
v 17.313 874.578 -1097.314
v 17.995 873.708 -1095.342
v 19.283 872.44 -1093.635
v 21.569 873.303 -1108.515
v 21.71 873.303 -1108.373
v 22.249 873 -1109.379
v 22.105 873.14 -1109.522
v 24.946 872.292 -1116.468
v 25.113 872.168 -1116.455
v 26.217 871.438 -1119.164
v 25.946 871.73 -1118.591
v 26.382 871.171 -1119.578
v 26.498 870.727 -1119.875
v 26.513 870.312 -1120.009
v 26.508 863.503 -1081.586
v 25.929 865.338 -1082.301
v 26.392 864.23 -1081.573
v 26.231 864.784 -1081.866
v 26.109 865.081 -1081.998
v -22.127 873.144 -1109.519
v -21.539 873.301 -1108.516
v -19.29 874.563 -1105.548
v -20.983 873.718 -1107.387
v -21.004 873.704 -1107.256
v -20.83 873.726 -1107.523
v -20.716 873.707 -1107.537
v -18.273 875.005 -1103.551
v -17.989 875.148 -1103.551
v -17.297 875.277 -1101.433
v -17.302 875.132 -1100.726
v -17.004 875.142 -1099.301
v -17.306 874.704 -1098.034
v -17.281 874.58 -1097.313
v -18.027 873.703 -1095.772
v -17.993 873.727 -1095.329
v -19.293 872.576 -1093.923
v -19.279 872.444 -1093.632
v -20.995 871.015 -1092.364
v -20.696 871.026 -1092.072
v -20.836 871.028 -1092.213
v -21.001 871.012 -1092.225
v -22.11 869.753 -1090.511
v -21.551 870.314 -1091.366
v -25.684 865.479 -1082.159
v -18.168 865.48 -1082.159
v -24.948 866.49 -1084.131
v -14.891 868.185 -1087.397
v -14.187 868.606 -1088.393
v -13.058 868.887 -1088.962
v -11.91 869.038 -1089.097
v 25.684 865.506 -1082.14
v 18.167 865.506 -1082.141
v 14.874 868.177 -1087.403
v 14.169 868.605 -1088.393
v 13.032 868.887 -1088.962
v 11.897 869.029 -1089.104
v -14.163 872.877 -1111.918
v -14.869 872.738 -1112.909
v -13.025 872.88 -1111.207
v -11.89 872.88 -1111.065
v -18.137 872.024 -1118.726
v -24.956 872.298 -1116.464
v -25.678 872.005 -1118.739
v 11.931 872.88 -1111.065
v 13.044 872.866 -1111.217
v 14.199 872.88 -1111.916
v 14.888 872.724 -1112.919
v 18.161 872.023 -1118.726
v 25.674 872.022 -1118.727
v 26.503 866.477 -1108.387
v 26.522 868.617 -1120.288
v 26.521 870.176 -1120.005
v 26.53 866.78 -1108.09
v 26.527 866.919 -1107.666
v 26.503 863.499 -1081.588
v 26.5 861.937 -1081.874
v 26.533 863.946 -1093.767
v 26.527 864.225 -1093.912
v 26.521 864.504 -1094.199
v 26.53 864.653 -1094.62
v 26.519 866.913 -1107.387
v 25.935 871.864 -1118.738
v 25.653 871.865 -1119.305
v 25.658 872.011 -1118.735
v 25.812 871.878 -1118.729
v 25.804 871.589 -1119.725
v 25.942 871.019 -1120.152
v 26.523 870.319 -1120.004
v 26.524 870.32 -1120.145
v 26.381 870.32 -1120.287
v 26.238 870.46 -1120.43
v 25.954 870.46 -1120.43
v 25.518 872.012 -1117.458
v 25.512 866.053 -1083.289
v 25.788 865.481 -1082.158
v 25.961 865.36 -1082.285
v 26.393 863.522 -1081.289
v 26.528 863.517 -1081.434
v 25.937 863.925 -1081.021
v 25.963 863.518 -1081.008
v 26.094 863.511 -1081.155
v 26.237 863.512 -1081.154
v 25.96 864.509 -1081.151
v 25.825 865.08 -1081.573
v -22.407 873.005 -1109.376
v -21.835 870.314 -1091.507
v -21.835 873.292 -1108.239
v -25.248 872.15 -1116.326
v -22.413 869.74 -1090.662
v -25.24 866.485 -1084.277
v -25.081 866.497 -1084.268
v -22.251 869.753 -1090.51
v -25.525 866.058 -1083.285
v -25.941 865.356 -1082.288
v -25.674 865.486 -1082.155
v -25.81 865.49 -1082.152
v -25.933 865.362 -1082.284
v -18.861 863.364 -1081.159
v -25.946 863.509 -1081.014
v -25.968 863.352 -1081.167
v -25.963 864.064 -1081.165
v -18.702 863.943 -1081.008
v -25.798 864.79 -1081.295
v -18.724 864.353 -1081.161
v -25.679 865.199 -1081.731
v -18.449 865.056 -1081.59
v -17.99 865.505 -1082.141
v -17.859 865.356 -1082.004
v -14.731 868.198 -1087.388
v -17.862 865.212 -1082.148
v -14.607 868.043 -1087.397
v -17.704 865.082 -1082.14
v -14.444 867.916 -1087.387
v -14.45 867.77 -1087.39
v -14.053 868.318 -1087.971
v -13.76 868.182 -1088.108
v -13.462 868.618 -1088.526
v -12.887 868.482 -1088.664
v -12.603 868.765 -1088.806
v -11.909 868.472 -1088.813
v -11.914 868.752 -1088.816
v -11.907 868.898 -1088.954
v -11.907 868.898 -1088.954
v 11.923 868.904 -1088.949
v 11.916 868.758 -1088.811
v 11.906 868.609 -1088.816
v 11.922 868.478 -1088.808
v 12.633 868.764 -1088.807
v 12.907 868.473 -1088.67
v 13.452 868.599 -1088.539
v 13.762 868.193 -1088.101
v 14.028 868.322 -1087.968
v 14.478 867.772 -1087.388
v 14.457 867.899 -1087.399
v 14.608 868.047 -1087.394
v 14.734 868.178 -1087.402
v 17.997 865.485 -1082.155
v 17.856 865.344 -1082.013
v 17.707 865.197 -1082.158
v 17.706 865.055 -1082.159
v 18.849 863.36 -1081.161
v 25.959 863.373 -1081.152
v 18.726 864.081 -1081.152
v 18.595 864.656 -1081.289
v 18.413 865.196 -1081.734
v 18.439 871.736 -1119.438
v 18.733 871.318 -1119.999
v 18.708 870.733 -1120.296
v 18.852 870.309 -1120.436
v 25.934 870.304 -1120.44
v 18.005 871.872 -1118.875
v 17.874 871.88 -1118.869
v 14.759 872.591 -1112.912
v 17.876 871.739 -1118.868
v 14.598 872.578 -1113.063
v 17.719 871.445 -1119.018
v 14.457 872.437 -1113.063
v 14.446 872.287 -1113.069
v 14.026 872.574 -1112.357
v 13.773 872.454 -1112.199
v 13.452 872.712 -1111.793
v 12.911 872.446 -1111.638
v 12.612 872.719 -1111.504
v 11.924 872.45 -1111.493
v 11.903 872.719 -1111.362
v 11.908 872.865 -1111.218
v 11.923 872.875 -1111.21
v -11.906 872.869 -1111.215
v -11.924 872.715 -1111.365
v -11.924 872.573 -1111.507
v -11.899 872.449 -1111.495
v -12.615 872.727 -1111.498
v -12.893 872.447 -1111.637
v -13.485 872.714 -1111.791
v -13.735 872.454 -1112.2
v -14.028 872.589 -1112.346
v -14.455 872.304 -1113.056
v -14.448 872.451 -1113.053
v -14.599 872.586 -1113.058
v -14.753 872.578 -1112.921
v -18.016 871.867 -1118.878
v -17.861 871.735 -1118.871
v -17.718 871.594 -1118.871
v -17.734 871.441 -1119.02
v -18.712 871.026 -1120.289
v -18.565 871.455 -1119.861
v -18.451 871.719 -1119.308
v -25.807 871.731 -1119.441
v -18.841 870.326 -1120.425
v -25.93 871.319 -1119.999
v -25.954 870.877 -1120.294
v -25.953 870.452 -1120.436
v -25.941 870.318 -1120.43
v -25.508 872.025 -1117.449
v -25.645 872.029 -1118.722
v -25.794 871.882 -1118.726
v -25.95 871.872 -1118.733
v -25.954 871.727 -1118.593
v -25.102 872.153 -1116.466
v -22.281 872.994 -1109.383
v 26.508 863.361 -1081.444
v 26.356 863.354 -1081.307
v 26.496 861.793 -1081.734
v 26.378 861.809 -1081.58
v 26.232 863.366 -1081.157
v 26.223 861.8 -1081.445
v 26.097 863.371 -1081.153
v 26.085 861.803 -1081.443
v 25.963 861.817 -1081.433
v 26.355 863.495 -1081.308
v 26.534 870.327 -1120.14
v 26.5 870.304 -1120.157
v 26.375 870.315 -1120.291
v 26.24 870.32 -1120.429
v 26.371 870.312 -1120.293
v 26.512 868.61 -1120.435
v 26.526 868.762 -1120.428
v 26.229 868.752 -1120.718
v 26.356 868.742 -1120.584
v 25.953 868.758 -1120.714
v 25.646 867.607 -1120.442
v 25.533 865.642 -1108.659
v 25.508 867.61 -1120.44
v 26.222 867.897 -1120.438
v 25.958 865.642 -1108.659
v 25.954 867.766 -1120.43
v 26.25 865.931 -1108.514
v 26.364 868.322 -1120.296
v 26.362 866.194 -1108.528
v 26.498 866.332 -1108.389
v 25.964 866.355 -1107.806
v 25.968 866.216 -1107.946
v 26.07 866.188 -1107.965
v 26.245 866.495 -1107.523
v 25.933 866.333 -1107.538
v 25.937 866.336 -1107.677
v 26.509 866.481 -1108.242
v 26.519 866.772 -1107.386
v 26.246 866.354 -1107.806
v 26.248 866.214 -1107.947
v 26.355 866.331 -1108.107
v 26.215 866.474 -1107.68
v 26.378 866.489 -1107.386
v 26.377 866.488 -1107.954
v 26.379 866.632 -1107.669
v 26.51 866.624 -1107.391
v 26.088 864.215 -1094.628
v 25.931 864.063 -1094.636
v 26.214 864.205 -1094.636
v 26.361 864.35 -1094.633
v 26.522 864.505 -1094.624
v 25.929 864.062 -1094.495
v 26.239 863.797 -1094.198
v 25.934 863.782 -1094.35
v 25.959 863.941 -1094.338
v 26.511 863.931 -1093.92
v 26.223 864.069 -1094.49
v 26.249 864.087 -1094.335
v 26.386 863.942 -1094.196
v 26.373 864.358 -1094.344
v 26.364 864.068 -1094.207
v 26.525 863.94 -1094.055
v 25.672 862.946 -1093.914
v 25.518 860.952 -1082.01
v 25.542 862.954 -1093.909
v 25.942 863.079 -1093.779
v 25.821 860.966 -1082
v 26.239 863.371 -1093.773
v 26.225 861.093 -1082.011
v 26.391 861.535 -1081.857
v 26.524 861.671 -1081.862
v 26.382 863.656 -1093.772
v -26.227 871.451 -1119.297
v -26.085 871.593 -1119.013
v -26.38 870.876 -1119.728
v -26.495 870.328 -1119.998
v -26.379 864.354 -1081.586
v -26.247 864.915 -1081.874
v -26.53 863.923 -1081.59
v -26.517 863.507 -1081.583
v -21.678 870.325 -1091.358
v -21.702 873.286 -1108.385
v -26.515 863.508 -1081.44
v -26.518 863.506 -1081.442
v -26.363 863.515 -1081.152
v -26.214 863.52 -1081.148
v -26.241 863.359 -1081.162
v -26.501 863.376 -1081.434
v -26.387 863.356 -1081.306
v -26.511 863.511 -1081.439
v -26.512 863.509 -1081.581
v -26.233 863.506 -1081.158
v -25.655 861.387 -1081.436
v -25.942 861.669 -1081.438
v -25.823 861.369 -1081.449
v -25.932 861.534 -1081.433
v -25.533 861.232 -1081.446
v -25.955 861.801 -1081.444
v -25.231 861.245 -1081.437
v -24.262 862.363 -1081.307
v -22.984 863.073 -1081.164
v -18.867 862.367 -1081.303
v -19.852 862.94 -1081.158
v -20.712 863.217 -1081.163
v -21.562 863.218 -1081.162
v -17.988 864.797 -1081.715
v -18.58 863.362 -1081.16
v -18.306 863.356 -1081.306
v -18.283 863.939 -1081.295
v -18.436 863.364 -1081.159
v -18.16 864.918 -1081.588
v -18.16 864.351 -1081.446
v -18.294 864.498 -1081.3
v -18.425 863.939 -1081.153
v -14.464 862.514 -1088.389
v -17.306 861.659 -1083.429
v -18.273 862.386 -1081.574
v -13.77 862.646 -1089.105
v -12.897 862.803 -1089.662
v -11.901 862.805 -1089.802
v 11.924 862.808 -1089.8
v 12.884 862.785 -1089.674
v 13.767 862.666 -1089.091
v 14.458 862.512 -1088.391
v 18.28 863.358 -1081.304
v 18.277 863.923 -1081.306
v 18.279 864.208 -1081.447
v 18.143 864.638 -1081.585
v 17.873 864.789 -1081.863
v 17.305 861.669 -1083.423
v 18.274 862.361 -1081.591
v 18.856 862.372 -1081.3
v 19.445 862.812 -1081.148
v 20.267 863.076 -1081.161
v 21.537 863.214 -1081.165
v 25.676 861.389 -1081.435
v 25.792 861.513 -1081.447
v 25.671 861.386 -1081.437
v 25.946 861.663 -1081.442
v 25.539 861.251 -1081.432
v 25.221 861.227 -1081.449
v 24.232 862.363 -1081.306
v 22.962 863.077 -1081.161
v 18.57 863.362 -1081.16
v 18.421 863.925 -1081.163
v 18.436 863.368 -1081.155
v 18.295 864.503 -1081.297
v 18.143 864.922 -1081.585
v 20.26 870.019 -1120.583
v 18.851 869.316 -1120.721
v 21.967 870.164 -1120.581
v 23.379 869.735 -1120.583
v 24.531 869.18 -1120.716
v 25.23 868.181 -1120.863
v 25.541 868.2 -1120.849
v 25.952 868.615 -1120.715
v 25.656 868.323 -1120.863
v 25.934 868.461 -1120.866
v 25.795 868.321 -1120.864
v 18 871.443 -1119.303
v 18.58 870.317 -1120.431
v 18.285 870.309 -1120.295
v 18.303 870.747 -1120.002
v 18.425 870.308 -1120.437
v 18.154 871.593 -1119.439
v 18.153 871.167 -1119.722
v 18.287 871.303 -1119.868
v 18.441 870.886 -1120.287
v 14.469 867.057 -1113.908
v 17.307 867.909 -1118.869
v 18.272 869.308 -1120.443
v 13.774 866.925 -1113.192
v 12.889 866.759 -1112.642
v 11.921 866.776 -1112.488
v -11.925 866.759 -1112.5
v -12.907 866.766 -1112.637
v -13.735 866.924 -1113.192
v -14.476 867.043 -1113.918
v -18.276 870.324 -1120.284
v -18.295 870.737 -1120.01
v -18.29 871.023 -1119.866
v -18.168 871.293 -1119.592
v -17.858 871.454 -1119.295
v -17.29 867.909 -1118.869
v -18.3 869.315 -1120.438
v -25.934 868.764 -1120.71
v -25.66 868.331 -1120.857
v -25.954 868.608 -1120.862
v -25.813 868.465 -1120.862
v -25.657 868.334 -1120.855
v -25.526 868.184 -1120.861
v -24.115 869.456 -1120.58
v -25.232 868.191 -1120.855
v -22.55 870.027 -1120.577
v -20.997 870.164 -1120.581
v -19.866 869.878 -1120.582
v -18.844 869.331 -1120.71
v -26.097 870.309 -1120.437
v -26.238 870.451 -1120.437
v -26.225 870.318 -1120.43
v -26.513 870.315 -1120.148
v -26.389 870.302 -1120.3
v -26.53 870.303 -1120.157
v -26.386 870.305 -1120.298
v -26.512 870.316 -1120.007
v -26.506 870.178 -1120.003
v -26.248 870.302 -1120.442
v -26.364 870.746 -1120.287
v -18.564 870.321 -1120.428
v -18.451 870.868 -1120.3
v -18.419 870.323 -1120.426
v -18.273 871.319 -1119.857
v -18.147 871.591 -1119.44
v 25.531 861.103 -1081.578
v 25.526 860.958 -1081.581
v 25.526 860.958 -1081.864
v 25.54 860.968 -1081.857
v 26.072 861.227 -1081.591
v 26.244 861.248 -1081.718
v 25.536 868.055 -1120.852
v 25.534 868.195 -1120.853
v 25.506 867.892 -1120.725
v 25.52 867.76 -1120.576
v 25.93 868.174 -1120.868
v 26.083 868.182 -1120.72
v 26.242 868.053 -1120.57
v 25.513 865.628 -1108.386
v 25.536 865.644 -1108.233
v 25.66 866.057 -1108.1
v 25.514 865.913 -1108.101
v 25.526 865.92 -1108.096
v 25.509 865.767 -1108.104
v 25.813 866.065 -1108.094
v 25.929 866.189 -1107.965
v 25.243 865.638 -1108.662
v 25.229 867.613 -1120.438
v 25.256 865.93 -1108.089
v 24.68 866.35 -1107.81
v 24.37 866.331 -1107.539
v 24.394 866.348 -1107.669
v 24.386 866.342 -1107.531
v 24.379 864.069 -1094.632
v 25.95 863.651 -1094.201
v 25.817 863.657 -1094.196
v 25.646 863.495 -1094.211
v 25.506 863.497 -1094.21
v 24.952 863.789 -1094.203
v 25.235 863.505 -1094.204
v 24.523 863.928 -1094.347
v 24.377 864.067 -1094.491
v 25.517 863.362 -1094.205
v 25.516 863.22 -1094.205
v 25.506 862.929 -1093.926
v 25.509 863.073 -1094.067
v 25.231 862.935 -1093.922
v 25.243 860.959 -1082.006
v -26.527 868.604 -1120.297
v -26.501 866.495 -1108.374
v -26.5 866.779 -1108.09
v -26.524 866.904 -1107.677
v -26.516 861.947 -1081.867
v -26.514 863.934 -1093.776
v -26.533 864.204 -1093.927
v -26.495 864.514 -1094.192
v -26.511 864.645 -1094.626
v -26.516 866.91 -1107.389
v -26.512 861.809 -1081.723
v -26.532 861.795 -1081.591
v -26.225 861.81 -1081.438
v -26.38 861.801 -1081.444
v -25.51 861.106 -1081.576
v -25.507 861.25 -1081.433
v -25.508 860.966 -1081.717
v -25.672 860.95 -1082.012
v -25.525 860.954 -1082.009
v -25.536 860.946 -1081.873
v -25.956 860.95 -1082.012
v -26.374 861.522 -1081.867
v -26.077 861.248 -1081.576
v -26.237 861.235 -1082.011
v -25.243 860.953 -1081.868
v -25.227 860.963 -1082.002
v -25.221 860.968 -1081.715
v -25.248 861.091 -1081.587
v -25.219 861.253 -1081.431
v -25.094 861.241 -1081.439
v -23.956 862.095 -1081.863
v -24.799 861.108 -1081.859
v -24.809 861.1 -1082.006
v -21.564 863.074 -1081.163
v -21.532 862.813 -1081.714
v -21.558 862.795 -1081.585
v -22.829 862.656 -1081.725
v -24.092 862.24 -1081.435
v -25.109 861.231 -1081.589
v -24.958 861.095 -1081.584
v -23.974 862.082 -1081.588
v -22.828 862.799 -1081.299
v -21.566 862.931 -1081.306
v -22.84 862.649 -1081.447
v -21.561 862.934 -1081.445
v -18.983 862.102 -1081.574
v -18.98 862.104 -1081.431
v -19.725 862.362 -1081.732
v -19.159 862.078 -1081.733
v -19.152 862.083 -1081.871
v -20.575 862.93 -1081.306
v -20.421 862.655 -1081.726
v -20.713 862.791 -1081.446
v -19.694 862.668 -1081.291
v -18.863 862.229 -1081.301
v -19.854 862.513 -1081.442
v -18.428 862.377 -1081.438
v -18.429 862.376 -1081.297
v -18.556 862.387 -1081.289
v -14.763 862.078 -1088.539
v -17.724 861.239 -1083.709
v -14.907 862.077 -1088.681
v -17.736 861.231 -1083.857
v -14.614 862.225 -1088.535
v -17.592 861.232 -1083.715
v -14.474 862.366 -1088.394
v -17.443 861.379 -1083.569
v -14.454 862.38 -1088.384
v -17.317 861.51 -1083.577
v -17.851 861.533 -1082.993
v -18.15 861.38 -1083.71
v -18.152 861.379 -1083.711
v -18.024 861.227 -1083.576
v -17.849 861.251 -1083.559
v -17.727 861.237 -1083.428
v -17.575 861.386 -1083.422
v -17.424 861.392 -1083.418
v -17.436 861.526 -1083.423
v -18.15 861.664 -1082.575
v -18.445 862.223 -1081.447
v -18.562 862.099 -1081.576
v -18.722 861.944 -1081.585
v -18.86 861.947 -1081.725
v -19.006 861.944 -1081.727
v -13.062 862.361 -1090.24
v -11.919 862.367 -1090.378
v -11.902 862.379 -1090.369
v -11.895 862.668 -1089.941
v -14.17 862.238 -1089.66
v -12.89 862.383 -1089.942
v -11.921 862.366 -1090.237
v -11.919 862.509 -1090.094
v -12.906 862.513 -1089.808
v -13.91 862.221 -1089.388
v -13.895 862.374 -1089.239
v 11.922 862.382 -1090.226
v 11.906 862.37 -1090.376
v 11.904 862.511 -1090.093
v 11.923 862.666 -1089.942
v 11.92 862.664 -1089.802
v 14.198 862.245 -1089.655
v 14.891 862.092 -1088.671
v 14.73 862.078 -1088.68
v 14.452 862.366 -1088.394
v 13.027 862.361 -1090.241
v 13.913 862.244 -1089.372
v 14.755 862.096 -1088.526
v 14.616 862.24 -1088.524
v 13.892 862.371 -1089.241
v 12.89 862.365 -1089.954
v 12.917 862.525 -1089.799
v 18.581 862.378 -1081.296
v 18.443 862.381 -1081.435
v 18.143 861.66 -1082.578
v 18.16 861.388 -1083.704
v 19.125 862.078 -1081.875
v 19.005 861.951 -1081.722
v 18.698 861.935 -1081.592
v 18.589 862.1 -1081.575
v 18.425 862.226 -1081.586
v 18.431 862.231 -1081.441
v 17.866 861.523 -1083
v 17.301 861.524 -1083.425
v 17.432 861.517 -1083.43
v 17.592 861.388 -1083.421
v 17.731 861.244 -1083.422
v 17.88 861.249 -1083.56
v 18.022 861.25 -1083.56
v 18.136 861.372 -1083.716
v 17.735 861.247 -1083.845
v 17.58 861.238 -1083.71
v 17.431 861.374 -1083.572
v 17.287 861.515 -1083.573
v 17.296 861.521 -1083.427
v 18.877 862.245 -1081.29
v 18.876 862.244 -1081.29
v 19.014 862.1 -1081.434
v 19.706 862.371 -1081.726
v 19.003 862.092 -1081.581
v 19.708 862.656 -1081.3
v 19.857 862.52 -1081.438
v 20.407 862.649 -1081.73
v 20.559 862.94 -1081.299
v 21.559 862.945 -1081.296
v 21.548 863.079 -1081.159
v 20.711 862.805 -1081.436
v 21.547 862.795 -1081.727
v 21.535 862.787 -1081.591
v 21.539 862.931 -1081.447
v 22.814 862.647 -1081.731
v 25.091 861.235 -1081.444
v 24.817 861.1 -1082.006
v 24.797 861.086 -1081.874
v 23.971 862.095 -1081.862
v 22.817 862.791 -1081.304
v 22.831 862.659 -1081.439
v 24.117 862.24 -1081.435
v 24.94 861.087 -1081.59
v 23.951 862.081 -1081.588
v 24.794 861.084 -1081.876
v 25.224 860.945 -1081.873
v 25.227 860.947 -1081.872
v 25.229 860.948 -1081.729
v 25.229 861.09 -1081.587
v 25.24 867.762 -1120.575
v 25.252 867.912 -1120.71
v 25.23 868.039 -1120.863
v 25.224 868.177 -1120.866
v 25.101 868.19 -1120.857
v 25.104 868.191 -1120.855
v 24.938 868.033 -1120.726
v 24.797 867.892 -1120.583
v 24.829 867.914 -1120.426
v 23.825 868.899 -1120.289
v 22.393 869.456 -1120.154
v 21.143 869.616 -1120.141
v 20.002 869.328 -1120.145
v 18.847 869.172 -1120.722
v 18.991 869.031 -1120.579
v 18.981 868.883 -1120.443
v 19.131 868.888 -1120.297
v 19.136 868.891 -1120.295
v 23.385 869.597 -1120.58
v 23.261 869.326 -1120.43
v 20.977 869.741 -1120.296
v 18.56 869.311 -1120.582
v 18.418 869.311 -1120.583
v 14.475 866.919 -1113.905
v 17.303 867.764 -1118.872
v 17.432 867.472 -1118.878
v 14.466 866.771 -1113.909
v 17.582 867.478 -1118.732
v 14.585 866.613 -1113.921
v 17.723 867.336 -1118.732
v 14.731 866.474 -1113.919
v 17.705 867.323 -1118.741
v 14.885 866.483 -1113.771
v 17.854 867.895 -1119.305
v 18.142 867.614 -1118.594
v 18.157 867.483 -1118.728
v 18.023 867.489 -1118.866
v 17.847 867.465 -1118.883
v 17.744 867.492 -1119.005
v 17.566 867.608 -1119.023
v 17.45 867.768 -1119.011
v 17.452 867.769 -1119.01
v 18.163 868.196 -1119.717
v 18.413 869.166 -1120.443
v 18.573 868.895 -1120.576
v 18.699 868.884 -1120.442
v 18.873 868.765 -1120.426
v 19.018 868.766 -1120.283
v 13.053 866.207 -1112.205
v 11.923 866.21 -1112.062
v 11.894 866.19 -1112.217
v 11.929 866.64 -1112.483
v 14.194 866.354 -1112.911
v 12.919 866.354 -1112.485
v 11.922 866.21 -1112.204
v 11.93 866.357 -1112.341
v 12.91 866.49 -1112.631
v 13.879 866.474 -1113.068
v 13.885 866.62 -1113.207
v -11.914 866.625 -1112.495
v -11.916 866.623 -1112.496
v -11.923 866.335 -1112.358
v -11.92 866.195 -1112.214
v -11.904 866.207 -1112.064
v -14.198 866.331 -1112.928
v -14.871 866.497 -1113.761
v -14.765 866.472 -1113.92
v -14.466 866.909 -1113.912
v -13.033 866.21 -1112.204
v -13.914 866.472 -1113.069
v -14.752 866.482 -1113.914
v -14.613 866.622 -1113.915
v -13.912 866.615 -1113.21
v -12.883 866.358 -1112.483
v -12.886 866.497 -1112.626
v -18.417 869.332 -1120.567
v -18.568 869.326 -1120.572
v -18.137 868.195 -1119.718
v -18.134 867.63 -1118.583
v -19.161 868.882 -1120.301
v -19.012 868.746 -1120.297
v -18.729 868.745 -1120.44
v -18.583 868.89 -1120.438
v -18.453 869.024 -1120.443
v -18.423 869.186 -1120.429
v -17.859 867.908 -1119.296
v -17.297 867.762 -1118.873
v -17.442 867.76 -1119.016
v -17.594 867.612 -1119.021
v -17.715 867.484 -1119.011
v -17.852 867.488 -1118.867
v -18.016 867.472 -1118.878
v -18.131 867.49 -1118.723
v -17.303 867.758 -1118.876
v -17.296 867.763 -1118.872
v -17.428 867.486 -1118.867
v -17.572 867.343 -1118.726
v -17.722 867.337 -1118.731
v -18.86 869.178 -1120.718
v -18.855 869.182 -1120.715
v -19.003 869.036 -1120.576
v -19.004 868.893 -1120.435
v -20.402 869.474 -1120.142
v -21.832 869.607 -1120.148
v -23.246 869.327 -1120.146
v -24.108 868.609 -1120.293
v -25.115 868.174 -1120.867
v -24.965 868.038 -1120.722
v -24.798 867.914 -1120.567
v -24.799 867.913 -1120.568
v -24.796 867.916 -1120.424
v -20.992 869.883 -1120.437
v -20.975 869.754 -1120.286
v -23.263 869.315 -1120.438
v -25.534 867.753 -1120.581
v -25.256 867.749 -1120.584
v -25.542 867.606 -1120.443
v -25.219 867.634 -1120.423
v -25.504 867.774 -1120.708
v -25.242 867.759 -1120.576
v -25.505 868.057 -1120.85
v -25.233 867.907 -1120.714
v -25.534 867.895 -1120.723
v -25.244 868.041 -1120.861
v -26.25 868.741 -1120.726
v -26.088 868.755 -1120.716
v -26.364 868.76 -1120.571
v -26.509 868.475 -1120.288
v -26.529 868.744 -1120.44
v -26.391 868.174 -1120.301
v -25.788 867.774 -1120.424
v -25.964 868.176 -1120.867
v -26.077 868.196 -1120.71
v -26.236 868.042 -1120.577
v -26.249 867.891 -1120.442
v 25.254 865.645 -1108.373
v 25.251 865.643 -1108.233
v 25.249 865.783 -1108.234
v 25.246 865.782 -1108.094
v 25.237 865.917 -1108.098
v 24.942 867.752 -1120.44
v 24.799 865.766 -1108.53
v 25.103 867.765 -1120.43
v 24.947 865.629 -1108.669
v 25.077 865.62 -1108.675
v 24.104 866.485 -1107.531
v 23.976 866.495 -1107.382
v 24.086 866.472 -1107.681
v 24.123 866.498 -1107.947
v 24.383 866.34 -1108.241
v 24.516 866.192 -1108.388
v 24.798 865.766 -1108.53
v 24.656 865.907 -1108.531
v 24.797 865.765 -1108.389
v 24.946 865.77 -1108.244
v 25.093 865.915 -1108.099
v 24.097 864.211 -1094.631
v 23.96 864.215 -1094.629
v 24.523 863.503 -1093.78
v 24.956 863.367 -1094.201
v 24.818 863.227 -1094.058
v 24.828 863.234 -1093.769
v 25.11 863.517 -1094.195
v 25.108 863.515 -1094.196
v 24.258 863.941 -1094.054
v 24.097 864.07 -1094.347
v 24.116 864.225 -1094.48
v 25.256 863.52 -1094.193
v 25.227 863.358 -1094.208
v 25.23 863.218 -1094.206
v 25.232 863.078 -1094.063
v 24.963 863.088 -1093.773
v 25.083 863.072 -1093.926
v 24.939 860.944 -1082.016
v 25.085 860.947 -1082.014
v -26.369 866.205 -1108.521
v -26.228 865.92 -1108.521
v -25.955 865.629 -1108.668
v -25.675 865.627 -1108.67
v -25.507 865.646 -1108.657
v -26.524 866.479 -1108.244
v -26.506 866.775 -1107.384
v -25.966 866.331 -1107.823
v -26.225 866.206 -1107.952
v -25.944 866.205 -1107.953
v -25.962 866.334 -1107.537
v -26.086 866.346 -1107.528
v -25.958 866.336 -1107.677
v -26.362 866.493 -1107.95
v -26.518 866.483 -1108.241
v -26.391 866.331 -1108.106
v -26.364 866.634 -1107.667
v -26.39 866.474 -1107.397
v -26.233 866.342 -1107.815
v -26.226 866.489 -1107.669
v -26.212 866.499 -1107.52
v -26.219 864.225 -1094.621
v -25.954 864.07 -1094.63
v -26.385 864.208 -1094.633
v -26.525 864.493 -1094.632
v -26.53 864.49 -1094.635
v -26.518 863.931 -1093.92
v -25.953 864.071 -1094.488
v -25.956 863.786 -1094.348
v -26.076 863.801 -1094.337
v -25.962 863.923 -1094.351
v -26.37 864.361 -1094.342
v -26.379 864.071 -1094.205
v -26.393 863.919 -1094.212
v -26.236 864.072 -1094.488
v -26.245 864.065 -1094.351
v -26.215 863.803 -1094.194
v -26.23 863.225 -1093.776
v -26.38 863.644 -1093.78
v -26.505 863.798 -1093.771
v -25.929 863.096 -1093.767
v -25.511 862.948 -1093.913
v -24.946 860.962 -1082.003
v -25.112 861.087 -1081.59
v -25.107 860.948 -1082.013
v -25.08 860.967 -1081.858
v -25.098 860.955 -1081.867
v -18.711 866.489 -1109.371
v -18.152 865.916 -1109.517
v -19.135 866.915 -1108.945
v -24.811 865.778 -1108.521
v -24.664 865.923 -1108.519
v -21.816 866.074 -1100.289
v -23.982 866.472 -1107.398
v -21.263 866.915 -1104.408
v -23.962 864.217 -1094.627
v -21.134 865.488 -1096.758
v -19.137 864.078 -1093.065
v -18.723 863.645 -1092.929
v -18.169 863.069 -1092.794
v -24.826 863.215 -1093.783
v -24.543 863.499 -1093.783
v -22.111 867.626 -1108.518
v -19.558 867.059 -1108.376
v -24.123 866.473 -1107.681
v -24.098 866.49 -1107.952
v -24.402 866.334 -1108.246
v -24.515 866.212 -1108.373
v -22.115 864.929 -1093.349
v -19.559 864.506 -1093.63
v -24.242 863.936 -1094.058
v -24.118 864.066 -1094.35
v -23.976 864.208 -1094.492
v -19.013 862.081 -1081.589
v -18.867 861.942 -1081.587
v -18.722 862.228 -1081.302
v -18.559 862.242 -1081.433
v -18.012 861.377 -1083.712
v -18.013 861.235 -1083.854
v -17.872 861.235 -1083.571
v -17.879 861.23 -1083.716
v -17.455 861.371 -1083.575
v 17.706 862.787 -1092.934
v 17.587 862.802 -1092.924
v -17.584 862.797 -1092.927
v -17.706 862.811 -1092.917
v 18.867 861.954 -1081.578
v 19.004 862.093 -1081.581
v 18.573 862.231 -1081.441
v 18.718 862.233 -1081.298
v 18.025 861.252 -1083.842
v 17.868 861.241 -1083.566
v 17.848 861.227 -1083.86
v 17.73 861.243 -1083.564
v 25.091 861.093 -1081.586
v 25.08 860.944 -1081.874
v 25.103 860.96 -1081.863
v 18.715 866.484 -1109.374
v 19.143 866.912 -1108.947
v 18.13 865.905 -1109.525
v 21.83 866.339 -1101.578
v 21.13 866.913 -1105.118
v 21.284 865.645 -1097.314
v 18.145 863.079 -1092.786
v 18.709 863.644 -1092.93
v 19.144 864.077 -1093.066
v 22.113 867.615 -1108.526
v 19.558 867.046 -1108.386
v 22.129 864.932 -1093.346
v 19.577 864.507 -1093.63
v 25.106 868.051 -1120.712
v 25.112 867.772 -1120.567
v 25.086 867.754 -1120.581
v 18.73 869.189 -1120.568
v 18.707 868.889 -1120.58
v 18.024 867.49 -1118.723
v 18.001 867.332 -1118.735
v 17.734 867.485 -1118.868
v 17.878 867.486 -1118.868
v 17.73 865.781 -1109.654
v 17.563 865.763 -1109.666
v -17.59 865.771 -1109.661
v -17.732 865.771 -1109.661
v -18.988 868.904 -1120.427
v -18.736 869.166 -1120.585
v -18.722 868.892 -1120.578
v -18.008 867.478 -1118.732
v -17.852 867.487 -1118.867
v -17.873 867.331 -1118.735
v -17.718 867.482 -1118.87
v -24.971 867.751 -1120.441
v -25.078 868.058 -1120.707
v -25.09 867.767 -1120.571
v -25.089 867.767 -1120.571
v -25.085 867.77 -1120.427
v 24.963 865.64 -1108.377
v 24.94 865.624 -1108.53
v 25.107 865.642 -1108.234
v 24.946 863.076 -1093.923
v 24.969 863.234 -1094.053
v 25.081 863.213 -1094.21
v -25.237 865.636 -1108.664
v -25.67 866.056 -1108.1
v -25.541 865.763 -1108.107
v -25.511 865.926 -1108.092
v -25.515 865.64 -1108.236
v -25.541 865.622 -1108.532
v -25.525 865.633 -1108.382
v -25.817 866.053 -1108.103
v -25.968 866.188 -1107.965
v -24.526 866.346 -1107.812
v -24.39 866.342 -1107.673
v -24.395 866.339 -1107.534
v -24.936 866.215 -1107.946
v -25.247 865.913 -1108.101
v -24.403 864.064 -1094.635
v -24.407 864.062 -1094.636
v -24.403 864.065 -1094.493
v -24.689 863.921 -1094.353
v -25.507 863.519 -1094.194
v -25.665 863.649 -1094.202
v -25.943 863.653 -1094.2
v -25.237 863.509 -1094.201
v -25.519 863.085 -1094.058
v -25.503 863.238 -1094.192
v -25.529 863.503 -1094.205
v -25.534 863.358 -1094.208
v -25.239 862.94 -1093.918
v -25.113 865.624 -1108.672
v -24.948 865.639 -1108.661
v -24.812 865.777 -1108.38
v -24.948 865.782 -1108.235
v -25.098 865.918 -1108.098
v -25.088 865.924 -1108.093
v -24.104 866.486 -1107.53
v -24.086 864.23 -1094.618
v -24.834 863.21 -1093.928
v -24.794 863.238 -1094.051
v -24.972 863.354 -1094.21
v -25.106 863.502 -1094.206
v -25.116 862.928 -1093.928
v -24.94 863.093 -1093.769
v -18.024 862.929 -1092.934
v -18.002 862.803 -1092.923
v -18.577 864.499 -1093.494
v -19.002 864.782 -1093.919
v -19.01 864.919 -1093.781
v -19.444 864.488 -1093.786
v -17.873 863.219 -1093.355
v -18.154 863.93 -1093.211
v -17.72 863.369 -1093.349
v -18.131 863.096 -1092.916
v -18.853 864.22 -1093.49
v -19.28 864.503 -1093.775
v -19.145 864.64 -1093.92
v -18.716 863.934 -1093.351
v -18.426 863.796 -1093.206
v -18.018 863.217 -1093.214
v -18.152 863.081 -1093.069
v -20.557 867.196 -1105.544
v -19.408 867.065 -1108.231
v -19.279 867.055 -1108.095
v -19.132 867.201 -1108.093
v -19.005 867.332 -1107.958
v -19.014 867.468 -1107.963
v -20.687 867.346 -1104.687
v -21.408 866.771 -1102.85
v -21.401 866.775 -1101.003
v -21.424 866.192 -1099.881
v -20.845 866.059 -1097.322
v -20.831 865.644 -1097.031
v -20.007 865.625 -1095.485
v -19.716 864.921 -1094.631
v -18.581 867.19 -1108.526
v -18.142 865.923 -1109.37
v -17.848 866.072 -1109.081
v -18.139 866.776 -1108.801
v -17.87 866.057 -1109.092
v -17.706 866.214 -1109.081
v -18.859 866.91 -1108.665
v -18.731 866.759 -1108.813
v -18.419 866.495 -1108.941
v -18.017 865.911 -1109.237
v -18.024 865.765 -1109.665
v -17.846 865.79 -1109.647
v -17.565 863.236 -1093.343
v -17.597 863.355 -1093.217
v -17.742 863.211 -1093.36
v -17.593 863.216 -1093.215
v -17.59 862.793 -1093.072
v -17.728 862.796 -1092.928
v -17.729 862.937 -1093.07
v -17.719 862.944 -1093.207
v -17.563 862.954 -1093.2
v -17.743 863.069 -1093.219
v 17.578 863.221 -1093.211
v 17.589 863.371 -1093.206
v 17.592 863.09 -1093.204
v 17.573 862.934 -1093.072
v 17.602 862.813 -1092.916
v 17.726 863.226 -1093.35
v 17.743 863.379 -1093.342
v 17.728 863.227 -1093.207
v 17.738 862.808 -1093.061
v 17.571 862.933 -1093.215
v 17.712 862.932 -1093.215
v 17.846 862.785 -1092.935
v 18.018 862.948 -1092.92
v 18.023 865.787 -1109.649
v 18.002 865.914 -1109.518
v 18.57 867.191 -1108.525
v 18.992 867.33 -1107.96
v 18.995 867.475 -1107.958
v 19.409 867.041 -1108.247
v 17.864 866.059 -1109.091
v 18.143 866.765 -1108.809
v 17.721 866.199 -1109.092
v 18.16 865.925 -1109.51
v 18.878 866.925 -1108.655
v 19.28 867.05 -1108.099
v 19.123 867.181 -1108.107
v 18.707 866.762 -1108.811
v 18.443 866.492 -1108.943
v 17.988 865.905 -1109.241
v 18.138 865.91 -1109.379
v 20.569 865.499 -1096.182
v 19.423 864.498 -1093.778
v 19.293 864.507 -1093.772
v 19.136 864.638 -1093.921
v 19.014 864.793 -1093.911
v 19.011 864.934 -1093.771
v 20.71 866.066 -1097.033
v 21.39 866.046 -1098.891
v 21.428 866.639 -1100.574
v 21.395 866.475 -1101.866
v 20.86 867.348 -1104.261
v 20.851 867.058 -1104.691
v 20.002 867.485 -1106.107
v 19.722 867.204 -1107.24
v 18.583 864.506 -1093.489
v 18.149 863.082 -1093.068
v 17.849 863.355 -1093.359
v 18.148 863.932 -1093.21
v 17.851 863.214 -1093.217
v 18.84 864.204 -1093.502
v 18.727 863.94 -1093.346
v 18.418 863.781 -1093.217
v 18.002 863.078 -1093.212
v 17.593 866.068 -1109.085
v 17.597 866.212 -1109.082
v 17.724 865.919 -1109.09
v 17.597 865.928 -1109.083
v 17.591 865.783 -1109.369
v 17.742 865.789 -1109.506
v 17.726 865.778 -1109.372
v 17.715 865.77 -1109.236
v 17.571 865.769 -1109.237
v 17.712 865.768 -1109.238
v -17.581 866.061 -1109.089
v -17.566 866.213 -1109.082
v -17.59 865.771 -1109.235
v -17.574 865.782 -1109.369
v -17.598 865.765 -1109.523
v -17.731 866.055 -1109.094
v -17.706 865.931 -1109.081
v -17.724 865.776 -1109.374
v -17.581 865.777 -1109.231
v -17.711 865.785 -1109.225
v -25.227 865.643 -1108.375
v -25.222 865.646 -1108.231
v -25.222 865.788 -1108.089
v -25.233 865.923 -1108.094
v -25.246 863.503 -1094.205
v -25.226 863.233 -1094.196
v -25.242 863.364 -1094.203
v -25.253 863.214 -1094.209
v -25.252 863.073 -1094.067
v -24.965 865.628 -1108.528
v -24.97 865.624 -1108.389
v -25.114 865.623 -1108.248
v -24.965 863.217 -1094.065
v -24.953 863.084 -1093.917
v -25.089 863.23 -1094.198
v -18.022 863.072 -1093.217
v -18 862.946 -1092.922
v -17.855 862.948 -1093.062
v -18.848 866.493 -1093.488
v -18.997 867.338 -1093.775
v -18.865 867.047 -1093.638
v -18.866 866.764 -1093.497
v -18.852 866.631 -1093.49
v -19.974 869.051 -1095.469
v -20.716 870.162 -1097.754
v -20.283 870.876 -1103.989
v -20.862 871.009 -1100.592
v -19.015 869.736 -1107.254
v -18.87 869.03 -1107.678
v -18.869 869.314 -1107.677
v -18.855 869.465 -1107.529
v -19.002 869.603 -1107.39
v -17.999 865.924 -1109.227
v -17.861 865.78 -1109.371
v -17.998 865.783 -1109.51
v 17.286 866.193 -1092.79
v -17.279 866.215 -1092.774
v 17.991 863.071 -1093.217
v 17.853 862.931 -1093.074
v 17.994 862.931 -1092.932
v 18.015 865.923 -1109.228
v 18.024 865.788 -1109.507
v 17.882 865.788 -1109.365
v 18.848 869.03 -1107.677
v 19.015 869.757 -1107.239
v 18.867 869.469 -1107.384
v 18.857 869.321 -1107.672
v 18.847 869.172 -1107.677
v 19.994 870.599 -1104.977
v 20.694 871.018 -1102.429
v 20.294 869.617 -1096.462
v 20.85 870.744 -1099.445
v 18.99 867.329 -1093.782
v 18.847 866.478 -1093.498
v 18.876 866.781 -1093.484
v 18.855 867.05 -1093.636
v 18.998 867.193 -1093.636
v 17.292 869.033 -1108.526
v -17.302 869.035 -1108.524
v -18.594 867.748 -1093.361
v -18.133 870.467 -1095.045
v -17.997 868.194 -1093.204
v -17.306 868.465 -1093.213
v -18.702 871.884 -1097.172
v -18.718 872.723 -1102.427
v -18.162 872.148 -1104.984
v -20.264 872.165 -1099.868
v -18.842 872.594 -1099.723
v -17.296 870.882 -1107.387
v -18.58 870.736 -1107.107
v -17.991 870.751 -1107.522
v -18.567 870.177 -1107.385
v 18.442 866.492 -1093.063
v 17.881 866.354 -1092.776
v -18.419 866.495 -1093.06
v -17.87 866.34 -1092.786
v 17.283 868.459 -1093.217
v -17.283 867.772 -1092.918
v 17.28 867.749 -1092.935
v 17.317 867.065 -1092.775
v -17.292 867.057 -1092.78
v 18.575 867.762 -1093.351
v 18.161 870.464 -1095.047
v 18.026 868.2 -1093.2
v 18.725 871.88 -1097.175
v 18.724 872.73 -1102.422
v 18.165 872.168 -1104.97
v 20.26 872.145 -1099.882
v 18.877 872.596 -1099.722
v 18.556 870.726 -1107.114
v 18.588 870.182 -1107.382
v 18.013 870.743 -1107.527
v 17.295 870.878 -1107.39
v -18.432 869.038 -1108.097
v -17.869 869.035 -1108.383
v 18.439 869.042 -1108.094
v 17.862 869.035 -1108.383
v 17.29 869.74 -1108.244
v -17.301 869.745 -1108.24
v 17.288 870.448 -1107.961
v -17.28 870.468 -1107.946
v -27.367 855.567 -1096.188
v -27.507 855.71 -1096.045
v -27.218 855.713 -1096.184
v -27.941 855.42 -1095.482
v -27.936 855.565 -1095.196
v -27.922 855.575 -1095.614
v -27.525 855.13 -1095.912
v -27.669 855.412 -1096.055
v -27.514 855.279 -1096.048
v -27.776 855.72 -1095.896
v -27.811 855.412 -1095.913
v -27.808 855.272 -1095.77
v -27.219 855.429 -1096.184
v -27.084 855.708 -1096.188
v -27.507 855.001 -1095.903
v -27.379 855.274 -1096.052
v -27.372 855.421 -1096.19
v -27.223 858.262 -1095.761
v -27.513 858.258 -1095.622
v -27.779 858.128 -1095.33
v -27.916 858.132 -1095.044
v -27.921 858.128 -1094.763
v -27.951 858.391 -1094.778
v -27.212 858.979 -1094.621
v -27.098 859.101 -1094.777
v -27.361 858.974 -1094.625
v -26.954 859.102 -1094.634
v -27.79 858.688 -1094.626
v -27.784 858.55 -1095.049
v -27.498 858.835 -1095.048
v -27.079 858.831 -1095.335
v -27.08 858.972 -1095.052
v -27.499 858.409 -1095.474
v -27.361 858.69 -1095.476
v -27.213 858.553 -1095.614
v -27.934 855.283 -1095.479
v -27.942 855.419 -1095.199
v -27.504 855.003 -1095.902
v -27.798 855.137 -1095.765
v -27.943 855.276 -1095.625
v -27.221 855.286 -1096.186
v -25.221 854.304 -1097.312
v -25.387 854.003 -1097.324
v -25.374 853.587 -1097.034
v -25.238 853.441 -1096.754
v -25.674 857.971 -1096.476
v -25.36 857.567 -1096.744
v -25.961 858.252 -1096.194
v -24.796 857.139 -1097.313
v -25.104 854.286 -1097.467
v -24.809 853.869 -1097.886
v -27.922 856.993 -1088.809
v -27.947 857.259 -1088.254
v -27.786 857.556 -1087.819
v -26.959 857.681 -1086.98
v -27.381 857.683 -1087.404
v -25.932 858.556 -1096.179
v -25.928 858.701 -1096.035
v -25.804 858.972 -1095.761
v -25.668 859.109 -1095.48
v -25.517 859.116 -1095.191
v -27.787 855.145 -1095.759
v -27.502 855.004 -1095.901
v -27.949 855.414 -1095.203
v -27.935 855.283 -1095.479
v -27.921 855.434 -1095.189
v -27.942 855.136 -1095.624
v -27.921 855.717 -1091.36
v -27.94 855.562 -1091.512
v -27.923 855.433 -1091.645
v -27.915 855.864 -1090.932
v -27.943 855.844 -1090.804
v -27.924 855.858 -1090.511
v -27.922 854.866 -1091.786
v -27.923 855.574 -1089.092
v -27.777 854.727 -1091.359
v -27.914 855.155 -1091.357
v -27.932 854.859 -1091.507
v -27.945 854.85 -1091.655
v -27.932 855.426 -1091.508
v -27.953 855.554 -1090.667
v -27.923 855.716 -1090.652
v -27.922 855.575 -1090.935
v -27.944 855.559 -1091.23
v -27.649 855.284 -1090.515
v -27.662 855.133 -1090.805
v -27.634 855.011 -1091.075
v -27.781 855.433 -1091.078
v -27.916 855.579 -1091.216
v -27.376 854.993 -1090.379
v -27.078 854.578 -1090.513
v -27.062 854.589 -1090.363
v -27.075 854.58 -1090.795
v -27.237 854.566 -1091.089
v -27.633 854.586 -1091.358
v -27.508 854.291 -1091.366
v -27.666 854.847 -1095.77
v -27.643 854.721 -1095.475
v -27.776 855.011 -1095.612
v -27.649 854.717 -1095.336
v -27.781 854.865 -1095.473
v -27.804 854.849 -1095.343
v -27.931 855.143 -1095.335
v -27.924 855.29 -1095.19
v -27.95 855.13 -1095.345
v -27.924 855.148 -1095.332
v -25.245 853.294 -1096.615
v -25.399 853.144 -1096.196
v -25.382 853.156 -1096.329
v -27.926 854.58 -1091.788
v -27.801 854.284 -1091.938
v -27.629 854.163 -1091.64
v -27.635 854.16 -1091.926
v -27.502 854.154 -1091.505
v -27.379 854.282 -1091.373
v -25.222 853.594 -1097.029
v -25.103 853.295 -1096.757
v -25.255 853.855 -1097.329
v -25.24 853.724 -1097.18
v -24.821 853.577 -1097.75
v -24.817 853.297 -1097.465
v -24.659 853.024 -1097.315
v -25.086 853.59 -1097.316
v -24.652 853.313 -1097.878
v -24.233 852.883 -1098.307
v -24.091 852.741 -1098.024
v -24.375 853.166 -1098.449
v -24.264 853.57 -1098.464
v -24.11 856.981 -1098.175
v -23.674 856.989 -1099.304
v -23.689 853.292 -1099.737
v -23.528 857.133 -1100.436
v -23.53 853.304 -1101.004
v -23.693 853.714 -1102.433
v -23.681 857.409 -1101.576
v -23.962 854.008 -1102.993
v -24.252 854.429 -1103.563
v -24.124 857.681 -1102.719
v -24.81 855.002 -1103.984
v -24.808 858.265 -1103.416
v -25.671 859.249 -1103.989
v -27.232 859.815 -1104.557
v -27.216 857.275 -1104.974
v -25.371 858.835 -1103.839
v -27.092 857.262 -1104.983
v -25.967 859.666 -1104.137
v -25.249 855.56 -1104.416
v -25.087 855.432 -1104.264
v -27.522 860.379 -1105.41
v -25.528 860.809 -1104.556
v -25.531 860.808 -1104.84
v -27.073 860.678 -1104.832
v -25.808 860.387 -1104.27
v -25.653 860.68 -1104.405
v -27.082 860.389 -1104.552
v -25.959 860.097 -1104.133
v -27.222 860.106 -1104.551
v -27.491 856.855 -1105.253
v -27.5 856.849 -1105.4
v -27.503 856.705 -1105.401
v -27.36 856.848 -1105.259
v -27.371 857.124 -1104.981
v -27.213 856.993 -1104.973
v -27.381 856.975 -1105.127
v -27.918 857.421 -1105.538
v -27.946 857.401 -1105.977
v -27.944 857.119 -1105.693
v -27.505 857.27 -1105.119
v -27.783 856.991 -1105.4
v -27.791 856.986 -1105.545
v -27.783 857.416 -1105.258
v -27.642 856.99 -1105.258
v -27.799 857.405 -1105.407
v -26.949 862.225 -1112.923
v -25.538 862.363 -1113.777
v -26.085 862.376 -1113.625
v -26.513 862.375 -1113.343
v -25.811 859.818 -1103.988
v -25.52 860.106 -1103.984
v -25.222 860.258 -1104.119
v -24.678 860.384 -1104.839
v -24.941 860.682 -1104.829
v -24.803 860.396 -1104.547
v -24.947 860.394 -1104.265
v -25.382 860.671 -1104.27
v -25.113 860.661 -1104.561
v -25.242 860.811 -1104.838
v -26.09 857.552 -1086.262
v -26.517 857.693 -1086.546
v -25.528 857.549 -1086.122
v -24.794 858.842 -1095.468
v -24.948 858.975 -1095.191
v -24.672 858.686 -1095.195
v -25.808 858.543 -1096.188
v -25.51 858.696 -1096.181
v -25.236 858.83 -1096.044
v -25.233 859.116 -1095.191
v -25.081 859.123 -1095.47
v -24.969 858.819 -1095.768
v -25.386 859.109 -1095.622
v -27.937 855.422 -1089.1
v -27.94 855.279 -1089.101
v -27.207 854.303 -1091.216
v -27.222 854.435 -1091.081
v -26.928 854.441 -1090.793
v -26.943 854.431 -1090.375
v -27.089 854.57 -1090.944
v -18.992 847.633 -1091.504
v -23.387 850.752 -1091.929
v -18.987 847.636 -1091.785
v -19.019 847.755 -1091.234
v -19 847.769 -1090.941
v -27.793 854.999 -1088.389
v -27.495 854.726 -1087.815
v -27.097 854.139 -1087.403
v -27.641 854.722 -1095.332
v -25.524 852.873 -1095.762
v -25.652 852.74 -1095.472
v -25.512 853.023 -1096.04
v -23.524 850.472 -1092.494
v -21.266 848.905 -1092.074
v -18.981 847.499 -1092.207
v -19.012 847.477 -1091.939
v -19.012 847.477 -1091.797
v -24.833 852.86 -1096.48
v -24.12 852.012 -1096.337
v -23.828 852.16 -1096.616
v -23.838 852.294 -1096.904
v -23.945 852.177 -1096.461
v -14.613 845.21 -1090.662
v -14.622 845.062 -1090.808
v -14.756 845.21 -1090.378
v -10.497 843.512 -1089.95
v -27.221 856.845 -1105.118
v -25.232 854.863 -1105.258
v -25.399 854.987 -1104.846
v -25.394 855.275 -1104.559
v -27.518 856.694 -1105.409
v -27.915 859.834 -1105.111
v -27.64 859.827 -1104.69
v -27.508 859.821 -1104.553
v -27.931 860.957 -1111.5
v -27.913 861.536 -1111.916
v -27.51 861.946 -1112.494
v -27.372 862.227 -1112.638
v -27.787 856.847 -1105.543
v -27.95 857.399 -1105.979
v -27.918 857.137 -1105.821
v -27.922 856.993 -1105.681
v -24.828 854.564 -1104.56
v -25.257 854.987 -1104.845
v -25.107 854.852 -1105.266
v -24.686 854.423 -1104.844
v -25.243 855.139 -1104.555
v -24.831 854.704 -1104.278
v -25.105 854.853 -1104.557
v -24.658 854.443 -1104.262
v -24.378 854.156 -1103.697
v -24.238 853.872 -1103.981
v -24.092 853.733 -1104.263
v -23.24 852.316 -1099.725
v -22.976 852.444 -1101.436
v -23.248 852.877 -1102.848
v -23.68 853.298 -1103.561
v -23.944 852.887 -1099.013
v -15.863 848.348 -1096.037
v -19.988 850.041 -1096.893
v -15.875 848.481 -1096.326
v -15.724 848.63 -1096.605
v -15.87 848.06 -1095.898
v -20.279 849.61 -1096.189
v -13.061 848.041 -1095.911
v -12.889 848.346 -1096.038
v -13.028 847.78 -1095.612
v -13.029 847.496 -1095.612
v -12.487 847.904 -1095.624
v -11.631 847.199 -1095.338
v -11.481 847.914 -1095.618
v -11.325 848.207 -1095.894
v -11.469 847.639 -1095.328
v -25.536 862.364 -1113.918
v -26.241 862.083 -1114.057
v -25.513 862.238 -1114.19
v -25.52 862.091 -1114.193
v -27.102 862.218 -1113.07
v -27.35 861.959 -1113.194
v -27.233 862.084 -1113.206
v -26.803 861.945 -1113.771
v -26.102 862.365 -1113.775
v -25.54 862.361 -1114.061
v -26.238 862.227 -1113.914
v -26.642 862.384 -1113.478
v -27.222 862.233 -1113.201
v -26.788 862.239 -1113.622
v -25.225 862.383 -1113.762
v -25.398 862.077 -1114.345
v -24.679 862.084 -1114.056
v -24.962 862.227 -1113.914
v -24.663 862.096 -1113.907
v -24.815 862.089 -1114.195
v -24.944 861.956 -1114.331
v -25.226 862.099 -1114.33
v -24.959 861.946 -1114.338
v -25.393 862.365 -1114.201
v -27.666 861.653 -1112.643
v -27.944 861.373 -1112.073
v -24.683 862.082 -1113.916
v -24.661 862.097 -1114.047
v -24.801 861.957 -1114.188
v -24.803 861.955 -1114.331
v -24.965 861.8 -1114.341
v -23.803 859.55 -1104.26
v -23.823 859.252 -1103.845
v -23.523 859.264 -1103.978
v -23.981 859.241 -1103.569
v -24.24 859.825 -1104.55
v -24.669 858.547 -1103.417
v -24.547 859.242 -1103.71
v -24.247 859.111 -1103.419
v -24.511 858.842 -1103.267
v -22.679 858.551 -1102.564
v -24.668 857.413 -1097.32
v -23.523 857.988 -1096.463
v -22.82 857.842 -1097.601
v -23.687 857.973 -1096.616
v -23.123 857.97 -1100.588
v -22.418 857.826 -1099.03
v -22.258 858.264 -1100.864
v -23.973 857.829 -1097.326
v -23.974 857.97 -1096.902
v -24.238 857.984 -1097.034
v -24.51 857.708 -1097.169
v -23.544 858.399 -1102.429
v -23.4 858.258 -1101.861
v -23.236 857.706 -1099.156
v -23.408 857.685 -1098.604
v -23.677 857.696 -1098.029
v -24.122 858.107 -1095.77
v -24.371 858.415 -1095.469
v -24.949 857.415 -1086.117
v -24.671 857.128 -1086.119
v -25.22 857.566 -1086.11
v -27.082 857.694 -1086.971
v -27.225 857.552 -1086.829
v -27.241 857.399 -1086.837
v -27.657 857.264 -1087.4
v -27.361 857.272 -1086.826
v -27.92 857.278 -1087.815
v -26.814 857.116 -1086.411
v -25.502 857.567 -1085.968
v -25.516 857.131 -1085.833
v -25.527 857.266 -1085.839
v -26.241 857.12 -1085.983
v -26.659 857.551 -1086.405
v -26.814 857.4 -1086.411
v -26.095 857.549 -1086.122
v -25.516 857.416 -1085.833
v -26.247 857.258 -1085.986
v -25.391 857.12 -1085.842
v -24.965 856.979 -1085.841
v -25.251 856.977 -1085.842
v -24.94 856.854 -1085.828
v -24.833 856.971 -1085.846
v -24.682 857.12 -1085.983
v -25.368 857.419 -1085.83
v -27.515 854.57 -1087.541
v -27.069 854.159 -1087.247
v -27.089 854.145 -1087.257
v -27.084 854.29 -1087.113
v -27.069 854.301 -1087.106
v -27.512 854.855 -1087.682
v -27.789 855.001 -1088.104
v -27.922 855.292 -1088.241
v -27.936 855.281 -1088.532
v -25.804 852.733 -1086.97
v -25.244 852.161 -1086.973
v -25.231 852.17 -1086.825
v -25.239 852.165 -1086.687
v -25.107 852.299 -1086.692
v -24.945 852.313 -1086.54
v -25.95 853.155 -1086.546
v -26.385 853.149 -1087.118
v -26.514 853.725 -1086.828
v -12.609 843.806 -1088.383
v -13.471 844.224 -1088.389
v -19.724 847.758 -1087.829
v -24.963 856.838 -1085.84
v -24.971 856.832 -1085.844
v -24.814 856.985 -1085.837
v -24.681 857.12 -1085.983
v -24.684 857.119 -1086.126
v -10.22 847.619 -1095.2
v -9.798 847.05 -1094.918
v -9.65 847.337 -1095.057
v -9.644 847.768 -1095.195
v -9.481 847.924 -1095.468
v -8.932 847.486 -1094.911
v -7.782 846.788 -1094.477
v -7.654 847.487 -1094.768
v -7.532 847.757 -1095.061
v -7.651 847.206 -1094.625
v -7.392 847.047 -1094.495
v -7.372 846.777 -1094.485
v -7.219 847.494 -1094.621
v -7.091 847.626 -1094.911
v 7.505 847.762 -1095.058
v 7.089 847.627 -1094.911
v 0.004 847.205 -1094.058
v 7.662 847.489 -1094.766
v 7.645 847.194 -1094.633
v 7.235 847.488 -1094.626
v 7.353 847.046 -1094.495
v 7.801 846.778 -1094.484
v 7.386 846.785 -1094.479
v 9.772 847.052 -1094.917
v 8.948 847.496 -1094.903
v 9.64 847.342 -1095.053
v 9.635 847.764 -1095.198
v 9.514 847.92 -1095.471
v 11.611 847.191 -1095.344
v 10.216 847.632 -1095.191
v 11.494 847.634 -1095.332
v 11.498 847.92 -1095.613
v 11.342 848.193 -1095.904
v 13.047 848.054 -1095.902
v 12.464 847.901 -1095.627
v 12.883 848.322 -1096.055
v 13.04 847.765 -1095.622
v 13.053 847.491 -1095.616
v 15.901 848.067 -1095.893
v 15.884 848.338 -1096.043
v 15.886 848.482 -1096.326
v 15.755 848.631 -1096.604
v 20.292 849.623 -1096.179
v 20.002 850.044 -1096.891
v 23.952 852.157 -1096.476
v 24.113 852.029 -1096.324
v 23.826 852.168 -1096.61
v 23.819 852.305 -1096.897
v 25.223 853.43 -1096.762
v 25.219 853.285 -1096.622
v 25.096 853.298 -1096.754
v 25.374 853.152 -1096.332
v 24.805 852.867 -1096.475
v 25.377 853.155 -1096.189
v 27.489 854.988 -1095.912
v 27.501 854.996 -1095.906
v 27.507 855 -1095.904
v 27.513 855.146 -1095.9
v 27.775 855.131 -1095.769
v 27.774 855.272 -1095.77
v 27.93 855.424 -1095.196
v 27.923 855.277 -1095.483
v 27.933 855.426 -1095.478
v 27.92 855.559 -1095.201
v 27.938 855.288 -1095.617
v 27.945 855.576 -1095.613
v 27.35 855.556 -1096.195
v 27.214 855.702 -1096.192
v 27.527 855.723 -1096.035
v 27.788 855.423 -1095.905
v 27.774 855.698 -1095.912
v 27.645 855.423 -1096.047
v 27.514 855.289 -1096.042
v 27.785 855.705 -1095.764
v 27.953 855.44 -1095.184
v 27.926 855.421 -1095.198
v 27.94 855.289 -1095.474
v 27.81 855.156 -1095.752
v 27.948 855.153 -1095.612
v 27.653 854.861 -1095.76
v 27.668 854.73 -1095.469
v 27.777 854.849 -1095.485
v 27.668 854.73 -1095.327
v 27.773 854.846 -1095.345
v 27.919 854.991 -1095.343
v 27.811 855.014 -1095.61
v 27.946 855.152 -1095.329
v 27.913 855.128 -1095.346
v 27.936 855.853 -1090.514
v 27.934 856.986 -1088.813
v 27.917 855.557 -1089.105
v 27.942 855.858 -1090.936
v 27.943 858.127 -1094.764
v 27.942 855.716 -1091.361
v 27.92 855.559 -1091.514
v 27.951 855.438 -1091.641
v 27.93 854.856 -1091.793
v 27.931 855.283 -1091.509
v 27.941 854.864 -1091.504
v 27.922 854.709 -1091.513
v 27.79 854.716 -1091.367
v 27.944 855.433 -1091.502
v 27.947 855.578 -1090.933
v 27.945 855.718 -1090.651
v 27.936 855.57 -1090.655
v 27.941 855.573 -1091.362
v 27.644 854.571 -1091.369
v 27.933 854.575 -1091.792
v 27.496 854.141 -1091.514
v 27.487 854.277 -1091.376
v 27.383 854.304 -1091.357
v 27.775 854.28 -1091.941
v 27.635 854.14 -1091.657
v 27.647 854.148 -1091.934
v 27.63 854.987 -1091.092
v 27.35 854.422 -1091.232
v 27.654 855.146 -1090.796
v 27.219 854.571 -1091.085
v 27.096 854.584 -1090.65
v 27.634 855.273 -1090.523
v 27.35 854.989 -1090.381
v 27.098 854.586 -1090.366
v 27.795 855.429 -1091.08
v 27.935 858.121 -1095.193
v 27.797 858.124 -1095.475
v 27.498 858.255 -1095.624
v 27.204 858.247 -1095.772
v 27.348 858.958 -1094.636
v 27.065 859.1 -1095.061
v 26.956 859.123 -1094.619
v 27.925 858.256 -1094.773
v 27.497 858.821 -1095.058
v 27.088 858.975 -1095.333
v 27.653 858.831 -1094.626
v 27.804 858.696 -1094.762
v 27.772 858.532 -1095.062
v 27.942 858.41 -1094.764
v 27.349 858.675 -1095.486
v 27.207 858.675 -1095.628
v 27.211 858.394 -1095.768
v 27.499 858.397 -1095.482
v 27.362 855.281 -1096.047
v 27.215 855.419 -1096.192
v 27.097 855.72 -1096.18
v 27.357 855.42 -1096.191
v 27.224 855.284 -1096.187
v 25.362 853.995 -1097.33
v 25.227 854.283 -1097.327
v 25.369 853.574 -1097.043
v 25.244 853.869 -1097.319
v 25.11 854.3 -1097.457
v 25.245 853.587 -1097.035
v 25.239 853.724 -1097.179
v 24.832 853.312 -1097.454
v 24.676 853.018 -1097.319
v 24.814 853.866 -1097.888
v 24.813 853.582 -1097.747
v 25.109 853.591 -1097.315
v 25.531 853.021 -1096.041
v 25.535 852.882 -1095.755
v 27.66 854.724 -1095.331
v 25.656 852.726 -1095.482
v 23.409 850.756 -1091.926
v 23.554 850.475 -1092.492
v 21.282 848.912 -1092.068
v 19.011 847.635 -1091.786
v 18.985 847.475 -1091.941
v 19.017 847.497 -1092.067
v 18.986 847.475 -1092.224
v 27.943 855.291 -1089.092
v 27.922 855.418 -1089.103
v 19 847.627 -1091.508
v 18.983 847.757 -1091.233
v 19.011 847.777 -1090.935
v 26.921 854.419 -1090.383
v 26.922 854.42 -1090.525
v 27.062 854.419 -1090.809
v 27.222 854.432 -1091.083
v 14.752 845.221 -1090.37
v 14.614 845.224 -1090.652
v 14.621 845.086 -1090.791
v 10.508 843.526 -1089.941
v 27.068 854.565 -1090.948
v 27.5 854.711 -1087.825
v 27.085 854.151 -1087.395
v 27.789 854.999 -1088.39
v 24.096 852.725 -1098.035
v 27.925 857.405 -1088.109
v 27.516 857.7 -1087.533
v 26.95 857.701 -1086.966
v 27.346 857.68 -1087.264
v 25.522 859.112 -1095.337
v 25.52 859.111 -1095.195
v 25.645 859.099 -1095.488
v 25.821 858.981 -1095.754
v 25.947 858.686 -1096.045
v 25.95 858.263 -1096.186
v 25.655 857.971 -1096.475
v 25.366 857.542 -1096.761
v 24.826 857.136 -1097.315
v 24.652 853.285 -1097.898
v 24.391 853.159 -1098.454
v 24.244 853.581 -1098.457
v 24.257 852.881 -1098.309
v 23.663 852.437 -1098.889
v 23.555 853.311 -1100.999
v 23.236 852.294 -1099.741
v 22.984 852.458 -1101.143
v 23.677 853.298 -1099.733
v 23.689 853.731 -1102.421
v 23.274 852.887 -1102.841
v 23.97 854.013 -1102.989
v 24.085 853.71 -1104.279
v 24.237 853.859 -1103.99
v 24.397 854.155 -1103.698
v 24.228 854.42 -1103.569
v 23.951 852.865 -1099.029
v 24.67 854.432 -1104.27
v 24.669 854.431 -1104.838
v 24.824 854.582 -1104.547
v 24.806 854.711 -1104.273
v 24.803 854.993 -1103.991
v 25.243 855.145 -1104.55
v 25.09 855.421 -1104.272
v 25.079 854.846 -1105.271
v 25.236 854.999 -1104.837
v 25.105 854.864 -1104.549
v 27.218 859.817 -1104.555
v 25.668 859.256 -1103.984
v 27.207 857.257 -1104.986
v 25.401 858.843 -1103.834
v 27.067 857.258 -1104.986
v 25.965 859.692 -1104.119
v 24.814 858.262 -1103.418
v 25.228 855.56 -1104.416
v 27.225 856.986 -1104.978
v 27.364 857.126 -1104.979
v 27.514 856.707 -1105.4
v 27.492 856.833 -1105.411
v 27.51 856.845 -1105.26
v 27.355 856.836 -1105.267
v 27.351 856.975 -1105.127
v 27.519 857.277 -1104.972
v 27.94 857.132 -1105.683
v 27.938 857.414 -1105.968
v 27.917 857.4 -1105.553
v 27.63 856.972 -1105.271
v 27.802 857.276 -1105.256
v 27.787 856.982 -1105.406
v 27.808 856.997 -1105.537
v 27.52 859.83 -1104.546
v 27.81 859.834 -1104.827
v 27.931 859.962 -1105.121
v 27.948 859.973 -1105.396
v 27.931 860.245 -1105.404
v 27.209 860.945 -1105.269
v 27.078 860.811 -1105.122
v 27.355 860.806 -1105.267
v 26.937 860.953 -1105.263
v 27.791 860.672 -1105.403
v 27.775 860.235 -1105.128
v 27.501 860.667 -1104.981
v 27.073 860.524 -1104.699
v 27.077 860.81 -1104.981
v 27.522 860.115 -1104.687
v 27.348 860.234 -1104.561
v 27.217 860.1 -1104.556
v 27.951 857.14 -1105.82
v 27.926 857.406 -1105.974
v 27.506 856.7 -1105.404
v 27.802 856.851 -1105.54
v 27.931 856.984 -1105.688
v 27.207 856.832 -1105.128
v 25.363 855.271 -1104.562
v 25.387 855.005 -1104.833
v 25.25 854.866 -1105.256
v 27.93 860.953 -1111.502
v 27.921 861.373 -1111.79
v 27.795 861.809 -1112.207
v 26.958 862.244 -1112.91
v 27.38 862.1 -1112.628
v 25.932 859.952 -1104.135
v 25.933 860.095 -1104.134
v 25.822 860.542 -1104.261
v 25.65 860.662 -1104.56
v 25.506 860.803 -1104.844
v 14.877 845.209 -1091.23
v 11.767 846.492 -1094.912
v 11.769 846.635 -1095.194
v 11.617 846.911 -1095.341
v 16.029 847.774 -1095.758
v 16.183 847.64 -1095.61
v 16.15 847.476 -1095.485
v 21.268 849.753 -1095.762
v 17.319 848.067 -1095.893
v 0.011 846.642 -1093.629
v -0.016 846.198 -1093.643
v 0.013 846.927 -1093.77
v 0.011 847.068 -1093.913
v -21.265 849.756 -1095.76
v -17.286 848.061 -1095.897
v -16.159 847.489 -1095.475
v -16.179 847.617 -1095.627
v -16.025 847.767 -1095.763
v -11.756 846.643 -1095.188
v -11.773 846.49 -1094.913
v -11.625 846.919 -1095.335
v -10.903 843.101 -1087.955
v -10.344 843.095 -1088.81
v -10.51 842.794 -1087.546
v -11.624 843.375 -1088.245
v -14.884 845.219 -1091.222
v 12.638 843.812 -1088.379
v 11.91 843.515 -1088.247
v 11.353 843.238 -1088.1
v 10.338 843.081 -1088.82
v 10.481 842.798 -1087.544
v 27.504 854.572 -1087.54
v 27.503 854.856 -1087.681
v 27.092 854.298 -1087.107
v 27.086 854.152 -1087.252
v 27.089 854.154 -1087.251
v 27.071 854.283 -1087.118
v 27.773 854.988 -1088.114
v 27.919 855.274 -1088.253
v 27.926 855.279 -1088.534
v 25.806 852.732 -1086.97
v 25.103 852.311 -1086.684
v 25.257 852.178 -1086.678
v 25.245 852.169 -1086.826
v 25.255 852.176 -1086.962
v 25.803 853.013 -1086.547
v 24.969 852.316 -1086.538
v 26.359 853.289 -1087.119
v 26.388 853.735 -1086.679
v 27.062 857.681 -1086.98
v 27.239 857.563 -1086.821
v 27.213 857.403 -1086.834
v 27.356 857.262 -1086.834
v 27.652 857.271 -1087.394
v 27.92 857.118 -1088.111
v 26.082 857.547 -1086.266
v 25.538 857.563 -1086.112
v 25.534 857.561 -1085.972
v 26.25 857.14 -1085.969
v 25.539 857.281 -1085.828
v 25.527 857.131 -1085.834
v 26.499 857.683 -1086.553
v 26.806 857.132 -1086.4
v 26.103 857.562 -1086.113
v 25.536 857.42 -1085.829
v 26.231 857.268 -1085.978
v 26.656 857.552 -1086.404
v 26.793 857.407 -1086.406
v 13.485 844.235 -1088.381
v 19.722 847.778 -1087.815
v -25.25 854.851 -1105.409
v -27.51 856.7 -1105.546
v -25.369 854.867 -1105.681
v -25.377 854.861 -1105.827
v -27.919 857.278 -1105.964
v -27.947 857.401 -1105.977
v -27.93 857.129 -1105.827
v -27.809 856.831 -1105.696
v -27.945 856.977 -1105.693
v -27.664 856.55 -1105.694
v -27.629 856.574 -1105.961
v -27.809 856.689 -1105.98
v -27.654 856.698 -1106.115
v -27.794 856.699 -1106.114
v -27.951 856.831 -1106.122
v -27.791 856.702 -1105.829
v -27.921 857.135 -1105.965
v -27.927 856.99 -1105.967
v -27.922 859.261 -1110.219
v -27.939 859.533 -1111.787
v -27.936 859.11 -1109.8
v -27.913 858.985 -1109.505
v -27.932 858.687 -1109.373
v -27.921 858.553 -1109.368
v -27.925 857.983 -1109.37
v -27.922 858.978 -1109.935
v -27.928 859.115 -1110.222
v -27.925 858.976 -1110.22
v -27.944 858.821 -1109.663
v -27.935 858.402 -1109.658
v -27.93 857.98 -1109.656
v -27.942 857.971 -1109.804
v -27.786 857.982 -1109.938
v -27.933 858.545 -1109.515
v -27.635 858.839 -1110.501
v -27.642 858.55 -1110.221
v -27.798 858.682 -1109.944
v -27.648 858.262 -1110.082
v -27.65 857.836 -1109.941
v -27.385 857.823 -1110.092
v -27.502 857.698 -1110.08
v -27.228 857.975 -1110.227
v -27.097 858.109 -1110.515
v -27.378 858.537 -1110.797
v -27.095 858.252 -1110.798
v -27.939 859.25 -1111.787
v -27.933 859.396 -1111.784
v -27.519 859.104 -1113.491
v -27.525 859.384 -1113.352
v -27.083 859.111 -1114.053
v -27.069 858.838 -1113.904
v -27.082 858.687 -1113.769
v -27.081 858.829 -1113.91
v -27.075 858.976 -1113.907
v -27.506 859.113 -1113.201
v -27.803 859.387 -1112.924
v -27.929 859.54 -1112.491
v -27.786 859.257 -1112.491
v -27.939 859.392 -1112.354
v -27.928 857.697 -1109.513
v -27.497 857.418 -1109.935
v -27.379 857.543 -1110.089
v -27.807 857.4 -1109.523
v -27.654 857.265 -1109.802
v -27.642 857.274 -1109.511
v -26.957 858.108 -1110.941
v -26.934 857.982 -1110.646
v -27.086 857.975 -1110.51
v -27.211 857.845 -1110.218
v -27.097 857.968 -1110.373
v -18.989 851.463 -1112.346
v -23.416 853.994 -1110.66
v -19.002 851.596 -1112.636
v -18.989 851.322 -1112.062
v -19.008 851.167 -1111.93
v -25.79 857.563 -1114.612
v -25.231 857.133 -1114.899
v -25.245 857.123 -1114.765
v -25.231 857.132 -1115.041
v -25.103 857.265 -1115.19
v -25.786 857.992 -1114.894
v -24.969 857.401 -1115.194
v -26.39 858.108 -1114.345
v -26.37 858.547 -1114.618
v -25.242 854.998 -1104.696
v -23.815 853.728 -1105.542
v -14.614 849.606 -1099.311
v -19.98 851.606 -1106.248
v -13.734 850.477 -1106.386
v -14.316 850.466 -1104.976
v -15.727 850.613 -1107.099
v -12.904 850.32 -1107.531
v -19.295 849.888 -1097.611
v -19.85 850.747 -1100.582
v -14.897 850.173 -1102.288
v -19.715 851.31 -1103.563
v -11.36 850.31 -1107.964
v 14.604 849.612 -1099.448
v 12.885 850.309 -1107.539
v 14.306 850.453 -1105.127
v 11.353 850.328 -1107.951
v -8.207 849.624 -1099.581
v -9.512 850.171 -1101.723
v -8.506 850.18 -1102
v -9.49 850.186 -1108.376
v -7.524 850.173 -1108.811
v -7.53 850.169 -1101.724
v -2.553 850.462 -1103.986
v 7.523 850.185 -1108.802
v -0.005 850.176 -1101.719
v 2.54 849.604 -1099.454
v 8.208 849.601 -1099.598
v 7.516 850.18 -1101.716
v 8.526 850.192 -1101.991
v 9.483 850.167 -1108.39
v 9.483 850.168 -1101.725
v 14.894 850.325 -1102.565
v 27.794 856.845 -1105.686
v 27.522 856.712 -1105.538
v 27.938 857.273 -1105.968
v 27.947 857.137 -1105.821
v 27.915 857.398 -1105.98
v 27.913 856.971 -1105.697
v 27.914 858.957 -1109.525
v 27.952 858.7 -1109.364
v 27.94 858.55 -1109.37
v 27.949 859.124 -1109.791
v 27.93 859.252 -1110.226
v 27.918 857.968 -1109.381
v 27.932 859.537 -1111.784
v 27.809 857.991 -1109.932
v 27.925 858.398 -1109.661
v 27.924 857.972 -1109.662
v 27.933 857.978 -1109.515
v 27.918 858.535 -1109.523
v 27.654 856.563 -1105.685
v 27.633 856.549 -1105.978
v 27.804 856.711 -1105.822
v 27.655 856.706 -1106.109
v 27.791 856.702 -1105.97
v 27.8 856.708 -1106.108
v 27.915 856.973 -1105.98
v 27.944 857.135 -1105.965
v 27.951 856.998 -1105.961
v 27.913 856.972 -1105.98
v 25.22 854.845 -1105.413
v 25.361 854.845 -1105.838
v 25.395 854.869 -1105.68
v 23.838 853.736 -1105.536
v 25.233 854.996 -1104.697
v 15.737 850.604 -1107.106
v 20.013 851.611 -1106.244
v 19.29 849.9 -1097.602
v 19.856 850.75 -1100.58
v 19.724 851.324 -1103.552
v 27.942 858.977 -1109.936
v 27.942 858.977 -1110.22
v 27.92 859.103 -1110.231
v 27.928 858.825 -1109.66
v 25.238 857.552 -1086.12
v 25.381 857.127 -1085.836
v 24.667 857.124 -1085.98
v 24.951 857.408 -1086.122
v 24.667 857.124 -1086.122
v 24.814 856.986 -1085.836
v 24.972 856.997 -1085.828
v 25.224 856.975 -1085.844
v 24.958 856.845 -1085.835
v 25.396 857.422 -1085.828
v 25.809 858.547 -1096.185
v 25.542 858.7 -1096.177
v 25.234 858.825 -1096.048
v 24.689 858.699 -1095.186
v 24.936 858.957 -1095.204
v 24.798 858.818 -1095.486
v 24.967 858.837 -1095.756
v 25.368 859.103 -1095.626
v 25.086 859.105 -1095.483
v 25.239 859.112 -1095.194
v 24.118 857.704 -1102.702
v 23.687 857.416 -1101.571
v 23.537 857.127 -1100.441
v 23.689 856.992 -1099.301
v 24.108 856.988 -1098.17
v 26.108 862.386 -1113.618
v 26.5 862.363 -1113.351
v 25.514 862.368 -1113.773
v 24.794 860.375 -1104.562
v 24.952 860.669 -1104.838
v 24.664 860.383 -1104.84
v 25.808 859.823 -1103.984
v 25.535 860.113 -1103.979
v 25.22 860.234 -1104.137
v 25.229 860.807 -1104.841
v 25.08 860.66 -1104.561
v 24.951 860.385 -1104.271
v 25.378 860.67 -1104.27
v 27.924 857.688 -1109.52
v 27.644 857.832 -1109.943
v 27.794 857.413 -1109.514
v 27.647 857.268 -1109.8
v 27.666 857.281 -1109.507
v 27.503 857.408 -1109.943
v 27.491 857.683 -1110.091
v 27.347 857.539 -1110.092
v 27.661 858.837 -1110.502
v 27.634 858.535 -1110.232
v 27.651 858.263 -1110.081
v 27.808 858.699 -1109.932
v 27.945 858.837 -1109.651
v 27.359 858.54 -1110.795
v 27.088 858.124 -1110.646
v 27.065 858.25 -1110.8
v 27.074 858.114 -1110.512
v 27.211 857.827 -1110.231
v -18.137 851.748 -1116.032
v -19.556 853.023 -1115.89
v -13.176 849.478 -1116.6
v -13.334 849.324 -1116.466
v -13.341 849.178 -1116.469
v -13.474 849.184 -1116.323
v -13.453 849.057 -1116.171
v -19.702 852.594 -1115.609
v -22.531 854.868 -1115.464
v -12.886 849.057 -1116.596
v -12.479 849.186 -1116.747
v -12.615 848.765 -1116.461
v -12.628 848.756 -1116.326
v -12.61 848.91 -1116.6
v -12.475 849.047 -1116.604
v -19.145 861.237 -1114.054
v -18.303 862.081 -1114.059
v -18.147 862.092 -1114.193
v -18.28 862.098 -1113.905
v -19.019 860.942 -1114.487
v -18.161 861.94 -1114.342
v -17.995 861.957 -1114.33
v -21.563 860.097 -1114.625
v -21.549 860.532 -1114.193
v -20.279 860.67 -1114.196
v -20.123 860.396 -1114.614
v -22.846 860.376 -1114.628
v -22.699 860.663 -1114.201
v -23.811 861.246 -1114.048
v -23.943 860.969 -1114.468
v -20.147 860.663 -1114.342
v -20.143 860.524 -1114.482
v -22.822 860.676 -1114.333
v -22.821 860.535 -1114.475
v -23.827 856.414 -1086.265
v -22.839 855.844 -1086.409
v -21.54 855.576 -1086.397
v -18.132 846.789 -1087.671
v -13.172 844.518 -1087.956
v -19.587 848.039 -1087.406
v -13.313 844.377 -1087.955
v -13.343 844.214 -1088.112
v -13.459 844.232 -1088.241
v -22.53 849.906 -1087.105
v -23.962 855.851 -1085.978
v -21.549 855.144 -1086.118
v -22.827 855.285 -1086.119
v -20.289 855.7 -1086.41
v -20.135 855.284 -1086.12
v -18.292 857.127 -1085.978
v -18.302 857.119 -1086.125
v -19.14 856.277 -1086.261
v -18.142 856.99 -1085.833
v -19.001 855.851 -1085.978
v -18.146 856.987 -1085.835
v -18.018 856.836 -1085.841
v -22.841 855.7 -1086.268
v -22.825 855.57 -1086.118
v -20.126 855.715 -1086.257
v -20.125 855.574 -1086.115
v -12.921 843.928 -1088.114
v -12.465 843.95 -1087.957
v -12.462 844.093 -1087.955
v -12.624 843.796 -1088.107
v -12.621 843.798 -1088.247
v -11.634 843.652 -1087.825
v -11.055 843.377 -1087.535
v -10.497 842.803 -1087.54
v -10.633 842.949 -1087.395
v -10.625 843.097 -1087.249
v -10.632 843.091 -1087.253
v -9.937 842.798 -1086.551
v -9.52 842.367 -1086.555
v -9.627 842.675 -1086.112
v -9.487 842.248 -1086.255
v -9.481 842.395 -1085.968
v -9.491 842.529 -1085.548
v -9.492 842.387 -1085.69
v -9.062 842.106 -1086.255
v -9.076 841.813 -1085.411
v -9.223 841.809 -1084.989
v -9.37 842.089 -1085.133
v -9.199 841.968 -1084.693
v -9.222 841.81 -1084.563
v -8.931 842.524 -1087.679
v -9.37 842.231 -1084.991
v -9.214 841.957 -1084.559
v -9.207 842.104 -1084.697
v -9.232 841.803 -1084.426
v -9.222 841.951 -1084.421
v -9.208 842.103 -1084.981
v -8.776 841.115 -1083.702
v -9.086 841.097 -1083.715
v -9.063 841.113 -1083.562
v -9.218 841.246 -1083.568
v -9.232 841.378 -1083.575
v -9.231 853.856 -1081.022
v -9.229 855.984 -1079.32
v -9.211 856.422 -1081.863
v -9.208 853.588 -1082.287
v -9.203 853.734 -1079.732
v -9.212 853.018 -1077.752
v -9.231 854.848 -1076.627
v -9.198 852.887 -1074.483
v -9.221 851.594 -1076.338
v -9.199 850.475 -1073.35
v -9.207 849.76 -1075.481
v -9.226 842.374 -1084.281
v -9.204 843.524 -1082.852
v -9.215 844.225 -1083.992
v -9.214 843.233 -1081.581
v -9.211 842.243 -1084.274
v -9.205 848.06 -1073.069
v -9.2 847.638 -1075.336
v -9.216 840.963 -1081.441
v -9.225 843.084 -1080.453
v -9.201 845.795 -1073.634
v -9.199 845.654 -1076.044
v -9.228 840.955 -1079.319
v -9.213 843.234 -1079.312
v -9.201 843.668 -1074.769
v -9.236 844.21 -1077.48
v -9.198 841.969 -1076.752
v -9.06 853.593 -1080.582
v -8.922 853.59 -1081.01
v -8.945 853.432 -1079.745
v -9.21 853.587 -1079.736
v -9.212 853.728 -1080.588
v -9.077 853.581 -1081.442
v -9.205 853.449 -1082.286
v -8.915 853.311 -1082.283
v -9.215 853.584 -1081.44
v -9.204 843.382 -1081.576
v -8.926 843.52 -1081.579
v -8.916 843.527 -1079.589
v -8.917 844.235 -1077.746
v -8.947 847.192 -1075.776
v -8.917 845.511 -1076.47
v -8.939 849.182 -1075.63
v -8.914 850.901 -1076.185
v -8.922 852.172 -1077.04
v -8.945 852.865 -1078.185
v -8.948 853.288 -1079.038
v -9.068 844.796 -1077.183
v -9.202 844.659 -1077.038
v -9.063 847.636 -1075.621
v -9.217 847.627 -1075.486
v -9.074 850.747 -1076.052
v -9.236 850.874 -1076.063
v -9.084 843.934 -1083.147
v -8.914 843.812 -1082.707
v -8.922 844.515 -1083.846
v -9.229 844.357 -1083.858
v -9.206 843.948 -1083.137
v -9.073 843.658 -1082.432
v -9.22 843.513 -1082.435
v -3.541 843.518 -1079.596
v -3.537 843.521 -1081.578
v -3.562 844.212 -1077.763
v -3.561 845.489 -1076.486
v -3.545 847.202 -1075.769
v -3.563 849.174 -1075.636
v -3.534 850.896 -1076.189
v -3.554 852.158 -1077.05
v -3.548 852.871 -1078.181
v -3.539 853.303 -1079.027
v -3.562 853.429 -1079.748
v -3.538 853.587 -1081.012
v -3.543 853.3 -1082.149
v -3.562 852.862 -1083.292
v -9.055 852.887 -1083.274
v -3.275 851.73 -1084.567
v -9.348 852.314 -1084.129
v -9.795 851.164 -1084.991
v -2.973 850.325 -1085.408
v -10.064 849.756 -1085.551
v -2.996 848.607 -1085.846
v -9.919 848.199 -1085.833
v -9.653 846.769 -1085.558
v -3.259 846.919 -1085.552
v -9.235 845.488 -1084.853
v -3.402 846.068 -1085.127
v -3.554 845.21 -1084.565
v -3.541 844.369 -1083.707
v -3.552 843.794 -1082.72
v -9.497 845.361 -1084.984
v -9.79 846.772 -1085.698
v -10.224 848.325 -1085.844
v -10.194 849.764 -1085.687
v -10.077 851.165 -1085.132
v -9.649 852.443 -1084.138
v -9.377 853.002 -1083.293
v -9.642 851.881 -1084.56
v -3.412 843.793 -1082.721
v -3.277 843.362 -1081.59
v -3.246 843.668 -1082.709
v -3.251 843.239 -1081.577
v -3.272 843.508 -1082.864
v -3.41 844.361 -1083.855
v -3.267 845.213 -1084.705
v -3.263 844.365 -1083.852
v -3.251 845.082 -1084.839
v -3.255 844.229 -1083.848
v -3.245 853.594 -1079.731
v -3.27 853.718 -1079.744
v -3.275 853.431 -1078.612
v -3.253 852.879 -1077.608
v -3.279 851.443 -1076.203
v -3.25 845.508 -1076.189
v -3.278 847.473 -1075.494
v -3.268 844.078 -1077.615
v -3.258 843.234 -1079.596
v -3.411 850.741 -1076.057
v -3.258 849.473 -1075.484
v -3.26 850.889 -1076.052
v -3.243 847.64 -1075.477
v -3.4 844.793 -1077.186
v -3.265 844.647 -1077.047
v -3.422 853.286 -1082.159
v -3.253 852.879 -1083.28
v -3.265 853.438 -1082.293
v -3.279 853.002 -1083.435
v -3.277 853.571 -1082.299
v -3.403 853.583 -1081.015
v -3.27 853.718 -1081.019
v -3.281 853.852 -1081.025
v -3.108 851.889 -1084.696
v -2.846 850.314 -1085.558
v -2.853 848.608 -1085.845
v -2.983 846.772 -1085.697
v -3.129 845.919 -1085.274
v 8.95 842.534 -1087.671
v 9.501 842.381 -1086.545
v 7.953 843.241 -1089.658
v 5.943 841.805 -1086.268
v 6.786 841.516 -1085.562
v 5.099 840.817 -1083.003
v 16.005 846.906 -1094.636
v 9.367 842.813 -1088.1
v 9.088 842.107 -1086.255
v 9.5 842.239 -1086.261
v 9.066 841.808 -1085.415
v 9.495 842.378 -1085.98
v 9.217 841.814 -1084.985
v 9.227 841.963 -1084.696
v 9.213 841.811 -1084.562
v 9.341 842.085 -1085.136
v 9.511 842.389 -1085.689
v 9.063 841.097 -1083.715
v 8.803 841.113 -1083.703
v 9.067 841.1 -1083.571
v 9.199 841.234 -1083.576
v 9.218 841.389 -1083.567
v 9.942 846.221 -1094.619
v 9.78 846.49 -1094.771
v 9.777 846.772 -1094.914
v 7.364 846.345 -1094.49
v 7.498 846.056 -1094.352
v 8.655 846.355 -1094.625
v 7.662 845.787 -1094.058
v 0.005 845.787 -1093.632
v 0.012 845.508 -1093.487
v -0.006 845.212 -1093.212
v -7.514 846.068 -1094.343
v -7.65 845.788 -1094.057
v -7.392 846.338 -1094.495
v -9.786 846.775 -1094.912
v -9.772 846.501 -1094.763
v -9.937 846.201 -1094.633
v -7.959 843.218 -1089.674
v -5.961 841.81 -1086.265
v -6.81 841.528 -1085.554
v -5.113 840.815 -1083.005
v -16.039 846.907 -1094.635
v -9.365 842.802 -1088.108
v 9.209 851.45 -1076.198
v 9.199 853.995 -1075.494
v 9.215 851.88 -1073.926
v 9.21 852.869 -1077.615
v 9.209 855.279 -1077.332
v 9.218 849.472 -1075.485
v 9.214 849.468 -1073.076
v 9.214 853.439 -1078.606
v 9.233 856.004 -1079.306
v 9.236 853.738 -1079.729
v 9.23 847.495 -1075.479
v 9.232 847.071 -1073.209
v 9.236 844.805 -1073.916
v 9.199 853.854 -1081.024
v 9.215 856.417 -1081.867
v 9.226 845.507 -1076.19
v 9.228 853.59 -1082.286
v 9.219 842.808 -1075.484
v 9.197 844.069 -1077.622
v 9.226 841.395 -1077.749
v 9.208 843.226 -1079.601
v 9.216 840.821 -1080.59
v 9.226 843.238 -1081.578
v 9.224 843.52 -1082.855
v 9.224 842.386 -1084.273
v 9.223 844.228 -1083.99
v 9.23 842.248 -1084.27
v 9.206 841.948 -1084.424
v 9.228 841.822 -1084.412
v 9.064 843.65 -1082.439
v 8.951 843.811 -1082.708
v 8.926 843.511 -1081.586
v 9.221 843.377 -1081.58
v 9.208 843.509 -1082.437
v 9.078 843.943 -1083.14
v 9.211 844.362 -1083.854
v 8.941 844.513 -1083.847
v 9.201 843.93 -1083.15
v 8.952 853.312 -1079.021
v 9.233 853.594 -1079.731
v 8.932 853.44 -1079.74
v 8.942 852.88 -1078.175
v 8.926 852.16 -1077.048
v 8.929 850.886 -1076.196
v 8.923 845.493 -1076.483
v 8.936 847.204 -1075.767
v 8.932 843.515 -1079.598
v 8.926 844.22 -1077.757
v 9.076 850.748 -1076.052
v 8.946 849.196 -1075.621
v 9.22 850.891 -1076.051
v 9.215 847.626 -1075.486
v 9.058 844.78 -1077.195
v 9.2 844.638 -1077.053
v 3.558 843.383 -1080.725
v 3.552 843.52 -1081.579
v 3.553 843.379 -1079.877
v 3.564 843.812 -1078.595
v 3.555 844.657 -1077.182
v 3.56 846.078 -1076.187
v 3.559 847.92 -1075.62
v 3.526 849.741 -1075.778
v 3.528 851.444 -1076.487
v 3.525 852.718 -1077.906
v 3.531 853.431 -1079.746
v 9.056 853.569 -1081.45
v 8.914 853.569 -1081.025
v 8.921 853.291 -1082.297
v 9.215 853.44 -1082.292
v 9.201 853.571 -1081.449
v 9.088 853.591 -1080.583
v 9.227 853.731 -1080.585
v 3.537 853.577 -1081.019
v 3.527 853.286 -1082.158
v 3.531 852.864 -1083.291
v 9.207 852.725 -1083.572
v 3.404 852.307 -1083.992
v 3.265 851.6 -1084.7
v 9.644 851.599 -1084.701
v 2.971 850.174 -1085.556
v 9.923 850.461 -1085.412
v 10.074 848.908 -1085.691
v 2.992 848.488 -1085.829
v 9.798 847.495 -1085.687
v 3.278 846.788 -1085.403
v 9.353 846.064 -1085.13
v 9.075 845.217 -1084.56
v 3.561 845.228 -1084.552
v 3.557 844.374 -1083.703
v 3.534 843.791 -1082.722
v 3.279 845.229 -1084.693
v 3.12 846.635 -1085.694
v 3.247 845.065 -1084.851
v 2.844 848.483 -1085.832
v 2.826 850.172 -1085.558
v 2.976 851.738 -1084.844
v 3.119 852.448 -1084.135
v 3.248 852.864 -1083.29
v 3.245 853.004 -1083.434
v 3.418 853.593 -1081.008
v 3.27 853.588 -1079.735
v 3.256 853.721 -1081.018
v 3.251 853.717 -1079.744
v 3.258 853.864 -1081.017
v 3.251 853.575 -1082.296
v 3.417 853.308 -1082.143
v 3.25 853.432 -1082.297
v 3.271 843.38 -1081.578
v 3.26 843.231 -1081.583
v 3.261 843.09 -1080.448
v 3.262 843.232 -1079.313
v 3.264 844.226 -1077.469
v 3.25 849.746 -1075.491
v 3.251 847.62 -1075.349
v 3.253 851.592 -1076.34
v 3.243 853.002 -1077.763
v 3.401 844.79 -1077.188
v 3.279 845.655 -1076.043
v 3.278 844.661 -1077.037
v 3.261 847.627 -1075.485
v 3.416 850.756 -1076.046
v 3.265 850.891 -1076.051
v 3.388 844.356 -1083.859
v 3.277 844.377 -1083.843
v 3.265 844.227 -1083.849
v 3.252 843.509 -1082.863
v 3.401 843.797 -1082.718
v 3.259 843.656 -1082.718
v 9.484 852.862 -1083.717
v 9.776 851.734 -1084.706
v 10.217 850.469 -1085.407
v 10.19 848.89 -1085.846
v 10.075 847.349 -1085.832
v 9.637 845.923 -1085.271
v 9.375 845.087 -1084.693
v 9.649 846.64 -1085.407
v 9.234 842.11 -1084.693
v 9.202 841.945 -1084.567
v 9.229 842.106 -1084.979
v 9.372 842.248 -1084.979
v 9.49 842.516 -1085.558
v 10.228 842.961 -1086.819
v 10.636 843.091 -1087.253
v 10.629 843.086 -1087.257
v 10.643 842.954 -1087.392
v 10.502 842.813 -1087.533
v 9.791 842.67 -1086.4
v 11.907 843.796 -1087.823
v 12.463 843.93 -1087.971
v 12.473 844.079 -1087.965
v 12.606 843.789 -1088.112
v 12.619 843.799 -1088.247
v 11.326 843.503 -1087.688
v 12.884 843.928 -1088.114
v 13.33 844.367 -1087.962
v 13.196 844.514 -1087.958
v 13.342 844.234 -1088.098
v 13.465 844.221 -1088.249
v 24.937 856.831 -1085.845
v 18.135 846.767 -1087.686
v 19.552 848.042 -1087.403
v 22.558 849.905 -1087.105
v -25.539 854.705 -1106.12
v -25.505 854.729 -1106.387
v -27.644 856.706 -1106.11
v -25.674 854.71 -1106.543
v -23.553 853.572 -1110.232
v -21.283 852.297 -1111.082
v -19.01 851.023 -1111.789
v -18.99 850.896 -1111.637
v -18.988 850.896 -1111.495
v -14.73 849.34 -1114.045
v -14.603 849.33 -1113.768
v -14.615 849.18 -1113.632
v -10.494 848.051 -1115.046
v -11.901 848.91 -1116.884
v -11.623 848.339 -1116.745
v -11.351 848.756 -1117.176
v -10.899 848.208 -1117.021
v -10.645 848.47 -1117.745
v -10.639 848.333 -1117.741
v -10.626 848.2 -1117.593
v -10.499 848.19 -1117.6
v -10.486 848.057 -1117.452
v -13.037 850.043 -1108.235
v -15.894 850.17 -1107.82
v -13.03 849.764 -1108.374
v -13.046 850.179 -1107.956
v -15.874 850.326 -1107.669
v -15.87 850.471 -1107.383
v -24.829 854.564 -1105.695
v -23.961 853.726 -1105.969
v -24.092 853.733 -1106.248
v -23.802 853.879 -1105.677
v -20.259 851.467 -1106.955
v -18.015 850.883 -1107.109
v -12.469 850.185 -1108.093
v -11.478 849.901 -1108.519
v -11.624 849.614 -1108.663
v -11.505 850.165 -1108.249
v -7.084 850.183 -1108.945
v 7.094 850.183 -1108.946
v 0.015 850.048 -1109.791
v 27.669 856.716 -1106.102
v 25.508 854.707 -1106.403
v 25.682 854.729 -1106.529
v 25.519 854.714 -1106.114
v 23.409 854.017 -1110.643
v 23.527 853.575 -1110.229
v 21.276 852.312 -1111.071
v 19.011 850.896 -1111.495
v 19.004 850.891 -1111.782
v 18.987 851.021 -1111.932
v 19.016 851.183 -1111.918
v 24.802 854.567 -1105.693
v 24.123 853.737 -1106.245
v 23.817 853.864 -1105.689
v 23.958 853.721 -1105.973
v 20.26 851.445 -1106.971
v 17.99 850.876 -1107.114
v 15.873 850.174 -1107.818
v 15.866 850.452 -1107.396
v 15.869 850.313 -1107.678
v 13.033 850.171 -1107.961
v 13.046 850.038 -1108.239
v 13.062 849.766 -1108.372
v 12.493 850.19 -1108.09
v 11.644 849.624 -1108.656
v 11.479 850.175 -1108.242
v 11.482 849.893 -1108.525
v 27.953 859.41 -1111.774
v 27.934 859.254 -1111.784
v 24.689 857.139 -1086.111
v 24.662 857.12 -1085.983
v 24.812 856.985 -1085.837
v 24.966 856.851 -1085.831
v 24.825 856.994 -1085.83
v 19.144 856.278 -1086.26
v 18.308 857.139 -1085.969
v 18.165 856.996 -1085.828
v 18.298 857.132 -1086.117
v 18.992 855.845 -1085.982
v 18.155 856.989 -1085.833
v 18.019 856.851 -1085.831
v 21.537 855.131 -1086.127
v 21.545 855.562 -1086.407
v 20.268 855.703 -1086.408
v 20.125 855.277 -1086.124
v 22.812 855.273 -1086.128
v 22.692 855.713 -1086.4
v 23.837 856.288 -1086.253
v 23.947 855.84 -1085.986
v 20.128 855.705 -1086.265
v 20.134 855.568 -1086.12
v 22.811 855.697 -1086.27
v 22.826 855.566 -1086.121
v 23.824 858.122 -1096.044
v 23.688 857.984 -1096.608
v 23.524 857.969 -1096.477
v 23.972 857.984 -1096.891
v 24.255 858.268 -1095.615
v 24.257 857.985 -1097.032
v 24.537 857.699 -1097.176
v 24.669 857.409 -1097.322
v 22.817 858.679 -1102.857
v 23.671 859.249 -1103.848
v 23.537 859.254 -1103.986
v 24.668 858.542 -1103.42
v 24.55 858.843 -1103.266
v 22.698 857.844 -1098.024
v 23.121 857.984 -1100.578
v 22.389 858.394 -1101.582
v 22.278 857.99 -1099.723
v 23.956 857.832 -1097.324
v 23.699 858.559 -1102.557
v 23.969 859.258 -1103.557
v 24.263 859.124 -1103.41
v 23.415 858.275 -1101.991
v 23.252 858.118 -1101.434
v 23.246 857.831 -1099.452
v 23.378 857.682 -1098.748
v 23.552 857.705 -1098.165
v 24.121 859.691 -1104.545
v 24.384 860.102 -1104.696
v 24.541 859.262 -1103.696
v 24.95 862.228 -1113.914
v 24.669 862.088 -1113.912
v 25.226 862.364 -1113.776
v 18.99 851.59 -1112.64
v 19.009 851.462 -1112.347
v 19.017 851.325 -1112.059
v 27.243 857.708 -1110.073
v 27.233 857.843 -1110.219
v 26.943 857.98 -1110.507
v 26.949 858.126 -1110.929
v 14.608 849.331 -1113.767
v 14.606 849.188 -1113.627
v 14.755 849.335 -1114.048
v 27.074 857.973 -1110.37
v 27.791 859.254 -1112.493
v 27.489 859.1 -1113.211
v 27.072 858.68 -1113.774
v -9.226 848.613 -1120.722
v -9.213 848.339 -1120.857
v -9.211 848.34 -1120.572
v -9.196 848.35 -1120.423
v -9.222 848.757 -1120.72
v -9.34 848.349 -1119.999
v -9.364 851.168 -1119.443
v -10.056 848.485 -1118.443
v -9.645 848.476 -1118.875
v -9.487 848.487 -1119.434
v -9.636 851.885 -1118.587
v -9.236 850.591 -1120.443
v -10.071 853.013 -1117.599
v -10.207 854.435 -1117.029
v -10.2 855.999 -1116.884
v -13.187 862.089 -1114.337
v -9.777 857.416 -1117.027
v -12.473 862.093 -1114.334
v -11.63 862.229 -1114.622
v -9.515 858.818 -1117.747
v -10.355 862.371 -1115.472
v -9.489 862.523 -1116.883
v -9.213 859.965 -1118.73
v -9.204 862.808 -1118.3
v -9.203 848.204 -1120.568
v -9.197 848.35 -1120.849
v -9.22 848.192 -1120.293
v -9.373 848.184 -1120.015
v -9.499 848.337 -1119.44
v -9.491 848.059 -1118.585
v -9.488 848.061 -1118.867
v -9.078 847.908 -1119.017
v -9.082 847.905 -1119.87
v -9.518 848.182 -1119.166
v -9.204 848.061 -1120.285
v -9.22 848.192 -1120.577
v -9.197 859.693 -1125.67
v -9.221 861.378 -1127.241
v -9.221 859.251 -1128.801
v -9.206 862.806 -1124.965
v -9.198 860.826 -1123.969
v -9.197 863.38 -1122.834
v -9.221 857.975 -1126.958
v -9.212 856.989 -1129.506
v -9.23 861.088 -1121.999
v -9.213 863.226 -1120.715
v -9.229 855.984 -1127.388
v -9.198 854.588 -1129.499
v -9.23 860.804 -1120.298
v -9.196 854.022 -1127.087
v -9.226 852.3 -1128.803
v -9.218 852.163 -1126.106
v -9.224 850.174 -1127.101
v -9.223 851.025 -1124.407
v -9.207 848.626 -1124.682
v -9.205 850.471 -1122.413
v -9.219 848.193 -1121.71
v -8.948 860.378 -1119.873
v -9.215 859.822 -1118.873
v -8.936 859.819 -1118.875
v -8.95 860.802 -1121.151
v -8.937 860.811 -1123.13
v -8.936 859.96 -1124.831
v -8.945 858.82 -1126.111
v -8.939 857.406 -1126.817
v -8.95 854.279 -1126.964
v -8.951 855.98 -1127.106
v -8.947 852.722 -1126.112
v -8.933 851.03 -1123.978
v -8.944 851.59 -1124.976
v -8.916 850.758 -1122.977
v -8.921 850.755 -1121.562
v -9.202 850.899 -1120.426
v -8.939 850.884 -1120.436
v -9.202 860.682 -1123.971
v -9.059 856.712 -1127.09
v -9.219 856.7 -1127.24
v -9.075 851.881 -1125.396
v -9.198 851.894 -1125.529
v -9.058 847.781 -1121.701
v -8.792 847.768 -1121.71
v -9.062 847.92 -1121.703
v -9.236 848.039 -1121.719
v -8.919 847.779 -1117.448
v -9.086 859.105 -1118.17
v -9.367 858.113 -1117.602
v -9.796 856.835 -1117.036
v -10.073 855.28 -1116.891
v -10.073 853.862 -1117.317
v -9.641 852.591 -1118.022
v -9.215 851.598 -1119.157
v -9.66 852.294 -1118.174
v -3.531 860.823 -1122.978
v -3.544 860.814 -1121.142
v -3.551 860.101 -1124.832
v -3.545 858.829 -1126.105
v -3.545 857.694 -1126.672
v -3.534 856.709 -1127.092
v -3.554 854.852 -1127.102
v -3.556 853.007 -1126.394
v -3.537 851.603 -1124.967
v -3.548 851.028 -1123.98
v -3.558 850.738 -1122.992
v -17.865 861.949 -1114.336
v -17.728 862.087 -1114.338
v -17.428 862.098 -1114.33
v -18.167 862.219 -1113.92
v -17.442 862.373 -1113.911
v -17.451 862.366 -1114.058
v -17.87 862.371 -1113.913
v -17.995 862.098 -1114.188
v -17.993 862.242 -1114.045
v -17.737 862.222 -1114.201
v -17.421 862.387 -1114.185
v -17.447 862.227 -1114.198
v -17.708 862.385 -1114.045
v -17.736 857.118 -1085.701
v -17.863 856.987 -1085.835
v -17.444 857.125 -1085.696
v -13.205 857.114 -1085.703
v -17.439 857.27 -1085.694
v -17.861 857.556 -1086.117
v -17.438 857.554 -1085.977
v -17.444 857.55 -1086.121
v -18.131 857.423 -1086.111
v -17.743 857.255 -1085.846
v -17.424 857.422 -1085.828
v -17.733 857.405 -1085.841
v -18.027 857.113 -1085.846
v -18.013 857.265 -1085.981
v -9.362 856.557 -1082.577
v -9.639 856.704 -1083.424
v -10.506 856.834 -1084.709
v -11.767 856.987 -1085.552
v -5.55 840.807 -1082.868
v -5.818 840.818 -1082.861
v -5.226 840.835 -1082.849
v -8.78 840.545 -1080.726
v -8.81 840.95 -1077.763
v -8.773 842.394 -1075.476
v -8.784 844.371 -1073.781
v -8.804 849.036 -1072.656
v -8.774 846.647 -1072.925
v -8.774 851.609 -1073.35
v -8.809 853.853 -1074.786
v -8.782 855.574 -1076.899
v -8.811 855.979 -1078.048
v -9.197 856.148 -1079.304
v -9.078 856.274 -1079.315
v -9.087 856.267 -1079.32
v -8.805 856.267 -1079.321
v -9.227 841.522 -1077.192
v -9.08 841.384 -1077.19
v -9.224 846.346 -1073.22
v -9.068 846.356 -1073.072
v -9.203 852.599 -1074.061
v -9.081 852.728 -1073.929
v -3.243 841.968 -1085.402
v -3.244 841.117 -1081.999
v -3.261 840.963 -1079.739
v -3.249 841.539 -1077.748
v -3.244 843.102 -1075.477
v -3.243 856.431 -1082.849
v -3.244 845.371 -1073.917
v -3.244 855.863 -1079.305
v -3.273 847.902 -1073.223
v -3.278 854.847 -1076.77
v -3.254 850.751 -1073.497
v -3.277 853.146 -1074.785
v -3.243 841.118 -1083.133
v -3.268 840.958 -1082.011
v -3.414 840.671 -1082.014
v -3.562 840.951 -1083.151
v -3.683 840.54 -1082.006
v -3.695 840.532 -1082.012
v -3.559 840.67 -1082.015
v -3.241 841.402 -1084.266
v -3.259 841.957 -1085.41
v -3.242 841.827 -1085.401
v -3.41 841.667 -1085.414
v -3.527 841.259 -1084.409
v -3.668 841.543 -1085.543
v -3.533 841.538 -1085.547
v 3.129 842.245 -1086.115
v 3.272 841.821 -1085.405
v 3.274 841.964 -1085.404
v 3.241 841.942 -1086.13
v 3.667 841.8 -1086.413
v 3.699 841.539 -1085.546
v 3.688 841.531 -1085.552
v 3.55 841.534 -1085.55
v 3.409 841.676 -1085.408
v -0.001 842.947 -1088.673
v -0.277 842.952 -1089.094
v 1.145 842.955 -1088.95
v 1.132 843.23 -1088.248
v -0.139 843.375 -1088.387
v -3.264 841.954 -1086.121
v -3.527 841.968 -1086.82
v -2.96 842.393 -1086.536
v 3.099 842.083 -1086.697
v 3.249 842.089 -1087.26
v 2.976 842.522 -1086.688
v 2.972 842.235 -1086.973
v 2.714 842.395 -1087.528
v 2.414 842.667 -1088.245
v 2.13 842.95 -1087.678
v 2.107 842.651 -1087.973
v 1.717 842.817 -1088.239
v 1.145 842.956 -1088.525
v -0.132 842.955 -1088.667
v -0.861 842.941 -1088.535
v -1.556 842.809 -1088.812
v -1.403 843.242 -1088.097
v -1.407 842.814 -1088.383
v -1.998 842.655 -1088.112
v -2.686 842.529 -1087.959
v -2.41 842.948 -1087.538
v -2.409 842.524 -1087.679
v -2.834 842.382 -1087.253
v -3.125 842.093 -1086.69
v 3.259 841.387 -1084.278
v 3.259 841.103 -1082.009
v 3.528 841.235 -1084.426
v 3.678 840.531 -1082.012
v 3.274 841.114 -1083.136
v 3.395 840.674 -1082.012
v 3.262 840.821 -1082.008
v 3.246 840.953 -1082.015
v 3.543 840.961 -1083.143
v 3.549 840.682 -1082.006
v -3.274 855.984 -1079.32
v -3.26 855.993 -1079.313
v -3.423 856.262 -1079.324
v -3.552 856.271 -1079.317
v -3.696 856.27 -1079.318
v -3.696 855.136 -1076.341
v -3.692 853.153 -1074.212
v -3.694 850.458 -1072.937
v -3.695 847.621 -1072.654
v -3.667 844.805 -1073.632
v -3.706 840.524 -1079.465
v -3.689 841.103 -1077.33
v -3.693 840.533 -1080.877
v -3.246 852.033 -1073.776
v -3.553 852.017 -1073.646
v -3.544 847.06 -1072.791
v -3.277 842.795 -1075.351
v -3.698 842.515 -1075.349
v -3.555 842.657 -1075.207
v 3.272 856.568 -1083.278
v 3.267 856.422 -1082.856
v 3.127 856.707 -1083.847
v 2.713 856.857 -1084.551
v 1.991 856.848 -1085.408
v -2.986 856.696 -1083.997
v -2.277 856.838 -1084.99
v 0.012 846.927 -1087.815
v 0.994 849.33 -1087.253
v 0.004 848.764 -1087.536
v -0.017 849.6 -1087.263
v 1.29 851.04 -1086.822
v 0.003 850.465 -1087.111
v -0.987 849.9 -1087.109
v 0.294 851.321 -1086.965
v 0.016 852.176 -1086.821
v -1.139 851.594 -1086.831
v -0.156 853.714 -1086.552
v -1.428 856.978 -1085.7
v -0.287 856.983 -1085.98
v 0.982 856.978 -1085.841
v 3.28 841.685 -1077.603
v 3.263 842.949 -1075.626
v 3.276 841.115 -1079.59
v 3.258 845.073 -1074.069
v 3.249 840.954 -1080.88
v 3.246 847.617 -1073.224
v 3.266 850.466 -1073.356
v 3.257 852.871 -1074.637
v 3.258 854.714 -1076.621
v 3.265 855.853 -1079.312
v 9.202 856.125 -1079.321
v 9.071 856.274 -1079.316
v 8.938 856.28 -1079.311
v 8.781 856.27 -1079.319
v 8.776 855.273 -1076.486
v 8.799 853.304 -1074.205
v 8.787 850.885 -1073.077
v 8.771 848.322 -1072.659
v 8.783 843.793 -1074.213
v 8.789 845.924 -1073.076
v 8.809 841.968 -1076.185
v 8.798 840.684 -1078.602
v 8.773 840.525 -1081.166
v 8.783 840.674 -1082.437
v 9.23 852.599 -1074.061
v 9.075 852.732 -1073.925
v 9.215 846.35 -1073.218
v 9.084 846.358 -1073.07
v 9.232 841.541 -1077.179
v 9.094 841.402 -1077.177
v 5.236 840.814 -1082.864
v 5.382 840.817 -1082.862
v 5.808 840.818 -1082.861
v -6.524 840.82 -1082.859
v -6.507 840.69 -1082.426
v -6.394 840.528 -1082.015
v 6.396 840.549 -1082
v 6.521 840.679 -1082.434
v 6.508 840.811 -1082.866
v -6.4 840.666 -1082.443
v 6.395 840.69 -1082.426
v 3.702 840.69 -1078.881
v 3.702 841.824 -1076.187
v 3.705 843.953 -1074.058
v 3.695 846.499 -1072.929
v 3.684 849.469 -1072.792
v 3.693 852.169 -1073.639
v 3.669 854.137 -1075.069
v 3.671 855.414 -1076.77
v 3.689 855.994 -1078.037
v 3.267 855.997 -1079.311
v 3.397 856.13 -1079.317
v 3.563 856.289 -1079.305
v 3.681 856.272 -1079.317
v 3.691 856.28 -1079.311
v 3.277 842.817 -1075.336
v 3.557 842.673 -1075.196
v 3.253 847.054 -1073.079
v 3.562 847.072 -1072.783
v 3.546 852.024 -1073.641
v 13.199 857.136 -1085.688
v 12.48 857.129 -1085.693
v 11.62 856.981 -1085.414
v 10.337 856.834 -1084.567
v 9.517 856.714 -1083.275
v 17.871 856.989 -1085.834
v 17.709 856.975 -1085.702
v 17.439 857.126 -1085.695
v 18.155 857.414 -1086.117
v 17.441 857.553 -1086.12
v 17.428 857.544 -1085.984
v 17.853 857.544 -1086.126
v 18 857.122 -1085.84
v 17.997 857.262 -1085.983
v 17.707 857.257 -1085.844
v 17.428 857.402 -1085.842
v 17.433 857.264 -1085.698
v 17.706 857.398 -1085.845
v -14.902 849.035 -1113.209
v -10.337 848.062 -1116.314
v -11.757 849.053 -1109.368
v -11.756 849.195 -1109.084
v -11.645 849.316 -1108.816
v -16.037 849.886 -1108.105
v -16.183 849.741 -1108.249
v -16.148 849.765 -1108.515
v -21.272 851.737 -1107.39
v -17.312 850.17 -1107.962
v -10.226 850.026 -1108.673
v -9.66 849.883 -1108.957
v -9.78 849.473 -1109.088
v -9.627 850.048 -1108.657
v -8.922 850.045 -1108.943
v -7.665 849.748 -1109.377
v -7.787 849.479 -1109.51
v -7.656 850.038 -1109.089
v -7.241 850.031 -1109.237
v -7.378 849.751 -1109.518
v -7.354 849.484 -1109.648
v 0.003 849.615 -1110.506
v -0.005 849.183 -1110.652
v 0.003 849.756 -1110.223
v -0.006 849.891 -1110.086
v 7.246 850.048 -1109.224
v 7.38 849.759 -1109.512
v 7.364 849.464 -1109.662
v 9.658 849.907 -1108.94
v 8.93 850.036 -1108.949
v 9.772 849.462 -1109.096
v 9.63 850.029 -1108.671
v 7.815 849.482 -1109.507
v 7.647 850.031 -1109.095
v 7.65 849.749 -1109.377
v 10.195 850.028 -1108.671
v 21.285 851.75 -1107.38
v 17.291 850.174 -1107.959
v 16.155 849.748 -1108.527
v 16.159 849.75 -1108.242
v 16.012 849.889 -1108.102
v 11.766 849.185 -1109.091
v 11.758 849.037 -1109.379
v 11.62 849.324 -1108.81
v 14.891 849.047 -1113.2
v 10.489 848.05 -1115.047
v -9.212 863.369 -1120.715
v -9.057 863.52 -1120.708
v -8.937 863.647 -1120.719
v -8.795 863.647 -1120.577
v -8.78 863.657 -1123.689
v -8.787 862.518 -1126.386
v -8.796 860.668 -1128.376
v -8.791 858.261 -1129.65
v -8.782 853.589 -1129.645
v -8.775 856.004 -1130.067
v -8.785 851.176 -1128.512
v -8.804 849.178 -1126.679
v -8.774 848.064 -1124.253
v -8.797 847.765 -1122.988
v -9.208 861.954 -1126.81
v -9.057 862.102 -1126.947
v -9.198 856.289 -1129.782
v -9.069 856.281 -1129.93
v -9.207 850.328 -1127.66
v -9.075 850.179 -1127.806
v -6.815 847.621 -1119.871
v -5.248 847.768 -1122.561
v -5.099 847.773 -1122.557
v -5.536 847.765 -1122.705
v -5.832 847.756 -1122.711
v -3.551 850.742 -1121.571
v -3.536 850.895 -1120.429
v -3.553 851.308 -1119.445
v -3.263 852.447 -1118.165
v -2.975 854.01 -1117.313
v -2.967 855.717 -1116.883
v -3.257 857.414 -1117.17
v -3.398 858.265 -1117.595
v -3.552 858.965 -1118.027
v -3.556 859.955 -1119.163
v -3.552 860.525 -1120.153
v -3.264 856.7 -1127.099
v -3.243 856.714 -1127.23
v -3.246 858.556 -1126.523
v -3.242 860.969 -1123.401
v -3.258 860.107 -1125.253
v -3.267 861.093 -1121.429
v -3.249 860.397 -1119.435
v -3.275 858.961 -1118.03
v -3.25 859.12 -1117.875
v -3.252 859.828 -1125.249
v -3.411 860.808 -1121.146
v -3.272 860.948 -1121.148
v -3.254 851.319 -1119.437
v -3.254 851.177 -1119.295
v -3.26 850.464 -1121.142
v -3.254 851.318 -1125.109
v -3.263 850.603 -1123.27
v -3.245 852.743 -1126.522
v -3.251 854.724 -1127.234
v -3.411 850.741 -1122.99
v -3.255 850.609 -1122.982
v -3.393 853.164 -1126.384
v -3.262 853.015 -1126.531
v 27.079 862.23 -1113.061
v 27.205 862.219 -1113.211
v 27.214 862.083 -1113.207
v 27.644 861.803 -1112.779
v 27.358 861.943 -1113.206
v 27.936 861.525 -1112.208
v 26.805 861.952 -1113.766
v 25.505 862.361 -1113.92
v 25.514 862.084 -1114.199
v 25.504 862.219 -1114.204
v 26.249 862.102 -1114.044
v 26.648 862.368 -1113.49
v 26.815 862.243 -1113.619
v 26.096 862.378 -1113.766
v 25.508 862.364 -1114.06
v 26.233 862.233 -1113.91
v 25.398 862.102 -1114.328
v 24.95 861.944 -1114.339
v 25.254 861.959 -1114.329
v 24.938 861.936 -1114.345
v 24.68 862.096 -1114.048
v 25.243 862.376 -1114.192
v 24.954 862.231 -1114.195
v 24.795 862.077 -1114.204
v 27.507 859.112 -1113.486
v 27.071 858.821 -1113.917
v 27.087 858.832 -1113.908
v 27.07 858.962 -1113.917
v 27.062 859.098 -1114.063
v 27.528 859.41 -1113.334
v 27.807 859.407 -1112.91
v 27.942 859.544 -1112.488
v 27.952 859.409 -1112.342
v 25.793 857.543 -1114.626
v 25.228 857.12 -1114.767
v 25.236 857.125 -1114.905
v 25.239 857.127 -1115.045
v 25.102 857.273 -1115.184
v 24.951 857.408 -1115.189
v 25.962 858.271 -1114.896
v 26.364 857.971 -1114.341
v 26.501 858.677 -1114.485
v 19.147 861.243 -1114.05
v 18.307 862.101 -1113.903
v 20.13 860.669 -1114.197
v 21.561 860.536 -1114.19
v 22.825 860.67 -1114.196
v 24.653 862.077 -1113.92
v 23.821 861.239 -1114.053
v 24.943 861.94 -1114.342
v 24.969 861.816 -1114.329
v 24.794 861.935 -1114.204
v 24.654 862.077 -1114.062
v 12.619 848.761 -1116.322
v 13.479 849.051 -1116.175
v 19.714 852.594 -1115.61
v -8.78 863.232 -1118.159
v -9.07 863.227 -1118.162
v -9.07 863.085 -1118.162
v -9.207 862.947 -1118.16
v -13.174 862.24 -1114.188
v -13.188 862.373 -1114.195
v -12.353 862.503 -1113.919
v -13.201 862.363 -1114.06
v -13.189 862.372 -1113.912
v -11.497 862.507 -1114.201
v -9.229 862.932 -1116.611
v -11.196 862.519 -1114.617
v -10.071 862.655 -1115.189
v -9.798 862.647 -1116.329
v -9.628 862.809 -1116.172
v -13.168 857.282 -1085.685
v -13.18 857.416 -1085.833
v -13.205 857.539 -1085.987
v -13.199 857.544 -1086.126
v -9.232 856.549 -1081.732
v -9.075 856.701 -1081.724
v -8.942 856.979 -1082.721
v -8.934 856.701 -1081.725
v -8.774 856.856 -1081.716
v -9.229 857.118 -1083.574
v -11.612 857.563 -1085.829
v -9.627 857.137 -1083.702
v -10.219 857.262 -1084.849
v -11.191 857.134 -1085.264
v -11.216 857.4 -1085.418
v -3.243 856.715 -1082.708
v -3.392 856.851 -1082.711
v -3.564 856.83 -1082.726
v -3.705 856.973 -1082.726
v -3.692 856.981 -1082.72
v 3.242 856.546 -1082.868
v 3.279 856.714 -1082.708
v 3.4 856.842 -1082.718
v 3.561 856.996 -1082.709
v 3.7 857.137 -1083.702
v 3.704 856.997 -1082.708
v 3.248 857.26 -1084.566
v 2.401 857.404 -1085.557
v 1.125 857.546 -1086.266
v -0.294 857.545 -1086.409
v -1.551 857.559 -1086.115
v -2.687 857.415 -1085.266
v -3.537 857.133 -1084.131
v 2.001 857.138 -1085.403
v 2.127 857.411 -1085.552
v -1.985 857.127 -1085.411
v -2.146 857.397 -1085.562
v 8.787 856.841 -1081.726
v 9.094 856.715 -1081.715
v 9.083 856.708 -1081.72
v 9.204 856.552 -1081.73
v 13.187 857.269 -1085.694
v 13.175 857.402 -1085.842
v 12.353 857.564 -1085.97
v 13.179 857.547 -1085.982
v 13.17 857.541 -1086.128
v 11.482 857.409 -1085.696
v 9.203 857.118 -1083.432
v 11.212 857.418 -1085.406
v 10.083 857.28 -1084.694
v 9.768 856.974 -1083.717
v 9.623 857.114 -1083.719
v 18.156 862.237 -1113.907
v 17.88 862.383 -1113.904
v 17.427 862.364 -1113.917
v -7.945 847.765 -1115.331
v -5.936 847.64 -1119.006
v -16.01 849.621 -1109.509
v -9.371 847.76 -1116.895
v -9.94 848.893 -1109.806
v -9.796 849.037 -1109.521
v -9.799 849.176 -1109.239
v -7.375 849.044 -1109.8
v -7.509 848.907 -1110.08
v -8.636 849.054 -1109.65
v -7.642 848.772 -1110.359
v 0.005 848.907 -1110.789
v 0 848.62 -1111.075
v 0.005 848.482 -1111.356
v 7.533 848.916 -1110.073
v 7.653 848.759 -1110.368
v 7.382 849.051 -1109.795
v 9.791 849.192 -1109.228
v 9.774 849.039 -1109.52
v 9.924 848.902 -1109.8
v 7.946 847.773 -1115.326
v 8.94 847.774 -1117.452
v 5.945 847.62 -1119.021
v 6.819 847.636 -1119.86
v 9.5 848.053 -1118.59
v 10.504 848.061 -1117.45
v 5.109 847.772 -1122.558
v 16.006 849.601 -1109.524
v 9.359 847.77 -1116.888
v 10.347 847.908 -1116.182
v -6.512 847.776 -1122.697
v -6.361 847.783 -1122.976
v -6.393 847.902 -1123.417
v -3.693 848.899 -1126.108
v -3.69 847.908 -1123.413
v -3.686 851.031 -1128.515
v -3.671 853.877 -1129.784
v -3.699 855.559 -1130.081
v -3.702 857.116 -1129.941
v -3.683 859.824 -1128.939
v -3.667 862.246 -1126.804
v -3.707 863.494 -1123.846
v -3.703 863.78 -1122.285
v -3.69 863.647 -1120.577
v -3.255 849.333 -1125.96
v -3.247 848.346 -1123.262
v -3.272 848.329 -1123.416
v -3.548 847.909 -1123.412
v -3.403 848.052 -1123.411
v -3.244 848.206 -1123.402
v -3.249 855.434 -1129.502
v -3.261 853.866 -1129.366
v -3.281 857.113 -1129.518
v -3.277 857.116 -1129.374
v -3.272 857.12 -1129.655
v -3.392 857.135 -1129.786
v -3.541 857.129 -1129.932
v -3.276 849.744 -1126.963
v -3.264 851.312 -1128.091
v -3.526 849.625 -1127.088
v -3.253 853.163 -1129.362
v -3.549 853.154 -1129.51
v -3.242 859.693 -1128.364
v -3.247 863.234 -1122.27
v -3.262 863.082 -1123.837
v -3.26 863.367 -1120.716
v -3.278 863.071 -1120.725
v -3.411 863.502 -1120.721
v -3.54 863.653 -1120.714
v -3.693 863.645 -1120.72
v -3.272 860.665 -1128.095
v -3.27 861.8 -1126.535
v -3.546 860.813 -1128.233
v -3.252 863.089 -1124.541
v -3.54 863.228 -1124.685
v -3.553 862.935 -1117.176
v -3.673 863.092 -1117.165
v -3.39 862.95 -1117.166
v -3.245 862.81 -1117.306
v -3.247 862.667 -1117.307
v -3.269 862.51 -1117.318
v -6.521 847.77 -1122.985
v -3.273 847.903 -1121.006
v -3.254 847.916 -1119.862
v -3.419 847.758 -1119.874
v -3.252 848.059 -1119.861
v -3.532 847.778 -1120.994
v -3.702 847.617 -1119.874
v -3.697 847.62 -1119.871
v -3.547 847.625 -1119.867
v -3.257 848.056 -1122.274
v -3.539 847.773 -1122.274
v -3.105 852.316 -1118.016
v -2.836 853.866 -1117.172
v -2.856 855.695 -1116.757
v -2.973 857.414 -1117.028
v -3.102 858.274 -1117.305
v -2.96 862.386 -1116.171
v -3.702 862.929 -1116.471
v -3.42 862.787 -1115.621
v -1.414 862.376 -1113.767
v -0.719 861.941 -1114.2
v -1.284 862.084 -1114.34
v 0.003 862.092 -1114.051
v -0.005 861.944 -1114.055
v -0.018 862.219 -1114.062
v 0.017 862.385 -1113.902
v 0.008 862.379 -1113.623
v 0.018 862.386 -1113.477
v -3.14 862.643 -1115.481
v -2.43 862.076 -1115.055
v -2.569 862.503 -1114.486
v -1.541 862.245 -1114.327
v -1.702 862.373 -1114.195
v 1.125 861.941 -1114.341
v 0.853 862.375 -1113.626
v 1.574 862.383 -1113.762
v 3.544 862.798 -1115.755
v 3.134 862.384 -1116.598
v 2.99 862.382 -1116.032
v 3.246 862.646 -1117.322
v 3.27 862.522 -1117.309
v 3.389 862.931 -1117.179
v 3.547 862.942 -1117.171
v 3.707 863.096 -1117.162
v 3.692 863.086 -1117.169
v 1.707 862.377 -1114.192
v 2.277 862.095 -1114.899
v 2.706 862.524 -1114.614
v 2.822 862.506 -1115.619
v 3.109 862.65 -1115.476
v -3.127 848.048 -1119.019
v -3.264 847.767 -1119.158
v -3.671 847.638 -1118.866
v -0.002 847.909 -1116.322
v -1.123 848.344 -1116.741
v 0.124 848.324 -1116.472
v 0.293 847.776 -1116.033
v -1.14 847.623 -1116.182
v 3.245 847.757 -1119.165
v 2.981 848.055 -1118.588
v 3.257 848.05 -1119.868
v 3.269 848.058 -1119.862
v 3.258 847.909 -1119.867
v 3.403 847.769 -1119.866
v 3.545 847.627 -1119.866
v 3.669 847.615 -1119.875
v 3.558 847.636 -1118.442
v -3.133 847.759 -1118.597
v -2.958 848.066 -1118.297
v -3.274 847.618 -1118.029
v -2.961 847.781 -1118.156
v -2.679 847.78 -1117.732
v -2.11 848.206 -1117.305
v -2.411 847.627 -1116.889
v -2.123 847.772 -1117.17
v -1.7 847.77 -1116.888
v -1.155 847.897 -1116.615
v 0.159 847.923 -1116.312
v 0.86 847.917 -1116.458
v 1.423 848.198 -1116.744
v 1.56 847.627 -1116.321
v 1.398 847.755 -1116.756
v 1.97 847.759 -1117.038
v 2.414 848.197 -1117.596
v 2.706 847.636 -1117.166
v 2.418 847.775 -1117.452
v 2.841 847.772 -1118.02
v 3.117 847.767 -1118.591
v 18.164 851.75 -1116.03
v 13.482 849.195 -1116.316
v 13.33 849.188 -1116.462
v 13.312 849.317 -1116.471
v 13.18 849.466 -1116.608
v 19.558 853.009 -1115.9
v 22.558 854.868 -1115.464
v 17.421 862.36 -1114.062
v 18.154 861.951 -1114.334
v 17.998 861.941 -1114.341
v 17.87 861.951 -1114.334
v 18.283 862.084 -1114.057
v 17.716 862.226 -1114.198
v 17.738 862.1 -1114.329
v 17.439 862.089 -1114.337
v 17.448 862.237 -1114.191
v 17.451 862.381 -1114.189
v 17.708 862.362 -1114.061
v 18.024 862.101 -1114.186
v 18.132 862.078 -1114.203
v 18.002 862.228 -1114.056
v 13.173 862.222 -1114.201
v 13.184 862.088 -1114.338
v 13.202 862.384 -1114.187
v 13.177 862.367 -1114.058
v 13.175 862.365 -1113.917
v 23.967 860.958 -1114.476
v 21.543 860.098 -1114.624
v 22.821 860.383 -1114.623
v 20.127 860.383 -1114.624
v 19.008 860.961 -1114.474
v 22.847 860.685 -1114.327
v 22.828 860.53 -1114.478
v 20.146 860.68 -1114.33
v 20.144 860.537 -1114.473
v 10.928 848.202 -1117.025
v 11.617 848.33 -1116.751
v 8.798 847.774 -1121.706
v 5.511 847.756 -1122.711
v 5.803 847.761 -1122.707
v 5.233 847.76 -1122.567
v 9.205 848.186 -1120.581
v 9.067 847.764 -1121.713
v 9.055 847.897 -1121.719
v 9.235 848.066 -1121.7
v 9.219 848.196 -1121.708
v 9.23 848.062 -1120.285
v 9.056 847.898 -1119.875
v 9.067 847.906 -1119.019
v -14.746 861.665 -1109.373
v -12.612 861.953 -1110.646
v -16.027 861.236 -1107.249
v -11.362 861.935 -1111.085
v -10.08 861.939 -1111.365
v -16.429 860.827 -1104.827
v 8.811 863.238 -1118.155
v 8.809 863.662 -1120.566
v 3.707 863.664 -1120.565
v 9.056 862.928 -1116.614
v 10.074 862.662 -1115.183
v -14.443 858.276 -1090.363
v -15.879 858.688 -1092.358
v -16.32 858.819 -1093.642
v -16.463 859.102 -1095.06
v 10.051 861.936 -1111.367
v 11.483 862.514 -1114.196
v 12.319 862.503 -1113.919
v -12.493 858.109 -1089.105
v 12.476 861.947 -1110.792
v -10.073 857.974 -1088.675
v 14.481 861.677 -1109.506
v 15.881 861.381 -1107.53
v 16.287 861.084 -1106.264
v 16.433 860.803 -1104.844
v 10.049 857.965 -1088.681
v 11.36 857.99 -1088.805
v 12.602 858.108 -1089.248
v 14.754 858.408 -1090.653
v 16.439 859.106 -1095.057
v 16.03 858.692 -1092.638
v 14.885 859.536 -1106.114
v 15.024 859.391 -1105.123
v 15.016 859.953 -1105.127
v 15.466 860.396 -1104.973
v 15.881 860.672 -1104.978
v 16.153 860.806 -1104.842
v 10.061 860.526 -1110.085
v 10.058 860.24 -1110.087
v 11.766 860.245 -1109.8
v 10.067 860.814 -1110.082
v 10.051 861.369 -1110.374
v 10.075 861.812 -1110.787
v 14.445 860.518 -1107.539
v 13.48 859.97 -1108.66
v 14.593 859.671 -1107.111
v 15.05 861.111 -1107.662
v 12.496 860.968 -1109.506
v 12.76 861.522 -1109.941
v 11.773 858.69 -1109.939
v 10.085 858.841 -1110.357
v 13.479 858.551 -1108.944
v 14.596 858.255 -1107.393
v 14.878 858.113 -1106.401
v 15.036 857.982 -1105.4
v 14.606 856.135 -1105.686
v 10.059 857.831 -1110.37
v 12.202 853.872 -1107.384
v 12.051 853.44 -1106.255
v 13.596 854.564 -1105.978
v 10.906 853.007 -1106.26
v 10.07 853.018 -1106.252
v 11.204 854.009 -1108.238
v 10.05 853.57 -1107.964
v 10.073 855.004 -1109.371
v 13.756 855.852 -1107.955
v 12.19 856.132 -1109.517
v 10.055 856.693 -1110.23
v 14.624 854.446 -1095.894
v 15.04 856.141 -1095.615
v 13.613 852.732 -1096.187
v 12.035 851.585 -1096.337
v 10.91 851.308 -1096.474
v 10.062 851.31 -1096.473
v -10.065 853.016 -1106.253
v -10.047 851.328 -1096.46
v 10.901 855.272 -1090.807
v 10.065 853.581 -1091.225
v 10.049 855.271 -1090.666
v 12.07 855.438 -1091.074
v 14.619 855.861 -1093.769
v 11.21 851.462 -1094.197
v 10.06 851.309 -1094.347
v 10.083 852.176 -1092.634
v 10.057 851.165 -1095.483
v 12.177 851.727 -1095.203
v 12.205 853.165 -1092.211
v 13.626 855.577 -1092.21
v 13.759 853.444 -1093.916
v -10.08 853.573 -1091.231
v -10.086 855.271 -1090.666
v -10.083 852.154 -1092.65
v -10.062 851.317 -1094.341
v -10.051 851.183 -1095.47
v -14.881 855.998 -1094.624
v -14.6 854.436 -1095.901
v -15.036 856.131 -1095.623
v -14.618 855.842 -1093.641
v -11.751 855.438 -1090.932
v -12.197 851.737 -1095.196
v -12.056 851.595 -1096.331
v -13.618 852.727 -1096.19
v -10.932 851.304 -1096.478
v -11.192 851.462 -1094.197
v -13.759 853.437 -1093.921
v -13.453 855.58 -1091.925
v -12.198 853.154 -1092.219
v -14.586 856.147 -1105.678
v -15.044 857.968 -1105.41
v -13.617 854.571 -1105.973
v -12.055 853.438 -1106.256
v -10.904 853.025 -1106.247
v -10.898 858.843 -1110.214
v -10.08 856.976 -1110.373
v -10.052 858.839 -1110.359
v -12.051 858.688 -1109.94
v -14.605 858.261 -1107.105
v -11.194 854.013 -1108.235
v -10.048 853.737 -1108.23
v -10.073 855.138 -1109.518
v -10.05 853.311 -1107.238
v -12.193 853.866 -1107.388
v -12.214 856.121 -1109.525
v -13.624 858.536 -1108.813
v -13.736 855.863 -1107.947
v 15.028 857.693 -1095.337
v 14.59 857.259 -1093.5
v 13.596 856.974 -1091.941
v 12.065 856.852 -1090.793
v 10.93 856.852 -1090.509
v 10.054 856.835 -1090.38
v -10.076 856.838 -1090.378
v -11.784 856.833 -1090.665
v -13.485 856.975 -1091.799
v -14.59 857.279 -1093.344
v -14.87 857.423 -1094.335
v -15.044 857.684 -1095.343
v -15.039 859.389 -1105.125
v -14.596 859.685 -1106.959
v -13.626 859.953 -1108.53
v -12.062 860.24 -1109.662
v -10.92 860.245 -1109.941
v -10.082 860.236 -1110.09
v 16.04 858.983 -1095.044
v 15.455 858.687 -1095.053
v 15.177 858.265 -1095.192
v 15.049 857.992 -1095.185
v 10.056 857.261 -1090.237
v 10.061 857.69 -1089.809
v 10.082 857.988 -1089.232
v 10.051 857.966 -1088.964
v 12.469 857.546 -1090.662
v 12.774 858.128 -1090.084
v 14.47 857.983 -1092.638
v 15.043 858.413 -1092.352
v -10.08 857.969 -1089.245
v -10.072 857.833 -1089.667
v -10.054 857.42 -1090.084
v -10.049 857.14 -1090.223
v -15.048 858.107 -1095.203
v -15.448 858.692 -1095.049
v -15.883 858.969 -1095.054
v -16.151 859.122 -1095.046
v -14.472 857.971 -1092.647
v -15.043 858.394 -1092.365
v -12.468 857.559 -1090.652
v -12.765 858.117 -1090.092
v -16.013 860.82 -1104.832
v -15.445 860.395 -1104.973
v -15.164 859.968 -1104.974
v -15.018 859.688 -1105.114
v -10.076 860.807 -1110.087
v -10.066 861.382 -1110.366
v -10.086 861.793 -1110.801
v -10.053 861.958 -1110.926
v -12.46 860.968 -1109.507
v -12.766 861.52 -1109.943
v -14.464 860.529 -1107.531
v -15.049 861.084 -1107.682
v 3.693 847.915 -1123.407
v 6.506 847.758 -1122.994
v 6.534 847.777 -1122.696
v 6.378 847.909 -1123.412
v 6.383 847.77 -1122.984
v 3.275 851.182 -1119.292
v 2.972 852.444 -1117.884
v 3.271 859.119 -1117.876
v 3.105 857.826 -1117.179
v 0.293 851.32 -1116.033
v 0.43 852.877 -1115.752
v -1.264 854.441 -1115.606
v 0.005 853.87 -1115.468
v 1.407 853.291 -1115.901
v 2.832 854.289 -1117.032
v 0.011 854.724 -1115.323
v -1.404 856.144 -1115.464
v 0.155 855.718 -1115.181
v 1.293 855.154 -1115.462
v 2.831 856.273 -1116.891
v -0.29 856.556 -1115.048
v -0.154 858.395 -1114.768
v 3.249 863.216 -1120.723
v 3.26 863.082 -1120.717
v 3.28 863.379 -1120.707
v 3.385 863.495 -1120.726
v 3.53 863.639 -1120.724
v 3.256 863.079 -1123.413
v 3.699 863.517 -1123.83
v 3.248 862.08 -1125.97
v 3.702 862.384 -1126.522
v 3.264 857.838 -1129.223
v 3.254 860.242 -1127.952
v 3.703 860.4 -1128.649
v 3.703 857.706 -1129.783
v 3.263 852.449 -1128.798
v 3.261 855.142 -1129.508
v 3.669 854.704 -1129.942
v 3.705 848.774 -1125.812
v 3.259 849.043 -1125.397
v 3.275 850.331 -1127.232
v 3.707 850.052 -1127.655
v 3.674 848.186 -1124.551
v 3.241 848.322 -1123.279
v 3.27 848.2 -1123.407
v 3.396 848.047 -1123.414
v 3.56 847.922 -1123.403
v 3.259 861.379 -1127.382
v 3.525 861.509 -1127.533
v 3.545 857.127 -1129.791
v 3.244 852.294 -1128.95
v 3.672 852.012 -1129.09
v 3.535 852.157 -1129.087
v 3.265 848.056 -1122.274
v 3.552 847.774 -1122.273
v 3.267 847.915 -1120.997
v 3.527 847.756 -1121.009
v 9.498 862.513 -1116.89
v 9.225 862.805 -1118.302
v 9.211 862.937 -1118.167
v 9.093 863.095 -1118.155
v 8.924 863.218 -1118.169
v 12.491 862.099 -1114.329
v 11.633 862.236 -1114.617
v 9.796 862.665 -1116.315
v 10.368 862.385 -1115.462
v 9.645 862.801 -1116.178
v 11.222 862.388 -1114.751
v 11.193 862.509 -1114.624
v 12.892 849.037 -1116.611
v 12.466 849.037 -1116.611
v 12.482 849.19 -1116.744
v 12.608 848.895 -1116.611
v 12.614 848.758 -1116.466
v 11.609 848.749 -1117.039
v 11.043 848.608 -1117.322
v 10.512 848.208 -1117.587
v 10.646 848.202 -1117.592
v 10.621 848.326 -1117.746
v 10.632 848.476 -1117.74
v 9.916 848.471 -1118.453
v 9.626 848.467 -1119.023
v 9.514 848.062 -1118.867
v 9.504 848.197 -1119.155
v 9.496 848.475 -1119.443
v 9.517 848.348 -1119.432
v 9.363 848.198 -1120.006
v 9.367 848.342 -1120.003
v 9.208 848.33 -1120.579
v 9.234 848.349 -1120.424
v 9.234 848.207 -1120.566
v 9.215 848.335 -1120.859
v 9.234 848.348 -1120.85
v 9.235 848.208 -1120.282
v 8.788 863.789 -1121.852
v 8.78 862.933 -1125.685
v 8.81 863.662 -1123.118
v 8.791 861.239 -1127.806
v 8.791 859.112 -1129.366
v 8.797 856.706 -1129.93
v 8.786 854.288 -1129.936
v 8.803 851.889 -1129.076
v 8.798 849.759 -1127.236
v 8.78 848.186 -1124.693
v 3.419 858.273 -1117.589
v 3.275 858.98 -1118.016
v 3.559 858.98 -1118.016
v 3.265 857.413 -1117.17
v 2.981 855.712 -1116.887
v 2.967 854.001 -1117.319
v 3.244 852.436 -1118.173
v 3.244 851.302 -1119.449
v 3.535 851.307 -1119.445
v 3.258 850.744 -1120.293
v 3.255 850.459 -1121.429
v 3.273 850.613 -1123.263
v 3.256 851.31 -1124.973
v 3.261 852.731 -1126.389
v 3.256 854.287 -1127.242
v 3.269 860.536 -1119.437
v 3.241 855.979 -1127.391
v 3.25 861.089 -1121.29
v 3.245 857.399 -1127.106
v 3.267 860.959 -1123.266
v 3.251 858.822 -1126.393
v 3.259 860.103 -1125.113
v 9.212 848.617 -1120.719
v 9.224 848.767 -1120.713
v 9.197 850.591 -1120.443
v 9.482 851.443 -1119.024
v 9.792 852.454 -1118.018
v 10.21 853.867 -1117.171
v 10.228 855.297 -1116.879
v 9.375 859.266 -1118.014
v 9.218 859.964 -1118.731
v 9.629 858.253 -1117.462
v 10.05 856.832 -1116.897
v 9.082 851.319 -1119.437
v 9.201 850.878 -1120.441
v 8.918 850.878 -1120.441
v 9.356 851.879 -1118.591
v 9.772 853.007 -1117.745
v 10.075 854.439 -1117.168
v 10.048 855.98 -1116.898
v 9.656 857.421 -1117.165
v 9.23 858.696 -1117.874
v 8.931 859.82 -1118.874
v 9.227 859.828 -1118.868
v 9.643 857.695 -1117.313
v 9.218 848.621 -1124.545
v 9.211 849.892 -1126.958
v 9.207 854.568 -1129.513
v 9.223 852.027 -1128.654
v 9.207 857.404 -1129.512
v 9.206 859.956 -1128.379
v 9.209 863.077 -1123.982
v 9.208 861.942 -1126.534
v 9.204 863.357 -1122.425
v 9.208 863.218 -1120.721
v 9.224 863.372 -1120.713
v 9.072 863.506 -1120.718
v 9.06 863.639 -1120.724
v 9.078 850.182 -1127.805
v 9.066 856.271 -1129.937
v 9.225 861.954 -1126.809
v 9.088 862.099 -1126.949
v 9.209 858.398 -1126.676
v 8.923 858.396 -1126.393
v 8.914 856.689 -1127.107
v 9.228 856.71 -1127.091
v 9.228 856.71 -1127.233
v 9.232 860.825 -1123.97
v 8.94 859.827 -1125.108
v 9.206 859.814 -1125.543
v 8.921 860.664 -1123.275
v 9.217 861.098 -1122.134
v 8.928 860.81 -1122.137
v 8.925 860.383 -1120.012
v 8.915 860.801 -1121.151
v 9.201 860.803 -1120.441
v 9.215 859.678 -1125.539
v 9.207 860.949 -1121.998
v 3.53 850.594 -1121.859
v 8.944 850.612 -1121.704
v 8.947 850.757 -1122.978
v 3.527 850.734 -1122.994
v 3.545 850.888 -1120.717
v 3.536 859.673 -1118.878
v 3.563 860.401 -1119.857
v 3.548 860.816 -1121.141
v 3.535 860.807 -1123.132
v 3.529 858.818 -1126.113
v 3.535 859.956 -1124.834
v 3.535 857.404 -1126.819
v 3.562 854.303 -1126.947
v 3.53 855.983 -1127.105
v 3.543 852.73 -1126.106
v 3.563 851.043 -1123.969
v 3.279 860.826 -1123.402
v 3.384 856.689 -1127.107
v 3.251 856.695 -1127.244
v 3.415 851.606 -1124.964
v 3.536 851.591 -1124.975
v 3.247 851.445 -1124.978
v 9.233 850.475 -1121.985
v 9.207 850.74 -1123.841
v 9.199 854.988 -1127.39
v 9.213 853.297 -1126.815
v 9.236 851.753 -1125.528
v 8.952 854.73 -1127.088
v 8.922 852.866 -1126.252
v 8.933 851.597 -1124.971
v 8.932 851.03 -1123.978
v 9.073 850.887 -1123.837
v 9.229 850.897 -1123.83
v 9.219 853.301 -1126.671
v -26.957 860.377 -1106.404
v -26.803 860.669 -1106.256
v -26.797 860.248 -1106.395
v -27.209 860.115 -1106.389
v -27.516 860.099 -1106.4
v -27.099 860.235 -1106.404
v -27.092 860.381 -1106.401
v -27.225 860.671 -1106.113
v -26.951 860.806 -1105.976
v -27.362 860.391 -1106.252
v -27.803 860.096 -1106.118
v -27.356 860.82 -1105.682
v -26.954 860.946 -1105.552
v -27.522 860.379 -1105.41
v -27.787 860.533 -1105.827
v -27.953 859.949 -1105.839
v -2.422 850.88 -1121.006
v -2.419 850.74 -1121.856
v -2.289 850.733 -1122.712
v -2.12 851.176 -1120.146
v -1.719 850.876 -1123.42
v -0.017 859.81 -1124.979
v -0.563 851.175 -1123.976
v -0.01 851.165 -1123.983
v -0.835 859.832 -1124.821
v -0.98 851.039 -1123.83
v -1.562 860.103 -1124.546
v -2.119 860.394 -1123.832
v -2.287 860.659 -1121.435
v -2.393 860.684 -1123.119
v -2.396 860.824 -1122.269
v -1.705 860.528 -1120.718
v -1.56 851.455 -1119.583
v -0.989 860.391 -1120.29
v -0.85 851.598 -1119.157
v -0.438 860.379 -1120.156
v 0.001 851.74 -1119.015
v 0.016 860.399 -1120
v 0.584 851.751 -1119.149
v 0.854 860.391 -1120.148
v 0.986 851.593 -1119.302
v 1.554 860.526 -1120.578
v 1.703 851.315 -1119.723
v 2.141 860.682 -1121.277
v 2.259 851.024 -1120.296
v 2.403 860.809 -1122.138
v 2.412 850.889 -1121.141
v 2.401 860.665 -1122.99
v 2.392 850.734 -1122.002
v 2.266 860.387 -1123.696
v 2.122 850.743 -1122.704
v 1.716 860.115 -1124.396
v 1.545 851.02 -1123.418
v 1.002 859.969 -1124.824
v 0.832 851.159 -1123.846
v 0.56 859.816 -1124.974
v 9.503 859.54 -1118.73
v 9.512 858.27 -1117.733
v 9.487 857.26 -1117.32
v 9.507 860.393 -1120.288
v 9.482 856.264 -1117.039
v 9.517 860.825 -1121.843
v 9.498 859.962 -1124.83
v 9.515 860.54 -1123.262
v 9.482 858.816 -1125.972
v 9.507 857.132 -1126.81
v 9.483 855.13 -1126.964
v -9.495 856.28 -1117.028
v -9.506 858.115 -1117.601
v -9.493 859.543 -1118.87
v -9.503 860.386 -1120.293
v -9.502 860.812 -1121.852
v -9.518 860.518 -1123.42
v -9.482 859.975 -1124.82
v -9.507 858.682 -1126.109
v -9.511 857.261 -1126.819
v -9.5 856.135 -1126.956
v -9.511 855.134 -1126.961
v 9.481 851.442 -1124.696
v 9.48 852.434 -1125.831
v 9.509 853.589 -1126.526
v 9.511 854.441 -1126.808
v 9.512 850.896 -1121.136
v 9.5 850.888 -1122.985
v 9.495 851.452 -1119.443
v 9.511 852.739 -1118.017
v 9.508 854.439 -1117.168
v -9.507 853.294 -1126.392
v -9.502 851.879 -1125.255
v -9.512 851.021 -1123.559
v -9.484 850.758 -1121.843
v -9.496 851.175 -1120.006
v -9.517 852.153 -1118.598
v -9.517 853.429 -1117.606
v -9.491 854.723 -1117.167
v -9.485 855.578 -1117.023
v 10.067 857.269 -1117.881
v 10.056 856.268 -1117.603
v 10.05 858.25 -1118.315
v 10.058 859.531 -1119.445
v 10.053 860.095 -1121.007
v 10.056 860.239 -1122.707
v 10.061 859.675 -1124.407
v 10.076 858.551 -1125.675
v 10.064 856.983 -1126.39
v 10.047 855.27 -1126.54
v -10.057 856.284 -1126.525
v -10.08 855.275 -1126.537
v -10.07 857.409 -1126.248
v -10.05 858.841 -1125.387
v -10.063 859.824 -1123.976
v -10.048 860.26 -1122.267
v -10.067 860.105 -1120.575
v -10.076 859.248 -1119.161
v -10.05 857.848 -1118.014
v -10.081 856.267 -1117.604
v 10.068 854.15 -1126.246
v 10.055 853.29 -1125.827
v 10.066 852.022 -1124.546
v 10.059 851.308 -1122.989
v 10.07 851.316 -1121.283
v 10.072 851.884 -1119.722
v 10.078 853.023 -1118.442
v 10.081 854.584 -1117.732
v -10.065 855.143 -1117.597
v -10.084 854.138 -1117.889
v -10.066 852.732 -1118.731
v -10.067 851.739 -1120.149
v -10.067 851.314 -1121.709
v -10.08 851.446 -1123.417
v -10.073 852.302 -1124.974
v -10.055 853.591 -1125.957
v 10.073 852.736 -1119.438
v 10.057 853.859 -1118.453
v 10.065 854.999 -1118.165
v 10.067 852.023 -1120.575
v 10.057 856.269 -1118.028
v 10.081 851.749 -1121.986
v 10.067 857.552 -1118.448
v 10.056 852.015 -1123.416
v 10.055 858.678 -1119.305
v 10.049 852.719 -1124.696
v 10.055 859.529 -1120.581
v 10.074 853.871 -1125.534
v 10.077 859.828 -1121.988
v 10.048 855.27 -1125.973
v 10.07 859.539 -1123.41
v 10.075 856.566 -1125.959
v 10.082 857.705 -1125.53
v 10.078 858.837 -1124.681
v -10.08 852.865 -1119.305
v -10.054 853.876 -1118.441
v -10.082 854.848 -1118.172
v -10.054 852.174 -1120.427
v -10.057 855.574 -1118.018
v -10.07 856.274 -1118.024
v -10.082 851.729 -1121.859
v -10.062 857.556 -1118.446
v -10.048 852.036 -1123.26
v -10.065 858.83 -1119.44
v -10.085 852.719 -1124.554
v -10.078 853.858 -1125.543
v -10.085 859.525 -1120.867
v -10.062 855.287 -1125.961
v -10.061 859.825 -1122.274
v -10.07 856.133 -1125.965
v -10.054 859.405 -1123.688
v -10.049 857.14 -1125.812
v -10.047 858.417 -1124.961
v 9.487 856.126 -1125.544
v 9.483 855.414 -1125.546
v 9.497 856.983 -1125.398
v 9.519 858.133 -1124.678
v 9.507 858.975 -1123.549
v 9.484 859.243 -1122.285
v 9.494 859.108 -1121.004
v 9.508 858.409 -1119.72
v 9.51 857.417 -1118.869
v 9.52 856.148 -1118.58
v 9.509 855.574 -1118.585
v 9.501 855.001 -1118.589
v 9.496 854.147 -1118.876
v 9.501 853.299 -1119.582
v 9.514 852.599 -1120.568
v 9.499 852.305 -1121.852
v 9.493 852.443 -1123.131
v 9.505 853.019 -1124.259
v 9.495 854.004 -1125.115
v -9.498 854.86 -1125.395
v -9.497 855.428 -1125.536
v -9.503 854.289 -1125.256
v -9.488 853.449 -1124.681
v -9.509 852.726 -1123.841
v -9.516 852.295 -1122.71
v -9.516 852.295 -1121.434
v -9.514 852.722 -1120.157
v -9.512 853.574 -1119.305
v -9.499 854.859 -1118.731
v -9.516 856.123 -1118.598
v -9.497 856.846 -1118.73
v -9.491 857.701 -1119.152
v -9.491 858.693 -1120.003
v -9.481 859.267 -1121.274
v -9.507 859.249 -1122.564
v -9.508 858.823 -1123.84
v -9.505 857.832 -1124.831
v -9.494 856.706 -1125.393
v 7.523 855.431 -1125.534
v 7.528 856.144 -1125.531
v 7.502 856.976 -1125.402
v 7.5 858.109 -1124.695
v 7.516 859.255 -1122.276
v 7.525 858.977 -1123.548
v 7.515 859.113 -1121
v 7.531 858.414 -1119.716
v 7.513 857.409 -1118.874
v 7.518 856.137 -1118.588
v 7.51 855.564 -1118.593
v 7.506 854.143 -1118.878
v 7.502 854.991 -1118.596
v 7.515 853.299 -1119.583
v 7.506 852.584 -1120.579
v 7.513 852.305 -1121.852
v 7.51 852.445 -1123.13
v 7.504 853.008 -1124.267
v 7.512 854.006 -1125.114
v -7.518 854.856 -1125.398
v -7.521 855.422 -1125.541
v -7.52 854.288 -1125.257
v -7.5 853.451 -1124.68
v -7.523 852.726 -1123.84
v -7.504 852.314 -1122.697
v -7.501 852.316 -1121.419
v -7.502 852.741 -1120.143
v -7.519 853.579 -1119.301
v -7.507 854.864 -1118.728
v -7.503 856.143 -1118.584
v -7.53 856.833 -1118.739
v -7.496 857.708 -1119.148
v -7.511 858.69 -1120.006
v -7.532 859.242 -1121.293
v -7.502 858.838 -1123.83
v -7.52 859.251 -1122.562
v -7.534 857.823 -1124.838
v -7.512 856.704 -1125.394
v 5.516 855.699 -1122
v 6.535 857.562 -1122.27
v 6.536 857.137 -1120.994
v 6.508 854.423 -1120.866
v 6.513 854.001 -1121.856
v 6.534 854.299 -1122.98
v -5.534 855.706 -1121.995
v -6.533 854 -1121.856
v -6.54 854.705 -1120.725
v -6.534 857.261 -1121.148
v -6.543 857.538 -1122.287
v -6.527 856.982 -1123.271
v -2.424 843.506 -1081.022
v -2.422 843.649 -1081.872
v -2.257 843.949 -1082.711
v -2.139 843.506 -1080.313
v -1.699 844.226 -1083.283
v 0.013 853.166 -1082.427
v -0.565 844.651 -1083.85
v 0.006 844.654 -1083.848
v -0.847 853.16 -1082.29
v -0.982 844.515 -1083.704
v -1.576 853.287 -1081.732
v -2.142 853.43 -1081.165
v -2.271 853.013 -1078.606
v -2.396 853.451 -1080.299
v -2.429 853.286 -1079.465
v -1.7 852.733 -1078.037
v -1.572 843.649 -1079.603
v -0.988 852.451 -1077.61
v -0.837 843.667 -1079.165
v -0.427 852.305 -1077.471
v 0.011 843.806 -1079.025
v 0.003 852.308 -1077.469
v 0.562 843.795 -1079.033
v 0.846 852.445 -1077.615
v 0.985 843.652 -1079.176
v 1.558 852.731 -1078.038
v 1.716 843.526 -1079.59
v 2.124 853.013 -1078.606
v 2.284 843.526 -1080.299
v 2.391 853.285 -1079.323
v 2.405 843.511 -1081.16
v 2.427 853.452 -1080.156
v 2.417 843.662 -1082.004
v 2.273 853.444 -1081.013
v 2.146 843.954 -1082.707
v 1.702 853.299 -1081.724
v 1.547 844.215 -1083.432
v 0.988 853.295 -1082.152
v 0.869 844.521 -1083.7
v 0.572 853.16 -1082.289
v 9.497 851.17 -1076.479
v 9.49 849.605 -1075.774
v 9.496 848.617 -1075.629
v 9.487 852.439 -1077.619
v 9.489 847.62 -1075.774
v 9.485 853.146 -1079.038
v 9.494 853.295 -1082.152
v 9.512 853.449 -1080.442
v 9.49 852.441 -1083.572
v 9.504 851.175 -1084.842
v 9.495 849.325 -1085.555
v -9.516 847.616 -1075.777
v -9.481 849.484 -1075.759
v -9.51 851.307 -1076.483
v -9.507 852.443 -1077.616
v -9.492 853.163 -1079.168
v -9.487 853.45 -1080.583
v -9.49 853.306 -1082.145
v -9.483 852.46 -1083.701
v -9.498 851.173 -1084.843
v -9.503 850.319 -1085.271
v -9.504 849.326 -1085.554
v 9.487 845.066 -1084.425
v 9.483 846.339 -1085.278
v 9.518 847.781 -1085.544
v 9.498 848.618 -1085.695
v 9.481 843.502 -1081.167
v 9.482 844.07 -1083.009
v 9.487 843.648 -1079.32
v 9.482 844.353 -1077.763
v 9.515 845.794 -1076.471
v -9.501 847.343 -1085.553
v -9.496 845.645 -1084.841
v -9.481 844.379 -1083.558
v -9.504 843.654 -1081.868
v -9.515 843.504 -1080.03
v -9.483 844.094 -1078.313
v -9.505 844.929 -1077.048
v -9.519 846.054 -1076.345
v -9.512 846.91 -1075.917
v 10.058 848.755 -1076.199
v 10.059 847.621 -1076.199
v 10.048 849.74 -1076.346
v 10.079 851.322 -1077.181
v 10.06 852.443 -1078.467
v 10.047 852.859 -1080.175
v 10.055 852.865 -1081.872
v 10.055 852.014 -1083.29
v 10.081 850.898 -1084.553
v 10.076 849.193 -1085.123
v -10.072 850.318 -1084.846
v -10.071 849.184 -1085.129
v -10.054 851.181 -1084.27
v -10.057 852.314 -1082.995
v -10.061 852.878 -1081.438
v -10.067 852.874 -1079.739
v -10.057 852.172 -1078.174
v -10.064 851.032 -1076.902
v -10.084 849.317 -1076.344
v -10.068 847.627 -1076.195
v 10.053 848.185 -1085.134
v 10.074 847.065 -1084.982
v 10.086 845.655 -1084.125
v 10.064 844.506 -1082.86
v 10.081 843.95 -1081.292
v 10.076 844.089 -1079.593
v 10.079 844.799 -1078.032
v 10.063 846.065 -1076.905
v -10.068 846.634 -1076.62
v -10.074 845.779 -1077.049
v -10.071 844.647 -1078.323
v -10.075 844.077 -1080.027
v -10.08 844.073 -1081.731
v -10.065 844.793 -1083.283
v -10.064 845.928 -1084.417
v -10.078 847.478 -1085.132
v 10.067 844.791 -1079.03
v 10.061 845.638 -1077.757
v 10.068 846.635 -1077.045
v 10.073 844.512 -1080.445
v 10.077 847.776 -1076.757
v 10.061 844.645 -1081.869
v 10.074 849.191 -1076.758
v 10.068 845.359 -1083.142
v 10.077 850.612 -1077.324
v 10.079 846.36 -1084.129
v 10.084 851.609 -1078.171
v 10.08 847.778 -1084.554
v 10.085 852.319 -1079.447
v 10.084 849.199 -1084.552
v 10.075 852.454 -1081.011
v 10.055 850.313 -1084.282
v 10.069 851.315 -1083.567
v 10.053 852.155 -1082.298
v -10.063 844.936 -1078.744
v -10.076 845.636 -1077.759
v -10.062 846.496 -1077.185
v -10.063 844.51 -1080.163
v -10.049 847.215 -1076.894
v -10.066 847.77 -1076.761
v -10.086 844.636 -1081.592
v -10.053 849.196 -1076.755
v -10.084 845.205 -1083.009
v -10.065 850.748 -1077.328
v -10.077 846.202 -1083.998
v -10.049 847.64 -1084.551
v -10.068 851.739 -1078.463
v -10.076 849.181 -1084.565
v -10.085 852.294 -1079.89
v -10.055 850.046 -1084.412
v -10.068 852.448 -1081.299
v -10.062 850.892 -1083.848
v -10.047 851.895 -1082.707
v 9.508 849.76 -1083.847
v 9.489 849.037 -1084.14
v 9.492 850.457 -1083.572
v 9.491 851.449 -1082.438
v 9.507 851.886 -1081.154
v 9.515 851.892 -1079.873
v 9.494 851.451 -1078.75
v 9.485 850.452 -1077.762
v 9.497 849.185 -1077.188
v 9.513 847.92 -1077.18
v 9.514 847.354 -1077.322
v 9.48 846.763 -1077.622
v 9.498 846.066 -1078.18
v 9.508 845.364 -1079.026
v 9.514 844.943 -1080.157
v 9.497 845.073 -1081.442
v 9.501 845.643 -1082.716
v 9.481 846.48 -1083.577
v 9.485 847.758 -1084.142
v -9.501 848.477 -1084.135
v -9.483 849.057 -1084.126
v -9.514 847.901 -1084.142
v -9.481 847.074 -1083.841
v -9.496 846.07 -1083.282
v -9.486 845.368 -1082.284
v -9.518 844.92 -1081.024
v -9.516 845.064 -1079.747
v -9.497 845.644 -1078.603
v -9.483 846.647 -1077.746
v -9.503 847.909 -1077.188
v -9.519 848.606 -1077.197
v -9.48 849.484 -1077.319
v -9.502 850.603 -1077.897
v -9.508 851.592 -1079.034
v -9.52 851.867 -1080.174
v -9.49 851.888 -1081.435
v -9.517 851.302 -1082.725
v -9.507 850.317 -1083.713
v 7.516 849.045 -1084.134
v 7.531 849.765 -1083.843
v 7.519 850.466 -1083.565
v 7.525 851.462 -1082.428
v 7.519 851.884 -1079.879
v 7.516 851.881 -1081.157
v 7.516 851.456 -1078.746
v 7.527 849.196 -1077.181
v 7.535 850.477 -1077.744
v 7.511 847.908 -1077.189
v 7.527 847.352 -1077.323
v 7.508 846.063 -1078.183
v 7.516 846.777 -1077.612
v 7.524 845.365 -1079.026
v 7.53 844.943 -1080.157
v 7.505 845.068 -1081.446
v 7.528 845.651 -1082.71
v 7.512 846.491 -1083.569
v 7.504 847.761 -1084.14
v -7.52 848.474 -1084.137
v -7.535 849.031 -1084.145
v -7.517 847.909 -1084.136
v -7.5 847.07 -1083.844
v -7.525 846.061 -1083.289
v -7.501 845.369 -1082.284
v -7.517 844.932 -1081.016
v -7.504 845.083 -1079.734
v -7.53 845.631 -1078.613
v -7.517 846.633 -1077.755
v -7.502 847.92 -1077.18
v -7.53 848.609 -1077.194
v -7.526 849.462 -1077.334
v -7.511 850.607 -1077.894
v -7.502 851.607 -1079.024
v -7.503 851.89 -1081.434
v -7.533 851.868 -1080.174
v -7.523 851.308 -1082.721
v -7.511 850.324 -1083.707
v 5.51 848.464 -1080.741
v 6.518 850.176 -1080.309
v 6.52 849.469 -1079.173
v 6.502 846.904 -1079.891
v 6.532 846.783 -1081.011
v 6.539 847.213 -1082
v -5.513 848.489 -1080.723
v -6.528 846.773 -1081.018
v -6.511 847.068 -1079.734
v -6.51 849.621 -1079.45
v -6.535 850.171 -1080.313
v -6.536 850.028 -1081.447
v 3.422 881.812 -1124.394
v 3.53 878.669 -1124.695
v 3.4 878.819 -1124.121
v 3.401 881.656 -1125.822
v 3.127 878.543 -1126.101
v 3.385 878.667 -1125.263
v 2.818 881.503 -1126.965
v 2.537 878.385 -1127.105
v 1.99 881.377 -1127.946
v 1.574 878.405 -1127.799
v 0.835 881.22 -1128.382
v 0.438 878.263 -1128.083
v -0.429 881.229 -1128.517
v -0.869 878.242 -1128.099
v -1.713 881.365 -1128.096
v -2.119 878.401 -1127.519
v -2.534 881.386 -1127.514
v -2.977 878.538 -1126.53
v -3.131 881.507 -1126.678
v -3.256 881.519 -1126.102
v -3.399 878.682 -1125.252
v -3.415 881.649 -1125.685
v -3.536 878.685 -1124.541
v -3.399 881.802 -1124.401
v -3.404 878.82 -1123.695
v -2.998 881.927 -1123.137
v -2.692 878.965 -1122.559
v -2 882.072 -1122.142
v -1.692 879.112 -1121.563
v -0.699 882.089 -1121.563
v -0.434 879.099 -1121.288
v 0.579 882.09 -1121.562
v 0.868 879.117 -1121.275
v 1.85 882.087 -1121.989
v 2.108 878.95 -1121.86
v 2.849 881.95 -1122.979
v 2.983 878.967 -1122.841
v 3.25 881.791 -1123.7
v 4.943 881.502 -1126.115
v 4.121 881.38 -1127.944
v 2.692 881.23 -1129.367
v 4.952 881.791 -1124.125
v 0.711 881.091 -1130.074
v 4.39 881.936 -1122.421
v -1.273 881.092 -1129.932
v 3.105 882.073 -1121.007
v -3.102 881.244 -1129.074
v 1.281 882.227 -1120.147
v -4.411 881.363 -1127.672
v -0.723 882.214 -1120.015
v -4.959 881.518 -1125.961
v -2.677 882.236 -1120.708
v -4.96 881.801 -1123.835
v -4.1 882.09 -1122.129
v -4.534 879.533 -1125.536
v -4.659 880.82 -1127.938
v -5.11 880.235 -1125.824
v -5.529 881.09 -1125.963
v 5.117 880.957 -1127.233
v 4.106 879.385 -1123.981
v 5.526 881.087 -1125.823
v 4.823 880.099 -1123.977
v 5.521 881.226 -1124.833
v 5.536 881.236 -1123.975
v -1.972 878.972 -1128.65
v -2.282 879.663 -1129.373
v -3.277 880.653 -1129.516
v -1.41 880.528 -1130.355
v 0.723 878.973 -1129.076
v 0.847 879.669 -1129.793
v 0.562 880.519 -1130.503
v 2.561 880.671 -1129.929
v 3.107 879.096 -1127.671
v 3.698 879.822 -1128.368
v 4.124 880.814 -1128.793
v 4.686 881.52 -1121.989
v -5.527 881.234 -1124.118
v -5.106 881.514 -1122.703
v -5.518 881.24 -1125.106
v 1.991 879.818 -1120.855
v 2.253 880.795 -1120.441
v 3.268 881.662 -1120.43
v 1.434 881.81 -1119.574
v -0.721 879.805 -1120.581
v -0.859 880.801 -1119.87
v -0.558 881.805 -1119.436
v -2.561 881.792 -1120.012
v -3.109 879.679 -1121.846
v -3.673 880.674 -1121.419
v -4.11 881.658 -1121.283
v 1.966 872.853 -1079.04
v 1.574 870.04 -1079.732
v 2.002 869.9 -1079.589
v 0.711 873.009 -1079.455
v 0.001 870.031 -1080.022
v 1.012 870.044 -1079.871
v -0.575 873.002 -1079.318
v -0.977 870.041 -1079.732
v -1.706 872.863 -1078.749
v -2.135 869.883 -1079.034
v -2.546 872.729 -1077.893
v -2.816 869.618 -1077.886
v -3.133 872.431 -1076.626
v -3.128 869.457 -1076.766
v -3.124 872.295 -1075.488
v -2.966 869.188 -1075.479
v -2.704 872.15 -1074.356
v -2.274 869.034 -1074.354
v -2.139 872.007 -1073.648
v -1.712 871.866 -1073.222
v -1.287 868.888 -1073.506
v -1.295 871.86 -1072.942
v -0.556 868.904 -1073.211
v 0.006 871.736 -1072.647
v 0.269 868.744 -1073.082
v 1.274 871.73 -1072.651
v 1.543 868.884 -1073.367
v 2.551 871.872 -1073.359
v 2.849 869.047 -1074.061
v 3.39 872.006 -1074.216
v 3.534 869.172 -1075.066
v 3.841 872.308 -1075.479
v 3.841 869.33 -1076.188
v 3.827 872.44 -1076.762
v 3.7 869.614 -1077.605
v 3.242 872.711 -1078.047
v 2.972 869.742 -1078.75
v 2.706 872.874 -1078.599
v 0.856 873.295 -1081.013
v -1.151 873.138 -1080.882
v -2.855 872.994 -1079.89
v 2.83 873.145 -1080.451
v -4.121 872.718 -1078.326
v 4.237 872.996 -1079.18
v -4.697 872.428 -1076.345
v 5.253 872.587 -1077.609
v -4.378 872.169 -1074.484
v 5.518 872.29 -1075.633
v -3.527 871.886 -1072.783
v 4.98 872.027 -1073.634
v -1.977 871.596 -1071.511
v 3.682 871.728 -1072.227
v -0.133 871.454 -1070.944
v 1.837 871.586 -1071.235
v -1.846 869.603 -1072.368
v -3.986 871.295 -1072.658
v -2.116 870.322 -1071.793
v -2.272 871.02 -1071.233
v -0.14 872.867 -1081.582
v 2.416 870.602 -1080.02
v 1.262 872.856 -1081.589
v 2.676 871.436 -1080.457
v 2.284 872.877 -1081.291
v 2.962 872.713 -1081.023
v -3.963 870.035 -1075.766
v -4.667 870.748 -1075.479
v -4.957 871.594 -1074.348
v -5.228 871.886 -1076.469
v -3.404 870.455 -1078.463
v -4.096 871.318 -1078.597
v -4.663 872.31 -1078.313
v -3.562 872.57 -1080.032
v -1.424 870.735 -1080.309
v -1.691 871.739 -1080.727
v -1.849 872.72 -1081.16
v 4.67 872.435 -1079.602
v -0.579 870.872 -1070.671
v 0.989 870.878 -1070.667
v -1.55 871.03 -1070.943
v 4.68 870.173 -1077.045
v 5.374 871.013 -1077.052
v 5.681 872.164 -1077.749
v 5.951 871.87 -1075.771
v 4.264 869.754 -1074.346
v 4.835 870.466 -1073.919
v 5.517 871.439 -1073.791
v 4.25 871.162 -1072.084
v 2.283 869.473 -1072.501
v 2.545 870.167 -1071.803
v 2.677 871.011 -1071.098
v -0.549 882.095 -1122.126
v 0.009 877.268 -1121.421
v -0.014 882.073 -1122
v -2.13 881.938 -1122.987
v -1.14 877.116 -1121.712
v -1.275 881.941 -1122.276
v -2.143 876.967 -1122.285
v -2.847 881.791 -1123.842
v -2.57 876.966 -1122.852
v -2.989 881.649 -1124.976
v -2.821 876.846 -1123.687
v -2.981 881.655 -1125.681
v -2.978 876.694 -1124.545
v -2.855 876.539 -1125.264
v -1.116 881.386 -1127.797
v -1.861 877.249 -1126.823
v -2.122 881.377 -1127.095
v -2.695 881.514 -1126.247
v -2.566 876.401 -1125.97
v -1.43 877.111 -1127.103
v -2.145 876.256 -1126.539
v -1.861 876.398 -1126.823
v 0.019 881.386 -1127.939
v -0.855 877.117 -1127.383
v -1.561 876.268 -1126.956
v -1.134 876.411 -1127.239
v -0.985 876.133 -1127.235
v -0.013 877.11 -1127.529
v -0.418 876.274 -1127.377
v -0.407 876.14 -1127.372
v -0.004 876.266 -1127.383
v -0.01 876.12 -1127.386
v 0.551 881.362 -1127.956
v 1.271 881.37 -1127.667
v 1.152 876.99 -1127.23
v 2.114 881.506 -1127.104
v 2.145 876.991 -1126.663
v 2.825 881.508 -1126.11
v 2.55 877.118 -1126.106
v 2.993 881.668 -1124.963
v 2.835 877.119 -1125.255
v 2.99 881.807 -1124.397
v 2.99 877.128 -1124.397
v 2.708 881.809 -1123.829
v 2.828 877.256 -1123.698
v 2.142 881.952 -1122.836
v 2.569 877.274 -1122.977
v 2.112 877.251 -1122.426
v 1.142 881.946 -1122.273
v 1.562 877.263 -1121.992
v 0.984 877.255 -1121.572
v 0.415 877.254 -1121.573
v -1.427 876.83 -1126.251
v -0.292 847.196 -1118.311
v -0.557 847.351 -1118.159
v -0.997 847.198 -1118.451
v 0.439 847.211 -1118.441
v 0.013 847.494 -1118.016
v 2.259 846.911 -1120.438
v 2.276 846.924 -1120.855
v 1.85 847.065 -1119.579
v 1.262 847.475 -1118.314
v 0.139 847.483 -1118.024
v 1.266 847.195 -1118.879
v 2.133 847.489 -1119.012
v 2.819 847.332 -1120.016
v 2.26 846.912 -1121.146
v 2.958 847.33 -1121.01
v 2.14 846.927 -1121.703
v 2.819 847.332 -1122.143
v 1.971 846.908 -1122.284
v 2.412 847.203 -1122.843
v 1.58 846.932 -1122.692
v 1.835 847.196 -1123.415
v 1.14 846.922 -1123.124
v 0.995 847.203 -1123.835
v 0.552 846.907 -1123.277
v 0.571 847.204 -1123.976
v 0.019 846.932 -1123.401
v 0.001 847.202 -1124.119
v -0.556 847.068 -1123.264
v -1.144 847.337 -1123.841
v -1.115 847.074 -1122.976
v -2.129 847.484 -1123.27
v -1.995 847.195 -1122.281
v -1.577 847.19 -1122.71
v -2.68 847.637 -1122.411
v -2.272 847.341 -1121.711
v -2.282 847.476 -1120.582
v -2.962 847.78 -1121.276
v -2.287 847.473 -1121.151
v -2.839 848.05 -1120.151
v -2.002 847.616 -1120.016
v -1.278 847.768 -1119.158
v -2.274 848.191 -1119.16
v -1.683 847.782 -1119.573
v -1.428 848.329 -1118.453
v -0.727 847.898 -1118.883
v -0.725 848.325 -1118.314
v -0.143 847.91 -1118.874
v -0.015 848.467 -1118.172
v 0.421 847.908 -1118.876
v 1.144 848.484 -1118.444
v 1.424 848.057 -1119.296
v 1.008 848.063 -1119.008
v 2.129 848.479 -1119.014
v 1.846 848.055 -1119.723
v 2.681 848.469 -1120.014
v 2.271 847.913 -1120.857
v 2.135 847.916 -1120.287
v 2.981 848.339 -1120.998
v 2.26 847.905 -1121.43
v 2.833 848.334 -1122.136
v 1.856 847.919 -1122.554
v 2.145 847.923 -1121.984
v 2.286 848.206 -1123.119
v 1.436 847.924 -1122.976
v 1.403 848.184 -1123.844
v 0.985 847.905 -1123.273
v 0.724 848.205 -1124.112
v 0.416 847.904 -1123.415
v -0.013 848.185 -1124.268
v -0.148 847.907 -1123.414
v -1.137 848.334 -1123.979
v -1.268 848.058 -1123.123
v -0.7 848.059 -1123.406
v -2.141 848.468 -1123.418
v -1.688 848.203 -1122.695
v -2.279 848.329 -1121.715
v -2.71 848.608 -1122.426
v -1.977 848.2 -1122.273
v -2.272 848.618 -1120.576
v -2.983 848.758 -1121.428
v -2.278 848.471 -1121.147
v -2.837 849.044 -1120.292
v -1.992 848.615 -1120.011
v -1.124 848.769 -1119.294
v -2.252 849.198 -1119.291
v -1.716 848.751 -1119.59
v -0.562 848.907 -1119.013
v -1.407 849.336 -1118.585
v 0.016 848.915 -1118.865
v -0.696 849.338 -1118.3
v 0.554 849.036 -1119.022
v -0.014 849.461 -1118.313
v 1.149 849.48 -1118.441
v 1.152 849.058 -1119.148
v 2.111 849.46 -1119.165
v 1.987 849.046 -1120.007
v 1.557 849.043 -1119.584
v 2.701 849.475 -1120.004
v 2.137 848.91 -1120.57
v 2.967 849.321 -1121.147
v 2.249 848.889 -1121.719
v 2.281 848.912 -1121.136
v 2.819 849.317 -1122.285
v 2.14 848.913 -1122.27
v 2.285 849.198 -1123.261
v 1.433 848.914 -1123.12
v 1.846 848.905 -1122.701
v 1.428 849.194 -1123.973
v 0.859 848.909 -1123.407
v 0.702 849.182 -1124.265
v 0.287 848.906 -1123.551
v -0.002 849.185 -1124.263
v -0.275 848.909 -1123.548
v -1.406 849.054 -1123.121
v -1.124 849.336 -1124.115
v -0.843 849.051 -1123.407
v -1.861 849.174 -1122.711
v -2.111 849.482 -1123.544
v -2.269 849.329 -1121.709
v -2.703 849.606 -1122.564
v -2.125 849.188 -1122.275
v -2.963 849.764 -1121.418
v -2.288 849.457 -1121.152
v -1.971 849.622 -1120.001
v -2.853 850.025 -1120.442
v -2.143 849.601 -1120.583
v -1.554 849.758 -1119.58
v -2.258 850.187 -1119.435
v -0.576 849.89 -1119.161
v -1.424 850.317 -1118.735
v -1.154 849.882 -1119.309
v -0.723 850.312 -1118.455
v 0.586 850.051 -1119.148
v -0.01 850.456 -1118.453
v -0.013 849.887 -1119.022
v 1.142 850.043 -1119.437
v 1.151 850.475 -1118.582
v 1.985 850.038 -1120.15
v 2.111 850.452 -1119.307
v 1.578 850.05 -1119.715
v 2.268 849.895 -1120.717
v 2.686 850.458 -1120.154
v 2.276 849.901 -1121.848
v 2.981 850.323 -1121.282
v 2.258 849.889 -1121.289
v 1.968 849.884 -1122.427
v 2.826 850.314 -1122.423
v 2.288 850.193 -1123.401
v 1.281 849.899 -1123.267
v 1.712 849.903 -1122.838
v 1.406 850.171 -1124.126
v 0.718 849.902 -1123.548
v 0.125 849.884 -1123.703
v 0.699 850.173 -1124.408
v -0.427 849.895 -1123.695
v 0.018 850.192 -1124.395
v -1.435 850.025 -1123.136
v -1.128 850.325 -1124.259
v -1.01 850.025 -1123.561
v -2.119 850.469 -1123.549
v -1.844 850.179 -1122.844
v -2.264 850.325 -1121.707
v -2.682 850.613 -1122.696
v -2.118 850.327 -1122.272
v -2.277 850.457 -1121.146
v -2.966 850.755 -1121.562
v -1.834 850.753 -1120.145
v -2.852 851.019 -1120.441
v -2.112 850.615 -1120.568
v -1.42 850.745 -1119.725
v -2.283 851.162 -1119.59
v -0.995 850.887 -1119.3
v -1.433 851.303 -1118.881
v -0.42 850.892 -1119.154
v -0.692 851.325 -1118.582
v 0.147 850.892 -1119.155
v -0.004 851.453 -1118.45
v 1.264 851.022 -1119.588
v 1.148 851.465 -1118.725
v 0.69 851.017 -1119.309
v 1.693 851.024 -1119.87
v 2.136 851.462 -1119.294
v 2.257 850.88 -1121.006
v 2.683 851.448 -1120.297
v 1.977 851.025 -1120.437
v 2.284 850.899 -1122.127
v 2.972 851.31 -1121.428
v 2.261 850.883 -1121.572
v 1.985 850.888 -1122.702
v 2.838 851.315 -1122.559
v 1.719 850.901 -1123.118
v 2.281 851.181 -1123.546
v 1.13 850.885 -1123.413
v 1.411 851.167 -1124.265
v 0.723 850.898 -1123.687
v 0.717 851.177 -1124.399
v 0.158 850.9 -1123.828
v 0.016 851.183 -1124.537
v -0.568 850.888 -1123.695
v -1.131 851.316 -1124.26
v -0.99 851.032 -1123.551
v -2.135 851.45 -1123.698
v -1.965 851.186 -1122.834
v -1.579 851.017 -1123.279
v -2.681 851.606 -1122.837
v -2.108 851.327 -1122.267
v -2.958 851.753 -1121.699
v -2.268 851.456 -1121.142
v -2.286 851.443 -1121.718
v -2.817 852.036 -1120.566
v -2.136 851.591 -1120.579
v -2.269 852.165 -1119.582
v -1.399 851.752 -1119.715
v -1.851 851.734 -1120.154
v -1.42 852.305 -1119.016
v -0.841 851.888 -1119.436
v -0.707 852.307 -1118.731
v -0.296 851.872 -1119.305
v 0.013 852.457 -1118.583
v 0.275 851.875 -1119.303
v 1.141 852.453 -1118.87
v 1.423 852.027 -1119.722
v 0.833 852.01 -1119.45
v 2.109 852.436 -1119.45
v 1.86 852.034 -1120.141
v 2.699 852.452 -1120.43
v 2.262 851.877 -1121.145
v 2.123 852.02 -1120.577
v 2.968 852.3 -1121.572
v 2.259 851.874 -1121.714
v 1.988 851.883 -1122.842
v 2.847 852.314 -1122.696
v 2.137 851.888 -1122.272
v 2.264 852.161 -1123.555
v 1.549 851.873 -1123.274
v 0.568 851.882 -1123.836
v 1.414 852.162 -1124.263
v 1.122 851.873 -1123.7
v 0.705 852.161 -1124.547
v -0.581 852.013 -1123.843
v -0.014 852.155 -1124.694
v 0.014 851.891 -1123.971
v -1.144 852.3 -1124.408
v -1.141 852.018 -1123.556
v -2.119 852.453 -1123.832
v -2 852.154 -1122.851
v -1.567 852.159 -1123.273
v -2.686 852.595 -1122.981
v -2.285 852.295 -1122.285
v -2.991 852.723 -1121.858
v -2.288 852.435 -1121.152
v -2.249 852.462 -1121.699
v -2.827 853.022 -1120.712
v -2.001 852.579 -1120.583
v -2.27 853.156 -1119.725
v -1.283 852.727 -1119.728
v -1.692 852.739 -1120.145
v -1.411 853.304 -1119.012
v -0.719 852.866 -1119.446
v -0.717 853.293 -1118.878
v -0.143 852.873 -1119.441
v -0.014 853.431 -1118.739
v 0.43 853.018 -1119.439
v 1.136 853.442 -1119.014
v 1.413 853.012 -1119.868
v 0.999 853.02 -1119.579
v 2.132 853.444 -1119.58
v 1.836 853.01 -1120.295
v 2.692 853.439 -1120.576
v 2.255 852.864 -1121.433
v 2.128 853.016 -1120.858
v 2.288 852.887 -1121.983
v 2.989 853.307 -1121.562
v 2.85 853.309 -1122.695
v 1.835 852.868 -1123.131
v 2.143 852.884 -1122.552
v 2.254 853.147 -1123.702
v 1.422 852.876 -1123.551
v 0.976 852.862 -1123.845
v 1.433 853.168 -1124.396
v 0.444 852.887 -1123.969
v 0.699 853.15 -1124.692
v -0.704 853.019 -1123.975
v 0.001 853.157 -1124.828
v -0.149 852.868 -1123.982
v -1.265 853.023 -1123.689
v -1.142 853.293 -1124.549
v -1.995 853.15 -1122.849
v -2.125 853.442 -1123.977
v -1.698 853.16 -1123.267
v -2.281 853.29 -1122.283
v -2.688 853.587 -1122.982
v -2.258 853.59 -1121.137
v -2.958 853.738 -1121.983
v -2.274 853.437 -1121.712
v -1.983 853.584 -1120.574
v -2.848 854 -1120.864
v -2.282 854.14 -1119.873
v -1.152 853.853 -1119.875
v -1.683 853.737 -1120.14
v -1.42 854.29 -1119.158
v -0.692 853.878 -1119.574
v -0.715 854.287 -1118.877
v -0.152 853.859 -1119.446
v 0.009 854.44 -1118.869
v 0.571 854.01 -1119.581
v 1.119 854.422 -1119.023
v 0.992 854.008 -1119.724
v 1.856 854.017 -1120.568
v 2.117 854.426 -1119.729
v 1.579 854.022 -1120.14
v 2.68 854.423 -1120.582
v 2.124 854.006 -1121.002
v 2.287 853.879 -1122.267
v 2.972 854.287 -1121.712
v 2.26 853.86 -1121.572
v 2.84 854.294 -1122.842
v 2.126 853.865 -1122.702
v 1.401 853.854 -1123.703
v 2.257 854.141 -1123.842
v 1.846 853.868 -1123.268
v 0.87 853.88 -1123.968
v 1.414 854.147 -1124.547
v 0.285 853.867 -1124.119
v 0.699 854.143 -1124.833
v -0.287 853.864 -1124.121
v -0.004 854.147 -1124.831
v -1.426 854.002 -1123.698
v -1.135 854.291 -1124.687
v -0.862 854 -1123.983
v -1.682 854.164 -1123.259
v -2.111 854.444 -1124.112
v -2.269 854.291 -1122.277
v -2.679 854.585 -1123.12
v -2.136 854.285 -1122.848
v -2.261 854.438 -1121.706
v -2.971 854.721 -1121.99
v -1.977 854.581 -1120.571
v -2.847 854.993 -1121.006
v -2.108 854.588 -1121.133
v -1.542 854.729 -1120.141
v -2.259 855.149 -1120.003
v -0.585 854.846 -1119.733
v -1.427 855.277 -1119.303
v -1.14 854.855 -1119.869
v -0.718 855.277 -1119.02
v 0.006 855.43 -1119.012
v 0.575 855.006 -1119.72
v 0.006 854.863 -1119.579
v 1.137 855.428 -1119.156
v 1.127 854.995 -1119.87
v 1.965 854.986 -1120.727
v 2.118 855.419 -1119.871
v 1.555 854.997 -1120.294
v 2.277 854.864 -1121.28
v 2.699 855.429 -1120.714
v 2.276 854.864 -1122.414
v 2.988 855.291 -1121.846
v 2.28 854.867 -1121.845
v 1.975 854.852 -1122.99
v 2.82 855.273 -1122.993
v 1.265 854.851 -1123.842
v 2.273 855.145 -1123.976
v 1.707 854.863 -1123.408
v 0.693 854.847 -1124.128
v 1.419 855.143 -1124.686
v 0.717 855.147 -1124.967
v 0.147 854.862 -1124.259
v -0.001 855.141 -1124.971
v -0.429 854.856 -1124.264
v -1.118 855.296 -1124.82
v -1.412 855.005 -1123.833
v -0.991 855.002 -1124.119
v -2.139 855.417 -1124.126
v -1.847 855.139 -1123.413
v -2.71 855.557 -1123.277
v -2.263 855.288 -1122.274
v -2.126 855.285 -1122.843
v -2.993 855.699 -1122.142
v -2.261 855.431 -1121.705
v -2.849 855.984 -1121.007
v -1.825 855.722 -1120.708
v -2.143 855.556 -1121.15
v -2.273 856.132 -1120.152
v -1.428 855.702 -1120.296
v -1.434 856.265 -1119.449
v -1.01 855.839 -1120.017
v -0.431 855.847 -1119.727
v -0.706 856.279 -1119.155
v 0.708 855.992 -1119.867
v -0.011 856.41 -1119.021
v 0.125 855.84 -1119.732
v 1.274 855.991 -1120.151
v 1.137 856.42 -1119.298
v 2.114 856.409 -1119.873
v 1.967 855.98 -1121.009
v 1.696 855.989 -1120.436
v 2.704 856.425 -1120.853
v 2.254 855.841 -1121.575
v 2.969 856.27 -1121.997
v 2.26 855.845 -1122.706
v 2.266 855.849 -1122.136
v 2.844 856.282 -1123.123
v 2.005 855.865 -1123.259
v 2.267 856.134 -1124.12
v 1.147 855.86 -1123.972
v 1.699 855.849 -1123.696
v 1.4 856.122 -1124.838
v 0.695 855.841 -1124.269
v 0.7 856.129 -1124.975
v 0.138 855.848 -1124.405
v -0.006 856.13 -1125.115
v -0.443 855.839 -1124.27
v -1.147 856.268 -1124.835
v -0.978 856.003 -1124.113
v -2.123 856.421 -1124.259
v -1.849 856.131 -1123.414
v -1.567 855.988 -1123.84
v -2.689 856.564 -1123.408
v -2.142 856.266 -1122.851
v -2.964 856.711 -1122.27
v -2.258 856.426 -1121.704
v -2.269 856.418 -1122.277
v -2.836 856.985 -1121.142
v -2.134 856.555 -1121.146
v -2.273 857.124 -1120.152
v -1.405 856.711 -1120.285
v -1.829 856.712 -1120.71
v -1.431 857.259 -1119.589
v -0.837 856.853 -1120.001
v -0.288 856.841 -1119.868
v -0.696 857.278 -1119.292
v 0.266 856.973 -1119.875
v -0.002 857.409 -1119.158
v 1.264 856.977 -1120.297
v 1.153 857.424 -1119.432
v 0.87 856.999 -1119.998
v 2.143 857.422 -1120
v 1.715 856.995 -1120.71
v 2.254 856.834 -1121.716
v 2.701 857.416 -1120.997
v 2.111 856.974 -1121.15
v 2.263 856.84 -1122.279
v 2.991 857.278 -1122.128
v 2.848 857.277 -1123.263
v 2.002 856.856 -1123.402
v 2.131 856.847 -1122.841
v 2.251 857.115 -1124.129
v 1.545 856.834 -1123.843
v 1.426 857.133 -1124.825
v 0.587 856.857 -1124.394
v 1.125 856.837 -1124.266
v 0.711 857.129 -1125.111
v 0.013 856.853 -1124.539
v 0.009 857.134 -1125.249
v -0.566 856.986 -1124.403
v -1.119 857.279 -1124.963
v -1.128 856.99 -1124.258
v -2.115 857.419 -1124.397
v -1.97 857.138 -1123.403
v -1.563 857.125 -1123.838
v -2.7 857.548 -1123.556
v -2.274 857.265 -1122.846
v -2.966 857.702 -1122.413
v -2.27 857.41 -1121.71
v -2.256 857.42 -1122.27
v -2.141 857.543 -1121.149
v -2.85 857.968 -1121.291
v -1.296 857.681 -1120.301
v -2.277 858.114 -1120.296
v -1.712 857.687 -1120.722
v -1.416 858.263 -1119.582
v -0.692 857.848 -1120.141
v -0.129 857.845 -1120.001
v -0.717 858.256 -1119.445
v 0.425 857.978 -1120.008
v 0.006 858.407 -1119.296
v 1.416 857.977 -1120.434
v 1.138 858.406 -1119.58
v 1.006 857.987 -1120.143
v 2.122 858.4 -1120.152
v 1.854 857.985 -1120.853
v 2.277 857.842 -1121.989
v 2.685 858.397 -1121.147
v 2.12 857.973 -1121.429
v 2.269 857.837 -1122.56
v 2.99 858.27 -1122.128
v 1.824 857.822 -1123.562
v 2.853 858.274 -1123.26
v 2.112 857.826 -1123.135
v 2.276 858.125 -1124.258
v 1.578 857.849 -1123.969
v 1.011 857.849 -1124.394
v 1.43 858.128 -1124.964
v 0.701 858.114 -1125.258
v 0.444 857.849 -1124.536
v 0.005 858.123 -1125.393
v -0.729 857.964 -1124.555
v -0.138 857.839 -1124.543
v -1.125 858.268 -1125.108
v -1.256 857.992 -1124.252
v -2.122 858.407 -1124.543
v -1.993 858.114 -1123.415
v -1.686 858.13 -1123.828
v -2.698 858.542 -1123.555
v -2.266 858.263 -1122.842
v -2.285 858.534 -1121.717
v -2.972 858.691 -1122.557
v -2.27 858.402 -1122.277
v -1.981 858.548 -1121.14
v -2.826 858.977 -1121.421
v -1.12 858.839 -1120.426
v -2.27 859.111 -1120.434
v -1.719 858.674 -1120.726
v -1.433 859.243 -1119.732
v -0.706 858.83 -1120.148
v -0.141 858.829 -1120.007
v -0.717 859.249 -1119.444
v 0.437 858.978 -1120.144
v -0.016 859.385 -1119.449
v 1.009 858.982 -1120.283
v 1.121 859.386 -1119.589
v 1.83 858.961 -1121.149
v 2.139 859.404 -1120.285
v 1.548 858.963 -1120.722
v 2.133 858.975 -1121.565
v 2.708 859.405 -1121.135
v 2.261 858.823 -1122.706
v 2.977 859.254 -1122.277
v 2.268 858.828 -1122.135
v 2.146 858.842 -1123.26
v 2.846 859.261 -1123.406
v 1.429 858.836 -1124.256
v 2.254 859.102 -1124.411
v 1.825 858.816 -1123.845
v 0.842 858.823 -1124.549
v 1.42 859.114 -1125.111
v 0.287 858.831 -1124.685
v 0.717 859.118 -1125.392
v -0.278 858.832 -1124.684
v 0.016 859.124 -1125.388
v -1.119 859.265 -1125.247
v -1.263 858.979 -1124.255
v -0.851 858.97 -1124.545
v -2.134 859.391 -1124.69
v -1.693 859.118 -1123.974
v -2.693 859.538 -1123.694
v -2.264 859.258 -1122.841
v -2.137 859.247 -1123.416
v -2.992 859.67 -1122.567
v -2.261 859.401 -1122.273
v -2.826 859.97 -1121.563
v -2.004 859.524 -1121.293
v -2.145 859.525 -1121.718
v -2.248 860.119 -1120.565
v -1.563 859.677 -1120.86
v -1.426 860.241 -1119.87
v -0.549 859.834 -1120.282
v -1.139 859.818 -1120.436
v -0.697 860.255 -1119.576
v 0.002 859.822 -1120.149
v -0.011 860.381 -1119.588
v 0.574 859.968 -1120.288
v 1.126 860.383 -1119.728
v 1.149 859.973 -1120.426
v 2.146 860.402 -1120.424
v 1.989 859.966 -1121.282
v 1.564 859.966 -1120.856
v 2.676 860.376 -1121.293
v 2.277 859.969 -1121.847
v 2.983 860.25 -1122.416
v 2.261 859.816 -1122.989
v 2.287 859.834 -1122.409
v 2.848 860.255 -1123.547
v 2.112 859.811 -1123.56
v 2.284 860.115 -1124.538
v 1.291 859.832 -1124.396
v 1.705 859.823 -1123.976
v 1.432 860.115 -1125.247
v 0.849 859.82 -1124.688
v 0.718 860.111 -1125.533
v 0.271 859.813 -1124.835
v -0.017 860.093 -1125.546
v -0.443 859.809 -1124.838
v -1.432 859.953 -1124.41
v -1.142 860.241 -1125.4
v -1.008 859.952 -1124.695
v -1.83 860.114 -1123.972
v -2.14 860.379 -1124.693
v -2.25 860.26 -1122.834
v -2.679 860.541 -1123.829
v -2.133 860.242 -1123.414
v -2.277 860.382 -1122.281
v -2.974 860.675 -1122.7
v -1.833 860.679 -1121.279
v -2.83 860.96 -1121.565
v -2.143 860.519 -1121.717
v -2.276 861.092 -1120.72
v -1.55 860.679 -1120.854
v -1.432 861.229 -1120.015
v -0.977 860.824 -1120.567
v -0.712 861.237 -1119.726
v -0.444 860.801 -1120.301
v -0.008 861.375 -1119.728
v 0.718 860.962 -1120.429
v 0.156 860.824 -1120.284
v 1.119 861.37 -1119.874
v 1.277 860.956 -1120.716
v 2.14 861.39 -1120.427
v 1.988 860.958 -1121.566
v 1.716 860.965 -1120.993
v 2.696 861.382 -1121.425
v 2.26 860.949 -1121.997
v 2.972 861.235 -1122.563
v 2.274 860.817 -1123.267
v 2.258 860.806 -1122.565
v 2.816 861.225 -1123.705
v 1.993 860.819 -1123.691
v 2.264 861.094 -1124.689
v 1.288 860.822 -1124.539
v 1.685 860.802 -1124.27
v 1.435 861.11 -1125.387
v 0.727 860.826 -1124.82
v 0.161 860.827 -1124.961
v 0.711 861.099 -1125.536
v -0.425 860.814 -1124.829
v -0.014 861.087 -1125.687
v -0.992 860.956 -1124.687
v -1.122 861.248 -1125.39
v -1.839 861.1 -1123.976
v -2.146 861.368 -1124.838
v -1.571 860.947 -1124.409
v -2.132 861.235 -1123.414
v -2.677 861.535 -1123.969
v -2.278 861.374 -1122.281
v -2.975 861.666 -1122.843
v -2.265 861.383 -1122.842
v -2.824 861.956 -1121.704
v -2.127 861.522 -1121.71
v -1.415 861.667 -1120.857
v -2.259 862.096 -1120.712
v -1.825 861.677 -1121.275
v -1.433 862.221 -1120.157
v -0.832 861.82 -1120.566
v -0.302 861.793 -1120.442
v -0.726 862.22 -1119.874
v -0.011 862.366 -1119.73
v 0.277 861.944 -1120.436
v 1.123 862.366 -1120.013
v 1.272 861.945 -1120.861
v 0.862 861.956 -1120.569
v 2.129 862.375 -1120.574
v 1.682 861.934 -1121.294
v 2.682 862.365 -1121.574
v 2.282 861.815 -1122.27
v 2.116 861.941 -1121.715
v 2.965 862.223 -1122.708
v 2.283 861.816 -1122.837
v 2.823 862.222 -1123.843
v 1.999 861.816 -1123.971
v 2.266 861.805 -1123.412
v 2.272 862.092 -1124.685
v 1.571 861.814 -1124.397
v 0.556 861.798 -1124.976
v 1.408 862.083 -1125.401
v 1.129 861.803 -1124.831
v 0.725 862.101 -1125.672
v -0.003 861.804 -1125.114
v -0.559 861.954 -1124.966
v -0.005 862.086 -1125.824
v -1.121 861.958 -1124.822
v -1.119 862.242 -1125.53
v -1.988 862.088 -1123.979
v -2.116 862.381 -1124.965
v -1.564 862.087 -1124.405
v -2.253 862.243 -1123.403
v -2.696 862.514 -1124.121
v -2.254 862.384 -1122.269
v -2.977 862.658 -1122.985
v -2.277 862.368 -1122.848
v -2.836 862.94 -1121.851
v -2.142 862.504 -1121.717
v -1.263 862.666 -1120.852
v -2.277 863.077 -1120.863
v -1.718 862.645 -1121.292
v -0.867 862.787 -1120.725
v -1.401 863.236 -1120.141
v -0.289 862.795 -1120.578
v -0.699 863.231 -1120.003
v 0.282 862.94 -1120.576
v -0.002 863.365 -1119.867
v 1.401 862.929 -1121.009
v 1.134 863.365 -1120.15
v 0.865 862.95 -1120.71
v 1.836 862.936 -1121.429
v 2.138 863.374 -1120.711
v 2.254 862.788 -1122.567
v 2.7 863.37 -1121.706
v 2.123 862.938 -1121.995
v 2.279 862.806 -1123.122
v 2.983 863.228 -1122.699
v 1.83 862.79 -1124.126
v 2.823 863.215 -1123.843
v 2.145 862.812 -1123.685
v 2.281 863.091 -1124.822
v 1.566 862.803 -1124.542
v 1.437 863.096 -1125.528
v 1.001 862.805 -1124.966
v 0.428 862.8 -1125.111
v 0.7 863.076 -1125.826
v -0.7 862.947 -1125.108
v -0.015 863.072 -1125.971
v -0.157 862.788 -1125.12
v -1.263 862.95 -1124.822
v -1.143 863.218 -1125.684
v -2.107 863.38 -1125.102
v -1.968 863.095 -1123.969
v -1.702 863.082 -1124.404
v -2.692 863.509 -1124.119
v -2.249 863.238 -1123.401
v -2.981 863.647 -1123.129
v -2.269 863.508 -1122.276
v -2.263 863.37 -1122.841
v -2.841 863.929 -1121.996
v -1.973 863.516 -1121.845
v -2.272 864.072 -1121.002
v -1.268 863.797 -1120.996
v -1.705 863.647 -1121.286
v -1.402 864.228 -1120.283
v -0.723 863.782 -1120.724
v -0.719 864.21 -1120.013
v -0.15 863.785 -1120.579
v 0.012 864.367 -1120.002
v 0.409 863.922 -1120.725
v 1.122 864.35 -1120.156
v 0.975 863.921 -1120.867
v 2.147 864.372 -1120.849
v 1.845 863.934 -1121.567
v 1.572 863.942 -1121.136
v 2.686 864.353 -1121.713
v 2.146 863.946 -1122.125
v 2.264 863.788 -1123.271
v 2.976 864.215 -1122.845
v 2.273 863.795 -1122.7
v 1.851 863.797 -1124.4
v 2.825 864.209 -1123.984
v 2.109 863.779 -1123.845
v 2.25 864.062 -1124.98
v 1.431 863.801 -1124.822
v 1.434 864.086 -1125.672
v 0.87 863.805 -1125.103
v 0.695 864.065 -1125.97
v 0.278 863.788 -1125.257
v -0.012 864.067 -1125.969
v -0.264 863.805 -1125.244
v -1.149 864.206 -1125.829
v -1.274 863.935 -1124.828
v -0.834 863.945 -1125.104
v -2.108 864.372 -1125.244
v -1.717 864.064 -1124.553
v -2.71 864.489 -1124.269
v -2.266 864.219 -1123.409
v -2.127 864.217 -1123.978
v -2.992 864.632 -1123.135
v -2.279 864.352 -1122.849
v -2.822 864.935 -1122.128
v -1.978 864.506 -1121.847
v -2.259 864.507 -1122.272
v -2.253 865.078 -1121.134
v -1.544 864.653 -1121.418
v -1.434 865.198 -1120.441
v -0.583 864.773 -1120.866
v -1.148 864.774 -1121.007
v -0.706 865.211 -1120.148
v 0.013 864.793 -1120.71
v -0.018 865.338 -1120.159
v 0.582 864.936 -1120.851
v 1.123 865.343 -1120.297
v 1.142 864.931 -1120.997
v 1.999 864.935 -1121.844
v 2.138 865.359 -1120.995
v 1.565 864.93 -1121.423
v 2.282 864.935 -1122.412
v 2.687 865.346 -1121.855
v 2.285 864.796 -1123.544
v 2.963 865.199 -1122.993
v 2.281 864.793 -1122.979
v 2.146 864.797 -1124.11
v 2.834 865.208 -1124.121
v 1.275 864.783 -1124.971
v 2.271 865.069 -1125.111
v 1.682 864.77 -1124.555
v 1.411 865.062 -1125.825
v 0.832 864.771 -1125.264
v 0.284 864.784 -1125.396
v 0.702 865.063 -1126.108
v -0.304 864.77 -1125.406
v 0.001 865.068 -1126.104
v -1.154 865.195 -1125.973
v -1.429 864.918 -1124.976
v -0.836 864.936 -1125.247
v -2.128 865.35 -1125.255
v -1.847 865.065 -1124.547
v -2.703 865.486 -1124.408
v -2.278 865.202 -1123.416
v -2.147 865.195 -1123.988
v -2.989 865.627 -1123.275
v -2.283 865.341 -1122.851
v -2.823 865.927 -1122.128
v -1.833 865.642 -1121.846
v -2.141 865.483 -1122.283
v -2.27 866.059 -1121.285
v -1.571 865.627 -1121.431
v -1.416 866.203 -1120.574
v -0.993 865.776 -1121.142
v -0.724 866.191 -1120.299
v -0.442 865.765 -1120.867
v 0.699 865.911 -1121.005
v 0.005 866.347 -1120.289
v 0.142 865.918 -1120.859
v 1.267 865.912 -1121.289
v 1.129 866.34 -1120.436
v 1.968 865.906 -1122.002
v 2.111 866.332 -1121.008
v 1.695 865.914 -1121.571
v 2.713 866.357 -1121.984
v 2.276 865.924 -1122.556
v 2.273 865.78 -1123.692
v 2.967 866.194 -1123.133
v 2.289 865.79 -1123.117
v 2.824 866.194 -1124.267
v 1.975 865.769 -1124.267
v 1.279 865.778 -1125.111
v 2.25 866.047 -1125.263
v 1.721 865.79 -1124.819
v 0.7 865.77 -1125.4
v 1.415 866.058 -1125.965
v 0.132 865.77 -1125.542
v 0.721 866.069 -1126.099
v -0.418 865.924 -1125.392
v -0.018 866.189 -1126.256
v -0.993 865.918 -1125.254
v -1.116 866.214 -1125.954
v -1.858 866.05 -1124.552
v -2.128 866.343 -1125.397
v -1.565 865.915 -1124.973
v -2.705 866.478 -1124.551
v -2.268 866.344 -1123.41
v -2.113 866.211 -1123.971
v -2.977 866.77 -1123.41
v -2.265 866.346 -1122.842
v -2.841 866.907 -1122.279
v -1.825 866.64 -1121.842
v -2.14 866.476 -1122.425
v -2.276 867.048 -1121.287
v -1.41 866.633 -1121.422
v -1.404 867.204 -1120.71
v -0.844 866.774 -1121.139
v -0.425 866.769 -1121
v -0.712 867.192 -1120.435
v 0.278 866.907 -1121.003
v 0.008 867.342 -1120.287
v 1.275 866.91 -1121.426
v 1.118 867.325 -1120.583
v 0.852 866.912 -1121.142
v 1.686 866.9 -1121.859
v 2.141 867.346 -1121.135
v 2.268 866.91 -1122.844
v 2.694 867.336 -1122.135
v 2.125 866.91 -1122.277
v 2.25 866.756 -1123.42
v 2.973 867.191 -1123.271
v 2.855 867.208 -1124.394
v 1.99 866.772 -1124.543
v 2.264 866.766 -1123.98
v 1.545 866.759 -1124.978
v 2.252 867.041 -1125.263
v 0.567 866.769 -1125.538
v 1.422 867.055 -1125.961
v 1.116 866.756 -1125.263
v 0.019 866.783 -1125.67
v 0.727 867.065 -1126.238
v -0.576 866.905 -1125.542
v -0.018 867.182 -1126.397
v -1.119 866.921 -1125.388
v -1.155 867.18 -1126.115
v -2.001 867.041 -1124.553
v -2.114 867.345 -1125.531
v -1.559 867.053 -1124.97
v -2.693 867.479 -1124.686
v -2.253 867.206 -1123.97
v -2.984 867.757 -1123.556
v -2.266 867.338 -1122.842
v -2.285 867.325 -1123.561
v -2.85 867.893 -1122.425
v -2.132 867.474 -1122.421
v -1.275 867.62 -1121.567
v -2.283 868.035 -1121.433
v -1.683 867.633 -1121.842
v -0.837 867.771 -1121.277
v -1.438 868.173 -1120.727
v -0.712 868.327 -1120.576
v -0.278 867.766 -1121.139
v 0.009 868.335 -1120.429
v 0.265 867.89 -1121.152
v 1.133 868.328 -1120.717
v 1.399 867.89 -1121.577
v 0.84 867.896 -1121.289
v 2.133 868.333 -1121.281
v 1.834 867.896 -1121.998
v 2.685 868.322 -1122.281
v 2.259 867.754 -1122.99
v 2.122 867.9 -1122.563
v 2.98 868.188 -1123.268
v 2.263 867.758 -1123.697
v 2.816 868.173 -1124.413
v 1.835 867.756 -1124.691
v 2.115 867.753 -1124.267
v 2.288 868.058 -1125.386
v 1.54 867.748 -1125.122
v 1.434 868.056 -1126.097
v 0.997 867.764 -1125.536
v 0.727 868.058 -1126.38
v 0.441 867.772 -1125.672
v 0.018 868.199 -1126.521
v -0.708 867.904 -1125.679
v -0.122 867.775 -1125.669
v -1.131 868.189 -1126.245
v -1.258 867.916 -1125.387
v -2.129 868.327 -1125.681
v -1.983 868.047 -1124.544
v -1.702 868.045 -1125.112
v -2.708 868.461 -1124.694
v -2.281 868.178 -1124.126
v -2.968 868.761 -1123.69
v -2.259 868.477 -1122.981
v -2.254 868.339 -1123.545
v -1.968 868.482 -1122.41
v -2.821 868.906 -1122.553
v -1.295 868.741 -1121.577
v -2.265 869.04 -1121.566
v -1.713 868.605 -1121.857
v -0.699 868.761 -1121.279
v -1.43 869.171 -1120.864
v -0.16 868.741 -1121.151
v -0.692 869.333 -1120.567
v 0.427 868.897 -1121.283
v 0.006 869.325 -1120.572
v 1.01 868.908 -1121.417
v 1.145 869.329 -1120.711
v 2.119 869.315 -1121.43
v 1.859 868.907 -1122.127
v 1.551 868.89 -1121.714
v 2.681 869.312 -1122.283
v 2.275 868.759 -1123.266
v 2.141 868.906 -1122.695
v 2.967 869.172 -1123.416
v 2.266 868.752 -1123.838
v 2.855 869.193 -1124.536
v 1.833 868.747 -1124.976
v 2.135 868.76 -1124.399
v 2.282 869.047 -1125.531
v 1.414 868.751 -1125.398
v 1.403 869.028 -1126.254
v 0.994 868.755 -1125.679
v 0.699 869.031 -1126.535
v 0.422 868.751 -1125.823
v 0.001 869.18 -1126.53
v -0.122 868.768 -1125.812
v -1.144 869.172 -1126.393
v -1.278 868.894 -1125.397
v -0.869 868.883 -1125.688
v -2.13 869.319 -1125.823
v -1.712 869.03 -1125.117
v -2.286 869.167 -1124.129
v -2.679 869.473 -1124.821
v -2.132 869.176 -1124.548
v -2.263 869.325 -1123.55
v -2.958 869.76 -1123.685
v -1.997 869.455 -1122.424
v -2.819 869.9 -1122.693
v -2.263 869.467 -1122.983
v -2.273 870.027 -1121.711
v -1.547 869.613 -1121.987
v -0.55 869.759 -1121.417
v -1.407 870.18 -1120.995
v -1.152 869.734 -1121.576
v -0.01 869.74 -1121.289
v -0.712 870.311 -1120.719
v 0.568 869.889 -1121.426
v -0.019 870.3 -1120.726
v 1.141 869.893 -1121.564
v 1.128 870.309 -1120.862
v 1.999 869.898 -1122.411
v 2.108 870.3 -1121.577
v 1.561 869.889 -1121.992
v 2.696 870.315 -1122.417
v 2.128 869.889 -1122.985
v 2.273 869.75 -1124.117
v 2.977 870.172 -1123.553
v 2.283 869.757 -1123.545
v 2.845 870.178 -1124.682
v 2.122 869.743 -1124.689
v 2.263 870.026 -1125.683
v 1.271 869.743 -1125.54
v 1.687 869.736 -1125.12
v 1.433 870.041 -1126.381
v 0.833 869.734 -1125.83
v 0.712 870.032 -1126.671
v 0.286 869.748 -1125.962
v -0.006 870.168 -1126.675
v -0.302 869.734 -1125.972
v -1.151 870.16 -1126.539
v -1.421 869.886 -1125.539
v -0.869 869.876 -1125.83
v -1.855 870.022 -1125.118
v -2.119 870.319 -1125.959
v -2.26 870.178 -1124.115
v -2.685 870.462 -1124.966
v -2.146 870.158 -1124.555
v -2.98 870.738 -1123.837
v -2.267 870.315 -1123.552
v -1.836 870.602 -1122.415
v -2.819 870.893 -1122.694
v -2.118 870.462 -1122.981
v -1.56 870.597 -1121.993
v -2.276 871.018 -1121.855
v -1.012 870.726 -1121.719
v -1.405 871.174 -1121.136
v -0.425 870.74 -1121.425
v -0.692 871.318 -1120.85
v 0.725 870.892 -1121.559
v -0.001 871.305 -1120.859
v 0.138 870.878 -1121.428
v 1.143 870.887 -1121.847
v 1.119 871.296 -1121.008
v 2.001 870.892 -1122.552
v 2.134 871.312 -1121.564
v 1.682 870.867 -1122.145
v 2.262 870.877 -1123.13
v 2.712 871.319 -1122.551
v 2.28 870.747 -1124.256
v 2.976 871.163 -1123.695
v 2.254 870.729 -1123.702
v 1.971 870.729 -1124.836
v 2.838 871.166 -1124.827
v 1.264 870.731 -1125.685
v 2.259 871.016 -1125.826
v 1.696 870.735 -1125.399
v 0.719 870.746 -1125.958
v 1.435 871.035 -1126.522
v 0.125 870.727 -1126.113
v 0.698 871.015 -1126.677
v 0.019 871.178 -1126.804
v -0.426 870.881 -1126.105
v -1.434 871.011 -1125.546
v -1.133 871.165 -1126.53
v -0.998 870.877 -1125.824
v -1.829 871.033 -1125.105
v -2.136 871.3 -1125.968
v -2.283 871.296 -1124.127
v -2.676 871.461 -1125.103
v -2.111 871.175 -1124.679
v -2.995 871.719 -1123.987
v -2.277 871.3 -1123.557
v -2.838 871.872 -1122.845
v -1.858 871.58 -1122.426
v -2.143 871.437 -1122.994
v -2.262 872.02 -1121.848
v -1.436 871.578 -1122.002
v -1.437 872.144 -1121.293
v -1.003 871.724 -1121.714
v -0.689 872.313 -1120.99
v -0.422 871.734 -1121.566
v -0.011 872.291 -1120.864
v 0.149 871.878 -1121.564
v 1.135 872.299 -1121.142
v 1.29 871.883 -1121.986
v 0.699 871.867 -1121.714
v 2.129 872.3 -1121.708
v 1.722 871.887 -1122.266
v 2.678 872.287 -1122.71
v 2.249 871.859 -1123.421
v 2.109 871.861 -1122.853
v 2.967 872.149 -1123.842
v 2.252 871.72 -1123.986
v 2.846 872.164 -1124.966
v 1.975 871.725 -1125.117
v 2.28 871.74 -1124.539
v 2.26 872.009 -1125.826
v 1.542 871.719 -1125.547
v 0.559 871.726 -1126.109
v 1.414 872.013 -1126.532
v 1.134 871.731 -1125.822
v 0.011 871.74 -1126.241
v 0.711 872.017 -1126.813
v -0.554 871.883 -1126.098
v 0.02 872.171 -1126.946
v -1.126 871.879 -1125.959
v -1.146 872.149 -1126.678
v -2.137 872.292 -1126.11
v -1.969 872.027 -1125.104
v -1.57 872.008 -1125.543
v -2.707 872.431 -1125.261
v -2.113 872.167 -1124.68
v -2.998 872.71 -1124.13
v -2.284 872.288 -1123.56
v -2.281 872.29 -1124.126
v -2.826 872.873 -1122.981
v -2.126 872.441 -1122.985
v -2.253 873.019 -1121.985
v -1.264 872.591 -1122.129
v -1.696 872.586 -1122.416
v -1.426 873.144 -1121.288
v -0.87 872.71 -1121.861
v -0.711 873.29 -1121.143
v -0.271 872.733 -1121.703
v 0.003 873.294 -1120.999
v 0.283 872.865 -1121.71
v 1.143 873.298 -1121.279
v 1.402 872.855 -1122.142
v 0.869 872.879 -1121.842
v 2.12 873.287 -1121.854
v 1.831 872.858 -1122.566
v 2.691 873.289 -1122.845
v 2.284 872.876 -1123.545
v 2.137 872.873 -1122.98
v 2.99 873.158 -1123.83
v 2.261 872.719 -1124.124
v 2.833 873.147 -1124.972
v 1.827 872.712 -1125.262
v 2.108 872.711 -1124.696
v 1.574 872.734 -1125.672
v 2.259 873.001 -1125.968
v 0.977 872.713 -1126.113
v 1.435 873.02 -1126.664
v 0.435 872.731 -1126.242
v 0.717 873.013 -1126.952
v -0.705 872.869 -1126.245
v -0.019 873.136 -1127.107
v -0.152 872.717 -1126.252
v -1.148 872.856 -1125.97
v -1.137 873.148 -1126.815
v -1.995 873 -1125.118
v -2.115 873.299 -1126.241
v -1.701 873.008 -1125.679
v -2.701 873.428 -1125.258
v -2.274 873.146 -1124.689
v -2.277 873.427 -1123.557
v -2.977 873.717 -1124.261
v -2.255 873.301 -1124.113
v -1.996 873.426 -1122.991
v -2.822 873.868 -1123.12
v -2.259 874.007 -1122.13
v -1.282 873.713 -1122.137
v -1.71 873.569 -1122.564
v -1.432 874.133 -1121.433
v -0.718 873.711 -1121.855
v -0.727 874.271 -1121.151
v -0.134 873.722 -1121.705
v -0.02 874.27 -1121.152
v 0.435 873.865 -1121.846
v 1.118 874.272 -1121.292
v 1.432 873.868 -1122.27
v 0.973 873.845 -1122.003
v 2.111 874.273 -1122.001
v 1.847 873.861 -1122.7
v 2.703 874.29 -1122.839
v 2.268 873.716 -1123.836
v 2.113 873.849 -1123.276
v 2.972 874.138 -1123.981
v 2.283 873.727 -1124.396
v 1.852 873.723 -1125.533
v 2.83 874.138 -1125.115
v 2.121 873.713 -1124.973
v 2.279 874.008 -1126.1
v 1.422 873.72 -1125.961
v 1 873.722 -1126.243
v 1.408 873.994 -1126.819
v 0.414 873.709 -1126.394
v 0.699 873.993 -1127.103
v -0.124 873.729 -1126.38
v 0.001 874.143 -1127.097
v -1.263 873.868 -1125.956
v -1.134 874.142 -1126.956
v -0.705 873.861 -1126.245
v -1.69 874.008 -1125.674
v -2.146 874.27 -1126.398
v -2.285 874.13 -1124.695
v -2.676 874.438 -1125.387
v -2.118 874.148 -1125.108
v -2.995 874.697 -1124.27
v -2.286 874.271 -1124.129
v -1.97 874.436 -1122.978
v -2.82 874.862 -1123.261
v -2.268 874.426 -1123.552
v -1.559 874.568 -1122.56
v -2.249 875.006 -1122.267
v -0.587 874.695 -1122.003
v -1.401 875.146 -1121.559
v -1.154 874.696 -1122.144
v -0.698 875.284 -1121.278
v -0.001 874.709 -1121.851
v 0.015 875.287 -1121.276
v 0.571 874.854 -1121.991
v 1.129 875.272 -1121.429
v 1.126 874.845 -1122.139
v 2.125 875.275 -1122.136
v 1.968 874.839 -1122.994
v 1.573 874.86 -1122.554
v 2.116 874.844 -1123.558
v 2.684 875.269 -1122.99
v 2.258 874.702 -1124.692
v 2.992 875.144 -1124.113
v 2.277 874.715 -1124.115
v 2.836 875.135 -1125.254
v 2.13 874.711 -1125.253
v 1.429 874.717 -1126.099
v 2.254 874.982 -1126.254
v 1.828 874.699 -1125.687
v 1.414 874.99 -1126.957
v 0.831 874.695 -1126.398
v 0.264 874.696 -1126.54
v 0.71 874.994 -1127.238
v -0.288 874.706 -1126.532
v -0.005 875.131 -1127.242
v -1.427 874.845 -1126.109
v -1.151 875.123 -1127.106
v -0.835 874.862 -1126.381
v -1.84 874.995 -1125.678
v -2.118 875.283 -1126.526
v -2.266 875.137 -1124.686
v -2.695 875.418 -1125.538
v -2.127 875.134 -1125.254
v -2.277 875.271 -1124.124
v -2.974 875.704 -1124.402
v -2.127 875.418 -1123.553
v -2.84 875.841 -1123.271
v -2 875.549 -1122.993
v -2.269 875.985 -1122.418
v -1.563 875.558 -1122.562
v -1.404 876.137 -1121.702
v -1.01 875.69 -1122.285
v -0.71 876.268 -1121.426
v -0.585 875.689 -1122.002
v -0.009 876.262 -1121.43
v 0.714 875.847 -1122.132
v 0.156 875.854 -1121.986
v 1.128 876.264 -1121.571
v 1.126 875.838 -1122.281
v 1.97 875.833 -1123.135
v 2.146 876.283 -1122.125
v 1.712 875.851 -1122.696
v 2.277 875.85 -1123.69
v 2.693 876.269 -1123.128
v 2.971 876.122 -1124.265
v 2.282 875.711 -1124.822
v 2.279 875.709 -1124.256
v 2.818 876.114 -1125.405
v 1.969 875.691 -1125.404
v 2.278 875.992 -1126.384
v 1.256 875.688 -1126.257
v 1.7 875.701 -1125.822
v 1.4 875.973 -1127.106
v 0.718 875.708 -1126.526
v 0.72 875.993 -1127.234
v 0.155 875.711 -1126.665
v -0.417 875.849 -1126.668
v -0.996 875.841 -1126.39
v -1.433 875.975 -1126.112
v -1.846 875.984 -1125.681
v -2.12 876.132 -1125.251
v -2.25 876.282 -1124.678
v -2.258 876.277 -1124.114
v -2.114 876.42 -1123.546
v -1.835 876.558 -1122.981
v -1.398 876.566 -1122.55
v -0.409 876.706 -1122.126
v -0.985 876.699 -1122.273
v 0.134 876.831 -1122.139
v 0.714 876.839 -1122.274
v 1.292 876.847 -1122.552
v 1.684 876.824 -1122.852
v 1.986 876.837 -1123.41
v 2.26 876.83 -1123.982
v 2.249 876.681 -1124.555
v 2.275 876.699 -1125.109
v 1.561 876.696 -1126.104
v 1.978 876.689 -1125.683
v 1.151 876.706 -1126.38
v 0.566 876.694 -1126.672
v -0.005 876.691 -1126.816
v -0.715 876.832 -1126.675
v 3.545 882.083 -1121.567
v 2.108 882.211 -1120.442
v 4.685 881.945 -1123.124
v 0.987 882.22 -1120.152
v 4.959 881.655 -1124.972
v -0.02 882.21 -1120.018
v -1.832 882.232 -1120.428
v -3.407 882.079 -1121.428
v -4.549 881.932 -1122.991
v -4.812 881.805 -1123.973
v -4.953 881.664 -1124.966
v 0.005 847.489 -1118.02
v 2.271 846.778 -1122.275
v 2.391 846.905 -1121.294
v -1.41 847.207 -1118.728
v -1.85 847.197 -1119.019
v 1.688 846.625 -1122.992
v -2.391 847.073 -1119.573
v -2.683 846.926 -1120.286
v 1.009 846.646 -1123.544
v 0.003 846.637 -1123.835
v 0.431 846.639 -1123.692
v -2.682 846.927 -1121.136
v -0.999 846.63 -1123.556
v -2.571 846.763 -1122.144
v -1.851 846.629 -1122.989
v -0.001 846.634 -1123.837
v -0.84 846.642 -1123.689
v -1.72 846.764 -1123.278
v -2.409 846.777 -1122.701
v -2.848 846.91 -1121.857
v -2.982 847.057 -1120.861
v -2.83 847.206 -1120.005
v -2.392 847.356 -1119.29
v -1.979 847.49 -1118.871
v -1.152 847.615 -1118.315
v -0.006 847.623 -1118.026
v 0.69 847.614 -1118.174
v 1.437 847.64 -1118.439
v 2.279 847.635 -1119.152
v 2.839 847.63 -1120.148
v 2.987 847.492 -1121.279
v 2.703 847.492 -1122.414
v 2.129 847.487 -1123.268
v 1.123 847.478 -1123.842
v -0.002 847.484 -1124.121
v -0.727 847.473 -1123.987
v -1.407 847.635 -1123.689
v -2.269 847.769 -1123.127
v -2.828 847.916 -1122.131
v -2.958 848.066 -1120.991
v -2.711 848.183 -1119.874
v -2.128 848.477 -1119.016
v -1.152 848.465 -1118.457
v 0.008 848.625 -1118.161
v 0.704 848.616 -1118.309
v 1.402 848.608 -1118.598
v 2.249 848.606 -1119.309
v 2.854 848.632 -1120.282
v 2.979 848.479 -1121.283
v 2.677 848.466 -1122.427
v 2.146 848.491 -1123.401
v 1.115 848.465 -1123.987
v 0.006 848.482 -1124.259
v -0.705 848.481 -1124.118
v -1.413 848.623 -1123.834
v -2.279 848.754 -1123.274
v -2.854 848.89 -1122.144
v -2.971 849.05 -1121.139
v -2.692 849.188 -1120.007
v -2.133 849.466 -1119.16
v -1.133 849.613 -1118.447
v 0.005 849.615 -1118.304
v 0.714 849.616 -1118.446
v 1.424 849.617 -1118.728
v 2.278 849.619 -1119.294
v 2.819 849.601 -1120.441
v 2.973 849.467 -1121.428
v 2.693 849.47 -1122.561
v 2.125 849.469 -1123.554
v 1.14 849.474 -1124.117
v -0.018 849.458 -1124.271
v -0.702 849.475 -1124.258
v -1.425 849.608 -1123.981
v -2.287 849.741 -1123.278
v -2.816 849.909 -1122.267
v -2.972 850.041 -1121.281
v -2.713 850.166 -1120.159
v -2.128 850.462 -1119.299
v -1.125 850.611 -1118.585
v 0.01 850.612 -1118.443
v 0.723 850.615 -1118.441
v 1.416 850.603 -1118.733
v 2.26 850.599 -1119.445
v 2.816 850.591 -1120.443
v 2.979 850.464 -1121.567
v 2.71 850.474 -1122.694
v 2.132 850.467 -1123.55
v 1.151 850.474 -1124.253
v -0.009 850.457 -1124.408
v -0.692 850.475 -1124.395
v -1.42 850.603 -1124.121
v -2.26 850.752 -1123.407
v -2.818 850.901 -1122.409
v -2.974 851.033 -1121.424
v -2.685 851.178 -1120.287
v -2.119 851.461 -1119.295
v -1.15 851.586 -1118.74
v 0.012 851.606 -1118.584
v 0.694 851.587 -1118.597
v 1.415 851.595 -1118.875
v 2.259 851.591 -1119.587
v 2.82 851.586 -1120.583
v 2.977 851.455 -1121.71
v 2.677 851.443 -1122.852
v 2.138 851.463 -1123.689
v 1.13 851.452 -1124.406
v 0.019 851.469 -1124.536
v -0.691 851.468 -1124.536
v -1.4 851.61 -1124.252
v -2.256 851.748 -1123.546
v -2.817 851.894 -1122.551
v -2.977 852.023 -1121.426
v -2.678 852.176 -1120.283
v -2.113 852.458 -1119.434
v -1.117 852.602 -1118.865
v -0.005 852.586 -1118.593
v 0.711 852.592 -1118.73
v 1.436 852.602 -1119.006
v 2.268 852.59 -1119.724
v 2.834 852.589 -1120.718
v 2.963 852.437 -1121.859
v 2.71 852.459 -1122.978
v 2.112 852.437 -1123.844
v 1.131 852.446 -1124.405
v -0.002 852.447 -1124.688
v -0.713 852.445 -1124.547
v -1.434 852.579 -1124.27
v -2.277 852.726 -1123.699
v -2.826 852.881 -1122.697
v -2.986 853.01 -1121.572
v -2.706 853.149 -1120.439
v -2.108 853.454 -1119.573
v -1.123 853.59 -1119.01
v -0.008 853.577 -1118.736
v 0.713 853.585 -1118.871
v 1.404 853.573 -1119.164
v 2.254 853.572 -1119.874
v 2.829 853.577 -1120.862
v 2.973 853.437 -1121.854
v 2.705 853.448 -1122.98
v 2.138 853.448 -1123.972
v 1.134 853.44 -1124.546
v 0.01 853.448 -1124.824
v -0.728 853.428 -1124.696
v -1.406 853.591 -1124.397
v -2.28 853.716 -1123.842
v -2.835 853.866 -1122.702
v -2.972 854.012 -1121.707
v -2.693 854.15 -1120.575
v -2.129 854.431 -1119.726
v -1.118 854.586 -1119.007
v -0.002 854.573 -1118.875
v 0.694 854.564 -1119.023
v 1.431 854.584 -1119.292
v 2.277 854.581 -1119.862
v 2.831 854.571 -1121.003
v 2.968 854.427 -1121.998
v 2.69 854.431 -1123.129
v 2.133 854.438 -1124.116
v 1.141 854.438 -1124.683
v 0.003 854.435 -1124.827
v -0.708 854.434 -1124.828
v -1.435 854.563 -1124.554
v -2.267 854.718 -1123.835
v -2.829 854.863 -1122.84
v -2.996 854.988 -1121.86
v -2.701 855.137 -1120.72
v -2.146 855.412 -1119.876
v -1.141 855.563 -1119.16
v -0.013 855.559 -1119.022
v 0.726 855.579 -1119.007
v 1.401 855.555 -1119.307
v 2.282 855.577 -1120.001
v 2.829 855.563 -1121.004
v 2.962 855.415 -1122.142
v 2.675 855.412 -1123.278
v 2.119 855.42 -1124.124
v 1.154 855.44 -1124.819
v 0.012 855.434 -1124.964
v -0.727 855.413 -1124.98
v -1.399 855.581 -1124.677
v -2.287 855.696 -1123.987
v -2.851 855.84 -1122.993
v -2.972 855.997 -1121.99
v -2.695 856.276 -1120.859
v -2.116 856.426 -1119.861
v -1.115 856.573 -1119.289
v -0.01 856.553 -1119.162
v 0.717 856.565 -1119.153
v 1.412 856.556 -1119.444
v 2.278 856.566 -1120.145
v 2.841 856.564 -1121.14
v 2.969 856.412 -1122.281
v 2.706 856.427 -1123.405
v 2.134 856.424 -1124.258
v 1.12 856.408 -1124.978
v -0.001 856.417 -1125.113
v -0.69 856.432 -1125.103
v -1.419 856.56 -1124.829
v -2.277 856.696 -1124.124
v -2.852 856.832 -1123.135
v -2.991 856.976 -1122
v -2.698 857.266 -1120.861
v -2.146 857.398 -1120.017
v -1.139 857.549 -1119.443
v -0.001 857.552 -1119.158
v 0.721 857.561 -1119.293
v 1.418 857.553 -1119.582
v 2.283 857.562 -1120.284
v 2.851 857.563 -1121.277
v 2.98 857.412 -1122.417
v 2.693 857.41 -1123.553
v 2.147 857.425 -1124.393
v 1.146 857.419 -1124.965
v 0.005 857.414 -1125.251
v -0.691 857.423 -1125.103
v -1.407 857.56 -1124.823
v -2.274 857.69 -1124.264
v -2.816 857.85 -1123.259
v -2.989 857.97 -1122.141
v -2.69 858.265 -1120.998
v -2.128 858.402 -1120.15
v -1.148 858.535 -1119.589
v -0.001 858.544 -1119.3
v 0.703 858.541 -1119.444
v 1.434 858.556 -1119.716
v 2.272 858.547 -1120.432
v 2.825 858.538 -1121.431
v 2.97 858.398 -1122.422
v 2.7 858.407 -1123.55
v 2.112 858.393 -1124.553
v 1.125 858.397 -1125.117
v -0.006 858.399 -1125.399
v -0.7 858.41 -1125.249
v -1.419 858.544 -1124.971
v -2.255 858.696 -1124.397
v -2.821 858.839 -1123.262
v -2.959 858.983 -1122.267
v -2.69 859.257 -1121.14
v -2.126 859.396 -1120.291
v -1.15 859.527 -1119.59
v 0.02 859.551 -1119.431
v 0.722 859.547 -1119.576
v 1.432 859.548 -1119.859
v 2.257 859.529 -1120.439
v 2.817 859.524 -1121.577
v 2.97 859.39 -1122.564
v 2.692 859.394 -1123.696
v 2.132 859.399 -1124.685
v 1.139 859.399 -1125.252
v 0.018 859.408 -1125.529
v -0.725 859.385 -1125.404
v -1.434 859.527 -1125.12
v -2.249 859.693 -1124.394
v -2.839 859.819 -1123.412
v -2.99 859.954 -1122.425
v -2.714 860.232 -1121.294
v -2.127 860.388 -1120.433
v -1.15 860.519 -1119.732
v -0.006 860.526 -1119.586
v 0.72 860.538 -1119.577
v 1.407 860.522 -1119.872
v 2.265 860.528 -1120.577
v 2.836 860.531 -1121.567
v 2.991 860.398 -1122.695
v 2.681 860.379 -1123.843
v 2.109 860.376 -1124.696
v 1.125 860.382 -1125.4
v -0.008 860.383 -1125.541
v -0.716 860.384 -1125.541
v -1.43 860.522 -1125.26
v -2.277 860.666 -1124.549
v -2.827 860.82 -1123.548
v -2.991 860.946 -1122.567
v -2.684 861.246 -1121.42
v -2.138 861.373 -1120.439
v -1.139 861.519 -1119.868
v 0.017 861.535 -1119.716
v 0.698 861.515 -1119.73
v 1.405 861.514 -1120.014
v 2.276 861.528 -1120.713
v 2.83 861.518 -1121.712
v 2.961 861.369 -1122.852
v 2.691 861.379 -1123.979
v 2.134 861.386 -1124.825
v 1.126 861.375 -1125.542
v 0.002 861.382 -1125.678
v -0.713 861.378 -1125.682
v -1.417 861.523 -1125.396
v -2.266 861.666 -1124.686
v -2.85 861.797 -1123.701
v -2.97 861.953 -1122.556
v -2.714 862.218 -1121.436
v -2.118 862.379 -1120.571
v -1.135 862.515 -1120.008
v 0.009 862.522 -1119.72
v 0.696 862.506 -1119.873
v 1.404 862.506 -1120.156
v 2.265 862.512 -1120.861
v 2.831 862.512 -1121.853
v 2.967 862.366 -1122.991
v 2.708 862.383 -1124.113
v 2.113 862.364 -1124.978
v 1.115 862.36 -1125.547
v 0.012 862.382 -1125.815
v -0.709 862.373 -1125.68
v -1.416 862.517 -1125.395
v -2.271 862.655 -1124.83
v -2.829 862.804 -1123.833
v -2.991 862.931 -1122.709
v -2.692 863.226 -1121.566
v -2.116 863.373 -1120.711
v -1.132 863.509 -1120.149
v 0.004 863.51 -1119.864
v 0.722 863.517 -1120.001
v 1.415 863.506 -1120.293
v 2.267 863.507 -1121.001
v 2.824 863.5 -1121.999
v 2.986 863.372 -1122.981
v 2.707 863.375 -1124.255
v 2.135 863.372 -1125.108
v 1.138 863.369 -1125.678
v -0.001 863.365 -1125.964
v -0.701 863.371 -1125.817
v -1.437 863.494 -1125.547
v -2.258 863.657 -1124.965
v -2.843 863.786 -1123.84
v -2.973 863.936 -1122.841
v -2.684 864.224 -1121.704
v -2.137 864.351 -1120.864
v -1.153 864.487 -1120.159
v 0.01 864.507 -1120.003
v 0.715 864.505 -1120.147
v 1.425 864.506 -1120.429
v 2.285 864.512 -1120.992
v 2.849 864.51 -1122.128
v 2.971 864.354 -1123.131
v 2.694 864.358 -1124.262
v 2.139 864.367 -1125.248
v 1.13 864.356 -1125.823
v 0.004 864.361 -1126.103
v -0.697 864.367 -1125.957
v -1.41 864.506 -1125.675
v -2.276 864.637 -1124.974
v -2.825 864.792 -1123.972
v -2.973 864.929 -1122.983
v -2.682 865.218 -1121.845
v -2.134 865.346 -1121.004
v -1.153 865.48 -1120.301
v -0.02 865.479 -1120.159
v 0.718 865.499 -1120.145
v 1.414 865.49 -1120.435
v 2.271 865.494 -1121.141
v 2.832 865.49 -1122.136
v 2.992 865.361 -1123.262
v 2.674 865.337 -1124.413
v 2.117 865.344 -1125.259
v 1.128 865.347 -1125.966
v 0.005 865.355 -1126.102
v -0.708 865.352 -1126.105
v -1.429 865.485 -1125.827
v -2.27 865.634 -1125.113
v -2.854 865.764 -1124.129
v -2.959 865.931 -1123.118
v -2.706 866.194 -1121.999
v -2.112 866.354 -1120.993
v -1.149 866.475 -1120.441
v 0.001 866.486 -1120.291
v 0.702 866.481 -1120.295
v 1.408 866.478 -1120.58
v 2.262 866.481 -1121.287
v 2.831 866.482 -1122.279
v 2.966 866.335 -1123.417
v 2.685 866.337 -1124.55
v 2.11 866.332 -1125.404
v 1.116 866.331 -1126.114
v -0.013 866.335 -1126.253
v -0.694 866.354 -1126.239
v -1.4 866.498 -1125.954
v -2.254 866.638 -1125.247
v -2.827 866.775 -1124.257
v -2.974 866.913 -1123.126
v -2.685 867.201 -1121.988
v -2.144 867.324 -1121.151
v -1.115 867.491 -1120.566
v -0.003 867.476 -1120.293
v 0.702 867.473 -1120.437
v 1.419 867.479 -1120.716
v 2.27 867.479 -1121.425
v 2.823 867.469 -1122.425
v 2.993 867.489 -1123.545
v 2.683 867.329 -1124.692
v 2.135 867.342 -1125.533
v 1.152 867.348 -1126.096
v 0.011 867.343 -1126.383
v -0.722 867.327 -1126.253
v -1.424 867.474 -1125.966
v -2.273 867.617 -1125.398
v -2.828 867.767 -1124.399
v -2.997 867.89 -1123.279
v -2.704 868.18 -1122.14
v -2.143 868.317 -1121.292
v -1.147 868.461 -1120.723
v -0.001 868.47 -1120.434
v 0.728 868.484 -1120.565
v 1.435 868.482 -1120.85
v 2.252 868.459 -1121.576
v 2.817 868.458 -1122.569
v 2.976 868.469 -1123.553
v 2.708 868.338 -1124.822
v 2.144 868.34 -1125.671
v 1.121 868.319 -1126.253
v -0.016 868.318 -1126.538
v -0.69 868.342 -1126.379
v -1.407 868.478 -1126.1
v -2.249 868.626 -1125.528
v -2.837 868.753 -1124.404
v -2.984 868.892 -1123.414
v -2.707 869.17 -1122.283
v -2.122 869.324 -1121.423
v -1.149 869.453 -1120.866
v 0.001 869.464 -1120.575
v 0.696 869.454 -1120.723
v 1.399 869.45 -1121.01
v 2.275 869.468 -1121.564
v 2.848 869.472 -1122.696
v 2.972 869.459 -1123.697
v 2.699 869.325 -1124.826
v 2.142 869.332 -1125.814
v 1.119 869.311 -1126.396
v -0.01 869.314 -1126.677
v -0.715 869.317 -1126.533
v -1.435 869.451 -1126.255
v -2.261 869.61 -1125.534
v -2.844 869.741 -1124.549
v -2.978 869.888 -1123.553
v -2.701 870.167 -1122.422
v -2.134 870.309 -1121.571
v -1.141 870.451 -1120.862
v 0.001 870.456 -1120.716
v 0.697 870.447 -1120.723
v 1.406 870.589 -1121.006
v 2.267 870.454 -1121.71
v 2.843 870.461 -1122.84
v 2.966 870.447 -1123.842
v 2.7 870.318 -1124.967
v 2.127 870.314 -1125.821
v 1.121 870.304 -1126.537
v 0.011 870.322 -1126.666
v -0.729 870.3 -1126.682
v -1.427 870.449 -1126.393
v -2.288 870.584 -1125.689
v -2.837 870.738 -1124.687
v -2.99 870.872 -1123.701
v -2.704 871.158 -1122.565
v -2.131 871.303 -1121.57
v -1.137 871.446 -1121.002
v 0.017 871.46 -1120.85
v 0.713 871.451 -1120.856
v 1.404 871.58 -1121.149
v 2.283 871.458 -1121.844
v 2.848 871.457 -1122.838
v 2.968 871.441 -1123.983
v 2.691 871.304 -1125.114
v 2.144 871.318 -1125.955
v 1.131 871.304 -1126.674
v 0.011 871.314 -1126.808
v -0.698 871.314 -1126.808
v -1.42 871.447 -1126.531
v -2.272 871.588 -1125.823
v -2.833 871.734 -1124.827
v -2.962 871.885 -1123.686
v -2.702 872.151 -1122.564
v -2.114 872.308 -1121.703
v -1.154 872.427 -1121.152
v -0.003 872.438 -1120.86
v 0.712 872.443 -1120.999
v 1.405 872.573 -1121.291
v 2.266 872.439 -1121.994
v 2.841 872.444 -1122.983
v 2.995 872.452 -1124.111
v 2.712 872.312 -1125.245
v 2.144 872.311 -1126.096
v 1.131 872.297 -1126.674
v 0.002 872.301 -1126.954
v -0.697 872.308 -1126.808
v -1.421 872.438 -1126.532
v -2.278 872.576 -1125.968
v -2.841 872.721 -1124.973
v -2.983 872.862 -1123.839
v -2.679 873.16 -1122.694
v -2.138 873.283 -1121.857
v -1.12 873.443 -1121.277
v 0.014 873.443 -1120.993
v 0.717 873.439 -1121.138
v 1.406 873.566 -1121.432
v 2.267 873.432 -1122.135
v 2.851 873.444 -1123.12
v 2.993 873.444 -1124.112
v 2.686 873.286 -1125.4
v 2.137 873.299 -1126.241
v 1.125 873.285 -1126.819
v 0.016 873.303 -1127.089
v -0.724 873.281 -1126.963
v -1.412 873.437 -1126.669
v -2.284 873.564 -1126.113
v -2.837 873.716 -1124.971
v -2.992 873.849 -1123.985
v -2.684 874.149 -1122.839
v -2.129 874.282 -1121.994
v -1.15 874.415 -1121.434
v 0.002 874.427 -1121.141
v 0.696 874.417 -1121.29
v 1.434 874.579 -1121.559
v 2.283 874.436 -1122.127
v 2.827 874.42 -1123.273
v 2.961 874.414 -1124.27
v 2.709 874.294 -1125.389
v 2.119 874.278 -1126.393
v 1.131 874.281 -1126.957
v -0.01 874.277 -1127.244
v -0.698 874.291 -1127.092
v -1.415 874.428 -1126.812
v -2.253 874.578 -1126.097
v -2.823 874.719 -1125.106
v -2.965 874.86 -1124.113
v -2.679 875.145 -1122.978
v -2.115 875.285 -1122.129
v -1.141 875.413 -1121.429
v 0.018 875.431 -1121.275
v 0.71 875.419 -1121.283
v 1.433 875.57 -1121.56
v 2.256 875.409 -1122.283
v 2.844 875.424 -1123.407
v 2.995 875.43 -1124.395
v 2.676 875.264 -1125.547
v 2.129 875.278 -1126.387
v 1.136 875.278 -1127.096
v -0.018 875.264 -1127.248
v -0.717 875.271 -1127.243
v -1.406 875.426 -1126.95
v -2.276 875.555 -1126.25
v -2.822 875.712 -1125.247
v -2.986 875.838 -1124.266
v -2.677 876.139 -1123.119
v -2.11 876.281 -1122.126
v -1.135 876.41 -1121.568
v -0.019 876.397 -1121.435
v 0.695 876.401 -1121.433
v 1.416 876.551 -1121.71
v 2.258 876.403 -1122.423
v 2.847 876.419 -1123.405
v 2.969 876.405 -1124.549
v 2.696 876.27 -1125.679
v 2.141 876.279 -1126.523
v 1.123 876.261 -1127.245
v -0.016 883.205 -1120.158
v -0.974 883.229 -1120.282
v -1.97 883.228 -1120.567
v -3.417 883.065 -1121.433
v -4.408 882.924 -1122.85
v -4.949 882.801 -1124.255
v -4.971 882.644 -1125.825
v -4.409 882.357 -1127.388
v -4.666 881.524 -1126.807
v -3.408 882.22 -1128.66
v -3.556 881.224 -1128.379
v -1.863 882.069 -1129.66
v -2.147 881.218 -1129.518
v -1.007 881.08 -1129.798
v 0.016 882.094 -1130.067
v 0.001 881.09 -1129.933
v 0.716 882.088 -1130.071
v 1.543 882.071 -1129.8
v 1.852 881.096 -1129.645
v 2.832 882.221 -1129.226
v 3.987 882.378 -1128.082
v 3.417 881.241 -1128.65
v 4.836 882.518 -1126.665
v 4.551 881.525 -1127.09
v 4.837 881.526 -1126.097
v 4.951 882.641 -1124.835
v 4.555 882.946 -1122.977
v 3.562 883.087 -1121.559
v 2.003 883.229 -1120.566
v -2.137 847.336 -1119.02
v -1.262 847.354 -1118.299
v -0.704 847.489 -1118.162
v -1.426 887.89 -1121.997
v 0.01 887.903 -1121.704
v -2.425 887.886 -1122.567
v -3.111 887.76 -1123.265
v -3.684 887.614 -1124.402
v -3.979 887.464 -1125.968
v -3.528 887.34 -1127.373
v -2.691 887.189 -1128.514
v -1.404 887.055 -1129.217
v -0.014 887.035 -1129.515
v 1.278 887.046 -1129.365
v 2.273 887.19 -1128.797
v 3.416 887.338 -1127.516
v 3.133 887.196 -1128.083
v 3.978 887.476 -1125.959
v 3.672 887.318 -1126.821
v 3.812 887.601 -1124.837
v 3.418 887.764 -1123.829
v 2.704 887.761 -1122.839
v 1.421 887.898 -1121.992
v -2.978 887.896 -1123.269
v -2.992 887.886 -1123.418
v -3.534 887.761 -1124.54
v -3.693 887.608 -1125.966
v -3.254 887.476 -1127.377
v -2.397 887.338 -1128.509
v -1.285 887.181 -1129.228
v 0.138 887.184 -1129.368
v 1.562 887.188 -1129.082
v 2.427 887.34 -1128.507
v 2.988 887.336 -1128.085
v 2.958 887.315 -1127.958
v -2.412 887.328 -1128.658
v 3.532 887.461 -1126.678
v 3.696 887.619 -1125.391
v 2.56 887.901 -1122.982
v 3.412 887.902 -1123.973
v 1.294 888.05 -1122.268
v -1.122 888.047 -1122.128
v -0.01 888.03 -1121.998
v -1.995 888.031 -1122.565
v -2.544 887.902 -1122.981
v 3.834 887.616 -1124.684
v 3.695 887.76 -1124.683
v 0.131 888.03 -1121.856
v 0.15 888.044 -1121.847
v 1.848 887.474 -1127.095
v -0.272 887.337 -1127.942
v 2.14 887.763 -1124.822
v -2.112 887.623 -1126.523
v 0.271 887.887 -1123.417
v -1.861 887.742 -1124.27
v 2.147 884.791 -1124.535
v 0.268 884.907 -1123.135
v -1.845 884.775 -1123.979
v 1.833 884.486 -1126.819
v -0.3 884.339 -1127.673
v -2.121 884.639 -1126.244
v -0.55 872.027 -1073.492
v -0.006 867.19 -1074.354
v 0.007 871.878 -1073.497
v -2.121 872.161 -1074.348
v -1.114 867.208 -1074.483
v -1.28 872.012 -1073.786
v -2.115 867.202 -1075.196
v -2.837 872.298 -1075.344
v -2.569 867.324 -1075.777
v -2.988 872.433 -1076.483
v -2.851 867.325 -1076.628
v -2.994 872.571 -1077.053
v -2.977 867.479 -1077.47
v -2.826 867.627 -1078.175
v -1.15 872.855 -1079.18
v -1.848 868.751 -1079.458
v -2.143 872.854 -1078.613
v -2.674 872.738 -1077.602
v -2.552 867.62 -1078.888
v -1.437 868.741 -1079.749
v -2.121 867.765 -1079.453
v -1.838 867.907 -1079.595
v 0.02 873.022 -1079.446
v -0.858 868.749 -1080.026
v -1.54 867.775 -1079.871
v -1.145 867.896 -1080.028
v -1.006 867.752 -1080.171
v 0.002 868.755 -1080.164
v -0.425 867.903 -1080.306
v -0.435 867.755 -1080.311
v -0.001 867.903 -1080.307
v -0.017 867.75 -1080.315
v 0.584 873.02 -1079.305
v 1.283 872.871 -1079.169
v 1.153 868.625 -1079.872
v 2.142 872.876 -1078.456
v 2.114 868.461 -1079.32
v 2.828 872.577 -1077.616
v 2.544 868.323 -1078.751
v 2.958 872.427 -1076.488
v 2.832 868.184 -1078.04
v 2.98 872.3 -1075.768
v 2.964 867.894 -1077.194
v 2.698 872.302 -1075.2
v 2.846 867.769 -1076.473
v 2.146 872.029 -1074.341
v 2.559 867.624 -1075.766
v 2.116 867.47 -1075.207
v 1.12 872.006 -1073.649
v 1.56 867.336 -1074.776
v 0.972 867.322 -1074.503
v 0.408 867.182 -1074.36
v -1.415 868.189 -1079.029
v -0.291 837.554 -1079.885
v -0.577 837.553 -1079.744
v -1.005 837.551 -1080.029
v 0.441 837.571 -1080.015
v -0.006 837.698 -1079.6
v 2.279 837.851 -1081.861
v 2.261 837.98 -1082.295
v 1.827 837.69 -1081.023
v 1.285 837.708 -1079.735
v 0.148 837.706 -1079.594
v 1.289 837.569 -1080.3
v 2.145 837.998 -1080.439
v 2.836 838.127 -1081.44
v 2.276 838.132 -1082.713
v 2.983 838.415 -1082.289
v 2.124 838.267 -1083.285
v 2.836 838.694 -1083.426
v 1.988 838.271 -1083.708
v 2.41 838.836 -1084.135
v 1.562 838.412 -1084.134
v 1.828 838.967 -1084.851
v 1.122 838.544 -1084.566
v 1.003 839.127 -1085.122
v 0.572 838.698 -1084.699
v 0.568 839.12 -1085.268
v 0.016 838.705 -1084.694
v 0.012 839.128 -1085.405
v -0.55 838.707 -1084.693
v -1.151 839.25 -1085.135
v -1.143 838.688 -1084.423
v -2.113 839.13 -1084.553
v -1.998 838.686 -1083.574
v -1.553 838.699 -1083.989
v -2.712 839.107 -1083.577
v -2.272 838.55 -1083.002
v -2.273 838.408 -1081.868
v -2.973 838.981 -1082.431
v -2.28 838.545 -1082.439
v -2.837 838.835 -1081.3
v -2.002 838.399 -1081.307
v -1.287 838.261 -1080.454
v -2.279 838.687 -1080.453
v -1.705 838.408 -1080.875
v -1.405 838.561 -1079.733
v -0.724 838.259 -1080.314
v -0.694 838.563 -1079.448
v -0.134 838.416 -1080.161
v 0.006 838.698 -1079.311
v 0.429 838.413 -1080.163
v 1.143 838.7 -1079.593
v 1.416 838.551 -1080.591
v 1.005 838.42 -1080.3
v 2.139 838.845 -1080.158
v 1.862 838.708 -1081.006
v 2.683 839.112 -1081.021
v 2.267 838.977 -1082.009
v 2.127 838.836 -1081.441
v 2.967 839.396 -1082.155
v 2.261 839.115 -1082.579
v 2.829 839.682 -1083.287
v 1.838 839.399 -1083.712
v 2.108 839.249 -1083.151
v 2.268 839.828 -1084.135
v 1.43 839.412 -1084.128
v 1.412 840.108 -1084.847
v 1.01 839.557 -1084.41
v 0.713 840.115 -1085.125
v 0.405 839.673 -1084.57
v -0.001 840.111 -1085.128
v -0.139 839.689 -1084.559
v -1.127 840.259 -1084.982
v -1.257 839.7 -1084.125
v -0.71 839.686 -1084.419
v -2.121 840.116 -1084.415
v -1.721 839.673 -1083.861
v -2.251 839.558 -1082.708
v -2.695 840.112 -1083.426
v -1.968 839.557 -1083.276
v -2.264 839.406 -1081.58
v -2.979 839.969 -1082.292
v -2.251 839.557 -1082.141
v -2.847 839.821 -1081.163
v -1.991 839.399 -1081.018
v -1.119 839.272 -1080.299
v -2.251 839.699 -1080.156
v -1.684 839.415 -1080.581
v -0.586 839.248 -1080.032
v -1.408 839.552 -1079.451
v 0.015 839.414 -1079.873
v -0.719 839.538 -1079.319
v 0.548 839.39 -1080.032
v 0.012 839.695 -1079.166
v 1.129 839.683 -1079.458
v 1.151 839.415 -1080.156
v 2.122 839.825 -1080.025
v 1.997 839.695 -1080.868
v 1.541 839.532 -1080.458
v 2.714 840.126 -1080.864
v 2.135 839.834 -1081.437
v 2.996 840.409 -1081.999
v 2.265 840.11 -1082.577
v 2.284 839.981 -1082
v 2.834 840.678 -1083.001
v 2.126 840.253 -1083.143
v 2.286 840.833 -1083.984
v 1.41 840.39 -1083.997
v 1.856 840.405 -1083.561
v 1.403 840.953 -1084.709
v 0.859 840.544 -1084.272
v 0.729 841.119 -1084.976
v 0.268 840.669 -1084.426
v 0.013 841.114 -1084.979
v -0.265 840.692 -1084.409
v -1.413 840.683 -1083.991
v -1.146 841.239 -1084.849
v -0.867 840.668 -1084.284
v -1.841 840.681 -1083.566
v -2.14 841.096 -1084.141
v -2.259 840.544 -1082.428
v -2.686 840.968 -1083.28
v -2.141 840.528 -1083.007
v -2.985 840.958 -1082.153
v -2.286 840.525 -1081.875
v -1.969 840.407 -1080.865
v -2.835 840.822 -1081.015
v -2.134 840.391 -1081.302
v -1.54 840.268 -1080.438
v -2.257 840.688 -1080.017
v -0.585 840.241 -1079.89
v -1.428 840.53 -1079.319
v -1.151 840.242 -1080.031
v -0.699 840.544 -1079.025
v 0.554 840.387 -1079.887
v -0.019 840.524 -1079.04
v 0.016 840.407 -1079.731
v 1.117 840.525 -1080.032
v 1.126 840.674 -1079.176
v 1.986 840.68 -1080.873
v 2.129 840.822 -1079.738
v 1.577 840.55 -1080.439
v 2.281 840.83 -1081.435
v 2.676 841.092 -1080.741
v 2.286 841.117 -1082.425
v 2.966 841.38 -1081.73
v 2.253 840.952 -1081.874
v 1.973 841.238 -1083.006
v 2.848 841.539 -1082.852
v 2.273 841.817 -1083.849
v 1.261 841.519 -1083.859
v 1.709 841.394 -1083.422
v 1.408 841.948 -1084.565
v 0.712 841.532 -1084.133
v 0.151 841.678 -1084.272
v 0.69 842.084 -1084.711
v -0.423 841.674 -1084.133
v 0.011 842.105 -1084.838
v -1.428 841.665 -1083.714
v -1.13 842.1 -1084.558
v -1.004 841.664 -1083.999
v -2.134 842.092 -1083.996
v -1.85 841.667 -1083.287
v -2.25 841.543 -1082.14
v -2.688 841.959 -1082.998
v -2.137 841.523 -1082.722
v -2.25 841.401 -1081.573
v -2.979 841.813 -1082.008
v -1.837 841.393 -1080.587
v -2.817 841.827 -1080.864
v -2.127 841.388 -1081.015
v -1.417 841.247 -1080.164
v -2.284 841.661 -1079.889
v -1.01 841.235 -1079.89
v -1.401 841.542 -1079.164
v -0.44 841.237 -1079.605
v -0.711 841.529 -1078.89
v 0.136 841.385 -1079.6
v -0.012 841.522 -1078.894
v 1.267 841.524 -1079.886
v 1.132 841.67 -1079.031
v 0.699 841.381 -1079.744
v 1.688 841.521 -1080.313
v 2.147 841.828 -1079.587
v 2.264 841.81 -1081.301
v 2.697 842.1 -1080.588
v 1.978 841.667 -1080.735
v 2.274 842.101 -1082.431
v 2.99 842.39 -1081.576
v 2.287 841.969 -1081.857
v 2.002 842.251 -1082.992
v 2.822 842.513 -1082.724
v 1.688 842.372 -1083.432
v 2.281 842.815 -1083.703
v 1.127 842.517 -1083.713
v 1.438 842.962 -1084.408
v 0.72 842.53 -1083.988
v 0.72 843.098 -1084.554
v 0.125 842.653 -1084.001
v 0.009 843.096 -1084.697
v -0.55 842.677 -1083.984
v -1.14 843.086 -1084.421
v -0.987 842.668 -1083.849
v -2.116 843.097 -1083.846
v -2.003 842.51 -1083.009
v -1.577 842.652 -1083.435
v -2.697 842.946 -1082.86
v -2.146 842.51 -1082.443
v -2.974 842.809 -1081.864
v -2.262 842.386 -1081.295
v -2.263 842.526 -1081.863
v -2.846 842.657 -1080.737
v -2.112 842.391 -1080.724
v -2.281 842.656 -1079.746
v -1.413 842.243 -1079.878
v -1.825 842.394 -1080.297
v -1.409 842.529 -1079.026
v -0.832 842.252 -1079.588
v -0.706 842.525 -1078.745
v -0.268 842.25 -1079.448
v -0.018 842.51 -1078.614
v 0.265 842.368 -1079.465
v 1.147 842.673 -1078.882
v 1.423 842.526 -1079.879
v 0.86 842.387 -1079.593
v 2.124 842.804 -1079.457
v 1.824 842.509 -1080.174
v 2.707 843.099 -1080.3
v 2.266 842.805 -1081.3
v 2.115 842.656 -1080.738
v 2.976 843.373 -1081.441
v 2.279 842.955 -1081.861
v 2.001 843.243 -1082.851
v 2.855 843.529 -1082.565
v 2.133 843.094 -1082.288
v 2.283 843.809 -1083.56
v 1.548 843.365 -1083.29
v 0.57 843.517 -1083.85
v 1.418 843.941 -1084.134
v 1.116 843.503 -1083.577
v 0.695 844.073 -1084.425
v -0.562 843.661 -1083.848
v -0.011 844.075 -1084.424
v -0.013 843.648 -1083.857
v -1.152 844.07 -1084.285
v -1.136 843.656 -1083.568
v -2.123 844.085 -1083.707
v -2.002 843.503 -1082.725
v -1.558 843.658 -1083.141
v -2.676 843.953 -1082.708
v -2.285 843.504 -1082.158
v -2.989 843.791 -1081.588
v -2.251 843.386 -1081.006
v -2.277 843.509 -1081.587
v -2.829 843.662 -1080.445
v -1.982 843.376 -1080.446
v -2.264 843.661 -1079.453
v -1.287 843.224 -1079.603
v -1.719 843.219 -1080.032
v -1.398 843.529 -1078.879
v -0.709 843.232 -1079.314
v -0.729 843.501 -1078.615
v -0.131 843.239 -1079.308
v -0.005 843.512 -1078.465
v 0.435 843.38 -1079.309
v 1.127 843.652 -1078.751
v 1.429 843.523 -1079.734
v 0.982 843.366 -1079.461
v 2.121 843.795 -1079.317
v 1.834 843.651 -1080.169
v 2.683 844.074 -1080.17
v 2.289 843.813 -1081.147
v 2.146 843.671 -1080.58
v 2.268 843.94 -1081.725
v 2.98 844.368 -1081.298
v 2.821 844.497 -1082.441
v 1.826 844.212 -1082.725
v 2.111 844.071 -1082.299
v 2.27 844.792 -1083.283
v 1.43 844.374 -1083.136
v 0.975 844.496 -1083.576
v 1.414 844.93 -1083.995
v 0.435 844.514 -1083.705
v 0.729 845.089 -1084.267
v -0.713 844.646 -1083.57
v 0.006 845.079 -1084.274
v -0.141 844.65 -1083.709
v -1.279 844.647 -1083.285
v -1.142 845.069 -1084.139
v -1.987 844.506 -1082.434
v -2.12 845.08 -1083.422
v -1.704 844.648 -1083.002
v -2.284 844.497 -1081.874
v -2.686 844.939 -1082.571
v -2.286 844.354 -1080.74
v -2.984 844.787 -1081.444
v -2.256 844.375 -1081.293
v -1.984 844.367 -1080.164
v -2.855 844.636 -1080.316
v -2.268 844.65 -1079.314
v -1.143 844.218 -1079.46
v -1.703 844.223 -1079.74
v -1.426 844.502 -1078.609
v -0.71 844.224 -1079.172
v -0.706 844.51 -1078.462
v -0.148 844.22 -1079.033
v 0.014 844.518 -1078.314
v 0.571 844.368 -1079.17
v 1.137 844.652 -1078.461
v 0.983 844.359 -1079.319
v 1.83 844.64 -1080.029
v 2.122 844.788 -1079.175
v 1.542 844.495 -1079.606
v 2.683 845.067 -1080.028
v 2.117 844.784 -1080.595
v 2.272 845.077 -1081.723
v 2.974 845.214 -1081.159
v 2.27 844.934 -1081.157
v 2.835 845.5 -1082.15
v 2.137 845.224 -1082.145
v 1.418 845.359 -1083.142
v 2.267 845.783 -1083.143
v 1.845 845.218 -1082.716
v 0.864 845.51 -1083.419
v 1.426 845.931 -1083.847
v 0.299 845.511 -1083.56
v 0.712 846.069 -1084.133
v -0.268 845.653 -1083.56
v 0.019 846.081 -1084.125
v -1.417 845.643 -1083.142
v -1.124 846.075 -1083.846
v -0.851 845.642 -1083.426
v -1.692 845.507 -1082.712
v -2.115 846.076 -1083.278
v -2.279 845.493 -1081.588
v -2.707 845.917 -1082.44
v -2.11 845.512 -1082.141
v -2.281 845.35 -1081.021
v -2.993 845.773 -1081.307
v -1.975 845.224 -1080.017
v -2.853 845.63 -1080.173
v -2.126 845.359 -1080.448
v -1.579 845.203 -1079.465
v -2.28 845.634 -1079.178
v -0.582 845.207 -1079.037
v -1.434 845.489 -1078.471
v -1.138 845.214 -1079.174
v -0.696 845.51 -1078.173
v -0.019 845.487 -1078.189
v 0.56 845.353 -1079.034
v -0.02 845.203 -1078.898
v 1.125 845.636 -1078.326
v 1.127 845.353 -1079.176
v 1.991 845.646 -1080.02
v 2.108 845.771 -1078.898
v 1.569 845.507 -1079.451
v 2.272 845.786 -1080.446
v 2.696 846.069 -1079.88
v 2.271 846.069 -1081.581
v 2.964 846.2 -1080.88
v 2.261 845.92 -1081.019
v 1.977 846.204 -1082.154
v 2.851 846.503 -1082
v 1.266 846.344 -1083.005
v 2.274 846.78 -1082.998
v 1.722 846.365 -1082.565
v 0.715 846.497 -1083.281
v 1.407 846.91 -1083.715
v 0.704 847.056 -1083.854
v 0.162 846.507 -1083.274
v 0.002 847.061 -1083.992
v -0.441 846.624 -1083.292
v -1.121 847.069 -1083.703
v -1.429 846.627 -1082.864
v -0.995 846.633 -1083.143
v -2.116 847.067 -1083.137
v -1.862 846.48 -1082.443
v -2.675 846.931 -1082.14
v -2.282 846.484 -1081.305
v -2.117 846.499 -1081.861
v -2.989 846.769 -1081.163
v -2.254 846.361 -1080.725
v -2.833 846.637 -1080.021
v -1.85 846.204 -1079.743
v -2.129 846.349 -1080.166
v -2.287 846.48 -1079.039
v -1.429 846.201 -1079.319
v -1.436 846.48 -1078.33
v -0.99 846.211 -1078.887
v -0.427 846.208 -1078.747
v -0.716 846.488 -1078.041
v 0.724 846.362 -1078.881
v 0.015 846.503 -1078.03
v 0.158 846.221 -1078.738
v 1.27 846.347 -1079.033
v 1.139 846.638 -1078.177
v 2.139 846.785 -1078.741
v 1.992 846.639 -1079.878
v 1.691 846.486 -1079.461
v 2.703 847.067 -1079.735
v 2.287 846.789 -1080.439
v 2.991 847.211 -1080.725
v 2.282 847.069 -1081.576
v 2.277 846.924 -1081.011
v 2.824 847.477 -1081.872
v 1.97 847.191 -1082.015
v 2.261 847.764 -1082.862
v 1.131 847.341 -1082.86
v 1.708 847.348 -1082.572
v 1.416 847.909 -1083.427
v 0.719 847.493 -1083.137
v 0.726 848.064 -1083.701
v 0.128 847.476 -1083.149
v -0.014 848.043 -1083.858
v -0.407 847.64 -1083.133
v -1.128 848.057 -1083.564
v -0.996 847.625 -1082.86
v -2.11 848.064 -1082.992
v -1.85 847.481 -1082.153
v -1.547 847.494 -1082.569
v -2.703 847.904 -1082.012
v -2.144 847.473 -1081.591
v -2.974 847.771 -1080.872
v -2.267 847.345 -1080.447
v -2.259 847.35 -1081.011
v -2.838 847.626 -1079.74
v -2.119 847.349 -1079.877
v -2.257 847.493 -1078.883
v -1.43 847.194 -1079.036
v -1.857 847.192 -1079.462
v -1.417 847.486 -1078.179
v -0.87 847.188 -1078.756
v -0.264 847.216 -1078.595
v -0.71 847.485 -1077.896
v 0.291 847.207 -1078.601
v -0.008 847.48 -1077.758
v 1.283 847.348 -1078.885
v 1.151 847.639 -1078.029
v 0.851 847.344 -1078.746
v 2.12 847.764 -1078.608
v 1.712 847.493 -1079.309
v 2.283 847.779 -1080.299
v 2.703 848.059 -1079.451
v 2.141 847.637 -1079.874
v 2.26 847.905 -1080.878
v 2.992 848.204 -1080.583
v 2.836 848.478 -1081.724
v 1.973 848.186 -1082.014
v 2.133 848.057 -1081.437
v 2.287 848.774 -1082.566
v 1.562 848.338 -1082.432
v 1.412 848.899 -1083.287
v 0.551 848.466 -1083.009
v 1.154 848.35 -1082.707
v 0.701 849.039 -1083.572
v 0.007 848.483 -1082.997
v -0.01 849.038 -1083.572
v -0.564 848.48 -1082.857
v -1.143 849.039 -1083.43
v -1.127 848.625 -1082.713
v -2.119 849.051 -1082.854
v -2.002 848.466 -1081.874
v -1.565 848.474 -1082.294
v -2.683 848.911 -1081.861
v -2.266 848.48 -1081.298
v -2.961 848.773 -1080.723
v -2.268 848.336 -1080.164
v -2.28 848.328 -1080.738
v -2.135 848.188 -1079.602
v -2.84 848.616 -1079.6
v -1.292 848.183 -1078.755
v -2.28 848.47 -1078.61
v -1.705 848.192 -1079.174
v -1.438 848.464 -1077.906
v -0.694 848.205 -1078.456
v -0.138 848.197 -1078.319
v -0.722 848.469 -1077.761
v 0.428 848.196 -1078.462
v 0.002 848.479 -1077.612
v 1.426 848.342 -1078.884
v 1.13 848.616 -1077.898
v 0.978 848.326 -1078.612
v 2.131 848.764 -1078.461
v 1.842 848.477 -1079.315
v 2.28 848.77 -1080.301
v 2.694 848.904 -1079.314
v 2.141 848.629 -1079.732
v 2.284 848.914 -1080.866
v 2.973 849.184 -1080.45
v 1.839 849.184 -1081.868
v 2.842 849.475 -1081.437
v 2.146 849.058 -1081.431
v 2.256 849.745 -1082.439
v 1.56 849.329 -1082.291
v 0.993 849.329 -1082.575
v 1.42 849.897 -1083.141
v 0.699 850.03 -1083.431
v 0.429 849.473 -1082.857
v -0.014 850.028 -1083.433
v -0.727 849.458 -1082.726
v -0.154 849.462 -1082.865
v -1.151 850.026 -1083.292
v -1.263 849.479 -1082.427
v -2.134 850.033 -1082.579
v -1.991 849.466 -1081.585
v -1.701 849.471 -1082.149
v -2.683 849.903 -1081.719
v -2.28 849.462 -1081.021
v -2.286 849.316 -1079.89
v -2.986 849.748 -1080.594
v -2.269 849.328 -1080.448
v -2.001 849.175 -1079.322
v -2.828 849.617 -1079.452
v -1.139 849.184 -1078.607
v -2.269 849.47 -1078.463
v -1.682 849.201 -1078.879
v -1.407 849.478 -1077.749
v -0.725 849.176 -1078.329
v -0.154 849.178 -1078.186
v -0.719 849.464 -1077.475
v 0.406 849.173 -1078.189
v 0.012 849.479 -1077.464
v 0.98 849.32 -1078.469
v 1.14 849.616 -1077.609
v 1.862 849.483 -1079.163
v 2.123 849.751 -1078.181
v 1.569 849.477 -1078.742
v 2.137 849.619 -1079.734
v 2.712 849.908 -1079.163
v 2.27 849.897 -1080.731
v 2.988 850.187 -1080.159
v 2.278 849.761 -1080.16
v 2.13 850.04 -1081.297
v 2.846 850.47 -1081.294
v 1.411 850.317 -1082.153
v 2.253 850.736 -1082.299
v 1.848 850.182 -1081.864
v 0.834 850.451 -1082.442
v 1.408 850.882 -1083.005
v 0.289 850.467 -1082.572
v 0.714 850.892 -1083.14
v -0.294 850.456 -1082.58
v -0.016 851.019 -1083.292
v -1.122 851.039 -1082.994
v -1.261 850.474 -1082.284
v -0.849 850.464 -1082.432
v -2.11 851.042 -1082.425
v -1.715 850.454 -1081.873
v -2.674 850.902 -1081.431
v -2.284 850.31 -1080.74
v -2.133 850.459 -1081.302
v -2.976 850.747 -1080.447
v -2.282 850.312 -1080.171
v -2.839 850.603 -1079.315
v -1.984 850.18 -1079.171
v -2.131 850.319 -1079.599
v -2.287 850.45 -1078.33
v -1.55 850.186 -1078.6
v -1.405 850.472 -1077.606
v -0.58 850.17 -1078.044
v -1.128 850.184 -1078.318
v -0.725 850.451 -1077.337
v -0.01 850.172 -1078.043
v 0.017 850.475 -1077.32
v 0.574 850.184 -1078.034
v 1.147 850.614 -1077.464
v 1.127 850.316 -1078.325
v 2.115 850.738 -1078.044
v 1.995 850.47 -1079.025
v 1.549 850.456 -1078.61
v 2.691 850.886 -1079.032
v 2.275 850.609 -1079.594
v 2.959 851.159 -1080.032
v 2.254 850.878 -1080.739
v 2.274 850.751 -1080.162
v 2.821 851.445 -1081.165
v 2.146 851.044 -1081.289
v 2.283 851.749 -1082.142
v 1.279 851.316 -1082.148
v 1.699 851.17 -1081.725
v 1.416 851.88 -1082.86
v 0.851 851.456 -1082.291
v 0.69 851.867 -1083.01
v 0.281 851.454 -1082.434
v -0.016 852.011 -1083.15
v -0.412 851.465 -1082.426
v -1.405 851.464 -1082.001
v -1.139 852.019 -1082.861
v -0.977 851.466 -1082.284
v -1.839 851.459 -1081.58
v -2.137 852.016 -1082.296
v -2.285 851.302 -1080.456
v -2.7 851.877 -1081.302
v -2.117 851.462 -1081.01
v -2.259 851.32 -1079.876
v -2.974 851.741 -1080.163
v -1.825 851.185 -1078.879
v -2.85 851.587 -1079.179
v -2.138 851.164 -1079.319
v -2.269 851.455 -1078.18
v -1.563 851.169 -1078.465
v -1.417 851.456 -1077.47
v -0.977 851.183 -1078.03
v -0.726 851.444 -1077.195
v -0.443 851.16 -1077.905
v 0 851.455 -1077.045
v 0.697 851.164 -1077.902
v 0.126 851.161 -1077.904
v 1.149 851.608 -1077.321
v 1.293 851.325 -1078.171
v 2.142 851.75 -1077.888
v 1.965 851.583 -1079.04
v 1.692 851.449 -1078.61
v 2.691 851.879 -1078.748
v 2.252 851.728 -1079.605
v 2.963 852.154 -1079.888
v 2.286 852.035 -1080.581
v 2.256 851.872 -1080.029
v 2.816 852.434 -1081.025
v 1.971 852.013 -1081.164
v 2.273 852.735 -1082.006
v 1.274 852.305 -1082.009
v 1.703 852.165 -1081.582
v 1.408 852.866 -1082.58
v 0.698 852.44 -1082.297
v 0.135 852.443 -1082.295
v 0.714 852.877 -1082.856
v -0.408 852.46 -1082.283
v -0.002 853.014 -1082.86
v -1.007 852.438 -1082.015
v -1.125 853.022 -1082.712
v -1.853 852.441 -1081.304
v -2.116 853.023 -1082.144
v -1.566 852.444 -1081.727
v -2.123 852.451 -1080.73
v -2.709 852.863 -1081.165
v -2.271 852.304 -1079.599
v -2.958 852.745 -1080.013
v -2.268 852.307 -1080.164
v -2.828 852.595 -1078.885
v -2.112 852.175 -1079.023
v -1.41 852.17 -1078.175
v -2.271 852.447 -1077.897
v -1.852 852.159 -1078.609
v -1.427 852.442 -1077.333
v -0.854 852.162 -1077.898
v -0.291 852.159 -1077.758
v -0.707 852.449 -1077.044
v -0.002 852.447 -1076.904
v 0.272 852.156 -1077.76
v 1.127 852.585 -1077.19
v 1.27 852.302 -1078.041
v 0.853 852.166 -1077.753
v 2.117 852.724 -1077.759
v 1.704 852.45 -1078.462
v 2.678 852.862 -1078.613
v 2.265 852.729 -1079.457
v 2.127 852.59 -1078.888
v 2.962 853.146 -1079.747
v 2.276 852.878 -1080.019
v 2.819 853.429 -1080.882
v 1.969 853.146 -1081.165
v 2.258 853.008 -1080.595
v 2.286 853.595 -1081.716
v 1.567 853.162 -1081.579
v 0.549 853.428 -1082.017
v 1.438 853.88 -1082.423
v 1.153 853.312 -1081.857
v 0.729 853.88 -1082.707
v 0.019 853.454 -1082.14
v -0.57 853.439 -1082.009
v 0.009 854.014 -1082.712
v -1.141 853.436 -1081.869
v -1.154 853.994 -1082.585
v -1.969 853.452 -1081.007
v -2.129 853.864 -1081.867
v -1.553 853.445 -1081.437
v -2.272 853.297 -1080.45
v -2.713 853.853 -1081.025
v -2.283 853.288 -1079.321
v -2.96 853.737 -1079.872
v -2.256 853.308 -1079.875
v -2.852 853.571 -1078.755
v -2.134 853.152 -1078.75
v -1.272 853.16 -1077.894
v -2.265 853.443 -1077.752
v -1.702 853.157 -1078.321
v -0.856 853.153 -1077.615
v -1.435 853.429 -1077.054
v -0.274 853.164 -1077.466
v -0.718 853.434 -1076.908
v 0.269 853.147 -1077.478
v 0.003 853.443 -1076.76
v 1.399 853.286 -1078.047
v 1.147 853.45 -1076.897
v 0.867 853.31 -1077.746
v 1.823 853.427 -1078.331
v 2.114 853.715 -1077.619
v 2.286 853.736 -1079.447
v 2.691 853.864 -1078.464
v 2.11 853.571 -1078.897
v 2.274 853.87 -1080.02
v 2.968 854.142 -1079.602
v 1.826 854.137 -1081.024
v 2.835 854.433 -1080.59
v 2.109 853.995 -1080.599
v 2.251 854.563 -1081.591
v 1.556 854.289 -1081.443
v 1.434 854.87 -1082.283
v 1 854.297 -1081.72
v 0.441 854.444 -1081.858
v 0.723 854.868 -1082.426
v -0.698 854.44 -1081.861
v -0.014 854.991 -1082.582
v -0.136 854.437 -1082.005
v -1.267 854.439 -1081.578
v -1.131 855.003 -1082.29
v -2.128 854.858 -1081.725
v -1.987 854.432 -1080.733
v -1.702 854.433 -1081.299
v -2.68 854.868 -1080.866
v -2.275 854.287 -1080.168
v -2.988 854.71 -1079.744
v -2.283 854.139 -1079.037
v -2.261 854.297 -1079.593
v -2.822 854.584 -1078.598
v -2.001 854.138 -1078.471
v -2.268 854.433 -1077.612
v -1.289 854.141 -1077.76
v -1.718 854.138 -1078.046
v -1.428 854.426 -1076.909
v -0.709 854.15 -1077.47
v -0.698 854.441 -1076.614
v -0.125 854.161 -1077.32
v 0.014 854.443 -1076.613
v 0.439 854.159 -1077.322
v 1.135 854.433 -1076.761
v 0.998 854.295 -1077.61
v 2.143 854.728 -1077.32
v 1.835 854.428 -1078.325
v 1.557 854.289 -1077.897
v 2.679 854.848 -1078.329
v 2.115 854.567 -1078.753
v 2.263 854.855 -1079.884
v 2.991 855.151 -1079.307
v 2.261 854.711 -1079.318
v 1.84 855.14 -1080.875
v 2.839 855.428 -1080.447
v 2.128 855.001 -1080.448
v 2.25 855.555 -1081.45
v 1.428 855.291 -1081.294
v 1.42 855.853 -1082.148
v 0.838 855.275 -1081.589
v 0.722 855.86 -1082.285
v 0.303 855.439 -1081.715
v 0.011 856 -1082.428
v -0.281 855.428 -1081.723
v -1.135 855.993 -1082.15
v -1.282 855.421 -1081.302
v -0.866 855.415 -1081.59
v -2.135 855.845 -1081.587
v -1.695 855.43 -1081.012
v -2.675 855.864 -1080.581
v -2.279 855.277 -1079.886
v -2.12 855.431 -1080.444
v -2.995 855.697 -1079.606
v -2.265 855.286 -1079.312
v -2.831 855.571 -1078.461
v -1.992 855.138 -1078.324
v -2.268 855.143 -1078.746
v -2.271 855.424 -1077.471
v -1.57 855.135 -1077.759
v -1.4 855.438 -1076.752
v -0.559 855.148 -1077.183
v -1.153 855.129 -1077.48
v -0.713 855.423 -1076.48
v 0.017 855.154 -1077.179
v 0.015 855.436 -1076.471
v 0.572 855.145 -1077.185
v 1.137 855.428 -1076.618
v 1.134 855.283 -1077.471
v 1.99 855.429 -1078.177
v 2.115 855.701 -1077.193
v 1.57 855.291 -1077.749
v 2.248 855.553 -1078.757
v 2.678 855.84 -1078.188
v 2.28 855.859 -1079.875
v 2.967 856.127 -1079.177
v 2.268 855.709 -1079.314
v 2.144 856.005 -1080.44
v 2.825 856.411 -1080.312
v 1.282 856.281 -1081.154
v 2.28 856.568 -1081.293
v 1.695 856.13 -1080.877
v 1.409 856.837 -1081.871
v 0.847 856.274 -1081.443
v 0.282 856.417 -1081.583
v 0.707 856.842 -1082.151
v -0.29 856.414 -1081.585
v 0.017 856.856 -1082.283
v -1.146 856.977 -1082.014
v -1.429 856.411 -1081.162
v -0.834 856.43 -1081.432
v -2.131 856.841 -1081.443
v -1.829 856.428 -1080.725
v -2.689 856.847 -1080.446
v -2.283 856.266 -1079.605
v -2.12 856.281 -1080.161
v -2.972 856.705 -1079.311
v -2.277 856.27 -1079.035
v -2.851 856.549 -1078.187
v -1.832 856.142 -1078.032
v -2.115 856.143 -1078.457
v -2.28 856.41 -1077.335
v -1.556 856.137 -1077.611
v -1.416 856.278 -1076.619
v -0.973 856.007 -1077.177
v -0.717 856.271 -1076.34
v -0.428 856.133 -1077.046
v 0.723 856.145 -1077.038
v -0.001 856.418 -1076.195
v 0.132 856.128 -1077.05
v 1.278 856.278 -1077.328
v 1.131 856.416 -1076.48
v 1.982 856.416 -1078.181
v 2.124 856.558 -1077.047
v 1.7 856.275 -1077.613
v 2.713 856.857 -1077.886
v 2.283 856.57 -1078.598
v 2.274 856.847 -1079.737
v 2.991 857.136 -1079.024
v 2.268 856.701 -1079.172
v 2.818 857.398 -1080.173
v 1.975 856.978 -1080.311
v 1.262 857.259 -1081.164
v 2.25 857.539 -1081.025
v 1.715 857.137 -1080.725
v 0.706 857.267 -1081.301
v 1.432 857.846 -1081.717
v 0.15 857.416 -1081.437
v 0.716 857.841 -1082.004
v -0.429 857.408 -1081.443
v 0.012 857.844 -1082.002
v -0.986 857.416 -1081.154
v -1.144 857.971 -1081.871
v -1.857 857.401 -1080.455
v -2.146 857.823 -1081.167
v -1.57 857.404 -1080.879
v -2.707 857.827 -1080.313
v -2.266 857.271 -1079.312
v -2.128 857.268 -1079.882
v -2.982 857.691 -1079.174
v -2.286 857.115 -1078.756
v -2.816 857.567 -1078.028
v -1.834 857.134 -1077.749
v -2.114 857.136 -1078.173
v -2.288 857.397 -1077.055
v -1.41 856.991 -1077.325
v -1.402 857.28 -1076.328
v -0.85 856.986 -1077.045
v -0.415 856.993 -1076.898
v -0.702 857.274 -1076.191
v 0.264 857.113 -1076.772
v -0.009 857.404 -1076.057
v 1.292 857.28 -1077.179
v 1.127 857.406 -1076.198
v 0.843 857.122 -1076.907
v 1.708 857.415 -1077.609
v 2.131 857.555 -1076.901
v 2.249 857.539 -1078.615
v 2.688 857.832 -1077.757
v 2.135 857.416 -1078.034
v 2.255 857.685 -1079.179
v 2.961 858.108 -1078.896
v 2.839 858.406 -1079.879
v 1.968 857.966 -1080.173
v 2.274 857.84 -1079.737
v 1.563 858.122 -1080.589
v 2.258 858.538 -1080.879
v 0.581 858.271 -1081.15
v 1.405 858.678 -1081.589
v 1.128 858.257 -1081.019
v 0.019 858.417 -1081.289
v 0.693 858.818 -1081.874
v -0.555 858.412 -1081.151
v -0.011 858.821 -1081.871
v -1.126 858.409 -1081.011
v -1.122 858.979 -1081.718
v -1.965 858.417 -1080.155
v -2.118 858.835 -1081.011
v -1.573 858.394 -1080.596
v -2.7 858.683 -1080.167
v -2.288 858.248 -1079.607
v -2.978 858.687 -1079.03
v -2.26 858.126 -1078.459
v -2.253 858.273 -1079.022
v -2.818 858.558 -1077.887
v -2.122 858.123 -1077.894
v -1.293 857.966 -1077.053
v -2.274 858.399 -1076.906
v -1.707 858.116 -1077.474
v -0.869 857.965 -1076.771
v -1.412 858.266 -1076.191
v -0.726 858.25 -1075.919
v -0.302 857.965 -1076.629
v -0.014 858.393 -1075.918
v 0.294 858.127 -1076.614
v 1.119 858.392 -1076.06
v 1.415 858.26 -1077.047
v 0.837 858.11 -1076.769
v 2.113 858.535 -1076.627
v 1.828 858.392 -1077.478
v 2.709 858.839 -1077.605
v 2.266 858.685 -1078.464
v 2.126 858.545 -1078.038
v 2.973 859.109 -1078.607
v 2.257 858.821 -1079.036
v 2.835 859.396 -1079.739
v 1.855 858.978 -1080.159
v 2.122 858.967 -1079.6
v 2.287 859.55 -1080.723
v 1.572 859.121 -1080.584
v 1.398 859.665 -1081.451
v 0.995 859.256 -1080.872
v 0.709 859.821 -1081.582
v 0.411 859.244 -1081.023
v 0.008 859.827 -1081.72
v -0.707 859.397 -1081.014
v -0.134 859.401 -1081.153
v -1.13 859.824 -1081.439
v -1.265 859.404 -1080.726
v -2.117 859.828 -1080.869
v -1.98 859.258 -1079.878
v -1.705 859.393 -1080.45
v -2.683 859.687 -1079.875
v -2.283 859.244 -1079.321
v -2.963 859.69 -1078.881
v -2.283 859.102 -1078.187
v -2.282 859.245 -1078.753
v -1.978 859.117 -1077.609
v -2.838 859.536 -1077.755
v -1.283 858.966 -1076.907
v -2.255 859.405 -1076.755
v -1.685 859.124 -1077.179
v -0.724 858.96 -1076.627
v -1.421 859.252 -1076.054
v -0.138 858.973 -1076.476
v -0.722 859.245 -1075.775
v 0.436 859.119 -1076.473
v 0.015 859.264 -1075.762
v 0.995 859.114 -1076.619
v 1.147 859.405 -1075.905
v 2.119 859.532 -1076.482
v 1.84 859.394 -1077.33
v 1.579 859.267 -1077.036
v 2.701 859.826 -1077.467
v 2.271 859.681 -1078.462
v 2.129 859.539 -1077.895
v 2.958 860.091 -1078.473
v 2.281 859.83 -1079.024
v 2.835 860.246 -1079.598
v 1.845 860.106 -1080.022
v 2.108 859.95 -1079.607
v 2.249 860.516 -1080.6
v 1.422 860.108 -1080.446
v 1.408 860.665 -1081.162
v 0.998 860.25 -1080.729
v 0.711 860.815 -1081.44
v 0.426 860.247 -1080.873
v 0 860.814 -1081.582
v -0.156 860.379 -1080.881
v -1.13 860.817 -1081.297
v -1.291 860.378 -1080.455
v -0.843 860.394 -1080.728
v -2.118 860.82 -1080.727
v -1.694 860.393 -1080.161
v -2.279 860.239 -1079.036
v -2.693 860.673 -1079.738
v -2.116 860.254 -1079.592
v -2.255 860.114 -1078.456
v -2.989 860.522 -1078.61
v -1.979 860.109 -1077.467
v -2.827 860.395 -1077.608
v -2.273 860.102 -1077.898
v -2.256 860.397 -1076.613
v -1.541 859.976 -1076.894
v -0.582 859.952 -1076.344
v -1.416 860.248 -1075.91
v -1.135 859.962 -1076.62
v -0.018 859.951 -1076.345
v -0.724 860.236 -1075.635
v 0.55 860.093 -1076.345
v 0.012 860.255 -1075.479
v 1.124 860.097 -1076.625
v 1.133 860.388 -1075.77
v 1.986 860.389 -1077.328
v 2.107 860.516 -1076.346
v 1.55 860.24 -1076.908
v 2.68 860.804 -1077.194
v 2.122 860.527 -1077.898
v 2.267 860.813 -1078.889
v 2.994 861.109 -1078.313
v 2.281 860.681 -1078.315
v 2.843 861.244 -1079.452
v 2.124 860.954 -1079.457
v 2.286 861.535 -1080.298
v 1.283 861.102 -1080.303
v 1.713 861.105 -1080.017
v 1.404 861.655 -1081.022
v 0.845 861.235 -1080.593
v 0.697 861.798 -1081.305
v 0.265 861.226 -1080.741
v -0.001 861.806 -1081.299
v -0.28 861.383 -1080.73
v -1.121 861.816 -1081.15
v -1.435 861.369 -1080.315
v -0.838 861.39 -1080.583
v -1.851 861.375 -1079.885
v -2.108 861.819 -1080.581
v -2.251 861.251 -1078.738
v -2.69 861.667 -1079.596
v -2.114 861.248 -1079.307
v -2.969 861.529 -1078.459
v -2.269 861.097 -1078.18
v -1.829 861.107 -1077.18
v -2.832 861.384 -1077.327
v -2.145 861.085 -1077.621
v -1.548 860.964 -1076.756
v -2.255 861.391 -1076.329
v -1.008 860.945 -1076.344
v -1.422 861.236 -1075.771
v -0.441 860.945 -1076.202
v -0.724 861.229 -1075.493
v 0.698 861.09 -1076.2
v -0.009 861.233 -1075.348
v 0.123 860.942 -1076.062
v 1.152 861.109 -1076.469
v 1.117 861.368 -1075.636
v 1.993 861.386 -1077.183
v 2.144 861.535 -1076.186
v 1.709 861.244 -1076.758
v 2.287 861.535 -1077.745
v 2.703 861.812 -1077.041
v 2.254 861.796 -1078.896
v 2.964 862.081 -1078.186
v 2.276 861.67 -1078.318
v 1.999 861.958 -1079.449
v 2.838 862.233 -1079.313
v 1.285 862.096 -1080.16
v 2.283 862.525 -1080.157
v 1.708 862.094 -1079.878
v 0.703 862.227 -1080.451
v 1.403 862.647 -1080.881
v 0.131 862.224 -1080.596
v 0.714 862.802 -1081.155
v -0.009 862.793 -1081.161
v -0.411 862.384 -1080.583
v -1.435 862.362 -1080.031
v -1.135 862.798 -1081.016
v -1.013 862.359 -1080.316
v -1.827 862.243 -1079.589
v -2.138 862.791 -1080.312
v -2.282 862.222 -1078.47
v -2.68 862.667 -1079.449
v -2.133 862.228 -1079.033
v -2.975 862.517 -1078.32
v -2.25 862.103 -1077.887
v -2.82 862.384 -1077.179
v -1.846 861.946 -1076.905
v -2.142 862.079 -1077.336
v -2.253 862.384 -1076.187
v -1.417 861.948 -1076.478
v -1.404 862.241 -1075.478
v -0.973 861.962 -1076.184
v -0.703 862.236 -1075.341
v -0.435 861.941 -1075.916
v -0.014 862.222 -1075.209
v 0.161 861.962 -1075.901
v 1.122 862.365 -1075.35
v 1.292 862.243 -1076.328
v 0.701 862.084 -1076.057
v 2.131 862.518 -1075.909
v 1.693 862.226 -1076.624
v 2.69 862.796 -1076.905
v 2.256 862.507 -1077.76
v 2.141 862.384 -1077.18
v 2.97 862.936 -1078.041
v 2.254 862.647 -1078.328
v 2.852 863.236 -1079.022
v 1.988 862.943 -1079.312
v 2.254 862.788 -1078.896
v 2.251 863.495 -1080.032
v 1.545 863.072 -1079.746
v 0.565 863.222 -1080.308
v 1.412 863.646 -1080.734
v 1.143 863.23 -1080.16
v 0.01 863.232 -1080.443
v 0.717 863.797 -1080.869
v -0.561 863.37 -1080.303
v -0.01 863.784 -1081.02
v -1.152 863.354 -1080.173
v -1.136 863.79 -1080.733
v -2.147 863.777 -1080.175
v -1.999 863.214 -1079.321
v -1.561 863.365 -1079.74
v -2.697 863.648 -1079.315
v -2.124 863.226 -1078.745
v -2.994 863.496 -1078.188
v -2.252 863.094 -1077.604
v -2.261 863.23 -1078.175
v -2.823 863.375 -1077.039
v -2.11 863.094 -1077.037
v -2.275 863.361 -1076.056
v -1.275 862.942 -1076.194
v -1.7 862.942 -1076.619
v -1.432 863.214 -1075.351
v -0.844 862.945 -1075.907
v -0.722 863.215 -1075.067
v -0.287 862.938 -1075.771
v -0.002 863.223 -1075.061
v 0.275 862.935 -1075.773
v 1.128 863.362 -1075.205
v 1.398 863.211 -1076.204
v 0.849 863.081 -1075.912
v 2.131 863.511 -1075.767
v 1.859 863.235 -1076.612
v 2.677 863.779 -1076.77
v 2.285 863.519 -1077.604
v 2.138 863.373 -1077.04
v 2.994 863.945 -1077.746
v 2.286 863.661 -1078.171
v 2.844 864.222 -1078.884
v 1.847 863.936 -1079.312
v 2.128 863.792 -1078.746
v 1.564 864.078 -1079.737
v 2.265 864.498 -1079.883
v 0.988 864.214 -1080.025
v 1.407 864.635 -1080.595
v 0.425 864.216 -1080.165
v 0.722 864.793 -1080.725
v -0.728 864.345 -1080.174
v 0.01 864.791 -1080.869
v -0.126 864.228 -1080.156
v -1.123 864.367 -1079.875
v -1.14 864.78 -1080.593
v -1.99 864.214 -1079.032
v -2.122 864.787 -1080.021
v -1.714 864.208 -1079.462
v -2.68 864.652 -1079.023
v -2.287 864.204 -1078.472
v -2.283 864.065 -1077.336
v -2.988 864.493 -1078.043
v -2.261 864.081 -1077.892
v -1.974 864.083 -1076.756
v -2.825 864.366 -1076.898
v -2.266 864.218 -1075.91
v -1.273 863.935 -1075.909
v -1.704 863.931 -1076.338
v -1.41 864.222 -1075.198
v -0.71 863.932 -1075.77
v -0.696 864.226 -1074.912
v -0.144 863.931 -1075.629
v 0.02 864.231 -1074.767
v 0.426 864.075 -1075.627
v 1.117 864.346 -1075.069
v 1.432 864.226 -1076.046
v 0.976 864.064 -1075.777
v 2.131 864.503 -1075.625
v 1.853 864.224 -1076.473
v 2.71 864.795 -1076.612
v 2.272 864.503 -1077.611
v 2.11 864.346 -1077.054
v 2.988 864.933 -1077.607
v 2.267 864.641 -1078.18
v 1.834 864.919 -1079.177
v 2.831 865.206 -1078.749
v 2.126 864.784 -1078.747
v 2.252 865.481 -1079.747
v 1.432 865.077 -1079.59
v 1.008 865.22 -1079.873
v 1.419 865.635 -1080.306
v 0.406 865.196 -1080.033
v 0.724 865.787 -1080.582
v -0.14 865.21 -1080.022
v -0.015 865.766 -1080.739
v -1.282 865.347 -1079.6
v -1.122 865.785 -1080.442
v -0.689 865.365 -1079.871
v -1.704 865.207 -1079.315
v -2.113 865.786 -1079.874
v -2.251 865.222 -1078.17
v -2.701 865.63 -1078.892
v -2.107 865.223 -1078.737
v -2.997 865.479 -1077.764
v -2.252 865.079 -1077.604
v -1.985 864.925 -1076.478
v -2.817 865.364 -1076.61
v -2.249 865.081 -1077.035
v -1.579 864.912 -1076.062
v -2.268 865.21 -1075.769
v -0.575 864.92 -1075.489
v -1.417 865.21 -1075.06
v -1.154 864.912 -1075.779
v -0.726 865.198 -1074.785
v -0.019 864.912 -1075.495
v 0.016 865.22 -1074.627
v 0.573 865.071 -1075.483
v 1.115 865.338 -1074.928
v 1.138 865.07 -1075.625
v 2.113 865.483 -1075.493
v 1.99 865.354 -1076.476
v 1.544 865.198 -1076.061
v 2.127 865.493 -1076.903
v 2.681 865.767 -1076.343
v 2.249 865.621 -1078.047
v 2.971 865.914 -1077.474
v 2.276 865.498 -1077.467
v 2.822 866.192 -1078.612
v 2.138 865.784 -1078.6
v 1.403 866.05 -1079.463
v 2.249 866.472 -1079.465
v 1.848 865.921 -1079.028
v 1.43 866.636 -1080.159
v 0.836 866.192 -1079.746
v 0.281 866.2 -1079.882
v 0.72 866.777 -1080.442
v -0.293 866.195 -1079.886
v 0.002 866.77 -1080.447
v -1.411 866.207 -1079.452
v -1.139 866.765 -1080.309
v -0.833 866.356 -1079.731
v -1.839 866.205 -1079.028
v -2.114 866.778 -1079.591
v -2.286 866.19 -1077.905
v -2.695 866.627 -1078.747
v -2.129 866.2 -1078.464
v -2.275 866.056 -1077.332
v -2.979 866.484 -1077.613
v -2.138 866.052 -1076.767
v -2.852 866.332 -1076.486
v -1.982 865.921 -1076.335
v -2.253 866.213 -1075.478
v -1.576 865.906 -1075.919
v -1.398 866.216 -1074.766
v -0.976 865.93 -1075.477
v -0.725 866.19 -1074.643
v -0.577 865.911 -1075.349
v 0.003 866.204 -1074.491
v 0.707 866.059 -1075.344
v 0.137 865.915 -1075.204
v 1.116 866.33 -1074.644
v 1.13 866.057 -1075.63
v 1.99 866.347 -1076.333
v 2.139 866.494 -1075.337
v 1.716 866.212 -1075.904
v 2.251 866.473 -1076.912
v 2.699 866.773 -1076.192
v 2.986 866.916 -1077.325
v 2.254 866.758 -1078.045
v 2.278 866.634 -1077.466
v 2.817 867.181 -1078.33
v 1.985 866.91 -1078.605
v 2.273 867.481 -1079.312
v 1.282 867.057 -1079.311
v 1.694 866.905 -1079.034
v 1.438 867.634 -1080.013
v 0.698 867.187 -1079.603
v 0.707 867.76 -1080.307
v 0.142 867.194 -1079.739
v -0.417 867.2 -1079.593
v -1.011 867.181 -1079.465
v -1.4 867.207 -1079.163
v -1.824 867.208 -1078.737
v -2.132 867.19 -1078.182
v -2.26 867.058 -1077.608
v -2.286 867.04 -1077.054
v -2.122 867.056 -1076.476
v -1.829 866.921 -1076.045
v -1.401 866.922 -1075.619
v -0.422 866.913 -1075.059
v -1.002 866.904 -1075.349
v 0.137 866.907 -1075.062
v 0.712 867.055 -1075.2
v 1.279 867.055 -1075.484
v 1.707 867.198 -1075.766
v 1.965 867.322 -1076.346
v 2.258 867.47 -1076.767
v 2.265 867.617 -1077.331
v 2.272 867.764 -1077.894
v 1.555 868.042 -1078.891
v 1.987 867.905 -1078.462
v 1.117 868.033 -1079.181
v 0.565 868.186 -1079.457
v -0.01 868.18 -1079.603
v -0.703 868.191 -1079.453
v 3.55 871.877 -1073.073
v 2.107 871.718 -1071.951
v 4.692 872.166 -1074.628
v 0.976 871.578 -1071.665
v 4.945 872.428 -1076.487
v -0.019 871.577 -1071.525
v -1.848 871.587 -1071.943
v -3.422 871.86 -1072.943
v -4.546 872.151 -1074.355
v -4.827 872.294 -1075.347
v -4.945 872.453 -1076.469
v -0.013 837.693 -1079.604
v 2.275 838.131 -1083.706
v 2.391 837.972 -1082.868
v -1.43 837.551 -1080.171
v -1.84 837.562 -1080.447
v 1.685 838.257 -1084.427
v -2.413 837.7 -1081.017
v -2.691 837.845 -1081.865
v 0.99 838.409 -1084.987
v 0.018 838.424 -1085.26
v 0.416 838.404 -1085.274
v -2.706 837.977 -1082.723
v -0.993 838.41 -1085.128
v -2.542 838.134 -1083.704
v -1.842 838.27 -1084.56
v 0.019 838.566 -1085.26
v -0.836 838.563 -1085.12
v -1.695 838.415 -1084.699
v -2.41 838.411 -1084.135
v -2.822 838.278 -1083.277
v -2.997 838.113 -1082.301
v -2.822 837.995 -1081.434
v -2.42 837.979 -1080.736
v -1.983 837.845 -1080.305
v -1.148 837.834 -1079.746
v -0.018 837.831 -1079.465
v 0.725 837.855 -1079.589
v 1.404 837.976 -1079.888
v 2.285 838.139 -1080.44
v 2.832 838.408 -1081.443
v 2.964 838.685 -1082.582
v 2.696 838.979 -1083.708
v 2.146 839.133 -1084.55
v 1.125 839.255 -1085.132
v 0.009 839.41 -1085.264
v -0.689 839.417 -1085.259
v -1.405 839.412 -1084.979
v -2.282 839.394 -1084.283
v -2.841 839.258 -1083.287
v -2.996 839.107 -1082.159
v -2.703 838.972 -1081.02
v -2.136 838.83 -1080.169
v -1.137 838.835 -1079.598
v 0.02 838.85 -1079.304
v 0.708 838.836 -1079.456
v 1.436 838.99 -1079.588
v 2.286 839.132 -1080.297
v 2.848 839.412 -1081.293
v 2.986 839.693 -1082.429
v 2.681 839.819 -1083.432
v 2.139 840.121 -1084.412
v 1.133 840.253 -1084.986
v 0.02 840.41 -1085.117
v -0.707 840.397 -1085.126
v -1.436 840.383 -1084.853
v -2.283 840.244 -1084.142
v -2.845 840.248 -1083.147
v -2.984 840.108 -1082.011
v -2.709 839.96 -1080.881
v -2.14 839.819 -1080.029
v -1.13 839.832 -1079.311
v -0.02 839.815 -1079.182
v 0.703 839.824 -1079.175
v 1.417 839.97 -1079.456
v 2.254 840.102 -1080.172
v 2.842 840.4 -1081.154
v 2.985 840.685 -1082.146
v 2.71 840.832 -1083.276
v 2.142 841.115 -1084.127
v 1.139 841.25 -1084.841
v -0.001 841.388 -1084.986
v -0.701 841.394 -1084.84
v -1.416 841.39 -1084.559
v -2.273 841.244 -1083.995
v -2.816 841.261 -1082.849
v -2.973 841.108 -1081.864
v -2.688 840.967 -1080.729
v -2.13 840.819 -1079.882
v -1.144 840.814 -1079.177
v 0.012 840.829 -1079.024
v 0.693 840.81 -1079.038
v 1.411 840.958 -1079.317
v 2.278 841.111 -1080.018
v 2.834 841.387 -1081.016
v 2.968 841.523 -1082.013
v 2.686 841.808 -1083.146
v 2.125 842.096 -1083.994
v 1.115 842.226 -1084.57
v -0.008 842.375 -1084.848
v -0.713 842.378 -1084.704
v -1.41 842.386 -1084.415
v -2.261 842.244 -1083.706
v -2.839 842.237 -1082.719
v -2.97 842.103 -1081.72
v -2.684 841.962 -1080.585
v -2.133 841.81 -1079.6
v -1.136 841.812 -1079.031
v -0.019 841.801 -1078.756
v 0.709 841.814 -1078.889
v 1.419 841.956 -1079.172
v 2.263 842.093 -1079.742
v 2.839 842.383 -1080.73
v 2.998 842.537 -1081.856
v 2.699 842.809 -1082.998
v 2.107 843.076 -1083.861
v 1.134 843.231 -1084.418
v 0.005 843.377 -1084.558
v -0.692 843.385 -1084.552
v -1.412 843.378 -1084.273
v -2.27 843.23 -1083.568
v -2.852 843.22 -1082.583
v -2.982 843.087 -1081.443
v -2.692 842.949 -1080.305
v -2.132 842.803 -1079.458
v -1.145 842.799 -1078.894
v -0.017 842.794 -1078.613
v 0.712 842.809 -1078.745
v 1.429 842.956 -1079.025
v 2.274 843.093 -1079.595
v 2.847 843.381 -1080.584
v 2.967 843.507 -1081.73
v 2.685 843.793 -1082.863
v 2.129 844.084 -1083.708
v 1.12 844.214 -1084.284
v -0.013 844.357 -1084.425
v -0.728 844.353 -1084.428
v -1.422 844.363 -1084.137
v -2.27 844.223 -1083.427
v -2.843 844.077 -1082.437
v -2.991 844.073 -1081.305
v -2.687 843.946 -1080.161
v -2.138 843.791 -1079.319
v -1.138 843.796 -1078.607
v 0.018 843.811 -1078.454
v 0.71 843.799 -1078.463
v 1.404 843.931 -1078.754
v 2.255 844.073 -1079.462
v 2.819 844.354 -1080.457
v 2.98 844.51 -1081.439
v 2.712 844.804 -1082.566
v 2.125 845.074 -1083.426
v 1.116 845.204 -1084.144
v -0.001 845.358 -1084.277
v -0.711 845.357 -1084.136
v -1.421 845.356 -1083.853
v -2.272 845.214 -1083.286
v -2.833 845.077 -1082.148
v -2.964 844.943 -1081.15
v -2.69 844.936 -1080.021
v -2.109 844.804 -1079.163
v -1.126 844.797 -1078.459
v 0.011 844.799 -1078.316
v 0.706 844.789 -1078.323
v 1.404 844.923 -1078.612
v 2.251 845.063 -1079.323
v 2.823 845.35 -1080.313
v 2.97 845.495 -1081.303
v 2.682 845.776 -1082.439
v 2.123 846.065 -1083.286
v 1.143 846.215 -1083.847
v 0.003 846.211 -1084.133
v -0.696 846.36 -1083.986
v -1.422 846.348 -1083.711
v -2.254 846.219 -1083.135
v -2.819 846.079 -1081.999
v -2.968 845.932 -1081.011
v -2.689 845.787 -1079.879
v -2.138 845.776 -1078.894
v -1.124 845.649 -1078.316
v 0.004 845.787 -1078.177
v 0.692 845.772 -1078.188
v 1.419 845.926 -1078.462
v 2.263 846.063 -1079.033
v 2.833 846.349 -1080.166
v 2.984 846.498 -1081.154
v 2.688 846.772 -1082.294
v 2.125 847.059 -1083.143
v 1.14 847.206 -1083.706
v -0.01 847.195 -1083.998
v -0.703 847.348 -1083.848
v -1.416 847.345 -1083.566
v -2.252 847.213 -1082.85
v -2.827 847.066 -1081.861
v -2.988 846.911 -1080.879
v -2.678 846.788 -1079.589
v -2.108 846.789 -1078.737
v -1.118 846.646 -1078.171
v -0.007 846.771 -1077.9
v 0.715 846.781 -1078.035
v 1.41 846.913 -1078.325
v 2.263 847.056 -1078.891
v 2.838 847.203 -1079.88
v 2.961 847.474 -1081.024
v 2.685 847.762 -1082.154
v 2.118 848.047 -1083.005
v 1.119 848.184 -1083.575
v -0.008 848.188 -1083.714
v -0.728 848.323 -1083.719
v -1.42 848.193 -1083.427
v -2.273 848.191 -1082.719
v -2.816 848.066 -1081.715
v -2.986 847.905 -1080.594
v -2.704 847.762 -1079.461
v -2.111 847.78 -1078.597
v -1.126 847.633 -1078.034
v 0.019 847.641 -1077.744
v 0.695 847.759 -1077.903
v 1.4 847.757 -1078.047
v 2.272 848.055 -1078.745
v 2.847 848.202 -1079.733
v 2.965 848.469 -1080.88
v 2.682 848.753 -1081.872
v 2.124 848.901 -1082.718
v 1.122 849.178 -1083.432
v -0.017 849.175 -1083.576
v -0.711 849.186 -1083.568
v -1.409 849.193 -1083.28
v -2.262 849.191 -1082.572
v -2.855 849.032 -1081.592
v -2.962 848.914 -1080.44
v -2.7 848.757 -1079.317
v -2.141 848.751 -1078.47
v -1.152 848.607 -1077.763
v -0.017 848.608 -1077.621
v 0.695 848.751 -1077.62
v 1.414 848.759 -1077.898
v 2.267 849.044 -1078.606
v 2.849 849.196 -1079.591
v 2.989 849.478 -1080.584
v 2.714 849.768 -1081.714
v 2.125 849.894 -1082.576
v 1.127 850.174 -1083.288
v 0.001 850.18 -1083.425
v -0.721 850.171 -1083.29
v -1.425 850.174 -1083.004
v -2.279 850.172 -1082.438
v -2.819 850.049 -1081.291
v -2.992 849.886 -1080.314
v -2.698 849.751 -1079.174
v -2.117 849.761 -1078.317
v -1.143 849.606 -1077.617
v 0.004 849.615 -1077.469
v 0.723 849.764 -1077.463
v 1.409 849.748 -1077.759
v 2.281 850.046 -1078.457
v 2.847 850.187 -1079.45
v 2.974 850.461 -1080.45
v 2.695 850.747 -1081.582
v 2.126 850.888 -1082.433
v 1.153 851.185 -1082.991
v 0.009 851.179 -1083.279
v -0.725 851.16 -1083.15
v -1.437 851.159 -1082.868
v -2.263 851.176 -1082.147
v -2.848 851.022 -1081.163
v -2.966 850.896 -1080.159
v -2.692 850.748 -1079.029
v -2.107 850.761 -1078.028
v -1.152 850.592 -1077.479
v 0.006 850.609 -1077.184
v 0.708 850.746 -1077.329
v 1.403 850.736 -1077.62
v 2.271 851.032 -1078.178
v 2.847 851.18 -1079.166
v 2.998 851.47 -1080.296
v 2.698 851.742 -1081.438
v 2.12 851.876 -1082.295
v 1.14 852.027 -1082.856
v 0.016 852.176 -1082.992
v -0.699 852.172 -1082.995
v -1.424 852.16 -1082.72
v -2.251 852.177 -1081.999
v -2.854 852.01 -1081.024
v -2.961 851.893 -1079.872
v -2.676 851.752 -1078.738
v -2.11 851.609 -1077.887
v -1.142 851.592 -1077.332
v -0.008 851.592 -1077.049
v 0.707 851.738 -1077.188
v 1.43 851.748 -1077.464
v 2.277 851.887 -1078.033
v 2.838 852.166 -1079.029
v 2.974 852.445 -1080.166
v 2.685 852.725 -1081.162
v 2.145 852.886 -1082.141
v 1.136 853.016 -1082.716
v 0.011 853.165 -1082.853
v -0.698 853.164 -1082.853
v -1.436 853.144 -1082.584
v -2.284 853.147 -1081.873
v -2.821 853.026 -1080.866
v -2.959 852.886 -1079.73
v -2.704 852.724 -1078.61
v -2.141 852.58 -1077.761
v -1.132 852.591 -1077.044
v -0.016 852.579 -1076.911
v 0.716 852.737 -1076.9
v 1.403 852.721 -1077.194
v 2.268 852.873 -1077.896
v 2.822 853.148 -1078.895
v 2.981 853.443 -1079.879
v 2.682 853.715 -1081.022
v 2.111 853.855 -1081.874
v 1.117 853.996 -1082.584
v 0.015 854.16 -1082.709
v -0.693 854.161 -1082.567
v -1.42 854.148 -1082.292
v -2.249 854.164 -1081.714
v -2.832 854.011 -1080.588
v -2.962 853.877 -1079.589
v -2.691 853.727 -1078.461
v -2.131 853.579 -1077.615
v -1.132 853.584 -1076.902
v 0.013 853.591 -1076.755
v 0.692 853.713 -1076.77
v 1.416 853.723 -1077.046
v 2.249 853.852 -1077.764
v 2.829 854.145 -1078.75
v 2.974 854.43 -1079.741
v 2.676 854.704 -1080.883
v 2.116 854.851 -1081.73
v 1.15 855.011 -1082.284
v 0.014 855.152 -1082.568
v -0.703 855.146 -1082.43
v -1.407 855.15 -1082.144
v -2.256 855.151 -1081.576
v -2.855 854.987 -1080.458
v -2.967 854.866 -1079.45
v -2.71 854.706 -1078.329
v -2.112 854.585 -1077.321
v -1.13 854.578 -1076.759
v -0.009 854.569 -1076.482
v 0.699 854.568 -1076.625
v 1.403 854.706 -1076.911
v 2.276 854.863 -1077.467
v 2.83 855.138 -1078.608
v 2.994 855.437 -1079.589
v 2.694 855.709 -1080.732
v 2.132 855.855 -1081.58
v 1.139 855.996 -1082.147
v -0.007 856.13 -1082.437
v -0.705 856.137 -1082.29
v -1.404 856.145 -1082.001
v -2.253 856.145 -1081.291
v -2.841 855.989 -1080.309
v -2.966 855.859 -1079.166
v -2.689 855.713 -1078.035
v -2.115 855.575 -1077.181
v -1.117 855.58 -1076.611
v 0 855.567 -1076.336
v 0.717 855.573 -1076.474
v 1.399 855.696 -1076.771
v 2.266 855.849 -1077.33
v 2.825 856.127 -1078.327
v 2.981 856.421 -1079.454
v 2.701 856.706 -1080.587
v 2.142 856.854 -1081.433
v 1.137 856.987 -1082.006
v 0.007 857.132 -1082.146
v -0.722 857.118 -1082.156
v -1.425 857.122 -1081.869
v -2.276 857.122 -1081.161
v -2.853 856.973 -1080.173
v -2.991 856.834 -1079.037
v -2.71 856.69 -1077.904
v -2.141 856.55 -1077.052
v -1.132 856.562 -1076.477
v 0.004 856.563 -1076.193
v 0.7 856.554 -1076.341
v 1.407 856.694 -1076.484
v 2.264 856.841 -1077.189
v 2.852 857.139 -1078.171
v 2.991 857.42 -1079.165
v 2.674 857.538 -1080.316
v 2.132 857.84 -1081.155
v 1.115 857.964 -1081.876
v -0.006 858.116 -1082.011
v -0.722 858.11 -1081.873
v -1.433 858.109 -1081.732
v -2.249 858.133 -1081.006
v -2.838 857.976 -1080.024
v -2.958 857.85 -1078.879
v -2.698 857.692 -1077.756
v -2.117 857.56 -1076.898
v -1.119 857.564 -1076.187
v 0.012 857.561 -1076.047
v 0.702 857.548 -1076.056
v 1.401 857.682 -1076.345
v 2.268 857.836 -1077.046
v 2.849 858.129 -1078.031
v 2.987 858.41 -1079.025
v 2.689 858.542 -1080.167
v 2.114 858.82 -1081.022
v 1.138 858.973 -1081.58
v 0.008 859.118 -1081.862
v -0.716 859.107 -1081.728
v -1.422 859.11 -1081.443
v -2.268 858.971 -1080.873
v -2.849 858.961 -1079.746
v -2.958 858.842 -1078.737
v -2.696 858.685 -1077.613
v -2.124 858.547 -1076.76
v -1.14 858.541 -1076.056
v -0.009 858.539 -1075.916
v 0.72 858.553 -1075.905
v 1.425 858.692 -1076.191
v 2.288 858.842 -1076.894
v 2.817 859.099 -1077.905
v 2.971 859.391 -1078.892
v 2.69 859.535 -1080.025
v 2.135 859.827 -1080.869
v 1.134 859.963 -1081.441
v 0.003 860.107 -1081.723
v -0.693 860.116 -1081.574
v -1.427 860.098 -1081.303
v -2.274 859.959 -1080.592
v -2.825 859.97 -1079.592
v -2.969 859.827 -1078.601
v -2.7 859.675 -1077.474
v -2.122 859.541 -1076.476
v -1.143 859.532 -1075.915
v -0.008 859.532 -1075.631
v 0.715 859.542 -1075.766
v 1.422 859.682 -1076.051
v 2.284 859.832 -1076.612
v 2.837 860.106 -1077.612
v 2.986 860.252 -1078.742
v 2.687 860.525 -1079.885
v 2.108 860.801 -1080.741
v 1.126 860.95 -1081.303
v 0.009 861.104 -1081.436
v -0.727 861.085 -1081.45
v -1.402 861.109 -1081.149
v -2.253 860.967 -1080.44
v -2.834 860.957 -1079.455
v -2.987 860.807 -1078.326
v -2.681 860.681 -1077.18
v -2.141 860.52 -1076.343
v -1.13 860.533 -1075.767
v -0.012 860.522 -1075.491
v 0.691 860.518 -1075.636
v 1.409 860.666 -1075.915
v 2.28 860.822 -1076.472
v 2.842 861.101 -1077.468
v 2.993 861.25 -1078.597
v 2.709 861.533 -1079.59
v 2.135 861.812 -1080.586
v 1.116 861.935 -1081.166
v 0.005 862.094 -1081.296
v -0.704 862.094 -1081.296
v -1.416 862.091 -1081.014
v -2.259 861.955 -1080.302
v -2.853 861.794 -1079.323
v -2.97 861.812 -1078.175
v -2.702 861.659 -1077.049
v -2.143 861.511 -1076.202
v -1.13 861.526 -1075.483
v 0.009 861.529 -1075.339
v 0.715 861.527 -1075.34
v 1.436 861.677 -1075.618
v 2.25 861.793 -1076.346
v 2.818 862.077 -1077.338
v 2.986 862.237 -1078.317
v 2.678 862.504 -1079.464
v 2.119 862.793 -1080.31
v 1.15 862.951 -1081.008
v 0.02 863.096 -1081.147
v -0.705 863.085 -1081.013
v -1.402 863.094 -1080.724
v -2.257 862.949 -1080.159
v -2.833 862.801 -1079.029
v -2.991 862.647 -1078.045
v -2.694 862.657 -1076.903
v -2.11 862.527 -1076.044
v -1.117 862.527 -1075.335
v 0.02 862.529 -1075.192
v 0.699 862.509 -1075.207
v 1.432 862.667 -1075.478
v 2.271 862.801 -1076.193
v 2.84 863.085 -1077.185
v 2.979 863.225 -1078.179
v 2.69 863.505 -1079.316
v 2.109 863.779 -1080.174
v 1.148 863.942 -1080.725
v 0.015 863.943 -1081.008
v -0.713 864.072 -1080.875
v -1.425 864.07 -1080.593
v -2.261 863.939 -1079.877
v -2.852 863.78 -1078.897
v -2.998 863.635 -1077.906
v -2.69 863.511 -1076.759
v -2.133 863.503 -1075.772
v -1.116 863.379 -1075.193
v 0.005 863.511 -1074.916
v 0.716 863.513 -1075.057
v 1.428 863.656 -1075.339
v 2.272 863.794 -1075.909
v 2.844 864.081 -1077.041
v 2.979 864.218 -1078.037
v 2.677 864.489 -1079.18
v 2.136 864.79 -1080.018
v 1.139 864.929 -1080.588
v 0.005 864.929 -1080.871
v -0.69 865.081 -1080.722
v -1.4 865.08 -1080.439
v -2.272 864.923 -1079.741
v -2.819 864.796 -1078.738
v -2.991 864.633 -1077.619
v -2.702 864.495 -1076.482
v -2.123 864.503 -1075.625
v -1.146 864.35 -1075.066
v -0.003 864.498 -1074.778
v 0.714 864.504 -1074.916
v 1.409 864.636 -1075.206
v 2.268 864.784 -1075.769
v 2.854 864.939 -1076.752
v 2.966 865.201 -1077.902
v 2.675 865.479 -1079.04
v 2.128 865.777 -1079.88
v 1.144 865.925 -1080.443
v -0.001 865.918 -1080.59
v -0.7 866.066 -1080.586
v -1.423 865.915 -1080.309
v -2.275 865.914 -1079.6
v -2.856 865.762 -1078.615
v -2.986 865.629 -1077.475
v -2.708 865.483 -1076.343
v -2.136 865.487 -1075.49
v -1.154 865.337 -1074.928
v -0.017 865.481 -1074.643
v 0.707 865.491 -1074.777
v 1.405 865.626 -1074.925
v 2.258 865.769 -1075.633
v 2.847 865.926 -1076.614
v 2.987 866.208 -1077.608
v 2.708 866.495 -1078.74
v 2.11 866.615 -1079.606
v 1.143 866.917 -1080.302
v 0.02 866.925 -1080.438
v -0.696 866.92 -1080.3
v -1.415 866.913 -1080.021
v -2.252 866.922 -1079.447
v -2.821 866.78 -1078.314
v -2.977 866.628 -1077.328
v -2.701 866.481 -1076.198
v -2.125 866.487 -1075.343
v -1.127 866.349 -1074.631
v 0.009 866.35 -1074.489
v 0.71 866.486 -1074.492
v 1.404 866.475 -1074.784
v 2.279 866.776 -1075.48
v 2.842 866.915 -1076.475
v 2.968 867.187 -1077.475
v 2.688 867.473 -1078.608
v 2.134 867.625 -1079.452
v 1.139 867.907 -1080.02
v -0.017 872.57 -1071.382
v -0.983 872.589 -1071.369
v -1.998 872.573 -1071.805
v -3.387 872.877 -1072.641
v -4.389 873.012 -1073.923
v -4.967 873.288 -1075.488
v -4.955 873.58 -1076.899
v -4.412 873.847 -1078.471
v -4.66 872.737 -1078.312
v -3.385 874.013 -1079.872
v -3.563 872.995 -1079.89
v -1.84 874.286 -1080.872
v -2.131 873.288 -1080.876
v -0.987 873.295 -1081.296
v 0.018 874.297 -1081.148
v -0.001 873.291 -1081.299
v 0.692 874.272 -1081.165
v 1.54 874.27 -1080.884
v 1.833 873.284 -1081.02
v 2.819 874.13 -1080.315
v 3.974 874.003 -1079.312
v 3.406 873.01 -1080.021
v 4.816 873.713 -1077.757
v 4.548 872.873 -1078.458
v 4.815 872.578 -1077.473
v 4.979 873.445 -1075.903
v 4.531 873.003 -1074.213
v 3.557 872.875 -1072.785
v 1.993 872.588 -1071.653
v -2.111 837.854 -1080.44
v -1.266 837.709 -1079.876
v -0.726 837.69 -1079.606
v -1.438 877.531 -1071.809
v 0 877.545 -1071.515
v -2.41 877.687 -1072.366
v -3.109 877.836 -1073.07
v -3.704 877.958 -1074.218
v -3.972 878.253 -1075.77
v -3.541 878.54 -1077.185
v -2.686 878.685 -1078.317
v -1.419 878.82 -1079.031
v -0.02 878.807 -1079.324
v 1.26 878.81 -1079.18
v 2.289 878.835 -1078.595
v 3.389 878.528 -1077.336
v 3.117 878.678 -1077.897
v 3.963 878.249 -1075.773
v 3.697 878.403 -1076.615
v 3.811 878.1 -1074.643
v 3.42 877.841 -1073.492
v 2.692 877.685 -1072.509
v 1.433 877.556 -1071.791
v -2.962 877.84 -1073.067
v -2.974 877.973 -1073.073
v -3.563 878.099 -1074.36
v -3.683 878.398 -1075.767
v -3.278 878.668 -1077.195
v -2.429 878.808 -1078.189
v -1.263 878.972 -1078.882
v 0.125 878.951 -1079.039
v 1.549 878.955 -1078.752
v 2.429 878.834 -1078.312
v 2.963 878.669 -1077.762
v 2.957 878.807 -1077.764
v -2.402 878.827 -1078.317
v 3.556 878.545 -1076.472
v 3.701 878.264 -1075.053
v 2.543 877.822 -1072.654
v 3.4 878.11 -1073.786
v 1.287 877.695 -1071.935
v -1.138 877.684 -1071.943
v 0.014 877.697 -1071.65
v -1.967 877.841 -1072.357
v -2.56 877.824 -1072.653
v 3.819 878.106 -1074.498
v 3.69 878.114 -1074.491
v 0.158 877.557 -1071.507
v 0.126 877.676 -1071.665
v 1.851 878.685 -1076.758
v -0.285 878.82 -1077.613
v 2.113 878.245 -1074.641
v -2.135 878.532 -1076.198
v 0.294 877.978 -1073.211
v -1.855 878.104 -1073.932
v 2.107 875.263 -1075.07
v 0.273 874.985 -1073.648
v -1.862 875.121 -1074.502
v 1.851 875.707 -1077.325
v -0.267 875.855 -1078.171
v -2.121 875.564 -1076.758
v 10.496 997.644 -1094.484
v 11.767 997.641 -1096.755
v 11.774 998.071 -1096.751
v 11.488 998.353 -1096.894
v 11.2 998.633 -1097.039
v 11.056 998.632 -1097.04
v 10.93 998.643 -1097.174
v 8.363 998.633 -1093.353
v 4.972 998.641 -1090.936
v 4.804 997.63 -1089.815
v 8.807 997.653 -1092.209
v -0.018 997.629 -1088.823
v 2.395 998.624 -1090.097
v 0.009 998.074 -1088.809
v -0.015 998.34 -1089.105
v -0.016 998.624 -1089.389
v 0.002 998.636 -1089.663
v 0.006 998.639 -1089.803
v 9.072 998.208 -1092.785
v 8.793 998.495 -1093.066
v 4.825 998.212 -1089.946
v 4.685 998.497 -1090.229
v 11.071 998.643 -1097.457
v 11.789 998.649 -1097.453
v 11.623 998.632 -1097.89
v 11.335 998.629 -1097.751
v 11.908 997.924 -1096.897
v 11.916 997.646 -1096.893
v 11.488 998.495 -1097.178
v 11.762 998.346 -1097.183
v 11.614 998.484 -1097.328
v 11.77 998.21 -1096.895
v 11.772 998.212 -1097.036
v 11.909 998.066 -1097.038
v 11.786 961.214 -1096.745
v 9.055 961.188 -1092.652
v 4.951 961.193 -1089.812
v 0.013 961.211 -1088.807
v 11.617 998.628 -1105.408
v 11.765 998.632 -1105.122
v 11.782 998.644 -1105.397
v 11.773 998.638 -1105.259
v 11.773 998.638 -1104.976
v 11.777 998.64 -1104.974
v 11.477 998.629 -1104.84
v 11.189 998.626 -1105.551
v 10.902 998.624 -1105.837
v 11.063 998.637 -1104.693
v 10.765 998.627 -1106.118
v 10.776 998.634 -1104.411
v 9.918 998.629 -1107.676
v 10.512 998.648 -1103.976
v 11.502 998.646 -1098.447
v 11.761 998.629 -1098.176
v 11.613 998.625 -1098.321
v 11.754 998.624 -1098.321
v 11.613 998.625 -1097.895
v 11.787 998.648 -1098.021
v 11.218 998.646 -1098.589
v 10.794 998.647 -1098.73
v 10.63 998.631 -1099.167
v 8.946 998.644 -1109.083
v 2.569 998.646 -1103.41
v 6.232 998.63 -1111.362
v 1.836 998.629 -1104.131
v 2.689 998.631 -1112.921
v 1.012 998.648 -1104.543
v 2.991 998.644 -1102.419
v 10.485 998.629 -1103.706
v 0.416 998.628 -1104.557
v -1.144 998.628 -1113.206
v -0.011 998.627 -1104.7
v 3.117 998.633 -1101.292
v 10.475 998.623 -1099.599
v -5.264 998.622 -1111.935
v -1.115 998.648 -1104.401
v 2.843 998.64 -1100.154
v -2.113 998.644 -1103.837
v 2.123 998.632 -1099.308
v -8.772 998.648 -1109.222
v -2.816 998.648 -1102.7
v 1.256 998.621 -1098.607
v -10.768 998.641 -1106.108
v -10.925 998.629 -1105.832
v -10.771 998.638 -1104.55
v -11.213 998.627 -1104.7
v -11.202 998.634 -1105.545
v -10.636 998.633 -1104.128
v -11.482 998.637 -1104.835
v -11.641 998.625 -1105.41
v -11.753 998.646 -1105.112
v -11.784 998.624 -1105.269
v -11.756 998.643 -1105.255
v -11.624 998.637 -1104.835
v -11.778 998.628 -1104.983
v -10.485 998.64 -1103.698
v -3.109 998.642 -1101.57
v -0.004 998.632 -1098.316
v -0.727 998.622 -1098.465
v -10.487 998.638 -1099.587
v -2.966 998.643 -1100.435
v -10.509 998.623 -1099.315
v -11.058 998.636 -1098.597
v -11.054 998.639 -1097.46
v -10.767 998.641 -1098.876
v -11.35 998.63 -1097.75
v -11.473 998.643 -1098.449
v -11.78 998.627 -1098.32
v -11.774 998.631 -1098.175
v -11.644 998.623 -1098.464
v -10.908 998.641 -1097.175
v -11.63 998.632 -1097.89
v -4.377 998.647 -1090.648
v -1.417 998.636 -1098.738
v -11.763 998.639 -1098.027
v -11.753 998.646 -1097.881
v -9.661 998.621 -1094.92
v -2.424 998.625 -1099.455
v -8.1 998.622 -1093.077
v -2.677 997.654 -1089.089
v -5.264 997.63 -1089.957
v -4.975 961.193 -1089.813
v -9.085 997.635 -1092.647
v -9.076 961.201 -1092.643
v -11.752 997.654 -1096.746
v -11.764 961.205 -1096.752
v 12.746 961.191 -1105.411
v 12.185 961.196 -1106.258
v 12.497 961.215 -1105.961
v 12.635 961.213 -1105.679
v 12.768 961.207 -1105.116
v 11.78 961.21 -1106.39
v 12.616 961.2 -1104.554
v 12.747 961.192 -1104.843
v 12.493 961.212 -1104.262
v 12.041 961.194 -1103.991
v 12.33 961.198 -1104.13
v 11.621 961.198 -1103.847
v 11.914 961.204 -1103.842
v 11.5 961.212 -1103.836
v 11.642 961.212 -1106.53
v 5.974 961.215 -1108.939
v 7.96 961.215 -1111.491
v 10.05 961.19 -1109.24
v 7.936 961.199 -1106.682
v 11.483 961.201 -1103.703
v 3.26 961.201 -1110.367
v 3.835 961.206 -1113.624
v 12.757 961.199 -1098.599
v 12.346 961.209 -1099.018
v 12.625 961.206 -1098.878
v 0.283 961.201 -1110.934
v -0.839 961.21 -1114.189
v 11.468 961.19 -1099.598
v 12.745 961.191 -1098.322
v 11.64 961.211 -1099.442
v 12.2 961.206 -1099.303
v 12.754 961.197 -1097.608
v 12.779 961.214 -1098.021
v 12.615 961.198 -1097.324
v 11.903 961.196 -1096.9
v 11.473 961.194 -1099.454
v 12.355 961.216 -1097.17
v 12.197 961.204 -1097.036
v -2.696 961.2 -1110.651
v -5.245 961.203 -1113.059
v 7.96 961.215 -1096.319
v -5.514 961.213 -1109.224
v -9.091 961.191 -1110.374
v -6.968 961.188 -1108.107
v 5.818 961.205 -1094.058
v -7.928 961.211 -1106.673
v -11.618 961.208 -1106.533
v 3.116 961.199 -1092.502
v -12.183 961.21 -1106.248
v -12.062 961.195 -1106.401
v -11.771 961.2 -1106.397
v -12.628 961.196 -1105.833
v -12.342 961.198 -1106.115
v -11.473 961.21 -1103.838
v -12.771 961.195 -1104.983
v -12.743 961.215 -1105.252
v -12.761 961.202 -1105.545
v -11.624 961.204 -1103.842
v -11.479 961.206 -1103.699
v -12.183 961.21 -1103.98
v -12.758 961.204 -1104.693
v -12.337 961.201 -1104.128
v -12.639 961.188 -1104.421
v -0.015 961.191 -1091.941
v -3.125 961.198 -1092.503
v -11.498 961.193 -1099.596
v -7.954 961.192 -1096.336
v -11.499 961.192 -1099.455
v -12.175 961.215 -1099.297
v -11.91 961.202 -1099.306
v -11.626 961.203 -1099.448
v -12.495 961.19 -1099.031
v -12.755 961.206 -1098.169
v -12.777 961.191 -1098.464
v -12.622 961.2 -1098.882
v -11.918 961.196 -1096.9
v -5.83 961.19 -1094.069
v -12.614 961.206 -1097.318
v -12.768 961.197 -1097.608
v -12.756 961.205 -1097.886
v -12.338 961.2 -1097.181
v -0.723 996.64 -1104.56
v 0.015 996.66 -1104.687
v -1.418 996.65 -1104.269
v -2.394 996.661 -1103.552
v -2.97 996.655 -1102.564
v -3.11 996.656 -1101.429
v -2.821 996.66 -1100.292
v -2.115 996.658 -1099.159
v -1.138 996.647 -1098.599
v -0.005 996.646 -1098.316
v 0.429 996.652 -1098.454
v 1.858 996.66 -1098.874
v 0.997 996.653 -1098.453
v 2.57 996.662 -1099.581
v 2.97 996.644 -1100.586
v 3.117 996.648 -1101.718
v 2.828 996.644 -1102.855
v 2.12 996.645 -1103.705
v 1.269 996.644 -1104.415
v -10.217 997.636 -1109.094
v -11.63 997.64 -1106.539
v -11.617 998.075 -1106.533
v -11.502 998.339 -1106.405
v -11.07 998.628 -1106.259
v -10.935 998.623 -1106.263
v -7.932 997.648 -1111.496
v 9.637 997.639 -1109.801
v 6.092 997.638 -1112.637
v 11.639 997.651 -1106.532
v 11.638 997.934 -1106.532
v 11.617 998.061 -1106.542
v 11.338 998.347 -1106.399
v 11.08 998.649 -1106.244
v -5.088 998.504 -1112.626
v -3.69 997.64 -1113.629
v 0.006 998.213 -1114.05
v 1.406 997.634 -1114.2
v 0.012 998.501 -1113.621
v 5.239 998.204 -1112.922
v 5.103 998.492 -1112.635
v -11.61 998.646 -1105.82
v -11.767 997.927 -1106.395
v -11.766 997.644 -1106.394
v -11.33 998.502 -1106.106
v -11.478 998.498 -1105.967
v -11.782 998.342 -1106.119
v -11.613 998.219 -1106.389
v -11.625 998.211 -1106.253
v -11.775 998.063 -1106.257
v -11.624 998.637 -1104.693
v -10.621 998.644 -1103.695
v -11.488 997.64 -1103.845
v -11.625 998.069 -1103.843
v -11.642 997.631 -1103.851
v -11.481 997.645 -1103.7
v -11.495 998.061 -1103.707
v -11.364 998.479 -1104.279
v -11.623 998.637 -1104.409
v -11.621 998.355 -1104.124
v -11.076 998.481 -1103.994
v -11.196 998.355 -1103.699
v -10.913 998.638 -1103.699
v -11.473 998.218 -1103.98
v -11.329 998.219 -1103.836
v -10.908 998.642 -1099.585
v -11.184 998.364 -1099.581
v -11.497 998.059 -1099.596
v -11.497 997.917 -1099.596
v -11.491 997.638 -1099.593
v -11.639 998.626 -1098.745
v -11.495 997.635 -1099.453
v -11.631 997.64 -1099.45
v -11.618 997.932 -1099.444
v -11.047 998.502 -1099.3
v -11.361 998.481 -1099.031
v -11.61 998.363 -1099.156
v -11.336 998.214 -1099.445
v -11.469 998.221 -1099.298
v -11.63 998.065 -1099.308
v -11.641 998.625 -1097.612
v -11.066 998.631 -1097.041
v -11.913 998.066 -1096.897
v -11.914 997.639 -1096.898
v -11.783 998.057 -1096.761
v -11.614 998.502 -1097.315
v -11.787 998.622 -1097.472
v -11.767 998.352 -1097.179
v -11.477 998.357 -1096.892
v -11.476 998.499 -1097.175
v -11.184 998.647 -1097.029
v -11.78 998.201 -1097.044
v -11.774 998.205 -1096.899
v -4.804 998.221 -1089.939
v -4.686 998.488 -1090.235
v -9.055 998.223 -1092.774
v -8.797 998.488 -1093.071
v 11.622 998.631 -1098.6
v 10.619 998.624 -1099.598
v 11.499 997.652 -1099.441
v 11.647 998.081 -1099.297
v 11.624 997.64 -1099.449
v 11.471 997.632 -1099.597
v 11.476 998.061 -1099.594
v 11.325 998.48 -1099.032
v 11.63 998.637 -1098.88
v 11.643 998.362 -1099.157
v 11.048 998.485 -1099.312
v 11.192 998.344 -1099.595
v 10.922 998.638 -1099.588
v 11.469 998.198 -1099.314
v 11.352 998.215 -1099.444
v 10.902 998.624 -1103.71
v 11.208 998.355 -1103.699
v 11.486 998.068 -1103.702
v 11.501 997.937 -1103.694
v 11.47 997.632 -1103.709
v 11.632 998.638 -1104.408
v 11.497 997.65 -1103.838
v 11.628 997.643 -1103.843
v 11.612 997.915 -1103.851
v 11.048 998.485 -1103.991
v 11.35 998.497 -1104.266
v 11.625 998.35 -1104.128
v 11.356 998.218 -1103.837
v 11.474 998.202 -1103.991
v 11.637 998.074 -1103.981
v 11.645 998.647 -1105.536
v 11.777 998.073 -1106.392
v 11.769 997.643 -1106.396
v 11.487 998.494 -1105.969
v 11.63 998.637 -1105.827
v 11.758 998.343 -1106.118
v 11.361 998.505 -1106.104
v 11.607 998.195 -1106.264
v 11.635 998.215 -1106.392
v 7.938 996.648 -1106.681
v 7.947 996.654 -1096.326
v 5.96 996.653 -1094.058
v 3.123 996.652 -1092.498
v -0.018 996.637 -1091.942
v -3.131 996.642 -1092.506
v -5.972 996.638 -1094.068
v -7.94 996.65 -1096.328
v -7.942 996.648 -1106.68
v -6.097 996.649 -1108.806
v -3.415 996.641 -1110.372
v 0.006 996.653 -1110.93
v 3.39 996.641 -1110.372
v 6.108 996.657 -1108.801
v -11.895 997.653 -1103.836
v -12.35 997.632 -1104.134
v -12.063 997.635 -1103.991
v -12.631 997.634 -1104.558
v -12.778 997.631 -1104.844
v -12.749 997.65 -1105.397
v -12.602 997.655 -1105.82
v -12.207 997.633 -1106.26
v -12.209 997.632 -1097.045
v -12.48 997.64 -1097.181
v -12.629 997.635 -1097.61
v -12.769 997.637 -1098.034
v -12.744 997.654 -1098.589
v -12.486 997.637 -1099.027
v -12.192 997.644 -1099.305
v 11.89 997.628 -1099.316
v 12.207 997.651 -1099.158
v 12.479 997.643 -1098.88
v 12.772 997.649 -1098.45
v 12.774 997.651 -1097.882
v 12.628 997.648 -1097.459
v 12.335 997.641 -1097.18
v 12.051 997.641 -1106.396
v 12.492 997.652 -1105.963
v 12.178 997.631 -1106.262
v 12.777 997.653 -1105.679
v 12.75 997.634 -1105.267
v 12.774 997.651 -1104.688
v 12.486 997.648 -1104.265
v 12.199 997.646 -1103.983
v -12.467 998.217 -1104.405
v -12.209 998.482 -1104.702
v -12.491 998.2 -1105.693
v -12.204 998.486 -1105.55
v -12.633 998.2 -1097.612
v -12.197 998.491 -1097.748
v -12.489 998.201 -1098.745
v -12.21 998.482 -1098.605
v 12.483 998.213 -1098.736
v 12.188 998.489 -1098.6
v 12.606 998.2 -1097.612
v 12.195 998.494 -1097.746
v 12.462 998.199 -1105.695
v 12.186 998.487 -1105.549
v 12.463 998.199 -1104.418
v 12.197 998.495 -1104.693
v 3.279 998.647 -1101.424
v 3.104 1000.184 -1101.015
v 3.274 1000.203 -1101.427
v 2.993 998.645 -1100.291
v 2.701 1000.199 -1099.728
v 2.986 1000.2 -1100.436
v 2.272 998.637 -1099.304
v 1.986 1000.195 -1099.022
v 1.408 998.628 -1098.602
v 0.974 1000.182 -1098.465
v 0.276 998.629 -1098.318
v -0.268 1000.205 -1098.306
v -0.988 998.638 -1098.453
v -1.436 1000.182 -1098.606
v -2.002 998.623 -1099.031
v -2.285 1000.183 -1099.314
v -2.694 998.635 -1099.732
v -2.989 1000.187 -1100.304
v -2.965 998.644 -1100.434
v -3.133 998.625 -1101.015
v -3.241 1000.208 -1101.423
v -3.255 998.639 -1101.43
v -6.53 998.629 -1095.198
v -3.827 998.636 -1093.35
v -8.374 998.629 -1098.034
v -0.585 998.622 -1092.509
v -8.935 998.633 -1101.434
v -8.646 998.637 -1103.842
v 2.707 998.644 -1092.919
v -7.638 998.648 -1106.103
v -2.996 998.622 -1102.718
v 5.519 998.627 -1094.349
v -2.273 998.631 -1103.704
v -5.379 998.641 -1108.66
v -1.285 998.629 -1104.415
v 7.387 998.644 -1096.464
v 8.491 998.623 -1098.606
v -2.412 998.634 -1110.225
v -0.127 998.645 -1104.687
v 8.939 998.639 -1100.154
v 3.12 998.635 -1102.142
v 8.933 998.635 -1101.433
v 0.701 998.629 -1110.512
v 0.989 998.632 -1104.554
v 8.526 998.648 -1104.685
v 2.852 998.646 -1102.843
v 3.82 998.629 -1109.661
v 2.127 998.635 -1103.985
v 6.673 998.641 -1107.526
v -7.087 1000.197 -1095.902
v -4.814 1000.199 -1093.915
v -2.147 1000.18 -1092.794
v -8.492 1000.205 -1098.59
v 0.831 1000.18 -1092.51
v -8.951 1000.181 -1101.442
v -8.797 1000.19 -1103.563
v 3.82 1000.189 -1093.355
v -2.98 1000.193 -1102.711
v -8.08 1000.196 -1105.544
v 6.237 1000.193 -1095.054
v -2.289 1000.18 -1103.712
v -6.241 1000.193 -1107.957
v -1.279 1000.192 -1104.412
v 8.093 1000.202 -1097.457
v -3.838 1000.188 -1109.662
v 8.78 1000.187 -1099.454
v -0.859 1000.188 -1110.512
v -0.161 1000.181 -1104.704
v 8.934 1000.195 -1101.433
v 3.136 1000.206 -1102.275
v 2.119 1000.189 -1110.228
v 1.011 1000.207 -1104.543
v 8.512 1000.198 -1104.409
v 2.846 1000.201 -1102.988
v 4.84 1000.208 -1109.08
v 2.133 1000.199 -1103.841
v 7.071 1000.182 -1107.114
v 0.581 1000.204 -1098.591
v 1.125 1000.188 -1096.617
v -0.706 1000.196 -1096.611
v 1.561 1000.195 -1099.022
v 2.826 1000.188 -1097.468
v -0.571 1000.192 -1098.599
v -1.856 1000.186 -1096.902
v 2.143 1000.206 -1099.298
v 4.236 1000.182 -1098.748
v -1.7 1000.195 -1099.022
v -2.712 1000.182 -1097.33
v 2.568 1000.205 -1099.866
v 4.673 1000.19 -1099.735
v 2.997 1000.208 -1100.856
v 4.963 1000.195 -1100.724
v 2.96 1000.182 -1102.009
v 4.807 1000.184 -1102.575
v 2.571 1000.208 -1103.125
v 4.129 1000.207 -1104.402
v 2.123 1000.192 -1103.562
v 2.681 1000.185 -1105.693
v 1.721 1000.208 -1103.976
v 4.248 1001.183 -1098.742
v 3.554 1001.193 -1098.026
v 2.678 1001.176 -1097.329
v 1.259 1001.175 -1096.621
v -0.437 1001.179 -1096.476
v -1.993 1001.182 -1096.9
v -3.248 1001.196 -1097.74
v -4.391 1001.19 -1099.02
v -4.118 1000.19 -1098.6
v -4.95 1001.196 -1100.576
v -4.804 1000.206 -1100.29
v -4.955 1001.192 -1102.422
v -4.96 1000.196 -1102.283
v -4.669 1000.202 -1103.271
v -4.243 1001.194 -1104.264
v -4.268 1000.184 -1104.276
v -3.706 1001.173 -1104.846
v -3.101 1001.2 -1105.394
v -2.821 1000.205 -1105.538
v -1.987 1001.185 -1106.113
v -0.434 1001.181 -1106.542
v -1.131 1000.197 -1106.394
v 1.437 1001.2 -1106.244
v 0.721 1000.203 -1106.39
v 1.848 1000.198 -1106.11
v 2.979 1001.188 -1105.544
v 4.273 1001.201 -1104.117
v 4.958 1001.183 -1102.428
v 4.957 1001.183 -1100.585
v -2.111 1000.205 -1103.694
v -2.551 998.919 -1103.134
v -2.544 1000.2 -1103.13
v -1.565 1000.191 -1103.988
v -1.707 998.773 -1103.988
v -0.551 1000.206 -1104.403
v -0.697 998.785 -1104.405
v 0.561 1000.19 -1104.414
v 0.415 998.628 -1104.416
v 1.576 998.646 -1104.119
v 2.414 998.637 -1103.275
v 2.856 998.507 -1102.274
v 2.997 998.507 -1101.14
v 2.845 998.357 -1100.436
v 2.539 998.342 -1099.88
v 1.709 998.357 -1099.019
v 0.706 998.207 -1098.599
v -0.424 998.211 -1098.597
v -2.132 1000.191 -1099.451
v -1.561 998.067 -1098.881
v -2.551 1000.195 -1099.873
v -2.416 998.064 -1099.735
v -2.99 1000.186 -1102.148
v -2.96 998.931 -1101.282
v -2.991 1000.185 -1101.015
v -2.853 998.055 -1100.733
v -2.989 998.201 -1101.297
v -2.993 998.908 -1102.15
v -2.823 998.927 -1102.703
v -2.991 997.916 -1101.865
v -2.981 998.207 -1102.144
v -2.856 997.912 -1102.578
v -2.676 998.08 -1102.701
v -2.543 998.074 -1103.13
v -2.548 997.929 -1103.133
v 2.25 1005.995 -1098.323
v 3.263 1006.009 -1099.306
v 1.278 1006.009 -1097.746
v 0.445 1006.022 -1097.595
v -1.011 1005.995 -1097.756
v -2.429 1005.995 -1098.323
v -3.415 1005.999 -1099.596
v -3.818 1006.015 -1100.861
v -3.81 1006.021 -1102.275
v -3.253 1006.014 -1103.698
v -2.392 1006.02 -1104.544
v -1.437 1005.994 -1105.129
v 0.303 1006.021 -1105.394
v -0.416 1006.015 -1105.398
v 1.855 1006.016 -1104.972
v 0.974 1005.995 -1105.271
v 2.842 1006.012 -1104.266
v 3.534 1006 -1103.282
v 3.819 1006.001 -1102.147
v 3.842 1006.018 -1100.717
v 0.574 984.177 -1098.736
v 0.552 984.303 -1098.605
v 0.004 984.175 -1098.595
v -0.715 984.168 -1098.601
v 1.426 984.178 -1099.019
v 1.55 984.307 -1099.028
v 1.988 984.174 -1099.73
v 2.136 984.32 -1099.302
v 2.538 984.304 -1099.88
v 2.274 984.176 -1102.281
v 2.975 984.454 -1102.002
v 2.569 984.184 -1101.425
v 2.543 984.591 -1103.14
v -0.134 984.319 -1103.84
v 0.698 984.731 -1104.417
v 0.578 984.321 -1103.697
v -0.41 984.75 -1104.403
v -2.287 984.585 -1102.151
v -2.566 984.871 -1103.142
v -1.981 984.458 -1102.707
v -2.968 984.888 -1102.137
v -1.277 984.739 -1099.59
v -1.847 985.162 -1099.025
v -1.718 984.728 -1100.023
v -2.547 985.026 -1099.871
v 1.406 984.873 -1099.738
v 1.567 985.311 -1098.877
v 0.979 984.871 -1099.455
v 2.119 985.301 -1099.31
v 2.144 985.176 -1102.417
v 2.962 985.437 -1102.008
v 2.26 985.159 -1101.863
v 2.547 985.586 -1103.137
v 0.431 985.31 -1103.841
v -0.428 985.73 -1104.412
v 0.696 985.722 -1104.417
v -0.721 985.298 -1103.708
v -0.133 985.312 -1103.839
v -1.544 985.884 -1104.119
v -1.272 985.451 -1103.416
v -2.135 985.868 -1103.706
v -1.694 985.453 -1102.989
v -2.57 985.861 -1103.144
v -1.981 985.451 -1102.565
v -2.984 985.869 -1102.145
v -2.288 985.576 -1101.443
v -2.269 985.589 -1102.001
v -2.984 986.011 -1101.011
v -2.27 985.589 -1100.867
v -2.539 986.024 -1099.867
v -1.542 985.744 -1099.865
v -1.991 985.586 -1100.302
v -1.839 986.16 -1099.021
v -1.148 985.722 -1099.455
v -0.713 986.154 -1098.599
v 0.014 985.884 -1099.157
v -0.582 985.721 -1099.314
v 0.414 986.291 -1098.603
v 0.561 985.869 -1099.31
v 1.577 986.311 -1098.872
v 1.569 985.88 -1099.727
v 1.149 985.884 -1099.441
v 2.11 986.287 -1099.315
v 1.968 986.003 -1100.307
v 2.548 986.437 -1099.876
v 2.136 986.022 -1100.72
v 2.984 986.445 -1100.863
v 2.268 986.015 -1101.292
v 2.984 986.445 -1101.997
v 2.131 986.16 -1102.424
v 2.255 986.147 -1101.865
v 2.565 986.591 -1103.128
v 1.848 986.16 -1102.99
v 1.694 986.577 -1103.989
v 0.849 986.297 -1103.703
v 1.418 986.157 -1103.418
v 0.716 986.729 -1104.407
v 0.293 986.306 -1103.839
v -0.409 986.736 -1104.403
v -0.855 986.438 -1103.704
v -0.294 986.292 -1103.849
v -1.573 986.856 -1104.134
v -1.436 986.428 -1103.427
v -2.119 986.872 -1103.698
v -1.841 986.442 -1102.992
v -2.551 986.867 -1103.134
v -2.131 986.438 -1102.428
v -2.268 986.583 -1101.291
v -2.976 987.009 -1102.141
v -2.272 986.58 -1101.86
v -2.981 987.005 -1101.01
v -2.109 986.595 -1100.715
v -1.552 986.729 -1099.728
v -2.563 987 -1099.879
v -1.984 986.725 -1100.298
v -1.145 986.717 -1099.454
v -1.828 987.16 -1099.015
v 0.005 986.869 -1099.162
v -0.726 987.137 -1098.606
v -0.558 986.731 -1099.302
v 0.555 986.858 -1099.312
v 0.43 987.295 -1098.595
v 1.149 986.877 -1099.582
v 1.55 987.285 -1098.886
v 2.146 987.305 -1099.297
v 1.685 986.996 -1099.882
v 1.975 987.142 -1102.573
v 2.985 987.439 -1101.997
v 2.251 987.137 -1102.009
v 2.264 987.005 -1101.435
v 2.563 987.583 -1103.129
v 0.146 987.294 -1103.842
v 0.699 987.71 -1104.416
v 0.699 987.285 -1103.707
v -0.413 987.725 -1104.405
v -0.444 987.278 -1103.853
v -2.138 987.567 -1102.431
v -2.54 987.867 -1103.129
v -1.843 987.434 -1102.851
v -2.249 987.589 -1101.849
v -2.966 988.009 -1102.136
v -1.006 987.707 -1099.455
v -1.828 988.153 -1099.015
v -1.4 987.729 -1099.723
v -1.833 987.724 -1100.152
v -2.548 988.003 -1099.871
v 1.296 987.873 -1099.58
v 1.54 988.27 -1098.891
v 0.69 987.845 -1099.316
v 1.683 987.987 -1100.025
v 2.137 988.291 -1099.301
v 2.28 988.15 -1102.136
v 2.996 988.581 -1101.991
v 2.256 988.133 -1101.582
v 1.966 988.129 -1102.719
v 2.551 988.566 -1103.136
v 0.005 988.287 -1103.841
v 0.706 988.707 -1104.413
v 0.584 988.296 -1103.693
v -0.438 988.701 -1104.417
v -0.562 988.429 -1103.699
v -2.145 988.555 -1102.293
v -2.539 988.86 -1103.128
v -2.002 988.414 -1102.718
v -2.288 988.554 -1101.726
v -2.996 988.98 -1102.152
v -2.128 988.709 -1100.583
v -2.973 988.996 -1101.005
v -2.25 988.581 -1101.14
v -1.824 988.723 -1100.005
v -2.565 989.126 -1099.88
v -0.859 988.703 -1099.311
v -1.859 989.123 -1099.031
v -1.425 988.704 -1099.593
v -0.288 988.848 -1099.167
v -0.713 989.132 -1098.599
v 0.833 988.838 -1099.315
v 0.412 989.267 -1098.604
v 0.294 988.859 -1099.159
v 1.421 988.995 -1099.588
v 1.571 989.285 -1098.875
v 1.842 988.992 -1100.016
v 2.137 989.283 -1099.301
v 2.136 988.999 -1100.578
v 2.568 989.429 -1099.866
v 2.27 989.135 -1101.716
v 2.959 989.405 -1100.875
v 2.26 988.987 -1101.154
v 2.977 989.56 -1102.001
v 2.109 989.122 -1102.293
v 2.572 989.574 -1103.125
v 1.553 989.272 -1103.28
v 1.992 989.14 -1102.706
v 1.7 989.559 -1103.986
v 1.144 989.283 -1103.555
v 0.01 989.283 -1103.839
v 0.72 989.71 -1104.405
v 0.561 989.272 -1103.705
v -0.584 989.407 -1103.71
v -0.417 989.708 -1104.407
v -1.572 989.835 -1104.134
v -1.122 989.427 -1103.554
v -2.116 989.851 -1103.697
v -1.707 989.415 -1103.137
v -2.565 989.835 -1103.141
v -2.281 989.552 -1102.148
v -2.001 989.407 -1102.717
v -2.979 989.984 -1102.143
v -2.286 989.548 -1101.584
v -2.996 989.972 -1101.017
v -1.998 989.693 -1100.447
v -2.266 989.562 -1101.006
v -2.558 990.123 -1099.877
v -1.713 989.693 -1100.021
v -1.843 990.127 -1099.023
v -0.721 989.694 -1099.312
v -1.267 989.708 -1099.585
v -0.718 990.121 -1098.602
v -0.133 989.849 -1099.16
v 0.442 990.28 -1098.589
v 0.997 989.847 -1099.446
v 0.438 989.852 -1099.158
v 1.54 990.255 -1098.891
v 1.406 989.977 -1099.738
v 2.144 990.423 -1099.298
v 1.845 989.987 -1100.156
v 2.545 990.406 -1099.877
v 2.129 989.987 -1100.582
v 2.991 990.42 -1100.859
v 2.281 990.136 -1101.852
v 2.26 989.979 -1101.154
v 2.977 990.552 -1102.001
v 2.123 990.124 -1102.286
v -0.124 990.282 -1103.835
v 0.711 990.696 -1104.41
v 0.418 990.264 -1103.847
v -0.423 990.696 -1104.41
v -1.981 990.555 -1102.566
v -2.97 990.983 -1102.138
v -2.544 990.842 -1103.13
v -2.274 990.549 -1102.003
v -1.71 990.688 -1099.878
v -1.857 991.11 -1099.03
v -2.542 991.127 -1099.868
v -1.151 990.682 -1099.598
v 1.573 990.987 -1099.725
v 1.571 991.269 -1098.875
v 0.996 990.839 -1099.446
v 2.141 991.413 -1099.299
v 2.144 991.132 -1102.417
v 2.964 991.536 -1102.007
v 2.262 991.115 -1101.862
v 2.555 991.547 -1103.133
v -0.292 991.397 -1103.848
v -0.435 991.68 -1104.416
v 0.271 991.253 -1103.85
v 0.695 991.677 -1104.418
v -2.129 991.544 -1102.427
v -2.542 991.836 -1103.13
v -1.857 991.394 -1103
v -2.268 991.545 -1101.858
v -2.976 991.972 -1102.141
v -1.569 991.68 -1099.736
v -1.842 992.113 -1099.022
v -2.542 992.12 -1099.868
v -1.123 991.695 -1099.443
v -0.69 992.268 -1098.588
v -0.014 991.819 -1099.172
v -0.552 991.84 -1099.299
v 0.42 992.25 -1098.6
v 0.569 991.83 -1099.306
v 1.555 992.251 -1098.883
v 1.122 991.962 -1099.455
v 2.13 992.398 -1099.305
v 1.568 991.976 -1099.869
v 2.276 991.976 -1100.862
v 2.532 992.382 -1099.883
v 2.002 991.982 -1100.29
v 2.997 992.409 -1100.856
v 2.265 992.11 -1101.435
v 1.978 992.107 -1102.571
v 2.979 992.538 -1102
v 2.258 992.105 -1102.006
v 1.701 992.254 -1102.993
v 2.548 992.535 -1103.137
v 0.698 992.247 -1103.707
v 1.7 992.679 -1103.986
v 1.269 992.249 -1103.422
v 0.122 992.24 -1103.853
v 0.697 992.671 -1104.417
v -0.986 992.4 -1103.557
v -0.428 992.678 -1104.412
v -0.413 992.405 -1103.837
v -1.431 992.387 -1103.283
v -1.578 992.808 -1104.136
v -1.824 992.551 -1102.841
v -2.107 992.835 -1103.692
v -2.129 992.536 -1102.427
v -2.567 992.811 -1103.142
v -2.253 992.548 -1101.284
v -2.958 992.977 -1102.132
v -2.264 992.541 -1101.856
v -2.138 992.672 -1100.73
v -2.997 992.95 -1101.017
v -1.436 992.667 -1099.741
v -2.558 993.101 -1099.877
v -1.861 992.667 -1100.166
v -0.992 992.822 -1099.448
v -1.831 993.113 -1099.017
v 0.133 992.815 -1099.169
v -0.718 993.24 -1098.602
v -0.43 992.818 -1099.309
v 0.707 992.82 -1099.307
v 0.408 993.234 -1098.606
v 1.557 993.245 -1098.882
v 1.277 992.964 -1099.589
v 1.695 992.959 -1100.019
v 2.137 993.395 -1099.301
v 2.563 993.396 -1099.868
v 1.965 992.949 -1100.451
v 2.25 993.092 -1101.584
v 2.981 993.391 -1100.864
v 2.283 993.115 -1101.001
v 2.253 993.094 -1102.15
v 2.959 993.517 -1102.01
v 2.004 993.118 -1102.7
v 2.548 993.527 -1103.137
v 1.694 993.241 -1103.138
v 1.687 993.662 -1103.993
v 1.132 993.245 -1103.42
v 0.702 993.667 -1104.414
v -0.014 993.379 -1103.851
v 0.692 993.235 -1103.71
v -0.426 993.813 -1104.411
v -0.57 993.386 -1103.703
v -2.114 993.539 -1102.278
v -2.572 993.8 -1103.145
v -1.999 993.52 -1102.858
v -2.961 993.967 -1102.134
v -1.837 993.676 -1100.012
v -1.842 994.098 -1099.022
v -2.549 994.1 -1099.872
v -1.399 993.685 -1099.581
v 1.399 993.942 -1099.599
v 1.548 994.231 -1098.887
v 0.842 993.807 -1099.311
v 2.132 994.385 -1099.304
v 2.142 994.108 -1102.276
v 2.958 994.509 -1102.01
v 2.282 994.107 -1101.71
v 2.556 994.525 -1103.133
v 0.019 994.394 -1103.834
v 0.709 994.665 -1104.411
v 0.547 994.225 -1103.712
v -0.424 994.807 -1104.41
v -2.25 994.536 -1102.133
v -2.563 994.94 -1103.14
v -1.987 994.522 -1102.71
v -2.982 994.945 -1102.144
v -1.698 994.667 -1100.013
v -1.849 995.086 -1099.026
v -2.541 995.098 -1099.868
v -1.258 994.677 -1099.581
v 1.399 994.935 -1099.741
v 1.578 995.386 -1098.872
v 0.99 994.946 -1099.449
v 1.863 994.962 -1100.147
v 2.136 995.38 -1099.302
v 2.114 994.939 -1100.589
v 2.538 995.363 -1099.881
v 2.277 995.096 -1101.712
v 2.988 995.381 -1100.861
v 2.265 995.088 -1101.151
v 2.132 995.093 -1102.281
v 2.975 995.513 -1102.002
v 1.422 995.234 -1103.275
v 2.558 995.52 -1103.132
v 1.85 995.236 -1102.848
v 0.973 995.218 -1103.57
v 1.714 995.666 -1103.979
v 0.704 995.654 -1104.413
v -0.122 995.387 -1103.834
v 0.421 995.229 -1103.704
v -0.431 995.795 -1104.413
v -0.703 995.378 -1103.699
v -1.551 995.805 -1104.123
v -1.295 995.361 -1103.428
v -2.131 995.796 -1103.704
v -1.687 995.525 -1103.128
v -2.557 995.937 -1103.137
v -1.992 995.51 -1102.571
v -2.968 995.947 -1102.138
v -2.287 995.502 -1101.442
v -2.283 995.505 -1102.008
v -2.964 995.95 -1101.001
v -2.269 995.657 -1100.866
v -1.69 995.665 -1099.868
v -2.561 996.077 -1099.878
v -1.968 995.669 -1100.29
v -1.153 995.786 -1099.599
v -1.839 996.085 -1099.021
v -0.144 995.798 -1099.165
v -0.71 996.223 -1098.598
v -0.702 995.804 -1099.303
v 0.428 996.226 -1098.596
v 0.421 995.795 -1099.309
v 1.567 995.946 -1099.728
v 1.57 996.373 -1098.876
v 0.98 995.932 -1099.454
v 1.839 995.938 -1100.159
v 2.128 996.367 -1099.306
v 2.57 996.379 -1099.864
v 2.123 996.079 -1100.726
v 2.266 996.081 -1101.293
v 2.967 996.5 -1100.871
v 2.112 996.072 -1102.433
v 2.984 996.512 -1101.997
v 2.284 996.093 -1101.851
v 1.826 996.212 -1103.002
v 2.568 996.519 -1103.127
v 0.848 996.222 -1103.703
v 1.692 996.643 -1103.99
v 1.406 996.216 -1103.283
v 0.27 996.356 -1103.85
v 0.728 996.663 -1104.401
v -0.852 996.365 -1103.702
v -0.425 996.792 -1104.411
v -0.287 996.364 -1103.845
v -1.404 996.376 -1103.411
v -1.577 996.779 -1104.136
v -2.139 996.783 -1103.708
v -1.825 996.52 -1102.984
v -2.55 996.935 -1103.133
v -2.14 996.499 -1102.574
v -2.966 996.942 -1102.136
v -2.287 996.495 -1102.01
v -1.546 996.659 -1099.867
v -2.54 997.084 -1099.867
v -1.986 996.649 -1100.299
v -1.154 996.778 -1099.458
v -1.846 997.073 -1099.024
v 1.572 996.942 -1099.868
v 1.544 997.348 -1098.889
v 1.143 996.94 -1099.444
v 0.582 996.944 -1099.299
v 2.12 997.353 -1099.31
v 1.969 997.205 -1102.576
v 2.997 997.514 -1101.991
v 2.27 997.076 -1102
v 2.281 997.083 -1101.427
v 2.544 997.495 -1103.139
v 0.158 997.37 -1103.836
v 0.704 997.638 -1104.414
v 0.715 997.221 -1103.699
v -0.445 997.77 -1104.421
v -0.439 997.349 -1103.851
v -2.123 997.503 -1102.424
v -1.84 997.503 -1102.849
v -2.248 997.515 -1101.848
v -1.407 997.65 -1099.726
v -1.823 997.656 -1100.147
v -1.003 997.777 -1099.453
v 0.706 997.923 -1099.308
v 1.707 997.929 -1099.871
v 1.26 997.914 -1099.598
v 2.275 998.072 -1101.572
v 2.002 998.221 -1102.701
v 2.287 998.08 -1102.133
v 0.129 998.342 -1103.85
v 0.69 998.196 -1103.711
v -1.011 998.338 -1103.569
v -0.433 998.346 -1103.706
v -1.572 998.485 -1103.282
v -1.969 998.504 -1102.843
v -2.278 998.487 -1102.147
v -2.278 998.628 -1101.296
v 2.541 984.306 -1100.588
v 2.997 984.469 -1100.856
v 2.421 984.179 -1100.577
v 1.56 984.314 -1103.56
v 0.996 984.316 -1103.558
v 1.399 984.159 -1103.286
v 1.683 984.159 -1103.002
v 1.695 984.451 -1103.705
v 1.717 984.608 -1103.978
v -1.425 984.592 -1103.564
v -1.715 984.446 -1103.142
v -1.147 984.447 -1103.425
v -0.691 984.326 -1103.693
v -1.576 984.727 -1103.852
v -1.553 984.744 -1104.124
v -2.13 984.878 -1103.704
v -2.412 984.738 -1100.867
v -1.968 984.609 -1100.432
v -2.258 984.605 -1101.003
v -2.251 984.61 -1101.566
v -2.679 984.892 -1100.717
v -2.975 985.024 -1101.007
v -0.158 984.87 -1099.031
v 0.438 984.889 -1099.3
v -0.145 984.879 -1099.166
v -0.706 984.741 -1099.305
v -0.124 985.035 -1098.73
v -0.729 985.151 -1098.607
v 0.42 985.302 -1098.6
v 2.135 985.028 -1100.72
v 2.414 985.167 -1100.581
v 1.862 985.036 -1100.148
v 2.258 985.015 -1101.297
v 2.563 985.314 -1100.577
v 2.564 985.456 -1099.868
v 2.992 985.458 -1100.859
v 1.578 985.319 -1103.409
v 0.977 985.295 -1103.568
v 1.421 985.167 -1103.275
v 1.838 985.161 -1102.854
v 1.686 985.437 -1103.71
v 1.718 985.601 -1103.977
v 2.406 987.147 -1100.585
v 2.252 986.996 -1100.874
v 1.99 987.011 -1100.297
v 2.552 987.292 -1100.441
v 2.549 987.431 -1099.875
v 2.979 987.434 -1100.866
v 1.565 987.295 -1103.416
v 1.273 987.289 -1103.42
v 1.715 987.159 -1102.986
v 1.717 987.444 -1103.694
v 1.701 987.575 -1103.986
v -1.431 987.566 -1103.708
v -1.412 987.437 -1103.274
v -1.009 987.421 -1103.568
v -1.54 987.731 -1103.834
v -1.564 987.856 -1104.129
v -2.129 987.857 -1103.703
v -2.412 987.715 -1100.867
v -2.142 987.564 -1100.59
v -2.282 987.566 -1101.156
v -2.706 987.85 -1100.872
v -2.967 988.008 -1101.002
v -0.147 987.997 -1099.025
v 0.151 987.865 -1099.16
v -0.444 987.845 -1099.174
v -0.157 988.132 -1098.747
v -0.692 988.154 -1098.589
v 0.443 988.296 -1098.589
v 2.4 988.135 -1100.588
v 2.278 988.007 -1101.003
v 1.991 988.005 -1100.438
v 2.54 988.275 -1100.447
v 2.565 988.435 -1099.867
v 2.961 988.414 -1100.874
v 1.574 988.294 -1103.411
v 1.118 988.273 -1103.568
v 1.568 988.148 -1103.13
v 1.689 988.417 -1103.708
v 1.689 988.559 -1103.991
v -1.404 988.577 -1103.695
v -1.563 988.423 -1103.278
v -1.122 988.434 -1103.554
v -1.554 988.713 -1103.841
v -1.542 988.863 -1104.119
v -2.137 988.844 -1103.707
v 1.709 990.416 -1103.415
v 0.995 990.271 -1103.559
v 1.413 990.266 -1103.279
v 1.849 990.131 -1102.848
v 1.826 990.399 -1103.569
v 2.554 990.554 -1103.134
v 1.704 990.555 -1103.984
v -1.266 990.56 -1103.697
v -1.693 990.417 -1102.988
v -1.265 990.419 -1103.413
v -0.706 990.413 -1103.7
v -1.406 990.703 -1103.838
v -1.552 990.842 -1104.123
v -2.108 990.849 -1103.692
v -2.557 990.691 -1101.01
v -1.971 990.705 -1100.292
v -2.285 990.541 -1100.874
v -2.287 990.539 -1101.443
v -2.688 990.84 -1100.863
v -2.961 990.99 -1101
v -0.298 990.968 -1099.03
v 0.568 990.837 -1099.306
v -0.012 990.828 -1099.171
v -0.69 990.849 -1099.297
v -0.277 991.124 -1098.736
v -0.697 991.128 -1098.592
v 0.428 991.264 -1098.596
v 2.257 991.111 -1100.447
v 2.26 991.113 -1101.296
v 2.14 990.987 -1100.718
v 1.969 990.967 -1100.165
v 2.547 991.258 -1100.443
v 2.544 991.398 -1099.878
v 2.991 991.413 -1100.859
v 1.721 991.417 -1103.408
v 0.859 991.268 -1103.698
v 1.411 991.257 -1103.422
v 1.841 991.118 -1102.994
v 1.844 991.545 -1103.56
v 1.698 991.684 -1103.987
v -1.287 991.537 -1103.707
v -1.427 991.397 -1103.423
v -0.847 991.406 -1103.7
v -1.436 991.674 -1103.853
v -1.546 991.838 -1104.12
v -2.136 991.822 -1103.706
v -1.976 991.693 -1100.294
v -2.407 991.689 -1100.865
v -2.14 991.677 -1100.731
v -2.287 991.532 -1101.301
v -2.674 991.843 -1100.856
v -2.979 991.97 -1101.008
v -1.285 993.524 -1103.706
v -1.571 993.381 -1103.282
v -0.988 993.392 -1103.558
v -1.402 993.683 -1103.836
v -1.561 993.813 -1104.128
v -2.128 993.813 -1103.703
v -2.411 993.813 -1100.866
v -2.13 993.67 -1100.584
v -2.264 993.533 -1101.147
v -2.278 993.524 -1101.721
v -2.685 993.82 -1100.861
v -2.99 993.947 -1101.014
v -0.14 993.957 -1099.022
v 0.297 993.823 -1099.158
v -0.285 993.813 -1099.165
v -0.871 993.8 -1099.316
v -0.278 994.101 -1098.737
v -0.715 994.235 -1098.6
v 0.44 994.249 -1098.59
v 2.409 994.097 -1100.583
v 2.277 994.103 -1101.145
v 2.14 993.965 -1100.576
v 1.715 993.965 -1100.009
v 2.547 994.235 -1100.444
v 2.556 994.383 -1099.872
v 2.974 994.378 -1100.868
v 1.711 994.387 -1103.414
v 1.14 994.243 -1103.557
v 1.56 994.239 -1103.135
v 1.967 994.085 -1102.718
v 1.857 994.533 -1103.553
v 1.71 994.67 -1103.981
v -1.28 994.52 -1103.704
v -1.565 994.377 -1103.137
v -1.139 994.378 -1103.562
v -0.575 994.375 -1103.706
v -1.415 994.667 -1103.842
v -1.563 994.804 -1104.129
v -2.123 994.809 -1103.7
v -2.425 994.796 -1100.873
v -2.108 994.678 -1100.431
v -2.288 994.651 -1101.018
v -2.28 994.515 -1101.581
v -2.681 994.816 -1100.859
v -2.992 994.938 -1101.015
v -0.142 994.948 -1099.023
v 0.424 994.806 -1099.165
v -0.161 994.793 -1099.174
v -0.72 994.798 -1099.312
v -0.293 995.084 -1098.744
v -0.718 995.225 -1098.602
v 0.437 995.24 -1098.591
v -2.4 996.798 -1101.003
v -2.282 996.64 -1100.731
v -2.254 996.66 -1101.284
v -2.68 996.943 -1100.859
v -2.961 996.945 -1100.999
v -0.282 996.934 -1099.022
v 0.015 996.802 -1099.157
v -0.569 996.79 -1099.307
v -0.266 997.087 -1098.731
v -0.703 997.221 -1098.595
v 0.442 997.228 -1098.589
v 2.26 997.069 -1100.445
v 2.256 997.066 -1100.872
v 1.985 996.933 -1100.299
v 2.551 997.216 -1100.441
v 2.544 997.353 -1099.878
v 2.968 997.494 -1100.871
v 1.291 997.227 -1103.411
v 1.682 997.345 -1103.428
v 1.691 997.209 -1102.998
v 1.835 997.494 -1103.564
v 1.711 997.649 -1103.981
v -1.265 997.508 -1103.696
v -1.43 997.492 -1103.282
v -0.994 997.358 -1103.561
v -1.399 997.655 -1103.834
v -1.552 997.789 -1104.123
v -2.137 997.777 -1103.707
v -2.425 997.774 -1101.015
v -2.111 997.653 -1100.716
v -2.252 997.653 -1101.283
v -2.687 997.93 -1100.863
v -0.284 997.925 -1099.023
v 0.147 997.788 -1099.162
v -0.427 997.783 -1099.307
v -0.275 998.073 -1098.735
v 2.279 998.217 -1100.435
v 2.272 998.07 -1101.006
v 2.002 997.938 -1100.432
v 2.532 998.195 -1100.451
v 1.716 998.362 -1103.411
v 1.132 998.207 -1103.42
v 1.683 998.196 -1103.144
v 1.826 998.481 -1103.569
v 0.414 1006.142 -1097.611
v 0.298 1006.16 -1097.739
v -0.998 1006.146 -1097.891
v -2.26 1006.156 -1098.593
v -3.263 1006.148 -1099.733
v -3.675 1006.157 -1101.002
v -3.696 1006.143 -1102.289
v -2.986 1006.144 -1103.706
v -1.984 1006.15 -1104.694
v -1.132 1006.152 -1105.118
v -0.431 1006.145 -1105.406
v -0.273 1006.157 -1105.256
v -2.402 1006.155 -1098.593
v -3.848 1006.136 -1101.159
v 1.153 1006.162 -1105.111
v 2.283 1006.16 -1104.404
v 3.673 1006.14 -1102.149
v 3.257 1006.147 -1103.42
v 3.693 1006.154 -1100.721
v 2.394 1006.138 -1098.606
v 3.127 1006.155 -1099.445
v 1.549 1006.142 -1098.036
v 0.855 1006.152 -1097.886
v 2.856 1006.163 -1104.117
v 2.824 1006.141 -1104.133
v 3.258 1006.147 -1099.45
v 3.278 1006.161 -1099.44
v 2.551 984.596 -1099.874
v 2.144 984.609 -1099.44
v 1.545 984.445 -1099.03
v 0.981 984.447 -1098.603
v 0.153 984.464 -1098.45
v -0.578 984.448 -1098.603
v -1.432 984.304 -1098.888
v -1.713 984.164 -1099.029
v -2.137 984.306 -1099.312
v -2.539 984.181 -1099.867
v -2.681 984.181 -1100.292
v -2.821 984.182 -1100.575
v -2.966 984.18 -1101.286
v -2.98 984.17 -1101.86
v -2.693 984.173 -1102.567
v -2.116 984.18 -1103.271
v 0.303 984.185 -1103.976
v 1.12 984.162 -1103.709
v -1.562 984.17 -1103.703
v -0.587 984.158 -1103.995
v 2.843 984.602 -1100.721
v 2.989 984.747 -1101.569
v 2.84 984.742 -1102.423
v 2.272 984.741 -1103.417
v 1.54 984.867 -1104.137
v 0.437 984.889 -1104.405
v -0.712 985.02 -1104.413
v -1.682 985.036 -1103.976
v -2.563 985.015 -1103.14
v -2.819 985.176 -1102.276
v -2.977 985.165 -1101.433
v -2.847 985.157 -1100.588
v -2.421 985.299 -1099.595
v -1.571 985.298 -1098.887
v -0.441 985.437 -1098.605
v 0.689 985.434 -1098.607
v 1.687 985.58 -1099.03
v 2.563 985.597 -1099.868
v 2.837 985.591 -1100.724
v 2.967 985.724 -1101.58
v 2.829 985.727 -1102.429
v 2.268 985.732 -1103.418
v 1.551 985.868 -1104.131
v 0.438 985.882 -1104.405
v -0.689 986.029 -1104.401
v -1.684 986.027 -1103.977
v -2.544 986.021 -1103.131
v -2.854 986.145 -1102.293
v -2.968 986.163 -1101.429
v -2.838 986.155 -1100.584
v -2.401 986.306 -1099.585
v -1.558 986.3 -1098.88
v -0.435 986.434 -1098.602
v 0.721 986.449 -1098.592
v 1.69 986.574 -1099.029
v 2.566 986.592 -1099.867
v 2.845 986.589 -1100.72
v 2.981 986.727 -1101.573
v 2.827 986.718 -1102.43
v 2.254 986.714 -1103.426
v 1.554 986.862 -1104.13
v 0.426 986.866 -1104.411
v -0.704 987.011 -1104.408
v -1.707 987.004 -1103.988
v -2.557 987.146 -1103.137
v -2.847 987.142 -1102.29
v -2.968 987.156 -1101.428
v -2.816 987.305 -1100.572
v -2.393 987.303 -1099.581
v -1.558 987.292 -1098.88
v -0.44 987.423 -1098.605
v 0.721 987.442 -1098.591
v 1.71 987.581 -1099.018
v 2.553 987.576 -1099.873
v 2.855 987.588 -1100.715
v 2.974 987.714 -1101.577
v 2.856 987.731 -1102.416
v 2.269 987.717 -1103.418
v 1.576 987.87 -1104.119
v 0.442 987.87 -1104.402
v -0.72 987.992 -1104.417
v -1.682 988.014 -1103.976
v -2.571 988.129 -1103.144
v -2.845 988.136 -1102.288
v -2.988 988.135 -1101.438
v -2.855 988.27 -1100.592
v -2.395 988.295 -1099.582
v -1.566 988.28 -1098.884
v -0.433 988.421 -1098.601
v 0.69 988.412 -1098.607
v 1.715 988.577 -1099.016
v 2.57 988.58 -1099.864
v 2.85 988.578 -1100.717
v 2.99 988.718 -1101.569
v 2.85 988.719 -1102.419
v 2.251 988.839 -1103.427
v 1.572 988.859 -1104.121
v 0.407 988.838 -1104.42
v -0.705 988.996 -1104.409
v -1.719 988.981 -1103.994
v -2.557 989.131 -1103.137
v -2.832 989.137 -1102.282
v -2.971 989.139 -1101.43
v -2.819 989.288 -1100.574
v -2.429 989.264 -1099.599
v -1.574 989.266 -1098.888
v -0.415 989.425 -1098.592
v 0.721 989.427 -1098.591
v 1.698 989.558 -1099.024
v 2.554 989.561 -1099.873
v 2.833 989.558 -1100.726
v 2.965 989.693 -1101.581
v 2.825 989.694 -1102.431
v 2.252 989.832 -1103.427
v 1.545 989.833 -1104.135
v 0.423 989.842 -1104.412
v -0.701 989.991 -1104.407
v -1.705 989.983 -1103.987
v -2.57 990.115 -1103.143
v -2.84 990.125 -1102.286
v -2.996 990.114 -1101.442
v -2.834 990.27 -1100.582
v -2.398 990.278 -1099.584
v -1.561 990.268 -1098.882
v -0.408 990.423 -1098.589
v 0.689 990.397 -1098.607
v 1.689 990.544 -1099.029
v 2.556 990.555 -1099.872
v 2.839 990.555 -1100.439
v 2.962 990.683 -1101.157
v 2.826 990.687 -1102.431
v 2.425 990.846 -1103.269
v 1.554 990.832 -1104.13
v 0.443 990.849 -1104.402
v -0.698 990.985 -1104.405
v -1.71 990.972 -1103.989
v -2.558 991.115 -1103.138
v -2.85 991.11 -1102.291
v -2.978 991.12 -1101.433
v -2.845 991.255 -1100.587
v -2.412 991.261 -1099.591
v -1.574 991.393 -1098.888
v -0.42 991.407 -1098.595
v 0.724 991.414 -1098.59
v 1.683 991.532 -1099.032
v 2.546 991.541 -1099.876
v 2.843 991.692 -1100.72
v 2.97 991.682 -1101.579
v 2.818 991.674 -1102.435
v 2.277 991.834 -1103.414
v 1.569 991.835 -1104.123
v 0.419 991.966 -1104.414
v -0.711 991.969 -1104.412
v -1.694 991.976 -1103.982
v -2.533 992.126 -1103.125
v -2.825 992.12 -1102.279
v -2.96 992.124 -1101.425
v -2.835 992.254 -1100.582
v -2.393 992.267 -1099.581
v -1.571 992.388 -1098.886
v -0.407 992.409 -1098.588
v 0.699 992.389 -1098.602
v 1.693 992.532 -1099.027
v 2.56 992.543 -1099.869
v 2.825 992.672 -1100.73
v 2.971 992.675 -1101.578
v 2.837 992.68 -1102.425
v 2.276 992.827 -1103.414
v 1.562 992.823 -1104.126
v 0.444 992.976 -1104.402
v -0.716 992.958 -1104.414
v -1.714 992.954 -1103.992
v -2.559 993.1 -1103.138
v -2.82 993.116 -1102.276
v -2.978 993.104 -1101.434
v -2.826 993.254 -1100.577
v -2.404 993.251 -1099.587
v -1.553 993.393 -1098.878
v -0.409 993.4 -1098.589
v 0.706 993.386 -1098.599
v 1.72 993.543 -1099.013
v 2.538 993.52 -1099.881
v 2.855 993.685 -1100.715
v 2.997 993.686 -1101.565
v 2.839 993.674 -1102.424
v 2.283 993.824 -1103.411
v 1.565 993.818 -1104.124
v 0.435 993.962 -1104.406
v -0.721 993.947 -1104.417
v -1.715 993.946 -1103.992
v -2.568 994.086 -1103.143
v -2.836 994.097 -1102.284
v -2.981 994.237 -1101.435
v -2.847 994.232 -1100.588
v -2.402 994.245 -1099.585
v -1.552 994.387 -1098.877
v -0.434 994.375 -1098.602
v 0.719 994.53 -1098.592
v 1.693 994.517 -1099.027
v 2.536 994.512 -1099.881
v 2.823 994.655 -1100.731
v 2.975 994.663 -1101.576
v 2.822 994.655 -1102.433
v 2.273 994.809 -1103.416
v 1.546 994.796 -1104.134
v 0.413 994.939 -1104.417
v -0.703 994.952 -1104.408
v -1.714 995.081 -1103.992
v -2.565 995.081 -1103.141
v -2.854 995.077 -1102.293
v -2.97 995.237 -1101.429
v -2.854 995.219 -1100.592
v -2.392 995.244 -1099.581
v -1.568 995.368 -1098.885
v -0.406 995.387 -1098.588
v 0.692 995.503 -1098.606
v 1.699 995.514 -1099.024
v 2.565 995.524 -1099.867
v 2.854 995.67 -1100.715
v 2.98 995.658 -1101.574
v 2.821 995.647 -1102.433
v 2.262 995.794 -1103.422
v 1.564 995.802 -1104.125
v 0.446 995.955 -1104.401
v -0.705 995.943 -1104.409
v -1.701 996.083 -1103.985
v -2.555 996.08 -1103.136
v -2.834 996.084 -1102.283
v -2.994 996.213 -1101.441
v -2.823 996.233 -1100.576
v -2.4 996.232 -1099.585
v -1.569 996.359 -1098.886
v -0.407 996.379 -1098.588
v 0.69 996.494 -1098.607
v 1.69 996.5 -1099.028
v 2.56 996.655 -1099.87
v 2.836 996.649 -1100.724
v 2.973 996.647 -1101.577
v 2.851 996.802 -1102.418
v 2.264 996.788 -1103.421
v 1.576 996.803 -1104.119
v 0.427 996.935 -1104.41
v -0.727 996.921 -1104.42
v -1.712 997.067 -1103.991
v -2.549 997.078 -1103.133
v -2.818 997.088 -1102.275
v -2.992 997.206 -1101.441
v -2.849 997.208 -1100.589
v -2.411 997.216 -1099.59
v -1.578 997.345 -1098.89
v -0.405 997.373 -1098.587
v 0.704 997.497 -1098.6
v 1.713 997.509 -1099.017
v 2.558 997.646 -1099.871
v 2.852 997.653 -1100.716
v 2.971 997.637 -1101.578
v 2.822 997.774 -1102.433
v 2.257 997.776 -1103.424
v 1.569 997.791 -1104.123
v 0.439 997.936 -1104.404
v -0.7 997.932 -1104.406
v -1.721 998.054 -1103.995
v -1.851 1006.144 -1100.161
v -2.14 1006.141 -1102.432
v 0.278 1006.146 -1099.167
v -0.292 1006.144 -1103.848
v 2.117 1006.143 -1100.587
v 1.836 1006.144 -1102.855
v 1.846 1003.174 -1102.85
v 2.116 1003.165 -1100.588
v 0.287 1003.175 -1099.163
v -0.267 1003.184 -1103.835
v -2.121 1003.176 -1102.423
v -1.859 1003.161 -1100.165
v 5.69 1000.207 -1101.424
v 5.543 1007.151 -1100.576
v 5.657 1007.132 -1101.441
v 5.257 1000.202 -1099.301
v 4.696 1007.154 -1098.305
v 5.4 1007.151 -1099.726
v 4.114 1000.196 -1097.604
v 3.384 1007.129 -1097.047
v 2.412 1000.195 -1096.328
v 1.692 1007.136 -1096.05
v 0.439 1000.204 -1095.896
v -0.422 1007.145 -1095.902
v -1.701 1000.195 -1096.045
v -2.423 1007.133 -1096.335
v -3.414 1000.187 -1097.043
v -4.124 1007.134 -1097.611
v -4.68 1000.194 -1098.314
v -5.245 1007.143 -1099.306
v -5.375 1000.204 -1099.725
v -5.532 1000.193 -1100.583
v -5.655 1007.154 -1101.425
v -5.678 1000.19 -1101.436
v -5.539 1007.136 -1102.856
v -5.23 1000.205 -1103.552
v -4.944 1007.155 -1104.118
v -4.112 1000.194 -1105.404
v -3.676 1007.15 -1105.823
v -2.276 1000.189 -1106.683
v -1.692 1007.149 -1106.817
v -0.264 1000.208 -1107.095
v 0.285 1007.143 -1107.104
v 1.707 1000.198 -1106.819
v 2.267 1007.141 -1106.681
v 3.694 1000.199 -1105.825
v 4.095 1007.131 -1105.412
v 4.959 1000.192 -1104.129
v 5.245 1007.141 -1103.561
v 5.515 1000.184 -1102.859
v 10.368 1000.206 -1098.447
v 11.077 1000.207 -1098.447
v 11.072 1000.203 -1097.882
v 8.794 1000.196 -1093.917
v 10.371 1000.208 -1102.416
v 11.07 1000.202 -1102.42
v 11.043 1000.182 -1100.449
v 10.334 1000.183 -1100.449
v 5.374 1000.184 -1091.231
v 1.147 1000.203 -1089.942
v 11.055 1000.191 -1105.122
v 11.049 1000.187 -1104.416
v 10.337 1000.185 -1104.418
v -3.273 1000.186 -1090.379
v 9.481 1000.181 -1108.107
v -7.233 1000.193 -1092.501
v 7.233 1000.195 -1110.507
v -9.518 1000.182 -1094.92
v -10.359 1000.188 -1098.46
v -11.057 1000.196 -1097.887
v 3.27 1000.2 -1112.631
v -11.069 1000.188 -1098.46
v -10.334 1000.206 -1100.432
v -10.335 1000.205 -1102.418
v -11.057 1000.196 -1102.425
v -11.042 1000.207 -1100.432
v -1.135 1000.194 -1113.06
v -10.342 1000.201 -1104.406
v -11.067 1000.189 -1105.123
v -11.05 1000.201 -1104.406
v -5.379 1000.201 -1111.779
v -8.776 1000.205 -1109.082
v 9.491 1146.233 -1094.915
v 11.042 1146.227 -1097.897
v 7.247 1146.25 -1092.493
v 3.278 1146.251 -1090.365
v -1.141 1146.234 -1089.952
v -5.396 1146.234 -1091.228
v -8.793 1146.238 -1093.919
v -11.058 1146.24 -1097.888
v -9.494 1146.243 -1108.094
v -11.053 1146.244 -1105.117
v -7.25 1146.226 -1110.517
v -3.269 1146.234 -1112.638
v 1.114 1146.225 -1113.07
v 5.378 1146.232 -1111.789
v 8.775 1146.228 -1109.098
v 11.063 1146.241 -1105.118
v 11.068 1146.245 -1098.451
v 10.37 1146.253 -1098.446
v 10.345 1146.235 -1100.443
v 11.05 1146.233 -1102.43
v 10.345 1146.236 -1102.428
v 11.054 1146.235 -1100.443
v 11.073 1146.249 -1104.404
v 10.343 1146.234 -1104.415
v -10.351 1146.239 -1098.456
v -11.052 1146.245 -1098.452
v -10.355 1146.236 -1100.443
v -10.363 1146.231 -1102.432
v -11.076 1146.228 -1102.434
v -11.052 1146.244 -1100.437
v -10.363 1146.231 -1104.417
v -11.072 1146.231 -1104.417
v -2.534 1209.207 -1092.35
v -2.13 1206.64 -1092.218
v -0.003 1209.193 -1091.935
v -0.011 1206.634 -1091.939
v -4.972 1209.188 -1093.356
v -4.271 1206.63 -1093.076
v -7.245 1209.185 -1095.343
v -5.516 1206.652 -1093.769
v -7.782 1206.654 -1096.037
v -8.797 1209.19 -1098.033
v -8.513 1206.638 -1097.324
v -9.505 1209.191 -1101.01
v -9.373 1206.632 -1100.023
v -9.216 1209.195 -1103.985
v -9.346 1206.651 -1102.987
v -7.81 1209.186 -1106.827
v -8.521 1206.633 -1105.693
v -7.812 1206.633 -1106.97
v -5.798 1209.205 -1109.082
v -5.511 1206.655 -1109.222
v -2.971 1209.199 -1110.505
v -4.271 1206.63 -1109.949
v -0.019 1209.181 -1110.943
v -2.135 1206.636 -1110.796
v -0.016 1206.631 -1110.941
v 3.526 1209.182 -1110.375
v 6.391 1209.202 -1108.518
v 8.637 1209.186 -1105.551
v 9.519 1209.208 -1101.991
v 7.218 1209.185 -1095.343
v 8.928 1209.191 -1098.316
v 4.811 1209.188 -1093.356
v 2.398 1209.185 -1092.365
v 1.126 1209.189 -1092.079
v 4.237 1206.63 -1109.949
v 2.132 1206.646 -1110.789
v -5.549 1206.628 -1106.973
v -5.517 1206.651 -1096.039
v 4.24 1206.632 -1093.075
v 2.134 1206.647 -1092.213
v 5.527 1206.64 -1109.233
v 7.8 1206.643 -1106.962
v 8.492 1206.631 -1105.695
v 9.376 1206.655 -1102.984
v 9.36 1206.644 -1100.014
v 8.504 1206.64 -1097.323
v 7.794 1206.639 -1096.048
v 5.517 1206.633 -1093.783
v -2.558 1205.504 -1109.944
v 2.848 1205.8 -1109.935
v 1.827 1204.362 -1109.949
v -3.401 1206.218 -1109.94
v -1.831 1204.24 -1109.935
v 1.571 1203.53 -1109.935
v -1.549 1202.68 -1109.935
v 1.546 1202.663 -1109.947
v -1.546 1182.831 -1109.934
v 1.579 1182.835 -1109.931
v -1.543 1181.983 -1109.932
v 1.828 1181.392 -1109.948
v -1.861 1181.249 -1109.949
v 2.571 1180.141 -1109.931
v -2.844 1179.838 -1109.945
v 3.42 1179.43 -1109.932
v -4.269 1178.982 -1109.948
v 4.248 1178.989 -1109.944
v -8.491 1205.519 -1098.873
v -8.525 1205.779 -1104.278
v -8.52 1204.365 -1103.425
v -8.514 1206.212 -1098.175
v -8.491 1204.243 -1099.724
v -8.495 1203.532 -1103.128
v -8.518 1202.665 -1100.021
v -8.519 1202.664 -1102.999
v -8.497 1182.829 -1102.987
v -8.488 1182.835 -1100.006
v -8.516 1181.965 -1099.878
v -8.505 1181.405 -1103.275
v -8.506 1181.263 -1099.589
v -8.489 1180.14 -1104.118
v -8.491 1179.855 -1098.731
v -8.499 1179.425 -1104.832
v -8.517 1178.986 -1097.326
v -8.506 1178.994 -1105.686
v -2.568 1180.116 -1093.075
v 2.819 1179.832 -1093.076
v 1.845 1181.263 -1093.067
v -3.396 1179.423 -1093.064
v 4.263 1178.999 -1093.063
v -1.851 1181.398 -1093.071
v 1.564 1181.973 -1093.066
v -4.26 1178.988 -1093.071
v -1.555 1182.825 -1093.065
v 1.567 1182.826 -1093.064
v 1.567 1202.677 -1093.064
v -1.569 1202.666 -1093.072
v -1.568 1203.517 -1093.071
v 1.854 1204.239 -1093.062
v -1.861 1204.361 -1093.076
v 2.54 1205.499 -1093.074
v -2.846 1205.784 -1093.073
v 3.386 1206.205 -1093.076
v 5.517 1206.633 -1096.052
v 5.54 1206.649 -1106.958
v -1.541 1182.976 -1109.222
v -1.692 1181.552 -1109.227
v -2.572 1180.113 -1109.242
v -3.974 1179.274 -1109.234
v -4.697 1178.981 -1109.241
v -5.533 1178.991 -1109.233
v 2.132 1178.996 -1110.789
v -2.143 1178.981 -1110.8
v 0.008 1178.999 -1110.929
v 5.545 1179.003 -1109.224
v 4.095 1179.123 -1109.24
v 2.691 1179.983 -1109.233
v 1.835 1181.397 -1109.236
v 1.546 1182.103 -1109.239
v 1.553 1182.958 -1109.235
v 1.549 1202.665 -1109.237
v 1.571 1182.971 -1106.957
v 1.571 1202.68 -1106.957
v 1.696 1204.086 -1109.235
v 2.549 1205.506 -1109.233
v 3.985 1206.369 -1109.224
v 4.682 1206.644 -1109.231
v -4.115 1206.356 -1109.233
v -2.691 1205.652 -1109.23
v -1.84 1204.234 -1109.23
v -1.579 1203.509 -1109.241
v -1.568 1202.666 -1109.236
v -1.574 1182.953 -1106.97
v -1.573 1202.663 -1106.97
v -7.818 1182.95 -1100.025
v -7.804 1181.541 -1099.735
v -7.808 1180.121 -1098.886
v -7.813 1179.266 -1097.612
v -7.789 1179 -1096.749
v -7.799 1178.993 -1096.045
v -9.375 1178.981 -1103.001
v -9.346 1179.002 -1100.009
v -7.808 1178.987 -1106.968
v -7.799 1179.135 -1105.545
v -7.787 1179.994 -1104.263
v -7.804 1181.4 -1103.279
v -7.8 1182.111 -1103.135
v -7.809 1182.956 -1102.998
v -5.544 1182.953 -1103
v -7.796 1202.674 -1102.992
v -5.54 1202.665 -1102.998
v -7.815 1204.079 -1103.285
v -7.805 1205.503 -1104.131
v -7.799 1206.359 -1105.403
v -7.788 1206.65 -1106.249
v -7.782 1206.37 -1097.455
v -7.79 1205.656 -1098.735
v -7.796 1204.233 -1099.731
v -7.78 1203.536 -1099.864
v -7.785 1202.681 -1100.009
v -5.524 1182.967 -1100.012
v -5.523 1202.677 -1100.012
v 1.558 1182.962 -1093.777
v 1.7 1181.544 -1093.777
v 2.56 1180.133 -1093.772
v 3.97 1179.277 -1093.776
v 4.677 1178.992 -1093.777
v 5.524 1178.989 -1093.779
v 2.114 1178.984 -1092.223
v 0.018 1179.005 -1091.924
v -2.136 1178.986 -1092.221
v -5.51 1179.007 -1093.767
v -4.103 1179.141 -1093.772
v -2.683 1179.994 -1093.771
v -1.846 1181.402 -1093.778
v -1.559 1182.113 -1093.776
v -1.551 1182.969 -1093.772
v -1.558 1182.964 -1096.045
v -1.577 1202.66 -1093.785
v -1.566 1202.668 -1096.048
v -1.703 1204.089 -1093.777
v -2.547 1205.511 -1093.774
v -3.954 1206.37 -1093.769
v -4.679 1206.642 -1093.777
v 4.094 1206.346 -1093.786
v 2.711 1205.661 -1093.768
v 1.853 1204.239 -1093.772
v 1.575 1203.534 -1093.769
v 1.579 1202.685 -1093.767
v 1.553 1182.959 -1096.048
v 1.555 1202.669 -1096.047
v 8.519 1180.135 -1098.875
v 8.527 1179.858 -1104.259
v 8.516 1181.267 -1103.414
v 8.494 1179.409 -1098.179
v 8.527 1179.006 -1105.677
v 8.501 1181.399 -1099.735
v 8.495 1181.962 -1103.141
v 8.509 1178.994 -1097.321
v 8.496 1182.813 -1100.021
v 8.525 1182.834 -1102.984
v 8.491 1202.661 -1103.001
v 8.524 1202.683 -1100.007
v 8.494 1203.514 -1099.88
v 8.494 1204.223 -1103.283
v 8.497 1204.366 -1099.595
v 8.516 1205.514 -1104.123
v 8.519 1205.799 -1098.733
v 8.511 1206.219 -1104.834
v -5.515 1179.004 -1106.955
v -4.099 1179.144 -1106.957
v -2.697 1179.983 -1106.965
v -1.832 1181.411 -1106.957
v -1.579 1182.099 -1106.973
v 2.119 1176.435 -1110.795
v 0.013 1176.45 -1110.927
v 4.255 1176.442 -1109.94
v 5.544 1176.45 -1109.225
v 7.782 1178.982 -1106.971
v 7.801 1176.443 -1106.962
v 8.514 1176.446 -1105.683
v 9.339 1178.98 -1103.002
v 9.347 1176.433 -1102.998
v 9.344 1176.431 -1100.022
v 9.353 1178.989 -1100.018
v 8.519 1176.449 -1097.315
v 7.78 1178.98 -1096.054
v 7.804 1176.445 -1096.042
v 5.541 1176.449 -1093.771
v 4.234 1176.427 -1093.078
v 2.125 1176.439 -1092.218
v -0.008 1176.435 -1091.937
v -2.14 1176.431 -1092.224
v -4.248 1176.445 -1093.065
v -5.55 1176.427 -1093.787
v -7.81 1176.433 -1096.051
v -8.527 1176.427 -1097.331
v -9.371 1176.432 -1100.022
v -9.349 1176.447 -1102.989
v -8.511 1176.438 -1105.689
v -7.798 1176.441 -1106.963
v -5.515 1176.451 -1109.224
v -4.26 1176.436 -1109.944
v -2.134 1176.436 -1110.795
v 4.67 1178.987 -1106.968
v 5.53 1178.993 -1106.963
v 3.971 1179.277 -1106.963
v 2.572 1180.141 -1106.953
v 1.711 1181.552 -1106.958
v 5.516 1182.953 -1103
v 4.673 1202.668 -1103.138
v 5.523 1202.667 -1102.997
v 4.12 1182.969 -1103.272
v 3.977 1202.677 -1103.273
v 2.693 1182.962 -1104.128
v 2.54 1202.664 -1104.275
v 1.859 1182.974 -1105.395
v 1.715 1202.682 -1105.538
v 1.56 1182.963 -1106.254
v 4.115 1206.361 -1106.962
v 2.678 1205.638 -1106.971
v 1.841 1204.23 -1106.964
v 1.547 1203.514 -1106.97
v -4.661 1206.655 -1106.954
v -3.959 1206.366 -1106.958
v -2.541 1205.516 -1106.957
v -1.704 1204.088 -1106.964
v -1.548 1202.681 -1106.248
v -1.705 1182.96 -1105.547
v -1.856 1202.663 -1105.41
v -2.542 1182.97 -1104.264
v -2.689 1202.676 -1104.125
v -3.961 1182.969 -1103.272
v -4.114 1202.67 -1103.278
v -4.687 1182.957 -1103.139
v -5.515 1179.003 -1096.038
v -5.521 1179.141 -1097.459
v -5.512 1179.998 -1098.73
v -5.528 1181.405 -1099.731
v -5.523 1182.117 -1099.87
v -5.522 1178.998 -1106.25
v -5.518 1179.285 -1105.398
v -5.543 1180.118 -1104.134
v -5.517 1181.554 -1103.27
v -5.54 1206.352 -1105.55
v -5.51 1205.664 -1104.259
v -5.522 1204.238 -1103.272
v -5.512 1203.535 -1103.126
v -5.519 1206.65 -1096.749
v -5.548 1206.346 -1097.614
v -5.514 1205.519 -1098.873
v -5.532 1204.088 -1099.733
v -4.698 1202.659 -1099.883
v -4.118 1182.959 -1099.735
v -3.97 1202.672 -1099.732
v -2.683 1182.971 -1098.876
v -2.542 1202.679 -1098.734
v -1.859 1182.952 -1097.613
v -1.718 1202.66 -1097.472
v -1.56 1182.963 -1096.754
v 5.536 1178.997 -1096.042
v 4.122 1179.142 -1096.04
v 2.679 1179.975 -1096.053
v 1.835 1181.397 -1096.05
v 1.543 1182.101 -1096.053
v -4.66 1179.006 -1096.036
v -3.959 1179.284 -1096.04
v -2.536 1180.139 -1096.037
v -1.71 1181.539 -1096.049
v -4.101 1206.366 -1096.04
v -2.686 1205.656 -1096.041
v -1.855 1204.224 -1096.051
v -1.542 1203.535 -1096.036
v 4.694 1206.652 -1096.038
v 3.972 1206.36 -1096.044
v 2.547 1205.504 -1096.048
v 1.683 1204.077 -1096.054
v 1.561 1202.673 -1096.753
v 1.707 1182.967 -1097.46
v 1.839 1202.669 -1097.607
v 2.543 1182.956 -1098.744
v 2.705 1202.68 -1098.875
v 3.955 1182.952 -1099.739
v 4.111 1202.671 -1099.732
v 4.668 1182.955 -1099.879
v 5.532 1202.674 -1100.014
v 5.548 1182.975 -1100.006
v 7.79 1182.957 -1102.997
v 7.817 1181.558 -1103.267
v 7.818 1180.141 -1104.118
v 7.81 1179.284 -1105.398
v 7.785 1178.984 -1106.261
v 7.782 1179.123 -1097.471
v 7.792 1179.981 -1098.742
v 7.819 1181.417 -1099.722
v 7.815 1182.124 -1099.865
v 7.808 1182.97 -1100.011
v 7.813 1202.682 -1100.008
v 7.8 1204.091 -1099.731
v 7.788 1205.5 -1098.886
v 7.811 1206.368 -1097.598
v 7.794 1206.639 -1096.756
v 7.802 1206.361 -1105.544
v 7.816 1205.662 -1104.26
v 7.779 1204.218 -1103.286
v 7.811 1203.531 -1103.128
v 7.814 1202.683 -1102.985
v -2.413 1180.976 -1105.263
v -3.817 1180.986 -1103.98
v -3.812 1179.43 -1106.104
v -4.517 1179.432 -1105.251
v 5.52 1176.434 -1096.05
v 5.533 1176.443 -1106.961
v -5.514 1176.452 -1106.955
v -5.55 1176.427 -1096.055
v 5.55 1181.559 -1103.267
v 3.822 1180.974 -1103.988
v 5.544 1180.137 -1104.12
v 2.427 1180.99 -1105.253
v 4.546 1179.424 -1105.257
v 5.512 1179.264 -1105.412
v 5.514 1178.982 -1106.262
v 3.842 1179.428 -1106.106
v 5.531 1203.523 -1103.134
v 2.397 1204.648 -1105.268
v 3.81 1204.644 -1103.994
v 5.534 1205.652 -1104.267
v 5.528 1204.231 -1103.277
v 3.843 1206.227 -1106.105
v 4.536 1206.216 -1105.262
v 5.526 1206.356 -1105.547
v -3.825 1204.659 -1103.984
v -2.411 1204.657 -1105.262
v -4.549 1206.209 -1105.267
v -3.819 1206.223 -1106.108
v -3.825 1180.98 -1099.021
v -2.401 1180.984 -1097.742
v -4.525 1179.427 -1097.74
v -3.811 1179.431 -1096.887
v -2.418 1204.651 -1097.751
v -3.848 1204.643 -1099.033
v -3.811 1206.229 -1096.887
v -4.537 1206.217 -1097.746
v 5.519 1182.105 -1099.879
v 2.42 1180.984 -1097.742
v 3.846 1180.99 -1099.014
v 5.53 1179.986 -1098.739
v 5.541 1181.411 -1099.726
v 3.834 1179.422 -1096.893
v 4.549 1179.427 -1097.741
v 5.53 1179.135 -1097.463
v 5.525 1204.087 -1099.734
v 3.846 1204.67 -1099.014
v 5.546 1205.519 -1098.873
v 2.412 1204.658 -1097.746
v 4.546 1206.223 -1097.743
v 5.516 1206.349 -1097.612
v 5.537 1206.647 -1096.751
v 3.837 1206.223 -1096.891
v -2.534 1149.797 -1093.059
v 2.846 1149.649 -1093.062
v 1.828 1150.907 -1093.075
v -3.396 1149.222 -1093.064
v 4.245 1148.643 -1093.072
v -1.855 1151.194 -1093.073
v 1.542 1151.756 -1093.077
v -4.263 1148.643 -1093.072
v -1.551 1152.626 -1093.063
v 1.549 1152.613 -1093.073
v 1.553 1172.466 -1093.071
v -1.562 1172.469 -1093.069
v -1.542 1173.334 -1093.059
v 1.828 1174.019 -1093.075
v -1.834 1174.179 -1093.063
v 2.533 1175.293 -1093.077
v -2.853 1175.578 -1093.076
v 3.389 1175.863 -1093.075
v 8.501 1149.779 -1098.884
v 8.509 1149.643 -1104.268
v 8.505 1150.917 -1103.42
v 8.501 1149.212 -1098.175
v 8.495 1148.641 -1105.693
v 8.519 1151.21 -1099.726
v 8.514 1151.774 -1103.131
v 8.524 1148.661 -1097.313
v 8.524 1152.631 -1100.007
v 8.524 1152.631 -1102.985
v 8.517 1172.477 -1100.011
v 8.491 1172.459 -1103.001
v 8.511 1173.324 -1099.872
v 8.513 1174.034 -1103.274
v 8.526 1174.185 -1099.58
v 8.494 1175.297 -1104.134
v 8.512 1175.593 -1098.737
v 8.487 1175.859 -1104.846
v -2.558 1175.302 -1109.944
v 2.824 1175.581 -1109.947
v 1.85 1174.177 -1109.937
v -3.406 1175.872 -1109.942
v -1.841 1174.032 -1109.939
v 1.541 1173.308 -1109.95
v -1.578 1172.458 -1109.95
v 1.563 1172.473 -1109.939
v 1.541 1152.607 -1109.95
v -1.56 1152.62 -1109.941
v -1.55 1151.776 -1109.936
v 1.834 1151.196 -1109.945
v -1.861 1150.906 -1109.949
v 2.541 1149.776 -1109.947
v -2.82 1149.653 -1109.933
v 3.401 1149.215 -1109.942
v -4.253 1148.65 -1109.94
v 4.266 1148.658 -1109.934
v -8.491 1175.318 -1098.873
v -8.49 1175.602 -1104.26
v -8.495 1174.181 -1103.412
v -8.517 1175.867 -1098.177
v -8.495 1174.039 -1099.725
v -8.512 1173.318 -1103.137
v -8.514 1172.466 -1100.019
v -8.503 1172.473 -1102.991
v -8.521 1152.61 -1100.022
v -8.517 1152.613 -1102.997
v -8.524 1151.757 -1099.882
v -8.514 1151.197 -1103.28
v -8.491 1150.93 -1099.582
v -8.509 1149.783 -1104.128
v -8.492 1149.653 -1098.732
v -8.499 1149.223 -1104.832
v -8.5 1148.655 -1097.317
v -8.517 1148.643 -1105.692
v 1.575 1152.63 -1093.769
v 1.699 1151.2 -1093.778
v 2.559 1149.931 -1093.773
v 3.956 1149.065 -1093.784
v 4.681 1148.793 -1093.776
v 5.543 1148.659 -1093.77
v 2.144 1148.662 -1092.208
v -0.004 1148.647 -1091.935
v -2.138 1148.642 -1092.222
v -5.546 1148.638 -1093.785
v -4.104 1148.939 -1093.772
v -2.703 1149.778 -1093.781
v -1.854 1151.053 -1093.782
v -1.57 1151.904 -1093.782
v -1.561 1152.619 -1093.777
v -1.57 1152.612 -1096.051
v -1.567 1172.465 -1093.78
v -1.543 1172.482 -1096.037
v -1.708 1173.884 -1093.78
v -2.551 1175.165 -1093.776
v -3.98 1176.15 -1093.781
v -4.663 1176.31 -1093.768
v 4.094 1176.145 -1093.785
v 2.698 1175.309 -1093.775
v 1.845 1174.031 -1093.776
v 1.58 1173.193 -1093.767
v 1.562 1172.472 -1093.775
v 1.543 1152.608 -1096.053
v 1.549 1172.463 -1096.051
v 7.809 1152.627 -1102.988
v 7.812 1151.212 -1103.27
v 7.806 1149.931 -1104.124
v 7.818 1149.089 -1105.394
v 7.784 1148.782 -1106.261
v 7.79 1148.644 -1106.967
v 9.348 1148.642 -1102.998
v 9.372 1148.659 -1100.009
v 7.81 1148.658 -1096.039
v 7.799 1148.933 -1097.463
v 7.811 1149.793 -1098.733
v 7.78 1151.047 -1099.741
v 7.801 1151.912 -1099.872
v 7.799 1152.62 -1100.015
v 7.798 1172.47 -1100.015
v 5.521 1152.613 -1100.02
v 5.513 1172.458 -1100.024
v 7.806 1173.894 -1099.728
v 7.795 1175.162 -1098.883
v 7.812 1176.166 -1097.598
v 7.782 1176.287 -1096.762
v 7.812 1176.166 -1105.539
v 7.817 1175.319 -1104.26
v 7.809 1174.038 -1103.271
v 7.811 1173.188 -1103.129
v 7.808 1172.478 -1102.988
v 5.513 1152.608 -1103.001
v 5.522 1172.465 -1102.997
v -1.554 1152.624 -1109.229
v -1.701 1151.202 -1109.231
v -2.567 1149.915 -1109.239
v -3.962 1149.08 -1109.228
v -4.694 1148.781 -1109.239
v -5.521 1148.656 -1109.227
v 2.108 1148.636 -1110.801
v -2.136 1148.643 -1110.796
v -0.002 1148.648 -1110.934
v 5.513 1148.638 -1109.24
v 4.12 1148.939 -1109.227
v 2.698 1149.787 -1109.23
v 1.831 1151.051 -1109.238
v 1.553 1151.906 -1109.235
v 1.56 1152.62 -1109.231
v 1.566 1172.475 -1109.228
v 1.556 1152.617 -1106.965
v 1.552 1172.465 -1106.967
v 1.683 1173.876 -1109.241
v 2.543 1175.158 -1109.237
v 3.954 1176.146 -1109.24
v 4.699 1176.313 -1109.222
v -4.114 1176.156 -1109.233
v -2.699 1175.303 -1109.234
v -1.827 1174.041 -1109.224
v -1.574 1173.17 -1109.239
v -1.579 1172.457 -1109.241
v -1.566 1152.616 -1106.966
v -1.566 1172.466 -1106.966
v -7.781 1152.632 -1100.006
v -7.81 1151.194 -1099.737
v -7.804 1149.922 -1098.883
v -7.81 1149.067 -1097.611
v -7.814 1148.78 -1096.762
v -7.794 1148.653 -1096.043
v -9.355 1148.652 -1102.991
v -9.365 1148.645 -1100.018
v -7.787 1148.658 -1106.957
v -7.816 1148.921 -1105.554
v -7.782 1149.796 -1104.261
v -7.816 1151.048 -1103.285
v -7.813 1151.901 -1103.142
v -7.816 1152.608 -1103.001
v -5.533 1152.618 -1102.994
v -7.801 1172.469 -1102.994
v -5.544 1172.461 -1103
v -7.787 1173.896 -1103.271
v -7.784 1175.175 -1104.12
v -7.786 1176.166 -1105.397
v -7.782 1176.31 -1106.246
v -7.805 1176.152 -1097.466
v -7.779 1175.32 -1098.729
v -7.818 1174.016 -1099.742
v -7.781 1173.192 -1099.865
v -7.813 1172.461 -1100.022
v -5.514 1152.631 -1100.007
v -5.512 1172.483 -1100.006
v 5.521 1148.644 -1096.049
v 4.12 1148.939 -1096.041
v 2.682 1149.776 -1096.051
v 1.856 1151.069 -1096.039
v 1.574 1151.921 -1096.038
v -0.012 1146.231 -1110.939
v 2.993 1146.25 -1110.5
v 5.825 1146.247 -1109.084
v 7.803 1146.242 -1106.819
v 9.228 1146.247 -1103.98
v 9.482 1146.226 -1101.017
v 8.8 1146.246 -1098.026
v 7.221 1146.232 -1095.342
v 4.945 1146.227 -1093.36
v 2.536 1146.228 -1092.367
v -0.014 1146.23 -1091.94
v -2.978 1146.239 -1092.501
v -5.807 1146.244 -1093.915
v -7.793 1146.243 -1096.184
v -9.209 1146.244 -1099.019
v -9.506 1146.235 -1102.004
v -8.771 1146.253 -1104.968
v -7.214 1146.251 -1107.664
v -4.948 1146.249 -1109.65
v -2.549 1146.241 -1110.648
v -4.695 1148.78 -1096.053
v -5.512 1148.662 -1096.036
v -3.955 1149.085 -1096.038
v -2.546 1149.93 -1096.042
v -1.714 1151.193 -1096.051
v -4.665 1172.48 -1099.867
v -4.117 1152.616 -1099.734
v -3.976 1172.467 -1099.734
v -2.681 1152.629 -1098.875
v -2.541 1172.479 -1098.733
v -1.826 1152.632 -1097.596
v -1.692 1172.478 -1097.458
v -1.545 1152.63 -1096.747
v -4.115 1176.155 -1096.047
v -2.708 1175.297 -1096.052
v -1.856 1174.021 -1096.051
v -1.555 1173.183 -1096.043
v 4.676 1176.297 -1096.047
v 3.976 1176.162 -1096.042
v 2.551 1175.163 -1096.046
v 1.708 1173.893 -1096.042
v 1.556 1172.468 -1096.756
v 1.721 1152.633 -1097.454
v 1.845 1172.472 -1097.604
v 2.547 1152.616 -1098.742
v 2.675 1172.457 -1098.891
v 3.958 1152.611 -1099.738
v 4.104 1172.465 -1099.736
v 4.678 1152.619 -1099.874
v 5.525 1148.646 -1106.965
v 5.517 1148.924 -1105.552
v 5.531 1149.785 -1104.269
v 5.515 1151.05 -1103.284
v 5.525 1151.908 -1103.137
v 5.535 1148.795 -1096.751
v 5.525 1149.071 -1097.607
v 5.543 1149.935 -1098.874
v 5.514 1151.191 -1099.739
v 5.52 1176.15 -1097.468
v 5.535 1175.31 -1098.737
v 5.518 1174.022 -1099.737
v 5.543 1173.189 -1099.867
v 5.532 1176.301 -1106.253
v 5.514 1176.146 -1105.411
v 5.525 1175.161 -1104.13
v 5.548 1173.901 -1103.267
v 4.698 1172.484 -1103.125
v 4.122 1152.627 -1103.272
v 3.979 1172.477 -1103.272
v 2.708 1152.629 -1104.12
v 2.556 1172.473 -1104.267
v 1.855 1152.628 -1105.398
v 1.708 1172.475 -1105.542
v 1.556 1152.617 -1106.256
v -5.55 1148.636 -1106.973
v -4.115 1148.931 -1106.964
v -2.683 1149.792 -1106.957
v -1.826 1151.072 -1106.955
v -1.558 1151.912 -1106.962
v 4.685 1148.796 -1106.96
v 3.957 1149.066 -1106.97
v 2.56 1149.931 -1106.959
v 1.702 1151.202 -1106.963
v 4.107 1176.154 -1106.966
v 2.683 1175.299 -1106.968
v 1.841 1174.029 -1106.964
v 1.55 1173.173 -1106.968
v -4.691 1176.29 -1106.969
v -3.971 1176.156 -1106.964
v -2.555 1175.163 -1106.964
v -1.682 1173.902 -1106.953
v -1.553 1172.475 -1106.251
v -1.694 1152.625 -1105.541
v -1.837 1172.475 -1105.4
v -2.557 1152.617 -1104.271
v -2.701 1172.465 -1104.131
v -3.95 1152.634 -1103.266
v -4.106 1172.475 -1103.273
v -4.66 1152.633 -1103.125
v -5.536 1148.929 -1097.466
v -5.528 1149.786 -1098.738
v -5.532 1151.058 -1099.733
v -5.525 1151.914 -1099.871
v -5.541 1148.784 -1106.26
v -5.523 1149.08 -1105.4
v -5.529 1149.926 -1104.127
v -5.512 1151.214 -1103.268
v -5.533 1176.155 -1105.547
v -5.53 1175.306 -1104.269
v -5.54 1174.023 -1103.282
v -5.523 1173.184 -1103.131
v -5.524 1176.303 -1096.751
v -5.529 1176.158 -1097.604
v -5.549 1175.151 -1098.891
v -5.549 1173.875 -1099.741
v 2.422 1150.784 -1097.741
v 3.821 1150.771 -1099.026
v 3.839 1149.224 -1096.891
v 4.526 1149.209 -1097.752
v -3.844 1150.766 -1099.031
v -2.406 1150.78 -1097.744
v -4.556 1149.204 -1097.756
v -3.844 1149.206 -1096.904
v -2.4 1174.463 -1097.741
v -3.823 1174.459 -1099.02
v -3.83 1175.873 -1096.897
v -4.538 1175.873 -1097.747
v 3.813 1174.445 -1099.03
v 2.391 1174.442 -1097.756
v 4.529 1175.868 -1097.751
v 3.81 1175.861 -1096.905
v 3.839 1150.784 -1103.98
v 2.428 1150.789 -1105.253
v 4.539 1149.218 -1105.261
v 3.822 1149.212 -1106.116
v 2.41 1174.456 -1105.262
v 3.814 1174.446 -1103.992
v 3.836 1175.879 -1106.109
v 4.523 1175.864 -1105.269
v -2.391 1150.79 -1105.252
v -3.842 1150.767 -1103.992
v -3.832 1149.214 -1106.114
v -4.533 1149.22 -1105.259
v -3.834 1174.452 -1103.988
v -2.399 1174.463 -1105.256
v -4.55 1175.865 -1105.268
v -3.834 1175.87 -1106.115
v 12.898 1217.698 -1101.436
v 12.775 1217.711 -1099.3
v 13.468 1217.133 -1101.434
v 14.054 1216.58 -1101.425
v 12.212 1217.715 -1097.17
v 13.048 1216.428 -1096.043
v 10.198 1217.694 -1093.64
v 10.474 1216.413 -1091.942
v 7.106 1217.714 -1090.79
v 6.235 1216.282 -1088.674
v 3.413 1217.709 -1089.092
v 2.561 1216.29 -1087.391
v -0.269 1217.712 -1088.665
v -2.257 1216.15 -1087.249
v -3.971 1217.701 -1089.24
v -4.102 1217.142 -1088.667
v -6.093 1216.145 -1088.387
v -7.244 1216.842 -1089.954
v -9.637 1216.004 -1090.655
v -7.65 1217.707 -1091.079
v -10.649 1217.692 -1094.067
v -8.519 1217.127 -1091.088
v -10.193 1216.721 -1092.067
v -12.067 1215.99 -1093.217
v -12.321 1217.712 -1097.739
v -11.91 1217.135 -1095.052
v -13.171 1216.437 -1096.179
v -13.742 1216.009 -1096.606
v -12.913 1217.695 -1101.438
v -13.05 1217.131 -1098.317
v -13.479 1217.129 -1101.438
v -14.465 1216.14 -1101.435
v -14.614 1215.994 -1101.438
v -14.454 1216.006 -1099.444
v -12.891 1219.128 -1101.427
v -12.072 1219.106 -1096.906
v -9.658 1219.109 -1092.934
v -5.827 1219.11 -1089.955
v -1.43 1219.111 -1088.678
v 3.275 1219.13 -1089.09
v 7.524 1219.126 -1091.078
v 10.77 1219.116 -1094.488
v 12.332 1219.117 -1097.749
v 12.896 1219.115 -1101.437
v -13.051 1216.705 -1098.175
v -13.47 1216.709 -1101.433
v -11.767 1216.853 -1095.052
v -8.661 1216.985 -1091.088
v -14.334 1215.991 -1104.134
v -12.89 1216.577 -1105.255
v -11.356 1216.559 -1108.813
v -12.33 1215.863 -1109.371
v -8.778 1216.435 -1111.777
v -8.502 1215.721 -1113.341
v -4.978 1216.273 -1114.06
v -3.561 1215.564 -1115.62
v -0.705 1216.145 -1115.043
v 2.001 1215.586 -1115.888
v 3.835 1216.147 -1114.474
v 7.244 1215.442 -1114.188
v 7.786 1215.992 -1112.499
v 10.795 1215.872 -1109.647
v 11.331 1215.283 -1110.656
v 12.753 1215.853 -1105.833
v 13.877 1215.137 -1105.696
v 13.477 1215.721 -1101.43
v 14.483 1215.022 -1100.289
v 12.894 1215.568 -1097.751
v 13.025 1214.852 -1094.921
v 11.346 1215.577 -1094.2
v 9.635 1214.72 -1090.66
v 8.798 1215.438 -1091.221
v 4.978 1215.302 -1088.948
v 4.974 1214.732 -1087.816
v 0.706 1215.148 -1087.964
v -0.587 1214.569 -1086.98
v -3.844 1215.139 -1088.538
v -5.797 1214.452 -1088.097
v -7.807 1215.002 -1090.519
v -10.502 1214.292 -1091.371
v -10.773 1214.868 -1093.35
v -12.745 1214.736 -1097.171
v -13.483 1214.148 -1095.91
v -13.465 1214.728 -1101.431
v -14.604 1214.016 -1101.291
v -12.917 1214.573 -1105.268
v -13.599 1214.024 -1106.673
v -11.326 1214.453 -1108.798
v -10.777 1213.873 -1111.359
v -8.788 1214.443 -1111.783
v -4.982 1214.285 -1114.062
v -6.224 1213.742 -1114.613
v -0.692 1214.169 -1115.037
v -0.998 1213.586 -1116.04
v 3.835 1214.162 -1114.475
v 4.557 1213.462 -1115.319
v 7.803 1214.019 -1112.49
v 9.34 1213.294 -1112.644
v 10.785 1213.88 -1109.653
v 12.76 1213.164 -1108.381
v 12.76 1213.731 -1105.829
v 14.451 1213.157 -1103.14
v 13.474 1213.734 -1101.431
v 12.896 1213.585 -1097.75
v 14.046 1213.029 -1097.601
v 11.334 1213.442 -1094.207
v 11.643 1212.892 -1092.776
v 8.772 1213.435 -1091.234
v 7.516 1212.74 -1088.955
v 4.968 1213.31 -1088.953
v 2.414 1212.6 -1087.11
v 0.714 1213.168 -1087.961
v -3.83 1213.163 -1088.531
v -3.115 1212.459 -1087.252
v -7.815 1213.011 -1090.523
v -8.217 1212.319 -1089.377
v -10.775 1212.881 -1093.351
v -12.048 1212.317 -1093.349
v -12.759 1212.74 -1097.179
v -14.316 1212.175 -1098.453
v -13.481 1212.731 -1101.439
v -14.323 1212.028 -1103.845
v -12.904 1212.597 -1105.262
v -12.49 1211.879 -1109.096
v -11.35 1212.451 -1108.809
v -8.785 1212.46 -1111.781
v -8.795 1211.744 -1113.204
v -4.963 1212.313 -1114.053
v -3.814 1211.615 -1115.605
v -0.717 1212.167 -1115.049
v 1.717 1211.474 -1116.03
v 3.828 1212.03 -1114.478
v 6.952 1211.466 -1114.334
v 7.819 1212.044 -1112.483
v 11.186 1211.31 -1110.799
v 10.764 1211.88 -1109.663
v 13.893 1211.177 -1105.972
v 12.75 1211.739 -1105.834
v 13.468 1211.745 -1101.434
v 14.608 1211.04 -1100.581
v 12.895 1211.599 -1097.751
v 13.185 1210.895 -1095.195
v 11.346 1211.465 -1094.2
v 9.913 1210.745 -1090.805
v 8.775 1211.452 -1091.232
v 5.122 1210.625 -1087.813
v 4.976 1211.331 -1088.949
v 0.709 1211.18 -1087.963
v -0.297 1210.603 -1086.977
v -3.846 1211.025 -1088.539
v -5.681 1210.464 -1088.109
v -7.787 1211.046 -1090.509
v -10.223 1210.319 -1091.089
v -10.792 1210.885 -1093.359
v -13.329 1210.187 -1095.62
v -12.765 1210.751 -1097.181
v -13.485 1210.744 -1101.44
v -14.603 1210.046 -1101.007
v -12.894 1210.619 -1105.257
v -13.736 1209.916 -1106.529
v -11.339 1210.474 -1108.804
v -10.9 1209.774 -1111.208
v -8.781 1210.478 -1111.779
v -4.981 1210.316 -1114.062
v -6.541 1209.749 -1114.629
v -0.698 1210.195 -1115.04
v -1.125 1209.627 -1116.033
v 4.237 1209.466 -1115.479
v 3.83 1210.046 -1114.477
v 7.817 1210.058 -1112.484
v 9.233 1209.348 -1112.768
v 10.777 1209.904 -1109.657
v 11.621 1209.332 -1110.227
v 13.47 1209.194 -1107.105
v 12.752 1209.755 -1105.833
v 14.312 1209.188 -1101.579
v 13.469 1209.619 -1101.434
v 13.201 1209.63 -1098.448
v 13.198 1209.202 -1096.323
v 11.897 1209.469 -1095.201
v 10.05 1209.182 -1091.8
v 9.214 1209.476 -1091.651
v 5.381 1209.189 -1088.817
v 4.947 1209.326 -1088.963
v 2.7 1209.199 -1088.102
v -0.005 1209.191 -1087.966
v -14.17 1215.865 -1098.309
v -14.33 1215.711 -1103.99
v -12.347 1215.567 -1109.237
v -8.489 1215.588 -1113.335
v -3.531 1215.443 -1115.606
v 2.135 1215.297 -1115.892
v 7.382 1215.156 -1114.048
v 11.63 1215.01 -1110.365
v 14.029 1214.86 -1105.266
v 14.475 1214.733 -1099.726
v 12.761 1214.582 -1094.344
v 9.065 1214.576 -1090.095
v 4.092 1214.427 -1087.547
v -1.424 1214.295 -1086.973
v -6.789 1214.169 -1088.522
v -11.213 1214.008 -1092.081
v -13.909 1213.864 -1097.044
v -14.62 1213.721 -1102.576
v -13.044 1213.733 -1107.955
v -9.626 1213.601 -1112.485
v -4.839 1213.436 -1115.338
v 0.713 1213.309 -1116.036
v 6.079 1213.152 -1114.77
v 10.779 1213.024 -1111.357
v 13.604 1212.875 -1106.684
v 14.62 1212.75 -1101.142
v 13.348 1212.753 -1095.61
v 10.21 1212.598 -1091.082
v 5.378 1212.448 -1087.968
v 0.019 1212.327 -1086.961
v -5.529 1212.172 -1087.963
v -10.221 1212.022 -1091.088
v -13.336 1211.883 -1095.765
v -14.599 1211.892 -1101.147
v -13.622 1211.739 -1106.685
v -10.633 1211.606 -1111.5
v -6.11 1211.454 -1114.768
v -0.703 1211.326 -1116.034
v 4.803 1211.167 -1115.196
v 9.629 1211.028 -1112.358
v 13.039 1210.892 -1107.958
v 14.618 1210.906 -1102.561
v 13.881 1210.744 -1096.903
v 11.069 1210.619 -1092.07
v 6.681 1210.482 -1088.522
v 1.433 1210.34 -1086.963
v -4.247 1210.192 -1087.534
v -9.201 1210.056 -1090.224
v -12.746 1210.056 -1094.478
v -14.453 1209.91 -1099.869
v -14.021 1209.773 -1105.395
v -11.625 1209.621 -1110.365
v -7.353 1209.492 -1114.043
v -2.127 1209.336 -1115.896
v 1.824 1209.322 -1115.906
v 5.672 1209.195 -1114.903
v 8.917 1209.183 -1113.068
v 11.615 1209.186 -1110.372
v 12.752 1216.136 -1097.184
v 13.461 1216.135 -1101.438
v 10.781 1216.004 -1093.349
v 7.795 1215.856 -1090.517
v 3.836 1215.722 -1088.526
v -0.695 1215.727 -1087.956
v -4.951 1215.583 -1088.95
v -8.784 1215.438 -1091.221
v -11.341 1215.435 -1094.201
v -12.915 1215.283 -1097.753
v -13.484 1215.14 -1101.44
v -12.757 1215.153 -1105.826
v -10.764 1215.016 -1109.651
v -7.809 1214.859 -1112.498
v -3.817 1214.732 -1114.472
v 0.724 1214.735 -1115.038
v 4.945 1214.57 -1114.061
v 8.81 1214.454 -1111.775
v 11.341 1214.439 -1108.808
v 12.887 1214.288 -1105.27
v 13.468 1214.156 -1101.434
v 12.773 1214.023 -1097.174
v 10.77 1214.011 -1093.354
v 7.815 1213.885 -1090.507
v 3.831 1213.734 -1088.529
v -0.706 1213.734 -1087.962
v -4.975 1213.582 -1088.962
v -8.782 1213.454 -1091.22
v -11.362 1213.293 -1094.211
v -12.907 1213.304 -1097.749
v -13.474 1213.162 -1101.435
v -12.765 1213.02 -1105.831
v -10.793 1213.011 -1109.666
v -7.78 1212.894 -1112.484
v -3.822 1212.744 -1114.475
v 0.707 1212.738 -1115.046
v 4.974 1212.605 -1114.047
v 8.782 1212.449 -1111.788
v 11.329 1212.304 -1108.813
v 12.909 1212.318 -1105.259
v 13.462 1212.167 -1101.437
v 12.755 1212.026 -1097.183
v 10.767 1212.024 -1093.356
v 7.778 1211.874 -1090.525
v 3.813 1211.736 -1088.538
v -0.719 1211.598 -1087.968
v -4.971 1211.599 -1088.96
v -8.794 1211.461 -1091.226
v -11.343 1211.322 -1094.202
v -12.905 1211.32 -1097.748
v -13.482 1211.171 -1101.439
v -12.778 1211.026 -1105.837
v -10.796 1211.024 -1109.667
v -7.818 1210.882 -1112.503
v -3.827 1210.755 -1114.477
v 0.713 1210.615 -1115.043
v 4.953 1210.606 -1114.057
v 8.774 1210.459 -1111.792
v 11.345 1210.33 -1108.806
v 12.91 1210.333 -1105.258
v 13.455 1210.176 -1101.441
v 12.766 1210.049 -1097.177
v 10.777 1210.046 -1093.351
v 7.797 1209.902 -1090.516
v 3.834 1209.765 -1088.528
v -0.726 1209.608 -1087.972
v -4.976 1209.61 -1088.962
v -8.802 1209.471 -1091.23
v -11.345 1209.335 -1094.203
v -12.886 1209.348 -1097.738
v -13.481 1209.187 -1101.439
v -12.619 1209.195 -1106.821
v -9.907 1209.207 -1111.349
v -5.66 1209.203 -1114.472
v -0.445 1209.181 -1115.906
v 2.535 1209.183 -1115.762
v -9.915 1219.127 -1109.652
v -6.961 1219.111 -1111.932
v -5.966 1219.112 -1112.924
v -9.764 1219.133 -1109.222
v -12.211 1219.108 -1105.554
v -11.64 1219.111 -1106.26
v -2.846 1219.113 -1113.632
v -12.352 1219.109 -1103.71
v -1.148 1219.11 -1114.343
v -12.467 1219.127 -1101.428
v 1.709 1219.125 -1113.907
v 3.556 1219.127 -1113.905
v -11.927 1219.108 -1097.897
v 5.971 1219.131 -1112.485
v 7.527 1219.129 -1111.92
v -10.212 1219.118 -1094.203
v 9.515 1219.131 -1109.649
v 10.368 1219.132 -1109.081
v -7.25 1219.106 -1091.376
v 11.895 1219.109 -1105.553
v 12.068 1219.131 -1106.105
v -3.669 1219.132 -1089.514
v 12.747 1219.11 -1103.709
v 12.497 1219.133 -1101.424
v 0 1219.12 -1088.956
v 3.695 1219.126 -1089.518
v 11.929 1219.132 -1097.879
v 10.2 1219.113 -1094.207
v 7.216 1219.109 -1091.374
v 12.919 1217.146 -1105.679
v 10.617 1217.122 -1109.95
v 6.652 1217.126 -1113.208
v 1.705 1217.137 -1114.902
v -3.139 1217.121 -1114.629
v -7.231 1217.135 -1112.918
v -10.341 1217.141 -1110.078
v -12.316 1217.148 -1106.953
v -13.206 1217.121 -1104.137
v -13.191 1209.191 -1098.6
v -12.341 1209.191 -1095.906
v -9.341 1209.207 -1091.783
v -4.971 1209.189 -1088.96
v 2.998 1209.209 -1102.983
v 0.018 1209.207 -1104.686
v 2.971 1209.19 -1099.593
v -2.975 1209.196 -1102.992
v -0.011 1209.187 -1097.894
v -2.967 1209.202 -1099.585
v -12.485 1233.152 -1101.437
v -11.609 1233.17 -1096.887
v -9.217 1233.157 -1093.068
v -5.952 1233.16 -1090.514
v -1.561 1231.171 -1089.098
v -3.667 1233.171 -1089.513
v -1.541 1233.17 -1089.088
v 1.557 1231.17 -1089.099
v 5.962 1233.162 -1090.512
v 1.556 1233.155 -1089.099
v 9.507 1233.162 -1093.348
v 11.636 1233.164 -1096.891
v 12.343 1233.162 -1099.161
v 12.488 1233.164 -1101.428
v 11.621 1233.153 -1106.115
v 9.236 1233.171 -1109.931
v 5.936 1233.144 -1112.503
v 1.573 1231.181 -1113.904
v 3.699 1233.166 -1113.479
v 1.575 1233.168 -1113.903
v -1.547 1231.181 -1113.905
v -5.954 1233.158 -1112.492
v -1.554 1233.161 -1113.908
v -9.493 1233.162 -1109.653
v -11.611 1233.168 -1106.104
v -12.329 1233.162 -1103.84
v 12.749 1217.694 -1103.708
v 12.063 1217.709 -1106.107
v 10.362 1217.71 -1109.084
v 7.498 1217.69 -1111.934
v 3.531 1217.692 -1113.918
v -1.118 1217.714 -1114.328
v -5.942 1217.711 -1112.912
v -9.915 1217.709 -1109.652
v -12.192 1217.703 -1105.544
v -2.975 1219.121 -1099.589
v 0.007 1219.125 -1097.885
v 2.996 1219.133 -1099.581
v 2.976 1219.119 -1102.994
v -0.004 1219.117 -1104.696
v -2.975 1219.122 -1102.992
v 11.504 1234.163 -1101.424
v 10.909 1234.144 -1097.751
v 9.082 1234.155 -1094.482
v 5.661 1234.143 -1091.513
v 1.559 1234.149 -1090.09
v -1.56 1231.172 -1091.083
v 1.549 1231.164 -1091.088
v -1.568 1234.144 -1090.094
v -4.544 1234.145 -1090.944
v -7.215 1234.161 -1092.634
v -10.069 1234.148 -1096.046
v -11.495 1234.143 -1100.304
v -11.048 1234.158 -1104.688
v -9.069 1234.153 -1108.662
v -5.686 1234.14 -1111.507
v -1.543 1234.161 -1112.91
v -1.562 1231.171 -1111.927
v 1.558 1231.171 -1111.926
v 1.564 1234.153 -1112.916
v 5.088 1234.138 -1111.792
v 8.244 1234.164 -1109.505
v 10.635 1234.15 -1105.828
v -10.51 1219.107 -1101.442
v -9.788 1219.117 -1105.264
v -7.813 1219.11 -1108.53
v -4.689 1219.113 -1110.938
v -1.001 1219.114 -1111.93
v 2.987 1219.126 -1111.637
v 6.254 1219.13 -1109.933
v -9.792 1219.114 -1097.609
v -10.353 1219.118 -1099.591
v -7.808 1219.113 -1094.49
v 8.519 1219.128 -1107.524
v -4.832 1219.112 -1092.222
v 9.945 1219.134 -1104.968
v 10.346 1219.116 -1103.137
v -1.409 1219.126 -1091.078
v 10.495 1219.122 -1101.432
v 1.971 1219.11 -1091.232
v 9.93 1219.123 -1098.17
v 5.241 1219.116 -1092.503
v 8.224 1219.12 -1094.911
v 1.56 1234.15 -1111.926
v 4.675 1234.147 -1110.935
v 7.497 1234.137 -1108.815
v 9.794 1234.157 -1105.398
v 10.474 1234.136 -1101.443
v 9.905 1234.136 -1098.182
v 8.381 1234.16 -1095.045
v 1.576 1234.161 -1091.074
v 5.242 1234.146 -1092.361
v -10.506 1234.14 -1101.44
v -9.781 1234.151 -1097.604
v -7.497 1234.162 -1094.193
v -4.698 1234.136 -1092.085
v -1.553 1234.154 -1091.079
v -5.264 1234.137 -1110.659
v -8.353 1234.159 -1107.949
v -9.926 1234.149 -1104.837
v -1.576 1234.138 -1111.934
v -11.635 958.361 -1109.661
v -8.95 958.354 -1112.501
v -10.212 958.222 -1111.36
v -5.682 958.075 -1114.483
v -4.266 958.357 -1115.051
v -0.295 957.933 -1115.76
v 1.296 958.38 -1115.602
v 6.506 958.354 -1114.061
v 8.359 957.794 -1113.064
v 3.844 957.951 -1115.179
v 10.792 958.377 -1110.784
v 13.478 958.372 -1105.967
v 11.361 957.811 -1110.215
v 13.605 957.652 -1106.116
v 14.196 958.378 -1101.708
v 14.189 958.089 -1101.712
v 14.309 957.79 -1101.723
v 14.468 957.661 -1101.714
v -13.203 958.354 -1106.546
v 2.547 958.078 -1115.473
v 9.364 958.087 -1112.206
v 3.692 951.564 -1086.968
v 0.269 951.408 -1086.552
v 0.302 950.864 -1087.529
v 5.669 950.991 -1088.815
v 6.936 951.552 -1088.252
v 10.059 951.129 -1091.937
v 11.338 951.698 -1091.794
v 13.036 951.129 -1096.616
v 14.171 951.838 -1096.758
v 13.892 951.274 -1102.002
v 15.021 951.979 -1102.43
v 12.631 951.426 -1107.383
v 13.615 952.129 -1107.812
v 10.229 952.141 -1112.483
v 9.373 951.57 -1111.777
v 5.375 952.26 -1115.477
v 4.684 951.705 -1114.617
v -0.288 952.408 -1116.465
v -0.719 951.836 -1115.476
v -3.678 952.558 -1116.033
v -6.092 951.989 -1114.05
v -6.948 952.552 -1114.762
v -10.483 952.134 -1110.645
v -11.332 952.702 -1111.211
v -13.206 952.256 -1105.98
v -14.198 952.823 -1106.264
v -15.014 952.989 -1100.574
v -13.877 952.282 -1100.431
v -13.596 953.131 -1095.187
v -12.497 952.397 -1095.204
v -10.206 953.263 -1090.514
v -8.94 952.548 -1090.944
v -5.402 953.252 -1087.544
v -4.25 952.697 -1088.245
v 0.263 953.389 -1086.555
v 1.29 952.846 -1087.673
v 3.678 953.539 -1086.975
v 6.512 952.971 -1089.244
v 6.953 953.549 -1088.244
v 11.325 953.674 -1091.8
v 10.796 953.134 -1092.632
v 14.177 953.827 -1096.755
v 13.311 953.249 -1097.614
v 15.028 953.969 -1102.427
v 13.915 953.417 -1102.983
v 13.601 954.104 -1107.819
v 12.184 953.396 -1108.244
v 10.201 954.248 -1112.497
v 8.644 953.541 -1112.496
v 5.381 954.249 -1115.474
v 3.679 953.682 -1114.907
v -0.296 954.387 -1116.469
v -1.702 953.828 -1115.329
v -3.673 954.547 -1116.031
v -6.944 953.973 -1113.483
v -6.966 954.525 -1114.771
v -11.323 954.693 -1111.207
v -11.053 954.117 -1109.937
v -14.197 954.809 -1106.263
v -13.485 954.244 -1104.985
v -15.045 954.953 -1100.59
v -13.75 954.399 -1099.446
v -13.597 955.115 -1095.187
v -11.897 954.547 -1094.337
v -10.221 955.238 -1090.521
v -8.231 954.533 -1090.235
v -5.394 955.243 -1087.54
v -3.271 954.673 -1087.968
v 0.269 955.378 -1086.552
v 2.253 954.81 -1087.829
v 3.704 955.542 -1086.962
v 7.378 954.967 -1089.662
v 6.946 955.529 -1088.247
v 11.333 955.665 -1091.796
v 11.339 955.101 -1093.495
v 14.174 955.81 -1096.757
v 13.601 955.239 -1098.603
v 15.039 955.962 -1102.421
v 13.624 955.397 -1103.979
v 13.615 956.099 -1107.813
v 11.646 955.544 -1109.08
v 10.198 956.232 -1112.498
v 7.803 955.675 -1113.058
v 5.374 956.371 -1115.478
v 2.684 955.806 -1115.192
v -0.286 956.38 -1116.464
v -2.819 955.825 -1115.179
v -5.656 956.533 -1115.321
v -7.81 955.948 -1113.066
v -10.212 956.662 -1112.494
v -11.622 956.1 -1109.088
v -13.605 956.811 -1107.81
v -13.757 956.237 -1103.987
v -15.019 956.955 -1102.42
v -13.618 956.377 -1098.459
v -14.314 957.094 -1096.893
v -11.363 956.509 -1093.503
v -11.619 957.096 -1091.929
v -7.358 956.675 -1089.657
v -7.232 957.231 -1088.389
v -2.142 956.795 -1087.829
v -1.982 957.376 -1086.685
v 2.4 957.366 -1086.834
v 3.249 956.94 -1087.969
v 6.527 957.376 -1088.245
v 8.219 956.945 -1090.376
v 10.916 957.514 -1091.792
v 11.924 957.099 -1094.337
v 13.616 957.518 -1096.327
v 13.754 957.232 -1099.59
v 13.456 957.364 -1105.127
v 11.076 957.527 -1109.932
v 6.959 957.665 -1113.621
v 1.709 957.804 -1115.325
v -3.826 957.943 -1114.902
v -8.649 958.082 -1112.351
v -12.207 958.073 -1108.246
v -13.907 958.216 -1102.999
v -14.17 958.514 -1101.287
v -13.32 958.372 -1097.742
v -13.911 958.497 -1098.747
v -13.198 958.642 -1096.334
v -11.057 958.51 -1093.066
v -11.2 958.651 -1092.783
v -15.022 959.223 -1101.287
v -14.598 959.222 -1105.258
v -14.764 959.204 -1101.3
v -14.446 958.945 -1101.283
v -14.178 958.792 -1101.291
v -13.194 959.212 -1108.952
v -9.506 959.212 -1113.205
v 0.835 959.206 -1116.613
v 6.373 959.211 -1115.191
v 10.899 959.204 -1111.935
v 13.899 959.219 -1107.245
v 15.027 959.215 -1101.718
v 14.868 959.203 -1101.727
v 14.755 959.223 -1101.712
v 14.481 958.946 -1101.707
v 14.159 958.636 -1101.727
v -4.659 959.231 -1115.886
v -8.945 959.066 -1113.066
v -8.807 958.78 -1112.785
v -0.266 959.087 -1116.171
v -0.272 958.799 -1115.748
v 8.521 959.084 -1113.337
v 8.358 958.786 -1113.064
v 14.617 959.226 -1097.74
v 13.613 958.367 -1097.604
v 13.203 959.228 -1094.052
v 11.361 958.378 -1092.917
v 9.491 959.211 -1089.811
v 4.659 959.203 -1087.122
v 2.419 958.372 -1087.533
v 7.379 958.37 -1089.378
v -0.834 959.228 -1086.395
v -6.363 959.229 -1087.813
v -2.698 958.363 -1087.681
v -7.244 958.357 -1089.387
v -10.922 959.214 -1091.085
v -11.207 958.504 -1092.786
v -9.49 958.373 -1090.936
v -11.214 958.357 -1092.932
v -13.913 959.204 -1095.77
v 8.913 959.061 -1089.958
v 8.811 958.805 -1090.222
v 0.289 959.079 -1086.826
v 0.271 958.782 -1087.261
v -8.509 959.074 -1089.665
v -8.357 958.797 -1089.944
v -11.063 958.08 -1093.069
v -11.332 957.807 -1092.778
v -11.207 957.936 -1092.787
v -11.216 958.214 -1092.791
v 5.653 950.412 -1088.823
v 0.286 950.285 -1087.537
v 10.059 950.562 -1091.937
v 13.027 950.697 -1096.621
v 13.877 950.838 -1102.01
v 12.6 950.979 -1107.398
v 9.353 951.131 -1111.786
v 4.699 951.149 -1114.61
v -0.717 951.271 -1115.474
v -6.102 951.415 -1114.055
v -10.508 951.549 -1110.658
v -13.196 951.695 -1105.975
v -13.9 951.84 -1100.443
v -12.486 951.979 -1095.199
v -8.938 952.124 -1090.943
v -4.234 952.283 -1088.237
v 1.283 952.274 -1087.676
v 6.528 952.414 -1089.237
v 10.757 952.539 -1092.652
v 13.32 952.689 -1097.609
v 13.9 952.839 -1102.991
v 12.195 952.979 -1108.239
v 8.639 953.112 -1112.498
v 3.68 953.257 -1114.907
v -1.684 953.415 -1115.32
v -6.946 953.546 -1113.485
v -11.055 953.548 -1109.938
v -13.459 953.694 -1104.973
v -13.756 953.827 -1099.449
v -11.901 953.977 -1094.339
v -8.239 954.102 -1090.239
v -3.258 954.256 -1087.962
v 2.271 954.398 -1087.82
v 7.378 954.541 -1089.662
v 11.326 954.668 -1093.501
v 13.629 954.692 -1098.589
v 13.61 954.82 -1103.986
v 11.631 954.966 -1109.088
v 7.788 955.097 -1113.066
v 2.71 955.258 -1115.179
v -2.82 955.399 -1115.179
v -7.805 955.526 -1113.063
v -11.644 955.66 -1109.099
v -13.737 955.826 -1103.977
v -13.606 955.818 -1098.453
v -11.359 955.945 -1093.501
v -7.38 956.093 -1089.668
v -2.125 956.24 -1087.82
v 3.261 956.381 -1087.963
v 8.211 956.514 -1090.38
v 11.912 956.666 -1094.343
v 13.769 956.817 -1099.582
v 13.459 956.94 -1105.125
v 11.074 956.958 -1109.934
v 6.962 957.1 -1113.62
v 1.687 957.222 -1115.336
v -3.829 957.373 -1114.904
v -8.646 957.518 -1112.349
v -12.181 957.666 -1108.233
v -13.882 957.808 -1102.986
v -13.346 957.928 -1097.756
v 0.299 949.869 -1086.821
v 0.303 950.156 -1086.535
v -0.302 952.681 -1116.472
v 3.103 952.541 -1116.188
v 6.52 952.551 -1115.046
v 11.069 952.417 -1111.638
v 14.033 952.266 -1106.823
v 15.026 952.125 -1101.152
v 13.753 951.985 -1095.62
v 10.481 951.977 -1090.805
v 5.815 951.845 -1087.678
v 0.288 951.705 -1086.543
v 0.287 953.689 -1086.543
v -3.124 953.542 -1086.831
v -6.527 953.542 -1087.965
v -11.069 953.397 -1091.371
v -14.04 953.26 -1096.188
v -15.028 953.121 -1101.857
v -13.751 953.122 -1107.387
v -10.51 952.966 -1112.218
v -5.801 952.845 -1115.322
v -0.269 954.69 -1116.456
v 3.128 954.685 -1116.175
v 6.53 954.543 -1115.041
v 11.079 954.409 -1111.633
v 14.025 954.245 -1106.828
v 15.035 954.116 -1101.147
v 13.768 954.122 -1095.613
v 10.493 953.971 -1090.799
v 5.815 953.83 -1087.679
v 0.301 955.684 -1086.537
v -3.103 955.683 -1086.821
v -6.508 955.54 -1087.956
v -11.045 955.399 -1091.359
v -14.024 955.256 -1096.18
v -15.033 955.103 -1101.86
v -13.753 955.106 -1107.388
v -10.513 954.949 -1112.219
v -5.812 954.823 -1115.328
v -0.299 956.654 -1116.471
v 3.125 956.669 -1116.176
v 6.51 956.514 -1115.052
v 11.052 956.376 -1111.646
v 14.031 956.235 -1106.824
v 15.019 956.232 -1101.155
v 13.751 956.095 -1095.621
v 10.48 955.947 -1090.805
v 5.796 955.802 -1087.688
v -6.097 957.373 -1087.821
v -9.36 957.373 -1089.807
v -11.926 957.363 -1092.366
v -14.336 957.221 -1096.903
v -15.037 957.227 -1101.862
v -13.739 957.1 -1107.381
v -10.5 956.943 -1112.213
v -5.801 956.815 -1115.322
v -12.632 957.648 -1094.634
v -13.455 957.384 -1095.329
v -13.608 957.518 -1096.327
v -13.763 957.509 -1096.475
v -13.752 957.517 -1096.611
v 9.654 957.949 -1090.935
v 2.698 957.943 -1087.536
v 2.68 957.505 -1087.12
v -5.246 957.516 -1087.821
v 12.48 959.218 -1092.499
v 8.362 959.214 -1088.532
v 14.877 959.209 -1097.611
v 4.521 959.205 -1086.695
v 0.273 959.209 -1086.125
v 15.326 959.226 -1103.27
v -5.4 959.209 -1086.976
v 13.761 959.222 -1108.661
v -10.222 959.208 -1089.955
v 10.195 959.207 -1113.067
v -13.735 959.23 -1094.334
v 5.399 959.224 -1116.032
v -15.317 959.214 -1099.734
v -0.297 959.207 -1116.895
v -14.878 959.224 -1105.398
v -4.546 959.211 -1116.326
v -8.37 959.214 -1114.48
v -12.475 959.219 -1110.506
v 5.799 949.991 -1087.97
v 10.352 950.001 -1090.94
v 13.736 950.13 -1095.77
v 14.6 950.139 -1098.6
v 15.014 950.131 -1101.725
v 13.888 950.278 -1107.251
v 10.778 950.427 -1111.925
v 6.396 950.578 -1115.037
v 3.106 950.558 -1116.186
v -0.293 950.702 -1116.468
v -5.823 950.844 -1115.334
v -10.486 950.997 -1112.206
v -13.738 951.004 -1107.38
v -15.045 951.124 -1101.866
v -14.039 951.275 -1096.188
v -11.046 951.428 -1091.359
v -6.516 951.564 -1087.96
v -3.114 951.564 -1086.826
v 3.964 1217.698 -1116.466
v -0.27 1217.712 -1116.882
v 7.952 1217.71 -1114.756
v 12.201 1217.706 -1110.93
v 14.731 1217.691 -1105.978
v 15.457 1217.703 -1100.298
v 13.878 1217.689 -1094.778
v 10.632 1217.7 -1090.233
v 5.808 1217.698 -1087.257
v 0.285 1217.703 -1086.119
v -3.954 1217.713 -1086.537
v -7.938 1217.703 -1088.246
v -12.19 1217.704 -1092.073
v -14.753 1217.697 -1097.041
v -15.461 1217.698 -1102.712
v -13.91 1217.691 -1108.247
v -10.634 1217.702 -1112.776
v -5.833 1217.688 -1115.764
v -4.131 950.129 -1087.122
v -9.06 950.152 -1089.515
v -12.769 950.137 -1093.639
v -14.751 950.139 -1098.883
v -14.747 950.142 -1104.553
v -12.607 950.151 -1109.651
v -9.206 950.15 -1113.338
v -5.518 950.151 -1115.464
v -2.692 950.144 -1116.32
v -0.274 950.149 -1116.458
v 5.087 950.13 -1115.621
v 10.21 950.143 -1112.493
v 13.594 950.129 -1107.681
v 14.599 950.139 -1104.697
v 0.275 949.711 -1086.975
v 3.699 949.725 -1087.532
v 6.806 949.717 -1088.672
v 11.055 949.714 -1092.219
v 13.765 949.724 -1097.032
v 14.452 949.709 -1102.431
v 13.025 949.703 -1107.824
v 9.803 949.73 -1112.2
v 5.093 949.709 -1115.051
v -0.303 949.703 -1116.048
v -10.784 1217.697 -1092.504
v -7.224 1217.707 -1089.519
v -13.327 1217.703 -1097.179
v -3.682 1217.705 -1087.961
v -1.579 1217.689 -1087.547
v 0.276 1217.696 -1087.542
v -13.904 1217.696 -1102.572
v 5.398 1217.709 -1088.525
v -12.472 1217.706 -1107.811
v 9.635 1217.697 -1091.369
v -9.215 1217.703 -1112.067
v 12.34 1217.705 -1094.909
v -4.41 1217.692 -1114.769
v 13.756 1217.703 -1099.164
v 13.88 1217.691 -1103.284
v -0.296 1217.693 -1115.477
v 3.121 1217.703 -1115.186
v 12.779 1217.714 -1107.38
v 6.37 1217.694 -1113.916
v 10.082 1217.713 -1111.209
v -3.683 949.719 -1115.469
v -6.803 949.719 -1114.335
v -11.069 949.71 -1110.796
v -13.754 949.716 -1105.971
v -14.443 949.73 -1100.573
v -13.026 949.73 -1095.185
v -9.771 949.726 -1090.792
v -5.121 949.705 -1087.971
v -9.51 949.71 -1092.505
v -5.684 949.708 -1089.813
v -12.064 949.709 -1096.476
v -12.334 949.718 -1096.753
v -12.628 949.711 -1097.184
v -12.776 949.706 -1097.612
v -12.776 949.707 -1098.037
v -12.603 949.728 -1098.306
v -1.148 949.707 -1088.537
v -13.042 949.719 -1101.29
v -12.756 949.72 -1104.125
v -12.884 949.73 -1104.543
v 3.526 949.704 -1088.965
v -12.757 949.72 -1105.118
v -12.624 949.714 -1105.547
v -12.348 949.708 -1105.693
v 7.8 949.718 -1091.082
v -10.371 949.703 -1109.383
v 10.357 949.721 -1093.631
v -7.512 949.719 -1112.208
v 12.197 949.719 -1096.895
v 12.626 949.721 -1097.318
v 12.768 949.721 -1097.743
v 12.468 949.71 -1097.042
v 12.908 949.72 -1098.311
v -3.264 949.715 -1114.054
v 1.42 949.718 -1114.477
v 12.742 949.704 -1098.749
v 13.027 949.705 -1101.584
v 12.623 949.72 -1104.551
v 12.758 949.714 -1104.98
v 12.77 949.723 -1105.399
v 5.967 949.725 -1113.054
v 12.478 949.717 -1105.829
v 12.179 949.706 -1106.12
v 9.657 949.728 -1110.216
v -2.831 1217.138 -1114.759
v -0.273 1217.142 -1115.04
v -0.266 1217.572 -1115.32
v -5.679 1217.13 -1113.772
v -8.774 1217.147 -1111.776
v -11.482 1217.137 -1108.663
v -13.19 1217.132 -1104.271
v -13.332 1217.133 -1099.592
v -11.64 1217.126 -1094.634
v -8.238 1217.125 -1090.806
v -3.979 1217.128 -1088.535
v 0.279 1217.131 -1087.966
v 2.843 1217.14 -1088.243
v 5.534 1217.138 -1089.237
v 9.909 1217.123 -1092.367
v 12.603 1217.123 -1096.904
v 13.466 1217.132 -1101.719
v 13.196 1217.283 -1104.69
v 12.35 1217.287 -1107.239
v 9.209 1217.413 -1111.646
v 4.832 1217.426 -1114.331
v -11.352 965.733 -1107.96
v -12.332 965.742 -1105.685
v -9.784 965.739 -1110.083
v -6.791 965.75 -1112.627
v -2.978 965.739 -1114.195
v 1.851 965.744 -1114.332
v 6.666 965.74 -1112.634
v 10.194 965.729 -1109.665
v 12.196 965.741 -1106.111
v 13.028 965.727 -1101.583
v 12.62 965.74 -1104.552
v 12.741 965.725 -1098.749
v 11.196 965.735 -1094.914
v 12.204 965.746 -1096.891
v 9.785 965.74 -1092.925
v 6.806 965.739 -1090.515
v 3.126 965.744 -1088.811
v -1.576 965.727 -1088.68
v -6.383 965.737 -1090.233
v -9.942 965.728 -1093.218
v -12.05 965.74 -1096.47
v -13.055 965.732 -1101.296
v -12.621 965.738 -1098.315
v -12.753 965.745 -1104.123
v -0.291 1215.712 -1115.049
v -0.277 1216.147 -1115.042
v -4.405 1215.852 -1114.199
v -8.227 1215.856 -1112.211
v -11.051 1216.006 -1109.227
v -13.05 1216.139 -1105.264
v -13.48 1216.135 -1100.871
v -12.464 1216.294 -1096.18
v -9.341 1216.438 -1091.783
v -4.946 1216.579 -1088.947
v 0.295 1216.717 -1087.958
v -0.281 1216.853 -1116.036
v -0.293 1216.986 -1116.042
v 3.243 1216.696 -1088.398
v 6.232 1216.847 -1089.526
v 9.92 1216.989 -1092.361
v 12.609 1217.127 -1096.759
v 5.24 1216.989 -1115.048
v 10.067 1216.851 -1112.068
v 13.332 1216.712 -1107.529
v 14.608 1216.57 -1101.999
v 13.747 1216.421 -1096.474
v 10.777 1216.284 -1091.649
v 6.245 1216.147 -1088.385
v 0.721 1216.15 -1086.965
v -4.823 1215.999 -1087.68
v -9.648 1215.854 -1090.519
v -13.039 1215.721 -1095.05
v -14.587 1215.587 -1100.432
v -13.878 1215.446 -1105.962
v -11.075 1215.281 -1110.941
v -6.684 1215.136 -1114.488
v -1.265 1215.157 -1116.032
v 4.258 1215.011 -1115.468
v 3.831 1215.577 -1114.477
v 7.382 1215.44 -1112.772
v 9.236 1214.88 -1112.767
v 10.937 1215.446 -1109.364
v 12.901 1214.723 -1108.382
v 13.039 1215.287 -1104.981
v 14.483 1214.597 -1103.125
v 13.47 1215.15 -1100.157
v 14.045 1214.446 -1097.459
v 12.048 1215.005 -1095.48
v 11.482 1214.297 -1092.502
v 9.091 1214.877 -1091.5
v 7.212 1214.144 -1088.823
v 4.945 1214.854 -1088.965
v 1.862 1214.171 -1086.961
v 0.268 1214.714 -1087.971
v -3.849 1214.001 -1087.406
v -3.823 1214.586 -1088.527
v -7.374 1214.44 -1090.232
v -8.793 1213.872 -1089.949
v -10.908 1214.448 -1093.63
v -12.628 1213.726 -1094.064
v -13.063 1214.286 -1098.04
v -14.452 1213.598 -1099.443
v -13.477 1214.152 -1102.855
v -14.195 1213.437 -1104.986
v -12.032 1214.029 -1107.52
v -11.772 1213.304 -1110.084
v -9.059 1213.884 -1111.493
v -7.661 1213.161 -1113.913
v -4.953 1213.88 -1114.048
v -2.43 1213.151 -1115.905
v -0.287 1213.729 -1115.047
v 3.252 1213.016 -1115.759
v 3.809 1213.576 -1114.488
v 8.379 1212.89 -1113.479
v 7.355 1213.435 -1112.786
v 10.937 1213.462 -1109.364
v 12.32 1212.728 -1109.381
v 13.042 1213.304 -1104.98
v 14.329 1212.603 -1104.123
v 13.464 1213.16 -1100.16
v 14.326 1212.46 -1098.453
v 12.064 1213.031 -1095.472
v 12.07 1212.326 -1093.342
v 9.089 1212.891 -1091.5
v 8.079 1212.312 -1089.382
v 4.944 1212.726 -1088.965
v 2.841 1212.175 -1087.252
v 0.272 1212.731 -1087.969
v -2.686 1212.036 -1087.108
v -3.827 1212.599 -1088.529
v -7.957 1211.877 -1089.247
v -7.368 1212.459 -1090.229
v -10.9 1212.327 -1093.626
v -12.062 1211.74 -1093.214
v -13.043 1212.315 -1098.029
v -14.182 1211.603 -1098.315
v -13.479 1212.166 -1102.856
v -14.332 1211.455 -1103.991
v -12.061 1212.024 -1107.534
v -12.333 1211.324 -1109.23
v -9.064 1211.896 -1111.495
v -8.51 1211.32 -1113.345
v -4.98 1211.735 -1114.061
v -3.398 1211.183 -1115.751
v -0.278 1211.751 -1115.042
v 2.252 1211.026 -1115.904
v 3.813 1211.594 -1114.486
v 7.5 1210.885 -1114.06
v 7.358 1211.453 -1112.784
v 11.631 1210.757 -1110.222
v 10.902 1211.31 -1109.382
v 14.193 1210.622 -1105.113
v 13.034 1211.314 -1104.983
v 13.464 1211.175 -1100.16
v 14.474 1210.479 -1099.584
v 12.035 1211.025 -1095.487
v 12.624 1210.332 -1094.2
v 9.093 1210.909 -1091.499
v 8.942 1210.335 -1089.944
v 4.982 1210.767 -1088.946
v 3.969 1210.186 -1087.397
v 0.283 1210.754 -1087.963
v -1.703 1210.044 -1086.971
v -3.823 1210.616 -1088.528
v -7.08 1209.91 -1088.809
v -7.365 1210.476 -1090.228
v -11.357 1209.752 -1092.365
v -10.905 1210.337 -1093.628
v -14.048 1209.612 -1097.327
v -13.059 1210.319 -1098.037
v -14.46 1209.48 -1102.992
v -13.455 1210.197 -1102.844
v -12.054 1210.044 -1107.531
v -12.901 1209.338 -1108.38
v -9.076 1209.902 -1111.501
v -9.349 1209.343 -1112.63
v -4.951 1209.77 -1114.047
v -4.402 1209.19 -1115.474
v -0.288 1209.617 -1115.047
v 1.143 1209.059 -1116.033
v 3.831 1209.622 -1114.477
v 6.676 1208.919 -1114.472
v 7.356 1209.466 -1112.785
v 11.066 1208.774 -1111.072
v 10.918 1209.336 -1109.373
v 13.765 1208.635 -1106.107
v 13.061 1209.348 -1104.97
v 14.585 1208.472 -1100.592
v 13.46 1209.188 -1100.162
v 13.194 1208.491 -1095.19
v 12.07 1209.065 -1095.469
v 9.768 1208.333 -1090.665
v 9.069 1208.907 -1091.511
v 4.957 1208.765 -1088.958
v 4.944 1208.189 -1087.831
v 0.298 1208.637 -1087.956
v -0.57 1208.058 -1086.972
v -3.813 1208.638 -1088.522
v -6.096 1207.919 -1088.246
v -7.357 1208.497 -1090.224
v -10.622 1207.785 -1091.502
v -10.919 1208.343 -1093.635
v -13.615 1207.633 -1096.33
v -13.059 1208.192 -1098.038
v -14.613 1207.487 -1101.863
v -13.484 1208.192 -1102.858
v -13.345 1207.482 -1107.397
v -12.048 1208.063 -1107.528
v -10.069 1207.35 -1111.926
v -9.086 1207.91 -1111.506
v -5.379 1207.216 -1115.04
v -4.971 1207.771 -1114.057
v -0.291 1207.629 -1115.049
v 0.149 1207.072 -1116.034
v 3.834 1207.639 -1114.475
v 5.682 1206.933 -1114.898
v 7.361 1207.484 -1112.783
v 10.369 1206.797 -1111.775
v 10.914 1207.349 -1109.375
v 13.489 1206.655 -1107.095
v 13.026 1207.196 -1104.987
v 14.595 1206.494 -1101.721
v 13.468 1207.208 -1100.158
v 13.594 1206.488 -1096.196
v 12.046 1207.063 -1095.481
v 10.49 1206.357 -1091.367
v 9.09 1206.936 -1091.5
v 5.937 1206.204 -1088.114
v 4.964 1206.785 -1088.955
v 0.412 1206.066 -1086.977
v 0.287 1206.645 -1087.961
v -3.837 1206.636 -1088.534
v -5.101 1205.936 -1087.82
v -7.363 1206.508 -1090.227
v -9.91 1205.802 -1090.791
v -10.917 1206.359 -1093.634
v -13.173 1205.659 -1095.329
v -13.06 1206.206 -1098.038
v -14.596 1205.514 -1100.862
v -13.465 1206.22 -1102.849
v -13.752 1205.509 -1106.395
v -12.044 1206.081 -1107.526
v -10.917 1205.367 -1111.216
v -9.066 1205.939 -1111.496
v -6.37 1205.232 -1114.614
v -4.943 1205.805 -1114.043
v -1.007 1205.072 -1116.045
v -0.271 1205.659 -1115.039
v 4.694 1204.951 -1115.321
v 7.358 1205.497 -1112.784
v 3.811 1205.638 -1114.487
v 9.501 1204.799 -1112.493
v 10.938 1205.38 -1109.364
v 13.064 1204.67 -1108.088
v 13.045 1205.224 -1104.978
v 14.449 1204.506 -1102.716
v 13.457 1205.073 -1100.164
v 13.877 1204.503 -1097.189
v 12.06 1205.088 -1095.474
v 11.19 1204.366 -1092.223
v 9.062 1204.932 -1091.514
v 6.792 1204.222 -1088.679
v 4.967 1204.802 -1088.953
v 1.416 1204.089 -1086.971
v 0.3 1204.669 -1087.955
v -4.13 1203.936 -1087.547
v -3.84 1204.649 -1088.536
v -7.358 1204.526 -1090.224
v -9.073 1203.807 -1090.089
v -10.918 1204.373 -1093.635
v -12.751 1203.672 -1094.48
v -13.035 1204.239 -1098.025
v -14.46 1203.666 -1099.731
v -13.46 1204.097 -1102.846
v -14.051 1203.513 -1105.41
v -12.064 1204.082 -1107.536
v -11.485 1203.381 -1110.366
v -9.088 1203.939 -1111.507
v -7.386 1203.23 -1114.059
v -4.951 1203.814 -1114.047
v -1.995 1203.091 -1115.901
v -0.279 1203.668 -1115.043
v 3.536 1202.95 -1115.617
v 3.81 1203.51 -1114.487
v 7.387 1203.532 -1112.77
v 8.641 1202.808 -1113.206
v 10.928 1203.388 -1109.368
v 12.477 1202.672 -1109.09
v 13.029 1203.228 -1104.986
v 14.458 1202.668 -1103.846
v 13.466 1203.095 -1100.159
v 14.167 1202.522 -1098.178
v 12.058 1203.101 -1095.475
v 11.905 1202.384 -1093.07
v 9.062 1202.947 -1091.514
v 7.812 1202.256 -1089.232
v 4.947 1202.803 -1088.964
v 2.541 1202.097 -1087.118
v 0.272 1202.664 -1087.969
v -3.136 1201.951 -1087.262
v -3.842 1202.52 -1088.537
v -8.235 1201.813 -1089.528
v -7.354 1202.544 -1090.222
v -10.938 1202.375 -1093.645
v -12.189 1201.683 -1093.49
v -13.038 1202.251 -1098.027
v -14.319 1201.681 -1098.738
v -13.458 1202.113 -1102.845
v -14.336 1201.527 -1104.419
v -12.044 1202.11 -1107.526
v -12.204 1201.389 -1109.52
v -9.058 1201.975 -1111.492
v -8.236 1201.246 -1113.491
v -4.955 1201.826 -1114.049
v -2.98 1201.11 -1115.755
v -0.299 1201.668 -1115.053
v 2.535 1200.958 -1115.905
v 3.843 1201.548 -1114.471
v 7.816 1200.841 -1113.76
v 7.356 1201.526 -1112.785
v 11.909 1200.686 -1109.942
v 10.905 1201.387 -1109.38
v 13.033 1201.246 -1104.984
v 14.17 1200.68 -1104.841
v 13.465 1201.109 -1100.159
v 14.459 1200.543 -1099.166
v 12.044 1200.964 -1095.482
v 12.465 1200.394 -1093.925
v 9.079 1200.973 -1091.506
v 8.634 1200.251 -1089.814
v 4.945 1200.816 -1088.964
v 3.551 1200.124 -1087.393
v 0.299 1200.698 -1087.956
v -1.992 1199.973 -1087.116
v -3.828 1200.546 -1088.53
v -7.372 1199.837 -1088.955
v -7.393 1200.531 -1090.242
v -11.616 1199.844 -1092.637
v -10.937 1200.39 -1093.644
v -14.057 1199.681 -1097.615
v -13.037 1200.267 -1098.026
v -13.483 1200.111 -1102.857
v -14.446 1199.564 -1103.268
v -12.068 1199.967 -1107.538
v -12.781 1199.397 -1108.674
v -9.062 1199.987 -1111.494
v -9.088 1199.26 -1112.925
v -4.943 1199.85 -1114.043
v -4.095 1199.139 -1115.462
v -0.278 1199.699 -1115.042
v 1.573 1198.995 -1116.031
v 3.82 1199.547 -1114.482
v 6.932 1198.833 -1114.344
v 7.358 1199.542 -1112.784
v 11.207 1198.847 -1110.789
v 10.922 1199.414 -1109.372
v 13.906 1198.709 -1105.823
v 13.025 1199.255 -1104.988
v 14.479 1198.571 -1100.291
v 13.475 1199.131 -1100.155
v 13.054 1198.424 -1094.906
v 12.035 1198.973 -1095.487
v 9.068 1198.981 -1091.511
v 9.487 1198.267 -1090.38
v 4.968 1198.847 -1088.953
v 4.547 1198.142 -1087.675
v 0.265 1198.689 -1087.972
v -0.984 1197.999 -1086.966
v -3.808 1198.574 -1088.52
v -6.373 1197.857 -1088.384
v -7.367 1198.565 -1090.228
v -10.921 1197.849 -1091.793
v -10.919 1198.417 -1093.635
v -13.771 1197.697 -1096.621
v -13.027 1198.289 -1098.021
v -14.62 1197.556 -1102.292
v -13.457 1198.144 -1102.845
v -13.183 1197.428 -1107.67
v -12.046 1197.998 -1107.527
v -9.935 1197.277 -1112.214
v -9.085 1197.844 -1111.506
v -4.975 1197.842 -1114.059
v -5.095 1197.149 -1115.182
v -0.298 1197.699 -1115.052
v 0.419 1196.996 -1116.041
v 3.816 1197.559 -1114.484
v 5.967 1196.867 -1114.755
v 7.357 1197.415 -1112.784
v 10.496 1196.861 -1111.64
v 10.924 1197.43 -1109.371
v 13.599 1196.708 -1106.828
v 13.063 1197.297 -1104.969
v 14.604 1196.575 -1101.291
v 13.474 1197.145 -1100.155
v 13.484 1196.443 -1095.755
v 12.054 1197.002 -1095.477
v 10.219 1196.299 -1091.077
v 9.076 1196.859 -1091.507
v 5.519 1196.142 -1087.969
v 4.961 1196.858 -1088.956
v 0.271 1196.708 -1087.969
v -0.005 1196.005 -1086.973
v -3.848 1196.561 -1088.54
v -5.541 1195.858 -1087.969
v -7.391 1196.421 -1090.24
v -10.215 1195.862 -1091.085
v -10.912 1196.437 -1093.632
v -13.318 1195.732 -1095.756
v -13.063 1196.279 -1098.039
v -14.588 1195.594 -1101.141
v -13.464 1196.154 -1102.848
v -13.594 1195.453 -1106.671
v -12.055 1196.006 -1107.532
v -10.635 1195.298 -1111.501
v -9.085 1195.859 -1111.506
v -6.082 1195.168 -1114.754
v -4.953 1195.873 -1114.048
v -0.57 1195.014 -1116.039
v -0.303 1195.711 -1115.055
v 3.839 1195.59 -1114.473
v 4.98 1195.027 -1115.178
v 7.357 1195.43 -1112.784
v 9.767 1194.862 -1112.359
v 10.913 1195.437 -1109.376
v 13.195 1194.738 -1107.809
v 13.031 1195.289 -1104.985
v 14.596 1194.584 -1102.43
v 13.452 1195.144 -1100.166
v 13.773 1194.462 -1096.744
v 12.043 1195.009 -1095.483
v 10.922 1194.309 -1091.931
v 9.055 1194.86 -1091.517
v 6.503 1194.151 -1088.54
v 4.962 1194.873 -1088.956
v 1.134 1194.023 -1086.971
v 0.297 1194.741 -1087.956
v -4.547 1194.016 -1087.685
v -7.389 1194.437 -1090.24
v -3.832 1194.588 -1088.532
v -9.36 1193.88 -1090.374
v -10.924 1194.444 -1093.638
v -12.899 1193.742 -1094.767
v -13.048 1194.304 -1098.032
v -14.463 1193.597 -1100.157
v -13.478 1194.159 -1102.855
v -13.907 1193.447 -1105.693
v -12.059 1194.018 -1107.534
v -11.33 1193.323 -1110.643
v -9.056 1193.894 -1111.491
v -7.103 1193.163 -1114.343
v -4.965 1193.738 -1114.054
v -1.705 1193.027 -1116.04
v -0.286 1193.738 -1115.046
v 3.988 1193.043 -1115.462
v 3.813 1193.586 -1114.486
v 7.372 1193.454 -1112.777
v 8.937 1192.891 -1113.058
v 10.906 1193.306 -1109.379
v 12.62 1192.747 -1108.664
v 13.05 1193.317 -1104.976
v 14.464 1192.606 -1103.418
v 13.456 1193.162 -1100.164
v 14.018 1192.449 -1097.756
v 12.064 1193.039 -1095.472
v 11.642 1192.332 -1092.777
v 9.081 1192.893 -1091.505
v 7.522 1192.184 -1088.952
v 4.957 1192.743 -1088.958
v 2.131 1192.041 -1087.11
v 0.298 1192.757 -1087.956
v -3.384 1192.051 -1087.387
v -3.824 1192.608 -1088.528
v -8.521 1191.886 -1089.672
v -7.391 1192.451 -1090.24
v -10.938 1192.308 -1093.645
v -12.33 1191.758 -1093.774
v -13.037 1192.327 -1098.027
v -14.305 1191.623 -1099.015
v -13.464 1192.184 -1102.848
v -14.195 1191.459 -1104.703
v -12.043 1192.044 -1107.525
v -11.922 1191.321 -1109.805
v -9.065 1191.903 -1111.496
v -7.932 1191.193 -1113.765
v -4.953 1191.761 -1114.048
v -2.698 1191.042 -1115.898
v -0.294 1191.747 -1115.05
v 2.997 1191.059 -1115.744
v 3.842 1191.622 -1114.471
v 8.07 1190.895 -1113.633
v 7.354 1191.457 -1112.786
v 10.911 1191.324 -1109.377
v 12.045 1190.756 -1109.661
v 13.047 1191.33 -1104.977
v 14.333 1190.628 -1104.405
v 13.464 1191.183 -1100.16
v 14.33 1190.484 -1098.876
v 12.045 1191.04 -1095.481
v 12.181 1190.327 -1093.641
v 9.062 1190.894 -1091.514
v 8.369 1190.197 -1089.521
v 4.976 1190.771 -1088.949
v 3.267 1190.199 -1087.251
v 0.273 1190.612 -1087.968
v -2.421 1190.045 -1087.118
v -3.828 1190.62 -1088.53
v -7.671 1189.901 -1089.104
v -7.367 1190.483 -1090.228
v -11.762 1189.774 -1092.923
v -10.923 1190.333 -1093.637
v -13.033 1190.344 -1098.025
v -14.191 1189.619 -1098.036
v -13.456 1190.205 -1102.844
v -14.47 1189.48 -1103.705
v -12.067 1190.042 -1107.538
v -12.487 1189.337 -1108.953
v -9.064 1189.918 -1111.495
v -8.801 1189.195 -1113.207
v -4.947 1189.78 -1114.045
v -3.684 1189.203 -1115.611
v -0.29 1189.622 -1115.049
v 1.832 1189.052 -1115.902
v 3.843 1189.638 -1114.471
v 7.229 1188.916 -1114.196
v 7.37 1189.484 -1112.778
v 11.484 1188.776 -1110.508
v 10.903 1189.333 -1109.381
v 14.052 1188.645 -1105.538
v 13.047 1189.203 -1104.977
v 14.453 1188.486 -1099.879
v 13.474 1189.204 -1100.155
v 12.068 1189.071 -1095.47
v 12.757 1188.348 -1094.487
v 9.074 1188.918 -1091.508
v 9.223 1188.214 -1090.229
v 4.96 1188.774 -1088.957
v 4.243 1188.202 -1087.543
v 0.266 1188.623 -1087.972
v -1.278 1188.066 -1086.972
v -2.535 1188.647 -1088.238
v -6.82 1187.916 -1088.537
v -5.393 1188.49 -1089.1
v -9.628 1188.502 -1091.926
v -11.197 1187.787 -1092.073
v -12.463 1188.362 -1096.321
v -13.631 1187.629 -1096.338
v -13.487 1188.197 -1101.3
v -14.624 1187.487 -1101.301
v -9.641 968.717 -1109.799
v -11.055 968.72 -1107.812
v -12.043 968.723 -1105.824
v -6.792 968.727 -1112.344
v -3.135 968.706 -1113.919
v 1.556 968.714 -1114.196
v 6.381 968.717 -1112.635
v 9.908 968.705 -1109.666
v 11.919 968.723 -1106.25
v 12.753 1187.92 -1104.84
v 12.624 1187.929 -1105.543
v 12.468 1187.919 -1105.834
v 12.781 1187.94 -1105.251
v 12.766 1187.787 -1104.692
v 12.618 1187.641 -1104.553
v 12.202 1187.648 -1106.108
v 12.608 1177.709 -1104.558
v 12.197 1177.719 -1106.111
v 12.748 1073.208 -1105.41
v 11.778 1177.724 -1106.249
v 11.773 968.72 -1106.252
v 12.778 967.169 -1105.395
v 12.495 968.729 -1104.26
v 12.624 968.72 -1105.543
v 12.485 1125.401 -1104.265
v 11.619 968.711 -1103.848
v 11.642 1177.727 -1103.836
v 12.47 1020.891 -1104.273
v 12.605 1151.617 -1105.552
v 12.762 1151.628 -1105.403
v 12.623 994.809 -1105.544
v 12.613 994.802 -1105.548
v 12.46 1164.66 -1104.278
v 12.458 981.748 -1104.279
v 12.613 1171.19 -1105.548
v 12.773 1171.203 -1105.256
v 12.62 975.24 -1105.545
v 12.603 975.228 -1105.553
v 12.484 1174.46 -1104.266
v 12.055 1177.719 -1103.984
v 12.488 971.985 -1104.264
v 11.91 968.717 -1103.844
v 12.635 1176.027 -1105.537
v 12.781 1176.029 -1105.251
v 12.344 1177.722 -1104.123
v 12.627 970.282 -1105.541
v 12.608 970.268 -1105.551
v 12.192 968.715 -1103.986
v -12.753 1187.931 -1105.258
v -12.91 1187.921 -1104.981
v -12.898 1187.929 -1104.55
v -12.483 1187.922 -1105.548
v -12.777 1187.631 -1104.135
v -12.487 1187.777 -1105.692
v -12.345 1187.636 -1105.691
v -12.76 1177.717 -1104.127
v -12.355 1177.703 -1105.697
v -12.778 1073.205 -1104.986
v -12.046 968.721 -1105.967
v -12.036 1177.728 -1105.962
v -12.774 967.148 -1104.984
v -12.622 968.715 -1103.845
v -12.762 968.716 -1105.12
v -12.496 1020.883 -1103.853
v -11.767 1177.718 -1103.418
v -11.756 968.726 -1103.412
v -12.478 1125.396 -1103.844
v -12.914 1151.62 -1104.842
v -12.201 1177.712 -1103.564
v -12.481 1177.715 -1103.703
v -12.779 1151.615 -1105.128
v -12.777 994.795 -1105.128
v -12.76 994.807 -1105.119
v -12.621 981.761 -1103.844
v -12.749 975.248 -1105.114
v -12.76 975.24 -1105.119
v -12.624 971.975 -1103.846
v -12.055 968.715 -1103.42
v -12.78 970.263 -1105.129
v -12.34 968.714 -1103.704
v -12.743 970.289 -1105.111
v 12.462 968.706 -1098.889
v 12.762 968.718 -1101.574
v 12.76 1188.067 -1097.464
v 12.913 1188.074 -1097.884
v 12.908 1187.929 -1098.311
v 12.614 1187.922 -1097.324
v 12.766 1187.645 -1098.737
v 12.344 1187.79 -1097.033
v 12.184 1187.635 -1096.901
v 12.773 1177.725 -1098.733
v 12.181 1177.708 -1096.903
v 12.77 1073.223 -1097.742
v 11.914 968.719 -1096.752
v 11.908 1177.715 -1096.755
v 12.758 967.155 -1097.748
v 11.93 968.73 -1096.744
v 12.742 968.703 -1097.615
v 12.471 1020.891 -1098.884
v 11.783 1177.727 -1099.299
v 11.756 968.708 -1099.313
v 12.486 1125.402 -1098.877
v 12.768 1151.632 -1097.601
v 12.766 1151.631 -1097.744
v 12.75 994.799 -1097.61
v 12.759 994.805 -1097.606
v 12.467 1164.665 -1098.886
v 12.612 981.756 -1098.885
v 12.741 981.747 -1098.607
v 12.755 1171.19 -1097.608
v 12.747 1171.185 -1097.754
v 12.637 975.252 -1097.454
v 12.638 975.252 -1097.454
v 12.466 1174.448 -1098.887
v 12.037 1177.706 -1099.314
v 12.617 971.976 -1098.741
v 12.041 968.709 -1099.312
v 12.346 968.724 -1099.16
v 12.771 971.985 -1098.592
v 12.758 1176.013 -1097.748
v 12.463 1177.707 -1099.03
v 12.755 1176.011 -1097.608
v 12.63 970.284 -1097.316
v 12.609 970.269 -1097.326
v 10.488 968.714 -1094.062
v 8.095 968.726 -1091.501
v 3.683 968.714 -1089.241
v -1.437 968.703 -1088.823
v -6.079 968.73 -1090.222
v -9.643 968.716 -1093.068
v -11.787 968.704 -1096.48
v -12.765 1187.923 -1097.749
v -12.606 1188.077 -1097.031
v -12.319 1187.938 -1096.745
v -12.767 1188.063 -1097.466
v -12.62 1187.784 -1098.031
v -12.637 1187.63 -1098.323
v -12.059 1187.638 -1096.474
v -12.606 1177.726 -1098.307
v -12.055 1177.715 -1096.472
v -12.611 1073.223 -1097.317
v -11.768 1177.718 -1096.47
v -11.775 968.713 -1096.474
v -12.608 967.165 -1097.316
v -12.466 968.725 -1098.45
v -12.623 968.714 -1097.181
v -12.468 1020.903 -1098.451
v -11.632 968.713 -1099.025
v -11.645 1177.704 -1099.032
v -12.474 1125.399 -1098.454
v -12.626 1151.622 -1097.183
v -12.611 1151.633 -1097.317
v -12.615 994.81 -1097.177
v -12.638 994.793 -1097.189
v -12.466 1164.68 -1098.45
v -12.62 981.761 -1098.172
v -12.486 981.756 -1098.46
v -12.601 1171.207 -1097.17
v -12.608 1171.203 -1097.315
v -12.488 975.232 -1097.043
v -12.488 975.232 -1097.043
v -12.462 1174.466 -1098.448
v -12.052 1177.717 -1098.881
v -12.602 971.99 -1098.163
v -12.463 971.988 -1098.306
v -11.92 968.71 -1098.886
v -12.201 968.712 -1098.743
v -12.63 1176.008 -1097.185
v -12.617 1176.017 -1097.32
v -12.327 1177.723 -1098.593
v -12.458 970.29 -1096.886
v -12.488 970.269 -1096.901
v -12.769 968.711 -1101.295
v 0.275 1215.143 -1087.968
v 5.373 1215.281 -1089.105
v 9.772 1215.425 -1092.081
v 12.628 1215.581 -1096.608
v 13.48 1215.724 -1101.287
v 12.92 1215.729 -1105.678
v 10.764 1215.85 -1109.663
v 7.788 1215.993 -1112.498
v 3.954 1216.131 -1114.344
v -0.293 1214.15 -1115.05
v -5.38 1214.304 -1113.907
v -9.791 1214.435 -1110.937
v -12.601 1214.595 -1106.387
v -13.473 1214.722 -1101.718
v -12.885 1214.737 -1097.312
v -10.765 1214.874 -1093.345
v -7.809 1215 -1090.521
v -3.966 1215.152 -1088.67
v 0.275 1213.159 -1087.967
v 5.406 1213.319 -1089.089
v 9.773 1213.441 -1092.08
v 12.612 1213.585 -1096.616
v 13.473 1213.734 -1101.29
v 12.914 1213.739 -1105.682
v 10.761 1213.863 -1109.664
v 7.791 1214.01 -1112.496
v 3.983 1214.166 -1114.33
v -0.304 1212.158 -1115.055
v -5.379 1212.32 -1113.906
v -9.777 1212.461 -1110.93
v -12.633 1212.588 -1106.403
v -13.489 1212.726 -1101.726
v -12.906 1212.737 -1097.323
v -10.777 1212.88 -1093.352
v -7.818 1213.009 -1090.525
v -3.982 1213.015 -1088.678
v 0.3 1211.191 -1087.955
v 5.401 1211.331 -1089.091
v 9.777 1211.459 -1092.078
v 12.637 1211.617 -1096.603
v 13.467 1211.744 -1101.293
v 12.919 1211.758 -1105.679
v 10.78 1211.891 -1109.655
v 7.818 1212.044 -1112.483
v 3.982 1212.038 -1114.331
v -0.275 1210.193 -1115.041
v -5.373 1210.34 -1113.903
v -9.774 1210.477 -1110.928
v -12.618 1210.614 -1106.395
v -13.458 1210.621 -1101.711
v -12.907 1210.751 -1097.323
v -10.793 1210.884 -1093.36
v -7.813 1211.028 -1090.522
v -3.971 1211.037 -1088.672
v 0.274 1209.188 -1087.968
v 5.387 1209.335 -1089.098
v 9.765 1209.465 -1092.084
v 12.625 1209.624 -1096.61
v 13.484 1209.629 -1101.285
v 12.886 1209.75 -1105.695
v 10.763 1209.894 -1109.664
v 7.805 1210.049 -1112.49
v 3.963 1210.04 -1114.34
v -0.279 1208.205 -1115.043
v -5.392 1208.341 -1113.913
v -9.767 1208.497 -1110.925
v -12.619 1208.627 -1106.396
v -13.473 1208.625 -1101.718
v -12.887 1208.78 -1097.313
v -10.786 1208.904 -1093.356
v -7.816 1209.04 -1090.524
v -3.978 1209.047 -1088.676
v 0.281 1207.208 -1087.964
v 5.371 1207.339 -1089.106
v 9.788 1207.496 -1092.073
v 12.636 1207.646 -1096.604
v 13.488 1207.647 -1101.283
v 12.913 1207.784 -1105.682
v 10.771 1207.915 -1109.66
v 7.788 1207.911 -1112.498
v 3.96 1208.053 -1114.341
v -0.285 1206.216 -1115.046
v -5.403 1206.348 -1113.918
v -9.769 1206.51 -1110.926
v -12.614 1206.504 -1106.393
v -13.48 1206.635 -1101.722
v -12.906 1206.782 -1097.323
v -10.773 1206.928 -1093.35
v -7.819 1206.912 -1090.525
v -3.955 1207.078 -1088.665
v 0.303 1205.238 -1087.953
v 5.404 1205.377 -1089.089
v 9.772 1205.5 -1092.081
v 12.629 1205.515 -1096.607
v 13.476 1205.654 -1101.288
v 12.901 1205.79 -1105.688
v 10.78 1205.936 -1109.655
v 7.813 1205.943 -1112.486
v 3.988 1206.087 -1114.327
v -0.297 1204.222 -1115.052
v -5.372 1204.385 -1113.903
v -9.767 1204.385 -1110.925
v -12.602 1204.527 -1106.387
v -13.468 1204.659 -1101.716
v -12.883 1204.813 -1097.311
v -10.762 1204.951 -1093.344
v -7.817 1204.928 -1090.525
v -3.957 1205.092 -1088.665
v 0.302 1203.252 -1087.954
v 5.383 1203.378 -1089.1
v 9.799 1203.392 -1092.067
v 12.629 1203.53 -1096.607
v 13.452 1203.652 -1101.3
v 12.914 1203.814 -1105.681
v 10.766 1203.941 -1109.662
v 7.808 1203.955 -1112.488
v 3.966 1204.087 -1114.338
v -0.281 1202.249 -1115.044
v -5.404 1202.236 -1113.919
v -9.77 1202.398 -1110.927
v -12.601 1202.543 -1106.386
v -13.475 1202.669 -1101.719
v -12.897 1202.818 -1097.318
v -10.758 1202.968 -1093.342
v -7.801 1202.954 -1090.517
v -3.989 1203.084 -1088.682
v 0.269 1201.244 -1087.971
v 5.406 1201.267 -1089.089
v 9.766 1201.384 -1092.084
v 12.617 1201.536 -1096.613
v 13.46 1201.673 -1101.296
v 12.914 1201.829 -1105.681
v 10.791 1201.832 -1109.65
v 7.802 1201.966 -1112.491
v 3.975 1202.108 -1114.334
v -0.269 1200.13 -1115.038
v -5.372 1200.273 -1113.903
v -9.786 1200.402 -1110.934
v -12.612 1200.55 -1106.392
v -13.456 1200.697 -1101.71
v -12.91 1200.824 -1097.325
v -10.766 1200.836 -1093.346
v -7.817 1200.957 -1090.525
v -3.968 1201.114 -1088.671
v 0.272 1199.12 -1087.969
v 5.403 1199.279 -1089.09
v 9.766 1199.399 -1092.084
v 12.634 1199.563 -1096.605
v 13.461 1199.688 -1101.296
v 12.885 1199.824 -1105.696
v 10.771 1199.832 -1109.66
v 7.812 1199.987 -1112.486
v 3.986 1200.131 -1114.328
v -0.277 1198.139 -1115.042
v -5.404 1198.265 -1113.919
v -9.789 1198.415 -1110.936
v -12.605 1198.57 -1106.389
v -13.469 1198.703 -1101.716
v -12.912 1198.838 -1097.326
v -10.756 1198.857 -1093.341
v -7.78 1198.999 -1090.506
v -3.957 1199.137 -1088.665
v 0.269 1197.132 -1087.97
v 5.408 1197.298 -1089.088
v 9.8 1197.437 -1092.067
v 12.619 1197.567 -1096.613
v 13.469 1197.709 -1101.292
v 12.915 1197.86 -1105.681
v 10.79 1197.861 -1109.65
v 7.785 1197.983 -1112.5
v 3.962 1198.129 -1114.34
v -0.272 1196.157 -1115.04
v -5.378 1196.299 -1113.906
v -9.798 1196.423 -1110.94
v -12.61 1196.581 -1106.391
v -13.456 1196.727 -1101.71
v -12.893 1196.724 -1097.316
v -10.794 1196.846 -1093.36
v -7.78 1197.013 -1090.506
v -3.968 1197.144 -1088.671
v 0.294 1195.165 -1087.958
v 5.398 1195.306 -1089.093
v 9.799 1195.452 -1092.067
v 12.601 1195.57 -1096.622
v 13.474 1195.727 -1101.29
v 12.912 1195.73 -1105.683
v 10.79 1195.876 -1109.65
v 7.814 1196.019 -1112.485
v 3.966 1196.146 -1114.339
v -0.287 1194.162 -1115.047
v -5.371 1194.319 -1113.902
v -9.784 1194.448 -1110.933
v -12.624 1194.587 -1106.398
v -13.485 1194.721 -1101.724
v -12.905 1194.731 -1097.322
v -10.76 1194.885 -1093.343
v -7.807 1195.01 -1090.519
v -3.966 1195.16 -1088.67
v 0.296 1193.181 -1087.957
v 5.403 1193.324 -1089.09
v 9.785 1193.456 -1092.074
v 12.615 1193.594 -1096.615
v 13.468 1193.737 -1101.293
v 12.884 1193.726 -1105.697
v 10.763 1193.872 -1109.664
v 7.802 1194.025 -1112.491
v 3.968 1194.021 -1114.337
v -0.297 1192.17 -1115.052
v -5.385 1192.324 -1113.909
v -9.768 1192.474 -1110.925
v -12.633 1192.596 -1106.403
v -13.464 1192.751 -1101.714
v -12.922 1192.734 -1097.331
v -10.757 1192.902 -1093.342
v -7.779 1193.044 -1090.506
v -3.981 1193.023 -1088.677
v 0.286 1191.189 -1087.962
v 5.401 1191.338 -1089.091
v 9.803 1191.484 -1092.065
v 12.625 1191.617 -1096.609
v 13.486 1191.623 -1101.284
v 12.909 1191.758 -1105.684
v 10.792 1191.907 -1109.649
v 7.788 1192.03 -1112.498
v 3.958 1192.029 -1114.342
v -0.296 1190.186 -1115.051
v -5.388 1190.336 -1113.911
v -9.779 1190.481 -1110.931
v -12.616 1190.622 -1106.394
v -13.473 1190.618 -1101.718
v -12.92 1190.75 -1097.33
v -10.77 1190.908 -1093.348
v -7.788 1191.053 -1090.51
v -3.981 1191.037 -1088.678
v 0.297 1189.211 -1087.956
v 5.371 1189.332 -1089.106
v 9.799 1189.496 -1092.068
v 12.62 1189.628 -1096.612
v 13.476 1189.631 -1101.289
v 12.92 1189.781 -1105.679
v 10.791 1189.921 -1109.65
v 7.792 1190.048 -1112.496
v 3.963 1190.047 -1114.34
v -5.538 1188.204 -1113.773
v -2.844 1188.204 -1114.624
v -5.369 1188.365 -1113.901
v -9.797 1188.484 -1110.94
v -9.933 1188.204 -1110.653
v -12.602 1188.647 -1106.387
v -12.637 1188.197 -1106.121
v -13.472 1188.633 -1101.718
v -12.922 1188.764 -1097.331
v -10.785 1188.912 -1093.355
v -7.798 1188.919 -1090.515
v -3.969 1189.061 -1088.671
v -0.266 1188.222 -1115.036
v -14.585 1187.372 -1101.282
v -13.475 1186.647 -1101.294
v 5.256 1216.716 -1115.04
v 10.087 1216.581 -1112.058
v 13.344 1216.437 -1107.522
v 14.622 1216.296 -1101.992
v 13.743 1216.134 -1096.476
v 10.794 1216.013 -1091.641
v 6.221 1215.988 -1088.397
v 0.724 1215.869 -1086.963
v -4.838 1215.705 -1087.688
v -9.66 1215.562 -1090.524
v -13.063 1215.421 -1095.062
v -14.603 1215.292 -1100.44
v -13.916 1215.136 -1105.981
v -11.065 1215.146 -1110.936
v -6.664 1215.008 -1114.478
v -1.262 1214.876 -1116.031
v 4.262 1214.73 -1115.467
v 9.235 1214.596 -1112.767
v 12.899 1214.438 -1108.383
v 14.446 1214.287 -1103.143
v 14.046 1214.163 -1097.459
v 11.478 1214.152 -1092.504
v 7.218 1214.006 -1088.82
v 1.849 1213.877 -1086.968
v -3.825 1213.734 -1087.394
v -8.803 1213.582 -1089.954
v -12.622 1213.447 -1094.061
v -14.45 1213.315 -1099.442
v -14.185 1213.161 -1104.981
v -11.781 1213.156 -1110.089
v -7.642 1213.033 -1113.904
v -2.406 1212.884 -1115.894
v 3.257 1212.737 -1115.756
v 8.349 1212.586 -1113.494
v 12.332 1212.453 -1109.375
v 14.313 1212.308 -1104.131
v 14.34 1212.185 -1098.446
v 12.034 1212.159 -1093.36
v 8.093 1212.038 -1089.375
v 2.829 1211.884 -1087.257
v -2.692 1211.748 -1087.111
v -7.937 1211.607 -1089.238
v -12.057 1211.46 -1093.212
v -14.195 1211.31 -1098.322
v -14.33 1211.315 -1103.99
v -12.322 1211.189 -1109.225
v -8.515 1211.033 -1113.347
v -3.394 1210.903 -1115.749
v 2.252 1210.742 -1115.904
v 7.529 1210.622 -1114.046
v 11.634 1210.476 -1110.221
v 14.182 1210.331 -1105.118
v 14.472 1210.335 -1099.585
v 12.604 1210.176 -1094.21
v 8.931 1210.044 -1089.949
v 3.975 1209.907 -1087.394
v -1.686 1209.772 -1086.963
v -7.098 1209.614 -1088.818
v -11.347 1209.475 -1092.361
v -14.052 1209.326 -1097.329
v -14.46 1209.338 -1102.991
v -12.922 1209.181 -1108.39
v -9.349 1209.059 -1112.63
v -4.398 1208.909 -1115.472
v 1.123 1208.761 -1116.043
v 6.675 1208.635 -1114.473
v 11.064 1208.489 -1111.073
v 13.747 1208.339 -1106.116
v 14.623 1208.357 -1100.573
v 13.186 1208.201 -1095.195
v 9.783 1208.06 -1090.657
v 4.948 1207.908 -1087.829
v -0.569 1207.775 -1086.971
v -6.102 1207.632 -1088.249
v -10.65 1207.482 -1091.516
v -13.602 1207.5 -1096.324
v -14.611 1207.346 -1101.862
v -13.332 1207.207 -1107.39
v -10.076 1207.062 -1111.93
v -5.402 1206.916 -1115.052
v 0.153 1206.792 -1116.032
v 5.686 1206.652 -1114.896
v 10.357 1206.504 -1111.781
v 13.461 1206.494 -1107.109
v 14.621 1206.37 -1101.709
v 13.607 1206.214 -1096.189
v 10.492 1206.075 -1091.366
v 5.96 1205.937 -1088.102
v 0.411 1205.781 -1086.978
v -5.123 1205.637 -1087.831
v -9.925 1205.508 -1090.799
v -13.187 1205.507 -1095.336
v -14.606 1205.365 -1100.867
v -13.757 1205.222 -1106.398
v -10.905 1205.092 -1111.21
v -6.4 1204.927 -1114.63
v -0.983 1204.806 -1116.033
v 4.677 1204.656 -1115.33
v 9.508 1204.521 -1112.489
v 13.049 1204.519 -1108.095
v 14.469 1204.378 -1102.706
v 13.886 1204.225 -1097.184
v 11.189 1204.081 -1092.223
v 6.801 1203.945 -1088.675
v 1.432 1203.816 -1086.963
v -4.101 1203.673 -1087.532
v -9.076 1203.522 -1090.091
v -12.759 1203.525 -1094.484
v -14.459 1203.383 -1099.73
v -14.036 1203.24 -1105.403
v -11.476 1203.104 -1110.361
v -7.388 1202.945 -1114.06
v -2.004 1202.8 -1115.905
v 3.565 1202.686 -1115.602
v 8.667 1202.684 -1113.193
v 12.479 1202.531 -1109.089
v 14.451 1202.381 -1103.849
v 14.187 1202.252 -1098.168
v 11.897 1202.095 -1093.074
v 7.807 1201.969 -1089.235
v 2.558 1201.825 -1087.109
v -3.13 1201.672 -1087.26
v -8.227 1201.678 -1089.524
v -12.206 1201.529 -1093.499
v -14.319 1201.397 -1098.738
v -14.337 1201.243 -1104.419
v -12.193 1201.113 -1109.515
v -8.218 1200.974 -1113.483
v -2.961 1200.841 -1115.746
v 2.56 1200.692 -1115.892
v 7.798 1200.687 -1113.769
v 11.919 1200.551 -1109.936
v 14.195 1200.414 -1104.828
v 14.454 1200.256 -1099.169
v 12.459 1200.107 -1093.928
v 8.66 1199.985 -1089.801
v 3.551 1199.84 -1087.393
v -1.996 1199.687 -1087.118
v -7.388 1199.684 -1088.963
v -11.623 1199.555 -1092.64
v -14.041 1199.409 -1097.606
v -14.478 1199.258 -1103.284
v -12.764 1199.125 -1108.666
v -9.074 1198.986 -1112.918
v -4.125 1198.835 -1115.477
v 1.543 1198.832 -1116.046
v 6.949 1198.703 -1114.335
v 11.207 1198.564 -1110.789
v 13.892 1198.416 -1105.83
v 14.47 1198.281 -1100.295
v 13.065 1198.149 -1094.901
v 9.52 1198.007 -1090.364
v 4.554 1197.863 -1087.671
v -0.975 1197.864 -1086.962
v -6.368 1197.718 -1088.382
v -10.928 1197.56 -1091.797
v -13.766 1197.417 -1096.619
v -14.588 1197.296 -1102.275
v -13.174 1197.151 -1107.666
v -9.924 1197.002 -1112.209
v -5.117 1196.85 -1115.193
v 0.42 1196.855 -1116.041
v 5.944 1196.709 -1114.767
v 10.507 1196.585 -1111.635
v 13.603 1196.427 -1106.826
v 14.603 1196.29 -1101.292
v 13.454 1196.139 -1095.769
v 10.21 1196.009 -1091.082
v 5.526 1195.864 -1087.965
v 0.006 1195.87 -1086.968
v -5.529 1195.725 -1087.963
v -10.192 1195.595 -1091.074
v -13.331 1195.439 -1095.763
v -14.606 1195.298 -1101.15
v -13.597 1195.168 -1106.672
v -10.635 1195.015 -1111.501
v -6.113 1195.004 -1114.77
v -0.584 1194.862 -1116.046
v 4.966 1194.734 -1115.185
v 9.777 1194.586 -1112.354
v 13.186 1194.448 -1107.814
v 14.587 1194.294 -1102.435
v 13.755 1194.166 -1096.753
v 10.921 1194.025 -1091.932
v 6.509 1194.013 -1088.537
v 1.125 1193.875 -1086.975
v -4.522 1193.75 -1087.672
v -9.37 1193.589 -1090.38
v -12.891 1193.464 -1094.763
v -14.473 1193.307 -1100.162
v -13.878 1193.184 -1105.678
v -11.358 1193.02 -1110.657
v -7.076 1193.04 -1114.33
v -1.712 1192.881 -1116.043
v 3.952 1192.734 -1115.48
v 8.926 1192.6 -1113.063
v 12.634 1192.473 -1108.657
v 14.45 1192.313 -1103.424
v 14.047 1192.186 -1097.742
v 11.609 1192.025 -1092.793
v 7.508 1192.033 -1088.959
v 2.11 1191.884 -1087.121
v -3.4 1191.756 -1087.394
v -8.502 1191.616 -1089.662
v -12.346 1191.463 -1093.782
v -14.304 1191.341 -1099.014
v -14.192 1191.178 -1104.701
v -11.913 1191.043 -1109.8
v -7.928 1191.054 -1113.763
v -2.678 1190.915 -1115.888
v 2.961 1190.75 -1115.763
v 8.101 1190.633 -1113.618
v 12.059 1190.483 -1109.654
v 14.325 1190.339 -1104.409
v 14.308 1190.185 -1098.888
v 12.202 1190.2 -1093.631
v 8.354 1190.044 -1089.529
v 3.256 1189.908 -1087.256
v -2.413 1189.767 -1087.114
v -7.637 1189.641 -1089.088
v -11.761 1189.491 -1092.922
v -14.188 1189.337 -1098.035
v -14.481 1189.189 -1103.711
v -12.491 1189.192 -1108.955
v -8.789 1189.062 -1113.201
v -3.669 1188.931 -1115.603
v 1.847 1188.779 -1115.894
v 7.227 1188.631 -1114.197
v 11.47 1188.482 -1110.516
v 14.051 1188.36 -1105.538
v 14.478 1188.22 -1099.866
v 12.77 1188.215 -1094.481
v 9.236 1188.081 -1090.222
v 4.264 1187.933 -1087.533
v -1.284 1187.779 -1086.974
v -6.807 1187.641 -1088.531
v -11.187 1187.511 -1092.068
v -13.612 1187.359 -1096.329
v -9.199 968.729 -1110.216
v -11.925 968.707 -1105.978
v -5.125 968.703 -1113.212
v -0.289 968.713 -1114.197
v 13.043 1187.641 -1101.576
v 13.042 1177.715 -1101.576
v 11.477 1177.711 -1103.706
v 11.502 968.729 -1103.551
v 11.487 1177.718 -1103.559
v 11.472 968.708 -1103.708
v 11.78 1177.725 -1106.39
v 11.761 968.711 -1106.4
v 11.055 1177.714 -1108.383
v 9.342 1187.631 -1110.516
v 6.364 1177.705 -1112.785
v 9.505 1177.72 -1110.506
v 5.401 1187.651 -1113.337
v 2.533 1177.703 -1114.204
v 2.566 1187.652 -1114.188
v -0.299 1187.631 -1114.486
v -2.284 1177.706 -1114.344
v -5.24 1187.647 -1113.341
v -7.1 1177.71 -1112.356
v -9.2 1187.653 -1110.642
v -10.482 1177.724 -1109.226
v -11.053 1187.647 -1108.236
v -11.89 1177.731 -1105.961
v -11.628 1177.716 -1103.277
v -11.642 968.706 -1103.284
v -11.483 1177.719 -1103.133
v -11.471 968.726 -1103.128
v -13.051 1177.713 -1101.153
v -13.053 1187.637 -1101.154
v 11.495 968.724 -1099.585
v 11.642 968.728 -1099.44
v 11.784 968.728 -1096.746
v 11.769 1177.717 -1096.754
v 11.617 1177.71 -1099.453
v 11.501 1177.728 -1099.582
v 0.272 1187.634 -1088.536
v 2.985 1177.722 -1088.81
v 0.289 1177.72 -1088.528
v 5.124 1187.656 -1089.513
v 5.686 1177.727 -1089.799
v 9.078 1187.644 -1092.215
v 9.504 1177.719 -1092.64
v 10.928 1187.65 -1094.48
v 3.957 968.708 -1089.529
v 8.079 968.714 -1091.651
v 10.224 968.727 -1093.911
v -0.568 968.716 -1088.814
v -11.481 968.72 -1099.021
v -11.505 1177.703 -1099.033
v -11.474 1177.724 -1099.159
v -11.47 968.728 -1099.157
v -11.62 1177.722 -1096.325
v -11.64 968.707 -1096.336
v -10.638 1177.715 -1094.062
v -9.207 1187.649 -1092.354
v -8.783 1177.723 -1091.929
v -5.258 1187.634 -1089.671
v -4.831 1177.71 -1089.386
v -2.567 1187.632 -1088.821
v 4.52 1188.055 -1114.203
v 8.775 1187.914 -1111.792
v 11.9 1187.777 -1107.961
v 13.342 1187.793 -1103.27
v 13.185 1187.641 -1098.456
v 11.202 1187.501 -1093.918
v 7.813 1187.369 -1090.508
v 3.422 1187.23 -1088.379
v -1.432 1187.207 -1088.112
v -6.092 1187.078 -1089.52
v -10.079 1186.925 -1092.506
v -12.629 1186.785 -1096.617
v -12.472 1188.213 -1096.468
v -9.648 1188.205 -1092.078
v -5.23 1188.22 -1089.089
v -2.408 1188.211 -1088.246
v 0.296 1188.218 -1087.957
v -10.619 1177.728 -1108.373
v -8.931 1177.718 -1110.507
v -5.089 1177.727 -1113.194
v -0.27 1177.726 -1114.188
v 2.408 1177.715 -1113.912
v 4.697 968.729 -1113.335
v 5.091 1177.708 -1113.067
v 8.941 968.722 -1110.504
v 8.951 1177.729 -1110.499
v 4.401 1188.213 -1088.669
v 8.498 1188.203 -1091.087
v 11.903 1188.204 -1095.056
v 13.452 1188.197 -1100.024
v 13.039 1188.205 -1104.839
v 11.191 1188.202 -1108.953
v 8.38 1188.22 -1112.06
v 5.228 1188.197 -1113.92
v 2.401 1188.203 -1114.766
v 10.37 1177.731 -1094.05
v 8.094 1177.725 -1091.644
v 3.82 1177.711 -1089.385
v -1.138 1177.714 -1088.816
v -5.111 968.712 -1089.81
v -5.96 1177.713 -1090.234
v -8.938 968.713 -1092.503
v -9.509 1177.71 -1093.072
v -1.844 959.358 -1086.829
v -0.412 958.517 -1087.531
v -5.809 958.511 -1088.812
v -3.979 958.501 -1086.266
v 1.831 958.499 -1085.842
v 7.386 959.367 -1088.666
v 9.505 958.511 -1091.222
v 4.951 958.5 -1088.536
v 6.647 958.496 -1087.263
v 10.352 958.509 -1089.664
v -14.336 959.206 -1102.292
v -13.906 958.5 -1101.439
v -13.906 958.5 -1103.14
v -13.898 958.789 -1103.136
v -14.03 959.08 -1103.273
v -14.341 959.203 -1103.286
v -14.447 959.228 -1102.418
v -14.604 959.359 -1102.425
v -14.766 959.345 -1103.286
v -14.761 959.349 -1102.433
v -14.764 959.346 -1102.435
v -15.018 959.367 -1103.271
v -15.332 959.062 -1103.428
v -15.436 958.947 -1103.409
v -15.614 958.638 -1103.427
v -15.606 958.502 -1103.423
v -14.764 959.346 -1100.308
v -13.741 958.517 -1099.3
v -15.462 958.503 -1098.884
v -14.621 959.347 -1099.173
v -14.173 959.363 -1097.177
v -12.609 958.515 -1095.615
v -13.611 958.508 -1093.634
v -13.193 959.354 -1094.63
v -11.922 959.351 -1092.648
v -9.513 958.499 -1088.962
v -10.214 959.355 -1090.801
v -10.062 958.511 -1091.789
v -7.648 959.365 -1088.809
v -4.97 959.353 -1087.542
v 0.706 959.356 -1086.688
v 3.56 959.369 -1087.105
v 5.815 959.36 -1087.82
v 9.936 959.366 -1090.51
v 11.363 959.373 -1091.923
v 12.599 958.494 -1095.772
v 13.063 958.521 -1092.775
v 13.06 959.369 -1094.336
v 14.902 958.518 -1096.322
v 13.735 959.346 -1096.054
v 14.444 959.346 -1098.181
v 14.754 959.364 -1099.728
v 14.457 959.354 -1099.735
v 14.167 959.067 -1099.738
v 13.905 958.94 -1099.727
v 13.908 958.658 -1099.867
v 13.9 958.511 -1099.871
v 14.584 959.344 -1098.182
v 14.585 959.345 -1098.182
v 15.032 959.218 -1099.589
v 14.727 959.203 -1098.182
v 15.022 959.211 -1098.176
v 15.61 958.517 -1099.583
v 15.606 958.797 -1099.586
v 15.302 959.067 -1099.596
v -1.831 957.524 -1086.823
v 7.381 957.521 -1088.668
v -14.749 957.513 -1102.427
v -15.611 958.072 -1103.425
v -15.314 957.799 -1103.418
v -15.031 957.656 -1103.277
v -14.753 957.511 -1103.28
v -14.592 957.666 -1102.419
v -14.455 957.662 -1103.273
v -14.477 957.647 -1102.433
v -14.314 957.662 -1102.281
v -14.197 957.786 -1103.285
v -14.187 957.793 -1102.288
v -13.88 958.093 -1103.269
v -13.906 958.217 -1103.14
v -14.742 957.518 -1100.297
v -14.621 957.504 -1099.173
v -14.163 957.527 -1097.171
v -13.175 957.523 -1094.622
v -11.91 957.516 -1092.642
v -10.214 957.512 -1090.801
v -7.656 957.516 -1088.813
v -4.951 957.523 -1087.532
v 0.722 957.524 -1086.68
v 3.559 957.525 -1087.105
v 5.822 957.521 -1087.817
v 9.91 957.505 -1090.523
v 11.349 957.519 -1091.93
v 13.063 957.528 -1094.335
v 13.77 957.527 -1096.037
v 15.045 957.81 -1098.023
v 15.321 957.804 -1099.586
v 15.473 958.095 -1099.581
v 15.597 958.224 -1099.59
v 14.899 957.665 -1098.167
v 15.05 957.671 -1099.722
v 14.728 957.644 -1098.181
v 14.614 957.664 -1098.167
v 14.728 957.503 -1099.741
v 14.483 957.529 -1098.162
v 13.903 958.087 -1099.728
v 14.038 957.799 -1099.732
v 14.328 957.662 -1099.728
v 1.862 959.371 -1116.17
v 0.433 958.513 -1115.467
v 5.832 958.521 -1114.185
v 3.952 958.495 -1116.756
v -1.833 958.515 -1117.167
v -7.391 959.346 -1114.345
v -9.486 958.518 -1111.777
v -4.966 958.506 -1114.48
v -6.67 958.504 -1115.757
v -10.346 958.511 -1113.341
v 14.163 959.064 -1100.732
v 13.892 958.505 -1101.577
v 14.32 959.216 -1100.725
v 14.476 959.368 -1100.576
v 14.585 959.345 -1100.592
v 14.762 959.37 -1100.574
v 14.744 959.357 -1102.71
v 13.774 958.522 -1103.692
v 15.44 958.497 -1104.135
v 14.606 959.36 -1103.843
v 14.179 959.359 -1105.829
v 12.636 958.519 -1107.38
v 13.62 958.513 -1109.37
v 13.167 959.345 -1108.391
v 11.925 959.369 -1110.359
v 10.223 959.369 -1112.202
v 10.068 958.508 -1111.216
v 9.487 958.499 -1114.059
v 7.674 959.37 -1114.186
v 4.97 959.364 -1115.467
v -0.696 959.368 -1116.315
v -3.547 959.357 -1115.897
v -5.816 959.357 -1115.188
v -9.931 959.355 -1112.496
v -11.354 959.351 -1111.081
v -12.61 958.514 -1107.242
v -13.059 958.498 -1110.231
v -13.055 959.351 -1108.67
v -14.877 958.515 -1106.674
v -13.761 959.354 -1106.967
v -14.481 959.345 -1104.846
v -14.592 959.367 -1104.83
v -14.763 959.347 -1104.844
v -14.891 959.215 -1104.838
v -15.048 959.062 -1104.987
v 1.844 957.516 -1116.179
v -7.361 957.524 -1114.33
v 14.733 957.506 -1100.589
v 14.766 957.529 -1100.573
v 14.611 957.662 -1100.579
v 14.477 957.667 -1100.575
v 14.329 957.805 -1100.72
v 14.759 957.524 -1102.703
v 14.617 957.524 -1103.838
v 14.16 957.502 -1105.838
v 13.205 957.528 -1108.372
v 11.896 957.505 -1110.373
v 10.214 957.519 -1112.207
v 7.655 957.514 -1114.195
v 4.971 957.521 -1115.467
v -0.699 957.522 -1116.317
v -3.557 957.507 -1115.902
v -5.818 957.512 -1115.189
v -9.906 957.529 -1112.483
v -11.343 957.515 -1111.075
v -13.033 957.523 -1108.659
v -13.764 957.508 -1106.968
v -15.015 957.809 -1104.829
v -14.761 957.647 -1104.843
v -14.604 957.657 -1104.836
v -14.589 957.526 -1104.828
v -14.46 957.517 -1104.835
v 0.019 949.73 -1091.924
v 1.115 944.741 -1092.085
v -0.015 944.744 -1091.941
v 3.525 949.703 -1092.652
v 4.976 944.763 -1093.345
v 2.549 944.752 -1092.36
v 6.37 949.709 -1094.491
v 7.232 944.754 -1095.336
v 8.653 949.719 -1097.461
v 8.914 944.741 -1098.323
v 9.498 949.716 -1101.009
v 9.48 944.74 -1102.01
v 8.94 949.722 -1104.691
v 8.66 944.762 -1105.54
v 7.228 949.714 -1107.674
v 6.399 944.767 -1108.514
v 4.979 949.728 -1109.649
v 3.532 944.745 -1110.372
v 2.562 949.724 -1110.645
v 1.131 949.715 -1110.935
v 0.002 944.755 -1111.074
v 0.018 949.729 -1111.066
v -2.831 944.758 -1110.647
v -3.251 949.724 -1110.503
v -5.548 944.741 -1109.241
v -6.247 949.711 -1108.669
v -7.927 944.763 -1106.673
v -8.511 949.715 -1105.83
v -9.348 944.762 -1103.555
v -9.492 949.723 -1102.705
v -9.482 944.767 -1100.29
v -9.343 949.728 -1099.44
v -8.507 944.754 -1097.179
v -7.955 949.706 -1096.336
v -6.247 944.748 -1094.348
v -5.512 949.729 -1093.767
v -3.259 944.756 -1092.499
v -2.848 949.708 -1092.365
v 9.222 949.72 -1113.199
v 12.888 949.706 -1109.098
v 4.39 949.713 -1115.757
v 14.754 949.722 -1103.84
v 0.004 949.72 -1116.461
v -3.39 949.726 -1116.031
v 14.452 949.709 -1098.036
v -6.93 949.729 -1114.611
v 12.353 949.728 -1093.059
v -11.472 949.726 -1110.927
v 8.776 949.707 -1089.53
v 5.091 949.707 -1087.545
v -14.176 949.719 -1105.969
v 2.413 949.718 -1086.828
v 0.006 949.721 -1086.542
v -14.889 949.716 -1100.725
v -5.259 949.708 -1087.544
v -13.617 949.713 -1095.339
v -10.196 949.726 -1090.651
v 7.943 944.756 -1092.641
v 10.649 944.764 -1096.18
v 3.95 944.74 -1090.242
v 11.756 944.745 -1100.447
v -0.008 944.748 -1089.669
v -1.828 944.765 -1089.799
v 11.346 944.756 -1104.835
v -3.841 944.745 -1090.238
v -6.819 944.745 -1091.798
v 9.516 944.765 -1108.657
v -9.517 944.742 -1094.352
v 6.789 944.742 -1111.225
v 3.829 944.754 -1112.776
v -11.348 944.751 -1098.174
v 1.84 944.752 -1113.203
v -0.016 944.743 -1113.352
v -11.771 944.752 -1102.569
v -3.95 944.768 -1112.767
v -10.648 944.745 -1106.828
v -7.959 944.741 -1110.375
v -4.38 947.459 -1087.246
v -0.014 947.438 -1086.552
v -9.207 947.455 -1089.802
v -12.893 947.455 -1093.913
v -14.75 947.446 -1099.166
v -14.449 947.458 -1104.971
v -12.34 947.445 -1109.943
v -8.779 947.457 -1113.479
v -5.096 947.454 -1115.466
v -2.393 947.46 -1116.171
v 0.002 947.45 -1116.462
v 4.401 947.452 -1115.751
v 9.203 947.439 -1113.209
v 12.896 947.443 -1109.093
v 14.727 947.434 -1103.853
v 14.465 947.45 -1098.029
v 12.328 947.443 -1093.071
v 8.794 947.45 -1089.521
v 5.116 947.456 -1087.532
v 2.402 947.442 -1086.833
v 0.014 944.764 -1089.516
v 0.002 944.755 -1089.522
v -3.971 944.754 -1090.09
v -7.921 944.767 -1092.491
v -10.642 944.748 -1096.049
v -11.913 944.752 -1100.3
v -11.633 944.75 -1104.697
v -9.778 944.758 -1108.52
v -6.941 944.759 -1111.355
v -4.117 944.751 -1112.779
v -1.829 944.764 -1113.336
v -0.017 944.742 -1113.494
v 0.005 944.758 -1113.483
v -9.487 944.763 -1094.337
v -9.622 944.768 -1094.334
v -11.93 944.741 -1101.443
v -12.039 944.763 -1101.427
v -9.63 944.762 -1108.659
v 3.977 944.759 -1112.915
v 7.94 944.753 -1110.508
v 10.644 944.761 -1106.958
v 11.917 944.759 -1102.706
v 11.622 944.751 -1098.316
v 9.763 944.74 -1094.496
v 6.949 944.755 -1091.649
v 4.096 944.743 -1090.24
v 1.833 944.747 -1089.67
v 9.492 944.748 -1108.669
v 9.633 944.748 -1108.669
v 11.93 944.768 -1101.423
v 12.052 944.754 -1101.433
v 9.635 944.75 -1094.347
v -2.264 947.168 -1087.11
v -0.005 947.161 -1086.973
v 0.015 947.175 -1086.821
v -0.014 947.297 -1086.694
v 0.002 947.308 -1086.686
v -4.694 947.154 -1087.687
v -8.382 947.153 -1089.531
v -11.763 947.169 -1092.923
v -14.191 947.156 -1097.895
v -12.614 947.168 -1108.662
v -14.474 947.157 -1103.424
v -9.199 947.177 -1112.768
v -4.253 947.165 -1115.47
v 0.002 947.166 -1116.037
v -0.019 947.151 -1116.189
v -0.012 947.298 -1116.328
v -0.017 947.295 -1116.33
v -11.75 947.178 -1092.633
v -11.901 947.313 -1092.637
v -14.76 947.155 -1101.44
v -14.894 947.302 -1101.436
v -11.907 947.309 -1110.364
v 2.269 947.165 -1115.896
v 4.662 947.152 -1115.337
v 8.373 947.17 -1113.482
v 11.774 947.168 -1110.08
v 14.181 947.166 -1105.119
v 12.615 947.161 -1094.346
v 14.451 947.156 -1099.454
v 9.233 947.176 -1090.223
v 4.244 947.158 -1087.542
v 11.758 947.157 -1110.372
v 11.924 947.316 -1110.359
v 14.732 947.154 -1101.44
v 14.869 947.293 -1101.443
v 11.891 947.293 -1092.652
v -0.011 946.873 -1113.916
v -3.95 946.895 -1113.334
v -8.064 946.894 -1110.924
v -10.918 946.881 -1107.53
v -12.331 946.884 -1103.274
v -12.044 946.886 -1098.593
v -10.36 946.875 -1094.632
v -7.646 946.888 -1091.644
v -4.685 946.877 -1089.951
v -2.109 946.894 -1089.23
v 0.011 946.889 -1089.092
v 3.977 946.886 -1089.661
v 8.092 946.888 -1092.07
v 10.926 946.886 -1095.474
v 12.345 946.887 -1099.727
v 12.062 946.888 -1104.406
v 10.345 946.877 -1108.384
v 7.664 946.886 -1111.355
v 4.663 946.87 -1113.068
v 2.117 946.874 -1113.774
v 10.222 947.174 -1093.912
v 7.357 947.153 -1091.091
v 4.392 947.162 -1089.525
v 12.195 947.165 -1097.888
v 2.139 947.173 -1088.95
v 0.016 947.176 -1088.806
v 12.778 947.176 -1102.417
v -4.104 947.17 -1089.377
v 11.327 947.153 -1107.255
v -8.206 947.177 -1091.641
v 8.227 947.167 -1111.215
v -11.354 947.157 -1095.767
v 4.115 947.167 -1113.626
v -12.752 947.171 -1100.578
v -0.002 947.163 -1114.195
v -2.138 947.157 -1114.058
v -12.186 947.17 -1105.116
v -7.379 947.161 -1111.929
v -4.391 947.168 -1113.483
v -10.216 947.159 -1109.094
v 0.004 947.167 -1088.812
v 0.002 947.166 -1088.954
v -0.004 947.02 -1088.957
v -0.016 947.153 -1114.202
v 0.007 947.17 -1114.049
v 0.01 947.029 -1114.048
v -10.079 947.015 -1094.066
v -12.613 947.169 -1101.43
v -12.474 947.025 -1101.432
v -10.078 947.157 -1109.096
v -10.053 947.033 -1108.941
v 10.049 947.01 -1108.957
v 12.618 947.163 -1101.434
v 12.496 947.036 -1101.424
v 10.085 947.177 -1093.909
v 10.059 947.017 -1094.064
v 12.322 947.155 -1100.306
v 12.337 947.165 -1102.425
v 12.328 945.174 -1102.43
v 12.038 945.17 -1098.462
v 11.75 947.152 -1097.756
v 10.054 945.17 -1094.208
v 10.357 947.169 -1094.766
v 7.675 947.177 -1091.782
v 6.649 945.169 -1091.09
v 3.83 947.166 -1089.664
v 2.549 945.177 -1089.383
v -0.697 947.173 -1089.092
v -1.984 945.18 -1089.239
v -5.09 947.174 -1090.225
v -6.105 945.174 -1090.661
v -8.807 947.154 -1092.792
v -9.197 945.193 -1093.199
v -11.212 945.172 -1096.05
v -11.325 947.177 -1096.603
v -12.048 945.182 -1098.454
v -12.354 947.152 -1100.591
v -12.352 945.168 -1100.591
v -10.924 945.175 -1091.369
v -6.509 945.189 -1088.098
v -13.888 945.185 -1096.041
v -1.127 945.184 -1086.683
v -14.902 945.17 -1100.447
v -14.901 945.171 -1102.857
v 4.554 945.191 -1087.246
v -14.339 945.167 -1105.554
v -12.045 945.184 -1104.265
v 9.339 945.166 -1089.958
v -12.6 945.193 -1109.364
v -10.638 945.177 -1107.957
v -7.931 945.186 -1111.07
v 12.62 945.18 -1093.635
v -9.369 945.172 -1113.066
v -4.551 945.17 -1113.067
v 14.312 945.173 -1097.468
v -4.555 945.167 -1115.763
v 14.903 945.19 -1100.15
v -0.868 945.167 -1113.919
v 14.869 945.166 -1102.577
v 11.621 945.175 -1105.974
v 1.136 945.18 -1116.321
v 2.826 945.173 -1113.632
v 13.915 945.193 -1106.953
v 9.638 945.177 -1109.376
v 6.512 945.172 -1114.909
v 6.521 945.178 -1112.068
v 10.901 945.168 -1111.65
v 12.333 947.162 -1093.069
v 8.514 947.169 -1089.236
v 14.591 947.155 -1098.321
v 3.414 947.173 -1086.965
v 14.879 947.158 -1102.572
v 14.164 947.154 -1106.12
v -2.288 947.151 -1086.838
v 11.495 947.171 -1106.108
v 12.635 947.175 -1109.366
v -7.511 947.167 -1088.67
v 9.512 947.173 -1109.509
v 8.636 947.155 -1113.634
v 6.388 947.17 -1112.064
v -11.363 947.15 -1091.802
v -13.601 947.172 -1095.331
v 3.27 947.17 -1116.033
v 2.683 947.157 -1113.633
v -14.457 947.168 -1098.027
v -0.99 947.166 -1113.91
v -14.894 947.16 -1100.444
v -12.033 947.178 -1104.118
v -2.001 947.153 -1116.329
v -4.694 947.154 -1113.067
v -10.643 947.158 -1107.818
v -14.321 947.164 -1105.687
v -7.103 947.155 -1114.627
v -8.077 947.168 -1110.931
v -11.634 947.16 -1110.795
v -15.601 945.319 -1100.301
v -16.156 945.752 -1100.295
v -16.713 946.468 -1100.29
v -16.882 946.733 -1100.162
v -16.881 947.159 -1100.161
v -16.58 947.171 -1104.831
v -14.451 947.172 -1110.219
v -10.214 947.161 -1114.906
v -4.535 947.166 -1117.738
v 2.109 947.152 -1118.315
v 8.085 947.166 -1116.32
v 15.294 947.151 -1108.675
v 12.612 947.159 -1112.78
v 16.445 947.162 -1105.547
v 15.307 945.175 -1102.712
v 15.602 945.324 -1102.707
v 16.324 945.759 -1102.7
v 16.747 946.467 -1102.701
v 16.881 947.17 -1102.847
v -10.481 945.471 -1113.48
v -10.903 946.183 -1114.045
v -1.115 945.477 -1117.304
v -1.277 946.172 -1118.165
v 8.942 946.178 -1115.466
v 16.584 947.161 -1098.175
v 14.481 947.177 -1092.775
v 10.202 947.16 -1088.108
v 4.545 947.17 -1085.265
v -2.119 947.17 -1084.698
v -8.066 947.176 -1086.679
v -15.295 947.177 -1094.334
v -12.609 947.172 -1090.226
v -16.446 947.166 -1097.462
v 10.486 945.459 -1089.526
v 10.899 946.159 -1088.965
v 1.132 945.461 -1085.696
v 1.257 946.159 -1084.853
v -8.928 946.176 -1087.535
v -14.733 949.726 -1103.837
v -14.879 949.723 -1100.436
v -13.617 949.713 -1107.391
v -10.334 949.728 -1112.201
v -5.529 949.717 -1115.328
v -0.3 949.705 -1116.471
v 5.106 949.718 -1115.47
v 10.047 949.703 -1112.503
v 13.477 949.722 -1107.81
v 14.869 949.704 -1102.577
v 14.9 949.725 -1100.151
v 14.305 949.706 -1097.471
v 12.601 949.704 -1093.644
v 9.34 949.704 -1089.957
v 4.552 949.727 -1087.247
v -1.12 949.727 -1086.68
v -6.531 949.711 -1088.109
v -10.938 949.703 -1091.376
v -13.877 949.73 -1096.036
v -16.882 959.636 -1102.997
v -16.867 959.647 -1100.154
v -16.181 959.63 -1106.262
v -14.193 959.632 -1110.798
v -4.53 959.647 -1117.736
v -10.208 959.643 -1114.903
v 1.989 959.645 -1118.304
v 8.074 959.636 -1116.326
v 12.922 959.655 -1112.342
v 15.864 959.63 -1107.255
v 16.866 959.637 -1102.855
v 16.865 959.637 -1100.019
v 16.178 959.651 -1096.747
v 14.189 959.649 -1092.212
v 4.554 959.654 -1085.261
v 10.2 959.636 -1088.109
v -2 959.632 -1084.709
v -8.102 959.628 -1086.697
v -12.923 959.628 -1090.667
v -15.873 959.647 -1095.758
v -7.669 949.708 -1089.245
v -11.357 949.707 -1092.365
v -13.337 949.711 -1095.908
v -2.686 949.723 -1087.25
v -14.198 949.704 -1098.323
v -14.457 949.721 -1100.438
v 2.98 949.718 -1087.253
v -13.882 949.726 -1105.68
v 8.101 949.73 -1089.371
v -11.203 949.716 -1110.65
v 11.911 949.717 -1093.209
v -6.806 949.717 -1114.336
v 14.163 949.706 -1098.322
v -1.551 949.723 -1115.891
v 14.474 949.724 -1102.562
v 13.903 949.722 -1105.683
v 3.525 949.703 -1115.622
v 12.638 949.73 -1108.797
v 8.805 949.727 -1113.053
v -16.855 959.796 -1100.148
v -16.854 959.939 -1100.147
v -16.741 960.061 -1100.303
v -16.599 960.202 -1100.304
v -16.297 960.216 -1100.294
v -16.155 960.215 -1104.548
v -14.897 960.203 -1108.527
v -12.327 960.215 -1112.205
v -9.068 960.214 -1115.184
v -5.249 960.208 -1117.031
v 3.531 960.2 -1117.462
v -0.991 960.211 -1117.88
v 7.801 960.211 -1115.894
v 14.18 960.21 -1109.798
v 11.482 960.207 -1113.203
v 15.724 960.199 -1106.12
v 16.871 959.925 -1102.852
v 16.735 960.07 -1102.708
v 16.603 960.219 -1102.702
v 16.451 960.211 -1102.708
v 16.288 960.197 -1102.718
v -11.041 959.939 -1114.185
v -10.901 960.079 -1114.044
v -1.279 960.066 -1118.166
v 9.086 959.934 -1115.748
v 8.935 960.069 -1115.469
v 16.027 960.213 -1098.17
v 13.911 960.22 -1092.776
v 9.638 960.207 -1088.249
v 3.977 960.214 -1085.549
v -2.567 960.199 -1085.276
v -8.382 960.198 -1087.404
v -15.031 960.208 -1095.053
v -12.632 960.201 -1091.089
v -16.004 960.222 -1097.737
v 11.043 959.914 -1088.822
v 10.912 960.063 -1088.959
v 1.29 959.935 -1084.695
v 1.27 960.063 -1084.847
v -8.937 960.065 -1087.54
v 14.617 949.867 -1102.561
v 13.323 949.996 -1107.958
v 9.8 950.012 -1112.626
v 4.832 950.15 -1115.607
v 1.982 950.14 -1116.323
v -1.127 950.147 -1116.459
v -6.395 950.132 -1115.052
v -11.215 950.133 -1111.507
v -14.197 950.13 -1106.405
v -14.873 950.152 -1103.269
v -14.899 950.135 -1100.304
v -14.036 950.143 -1096.045
v -11.063 950.14 -1091.368
v -6.664 950.142 -1088.105
v -1.288 950.134 -1086.551
v 4.384 950.134 -1087.118
v 9.355 950.14 -1089.808
v 12.606 950.133 -1093.5
v 14.463 950.142 -1097.321
v 14.88 950.137 -1100.161
v 14.875 950.133 -1102.716
v 14.038 960.209 -1093.351
v 10.507 960.219 -1089.09
v 15.74 960.21 -1097.746
v 5.123 960.222 -1086.111
v 16.173 960.215 -1100.295
v 16.173 960.216 -1102.705
v -1.272 960.212 -1085.409
v 15.154 960.197 -1106.972
v 13.333 960.212 -1110.789
v -7.391 960.197 -1087.121
v 10.479 960.2 -1113.918
v -12.192 960.211 -1090.94
v 6.514 960.203 -1116.326
v -15.167 960.213 -1095.759
v 2.274 960.213 -1117.595
v -16.153 960.217 -1100.294
v -2.275 960.205 -1117.601
v -16.003 960.223 -1103.692
v -6.393 960.201 -1116.327
v -15.167 960.212 -1107.103
v -10.084 960.197 -1114.203
v -13.05 960.206 -1111.219
v -14.892 950.564 -1103.42
v -14.887 950.71 -1100.299
v -14.187 950.562 -1106.4
v -11.36 950.414 -1111.367
v -6.793 950.293 -1114.897
v 13.908 950.293 -1102.561
v 13.041 950.423 -1106.398
v 11.219 950.438 -1109.79
v 7.246 950.577 -1113.337
v 2.276 950.715 -1115.183
v -3.135 950.84 -1115.053
v -7.955 950.983 -1112.925
v -11.749 951.148 -1108.938
v -13.75 951.279 -1103.984
v -13.63 951.406 -1098.748
v -13.46 950.858 -1094.906
v -11.471 951.428 -1093.769
v -10.229 950.979 -1090.525
v -7.794 951.563 -1089.946
v -5.232 951.003 -1087.389
v -2.843 951.697 -1087.825
v -0.144 951.133 -1086.546
v 2.556 951.846 -1087.819
v 5.669 951.274 -1087.681
v 7.53 951.996 -1089.799
v 10.641 951.423 -1090.937
v 11.325 952.115 -1093.502
v 13.597 951.55 -1095.202
v 13.611 952.268 -1098.456
v 14.76 951.569 -1098.874
v 14.873 951.691 -1102.717
v 13.765 952.419 -1103.696
v 13.456 951.833 -1108.105
v 11.895 952.4 -1108.814
v 10.22 951.993 -1112.487
v 8.207 952.541 -1112.785
v 5.232 951.976 -1115.619
v 3.401 952.693 -1115.046
v 0.152 952.134 -1116.458
v -2.004 952.823 -1115.338
v -5.659 952.278 -1115.322
v -7.078 952.986 -1113.48
v -10.65 952.4 -1112.075
v -11.066 953.116 -1109.944
v -13.623 952.545 -1107.819
v -13.47 953.261 -1105.12
v -14.742 952.556 -1104.125
v -13.745 953.267 -1099.728
v -14.887 952.695 -1100.299
v -12.181 953.412 -1094.621
v -13.476 952.832 -1094.914
v -8.651 953.544 -1090.658
v -10.194 952.988 -1090.508
v -3.833 953.684 -1088.107
v -5.241 953.124 -1087.393
v -0.127 953.13 -1086.538
v 1.406 953.821 -1087.685
v 5.661 953.254 -1087.685
v 6.532 953.977 -1089.234
v 10.623 953.395 -1090.947
v 10.765 954.105 -1092.648
v 13.613 953.546 -1095.194
v 13.337 954.26 -1097.317
v 14.732 953.535 -1098.888
v 13.906 954.261 -1102.704
v 14.872 953.676 -1102.717
v 12.334 954.395 -1107.815
v 13.472 953.83 -1108.096
v 9.061 954.528 -1112.075
v 10.215 953.974 -1112.49
v 4.4 954.683 -1114.759
v 5.245 954.111 -1115.613
v -0.87 954.808 -1115.338
v 0.157 954.123 -1116.456
v -6.084 954.972 -1114.046
v -5.67 954.255 -1115.328
v -10.369 955.092 -1110.801
v -10.632 954.398 -1112.066
v -13.622 954.531 -1107.819
v -13.047 955.245 -1106.255
v -14.75 954.535 -1104.129
v -13.913 955.234 -1100.875
v -14.897 954.673 -1100.304
v -12.628 955.382 -1095.766
v -13.473 954.819 -1094.912
v -9.505 955.527 -1091.368
v -10.228 954.949 -1090.525
v -4.978 955.661 -1088.538
v -5.24 955.109 -1087.393
v -0.155 955.095 -1086.552
v 0.266 955.801 -1087.547
v 5.684 955.255 -1087.673
v 5.511 955.943 -1088.681
v 10.654 955.402 -1090.931
v 9.924 956.097 -1091.792
v 13.616 955.533 -1095.192
v 12.918 956.108 -1096.179
v 14.731 955.661 -1098.889
v 13.915 956.253 -1101.565
v 14.877 955.664 -1102.715
v 12.903 956.381 -1106.821
v 13.477 955.819 -1108.094
v 9.918 956.518 -1111.22
v 10.193 955.945 -1112.501
v 5.525 956.661 -1114.339
v 5.231 956.087 -1115.62
v 0.289 956.81 -1115.468
v 0.122 956.083 -1116.473
v -4.957 956.952 -1114.475
v -5.664 956.244 -1115.325
v -9.482 957.102 -1111.633
v -10.647 956.372 -1112.074
v -12.61 957.097 -1107.242
v -13.622 956.516 -1107.819
v -14.737 956.671 -1104.122
v -13.902 957.227 -1102.003
v -14.889 956.664 -1100.299
v -13.061 957.362 -1096.762
v -13.332 956.804 -1094.771
v -10.369 957.502 -1092.226
v -10.651 956.936 -1090.949
v -5.964 957.651 -1088.96
v -6.244 957.086 -1087.824
v -0.855 957.796 -1087.682
v -1.559 957.09 -1086.545
v 4.239 957.222 -1087.119
v 4.541 957.943 -1088.386
v 5.802 957.507 -1088.11
v 5.951 957.512 -1088.249
v 6.947 957.373 -1088.247
v 6.54 957.386 -1088.238
v 9.057 958.07 -1090.95
v 9.779 957.37 -1090.234
v 9.368 957.805 -1090.652
v 13.908 950.86 -1102.561
v 14.885 951.416 -1102.711
v -15.75 958.216 -1098.319
v -15.899 958.211 -1100.308
v -15.018 958.233 -1096.181
v -13.486 958.213 -1092.934
v -10.912 958.228 -1089.804
v -7.106 958.213 -1087.121
v -2.277 958.219 -1085.698
v 3.534 958.217 -1085.842
v 9.205 958.216 -1088.394
v 13.455 958.213 -1092.934
v 15.588 958.218 -1098.177
v 15.891 958.231 -1102.704
v 15.465 958.231 -1105.682
v 14.311 958.217 -1108.669
v 11.06 958.224 -1113.06
v 6.531 958.231 -1116.033
v 1.558 958.223 -1117.456
v -3.397 958.229 -1117.169
v -8.066 958.235 -1115.321
v -12.351 958.214 -1111.791
v -15.184 958.215 -1106.402
v 12.492 951.003 -1107.665
v 9.235 951.006 -1111.917
v 4.529 951.129 -1114.624
v -0.839 951.285 -1115.323
v -6.089 951.424 -1114.049
v -10.473 951.574 -1110.782
v -13.169 951.714 -1106.104
v -13.895 951.844 -1100.724
v -12.481 951.983 -1095.338
v -9.205 952.135 -1091.077
v -4.552 952.117 -1088.396
v 0.864 952.278 -1087.673
v 6.086 952.403 -1088.961
v 10.484 952.547 -1092.363
v 13.188 952.695 -1097.037
v 13.899 952.839 -1102.424
v 12.477 952.977 -1107.672
v 9.228 953.128 -1111.92
v 4.534 953.117 -1114.622
v -0.843 953.267 -1115.325
v -6.078 953.417 -1114.043
v -10.477 953.556 -1110.642
v -13.181 953.691 -1105.968
v -13.907 953.821 -1100.588
v -12.491 953.961 -1095.343
v -9.224 954.107 -1091.086
v -4.384 954.262 -1088.383
v 0.842 954.248 -1087.684
v 6.099 954.397 -1088.955
v 10.502 954.544 -1092.354
v 13.198 954.687 -1097.032
v 13.889 954.817 -1102.429
v 12.463 954.953 -1107.679
v 9.22 955.107 -1111.924
v 4.398 955.248 -1114.76
v -1.007 955.236 -1115.336
v -6.246 955.383 -1113.915
v -10.493 955.53 -1110.65
v -13.177 955.679 -1105.966
v -13.895 955.814 -1100.582
v -12.46 955.968 -1095.328
v -9.233 956.086 -1091.091
v -4.388 956.244 -1088.243
v 1.01 956.393 -1087.671
v 6.229 956.374 -1089.102
v 10.499 956.527 -1092.355
v 13.181 956.661 -1097.041
v 13.879 956.795 -1102.434
v 12.494 956.959 -1107.664
v 9.083 957.096 -1112.064
v 4.383 957.223 -1114.768
v -1.005 957.365 -1115.335
v -6.244 957.37 -1113.914
v -10.505 957.506 -1110.656
v -13.188 957.656 -1105.829
v -13.894 957.8 -1100.44
v -12.481 957.938 -1095.196
v -9.058 958.094 -1090.933
v -4.406 958.217 -1088.252
v 0.429 958.226 -1087.536
v 5.121 958.236 -1088.522
v 9.087 958.233 -1090.935
v 9.367 957.947 -1090.794
v 9.367 958.23 -1090.794
v 12.479 957.374 -1093.067
v 14.196 957.386 -1096.604
v 13.473 957.234 -1094.767
v 10.062 957.086 -1090.376
v 4.973 957.097 -1087.391
v -0.85 956.949 -1086.545
v -6.229 956.813 -1087.817
v -11.073 956.655 -1091.373
v -13.759 956.519 -1095.481
v -14.887 956.382 -1100.298
v 15.039 957.38 -1100.436
v -14.32 956.381 -1105.97
v -11.749 956.253 -1110.781
v -7.379 956.093 -1114.623
v -2.422 955.948 -1116.327
v 3.557 955.822 -1116.032
v 8.945 955.68 -1113.621
v 12.484 955.676 -1109.796
v 14.173 955.526 -1106.399
v 14.87 955.376 -1102.719
v 14.316 955.385 -1097.04
v 11.773 955.249 -1092.215
v 7.366 955.1 -1088.392
v 2.427 954.975 -1086.678
v -3.54 954.824 -1086.968
v -8.932 954.68 -1089.38
v -12.49 954.529 -1093.216
v -14.162 954.549 -1096.604
v -14.903 954.385 -1100.306
v -14.334 954.245 -1105.977
v -11.784 954.243 -1110.799
v -7.378 954.109 -1114.622
v -2.419 953.964 -1116.326
v 3.543 953.827 -1116.039
v 8.915 953.674 -1113.636
v 12.48 953.547 -1109.798
v 14.16 953.532 -1106.405
v 14.898 953.41 -1102.705
v 14.327 953.266 -1097.035
v 11.767 953.26 -1092.218
v 7.388 953.13 -1088.381
v 2.423 952.987 -1086.681
v -3.547 952.834 -1086.972
v -8.943 952.687 -1089.386
v -12.48 952.551 -1093.21
v -14.168 952.56 -1096.607
v -14.905 952.399 -1100.307
v -14.324 952.267 -1105.972
v -11.761 952.274 -1110.788
v -7.391 952.115 -1114.628
v -2.423 951.976 -1116.328
v 3.539 951.84 -1116.04
v 8.951 951.715 -1113.618
v 12.477 951.559 -1109.799
v 14.191 951.568 -1106.39
v 11.894 958.212 -1093.927
v 13.735 958.211 -1098.039
v 14.032 958.221 -1102.996
v 12.602 958.212 -1107.964
v -7.219 958.233 -1089.375
v 9.771 958.215 -1111.79
v -9.66 958.211 -1091.233
v -9.652 958.217 -1091.088
v 6.111 958.234 -1114.329
v -12.048 958.227 -1094.058
v 2.391 958.211 -1115.48
v -13.755 958.223 -1098.173
v 0.579 958.233 -1115.606
v -1.117 958.236 -1115.604
v -14.027 958.231 -1103.271
v -5.114 958.217 -1114.766
v -12.316 958.238 -1108.371
v -9.089 958.214 -1112.358
v 14.6 957.37 -1104.555
v 12.775 957.525 -1108.941
v 8.936 957.518 -1113.058
v 4.699 957.529 -1115.319
v -1.153 957.644 -1115.905
v -3.704 957.645 -1115.479
v -6.082 957.667 -1114.613
v -8.944 957.791 -1112.64
v -12.038 957.809 -1109.083
v -13.742 957.949 -1105.398
v -14.199 957.927 -1100.025
v -12.92 958.07 -1095.77
v -1.121 957.95 -1115.606
v -1.154 957.785 -1115.764
v 9.931 957.802 -1111.781
v 14.189 957.522 -1105.257
v 13.604 957.793 -1097.325
v 14.035 957.514 -1097.181
v -13.346 957.929 -1106.263
v -10.213 957.938 -1111.36
f 1 2 3
f 4 5 1
f 4 1 3
f 6 7 5
f 6 5 4
f 8 9 7
f 8 7 6
f 10 11 9
f 10 9 8
f 12 13 11
f 12 11 10
f 14 15 16
f 17 18 15
f 17 15 14
f 19 20 18
f 19 18 17
f 21 20 19
f 22 12 23
f 22 23 14
f 22 16 13
f 22 13 12
f 22 14 16
f 24 4 3
f 25 6 4
f 25 4 24
f 26 8 6
f 26 6 25
f 27 10 8
f 27 8 26
f 28 12 10
f 28 10 27
f 29 23 12
f 29 14 23
f 29 12 28
f 30 17 14
f 30 14 29
f 31 19 17
f 31 17 30
f 32 19 31
f 33 21 19
f 33 19 32
f 9 34 35
f 7 9 35
f 11 34 9
f 36 7 35
f 5 7 36
f 1 5 36
f 37 1 36
f 2 1 37
f 38 2 37
f 39 38 37
f 40 38 39
f 41 40 39
f 42 41 39
f 43 41 42
f 43 42 44
f 45 43 44
f 46 47 48
f 46 48 49
f 50 51 47
f 50 47 46
f 52 53 51
f 52 51 50
f 54 49 55
f 54 55 34
f 54 46 49
f 54 11 13
f 54 34 11
f 54 50 46
f 56 54 13
f 56 16 15
f 56 13 16
f 56 50 54
f 57 50 56
f 57 52 50
f 58 15 18
f 58 56 15
f 59 57 56
f 59 58 18
f 59 56 58
f 60 44 61
f 60 45 44
f 60 62 45
f 63 59 18
f 63 20 64
f 63 18 20
f 65 64 66
f 67 63 64
f 67 64 65
f 68 66 69
f 68 69 62
f 68 62 60
f 68 65 66
f 70 65 68
f 70 67 65
f 71 61 72
f 71 72 73
f 71 73 74
f 71 60 61
f 75 71 74
f 75 60 71
f 75 68 60
f 76 75 74
f 76 74 77
f 76 68 75
f 76 70 68
f 78 79 80
f 78 80 81
f 78 81 53
f 78 53 52
f 82 79 78
f 82 78 52
f 83 82 52
f 83 79 82
f 83 52 57
f 84 85 79
f 84 79 83
f 86 83 57
f 86 57 59
f 87 83 86
f 87 84 83
f 87 85 84
f 88 87 86
f 89 86 59
f 89 59 63
f 90 91 85
f 90 85 87
f 90 87 88
f 92 86 89
f 92 91 90
f 92 88 86
f 92 90 88
f 93 89 63
f 93 63 67
f 94 91 92
f 94 92 89
f 94 89 93
f 95 94 93
f 96 67 70
f 96 93 67
f 96 95 93
f 97 95 96
f 98 99 91
f 98 94 95
f 98 95 97
f 98 91 94
f 100 99 98
f 100 97 96
f 100 98 97
f 101 70 76
f 101 96 70
f 101 100 96
f 102 103 99
f 102 99 100
f 102 101 103
f 102 100 101
f 104 77 105
f 104 105 106
f 104 106 103
f 104 101 76
f 104 76 77
f 104 103 101
f 107 108 109
f 109 108 110
f 110 108 111
f 112 113 107
f 107 113 108
f 110 114 115
f 111 114 110
f 116 24 112
f 112 24 113
f 114 117 115
f 116 25 24
f 116 118 25
f 117 119 115
f 118 26 25
f 115 120 121
f 119 120 115
f 118 122 26
f 122 27 26
f 120 123 121
f 122 28 27
f 123 33 121
f 28 124 29
f 29 124 30
f 30 124 31
f 122 124 28
f 31 125 32
f 32 125 33
f 33 125 121
f 124 125 31
f 33 126 21
f 123 127 126
f 123 126 33
f 120 128 127
f 120 127 123
f 119 128 120
f 117 129 128
f 117 128 119
f 114 130 131
f 114 131 129
f 114 129 117
f 111 132 130
f 111 130 114
f 108 133 134
f 108 134 132
f 108 132 111
f 113 3 133
f 113 133 108
f 24 3 113
f 126 20 21
f 126 64 20
f 127 66 64
f 127 64 126
f 128 66 127
f 62 69 129
f 131 62 129
f 45 62 131
f 130 45 131
f 43 45 130
f 132 43 130
f 41 43 132
f 134 41 132
f 40 41 134
f 133 40 134
f 38 40 133
f 3 2 38
f 3 38 133
f 135 128 129
f 135 69 66
f 135 66 128
f 135 129 69
f 136 137 138
f 35 34 139
f 35 139 137
f 35 137 136
f 36 136 140
f 36 35 136
f 37 140 141
f 37 141 142
f 37 36 140
f 39 142 143
f 39 37 142
f 42 39 143
f 144 145 146
f 144 146 147
f 144 147 44
f 144 44 42
f 144 143 145
f 144 42 143
f 55 139 34
f 55 137 139
f 138 137 55
f 148 138 55
f 49 148 55
f 149 150 148
f 149 148 49
f 149 49 150
f 151 49 48
f 151 48 152
f 151 152 153
f 151 153 154
f 151 154 150
f 151 150 49
f 47 155 48
f 81 156 157
f 81 157 53
f 158 159 160
f 158 160 155
f 158 155 47
f 161 47 51
f 161 162 159
f 161 158 47
f 161 159 158
f 163 51 53
f 163 157 164
f 163 164 162
f 163 162 161
f 163 161 51
f 163 53 157
f 165 166 167
f 168 166 165
f 169 170 91
f 91 170 171
f 167 172 173
f 173 172 174
f 174 172 175
f 175 172 176
f 166 172 167
f 176 172 166
f 177 178 179
f 179 178 180
f 180 178 181
f 181 178 169
f 170 178 177
f 169 178 170
f 176 182 183
f 166 182 176
f 183 184 185
f 182 184 183
f 185 186 177
f 184 186 185
f 187 186 184
f 177 188 170
f 186 188 177
f 187 188 186
f 189 190 191
f 191 190 165
f 81 192 156
f 156 192 193
f 193 192 189
f 192 194 189
f 189 194 190
f 192 195 194
f 196 195 81
f 81 195 192
f 194 197 190
f 194 198 197
f 196 199 195
f 194 199 198
f 200 199 196
f 195 199 194
f 201 199 200
f 199 202 198
f 197 202 190
f 201 202 199
f 190 202 165
f 165 202 168
f 198 202 197
f 91 203 85
f 85 203 79
f 79 203 80
f 203 204 80
f 80 205 81
f 196 205 200
f 204 205 80
f 81 205 196
f 205 206 200
f 203 206 204
f 204 206 205
f 91 206 203
f 171 206 91
f 201 207 202
f 202 207 168
f 201 208 207
f 168 209 210
f 207 209 168
f 211 209 208
f 208 209 207
f 210 209 211
f 206 212 200
f 171 212 206
f 200 212 201
f 171 213 212
f 212 213 201
f 208 214 211
f 201 214 208
f 213 214 201
f 171 215 213
f 214 215 211
f 213 215 214
f 215 216 211
f 211 216 210
f 210 217 168
f 168 217 166
f 218 217 210
f 215 219 216
f 171 219 215
f 217 220 166
f 170 221 171
f 216 221 210
f 219 221 216
f 218 221 222
f 171 221 219
f 210 221 218
f 222 221 170
f 217 223 220
f 218 223 217
f 222 223 218
f 224 223 222
f 220 225 166
f 223 225 220
f 224 225 223
f 184 225 224
f 225 226 166
f 184 226 225
f 166 226 182
f 182 226 184
f 170 227 222
f 222 227 224
f 227 228 224
f 170 228 227
f 228 229 224
f 170 229 228
f 224 229 184
f 184 229 187
f 188 229 170
f 187 229 188
f 91 230 169
f 231 230 91
f 167 232 165
f 165 232 233
f 169 234 235
f 235 234 236
f 236 234 237
f 237 234 238
f 230 234 169
f 238 234 230
f 239 240 241
f 241 240 242
f 242 240 243
f 243 240 167
f 232 240 239
f 167 240 232
f 238 244 245
f 230 244 238
f 245 246 247
f 244 246 245
f 247 248 239
f 246 248 247
f 249 248 246
f 239 250 232
f 248 250 239
f 249 250 248
f 106 251 103
f 103 251 99
f 99 251 91
f 106 252 251
f 252 253 251
f 91 253 231
f 251 253 91
f 253 254 255
f 252 254 253
f 255 254 256
f 257 258 259
f 260 258 261
f 261 258 257
f 258 262 259
f 262 263 259
f 255 263 264
f 256 263 255
f 260 265 258
f 165 265 266
f 266 265 260
f 258 265 262
f 265 267 262
f 262 267 263
f 265 268 267
f 253 269 231
f 255 269 253
f 264 269 255
f 264 270 269
f 269 270 231
f 264 271 270
f 165 272 265
f 263 272 264
f 265 272 268
f 267 272 263
f 233 272 165
f 268 272 267
f 270 273 231
f 274 273 271
f 271 273 270
f 272 275 264
f 233 275 272
f 271 276 274
f 264 276 271
f 275 276 264
f 274 277 273
f 278 277 274
f 273 279 231
f 277 279 273
f 231 280 230
f 279 280 231
f 278 280 277
f 277 280 279
f 230 280 281
f 281 280 282
f 282 280 278
f 276 283 274
f 233 283 275
f 275 283 276
f 274 283 278
f 278 283 233
f 281 284 230
f 285 284 281
f 284 286 230
f 285 286 284
f 246 286 285
f 286 287 230
f 246 287 286
f 230 287 244
f 244 287 246
f 232 288 233
f 233 288 278
f 278 288 282
f 288 289 282
f 282 289 281
f 281 289 285
f 288 290 289
f 232 290 288
f 289 291 285
f 290 291 289
f 232 291 290
f 291 292 285
f 232 292 291
f 285 292 246
f 246 292 249
f 250 292 232
f 249 292 250
f 259 293 257
f 257 293 105
f 105 293 106
f 106 293 252
f 252 294 254
f 254 294 256
f 259 295 293
f 293 295 252
f 252 295 294
f 256 296 263
f 263 296 259
f 259 296 295
f 294 296 256
f 295 296 294
f 297 105 77
f 257 105 297
f 298 74 73
f 298 73 299
f 298 299 300
f 298 300 301
f 302 301 303
f 302 74 298
f 302 298 301
f 304 77 74
f 304 303 305
f 304 305 297
f 304 302 303
f 304 297 77
f 304 74 302
f 61 146 145
f 61 147 146
f 61 44 147
f 306 61 145
f 73 72 307
f 308 72 61
f 308 306 307
f 308 61 306
f 308 307 72
f 309 307 310
f 309 310 311
f 309 311 312
f 309 312 73
f 309 73 307
f 313 314 315
f 315 316 125
f 125 316 121
f 316 317 318
f 314 317 315
f 315 317 316
f 319 320 321
f 319 321 322
f 319 322 323
f 319 324 320
f 325 323 326
f 325 326 110
f 325 110 115
f 325 319 323
f 325 115 324
f 325 324 319
f 327 328 329
f 327 329 330
f 327 330 324
f 327 324 115
f 331 115 121
f 331 121 332
f 331 332 333
f 331 333 328
f 331 327 115
f 331 328 327
f 334 335 336
f 334 336 337
f 334 337 338
f 118 338 339
f 118 339 122
f 118 334 338
f 321 320 340
f 322 321 340
f 323 340 109
f 323 322 340
f 326 323 109
f 110 326 109
f 341 342 343
f 341 343 334
f 341 112 342
f 344 118 116
f 344 116 112
f 344 112 341
f 344 334 118
f 344 341 334
f 345 340 346
f 345 346 342
f 347 112 107
f 347 107 109
f 347 345 342
f 347 342 112
f 347 340 345
f 347 109 340
f 348 349 350
f 348 350 351
f 348 351 352
f 348 352 353
f 348 124 349
f 354 353 355
f 354 355 125
f 354 125 124
f 354 124 348
f 354 348 353
f 356 336 335
f 356 337 336
f 356 338 337
f 356 335 349
f 357 339 338
f 357 122 339
f 357 124 122
f 357 338 356
f 357 349 124
f 357 356 349
f 143 320 145
f 142 340 143
f 143 340 320
f 141 346 142
f 142 346 340
f 141 342 346
f 141 343 342
f 140 343 141
f 136 334 140
f 140 334 343
f 138 335 136
f 136 335 334
f 150 349 148
f 148 349 138
f 138 349 335
f 150 350 349
f 350 358 359
f 360 358 150
f 150 358 350
f 154 361 150
f 150 361 360
f 362 363 358
f 358 363 359
f 364 365 366
f 366 365 154
f 154 365 361
f 364 367 365
f 364 368 367
f 368 369 367
f 368 370 369
f 368 371 370
f 371 372 370
f 372 373 374
f 372 375 373
f 371 376 372
f 372 376 375
f 371 377 376
f 371 378 377
f 378 379 377
f 153 366 154
f 152 155 366
f 152 366 153
f 48 155 152
f 380 155 160
f 380 381 364
f 380 382 381
f 380 160 382
f 380 364 366
f 380 366 155
f 383 384 385
f 386 385 387
f 386 383 385
f 388 389 390
f 391 387 392
f 391 386 387
f 393 392 394
f 393 391 392
f 395 393 394
f 396 393 395
f 397 396 395
f 398 396 397
f 399 398 397
f 261 257 297
f 400 398 399
f 401 400 399
f 402 303 301
f 402 301 389
f 402 389 388
f 403 389 384
f 403 383 390
f 403 390 389
f 403 384 383
f 404 303 402
f 404 305 303
f 405 388 406
f 405 406 407
f 405 402 388
f 408 407 409
f 408 405 407
f 410 404 402
f 410 402 405
f 411 412 413
f 411 401 412
f 411 413 414
f 411 414 400
f 411 400 401
f 415 408 409
f 415 405 408
f 415 410 405
f 416 417 418
f 419 409 420
f 419 415 409
f 421 416 418
f 421 418 422
f 423 419 420
f 423 417 416
f 423 420 417
f 424 423 416
f 424 416 421
f 425 413 412
f 425 412 159
f 425 159 162
f 425 422 413
f 425 421 422
f 426 424 421
f 426 164 157
f 426 162 164
f 426 421 425
f 426 425 162
f 427 260 261
f 427 297 305
f 427 305 404
f 427 261 297
f 428 427 404
f 428 260 427
f 428 404 410
f 429 428 410
f 429 410 415
f 430 266 260
f 430 260 428
f 431 428 429
f 431 430 428
f 432 431 429
f 433 415 419
f 433 429 415
f 434 432 429
f 434 429 433
f 435 165 266
f 435 266 430
f 435 430 431
f 435 431 432
f 435 432 434
f 436 419 423
f 436 433 419
f 437 165 435
f 437 434 433
f 437 435 434
f 437 433 436
f 438 437 436
f 439 423 424
f 439 436 423
f 439 438 436
f 440 438 439
f 441 191 165
f 441 165 437
f 441 437 438
f 441 438 440
f 442 440 439
f 442 441 440
f 443 424 426
f 443 439 424
f 443 442 439
f 444 189 191
f 444 443 189
f 444 191 441
f 444 441 442
f 444 442 443
f 445 156 193
f 445 193 189
f 445 157 156
f 445 426 157
f 445 189 443
f 445 443 426
f 242 446 241
f 243 447 242
f 242 447 446
f 243 448 447
f 446 449 241
f 167 450 243
f 243 450 448
f 173 451 167
f 167 451 450
f 241 452 237
f 449 452 241
f 174 453 173
f 173 453 451
f 452 454 237
f 174 455 453
f 454 456 237
f 457 236 456
f 456 236 237
f 455 175 458
f 458 175 459
f 174 175 455
f 460 235 457
f 457 235 236
f 461 169 460
f 460 169 235
f 462 181 461
f 461 181 169
f 459 179 463
f 463 179 464
f 175 179 459
f 464 180 462
f 462 180 181
f 179 180 464
f 179 175 176
f 179 176 177
f 183 177 176
f 185 177 183
f 239 237 238
f 241 237 239
f 239 238 247
f 247 238 245
f 465 311 310
f 465 312 311
f 299 73 312
f 299 312 465
f 466 465 467
f 466 299 465
f 468 299 466
f 300 299 468
f 469 470 471
f 472 470 469
f 473 474 472
f 472 474 470
f 474 475 476
f 477 475 473
f 473 475 474
f 467 478 473
f 473 478 477
f 479 480 475
f 475 480 476
f 465 481 467
f 467 481 478
f 310 482 465
f 465 482 481
f 310 483 482
f 310 307 483
f 307 484 483
f 307 306 484
f 306 485 484
f 485 486 487
f 485 488 486
f 306 330 485
f 485 330 488
f 306 324 330
f 306 145 324
f 145 320 324
f 489 490 491
f 492 493 490
f 492 490 489
f 494 495 493
f 494 493 492
f 496 497 495
f 496 495 494
f 498 499 497
f 498 497 496
f 500 501 499
f 500 499 498
f 502 314 501
f 502 501 500
f 317 314 502
f 316 332 121
f 488 330 329
f 503 318 317
f 504 318 503
f 485 487 505
f 506 333 332
f 506 328 333
f 506 329 328
f 506 486 488
f 506 332 316
f 506 488 329
f 507 506 316
f 507 486 506
f 508 316 318
f 508 487 486
f 508 507 316
f 508 486 507
f 509 504 510
f 509 510 511
f 509 511 505
f 509 508 318
f 509 487 508
f 509 318 504
f 509 505 487
f 313 512 314
f 362 358 513
f 362 513 514
f 355 315 125
f 351 359 352
f 350 359 351
f 515 363 362
f 515 514 516
f 515 516 517
f 515 517 512
f 515 512 313
f 515 362 514
f 518 353 352
f 518 355 353
f 518 359 363
f 518 313 315
f 518 363 515
f 518 315 355
f 518 515 313
f 518 352 359
f 519 401 399
f 519 399 520
f 519 520 521
f 519 521 522
f 519 522 378
f 523 412 401
f 523 378 371
f 523 519 378
f 523 401 519
f 524 371 368
f 524 523 371
f 524 368 412
f 524 412 523
f 525 160 159
f 525 159 412
f 525 368 364
f 525 412 368
f 526 364 381
f 526 381 382
f 526 382 160
f 526 160 525
f 526 525 364
f 527 379 378
f 528 529 527
f 527 529 379
f 530 531 528
f 528 531 529
f 530 532 531
f 533 534 530
f 530 534 532
f 535 536 533
f 533 536 534
f 469 471 535
f 535 471 536
f 537 377 379
f 537 379 538
f 537 538 539
f 537 539 540
f 537 541 377
f 542 540 543
f 542 543 544
f 542 544 541
f 542 541 537
f 542 537 540
f 545 546 547
f 545 547 376
f 545 376 377
f 548 549 550
f 548 550 551
f 548 551 546
f 548 541 549
f 548 546 545
f 548 377 541
f 548 545 377
f 552 550 549
f 375 376 547
f 553 554 491
f 555 554 553
f 372 374 556
f 557 373 375
f 557 551 550
f 557 546 551
f 557 547 546
f 557 550 552
f 557 375 547
f 558 557 552
f 558 373 557
f 559 374 373
f 559 552 554
f 559 373 558
f 559 558 552
f 560 555 561
f 560 561 562
f 560 562 556
f 560 374 559
f 560 559 554
f 560 554 555
f 560 556 374
f 563 513 358
f 563 514 513
f 563 516 514
f 563 517 516
f 563 512 517
f 563 314 512
f 563 358 360
f 563 501 314
f 564 360 361
f 564 499 501
f 565 361 365
f 565 497 499
f 565 365 497
f 566 495 497
f 566 497 365
f 567 365 367
f 567 495 566
f 567 566 365
f 567 367 495
f 568 367 369
f 568 493 495
f 568 495 367
f 569 369 370
f 569 490 493
f 570 370 372
f 570 553 491
f 570 555 553
f 570 561 555
f 570 562 561
f 570 556 562
f 570 372 556
f 570 491 490
f 571 564 501
f 571 501 563
f 571 360 564
f 571 563 360
f 572 564 361
f 572 499 564
f 572 565 499
f 572 361 565
f 573 568 369
f 573 569 493
f 573 493 568
f 573 369 569
f 574 490 569
f 574 370 570
f 574 569 370
f 574 570 490
f 575 576 393
f 577 391 576
f 576 391 393
f 577 578 391
f 579 386 578
f 578 386 391
f 579 580 386
f 580 383 386
f 581 582 583
f 583 582 407
f 582 409 407
f 582 584 409
f 584 420 409
f 383 585 390
f 586 585 587
f 587 585 580
f 580 585 383
f 390 588 388
f 388 588 406
f 406 588 407
f 583 588 589
f 589 588 586
f 585 588 390
f 586 588 585
f 407 588 583
f 590 582 581
f 590 591 582
f 584 417 420
f 582 417 584
f 591 417 582
f 591 418 417
f 592 400 593
f 594 398 592
f 592 398 400
f 595 396 594
f 594 396 398
f 575 393 595
f 595 393 396
f 596 597 598
f 598 597 599
f 599 597 591
f 413 597 414
f 591 597 418
f 418 600 422
f 422 600 413
f 413 600 597
f 597 600 418
f 593 601 596
f 414 601 400
f 597 601 414
f 400 601 593
f 596 601 597
f 535 602 603
f 535 603 469
f 387 385 604
f 387 604 602
f 387 602 535
f 392 535 533
f 392 387 535
f 394 533 530
f 394 392 533
f 522 527 378
f 521 527 522
f 521 397 527
f 520 397 521
f 399 397 520
f 605 530 528
f 605 528 527
f 605 395 394
f 605 397 395
f 605 394 530
f 605 527 397
f 384 604 385
f 384 602 604
f 384 603 602
f 384 469 603
f 472 469 384
f 606 384 389
f 606 472 384
f 607 473 472
f 607 472 606
f 607 606 389
f 607 389 473
f 608 389 301
f 608 301 300
f 608 467 473
f 608 473 389
f 609 466 467
f 609 468 466
f 609 300 468
f 609 467 608
f 609 608 300
f 610 461 460
f 611 462 461
f 611 461 610
f 612 464 462
f 612 462 611
f 613 463 464
f 613 464 612
f 614 459 463
f 614 463 613
f 615 458 459
f 615 459 614
f 616 455 458
f 616 458 615
f 617 453 455
f 617 455 616
f 618 451 453
f 618 453 617
f 619 451 618
f 619 450 451
f 620 447 448
f 620 448 450
f 620 450 619
f 621 446 447
f 621 447 620
f 622 449 446
f 622 446 621
f 623 452 449
f 623 449 622
f 624 454 452
f 624 452 623
f 625 456 454
f 625 454 624
f 626 457 456
f 626 456 625
f 627 457 626
f 628 460 457
f 628 457 627
f 610 460 628
f 629 492 489
f 629 489 630
f 629 630 631
f 629 631 632
f 629 632 633
f 629 633 634
f 629 634 475
f 629 475 477
f 635 629 477
f 635 492 629
f 636 494 492
f 636 477 478
f 637 496 494
f 637 478 481
f 637 481 496
f 638 496 481
f 639 498 496
f 639 481 482
f 639 482 498
f 639 638 481
f 639 496 638
f 640 500 498
f 640 482 483
f 640 498 482
f 641 502 500
f 641 483 484
f 642 503 317
f 642 504 503
f 642 510 504
f 642 511 510
f 642 505 511
f 642 485 505
f 642 317 502
f 642 484 485
f 643 492 635
f 643 636 492
f 643 635 477
f 643 477 636
f 644 637 494
f 644 494 636
f 644 478 637
f 644 636 478
f 645 641 500
f 645 640 483
f 645 483 641
f 645 500 640
f 646 502 641
f 646 484 642
f 646 641 484
f 646 642 502
f 647 630 489
f 647 631 630
f 479 634 633
f 479 475 634
f 648 649 650
f 651 649 648
f 474 476 652
f 653 632 631
f 653 633 632
f 653 480 479
f 653 631 647
f 653 479 633
f 654 647 649
f 654 476 480
f 654 480 653
f 654 653 647
f 655 651 656
f 655 656 652
f 655 654 649
f 655 476 654
f 655 649 651
f 655 652 476
f 657 652 656
f 657 474 652
f 657 470 474
f 657 658 470
f 659 648 650
f 659 651 648
f 659 656 651
f 659 650 658
f 659 657 656
f 659 658 657
f 660 661 662
f 660 662 471
f 660 471 470
f 663 658 664
f 663 664 665
f 663 665 666
f 663 666 661
f 663 660 470
f 663 470 658
f 663 661 660
f 554 552 491
f 491 649 489
f 489 649 647
f 552 649 491
f 549 650 552
f 552 650 649
f 536 471 662
f 667 665 664
f 668 532 534
f 669 670 671
f 672 534 536
f 672 662 661
f 672 536 662
f 673 666 665
f 673 661 666
f 673 672 661
f 673 665 667
f 674 675 668
f 674 534 672
f 674 668 534
f 676 667 671
f 676 670 677
f 676 677 675
f 676 675 674
f 676 674 672
f 676 672 673
f 676 673 667
f 676 671 670
f 531 532 668
f 678 670 669
f 538 379 529
f 544 543 679
f 680 668 675
f 680 531 668
f 681 677 670
f 681 675 677
f 681 678 679
f 681 670 678
f 681 680 675
f 682 539 538
f 682 540 539
f 682 529 531
f 682 538 529
f 682 531 680
f 683 543 540
f 683 540 682
f 683 681 679
f 683 680 681
f 683 679 543
f 683 682 680
f 650 684 658
f 684 685 658
f 650 686 684
f 685 687 658
f 650 688 686
f 650 689 688
f 687 690 658
f 691 664 690
f 690 664 658
f 691 692 664
f 692 667 664
f 689 549 693
f 693 549 694
f 650 549 689
f 692 695 667
f 696 671 695
f 695 671 667
f 694 541 697
f 697 541 698
f 549 541 694
f 699 669 696
f 696 669 671
f 700 678 699
f 699 678 669
f 698 544 701
f 701 544 702
f 702 544 703
f 541 544 698
f 703 679 700
f 544 679 703
f 700 679 678
f 696 576 575
f 695 578 577
f 695 577 576
f 695 576 696
f 692 579 578
f 692 578 695
f 691 580 579
f 691 579 692
f 690 587 580
f 690 580 691
f 687 586 587
f 687 587 690
f 685 589 586
f 685 586 687
f 684 583 589
f 684 589 685
f 686 583 684
f 688 581 583
f 688 583 686
f 689 581 688
f 689 590 581
f 693 591 590
f 693 590 689
f 694 598 599
f 694 599 591
f 694 591 693
f 697 596 598
f 697 598 694
f 698 593 596
f 698 596 697
f 701 592 593
f 701 593 698
f 702 594 592
f 702 592 701
f 703 595 594
f 703 594 702
f 700 595 703
f 699 575 595
f 699 595 700
f 696 575 699
f 618 704 619
f 617 704 618
f 705 614 613
f 705 615 614
f 705 616 615
f 705 617 616
f 705 704 617
f 706 611 610
f 706 612 611
f 706 613 612
f 706 610 704
f 706 704 705
f 706 705 613
f 707 704 610
f 707 625 624
f 707 626 625
f 707 627 626
f 707 628 627
f 707 610 628
f 708 623 622
f 708 624 623
f 708 707 624
f 708 704 707
f 709 620 619
f 709 621 620
f 709 622 621
f 709 619 704
f 709 704 708
f 709 708 622
f 710 711 712
f 710 713 714
f 710 715 713
f 710 716 715
f 710 712 716
f 710 714 717
f 710 717 711
f 718 719 711
f 718 717 720
f 718 711 717
f 718 720 719
f 721 722 719
f 721 720 723
f 721 724 722
f 721 723 724
f 721 719 720
f 725 719 722
f 726 727 728
f 729 728 712
f 729 712 711
f 729 726 728
f 730 731 727
f 730 727 726
f 732 711 719
f 732 719 725
f 732 729 711
f 733 731 730
f 734 735 736
f 737 738 734
f 734 738 735
f 723 739 737
f 737 739 738
f 720 740 723
f 723 740 739
f 717 741 720
f 720 741 740
f 714 742 717
f 717 742 741
f 714 743 742
f 744 745 746
f 744 747 745
f 733 730 744
f 744 730 747
f 748 726 729
f 736 749 750
f 751 748 752
f 751 752 750
f 751 749 745
f 751 745 747
f 751 747 730
f 751 730 726
f 751 726 748
f 751 750 749
f 753 725 722
f 753 722 724
f 753 724 723
f 753 723 737
f 753 737 725
f 754 732 725
f 754 737 734
f 754 725 737
f 754 734 732
f 755 748 729
f 755 752 748
f 755 750 752
f 755 736 750
f 755 729 732
f 755 734 736
f 755 732 734
f 728 716 712
f 756 714 713
f 757 727 758
f 757 758 759
f 757 759 756
f 757 713 715
f 757 715 716
f 757 728 727
f 757 716 728
f 757 756 713
f 758 760 759
f 758 761 760
f 727 731 758
f 758 731 761
f 762 763 764
f 764 763 765
f 765 763 766
f 763 731 766
f 731 733 766
f 733 767 766
f 767 768 769
f 733 768 767
f 768 770 769
f 768 771 770
f 714 756 759
f 772 714 759
f 743 772 773
f 743 714 772
f 774 775 776
f 774 777 775
f 774 778 777
f 774 743 778
f 774 776 779
f 774 742 743
f 774 779 742
f 780 741 742
f 780 742 779
f 780 779 741
f 781 779 782
f 781 740 741
f 781 741 779
f 781 782 740
f 783 782 784
f 783 739 740
f 783 740 782
f 783 784 739
f 785 784 786
f 785 738 739
f 785 739 784
f 785 786 738
f 787 786 788
f 787 738 786
f 787 788 738
f 789 788 790
f 789 791 735
f 789 792 791
f 789 793 792
f 789 790 793
f 789 735 738
f 789 738 788
f 745 749 736
f 735 745 736
f 794 735 795
f 794 745 735
f 796 797 798
f 797 794 798
f 797 799 794
f 799 800 794
f 800 801 794
f 801 802 794
f 803 746 804
f 804 745 805
f 805 745 806
f 806 745 807
f 807 745 808
f 746 745 804
f 745 794 808
f 808 794 802
f 809 810 772
f 772 811 809
f 772 812 811
f 772 813 814
f 814 813 815
f 810 813 772
f 816 759 817
f 817 759 818
f 818 759 819
f 759 820 819
f 759 760 820
f 760 821 820
f 772 759 816
f 772 816 812
f 822 823 824
f 822 824 766
f 825 822 766
f 826 825 766
f 827 828 829
f 767 829 830
f 767 830 831
f 767 831 832
f 767 827 829
f 766 767 833
f 833 767 832
f 766 833 826
f 762 834 763
f 835 821 836
f 835 836 837
f 835 837 834
f 835 834 762
f 838 762 764
f 838 835 762
f 839 764 765
f 839 838 764
f 840 765 766
f 841 765 840
f 842 839 765
f 842 765 841
f 843 839 842
f 844 839 843
f 845 836 821
f 845 837 836
f 845 834 837
f 845 763 834
f 845 821 760
f 845 760 761
f 845 761 731
f 845 731 763
f 846 733 744
f 846 744 746
f 846 746 803
f 846 803 847
f 846 847 848
f 846 848 768
f 846 768 733
f 769 849 850
f 769 850 767
f 851 852 853
f 851 853 854
f 851 854 849
f 851 849 769
f 855 769 770
f 855 851 769
f 856 770 771
f 856 855 770
f 848 771 768
f 847 856 771
f 847 771 848
f 803 856 847
f 779 786 782
f 782 786 784
f 857 858 859
f 859 858 776
f 858 790 776
f 860 861 857
f 857 861 858
f 776 788 779
f 779 788 786
f 790 788 776
f 860 862 861
f 861 863 864
f 864 863 794
f 794 863 798
f 861 862 863
f 865 798 863
f 865 863 862
f 865 862 866
f 865 867 796
f 865 868 867
f 865 869 868
f 865 866 869
f 865 796 798
f 870 871 872
f 870 873 871
f 874 875 870
f 870 875 873
f 876 877 874
f 874 877 875
f 797 796 878
f 878 796 876
f 876 796 877
f 879 799 797
f 880 881 879
f 879 881 799
f 882 883 880
f 880 883 881
f 884 885 882
f 882 885 883
f 884 886 885
f 887 800 799
f 887 799 881
f 887 881 883
f 887 883 885
f 887 885 886
f 887 886 888
f 887 888 800
f 889 801 800
f 889 888 890
f 889 800 888
f 889 890 801
f 891 892 893
f 891 893 894
f 891 894 895
f 891 895 802
f 891 802 801
f 891 890 892
f 891 801 890
f 895 808 802
f 894 896 895
f 895 896 808
f 893 897 894
f 894 897 896
f 892 898 893
f 893 898 897
f 892 899 898
f 900 807 808
f 900 808 896
f 900 896 897
f 900 897 898
f 900 898 899
f 900 899 901
f 900 901 807
f 902 806 807
f 902 901 903
f 902 807 901
f 902 903 806
f 904 905 906
f 904 906 907
f 904 907 908
f 904 908 805
f 904 805 806
f 904 903 905
f 904 806 903
f 908 804 805
f 907 909 908
f 908 909 804
f 906 910 907
f 907 910 909
f 905 911 906
f 906 911 910
f 905 912 911
f 855 913 851
f 851 913 852
f 852 913 914
f 803 915 856
f 856 915 855
f 855 915 913
f 803 916 915
f 803 917 916
f 803 804 917
f 821 918 820
f 835 919 821
f 821 919 918
f 838 920 835
f 835 920 919
f 844 921 839
f 839 921 838
f 922 921 844
f 838 921 920
f 923 819 820
f 924 925 923
f 923 925 819
f 926 927 924
f 924 927 925
f 928 929 926
f 926 929 927
f 928 930 929
f 931 819 925
f 931 925 927
f 931 927 929
f 931 929 930
f 931 930 932
f 931 818 819
f 931 932 818
f 933 932 934
f 933 817 818
f 933 818 932
f 933 934 817
f 935 934 936
f 935 936 937
f 935 937 938
f 935 938 939
f 935 939 816
f 935 816 817
f 935 817 934
f 939 812 816
f 938 940 939
f 939 940 812
f 937 941 938
f 938 941 940
f 936 942 937
f 937 942 941
f 936 943 942
f 944 812 940
f 944 940 941
f 944 941 942
f 944 942 943
f 944 943 945
f 944 811 812
f 944 945 811
f 946 945 947
f 946 809 811
f 946 811 945
f 946 947 809
f 948 947 949
f 948 949 950
f 948 950 951
f 948 951 952
f 948 952 810
f 948 810 809
f 948 809 947
f 952 813 810
f 951 953 952
f 952 953 813
f 950 954 951
f 951 954 953
f 949 955 950
f 950 955 954
f 949 956 955
f 957 815 958
f 958 815 959
f 959 815 813
f 957 960 815
f 961 962 957
f 957 962 960
f 961 963 962
f 961 964 963
f 961 965 964
f 966 815 967
f 966 967 968
f 966 968 969
f 966 969 970
f 966 970 860
f 966 860 971
f 966 971 814
f 966 814 815
f 860 972 971
f 971 972 814
f 814 972 772
f 860 857 972
f 973 828 827
f 974 975 973
f 973 975 828
f 974 976 975
f 977 978 974
f 974 978 976
f 979 980 977
f 977 980 978
f 914 981 979
f 979 981 980
f 973 767 850
f 973 827 767
f 977 849 854
f 977 974 849
f 979 854 853
f 979 977 854
f 914 853 852
f 914 979 853
f 982 850 849
f 982 974 973
f 982 973 850
f 982 849 974
f 983 766 824
f 840 766 983
f 984 840 983
f 841 840 984
f 843 985 986
f 843 842 985
f 844 986 922
f 844 843 986
f 987 984 985
f 987 842 841
f 987 841 984
f 987 985 842
f 988 983 823
f 823 983 824
f 989 984 988
f 988 984 983
f 990 985 991
f 991 985 989
f 989 985 984
f 992 986 990
f 990 986 985
f 992 922 986
f 993 994 995
f 996 997 998
f 998 997 993
f 993 997 994
f 823 999 1000
f 1000 999 996
f 996 999 997
f 823 1001 999
f 823 1002 1001
f 823 822 1002
f 1003 1004 1005
f 1006 1007 1008
f 825 1009 822
f 833 1010 826
f 1011 1008 1003
f 1011 1005 1012
f 1011 1012 1013
f 1011 1003 1005
f 1014 1015 1006
f 1014 1006 1008
f 1014 1008 1011
f 1016 1013 1009
f 1016 825 826
f 1016 1011 1013
f 1016 1009 825
f 1017 1010 1018
f 1017 1018 1015
f 1017 1014 1011
f 1017 1015 1014
f 1017 1011 1016
f 1017 1016 826
f 1017 826 1010
f 1006 1019 1007
f 1007 1019 1020
f 1015 1021 1006
f 1006 1021 1019
f 1018 1022 1015
f 1015 1022 1021
f 1010 1023 1018
f 1018 1023 1022
f 833 832 1010
f 1010 832 1023
f 1024 1020 1019
f 1025 1026 1027
f 831 1023 832
f 829 1028 830
f 1029 1027 1024
f 1029 1019 1021
f 1029 1021 1022
f 1029 1024 1019
f 1030 1031 1025
f 1030 1025 1027
f 1030 1027 1029
f 1032 1022 1023
f 1032 1029 1022
f 1032 1023 831
f 1033 1028 1034
f 1033 1034 1031
f 1033 831 830
f 1033 1030 1029
f 1033 1031 1030
f 1033 1032 831
f 1033 1029 1032
f 1033 830 1028
f 1035 1036 1037
f 1038 1039 1035
f 1035 1039 1036
f 1040 1041 1038
f 1038 1041 1039
f 1040 1042 1041
f 1040 1043 1042
f 829 828 1044
f 1044 828 1040
f 1040 828 1043
f 1045 970 1046
f 1045 1047 970
f 1047 1048 970
f 1048 860 970
f 866 1049 1050
f 866 1051 1049
f 862 1052 866
f 866 1052 1051
f 1048 1052 860
f 860 1052 862
f 858 861 864
f 791 795 735
f 790 858 793
f 1053 791 792
f 1053 792 793
f 1053 864 794
f 1053 794 795
f 1053 858 864
f 1053 795 791
f 1053 793 858
f 773 778 743
f 859 776 775
f 857 859 972
f 1054 772 972
f 1054 775 777
f 1054 777 778
f 1054 773 772
f 1054 778 773
f 1054 859 775
f 1054 972 859
f 1050 869 866
f 877 796 867
f 877 867 868
f 877 868 869
f 877 869 1050
f 875 1050 1049
f 875 877 1050
f 873 1049 1051
f 873 875 1049
f 1055 1051 1052
f 1056 1051 1055
f 1057 873 1051
f 1057 1051 1056
f 1058 873 1057
f 871 873 1058
f 1059 871 1058
f 1059 872 871
f 1060 1057 1056
f 1060 1061 1057
f 1055 1060 1056
f 1062 1060 1055
f 1052 1062 1055
f 1063 1062 1052
f 1064 1058 1057
f 1064 1061 1059
f 1064 1059 1058
f 1064 1057 1061
f 1065 1066 1067
f 1067 1066 1068
f 1066 1069 1070
f 1065 1069 1066
f 1069 1071 1070
f 1070 1072 872
f 1071 1072 1070
f 1072 1073 872
f 1074 870 1075
f 1075 870 1076
f 1076 870 1077
f 870 872 1077
f 1077 872 1073
f 1078 884 882
f 1079 874 870
f 1080 1081 1082
f 1083 1084 1078
f 1083 882 880
f 1083 880 879
f 1083 879 797
f 1083 797 878
f 1083 1078 882
f 1085 1081 1084
f 1085 878 876
f 1085 1083 878
f 1085 1084 1083
f 1086 1079 1082
f 1086 876 874
f 1086 1085 876
f 1086 874 1079
f 1086 1081 1085
f 1086 1082 1081
f 884 1087 886
f 1080 1084 1081
f 1080 1078 1084
f 1080 884 1078
f 1088 1087 884
f 1088 884 1080
f 1089 1088 1080
f 1090 886 1087
f 1090 888 886
f 1091 890 888
f 1091 888 1090
f 1092 892 890
f 1092 890 1091
f 1093 892 1092
f 1093 899 892
f 1093 901 899
f 1094 903 901
f 1094 901 1093
f 1095 905 903
f 1095 903 1094
f 1096 905 1095
f 1097 1098 1099
f 1097 1099 1100
f 1097 1100 1101
f 1097 1101 912
f 1102 1103 1097
f 1102 1097 912
f 1096 912 905
f 1096 1102 912
f 1104 1105 913
f 1105 1106 913
f 1106 1107 913
f 1108 1109 1110
f 1109 1111 1110
f 1110 981 1112
f 1112 981 1113
f 1113 981 1114
f 1111 981 1110
f 1114 914 1115
f 981 914 1114
f 914 913 1107
f 914 1107 1115
f 915 1116 913
f 909 917 804
f 911 1101 910
f 912 1101 911
f 1117 1097 1118
f 1117 1118 1116
f 1117 1098 1097
f 1117 1099 1098
f 1117 1116 915
f 1119 915 916
f 1119 1100 1099
f 1119 1099 1117
f 1119 1117 915
f 1120 916 917
f 1120 909 910
f 1120 1101 1100
f 1120 917 909
f 1120 910 1101
f 1120 1119 916
f 1120 1100 1119
f 921 1121 1122
f 1123 922 1124
f 1124 922 1125
f 1125 992 1126
f 1126 992 1127
f 922 992 1125
f 992 1128 1127
f 1128 1129 1127
f 1130 1131 1128
f 1128 1131 1129
f 921 922 1123
f 921 1123 1121
f 1132 928 926
f 1133 920 921
f 1134 1135 1136
f 1137 1138 1132
f 1137 926 924
f 1137 924 923
f 1137 923 820
f 1137 820 918
f 1137 1132 926
f 1139 1135 1138
f 1139 918 919
f 1139 1137 918
f 1139 1138 1137
f 1140 1133 1136
f 1140 919 920
f 1140 1139 919
f 1140 920 1133
f 1140 1135 1139
f 1140 1136 1135
f 928 1141 930
f 1134 1138 1135
f 1134 1132 1138
f 1134 928 1132
f 1142 1141 928
f 1142 928 1134
f 1143 1142 1134
f 1144 930 1141
f 1144 932 930
f 1145 934 932
f 1145 932 1144
f 1146 936 934
f 1146 934 1145
f 936 1146 1147
f 936 1147 943
f 1147 945 943
f 1148 947 945
f 1148 945 1147
f 1149 949 947
f 1149 947 1148
f 1150 949 1149
f 1151 1152 1153
f 1151 1153 1154
f 1151 1154 1155
f 1151 1155 956
f 1156 1157 1151
f 1156 1151 956
f 1150 956 949
f 1150 1156 956
f 1158 1159 1160
f 1160 1159 1161
f 1161 1159 1162
f 1158 1163 1159
f 965 1164 1158
f 1158 1165 1163
f 1164 1165 1158
f 965 1166 1164
f 1167 961 1168
f 961 1169 1168
f 965 961 1167
f 965 1167 1166
f 1170 964 965
f 1171 1170 1172
f 1171 964 1170
f 1173 1174 1175
f 1173 1176 1174
f 1177 1173 1175
f 1178 1177 1175
f 1048 1177 1178
f 1179 1172 1174
f 1179 1176 1171
f 1179 1171 1172
f 1179 1174 1176
f 963 964 1171
f 962 1047 1045
f 962 963 1047
f 960 1045 1046
f 960 962 1045
f 969 1046 970
f 968 960 1046
f 968 1046 969
f 967 960 968
f 815 960 967
f 1180 1177 1048
f 1180 1173 1177
f 1180 1176 1173
f 1180 1171 1176
f 1180 1048 1047
f 1180 963 1171
f 1180 1047 963
f 957 1181 961
f 953 959 813
f 955 1155 954
f 956 1155 955
f 1182 1152 1151
f 1182 1153 1152
f 1182 1151 1183
f 1182 1183 1181
f 1182 1181 957
f 1184 1154 1153
f 1184 957 958
f 1184 1153 1182
f 1184 1182 957
f 1185 953 954
f 1185 1155 1154
f 1185 958 959
f 1185 1154 1184
f 1185 1184 958
f 1185 959 953
f 1185 954 1155
f 1111 978 980
f 1111 980 981
f 976 978 1111
f 1043 828 975
f 1042 975 976
f 1042 1043 975
f 1186 1108 1110
f 1186 1110 1112
f 1187 1108 1186
f 1188 1039 1187
f 1189 1039 1188
f 1036 1039 1189
f 1190 1111 1109
f 1190 1109 1108
f 1190 976 1111
f 1190 1042 976
f 1190 1108 1187
f 1190 1187 1039
f 1191 1039 1041
f 1191 1041 1042
f 1191 1042 1190
f 1191 1190 1039
f 1129 1192 1193
f 1129 1193 1127
f 1194 1192 1129
f 993 995 1195
f 998 1195 1194
f 998 993 1195
f 990 1130 1128
f 990 1128 992
f 991 1130 990
f 989 1000 991
f 988 1000 989
f 823 1000 988
f 1196 1129 1131
f 1196 1131 1130
f 1197 1196 1130
f 1197 1194 1129
f 1197 1129 1196
f 1197 998 1194
f 1197 1130 991
f 1197 991 1000
f 1198 1000 996
f 1198 996 998
f 1198 1197 1000
f 1198 998 1197
f 997 1199 994
f 1200 1199 997
f 1201 1202 1203
f 1201 1203 1204
f 1201 1204 1200
f 1201 997 999
f 1201 1200 997
f 1009 1001 1002
f 1009 1002 822
f 1205 999 1001
f 1205 1201 999
f 1013 1001 1009
f 1206 1205 1001
f 1206 1001 1013
f 1012 1206 1013
f 1005 1206 1012
f 1004 1206 1005
f 994 1207 995
f 995 1207 1208
f 1205 1206 1004
f 1205 1004 1003
f 1201 1205 1003
f 1202 1003 1008
f 1202 1201 1003
f 1209 1202 1008
f 1210 1007 1211
f 1210 1008 1007
f 1210 1209 1008
f 1212 1211 1213
f 1212 1210 1211
f 1007 1214 1211
f 1020 1214 1007
f 1026 1215 1216
f 1027 1216 1217
f 1027 1026 1216
f 1218 1027 1217
f 1024 1027 1218
f 1219 1218 1220
f 1219 1020 1024
f 1219 1024 1218
f 1221 1020 1219
f 1214 1221 1222
f 1214 1020 1221
f 1217 1223 1218
f 1224 1223 1217
f 1035 1037 1225
f 1035 1225 1226
f 1038 1226 1224
f 1038 1217 1216
f 1038 1224 1217
f 1038 1035 1226
f 1025 1215 1026
f 1040 1216 1215
f 1040 1038 1216
f 1031 1215 1025
f 1044 1040 1215
f 1044 1215 1031
f 1034 1044 1031
f 1028 1044 1034
f 829 1044 1028
f 1037 1036 1227
f 1036 1228 1227
f 1229 1230 1178
f 1178 1230 1048
f 1230 1231 1048
f 1231 1232 1048
f 1233 1063 1234
f 1234 1052 1235
f 1235 1052 1236
f 1236 1052 1237
f 1063 1052 1234
f 1052 1048 1237
f 1237 1048 1238
f 1238 1048 1232
f 1239 1062 1233
f 1233 1062 1063
f 1240 1060 1239
f 1239 1060 1062
f 1241 1061 1242
f 1242 1061 1240
f 1240 1061 1060
f 1070 1059 1241
f 1241 1059 1061
f 1070 872 1059
f 1065 1243 1244
f 1065 1244 1069
f 1245 1243 1065
f 1246 1247 1248
f 1249 1248 1245
f 1249 1246 1248
f 1241 1068 1066
f 1241 1066 1070
f 1242 1068 1241
f 1240 1250 1242
f 1239 1250 1240
f 1233 1250 1239
f 1251 1250 1252
f 1251 1252 1249
f 1251 1065 1067
f 1251 1067 1068
f 1251 1245 1065
f 1251 1249 1245
f 1251 1068 1242
f 1251 1242 1250
f 1253 1247 1254
f 1255 1248 1253
f 1253 1248 1247
f 1255 1245 1248
f 1256 1243 1255
f 1255 1243 1245
f 1257 1244 1256
f 1256 1244 1243
f 1071 1069 1257
f 1257 1069 1244
f 1072 1071 1258
f 1259 1260 1261
f 1262 1077 1073
f 1263 1264 1265
f 1266 1258 1267
f 1266 1267 1268
f 1266 1072 1258
f 1269 1268 1260
f 1269 1266 1268
f 1269 1260 1259
f 1270 1073 1072
f 1270 1271 1262
f 1270 1072 1266
f 1270 1262 1073
f 1272 1259 1265
f 1272 1264 1273
f 1272 1273 1271
f 1272 1271 1270
f 1272 1270 1266
f 1272 1266 1269
f 1272 1269 1259
f 1272 1265 1264
f 1076 1262 1271
f 1076 1077 1262
f 1274 1275 1276
f 1277 1274 1276
f 1278 1277 1276
f 1279 1075 1076
f 1279 1076 1271
f 1279 1280 1075
f 1281 1264 1263
f 1281 1273 1264
f 1281 1271 1273
f 1281 1263 1280
f 1281 1280 1279
f 1281 1279 1271
f 1282 1275 1283
f 1282 1283 1074
f 1282 1074 1075
f 1284 1280 1276
f 1284 1275 1282
f 1284 1282 1075
f 1284 1075 1280
f 1284 1276 1275
f 1082 1285 1080
f 1080 1285 1089
f 1079 1286 1082
f 1082 1286 1285
f 870 1287 1079
f 1079 1287 1286
f 870 1074 1287
f 1288 1289 1290
f 1290 1289 1291
f 1292 1293 1288
f 1288 1293 1289
f 1294 1295 1292
f 1292 1295 1293
f 1296 1297 1294
f 1294 1297 1295
f 1087 1088 1296
f 1296 1088 1297
f 1298 1299 1300
f 1298 1300 1301
f 1298 1301 1302
f 1298 1302 1303
f 1298 1303 1304
f 1298 1304 1305
f 1298 1305 1306
f 1298 1306 1088
f 1307 1089 1308
f 1307 1308 1309
f 1307 1309 1310
f 1307 1310 1311
f 1307 1311 1312
f 1307 1312 1278
f 1307 1278 1299
f 1307 1088 1089
f 1307 1298 1088
f 1307 1299 1298
f 1313 1314 1315
f 1091 1316 1092
f 1288 1290 1317
f 1087 1296 1090
f 1318 1315 1319
f 1318 1319 1320
f 1318 1317 1313
f 1318 1313 1315
f 1321 1320 1316
f 1321 1318 1320
f 1321 1316 1091
f 1322 1292 1288
f 1322 1288 1317
f 1322 1317 1318
f 1323 1091 1090
f 1323 1296 1294
f 1323 1294 1292
f 1323 1292 1322
f 1323 1318 1321
f 1323 1322 1318
f 1323 1321 1091
f 1323 1090 1296
f 1324 1315 1325
f 1325 1315 1314
f 1326 1319 1324
f 1324 1319 1315
f 1327 1320 1326
f 1326 1320 1319
f 1328 1316 1327
f 1327 1316 1320
f 1093 1092 1328
f 1328 1092 1316
f 1329 1330 1331
f 1095 1332 1096
f 1324 1325 1333
f 1093 1328 1094
f 1334 1331 1335
f 1334 1335 1336
f 1334 1329 1331
f 1337 1336 1332
f 1337 1095 1094
f 1337 1334 1336
f 1337 1332 1095
f 1338 1326 1324
f 1338 1333 1329
f 1338 1324 1333
f 1338 1329 1334
f 1339 1328 1327
f 1339 1327 1326
f 1339 1326 1338
f 1339 1334 1337
f 1339 1337 1094
f 1339 1338 1334
f 1339 1094 1328
f 1116 1104 913
f 1118 1340 1116
f 1116 1340 1104
f 1097 1341 1118
f 1118 1341 1340
f 1097 1103 1341
f 1342 1343 1344
f 1342 1344 1345
f 1342 1345 1346
f 1342 1346 1347
f 1342 1347 1348
f 1342 1348 1349
f 1342 1349 1103
f 1342 1103 1102
f 1350 1102 1351
f 1350 1351 1352
f 1350 1352 1353
f 1350 1353 1354
f 1350 1354 1355
f 1350 1355 1356
f 1350 1356 1357
f 1350 1357 1343
f 1350 1342 1102
f 1350 1343 1342
f 1358 1331 1330
f 1359 1331 1358
f 1360 1335 1359
f 1359 1335 1331
f 1361 1336 1360
f 1360 1336 1335
f 1362 1332 1361
f 1361 1332 1336
f 1102 1096 1362
f 1362 1096 1332
f 1105 1104 1363
f 1105 1363 1364
f 1105 1364 1365
f 1366 1365 1367
f 1366 1367 1344
f 1368 1106 1105
f 1368 1105 1365
f 1369 1366 1370
f 1369 1368 1365
f 1369 1106 1368
f 1369 1365 1366
f 1369 1370 1106
f 1371 1107 1106
f 1371 1372 1373
f 1371 1373 1107
f 1374 1370 1375
f 1374 1375 1376
f 1374 1376 1377
f 1374 1377 1372
f 1374 1372 1371
f 1374 1106 1370
f 1374 1371 1106
f 1115 1107 1373
f 1378 1376 1375
f 1379 1113 1114
f 1380 1381 1382
f 1383 1114 1115
f 1383 1373 1372
f 1383 1115 1373
f 1384 1377 1376
f 1384 1372 1377
f 1384 1378 1382
f 1384 1376 1378
f 1384 1383 1372
f 1385 1386 1379
f 1385 1379 1114
f 1385 1114 1383
f 1387 1381 1388
f 1387 1388 1386
f 1387 1386 1385
f 1387 1384 1382
f 1387 1385 1383
f 1387 1383 1384
f 1387 1382 1381
f 1189 1389 1036
f 1036 1389 1228
f 1188 1390 1189
f 1189 1390 1389
f 1186 1391 1187
f 1187 1391 1188
f 1188 1391 1390
f 1112 1392 1186
f 1186 1392 1391
f 1112 1113 1392
f 1393 995 1208
f 1394 1195 1393
f 1393 1195 995
f 1394 1194 1195
f 1395 1192 1394
f 1394 1192 1194
f 1396 1193 1395
f 1395 1193 1192
f 1126 1127 1396
f 1396 1127 1193
f 1125 1126 1397
f 1125 1397 1398
f 1125 1398 1399
f 1125 1399 1400
f 1125 1400 1401
f 1402 1125 1401
f 1403 1123 1124
f 1404 1123 1403
f 1122 1121 1405
f 1406 1122 1405
f 1407 1406 1405
f 1408 1407 1405
f 1409 1408 1405
f 1410 1409 1405
f 1411 1124 1125
f 1411 1125 1402
f 1411 1403 1124
f 1412 1402 1403
f 1412 1411 1402
f 1412 1403 1411
f 1413 1404 1405
f 1413 1121 1123
f 1413 1123 1404
f 1413 1405 1121
f 1414 921 1122
f 1415 1133 1414
f 1414 1133 921
f 1143 1136 1415
f 1415 1136 1133
f 1143 1134 1136
f 1142 1416 1141
f 1417 1416 1142
f 1418 1419 1417
f 1417 1419 1416
f 1420 1421 1418
f 1418 1421 1419
f 1422 1423 1420
f 1420 1423 1421
f 1424 1425 1422
f 1422 1425 1423
f 1426 1427 1428
f 1426 1428 1429
f 1426 1429 1430
f 1426 1430 1431
f 1426 1431 1432
f 1426 1432 1433
f 1426 1433 1434
f 1426 1434 1142
f 1435 1410 1427
f 1435 1142 1143
f 1435 1143 1436
f 1435 1436 1437
f 1435 1437 1438
f 1435 1438 1439
f 1435 1439 1440
f 1435 1440 1410
f 1435 1427 1426
f 1435 1426 1142
f 1441 1442 1443
f 1145 1444 1146
f 1423 1425 1445
f 1141 1416 1144
f 1446 1445 1441
f 1446 1443 1447
f 1446 1447 1448
f 1446 1441 1443
f 1449 1448 1444
f 1449 1145 1144
f 1449 1444 1145
f 1449 1446 1448
f 1450 1421 1423
f 1450 1423 1445
f 1450 1445 1446
f 1451 1416 1419
f 1451 1419 1421
f 1451 1421 1450
f 1451 1450 1446
f 1451 1446 1449
f 1451 1449 1144
f 1451 1144 1416
f 1444 1452 1146
f 1146 1452 1147
f 1448 1453 1444
f 1444 1453 1452
f 1447 1454 1448
f 1448 1454 1453
f 1443 1455 1447
f 1447 1455 1454
f 1442 1456 1443
f 1443 1456 1455
f 1457 1458 1459
f 1149 1460 1150
f 1455 1456 1461
f 1147 1452 1148
f 1462 1459 1463
f 1462 1463 1464
f 1462 1457 1459
f 1465 1464 1460
f 1465 1460 1149
f 1465 1462 1464
f 1466 1454 1455
f 1466 1461 1457
f 1466 1455 1461
f 1466 1457 1462
f 1467 1452 1453
f 1467 1453 1454
f 1467 1149 1148
f 1467 1462 1465
f 1467 1454 1466
f 1467 1465 1149
f 1467 1466 1462
f 1467 1148 1452
f 1468 1151 1157
f 1469 1183 1468
f 1468 1183 1151
f 1169 1181 1469
f 1469 1181 1183
f 1169 961 1181
f 1470 1471 1472
f 1470 1472 1473
f 1470 1473 1474
f 1470 1474 1475
f 1470 1475 1476
f 1470 1476 1477
f 1470 1477 1157
f 1470 1157 1156
f 1478 1156 1479
f 1478 1479 1480
f 1478 1480 1481
f 1478 1481 1482
f 1478 1482 1483
f 1478 1483 1484
f 1478 1484 1485
f 1478 1485 1471
f 1478 1471 1470
f 1478 1470 1156
f 1460 1486 1150
f 1150 1486 1156
f 1464 1487 1460
f 1460 1487 1486
f 1463 1488 1464
f 1464 1488 1487
f 1459 1489 1463
f 1463 1489 1488
f 1458 1490 1459
f 1459 1490 1489
f 1168 1169 1491
f 1168 1491 1492
f 1168 1492 1493
f 1168 1493 1494
f 1168 1494 1472
f 1495 1168 1472
f 1496 1166 1167
f 1497 1166 1496
f 1165 1164 1498
f 1499 1165 1498
f 1500 1499 1498
f 1501 1500 1498
f 1502 1501 1498
f 1503 1502 1498
f 1504 1167 1168
f 1504 1168 1495
f 1504 1496 1167
f 1505 1495 1496
f 1505 1496 1504
f 1505 1504 1495
f 1506 1164 1166
f 1506 1497 1498
f 1506 1166 1497
f 1506 1498 1164
f 1507 1508 1509
f 1509 1508 1510
f 1511 1512 1507
f 1507 1512 1508
f 1513 1514 1515
f 1515 1514 1511
f 1511 1514 1512
f 1163 1516 1513
f 1513 1516 1514
f 1163 1165 1516
f 1160 1517 1518
f 1160 1518 1158
f 1519 1517 1160
f 1520 1229 1521
f 1522 1521 1519
f 1522 1520 1521
f 1513 1162 1159
f 1513 1159 1163
f 1515 1162 1513
f 1511 1523 1515
f 1507 1523 1511
f 1509 1523 1507
f 1524 1160 1161
f 1524 1161 1162
f 1525 1519 1160
f 1525 1522 1519
f 1525 1524 1162
f 1525 1162 1515
f 1525 1515 1523
f 1525 1160 1524
f 1526 1523 1527
f 1526 1527 1522
f 1526 1522 1525
f 1526 1525 1523
f 1175 1229 1178
f 1174 1521 1175
f 1175 1521 1229
f 1174 1519 1521
f 1172 1517 1174
f 1174 1517 1519
f 1170 1518 1172
f 1172 1518 1517
f 965 1158 1170
f 1170 1158 1518
f 1199 1528 994
f 994 1528 1207
f 1200 1529 1199
f 1199 1529 1528
f 1204 1530 1200
f 1200 1530 1529
f 1204 1531 1530
f 1203 1532 1204
f 1204 1532 1531
f 1202 1209 1203
f 1203 1209 1532
f 1533 1534 1401
f 1535 1536 1533
f 1533 1536 1534
f 1208 1537 1535
f 1535 1537 1536
f 1208 1207 1537
f 1538 1539 1540
f 1213 1211 1538
f 1212 1540 1541
f 1212 1538 1540
f 1212 1213 1538
f 1210 1541 1542
f 1210 1542 1543
f 1210 1212 1541
f 1544 1545 1534
f 1546 1545 1544
f 1547 1543 1545
f 1547 1545 1546
f 1548 1210 1543
f 1548 1543 1547
f 1209 1210 1548
f 1211 1549 1538
f 1538 1549 1539
f 1539 1549 1550
f 1211 1214 1549
f 1551 1552 1553
f 1551 1553 1554
f 1219 1220 1555
f 1219 1555 1556
f 1219 1556 1552
f 1219 1551 1557
f 1219 1552 1551
f 1221 1557 1558
f 1221 1219 1557
f 1222 1221 1558
f 1549 1558 1559
f 1549 1559 1550
f 1549 1222 1558
f 1214 1222 1549
f 1218 1560 1220
f 1223 1560 1218
f 1224 1561 1223
f 1223 1561 1560
f 1226 1562 1224
f 1224 1562 1561
f 1225 1563 1226
f 1226 1563 1562
f 1037 1227 1225
f 1225 1227 1563
f 1564 1380 1554
f 1565 1566 1564
f 1564 1566 1380
f 1227 1567 1565
f 1565 1567 1566
f 1227 1228 1567
f 1229 1568 1230
f 1527 1569 1522
f 1522 1569 1520
f 1520 1569 1229
f 1229 1569 1568
f 1523 1570 1527
f 1527 1570 1569
f 1509 1571 1523
f 1523 1571 1570
f 1509 1572 1571
f 1231 1230 1573
f 1574 1238 1232
f 1575 1576 1577
f 1578 1579 1580
f 1581 1573 1582
f 1581 1582 1583
f 1581 1231 1573
f 1584 1585 1574
f 1584 1232 1231
f 1584 1231 1581
f 1584 1574 1232
f 1586 1583 1576
f 1586 1581 1583
f 1586 1576 1575
f 1587 1575 1580
f 1587 1579 1588
f 1587 1588 1585
f 1587 1585 1584
f 1587 1584 1581
f 1587 1581 1586
f 1587 1580 1579
f 1587 1586 1575
f 1589 1579 1590
f 1590 1579 1578
f 1591 1588 1589
f 1589 1588 1579
f 1592 1585 1591
f 1591 1585 1588
f 1593 1574 1592
f 1592 1574 1585
f 1237 1238 1593
f 1593 1238 1574
f 1236 1237 1593
f 1594 1234 1235
f 1595 1589 1590
f 1596 1597 1598
f 1599 1593 1592
f 1599 1592 1591
f 1599 1235 1236
f 1599 1236 1593
f 1600 1601 1594
f 1600 1594 1235
f 1600 1235 1599
f 1602 1591 1589
f 1602 1599 1591
f 1602 1589 1595
f 1603 1595 1598
f 1603 1597 1604
f 1603 1604 1601
f 1603 1601 1600
f 1603 1600 1599
f 1603 1602 1595
f 1603 1599 1602
f 1603 1598 1597
f 1605 1233 1606
f 1606 1233 1607
f 1607 1233 1234
f 1605 1250 1233
f 1608 1252 1605
f 1605 1252 1250
f 1608 1249 1252
f 1609 1246 1608
f 1608 1246 1249
f 1609 1247 1246
f 1260 1610 1261
f 1071 1257 1258
f 1258 1257 1267
f 1257 1256 1267
f 1255 1611 1256
f 1267 1611 1268
f 1268 1611 1260
f 1256 1611 1267
f 1612 1613 1254
f 1610 1613 1612
f 1260 1613 1610
f 1253 1614 1255
f 1254 1614 1253
f 1260 1614 1613
f 1613 1614 1254
f 1611 1614 1260
f 1255 1614 1611
f 1495 1472 1471
f 1496 1495 1471
f 1615 1471 1616
f 1617 1471 1615
f 1618 1503 1498
f 1618 1498 1619
f 1620 1621 1622
f 1623 1620 1624
f 1299 1625 1626
f 1299 1626 1627
f 1276 1299 1278
f 1280 1299 1276
f 1263 1299 1280
f 1259 1628 1629
f 1261 1628 1259
f 1623 1621 1620
f 1630 1497 1496
f 1630 1498 1497
f 1630 1617 1631
f 1630 1631 1622
f 1630 1621 1632
f 1630 1632 1633
f 1630 1633 1634
f 1630 1634 1635
f 1630 1635 1619
f 1630 1496 1471
f 1630 1471 1617
f 1630 1619 1498
f 1630 1622 1621
f 1636 1625 1299
f 1636 1299 1263
f 1636 1624 1637
f 1636 1637 1625
f 1636 1259 1629
f 1636 1265 1259
f 1636 1263 1265
f 1636 1629 1638
f 1636 1638 1639
f 1636 1639 1640
f 1636 1640 1623
f 1636 1623 1624
f 1277 1312 1274
f 1278 1312 1277
f 1275 1310 1283
f 1287 1308 1286
f 1308 1285 1286
f 1308 1089 1285
f 1274 1641 1275
f 1275 1641 1310
f 1310 1642 1311
f 1311 1642 1312
f 1312 1642 1274
f 1641 1642 1310
f 1274 1642 1641
f 1074 1643 1287
f 1283 1643 1074
f 1308 1644 1309
f 1309 1644 1310
f 1283 1644 1643
f 1643 1644 1287
f 1310 1644 1283
f 1287 1644 1308
f 1300 1645 1301
f 1299 1645 1300
f 1645 1646 1301
f 1289 1293 1303
f 1305 1297 1306
f 1295 1297 1305
f 1297 1088 1306
f 1289 1647 1291
f 1301 1647 1302
f 1302 1647 1303
f 1646 1647 1301
f 1303 1647 1289
f 1291 1648 1646
f 1647 1648 1291
f 1646 1648 1647
f 1295 1649 1293
f 1303 1649 1304
f 1304 1649 1305
f 1293 1649 1303
f 1305 1649 1295
f 1650 1330 1651
f 1651 1330 1329
f 1329 1333 1651
f 1333 1325 1651
f 1650 1358 1330
f 1325 1314 1651
f 1317 1652 1313
f 1313 1652 1314
f 1314 1652 1651
f 1652 1290 1653
f 1317 1290 1652
f 1290 1291 1653
f 1344 1367 1345
f 1348 1340 1349
f 1349 1341 1103
f 1340 1341 1349
f 1345 1654 1346
f 1346 1654 1347
f 1347 1654 1364
f 1364 1655 1365
f 1365 1655 1367
f 1367 1655 1345
f 1345 1655 1654
f 1654 1655 1364
f 1347 1656 1348
f 1364 1656 1347
f 1348 1656 1340
f 1104 1657 1363
f 1363 1657 1364
f 1340 1657 1104
f 1364 1657 1656
f 1656 1657 1340
f 1343 1357 1658
f 1357 1356 1658
f 1102 1362 1351
f 1351 1362 1352
f 1352 1361 1353
f 1362 1361 1352
f 1361 1360 1353
f 1355 1659 1356
f 1658 1659 1660
f 1660 1659 1358
f 1356 1659 1658
f 1353 1661 1354
f 1354 1661 1355
f 1359 1661 1360
f 1358 1661 1359
f 1659 1661 1358
f 1355 1661 1659
f 1360 1661 1353
f 1113 1379 1392
f 1380 1566 1381
f 1392 1662 1391
f 1388 1662 1386
f 1386 1662 1379
f 1379 1662 1392
f 1389 1663 1228
f 1390 1663 1389
f 1391 1663 1390
f 1662 1663 1391
f 1388 1663 1662
f 1567 1664 1566
f 1228 1664 1567
f 1381 1664 1388
f 1388 1664 1663
f 1663 1664 1228
f 1566 1664 1381
f 1427 1404 1403
f 1427 1405 1404
f 1427 1410 1405
f 1545 1402 1401
f 1545 1401 1534
f 1665 1427 1666
f 1667 1427 1665
f 1668 1669 1539
f 1550 1670 1668
f 1382 1551 1554
f 1382 1554 1380
f 1343 1375 1370
f 1343 1370 1366
f 1343 1671 1672
f 1343 1672 1673
f 1344 1343 1366
f 1539 1550 1668
f 1674 1669 1675
f 1674 1675 1666
f 1674 1403 1402
f 1674 1540 1539
f 1674 1541 1540
f 1674 1542 1541
f 1674 1543 1542
f 1674 1545 1543
f 1674 1427 1403
f 1674 1402 1545
f 1674 1666 1427
f 1674 1539 1669
f 1676 1557 1551
f 1676 1558 1557
f 1676 1559 1558
f 1676 1550 1559
f 1676 1343 1673
f 1676 1378 1375
f 1676 1382 1378
f 1676 1673 1677
f 1676 1375 1343
f 1676 1677 1670
f 1676 1670 1550
f 1676 1551 1382
f 1400 1533 1401
f 1126 1396 1397
f 1397 1396 1398
f 1396 1395 1398
f 1394 1678 1395
f 1398 1678 1399
f 1399 1678 1400
f 1395 1678 1398
f 1535 1679 1208
f 1533 1679 1535
f 1400 1679 1533
f 1393 1680 1394
f 1208 1680 1393
f 1400 1680 1679
f 1394 1680 1678
f 1679 1680 1208
f 1678 1680 1400
f 1415 1436 1143
f 1408 1439 1407
f 1409 1440 1408
f 1408 1440 1439
f 1409 1410 1440
f 1407 1681 1406
f 1406 1681 1122
f 1414 1681 1415
f 1122 1681 1414
f 1436 1681 1437
f 1415 1681 1436
f 1437 1682 1438
f 1438 1682 1439
f 1681 1682 1437
f 1439 1682 1407
f 1407 1682 1681
f 1142 1434 1417
f 1434 1433 1417
f 1433 1418 1417
f 1433 1432 1418
f 1427 1683 1428
f 1428 1683 1429
f 1683 1684 1429
f 1430 1685 1431
f 1431 1685 1432
f 1422 1685 1424
f 1420 1685 1422
f 1418 1685 1420
f 1432 1685 1418
f 1424 1686 1684
f 1429 1686 1430
f 1430 1686 1685
f 1684 1686 1429
f 1685 1686 1424
f 1424 1687 1425
f 1687 1688 1425
f 1688 1445 1425
f 1688 1441 1445
f 1688 1442 1441
f 1456 1689 1461
f 1461 1689 1457
f 1457 1689 1458
f 1458 1690 1490
f 1689 1690 1458
f 1688 1689 1442
f 1442 1689 1456
f 1169 1469 1491
f 1494 1473 1472
f 1157 1477 1468
f 1493 1691 1494
f 1473 1691 1474
f 1494 1691 1473
f 1474 1691 1493
f 1491 1692 1492
f 1476 1692 1477
f 1468 1692 1469
f 1469 1692 1491
f 1477 1692 1468
f 1492 1693 1493
f 1474 1693 1475
f 1475 1693 1476
f 1476 1693 1692
f 1493 1693 1474
f 1692 1693 1492
f 1471 1485 1694
f 1485 1484 1694
f 1156 1486 1479
f 1479 1486 1480
f 1480 1487 1481
f 1486 1487 1480
f 1487 1488 1481
f 1694 1695 1696
f 1696 1695 1490
f 1483 1695 1484
f 1484 1695 1694
f 1489 1697 1488
f 1490 1697 1489
f 1481 1697 1482
f 1482 1697 1483
f 1695 1697 1490
f 1488 1697 1481
f 1483 1697 1695
f 1165 1499 1516
f 1503 1698 1502
f 1516 1699 1514
f 1501 1699 1500
f 1500 1699 1499
f 1499 1699 1516
f 1508 1700 1510
f 1512 1700 1508
f 1514 1700 1512
f 1699 1700 1514
f 1501 1700 1699
f 1510 1701 1702
f 1702 1701 1698
f 1502 1701 1501
f 1501 1701 1700
f 1700 1701 1510
f 1698 1701 1502
f 1530 1531 1548
f 1531 1532 1548
f 1532 1209 1548
f 1537 1207 1528
f 1534 1703 1544
f 1544 1703 1546
f 1546 1703 1547
f 1536 1704 1534
f 1537 1704 1536
f 1703 1704 1528
f 1534 1704 1703
f 1528 1704 1537
f 1547 1705 1548
f 1529 1705 1528
f 1530 1705 1529
f 1548 1705 1530
f 1528 1705 1703
f 1703 1705 1547
f 1565 1563 1227
f 1561 1555 1560
f 1556 1555 1561
f 1555 1220 1560
f 1564 1706 1565
f 1554 1706 1564
f 1565 1706 1563
f 1552 1707 1553
f 1553 1707 1554
f 1554 1707 1706
f 1706 1707 1563
f 1556 1708 1552
f 1562 1708 1561
f 1563 1708 1562
f 1552 1708 1707
f 1707 1708 1563
f 1561 1708 1556
f 1510 1709 1509
f 1709 1572 1509
f 1710 1711 1712
f 1713 1711 1710
f 1571 1572 1714
f 1571 1714 1715
f 1570 1715 1713
f 1570 1710 1716
f 1570 1713 1710
f 1570 1571 1715
f 1576 1717 1577
f 1569 1716 1717
f 1569 1570 1716
f 1583 1717 1576
f 1568 1569 1717
f 1568 1717 1583
f 1582 1568 1583
f 1573 1568 1582
f 1230 1568 1573
f 1718 1719 1720
f 1578 1721 1718
f 1578 1718 1720
f 1580 1721 1578
f 1712 1722 1721
f 1712 1721 1580
f 1575 1712 1580
f 1710 1712 1575
f 1716 1575 1577
f 1716 1710 1575
f 1717 1716 1577
f 1723 1590 1720
f 1720 1590 1578
f 1723 1724 1725
f 1723 1725 1726
f 1598 1727 1728
f 1598 1728 1729
f 1598 1729 1596
f 1595 1726 1730
f 1595 1730 1727
f 1595 1727 1598
f 1590 1723 1726
f 1590 1726 1595
f 1608 1731 1609
f 1732 1731 1608
f 1728 1727 1733
f 1728 1733 1734
f 1728 1734 1732
f 1728 1608 1605
f 1728 1732 1608
f 1594 1606 1607
f 1594 1607 1234
f 1729 1605 1606
f 1729 1728 1605
f 1601 1729 1606
f 1601 1606 1594
f 1604 1729 1601
f 1597 1729 1604
f 1596 1729 1597
f 1254 1247 1735
f 1735 1247 1609
f 1702 1709 1510
f 1698 1736 1702
f 1702 1736 1709
f 1503 1737 1698
f 1698 1737 1736
f 1503 1618 1737
f 1619 1738 1618
f 1739 1738 1619
f 1721 1722 1740
f 1721 1740 1741
f 1721 1741 1739
f 1721 1635 1634
f 1721 1619 1635
f 1721 1739 1619
f 1718 1634 1633
f 1718 1721 1634
f 1719 1633 1632
f 1719 1718 1633
f 1742 1632 1621
f 1742 1719 1632
f 1720 1719 1742
f 1742 1723 1720
f 1742 1743 1723
f 1621 1623 1742
f 1742 1623 1743
f 1743 1623 1640
f 1639 1743 1640
f 1724 1723 1743
f 1725 1639 1638
f 1725 1743 1639
f 1725 1724 1743
f 1726 1638 1629
f 1726 1725 1638
f 1744 1629 1628
f 1745 1629 1744
f 1746 1629 1745
f 1747 1726 1629
f 1747 1629 1746
f 1730 1726 1747
f 1748 1254 1735
f 1749 1612 1748
f 1748 1612 1254
f 1628 1610 1749
f 1749 1610 1612
f 1628 1261 1610
f 1750 1299 1627
f 1751 1645 1750
f 1750 1645 1299
f 1653 1646 1751
f 1751 1646 1645
f 1653 1291 1646
f 1752 1753 1754
f 1625 1637 1755
f 1756 1757 1758
f 1627 1626 1759
f 1760 1755 1761
f 1760 1761 1762
f 1760 1762 1753
f 1760 1753 1752
f 1760 1625 1755
f 1763 1626 1625
f 1763 1752 1757
f 1763 1760 1752
f 1763 1625 1760
f 1764 1756 1765
f 1764 1765 1766
f 1764 1766 1759
f 1764 1626 1763
f 1764 1757 1756
f 1764 1763 1757
f 1764 1759 1626
f 1767 1631 1768
f 1767 1768 1769
f 1767 1769 1770
f 1767 1770 1771
f 1767 1771 1772
f 1767 1772 1773
f 1767 1622 1631
f 1767 1773 1622
f 1774 1773 1775
f 1774 1620 1622
f 1774 1622 1773
f 1774 1775 1620
f 1776 1775 1777
f 1776 1624 1620
f 1776 1620 1775
f 1778 1777 1779
f 1778 1776 1777
f 1778 1624 1776
f 1778 1779 1624
f 1780 1779 1754
f 1780 1755 1637
f 1780 1761 1755
f 1780 1762 1761
f 1780 1753 1762
f 1780 1754 1753
f 1780 1637 1624
f 1780 1624 1779
f 1617 1768 1631
f 1781 1772 1771
f 1782 1615 1616
f 1783 1784 1785
f 1786 1784 1783
f 1787 1769 1768
f 1787 1770 1769
f 1787 1771 1770
f 1787 1768 1617
f 1787 1781 1771
f 1788 1784 1781
f 1788 1617 1615
f 1788 1787 1617
f 1788 1781 1787
f 1789 1782 1790
f 1789 1790 1785
f 1789 1784 1788
f 1789 1615 1782
f 1789 1788 1615
f 1789 1785 1784
f 1694 1791 1471
f 1471 1791 1616
f 1696 1792 1694
f 1694 1792 1791
f 1490 1690 1696
f 1696 1690 1792
f 1793 1758 1794
f 1793 1795 1758
f 1796 1795 1793
f 1797 1798 1799
f 1652 1653 1798
f 1652 1798 1797
f 1800 1796 1801
f 1800 1801 1797
f 1800 1799 1802
f 1800 1802 1795
f 1800 1795 1796
f 1800 1797 1799
f 1803 1793 1804
f 1804 1793 1794
f 1805 1796 1803
f 1803 1796 1793
f 1806 1801 1805
f 1805 1801 1796
f 1807 1797 1806
f 1806 1797 1801
f 1651 1652 1807
f 1807 1652 1797
f 1808 1803 1804
f 1808 1804 1809
f 1810 1803 1808
f 1811 1807 1806
f 1650 1651 1807
f 1650 1807 1811
f 1812 1810 1813
f 1812 1813 1811
f 1812 1806 1805
f 1812 1805 1803
f 1812 1803 1810
f 1812 1811 1806
f 1814 1660 1650
f 1650 1660 1358
f 1815 1658 1814
f 1814 1658 1660
f 1671 1343 1815
f 1815 1343 1658
f 1684 1687 1424
f 1683 1816 1684
f 1684 1816 1687
f 1427 1817 1683
f 1683 1817 1816
f 1427 1667 1817
f 1818 1819 1820
f 1666 1675 1821
f 1822 1823 1824
f 1667 1665 1825
f 1826 1821 1827
f 1826 1827 1828
f 1826 1828 1819
f 1826 1819 1818
f 1826 1666 1821
f 1829 1665 1666
f 1829 1818 1823
f 1829 1826 1818
f 1829 1666 1826
f 1830 1822 1831
f 1830 1831 1832
f 1830 1832 1825
f 1830 1665 1829
f 1830 1823 1822
f 1830 1829 1823
f 1830 1825 1665
f 1833 1670 1677
f 1833 1677 1834
f 1833 1834 1835
f 1833 1835 1836
f 1833 1836 1837
f 1833 1837 1838
f 1833 1838 1839
f 1833 1839 1670
f 1840 1668 1670
f 1840 1839 1841
f 1840 1670 1839
f 1840 1841 1668
f 1842 1669 1668
f 1842 1841 1843
f 1842 1668 1841
f 1844 1843 1845
f 1844 1669 1842
f 1844 1842 1843
f 1844 1845 1669
f 1846 1821 1675
f 1846 1827 1821
f 1846 1828 1827
f 1846 1819 1828
f 1846 1820 1819
f 1846 1675 1669
f 1846 1845 1820
f 1846 1669 1845
f 1673 1834 1677
f 1847 1838 1837
f 1848 1672 1671
f 1849 1850 1851
f 1809 1850 1849
f 1852 1835 1834
f 1852 1836 1835
f 1852 1837 1836
f 1852 1834 1673
f 1852 1847 1837
f 1853 1850 1847
f 1853 1673 1672
f 1853 1852 1673
f 1853 1847 1852
f 1854 1848 1855
f 1854 1855 1851
f 1854 1850 1853
f 1854 1672 1848
f 1854 1853 1672
f 1854 1851 1850
f 1856 1824 1857
f 1856 1858 1824
f 1859 1858 1856
f 1860 1861 1862
f 1688 1687 1861
f 1688 1861 1860
f 1863 1859 1864
f 1863 1864 1860
f 1863 1862 1865
f 1863 1865 1858
f 1863 1858 1859
f 1863 1860 1862
f 1866 1856 1867
f 1867 1856 1857
f 1868 1859 1866
f 1866 1859 1856
f 1869 1864 1868
f 1868 1864 1859
f 1870 1860 1869
f 1869 1860 1864
f 1689 1688 1870
f 1870 1688 1860
f 1871 1866 1867
f 1871 1867 1786
f 1872 1866 1871
f 1873 1870 1869
f 1690 1689 1870
f 1690 1870 1873
f 1874 1872 1875
f 1874 1875 1873
f 1874 1869 1868
f 1874 1868 1866
f 1874 1866 1872
f 1874 1873 1869
f 1876 1714 1709
f 1709 1714 1572
f 1877 1715 1876
f 1876 1715 1714
f 1878 1713 1877
f 1877 1713 1715
f 1879 1711 1878
f 1878 1711 1713
f 1722 1712 1879
f 1879 1712 1711
f 1730 1733 1727
f 1880 1733 1730
f 1881 1734 1882
f 1882 1734 1880
f 1880 1734 1733
f 1883 1732 1881
f 1881 1732 1734
f 1884 1731 1883
f 1883 1731 1732
f 1735 1609 1884
f 1884 1609 1731
f 1736 1876 1709
f 1878 1740 1879
f 1741 1740 1878
f 1740 1722 1879
f 1737 1885 1736
f 1618 1885 1737
f 1736 1885 1876
f 1739 1886 1738
f 1738 1886 1618
f 1618 1886 1885
f 1885 1886 1876
f 1877 1887 1878
f 1876 1887 1877
f 1741 1887 1739
f 1886 1887 1876
f 1739 1887 1886
f 1878 1887 1741
f 1881 1882 1747
f 1882 1880 1747
f 1880 1730 1747
f 1748 1735 1884
f 1628 1888 1744
f 1744 1888 1745
f 1745 1888 1746
f 1749 1889 1628
f 1748 1889 1749
f 1628 1889 1888
f 1888 1889 1884
f 1884 1889 1748
f 1883 1890 1884
f 1881 1890 1883
f 1746 1890 1747
f 1888 1890 1746
f 1747 1890 1881
f 1884 1890 1888
f 1759 1750 1627
f 1758 1795 1756
f 1756 1891 1765
f 1765 1891 1766
f 1802 1891 1795
f 1795 1891 1756
f 1766 1892 1759
f 1751 1892 1653
f 1750 1892 1751
f 1759 1892 1750
f 1653 1893 1798
f 1798 1893 1799
f 1799 1893 1802
f 1891 1893 1766
f 1892 1893 1653
f 1802 1893 1891
f 1766 1893 1892
f 1894 1895 1896
f 1894 1896 1897
f 1894 1897 1898
f 1779 1899 1895
f 1779 1894 1754
f 1779 1895 1894
f 1777 1900 1899
f 1777 1899 1779
f 1775 1901 1902
f 1775 1902 1900
f 1775 1900 1777
f 1773 1901 1775
f 1903 1901 1773
f 1904 1905 1906
f 1904 1906 1907
f 1904 1907 1903
f 1904 1903 1773
f 1772 1904 1773
f 1786 1783 1871
f 1871 1785 1872
f 1783 1785 1871
f 1616 1791 1782
f 1782 1908 1790
f 1790 1908 1785
f 1872 1908 1875
f 1785 1908 1872
f 1875 1909 1873
f 1873 1909 1690
f 1908 1909 1875
f 1782 1909 1908
f 1792 1910 1791
f 1690 1910 1792
f 1782 1910 1909
f 1909 1910 1690
f 1791 1910 1782
f 1911 1804 1912
f 1912 1804 1794
f 1809 1849 1808
f 1808 1851 1810
f 1849 1851 1808
f 1671 1815 1848
f 1848 1913 1855
f 1855 1913 1851
f 1810 1913 1813
f 1851 1913 1810
f 1813 1914 1811
f 1811 1914 1650
f 1913 1914 1813
f 1848 1914 1913
f 1814 1915 1815
f 1650 1915 1814
f 1848 1915 1914
f 1914 1915 1650
f 1815 1915 1848
f 1825 1817 1667
f 1824 1858 1822
f 1865 1916 1858
f 1822 1916 1831
f 1831 1916 1832
f 1858 1916 1822
f 1816 1917 1687
f 1817 1917 1816
f 1832 1917 1825
f 1825 1917 1817
f 1687 1918 1861
f 1861 1918 1862
f 1862 1918 1865
f 1832 1918 1917
f 1917 1918 1687
f 1865 1918 1916
f 1916 1918 1832
f 1919 1920 1921
f 1919 1921 1922
f 1919 1922 1923
f 1845 1924 1920
f 1845 1919 1820
f 1845 1920 1919
f 1843 1925 1924
f 1843 1924 1845
f 1841 1926 1927
f 1841 1927 1925
f 1841 1925 1843
f 1839 1926 1841
f 1928 1926 1839
f 1929 1930 1931
f 1929 1931 1932
f 1929 1932 1928
f 1929 1928 1839
f 1838 1929 1839
f 1867 1933 1934
f 1857 1933 1867
f 1935 1936 1937
f 1937 1936 1938
f 1895 1899 1935
f 1935 1899 1936
f 1899 1939 1936
f 1899 1900 1939
f 1940 1901 1941
f 1902 1901 1940
f 1902 1942 1900
f 1939 1942 1943
f 1943 1942 1940
f 1900 1942 1939
f 1940 1942 1902
f 1944 1945 1946
f 1946 1945 1947
f 1947 1945 1903
f 1903 1945 1901
f 1941 1945 1944
f 1901 1945 1941
f 1838 1948 1929
f 1847 1911 1949
f 1847 1949 1948
f 1847 1948 1838
f 1850 1911 1847
f 1804 1850 1809
f 1804 1911 1850
f 1757 1912 1794
f 1758 1757 1794
f 1752 1950 1951
f 1752 1951 1912
f 1752 1912 1757
f 1754 1894 1950
f 1754 1950 1752
f 1952 1953 1938
f 1954 1953 1952
f 1955 1956 1953
f 1955 1953 1954
f 1911 1912 1956
f 1911 1956 1955
f 1957 1926 1928
f 1952 1958 1959
f 1959 1958 1957
f 1957 1958 1926
f 1926 1960 1927
f 1958 1960 1926
f 1961 1924 1925
f 1961 1962 1924
f 1961 1963 1964
f 1964 1963 1960
f 1927 1963 1925
f 1960 1963 1927
f 1925 1963 1961
f 1920 1965 1966
f 1966 1965 1967
f 1967 1965 1968
f 1968 1965 1962
f 1924 1965 1920
f 1962 1965 1924
f 1772 1969 1904
f 1781 1934 1970
f 1781 1970 1969
f 1781 1969 1772
f 1784 1934 1781
f 1867 1784 1786
f 1867 1934 1784
f 1823 1933 1857
f 1824 1823 1857
f 1818 1971 1972
f 1818 1972 1933
f 1818 1933 1823
f 1820 1919 1971
f 1820 1971 1818
f 1973 1974 1934
f 1973 1934 1933
f 1975 1944 1976
f 1975 1976 1974
f 1975 1974 1973
f 1968 1944 1975
f 1944 1946 1976
f 1976 1970 1974
f 1974 1970 1934
f 1946 1970 1976
f 1903 1907 1947
f 1907 1906 1947
f 1947 1969 1946
f 1946 1969 1970
f 1906 1969 1947
f 1906 1905 1969
f 1905 1904 1969
f 1968 1941 1944
f 1962 1941 1968
f 1961 1943 1940
f 1961 1940 1941
f 1961 1941 1962
f 1964 1943 1961
f 1964 1939 1943
f 1960 1939 1964
f 1958 1938 1936
f 1958 1936 1939
f 1958 1939 1960
f 1952 1938 1958
f 1912 1951 1956
f 1951 1953 1956
f 1894 1898 1950
f 1950 1937 1951
f 1953 1937 1938
f 1951 1937 1953
f 1898 1897 1950
f 1950 1935 1937
f 1897 1935 1950
f 1897 1896 1935
f 1896 1895 1935
f 1929 1948 1930
f 1948 1931 1930
f 1931 1957 1932
f 1932 1957 1928
f 1948 1957 1931
f 1911 1955 1949
f 1949 1959 1948
f 1948 1959 1957
f 1955 1954 1949
f 1949 1954 1959
f 1954 1952 1959
f 1920 1966 1921
f 1966 1922 1921
f 1967 1971 1966
f 1922 1971 1923
f 1923 1971 1919
f 1966 1971 1922
f 1968 1975 1967
f 1967 1972 1971
f 1975 1972 1967
f 1975 1973 1972
f 1973 1933 1972
f 1977 1978 1979
f 1980 1981 1982
f 1983 1984 1985
f 1985 1984 1977
f 1978 1984 1986
f 1977 1984 1978
f 1980 1987 1988
f 1988 1987 1983
f 1986 1987 1982
f 1983 1987 1984
f 1984 1987 1986
f 1982 1987 1980
f 1989 1977 1979
f 1989 1979 1990
f 1991 1983 1985
f 1991 1985 1992
f 1993 1989 1992
f 1993 1985 1977
f 1993 1977 1989
f 1993 1992 1985
f 1978 1994 1979
f 1986 1995 1978
f 1978 1995 1994
f 1982 1996 1986
f 1986 1996 1995
f 1981 1997 1982
f 1982 1997 1996
f 1981 1998 1997
f 1999 1997 1998
f 2000 2001 2002
f 2003 2001 2000
f 2004 2005 1999
f 1997 2005 1996
f 1999 2005 1997
f 2002 2006 2004
f 2007 2006 2008
f 2008 2006 2001
f 2004 2006 2005
f 2001 2006 2002
f 1995 2009 1994
f 1996 2009 1995
f 2005 2009 1996
f 1994 2010 2011
f 2011 2010 2007
f 2009 2010 1994
f 2006 2010 2005
f 2005 2010 2009
f 2007 2010 2006
f 1980 2012 2013
f 1980 2013 1981
f 1983 2014 2015
f 1983 2015 1988
f 2016 1980 1988
f 2016 2015 2012
f 2016 2012 1980
f 2016 1988 2015
f 2017 2018 2019
f 2017 2019 2020
f 2017 2020 2021
f 2017 2021 1991
f 2017 1991 1992
f 2017 1992 1989
f 2017 1989 1990
f 2017 1990 2018
f 2014 1983 1991
f 1994 2022 1979
f 1979 2023 1990
f 2022 2023 1979
f 1994 2024 2022
f 1990 2025 2018
f 2018 2025 2026
f 2026 2025 2027
f 2023 2025 1990
f 1998 2028 1999
f 1999 2028 2004
f 2004 2028 2002
f 2002 2028 2000
f 2000 2028 2003
f 2028 2029 2003
f 2003 2030 2031
f 2029 2030 2003
f 2030 2032 2031
f 1994 2033 2024
f 2011 2034 2033
f 2011 2033 1994
f 2007 2035 2034
f 2007 2034 2011
f 2008 2036 2035
f 2008 2035 2007
f 2001 2037 2036
f 2001 2036 2008
f 2003 2037 2001
f 2038 2014 2039
f 2038 2015 2014
f 2040 2013 2012
f 2040 2012 2041
f 2042 2013 2040
f 2043 2038 2041
f 2043 2012 2015
f 2043 2015 2038
f 2043 2041 2012
f 2013 1998 1981
f 2044 1998 2045
f 2046 2013 2042
f 2046 1998 2013
f 2046 2045 1998
f 2047 1998 2044
f 2028 2047 2048
f 2028 2048 2049
f 2028 1998 2047
f 2050 2046 2042
f 2051 2028 2049
f 2052 2053 2054
f 2054 2053 2055
f 2055 2053 2050
f 2050 2056 2046
f 2053 2056 2050
f 2048 2057 2058
f 2048 2058 2049
f 2059 2048 2047
f 2059 2057 2048
f 2060 2047 2044
f 2060 2059 2047
f 2045 2060 2044
f 2046 2060 2045
f 2061 2057 2062
f 2062 2057 2059
f 2063 2064 2052
f 2062 2064 2063
f 2052 2064 2053
f 2060 2064 2059
f 2059 2064 2062
f 2053 2065 2056
f 2056 2065 2046
f 2046 2065 2060
f 2064 2065 2053
f 2060 2065 2064
f 2061 2062 2066
f 2066 2067 2068
f 2063 2069 2062
f 2062 2069 2066
f 2066 2069 2067
f 2063 2070 2069
f 2052 2071 2063
f 2063 2071 2070
f 2071 2072 2070
f 2073 2038 2039
f 2074 2075 2073
f 2038 2075 2041
f 2073 2075 2038
f 2076 2077 2074
f 2078 2077 2076
f 2074 2077 2075
f 2075 2077 2078
f 2041 2079 2040
f 2040 2079 2080
f 2078 2079 2075
f 2075 2079 2041
f 2081 2082 2078
f 2080 2082 2081
f 2078 2082 2079
f 2079 2082 2080
f 2083 1991 2021
f 2084 2039 2085
f 2085 2039 2083
f 2083 2039 1991
f 2039 2014 1991
f 2086 2055 2050
f 2054 2055 2086
f 2071 2052 2054
f 2071 2086 2087
f 2071 2054 2086
f 2088 2087 2089
f 2088 2071 2087
f 2090 2071 2088
f 2072 2071 2090
f 2091 2072 2090
f 2020 2092 2093
f 2020 2093 2021
f 2018 2026 2094
f 2018 2094 2019
f 2095 2094 2092
f 2095 2020 2019
f 2095 2092 2020
f 2095 2019 2094
f 2027 2094 2026
f 2096 2094 2027
f 2097 2093 2092
f 2098 2093 2097
f 2099 2096 2097
f 2099 2092 2094
f 2099 2094 2096
f 2099 2097 2092
f 2100 2101 2102
f 2100 2103 2101
f 2100 2104 2103
f 2100 2102 2098
f 2100 2098 2097
f 2100 2097 2096
f 2100 2096 2027
f 2100 2027 2104
f 2105 2104 2027
f 2105 2027 2025
f 2106 2107 2104
f 2106 2104 2105
f 2108 2109 2107
f 2108 2110 2109
f 2108 2107 2106
f 2111 2112 2110
f 2111 2113 2112
f 2111 2110 2108
f 2114 2115 2113
f 2114 2113 2111
f 2116 2115 2114
f 2117 2118 2119
f 2120 2119 2121
f 2120 2117 2119
f 2122 2118 2117
f 2116 2123 2124
f 2116 2124 2115
f 2116 2121 2123
f 2116 2120 2121
f 2125 2126 2127
f 2128 2129 2130
f 2128 2130 2126
f 2128 2126 2125
f 2131 2132 2129
f 2131 2129 2128
f 2133 2122 2132
f 2133 2132 2131
f 2118 2122 2133
f 2134 2135 2136
f 2137 2134 2136
f 2119 2138 2139
f 2121 2119 2139
f 2140 2137 2139
f 2140 2138 2134
f 2140 2134 2137
f 2140 2139 2138
f 2141 2142 2143
f 2138 2119 2144
f 2135 2145 2146
f 2147 2148 2144
f 2138 2148 2134
f 2134 2148 2135
f 2135 2148 2145
f 2145 2148 2147
f 2144 2148 2138
f 2146 2149 2143
f 2141 2149 2147
f 2143 2149 2141
f 2145 2149 2146
f 2147 2149 2145
f 2150 2125 2127
f 2150 2127 2151
f 2150 2152 2153
f 2150 2151 2152
f 2154 2132 2122
f 2154 2155 2132
f 2155 2129 2132
f 2155 2156 2129
f 2157 2158 2159
f 2160 2161 2156
f 2129 2161 2130
f 2130 2161 2126
f 2126 2161 2127
f 2156 2161 2129
f 2163 2162 2158
f 2127 2162 2163
f 2159 2162 2160
f 2160 2162 2161
f 2158 2162 2159
f 2161 2162 2127
f 2031 2037 2003
f 2164 2031 2165
f 2166 2037 2031
f 2166 2031 2164
f 2167 2168 2169
f 2024 2033 2170
f 2170 2034 2171
f 2033 2034 2170
f 2171 2035 2172
f 2034 2035 2171
f 2173 2174 2037
f 2168 2174 2173
f 2175 2174 2167
f 2167 2174 2168
f 2037 2176 2036
f 2036 2176 2035
f 2172 2176 2175
f 2035 2176 2172
f 2175 2176 2174
f 2174 2176 2037
f 2058 2051 2049
f 2058 2177 2051
f 2057 2178 2058
f 2058 2178 2177
f 2091 2179 2072
f 2180 2070 2179
f 2179 2070 2072
f 2181 2067 2069
f 2181 2182 2067
f 2182 2068 2067
f 2181 2183 2180
f 2070 2183 2069
f 2180 2183 2070
f 2069 2183 2181
f 2184 2185 2186
f 2187 2185 2184
f 2188 2185 2187
f 2185 2179 2091
f 2185 2180 2179
f 2185 2181 2180
f 2185 2182 2181
f 2188 2182 2185
f 2178 2061 2066
f 2178 2057 2061
f 2068 2178 2066
f 2189 2178 2068
f 2190 2189 2068
f 2191 2190 2068
f 2040 2080 2042
f 2080 2081 2042
f 2076 2192 2078
f 2078 2192 2081
f 2081 2192 2042
f 2042 2086 2050
f 2192 2086 2042
f 2192 2087 2086
f 2192 2089 2087
f 2192 2193 2194
f 2074 2192 2076
f 2074 2193 2192
f 2073 2195 2193
f 2073 2193 2074
f 2039 2084 2195
f 2039 2195 2073
f 2185 2091 2090
f 2185 2090 2088
f 2185 2088 2089
f 2185 2089 2196
f 2197 2186 2185
f 2197 2196 2198
f 2197 2198 2199
f 2197 2199 2200
f 2197 2200 2186
f 2197 2185 2196
f 2021 2093 2083
f 2085 2201 2084
f 2083 2201 2085
f 2084 2201 2202
f 2203 2201 2204
f 2205 2201 2203
f 2202 2201 2205
f 2204 2201 2093
f 2093 2201 2083
f 2206 2184 2207
f 2207 2184 2186
f 2208 2187 2206
f 2206 2187 2184
f 2208 2188 2187
f 2206 2209 2208
f 2207 2209 2206
f 2210 2211 2212
f 2210 2212 2213
f 2210 2213 2123
f 2210 2123 2121
f 2210 2121 2139
f 2210 2139 2137
f 2210 2137 2136
f 2210 2136 2211
f 2136 2135 2214
f 2141 2125 2142
f 2147 2215 2141
f 2141 2215 2125
f 2144 2216 2147
f 2147 2216 2215
f 2119 2217 2144
f 2144 2217 2216
f 2119 2118 2217
f 2125 2219 2218
f 2125 2220 2219
f 2220 2150 2221
f 2125 2150 2220
f 2222 2214 2135
f 2146 2222 2135
f 2223 2224 2143
f 2142 2223 2143
f 2225 2146 2143
f 2225 2224 2222
f 2225 2222 2146
f 2225 2143 2224
f 2226 2227 2228
f 2226 2228 2229
f 2115 2124 2230
f 2115 2230 2231
f 2232 2226 2231
f 2232 2230 2227
f 2232 2227 2226
f 2232 2231 2230
f 2233 2234 2113
f 2233 2235 2234
f 2233 2236 2235
f 2233 2113 2115
f 2233 2115 2231
f 2233 2231 2226
f 2233 2226 2229
f 2233 2229 2236
f 2204 2098 2102
f 2204 2093 2098
f 2109 2237 2107
f 2238 2237 2109
f 2110 2238 2109
f 2239 2110 2112
f 2239 2238 2110
f 2240 2239 2112
f 2234 2112 2113
f 2234 2240 2112
f 2235 2240 2234
f 2236 2240 2235
f 2241 2237 2102
f 2241 2102 2101
f 2241 2101 2103
f 2241 2103 2104
f 2241 2104 2107
f 2241 2107 2237
f 2242 2243 2244
f 2244 2243 2245
f 2246 2247 2242
f 2242 2247 2243
f 2243 2203 2204
f 2247 2203 2243
f 2247 2205 2203
f 2247 2202 2205
f 2248 2245 2249
f 2248 2244 2245
f 2250 2242 2248
f 2248 2242 2244
f 2251 2246 2250
f 2250 2246 2242
f 2249 2252 2248
f 2248 2252 2250
f 2250 2252 2251
f 2251 2252 2253
f 2254 2252 2255
f 2256 2252 2254
f 2253 2252 2256
f 2255 2252 2249
f 2152 2151 2257
f 2258 2259 2260
f 2261 2150 2153
f 2262 2263 2264
f 2265 2257 2266
f 2265 2152 2257
f 2267 2266 2259
f 2267 2259 2258
f 2267 2265 2266
f 2268 2269 2261
f 2268 2153 2152
f 2268 2261 2153
f 2268 2152 2265
f 2270 2263 2269
f 2270 2258 2264
f 2270 2265 2267
f 2270 2269 2268
f 2270 2267 2258
f 2270 2268 2265
f 2270 2264 2263
f 2271 2257 2151
f 2272 2260 2259
f 2273 2274 2275
f 2276 2274 2273
f 2277 2278 2276
f 2279 2278 2277
f 2280 2266 2257
f 2280 2259 2266
f 2280 2271 2274
f 2280 2278 2272
f 2280 2257 2271
f 2280 2272 2259
f 2280 2274 2276
f 2280 2276 2278
f 2221 2150 2261
f 2221 2261 2269
f 2221 2269 2263
f 2221 2263 2262
f 2281 2221 2262
f 2220 2221 2281
f 2219 2281 2282
f 2219 2220 2281
f 2218 2219 2282
f 2273 2275 2283
f 2284 2273 2283
f 2276 2273 2284
f 2285 2276 2284
f 2277 2276 2285
f 2286 2277 2285
f 2279 2277 2286
f 2287 2279 2286
f 2158 2151 2163
f 2163 2151 2127
f 2158 2271 2151
f 2157 2274 2158
f 2158 2274 2271
f 2157 2275 2274
f 2288 2289 2290
f 2291 2289 2288
f 2159 2292 2157
f 2160 2292 2159
f 2120 2116 2293
f 2154 2117 2155
f 2122 2117 2154
f 2294 2288 2292
f 2294 2160 2156
f 2294 2156 2155
f 2294 2117 2120
f 2294 2295 2291
f 2294 2296 2295
f 2294 2293 2296
f 2294 2291 2288
f 2294 2120 2293
f 2294 2292 2160
f 2294 2155 2117
f 2114 2296 2293
f 2114 2293 2116
f 2297 2290 2289
f 2298 2105 2025
f 2299 2300 2301
f 2302 2111 2108
f 2302 2303 2304
f 2305 2306 2301
f 2305 2307 2306
f 2305 2308 2307
f 2305 2298 2308
f 2305 2105 2298
f 2305 2301 2300
f 2309 2289 2291
f 2309 2291 2295
f 2309 2295 2296
f 2309 2296 2114
f 2309 2297 2289
f 2310 2114 2111
f 2310 2304 2297
f 2310 2309 2114
f 2310 2297 2309
f 2310 2111 2302
f 2310 2302 2304
f 2311 2108 2106
f 2311 2303 2302
f 2311 2302 2108
f 2312 2106 2105
f 2312 2300 2303
f 2312 2311 2106
f 2312 2303 2311
f 2313 2105 2305
f 2313 2305 2300
f 2313 2300 2312
f 2313 2312 2105
f 2023 2308 2298
f 2023 2298 2025
f 2307 2308 2023
f 2170 2022 2024
f 2171 2023 2022
f 2171 2022 2170
f 2314 2299 2301
f 2314 2301 2306
f 2314 2306 2307
f 2172 2307 2023
f 2172 2023 2171
f 2172 2314 2307
f 2175 2314 2172
f 2315 2314 2175
f 2167 2315 2175
f 2169 2315 2167
f 2169 2316 2317
f 2168 2316 2169
f 2168 2318 2316
f 2037 2166 2173
f 2173 2166 2168
f 2168 2166 2318
f 2032 2319 2031
f 2032 2320 2319
f 2032 2321 2320
f 2322 2323 2321
f 2322 2321 2032
f 2030 2322 2032
f 2324 2322 2030
f 2029 2324 2030
f 2028 2324 2029
f 2165 2031 2319
f 2325 2321 2323
f 2326 2166 2164
f 2327 2328 2329
f 2330 2319 2320
f 2330 2165 2319
f 2331 2320 2321
f 2331 2330 2320
f 2331 2321 2325
f 2332 2333 2326
f 2332 2164 2165
f 2332 2326 2164
f 2332 2165 2330
f 2334 2325 2329
f 2334 2328 2333
f 2334 2330 2331
f 2334 2333 2332
f 2334 2331 2325
f 2334 2332 2330
f 2334 2329 2328
f 2335 2328 2327
f 2318 2166 2326
f 2336 2337 2338
f 2339 2337 2336
f 2340 2316 2339
f 2317 2316 2340
f 2341 2326 2333
f 2341 2333 2328
f 2341 2335 2337
f 2341 2316 2318
f 2341 2328 2335
f 2341 2318 2326
f 2341 2337 2339
f 2341 2339 2316
f 2342 2190 2191
f 2342 2191 2343
f 2342 2343 2344
f 2342 2344 2345
f 2342 2345 2346
f 2342 2346 2347
f 2342 2347 2190
f 2348 2189 2190
f 2348 2347 2349
f 2348 2190 2347
f 2348 2349 2189
f 2350 2051 2177
f 2350 2177 2178
f 2350 2178 2189
f 2350 2349 2051
f 2350 2189 2349
f 2351 2352 2353
f 2351 2353 2354
f 2351 2354 2355
f 2351 2355 2356
f 2351 2356 2357
f 2358 2357 2359
f 2358 2351 2357
f 2345 2359 2346
f 2344 2359 2345
f 2343 2359 2344
f 2191 2358 2359
f 2191 2359 2343
f 2360 2361 2208
f 2208 2362 2188
f 2361 2362 2208
f 2188 2352 2182
f 2362 2352 2188
f 2352 2351 2182
f 2351 2358 2182
f 2182 2191 2068
f 2358 2191 2182
f 2363 2336 2338
f 2363 2338 2364
f 2365 2339 2336
f 2365 2336 2363
f 2340 2339 2365
f 2366 2340 2365
f 2317 2340 2366
f 2367 2317 2366
f 2255 2368 2254
f 2254 2368 2256
f 2256 2368 2253
f 2253 2368 2369
f 2369 2368 2370
f 2370 2368 2371
f 2371 2368 2372
f 2372 2368 2255
f 2370 2373 2369
f 2371 2373 2370
f 2372 2373 2371
f 2369 2373 2374
f 2375 2373 2376
f 2377 2373 2375
f 2374 2373 2377
f 2376 2373 2372
f 2377 2378 2374
f 2374 2378 2379
f 2375 2380 2377
f 2377 2380 2378
f 2376 2381 2375
f 2375 2381 2380
f 2376 2382 2381
f 2381 2382 2383
f 2381 2383 2384
f 2385 2383 2382
f 2386 2387 2385
f 2385 2387 2383
f 2386 2388 2387
f 2389 2390 2386
f 2386 2390 2388
f 2391 2392 2393
f 2393 2392 2394
f 2394 2392 2395
f 2395 2392 2382
f 2386 2392 2389
f 2385 2392 2386
f 2382 2392 2385
f 2389 2392 2391
f 2396 2397 2398
f 2398 2397 2399
f 2399 2397 2400
f 2400 2397 2395
f 2393 2397 2391
f 2394 2397 2393
f 2395 2397 2394
f 2391 2397 2396
f 2401 2402 2403
f 2404 2402 2401
f 2405 2402 2404
f 2403 2402 2400
f 2398 2402 2396
f 2399 2402 2398
f 2400 2402 2399
f 2396 2402 2405
f 2404 2406 2405
f 2404 2407 2406
f 2401 2408 2404
f 2404 2408 2407
f 2403 2409 2401
f 2401 2409 2408
f 2407 2410 2406
f 2408 2411 2407
f 2409 2411 2408
f 2407 2411 2410
f 2410 2412 2413
f 2411 2414 2410
f 2410 2414 2412
f 2411 2415 2414
f 2416 2417 2418
f 2419 2420 2417
f 2421 2420 2419
f 2418 2420 2415
f 2412 2420 2413
f 2414 2420 2412
f 2415 2420 2414
f 2413 2420 2421
f 2417 2420 2418
f 2417 2422 2419
f 2419 2422 2421
f 2416 2423 2417
f 2422 2423 2424
f 2417 2423 2422
f 2423 2425 2424
f 2426 2424 2425
f 2427 2426 2425
f 2428 2429 2430
f 2431 2428 2430
f 2432 2427 2430
f 2432 2429 2426
f 2432 2426 2427
f 2432 2430 2429
f 2433 2431 2430
f 2434 2435 2436
f 2425 2437 2427
f 2438 2439 2436
f 2434 2439 2440
f 2440 2439 2425
f 2425 2439 2437
f 2437 2439 2438
f 2436 2439 2434
f 2427 2441 2430
f 2433 2441 2438
f 2430 2441 2433
f 2437 2441 2427
f 2438 2441 2437
f 2442 2428 2443
f 2429 2428 2442
f 2444 2429 2442
f 2424 2426 2445
f 2422 2424 2445
f 2446 2426 2429
f 2446 2444 2445
f 2446 2429 2444
f 2446 2445 2426
f 2422 2445 2447
f 2448 2449 2450
f 2451 2449 2452
f 2450 2449 2451
f 2447 2453 2448
f 2444 2453 2445
f 2445 2453 2447
f 2448 2453 2449
f 2449 2453 2452
f 2454 2455 2442
f 2452 2455 2454
f 2442 2455 2444
f 2444 2455 2453
f 2453 2455 2452
f 2456 2457 2458
f 2459 2457 2456
f 2460 2459 2461
f 2460 2461 2462
f 2460 2462 2463
f 2460 2457 2459
f 2428 2431 2460
f 2428 2460 2463
f 2443 2463 2464
f 2443 2428 2463
f 2464 2465 2466
f 2466 2465 2467
f 2467 2465 2468
f 2464 2469 2465
f 2464 2463 2469
f 2470 2471 2472
f 2459 2456 2471
f 2459 2471 2470
f 2473 2459 2470
f 2461 2459 2473
f 2462 2461 2473
f 2463 2462 2473
f 2467 2468 2474
f 2475 2464 2466
f 2475 2466 2467
f 2475 2467 2474
f 2476 2474 2477
f 2476 2477 2478
f 2479 2475 2474
f 2480 2474 2476
f 2480 2479 2474
f 2481 2479 2480
f 2482 2474 2468
f 2474 2483 2477
f 2484 2485 2482
f 2482 2485 2474
f 2474 2485 2483
f 2484 2486 2485
f 2487 2488 2484
f 2484 2488 2486
f 2488 2489 2486
f 2487 2484 2472
f 2484 2470 2472
f 2465 2469 2473
f 2469 2463 2473
f 2470 2490 2473
f 2465 2490 2468
f 2468 2490 2482
f 2482 2490 2484
f 2484 2490 2470
f 2473 2490 2465
f 2433 2460 2431
f 2438 2491 2433
f 2433 2491 2460
f 2436 2492 2438
f 2438 2492 2491
f 2435 2493 2436
f 2436 2493 2492
f 2435 2494 2493
f 2495 2496 2497
f 2460 2491 2498
f 2496 2499 2500
f 2501 2499 2495
f 2502 2499 2501
f 2495 2499 2496
f 2492 2503 2491
f 2504 2503 2502
f 2498 2503 2504
f 2502 2503 2499
f 2491 2503 2498
f 2500 2505 2506
f 2506 2505 2507
f 2507 2505 2494
f 2499 2505 2500
f 2493 2508 2492
f 2494 2508 2493
f 2503 2508 2499
f 2505 2508 2494
f 2492 2508 2503
f 2499 2508 2505
f 2440 2425 2423
f 2509 2440 2423
f 2435 2434 2510
f 2511 2435 2510
f 2512 2509 2510
f 2512 2434 2440
f 2512 2440 2509
f 2512 2510 2434
f 2513 2514 2515
f 2513 2516 2514
f 2513 2416 2516
f 2513 2515 2511
f 2513 2511 2510
f 2513 2510 2509
f 2513 2509 2423
f 2513 2423 2416
f 2517 2518 2515
f 2514 2517 2515
f 2416 2418 2519
f 2416 2519 2516
f 2520 2519 2517
f 2520 2514 2516
f 2520 2517 2514
f 2520 2516 2519
f 2521 2519 2418
f 2521 2418 2522
f 2523 2518 2517
f 2523 2517 2524
f 2525 2521 2524
f 2525 2517 2519
f 2525 2519 2521
f 2525 2524 2517
f 2422 2526 2421
f 2447 2527 2526
f 2447 2526 2422
f 2448 2527 2447
f 2528 2529 2527
f 2528 2527 2448
f 2450 2528 2448
f 2530 2481 2480
f 2530 2480 2476
f 2530 2476 2478
f 2531 2481 2530
f 2532 2530 2533
f 2532 2533 2534
f 2532 2534 2535
f 2532 2535 2536
f 2532 2536 2531
f 2532 2531 2530
f 2450 2451 2528
f 2451 2452 2528
f 2452 2454 2528
f 2442 2443 2454
f 2454 2443 2528
f 2528 2479 2481
f 2443 2475 2528
f 2528 2475 2479
f 2443 2464 2475
f 2471 2537 2472
f 2471 2538 2537
f 2456 2458 2471
f 2471 2458 2538
f 2533 2530 2539
f 2539 2530 2540
f 2540 2530 2541
f 2530 2542 2541
f 2530 2543 2542
f 2530 2544 2543
f 2530 2545 2544
f 2530 2478 2545
f 2546 2540 2541
f 2547 2540 2546
f 2548 2539 2547
f 2547 2539 2540
f 2548 2533 2539
f 2547 2549 2548
f 2546 2549 2547
f 2542 2543 2489
f 2544 2486 2543
f 2543 2486 2489
f 2545 2483 2485
f 2545 2478 2483
f 2478 2477 2483
f 2545 2550 2544
f 2486 2550 2485
f 2544 2550 2486
f 2485 2550 2545
f 2487 2472 2537
f 2488 2487 2537
f 2489 2551 2552
f 2489 2553 2551
f 2489 2537 2553
f 2489 2488 2537
f 2522 2415 2554
f 2418 2415 2522
f 2497 2457 2495
f 2495 2457 2501
f 2501 2457 2502
f 2502 2457 2504
f 2504 2457 2498
f 2498 2457 2460
f 2497 2555 2457
f 2497 2556 2555
f 2556 2557 2558
f 2497 2557 2556
f 2497 2559 2560
f 2496 2561 2559
f 2496 2559 2497
f 2500 2562 2561
f 2500 2561 2496
f 2506 2563 2562
f 2506 2562 2500
f 2507 2564 2563
f 2507 2563 2506
f 2494 2564 2507
f 2565 2494 2435
f 2566 2435 2511
f 2566 2565 2435
f 2564 2494 2565
f 2567 2515 2518
f 2567 2518 2523
f 2567 2511 2515
f 2567 2566 2511
f 2568 2569 2570
f 2568 2571 2569
f 2568 2554 2571
f 2568 2570 2523
f 2568 2523 2524
f 2568 2524 2521
f 2568 2521 2522
f 2568 2522 2554
f 2572 2571 2554
f 2573 2574 2575
f 2573 2576 2574
f 2577 2575 2578
f 2577 2573 2575
f 2579 2578 2580
f 2579 2577 2578
f 2581 2579 2580
f 2582 2579 2581
f 2583 2579 2582
f 2584 2572 2574
f 2584 2576 2570
f 2584 2570 2569
f 2584 2569 2571
f 2584 2571 2572
f 2584 2574 2576
f 2585 2583 2582
f 2585 2582 2581
f 2585 2581 2580
f 2585 2580 2586
f 2585 2586 2587
f 2585 2587 2588
f 2585 2588 2589
f 2585 2589 2583
f 2589 2590 2591
f 2588 2590 2589
f 2587 2592 2593
f 2586 2592 2587
f 2594 2588 2587
f 2594 2593 2590
f 2594 2590 2588
f 2594 2587 2593
f 2595 2596 2597
f 2597 2598 2599
f 2596 2598 2597
f 2595 2600 2596
f 2599 2601 2602
f 2602 2601 2591
f 2591 2601 2589
f 2598 2601 2599
f 2603 2604 2597
f 2603 2597 2599
f 2605 2606 2607
f 2605 2607 2608
f 2609 2603 2608
f 2609 2607 2604
f 2609 2604 2603
f 2609 2608 2607
f 2604 2610 2597
f 2611 2612 2613
f 2606 2614 2607
f 2607 2614 2604
f 2610 2614 2615
f 2604 2614 2610
f 2611 2616 2617
f 2617 2616 2606
f 2615 2616 2613
f 2606 2616 2614
f 2614 2616 2615
f 2613 2616 2611
f 2610 2595 2597
f 2615 2618 2610
f 2610 2618 2595
f 2613 2619 2615
f 2615 2619 2618
f 2612 2620 2613
f 2613 2620 2619
f 2612 2621 2620
f 2622 2620 2621
f 2623 2624 2625
f 2626 2624 2623
f 2627 2628 2622
f 2620 2628 2619
f 2622 2628 2620
f 2625 2629 2627
f 2630 2629 2631
f 2631 2629 2624
f 2627 2629 2628
f 2624 2629 2625
f 2618 2632 2595
f 2619 2632 2618
f 2628 2632 2619
f 2595 2633 2634
f 2634 2633 2630
f 2632 2633 2595
f 2629 2633 2628
f 2628 2633 2632
f 2630 2633 2629
f 2611 2635 2636
f 2611 2636 2612
f 2606 2637 2638
f 2606 2638 2617
f 2639 2611 2617
f 2639 2638 2635
f 2639 2635 2611
f 2639 2617 2638
f 2640 2602 2641
f 2640 2641 2642
f 2640 2642 2643
f 2640 2643 2605
f 2640 2605 2608
f 2640 2608 2603
f 2640 2603 2599
f 2640 2599 2602
f 2637 2606 2605
f 2621 2644 2622
f 2622 2644 2627
f 2627 2644 2625
f 2625 2644 2623
f 2623 2644 2626
f 2644 2645 2626
f 2626 2646 2647
f 2645 2646 2626
f 2646 2648 2647
f 2595 2649 2600
f 2634 2650 2649
f 2634 2649 2595
f 2630 2651 2650
f 2630 2650 2634
f 2631 2652 2651
f 2631 2651 2630
f 2624 2653 2652
f 2624 2652 2631
f 2626 2653 2624
f 2528 2481 2529
f 2481 2531 2529
f 2531 2536 2529
f 2654 2533 2548
f 2654 2534 2533
f 2654 2535 2534
f 2654 2536 2535
f 2549 2654 2548
f 2405 2655 2656
f 2405 2656 2657
f 2405 2657 2396
f 2658 2405 2406
f 2659 2405 2658
f 2660 2405 2659
f 2660 2655 2405
f 2413 2527 2529
f 2413 2526 2527
f 2413 2421 2526
f 2661 2413 2529
f 2410 2413 2661
f 2662 2660 2659
f 2662 2659 2658
f 2662 2658 2406
f 2662 2406 2410
f 2662 2661 2660
f 2662 2410 2661
f 2663 2390 2664
f 2665 2388 2663
f 2663 2388 2390
f 2666 2387 2665
f 2665 2387 2388
f 2384 2383 2666
f 2666 2383 2387
f 2666 2381 2384
f 2665 2380 2666
f 2666 2380 2381
f 2663 2378 2665
f 2665 2378 2380
f 2664 2379 2663
f 2663 2379 2378
f 2089 2192 2194
f 2196 2089 2194
f 2198 2196 2194
f 2202 2195 2084
f 2202 2193 2195
f 2202 2194 2193
f 2667 2194 2202
f 2247 2667 2202
f 2668 2669 2667
f 2668 2247 2246
f 2668 2670 2669
f 2668 2671 2670
f 2668 2246 2671
f 2668 2667 2247
f 2251 2672 2673
f 2251 2674 2672
f 2251 2253 2674
f 2669 2251 2673
f 2670 2251 2669
f 2671 2251 2670
f 2246 2251 2671
f 2360 2208 2209
f 2675 2676 2677
f 2675 2209 2676
f 2678 2209 2675
f 2678 2360 2209
f 2679 2199 2198
f 2679 2200 2199
f 2679 2186 2200
f 2207 2186 2679
f 2209 2207 2679
f 2549 2546 2680
f 2549 2681 2682
f 2549 2680 2681
f 2683 2549 2682
f 2684 2683 2682
f 2685 2686 2687
f 2685 2688 2552
f 2685 2689 2688
f 2685 2690 2689
f 2685 2687 2690
f 2685 2552 2551
f 2685 2551 2686
f 2691 2692 2686
f 2691 2551 2553
f 2691 2686 2551
f 2691 2553 2692
f 2693 2537 2538
f 2693 2538 2458
f 2693 2458 2692
f 2693 2553 2537
f 2693 2692 2553
f 2694 2695 2696
f 2694 2696 2697
f 2694 2697 2698
f 2699 2700 2695
f 2699 2695 2694
f 2701 2699 2694
f 2702 2699 2701
f 2552 2702 2701
f 2688 2702 2552
f 2689 2702 2688
f 2690 2702 2689
f 2687 2702 2690
f 2558 2557 2703
f 2558 2703 2704
f 2558 2704 2705
f 2558 2705 2706
f 2707 2558 2706
f 2556 2558 2707
f 2555 2707 2708
f 2555 2556 2707
f 2457 2555 2708
f 2709 2710 2711
f 2712 2713 2714
f 2703 2557 2715
f 2706 2705 2716
f 2717 2715 2709
f 2717 2711 2718
f 2717 2709 2711
f 2719 2718 2713
f 2719 2712 2716
f 2719 2713 2712
f 2719 2717 2718
f 2720 2704 2703
f 2720 2703 2715
f 2720 2715 2717
f 2721 2705 2704
f 2721 2717 2719
f 2721 2704 2720
f 2721 2720 2717
f 2721 2719 2716
f 2721 2716 2705
f 2722 2680 2546
f 2723 2546 2541
f 2723 2722 2546
f 2698 2541 2542
f 2698 2723 2541
f 2694 2698 2542
f 2701 2694 2542
f 2552 2542 2489
f 2552 2701 2542
f 2724 2725 2726
f 2726 2725 2727
f 2211 2136 2724
f 2725 2136 2214
f 2724 2136 2725
f 2728 2223 2729
f 2224 2223 2728
f 2730 2224 2728
f 2214 2222 2731
f 2725 2214 2731
f 2732 2222 2224
f 2732 2730 2731
f 2732 2224 2730
f 2732 2731 2222
f 2725 2731 2733
f 2734 2735 2736
f 2737 2735 2738
f 2736 2735 2737
f 2733 2739 2734
f 2730 2739 2731
f 2731 2739 2733
f 2734 2739 2735
f 2735 2739 2738
f 2740 2741 2728
f 2738 2741 2740
f 2728 2741 2730
f 2730 2741 2739
f 2739 2741 2738
f 2742 2218 2743
f 2744 2218 2742
f 2125 2744 2745
f 2125 2745 2746
f 2125 2746 2747
f 2125 2218 2744
f 2223 2142 2125
f 2223 2125 2747
f 2729 2747 2748
f 2729 2223 2747
f 2749 2750 2751
f 2744 2742 2750
f 2744 2750 2749
f 2752 2744 2749
f 2745 2744 2752
f 2746 2745 2752
f 2747 2746 2752
f 2748 2753 2754
f 2754 2753 2755
f 2755 2753 2756
f 2748 2757 2753
f 2748 2747 2757
f 2758 2759 2751
f 2759 2749 2751
f 2753 2757 2752
f 2757 2747 2752
f 2749 2760 2752
f 2753 2760 2756
f 2756 2760 2761
f 2761 2760 2759
f 2759 2760 2749
f 2752 2760 2753
f 2761 2762 2756
f 2762 2763 2764
f 2759 2765 2761
f 2761 2765 2762
f 2762 2765 2763
f 2759 2766 2765
f 2758 2767 2759
f 2759 2767 2766
f 2767 2768 2766
f 2750 2769 2751
f 2750 2770 2769
f 2742 2743 2750
f 2750 2743 2770
f 2771 2772 2773
f 2771 2774 2775
f 2771 2776 2774
f 2771 2777 2776
f 2771 2773 2777
f 2771 2775 2778
f 2771 2778 2772
f 2779 2780 2772
f 2779 2778 2781
f 2779 2772 2778
f 2779 2781 2780
f 2782 2769 2770
f 2782 2770 2743
f 2782 2743 2780
f 2782 2781 2769
f 2782 2780 2781
f 2755 2756 2762
f 2783 2748 2754
f 2783 2754 2755
f 2783 2755 2762
f 2784 2762 2764
f 2784 2764 2785
f 2786 2783 2762
f 2787 2762 2784
f 2787 2786 2762
f 2788 2786 2787
f 2789 2790 2768
f 2791 2766 2790
f 2790 2766 2768
f 2792 2763 2765
f 2792 2785 2763
f 2785 2764 2763
f 2792 2793 2791
f 2766 2793 2765
f 2791 2793 2766
f 2765 2793 2792
f 2794 2795 2796
f 2797 2795 2794
f 2798 2795 2797
f 2795 2789 2796
f 2795 2790 2789
f 2795 2791 2790
f 2795 2792 2791
f 2795 2785 2792
f 2758 2751 2769
f 2767 2758 2769
f 2768 2769 2781
f 2768 2781 2778
f 2768 2778 2775
f 2768 2767 2769
f 2799 2800 2801
f 2799 2802 2800
f 2799 2803 2802
f 2804 2805 2803
f 2804 2803 2799
f 2806 2804 2799
f 2807 2804 2806
f 2775 2807 2806
f 2774 2807 2775
f 2776 2807 2774
f 2777 2807 2776
f 2773 2807 2777
f 2230 2124 2123
f 2213 2230 2123
f 2228 2227 2212
f 2211 2228 2212
f 2808 2227 2230
f 2808 2213 2212
f 2808 2230 2213
f 2808 2212 2227
f 2229 2809 2236
f 2228 2809 2229
f 2237 2243 2204
f 2237 2204 2102
f 2809 2240 2236
f 2810 2249 2245
f 2811 2239 2240
f 2811 2240 2809
f 2812 2813 2814
f 2815 2812 2814
f 2816 2245 2243
f 2816 2810 2245
f 2817 2237 2238
f 2817 2818 2810
f 2817 2243 2237
f 2817 2810 2816
f 2817 2816 2243
f 2819 2238 2239
f 2819 2811 2814
f 2819 2813 2818
f 2819 2817 2238
f 2819 2239 2811
f 2819 2814 2813
f 2819 2818 2817
f 2810 2255 2249
f 2820 2812 2815
f 2821 2403 2400
f 2822 2823 2824
f 2825 2376 2372
f 2825 2372 2255
f 2825 2255 2810
f 2826 2810 2818
f 2826 2818 2813
f 2826 2813 2812
f 2826 2825 2810
f 2826 2812 2820
f 2827 2820 2828
f 2827 2828 2829
f 2827 2826 2820
f 2827 2825 2826
f 2830 2827 2829
f 2830 2825 2827
f 2831 2829 2832
f 2831 2830 2829
f 2833 2830 2831
f 2833 2831 2832
f 2833 2376 2825
f 2833 2825 2830
f 2834 2382 2376
f 2834 2376 2833
f 2835 2400 2395
f 2835 2395 2382
f 2835 2382 2834
f 2835 2821 2400
f 2836 2833 2832
f 2836 2834 2833
f 2836 2835 2834
f 2837 2832 2838
f 2837 2838 2824
f 2837 2835 2836
f 2837 2836 2832
f 2839 2840 2821
f 2839 2823 2840
f 2839 2821 2835
f 2839 2835 2837
f 2839 2837 2824
f 2839 2824 2823
f 2841 2637 2842
f 2841 2638 2637
f 2843 2636 2635
f 2843 2635 2844
f 2845 2636 2843
f 2846 2841 2844
f 2846 2635 2638
f 2846 2638 2841
f 2846 2844 2635
f 2636 2621 2612
f 2847 2621 2848
f 2849 2636 2845
f 2849 2621 2636
f 2849 2848 2621
f 2850 2621 2847
f 2644 2850 2851
f 2644 2621 2850
f 2852 2849 2845
f 2853 2644 2851
f 2854 2855 2856
f 2856 2855 2857
f 2857 2855 2852
f 2852 2858 2849
f 2855 2858 2852
f 2859 2841 2842
f 2860 2861 2859
f 2841 2861 2844
f 2859 2861 2841
f 2862 2863 2860
f 2864 2863 2862
f 2860 2863 2861
f 2861 2863 2864
f 2844 2865 2843
f 2843 2865 2866
f 2864 2865 2861
f 2861 2865 2844
f 2867 2868 2864
f 2866 2868 2867
f 2864 2868 2865
f 2865 2868 2866
f 2869 2605 2643
f 2870 2842 2871
f 2871 2842 2869
f 2869 2842 2605
f 2842 2637 2605
f 2872 2586 2580
f 2872 2592 2586
f 2642 2593 2592
f 2642 2592 2643
f 2602 2591 2590
f 2602 2590 2641
f 2873 2590 2593
f 2873 2642 2641
f 2873 2593 2642
f 2873 2641 2590
f 2821 2409 2403
f 2572 2415 2411
f 2574 2572 2411
f 2554 2415 2572
f 2874 2823 2822
f 2872 2580 2578
f 2872 2578 2875
f 2876 2411 2409
f 2876 2409 2821
f 2877 2575 2574
f 2877 2821 2840
f 2877 2876 2821
f 2877 2574 2411
f 2877 2411 2876
f 2878 2578 2575
f 2878 2840 2823
f 2878 2874 2875
f 2878 2877 2840
f 2878 2823 2874
f 2878 2875 2578
f 2878 2575 2877
f 2879 2880 2881
f 2879 2881 2851
f 2879 2851 2850
f 2882 2850 2847
f 2882 2879 2850
f 2848 2882 2847
f 2849 2882 2848
f 2557 2497 2560
f 2557 2560 2710
f 2557 2710 2709
f 2557 2709 2715
f 2883 2711 2710
f 2884 2714 2713
f 2885 2886 2887
f 2888 2886 2885
f 2889 2890 2888
f 2891 2890 2889
f 2892 2713 2718
f 2892 2718 2711
f 2892 2883 2886
f 2892 2890 2884
f 2892 2711 2883
f 2892 2884 2713
f 2892 2886 2888
f 2892 2888 2890
f 2893 2563 2564
f 2893 2894 2563
f 2894 2562 2563
f 2894 2895 2562
f 2896 2897 2898
f 2899 2900 2895
f 2562 2900 2561
f 2561 2900 2559
f 2559 2900 2560
f 2895 2900 2562
f 2902 2901 2897
f 2560 2901 2902
f 2898 2901 2899
f 2899 2901 2900
f 2897 2901 2898
f 2900 2901 2560
f 2903 2583 2589
f 2903 2589 2601
f 2904 2577 2579
f 2904 2579 2583
f 2904 2583 2903
f 2905 2576 2573
f 2905 2573 2577
f 2905 2577 2904
f 2906 2570 2576
f 2906 2576 2905
f 2907 2523 2570
f 2907 2570 2906
f 2567 2523 2907
f 2647 2653 2626
f 2908 2647 2909
f 2910 2653 2647
f 2910 2647 2908
f 2911 2912 2913
f 2600 2649 2914
f 2914 2650 2915
f 2649 2650 2914
f 2915 2651 2916
f 2650 2651 2915
f 2917 2918 2653
f 2912 2918 2917
f 2919 2918 2911
f 2911 2918 2912
f 2653 2920 2652
f 2652 2920 2651
f 2916 2920 2919
f 2651 2920 2916
f 2919 2920 2918
f 2918 2920 2653
f 2921 2857 2852
f 2856 2857 2921
f 2922 2854 2856
f 2922 2921 2923
f 2922 2856 2921
f 2924 2923 2925
f 2924 2922 2923
f 2926 2922 2924
f 2927 2922 2926
f 2928 2927 2926
f 2929 2880 2930
f 2930 2880 2879
f 2931 2932 2854
f 2930 2932 2931
f 2854 2932 2855
f 2882 2932 2879
f 2879 2932 2930
f 2855 2933 2858
f 2858 2933 2849
f 2849 2933 2882
f 2932 2933 2855
f 2882 2933 2932
f 2929 2930 2934
f 2934 2935 2936
f 2931 2937 2930
f 2930 2937 2934
f 2934 2937 2935
f 2931 2938 2937
f 2854 2922 2931
f 2931 2922 2938
f 2922 2927 2938
f 2773 2287 2807
f 2807 2287 2804
f 2804 2287 2805
f 2287 2272 2279
f 2279 2272 2278
f 2287 2260 2272
f 2773 2258 2287
f 2287 2258 2260
f 2772 2264 2773
f 2773 2264 2258
f 2772 2262 2264
f 2780 2281 2772
f 2772 2281 2262
f 2780 2282 2281
f 2743 2218 2780
f 2780 2218 2282
f 2939 2940 2941
f 2939 2941 2942
f 2939 2942 2943
f 2939 2943 2944
f 2939 2944 2945
f 2939 2945 2946
f 2939 2946 2940
f 2947 2801 2800
f 2947 2800 2802
f 2947 2802 2803
f 2947 2803 2805
f 2947 2805 2940
f 2947 2946 2801
f 2947 2940 2946
f 2948 2942 2941
f 2948 2943 2942
f 2948 2944 2943
f 2948 2945 2944
f 2948 2941 2949
f 2948 2950 2951
f 2948 2952 2950
f 2948 2953 2952
f 2948 2949 2953
f 2948 2951 2945
f 2954 2955 2956
f 2954 2957 2955
f 2958 2959 2960
f 2958 2956 2959
f 2958 2954 2956
f 2961 2962 2963
f 2961 2963 2964
f 2965 2966 2962
f 2965 2962 2961
f 2284 2283 2967
f 2285 2967 2968
f 2285 2284 2967
f 2286 2285 2968
f 2287 2286 2968
f 2969 2963 2954
f 2969 2954 2958
f 2970 2958 2964
f 2970 2969 2958
f 2970 2964 2963
f 2970 2963 2969
f 2971 2967 2966
f 2971 2968 2967
f 2972 2965 2968
f 2972 2968 2971
f 2972 2966 2965
f 2972 2971 2966
f 2157 2966 2967
f 2157 2967 2283
f 2157 2283 2275
f 2292 2962 2966
f 2292 2966 2157
f 2288 2962 2292
f 2290 2962 2288
f 2297 2962 2290
f 2367 2169 2317
f 2973 2169 2367
f 2974 2315 2169
f 2974 2169 2973
f 2975 2303 2300
f 2975 2300 2299
f 2975 2299 2314
f 2975 2314 2315
f 2975 2315 2974
f 2975 2962 2304
f 2304 2962 2297
f 2975 2304 2303
f 2349 2028 2051
f 2349 2324 2028
f 2347 2322 2349
f 2349 2322 2324
f 2347 2323 2322
f 2346 2325 2347
f 2347 2325 2323
f 2346 2329 2325
f 2329 2364 2327
f 2327 2364 2335
f 2356 2364 2357
f 2357 2364 2359
f 2359 2364 2346
f 2346 2364 2329
f 2335 2338 2337
f 2364 2338 2335
f 2976 2977 2978
f 2976 2362 2361
f 2976 2979 2977
f 2976 2980 2979
f 2976 2981 2980
f 2976 2361 2981
f 2976 2978 2362
f 2982 2353 2352
f 2982 2354 2353
f 2982 2355 2354
f 2982 2356 2355
f 2982 2352 2362
f 2982 2978 2356
f 2982 2362 2978
f 2973 2367 2366
f 2973 2366 2365
f 2973 2365 2363
f 2983 2363 2364
f 2983 2973 2363
f 2984 2975 2985
f 2986 2975 2984
f 2987 2986 2984
f 2988 2989 2990
f 2991 2990 2992
f 2991 2988 2990
f 2993 2991 2992
f 2994 2993 2992
f 2995 2975 2974
f 2995 2974 2973
f 2995 2973 2983
f 2995 2985 2975
f 2996 2983 2985
f 2996 2995 2983
f 2996 2985 2995
f 2997 2990 2986
f 2997 2992 2990
f 2998 2987 2992
f 2998 2997 2986
f 2998 2986 2987
f 2998 2992 2997
f 2999 2977 2979
f 2999 2979 2980
f 2999 2980 2981
f 2999 2981 2361
f 2999 2361 2360
f 2999 3000 3001
f 2999 3002 3000
f 2999 3003 3002
f 2999 2360 3003
f 2999 3001 2977
f 2678 3002 3003
f 2678 3003 2360
f 3004 3001 3000
f 3004 3000 3002
f 3004 3002 2678
f 3005 2678 2675
f 3005 3004 2678
f 3006 2675 2677
f 3007 3005 2675
f 3007 2675 3006
f 3008 3005 3007
f 3009 3005 3008
f 3010 3009 3008
f 3010 3008 3007
f 3010 3007 3006
f 3010 3006 2677
f 3010 2677 3011
f 3012 3011 3013
f 3012 3010 3011
f 3014 3012 3013
f 3015 3014 3016
f 3015 3012 3014
f 3011 3017 3013
f 3013 3018 3014
f 3017 3018 3013
f 3018 3019 3014
f 3014 3020 3016
f 3019 3020 3014
f 3019 3021 3020
f 3019 3022 3021
f 3023 3017 3011
f 3016 3020 3024
f 3016 3024 3015
f 3025 3026 3021
f 3027 3025 3021
f 3028 3025 3027
f 3029 3026 3024
f 3029 3024 3020
f 3029 3020 3021
f 3029 3021 3026
f 3022 3030 3031
f 3022 3031 3032
f 3022 3032 3033
f 3022 3033 3034
f 3019 3030 3022
f 3018 3030 3019
f 3023 3030 3017
f 3017 3030 3018
f 3035 3036 3037
f 3035 3037 3038
f 3039 3036 3035
f 3040 3041 3036
f 3040 3036 3039
f 3042 3041 3040
f 3043 3042 3040
f 3044 3043 3045
f 3044 3042 3043
f 3046 3047 3048
f 3034 3049 3047
f 3034 3046 3050
f 3034 3050 3028
f 3034 3028 3027
f 3034 3047 3046
f 3034 3027 3022
f 3051 3045 3052
f 3051 3044 3045
f 3053 3054 3049
f 3053 3049 3034
f 3055 3052 3056
f 3055 3051 3052
f 3057 3058 3054
f 3057 3054 3053
f 3059 3056 3060
f 3059 3055 3056
f 3061 3060 3058
f 3061 3059 3060
f 3061 3058 3057
f 3027 3021 3022
f 3062 3063 3064
f 3062 3064 3065
f 3066 3065 3039
f 3066 3039 3035
f 3066 3062 3065
f 3066 3035 3063
f 3066 3063 3062
f 3067 3068 3069
f 3067 3069 3063
f 3067 3063 3035
f 3070 3038 3068
f 3070 3035 3038
f 3070 3068 3067
f 3070 3067 3035
f 3054 3071 3049
f 3054 3072 3071
f 3073 3072 3054
f 3058 3073 3054
f 3074 3073 3058
f 3060 3074 3058
f 3075 3076 3056
f 3045 3077 3052
f 3078 3077 3045
f 3079 3078 3043
f 3040 3080 3079
f 3040 3079 3043
f 3081 3080 3040
f 3065 3064 3081
f 3039 3081 3040
f 3039 3065 3081
f 3082 3076 3074
f 3082 3074 3060
f 3083 3060 3056
f 3083 3082 3060
f 3083 3056 3076
f 3083 3076 3082
f 3084 3077 3075
f 3084 3052 3077
f 3085 3056 3052
f 3085 3052 3084
f 3085 3075 3056
f 3085 3084 3075
f 3086 3078 3045
f 3087 3045 3043
f 3087 3078 3086
f 3087 3086 3045
f 3087 3043 3078
f 3088 3089 3090
f 3088 3090 3091
f 3088 3047 3089
f 3092 3091 3048
f 3092 3048 3047
f 3092 3088 3091
f 3092 3047 3088
f 3093 3072 3089
f 3093 3071 3072
f 3093 3089 3047
f 3094 3047 3049
f 3094 3049 3071
f 3094 3093 3047
f 3094 3071 3093
f 3073 3095 3096
f 3073 3097 3095
f 3073 3096 3072
f 3074 3098 3097
f 3074 3097 3073
f 3076 3099 3098
f 3076 3098 3074
f 3075 3100 3099
f 3075 3099 3076
f 3077 3101 3100
f 3077 3100 3075
f 3078 3102 3101
f 3078 3101 3077
f 3079 3103 3102
f 3079 3102 3078
f 3080 3104 3103
f 3080 3103 3079
f 3081 3104 3080
f 3064 3105 3104
f 3064 3104 3081
f 3064 3106 3105
f 3063 3107 3106
f 3063 3106 3064
f 3069 3108 3107
f 3069 3107 3063
f 3109 3110 3108
f 3109 3108 3069
f 3111 3110 3109
f 3112 3113 3110
f 3112 3110 3111
f 3114 3115 3113
f 3114 3113 3112
f 3116 3115 3114
f 3117 3118 3115
f 3117 3115 3116
f 3119 3120 3118
f 3119 3121 3120
f 3119 3118 3117
f 3090 3122 3121
f 3090 3121 3119
f 3089 3123 3122
f 3089 3122 3090
f 3072 3096 3123
f 3072 3123 3089
f 3119 3091 3090
f 3124 3048 3091
f 3124 3091 3119
f 3117 3124 3119
f 3125 3124 3117
f 3116 3125 3117
f 3126 3125 3116
f 3114 3126 3116
f 3127 3126 3114
f 3112 3127 3114
f 3128 3127 3112
f 3109 3129 3111
f 3130 3129 3109
f 3068 3109 3069
f 3068 3130 3109
f 3038 3130 3068
f 3131 3112 3111
f 3131 3129 3128
f 3131 3128 3112
f 3131 3111 3129
f 3132 3122 3123
f 3132 3123 3096
f 3132 3096 3133
f 3134 3133 3135
f 3134 3135 3136
f 3134 3132 3133
f 3137 3138 3121
f 3137 3121 3122
f 3137 3122 3132
f 3139 3140 3138
f 3139 3141 3140
f 3139 3136 3141
f 3139 3134 3136
f 3139 3132 3134
f 3139 3138 3137
f 3139 3137 3132
f 3104 3142 3143
f 3104 3105 3142
f 3144 3104 3143
f 3103 3104 3144
f 3145 3103 3144
f 3102 3103 3145
f 3146 3102 3145
f 3101 3102 3146
f 3147 3098 3099
f 3147 3099 3148
f 3095 3097 3149
f 3150 3095 3149
f 3096 3095 3150
f 3133 3096 3150
f 3135 3133 3150
f 3151 3100 3101
f 3151 3101 3146
f 3151 3152 3100
f 3153 3146 3152
f 3153 3152 3151
f 3153 3151 3146
f 3154 3099 3100
f 3154 3152 3148
f 3154 3100 3152
f 3154 3148 3099
f 3155 3097 3098
f 3155 3149 3097
f 3156 3147 3149
f 3156 3149 3155
f 3156 3098 3147
f 3156 3155 3098
f 3157 3107 3108
f 3157 3108 3158
f 3159 3158 3160
f 3159 3160 3161
f 3159 3157 3158
f 3162 3105 3106
f 3162 3106 3107
f 3162 3142 3105
f 3162 3107 3157
f 3163 3164 3143
f 3163 3161 3164
f 3163 3143 3142
f 3163 3159 3161
f 3163 3157 3159
f 3163 3162 3157
f 3163 3142 3162
f 3110 3158 3108
f 3165 3160 3158
f 3165 3158 3110
f 3113 3165 3110
f 3166 3165 3113
f 3115 3166 3113
f 3167 3166 3115
f 3168 3115 3118
f 3168 3167 3115
f 3169 3118 3120
f 3169 3168 3118
f 3138 3120 3121
f 3138 3169 3120
f 3140 3169 3138
f 2536 2661 2529
f 2660 2661 2536
f 2549 2655 2654
f 3170 2684 3171
f 3172 2655 2549
f 3173 3170 3174
f 3173 3172 3170
f 3175 3173 3174
f 3176 2655 2660
f 3176 2536 2654
f 3176 2660 2536
f 3176 2654 2655
f 3177 2549 2683
f 3177 2683 2684
f 3177 2684 3170
f 3177 3170 3172
f 3177 3172 2549
f 3170 3171 3178
f 3171 3179 3178
f 3178 3179 3180
f 3180 3181 3182
f 3179 3181 3180
f 3182 3183 3184
f 3181 3185 3182
f 3182 3185 3183
f 3181 3186 3185
f 3184 3187 3188
f 3184 3189 3187
f 3184 3190 3189
f 3184 3191 3190
f 3182 3184 3188
f 3180 3182 3188
f 3178 3180 3188
f 3170 3178 3188
f 3192 2656 2655
f 3193 2657 2656
f 3193 2656 3192
f 3194 2396 2657
f 3194 2657 3193
f 2391 2396 3194
f 3195 2389 3196
f 2390 2389 3195
f 3197 3198 3196
f 3197 2389 2391
f 3197 2391 3194
f 3197 3194 3193
f 3197 3193 3192
f 3197 3192 3198
f 3197 3196 2389
f 2390 3199 2664
f 3195 3200 3199
f 3195 3199 2390
f 3196 3201 3200
f 3196 3200 3195
f 3198 3201 3196
f 3202 3200 3201
f 3202 3201 3203
f 3204 3199 3200
f 3204 3200 3202
f 2379 2664 3199
f 2379 3199 3204
f 2374 3205 2369
f 2374 3206 3205
f 2374 3207 3206
f 3204 2374 2379
f 3202 2374 3204
f 3203 3207 2374
f 3203 2374 3202
f 3205 2674 2253
f 3205 2253 2369
f 3206 2672 2674
f 3206 2674 3205
f 3207 2673 2672
f 3207 2672 3206
f 2198 2194 2667
f 2198 2667 2669
f 2209 2673 3208
f 2209 2679 2673
f 3023 3208 3209
f 3210 3023 3209
f 3011 2677 3023
f 3211 3210 3209
f 3212 2679 2198
f 3212 2669 2673
f 3212 2198 2669
f 3212 2673 2679
f 3213 2677 2676
f 3213 2676 2209
f 3213 2209 3208
f 3213 3208 3023
f 3213 3023 2677
f 3214 3215 3216
f 3217 3218 3215
f 3217 3215 3214
f 3219 3216 3220
f 3219 3214 3216
f 3221 3222 3218
f 3221 3218 3217
f 3223 3222 3221
f 3224 3220 3225
f 3224 3219 3220
f 3226 3224 3225
f 3227 3228 3222
f 3227 3222 3223
f 3229 3224 3226
f 3230 3228 3227
f 3231 3229 3226
f 3232 3229 3231
f 3233 3232 3231
f 3234 3232 3233
f 3235 3236 3234
f 3235 3234 3233
f 3191 3237 3236
f 3191 3236 3235
f 3238 3239 3237
f 3238 3237 3191
f 3240 3238 3191
f 3241 3240 3191
f 3242 3241 3191
f 3184 3242 3191
f 3183 3242 3184
f 3243 3244 3245
f 3243 3245 3246
f 3247 3246 3236
f 3247 3236 3237
f 3247 3243 3246
f 3247 3237 3244
f 3247 3244 3243
f 3248 3249 3250
f 3248 3250 3244
f 3248 3244 3237
f 3251 3239 3249
f 3251 3237 3239
f 3251 3248 3237
f 3251 3249 3248
f 3252 3253 3223
f 3252 3254 3253
f 3221 3252 3223
f 3255 3252 3221
f 3217 3255 3221
f 3256 3255 3217
f 3214 3256 3217
f 3257 3256 3214
f 3229 3258 3259
f 3229 3259 3224
f 3260 3261 3232
f 3234 3260 3232
f 3245 3260 3234
f 3246 3245 3234
f 3236 3246 3234
f 3262 3263 3257
f 3262 3257 3214
f 3262 3219 3263
f 3264 3214 3219
f 3264 3219 3262
f 3264 3262 3214
f 3265 3259 3263
f 3265 3219 3224
f 3265 3263 3219
f 3265 3224 3259
f 3266 3261 3258
f 3266 3232 3261
f 3267 3229 3232
f 3267 3232 3266
f 3267 3258 3229
f 3267 3266 3258
f 3268 3260 3245
f 3268 3245 3269
f 3270 3260 3268
f 3271 3261 3260
f 3271 3260 3270
f 3272 3258 3261
f 3272 3261 3271
f 3273 3259 3258
f 3273 3258 3272
f 3274 3263 3259
f 3274 3259 3273
f 3275 3257 3263
f 3275 3263 3274
f 3276 3256 3257
f 3276 3257 3275
f 3277 3255 3256
f 3277 3252 3255
f 3277 3256 3276
f 3278 3254 3252
f 3278 3252 3277
f 3279 3280 3281
f 3279 3281 3282
f 3283 3282 3230
f 3283 3230 3227
f 3283 3279 3282
f 3283 3280 3279
f 3283 3227 3280
f 3284 3254 3280
f 3284 3253 3254
f 3284 3280 3227
f 3285 3227 3223
f 3285 3223 3253
f 3285 3253 3284
f 3285 3284 3227
f 3286 3280 3254
f 3286 3254 3278
f 3287 3281 3280
f 3287 3280 3286
f 3288 3289 3281
f 3288 3281 3287
f 3290 3289 3288
f 3291 3292 3289
f 3291 3289 3290
f 3293 3294 3292
f 3293 3295 3294
f 3293 3292 3291
f 3296 3297 3295
f 3296 3295 3293
f 3298 3299 3297
f 3298 3300 3299
f 3298 3297 3296
f 3301 3250 3300
f 3301 3300 3298
f 3302 3244 3250
f 3302 3250 3301
f 3303 3245 3244
f 3303 3244 3302
f 3269 3245 3303
f 3298 3304 3301
f 3305 3306 3304
f 3305 3304 3298
f 3296 3305 3298
f 3307 3305 3296
f 3293 3307 3296
f 3308 3307 3293
f 3309 3293 3291
f 3309 3308 3293
f 3310 3291 3290
f 3310 3309 3291
f 3311 3290 3288
f 3311 3310 3290
f 3312 3310 3311
f 3313 3287 3286
f 3313 3286 3278
f 3313 3278 3314
f 3315 3314 3316
f 3315 3317 3318
f 3315 3316 3317
f 3315 3313 3314
f 3319 3311 3288
f 3319 3288 3287
f 3319 3287 3313
f 3320 3312 3311
f 3320 3318 3312
f 3320 3315 3318
f 3320 3313 3315
f 3320 3311 3319
f 3320 3319 3313
f 3268 3321 3322
f 3268 3269 3321
f 3323 3268 3322
f 3270 3268 3323
f 3324 3270 3323
f 3271 3270 3324
f 3325 3271 3324
f 3272 3271 3325
f 3326 3275 3274
f 3326 3274 3327
f 3277 3276 3328
f 3329 3277 3328
f 3278 3277 3329
f 3314 3278 3329
f 3316 3314 3329
f 3330 3273 3272
f 3330 3272 3325
f 3330 3331 3273
f 3332 3325 3331
f 3332 3331 3330
f 3332 3330 3325
f 3333 3274 3273
f 3333 3331 3327
f 3333 3273 3331
f 3333 3327 3274
f 3334 3276 3275
f 3334 3328 3276
f 3335 3326 3328
f 3335 3328 3334
f 3335 3275 3326
f 3335 3334 3275
f 3336 3302 3301
f 3336 3301 3304
f 3337 3304 3306
f 3337 3338 3339
f 3337 3306 3338
f 3337 3336 3304
f 3340 3269 3303
f 3340 3303 3302
f 3340 3321 3269
f 3340 3302 3336
f 3341 3339 3322
f 3341 3322 3321
f 3341 3337 3339
f 3341 3336 3337
f 3341 3340 3336
f 3341 3321 3340
f 3289 3282 3281
f 3342 3230 3282
f 3342 3282 3289
f 3292 3342 3289
f 3343 3342 3292
f 3294 3343 3292
f 3344 3343 3294
f 3295 3344 3294
f 3345 3344 3295
f 3297 3345 3295
f 3346 3345 3297
f 3300 3347 3299
f 3348 3347 3300
f 3249 3300 3250
f 3249 3348 3300
f 3239 3348 3249
f 3349 3297 3299
f 3349 3347 3346
f 3349 3346 3297
f 3349 3299 3347
f 3183 3350 3351
f 3242 3351 3241
f 3242 3183 3351
f 3352 3183 3185
f 3352 3185 3353
f 3352 3353 3350
f 3352 3350 3183
f 3186 3353 3185
f 3354 3353 3186
f 3355 3356 3357
f 3355 3358 3356
f 3355 3359 3358
f 3355 2684 3359
f 3171 3355 3360
f 3171 2684 3355
f 3179 3171 3360
f 3181 3179 3360
f 3354 3181 3360
f 3186 3181 3354
f 3361 3362 3363
f 3361 3364 3362
f 2681 3365 3364
f 2681 2680 3365
f 2681 3364 3361
f 3366 2681 3361
f 2682 2681 3366
f 3356 3366 3357
f 3358 2682 3366
f 3358 3366 3356
f 3359 2682 3358
f 2684 2682 3359
f 3367 3368 3369
f 3367 3370 3368
f 3367 3371 3370
f 3367 2722 3371
f 3367 3369 3363
f 3367 3363 3362
f 3367 3362 3364
f 3367 3364 3365
f 3367 3365 2680
f 3367 2680 2722
f 2687 3372 2702
f 2702 3372 2699
f 2699 3372 2700
f 3372 2884 2891
f 2891 2884 2890
f 3372 2714 2884
f 2687 2712 3372
f 3372 2712 2714
f 2686 2716 2687
f 2687 2716 2712
f 2686 2706 2716
f 2692 2707 2686
f 2686 2707 2706
f 2692 2708 2707
f 2458 2457 2692
f 2692 2457 2708
f 3373 3374 3369
f 3373 3369 3368
f 3373 3368 3370
f 3373 3370 3371
f 3373 3371 2722
f 3373 2722 2723
f 3373 2723 3374
f 3375 2700 3374
f 3375 2695 2700
f 3375 2696 2695
f 3375 2697 2696
f 3375 2698 2697
f 3375 2723 2698
f 3375 3374 2723
f 2725 3376 2727
f 2733 3377 3376
f 2733 3376 2725
f 2734 3377 2733
f 3378 3379 3377
f 3378 3377 2734
f 2736 3378 2734
f 2795 2788 2787
f 2795 2787 2784
f 2795 2784 2785
f 3380 2788 2795
f 3381 2795 2798
f 3381 2798 3382
f 3381 3382 3383
f 3381 3383 3384
f 3381 3384 3380
f 3381 3380 2795
f 2736 2737 3378
f 2737 2738 3378
f 2738 2740 3378
f 2728 2729 2740
f 2740 2729 3378
f 3378 2786 2788
f 2729 2783 3378
f 3378 2783 2786
f 2729 2748 2783
f 3385 2794 2796
f 3386 2794 3385
f 3387 2797 3386
f 3386 2797 2794
f 3387 2798 2797
f 3386 3388 3387
f 3385 3388 3386
f 2945 2951 3385
f 2946 3385 2796
f 2946 2945 3385
f 2801 2796 2789
f 2801 2946 2796
f 2799 2801 2789
f 2806 2799 2789
f 2775 2789 2768
f 2775 2806 2789
f 3389 2951 2950
f 3389 2950 2952
f 3389 2952 2953
f 3389 2953 2949
f 3390 3389 3391
f 3390 2951 3389
f 3392 3390 3391
f 3393 3392 3391
f 3394 3392 3393
f 3395 3392 3394
f 3396 3392 3395
f 3397 3392 3396
f 3398 3399 3400
f 3401 3402 3398
f 3398 3402 3399
f 3401 3403 3402
f 2815 2814 3401
f 3401 2814 3403
f 2211 2724 2228
f 2726 3404 2724
f 2727 3404 2726
f 2228 3404 2809
f 3405 3404 3406
f 3407 3404 3405
f 2809 3404 3407
f 3406 3404 2727
f 2724 3404 2228
f 3408 3405 3406
f 2811 3407 3408
f 3408 3407 3405
f 2811 2809 3407
f 2811 3409 2814
f 2814 3409 3403
f 3403 3409 3402
f 3402 3409 3399
f 3399 3409 3408
f 3408 3409 2811
f 3400 3410 3398
f 3398 3410 3401
f 3401 3410 2815
f 2815 3410 2820
f 3411 3410 3412
f 3413 3410 3411
f 2820 3410 3413
f 3412 3410 3400
f 2832 2829 3414
f 2832 3414 3415
f 3415 3414 3416
f 2843 2866 2845
f 2866 2867 2845
f 2862 3417 2864
f 2864 3417 2867
f 2867 3417 2845
f 2845 2921 2852
f 3417 2921 2845
f 3417 2923 2921
f 3417 2925 2923
f 3417 3418 3419
f 2860 3417 2862
f 2860 3418 3417
f 2859 3420 3418
f 2859 3418 2860
f 2842 2870 3420
f 2842 3420 2859
f 3421 2928 2926
f 3421 2926 2924
f 3421 2924 2925
f 3421 2925 3422
f 3423 3422 3424
f 3423 3424 3425
f 3423 3425 3426
f 3423 3426 3427
f 3423 3427 3421
f 3423 3421 3422
f 2643 2592 2869
f 2871 3428 2870
f 2869 3428 2871
f 2870 3428 3429
f 3430 3428 2872
f 3431 3428 3430
f 3429 3428 3431
f 2872 3428 2592
f 2592 3428 2869
f 2875 3430 2872
f 3432 3430 2875
f 3432 3431 3430
f 3432 3429 3431
f 2874 3433 2875
f 3432 3433 3434
f 3435 3433 2874
f 3436 3433 3435
f 3434 3433 3436
f 2875 3433 3432
f 3437 3435 2822
f 2822 3435 2874
f 3438 3436 3437
f 3437 3436 3435
f 3439 3434 3438
f 3438 3434 3436
f 2822 3440 3437
f 3437 3440 3438
f 3438 3440 3439
f 3439 3440 3441
f 3442 3440 2824
f 3443 3440 3442
f 3441 3440 3443
f 2824 3440 2822
f 2881 2853 2851
f 2881 3444 2853
f 2880 3445 2881
f 2881 3445 3444
f 2885 2887 3446
f 3447 2885 3446
f 2888 2885 3447
f 3448 2888 3447
f 3449 2889 3448
f 2891 2889 3449
f 3372 2891 3449
f 3450 2889 2888
f 3450 2888 3448
f 3450 3448 2889
f 3451 3452 3453
f 3451 3454 3452
f 3455 3456 3457
f 3455 3453 3456
f 3455 3451 3453
f 3458 3459 3460
f 3458 3460 3461
f 3462 3463 3459
f 3462 3459 3458
f 3447 3446 3464
f 3448 3464 3465
f 3448 3447 3464
f 3449 3448 3465
f 3372 3449 3465
f 3466 3460 3451
f 3466 3451 3455
f 3467 3455 3461
f 3467 3466 3455
f 3467 3461 3460
f 3467 3460 3466
f 3468 3464 3463
f 3468 3465 3464
f 3469 3462 3465
f 3469 3465 3468
f 3469 3463 3462
f 3469 3468 3463
f 2897 2710 2902
f 2902 2710 2560
f 2897 2883 2710
f 2896 2886 2897
f 2897 2886 2883
f 2896 2887 2886
f 3470 3471 3472
f 3473 3471 3470
f 3474 3475 3473
f 3474 3473 3470
f 2898 3474 2896
f 2899 3474 2898
f 2566 3476 3475
f 2566 3477 3476
f 2566 2567 3477
f 2895 3475 3474
f 2895 2566 3475
f 2895 3474 2899
f 2894 2566 2895
f 2565 2566 2894
f 2893 2565 2894
f 2564 2565 2893
f 3478 3479 3480
f 2903 3481 3482
f 2903 2601 3481
f 3471 3483 3472
f 2567 2907 3477
f 3484 2905 2904
f 3484 3485 3486
f 3487 3471 3473
f 3487 3473 3475
f 3487 3475 3476
f 3487 3476 3477
f 3487 3483 3471
f 3487 3477 2907
f 3488 3489 3479
f 3488 3490 3489
f 3488 3482 3490
f 3488 3479 3478
f 3488 2903 3482
f 3491 2904 2903
f 3491 3478 3485
f 3491 2903 3488
f 3491 3488 3478
f 3492 3484 2904
f 3492 3485 3484
f 3492 2904 3491
f 3492 3491 3485
f 3493 2906 2905
f 3493 2905 3484
f 3493 3484 3486
f 3494 2907 2906
f 3494 3486 3483
f 3494 2906 3493
f 3494 3493 3486
f 3495 3483 3487
f 3495 3487 2907
f 3495 3494 3483
f 3495 2907 3494
f 2598 3481 2601
f 2914 2596 2600
f 2915 2596 2914
f 3496 3480 3479
f 2911 3497 2919
f 2913 3497 2911
f 3498 3497 3496
f 3498 3479 3489
f 3498 3489 3490
f 3498 3490 3482
f 3498 3482 3481
f 3498 2598 2596
f 3498 2915 2916
f 3498 2916 2919
f 3498 3481 2598
f 3498 2596 2915
f 3498 3496 3479
f 3498 2919 3497
f 2913 3499 3500
f 2912 3499 2913
f 2912 3501 3499
f 2653 2910 2917
f 2917 2910 2912
f 2912 2910 3501
f 3502 3421 3503
f 3503 3421 3504
f 3504 3421 3427
f 3421 3505 2928
f 3421 3506 3505
f 3421 3507 3506
f 3421 3508 3507
f 3502 3508 3421
f 3509 3504 3510
f 3510 3504 3427
f 3511 3503 3509
f 3509 3503 3504
f 3511 3502 3503
f 2928 3505 2927
f 3506 2938 3505
f 3505 2938 2927
f 3507 2935 2937
f 3507 3508 2935
f 3508 2936 2935
f 3507 3512 3506
f 2938 3512 2937
f 3506 3512 2938
f 2937 3512 3507
f 3445 2929 2934
f 3445 2880 2929
f 2936 3445 2934
f 3513 3445 2936
f 3514 3513 2936
f 3515 3514 2936
f 3516 3517 3518
f 3516 3518 3519
f 3520 3519 3521
f 3520 3516 3519
f 3522 3523 3393
f 3522 3524 3523
f 3522 3525 3524
f 3526 3393 3391
f 3526 3391 3389
f 3526 3522 3393
f 3527 3521 3525
f 3527 3520 3521
f 3527 3525 3522
f 3528 3389 2949
f 3528 2949 2941
f 3528 3526 3389
f 3529 3528 2941
f 3530 3529 2941
f 3531 3532 3530
f 3531 3530 2941
f 3533 3532 3531
f 3534 3535 3532
f 3534 3532 3533
f 3536 3535 3534
f 3537 3538 3535
f 3537 3535 3536
f 3539 3538 3537
f 3540 3519 3518
f 3541 3518 3517
f 3541 3540 3518
f 3542 3540 3543
f 3542 3543 3521
f 3542 3521 3519
f 3542 3519 3540
f 3544 3521 3543
f 3525 3521 3544
f 3545 3546 3547
f 3547 3546 3548
f 3548 3549 3550
f 3546 3549 3548
f 3550 3540 3551
f 3549 3543 3550
f 3550 3543 3540
f 3549 3544 3543
f 3552 3553 3554
f 3552 3555 3553
f 3556 3557 3555
f 3556 3555 3552
f 3558 3554 3559
f 3558 3552 3554
f 3560 3561 3557
f 3560 3557 3556
f 3562 3559 3563
f 3562 3558 3559
f 3564 3539 3561
f 3564 3561 3560
f 3538 3539 3564
f 3565 3562 3563
f 3566 3565 3563
f 3567 3565 3566
f 3568 3567 3566
f 3569 3567 3568
f 3570 3571 3569
f 3570 3569 3568
f 3572 3571 3570
f 3520 3527 3571
f 3520 3571 3572
f 3516 3520 3572
f 3517 3516 3572
f 3541 3517 3572
f 3551 3541 3572
f 3540 3541 3551
f 3573 3574 3538
f 3573 3575 3574
f 3564 3573 3538
f 3576 3573 3564
f 3560 3576 3564
f 3577 3576 3560
f 3556 3577 3560
f 3552 3578 3556
f 3579 3578 3552
f 3558 3579 3552
f 3580 3579 3558
f 3581 3582 3562
f 3565 3581 3562
f 3583 3581 3565
f 3567 3583 3565
f 3569 3584 3585
f 3586 3584 3569
f 3571 3586 3569
f 3587 3586 3571
f 3588 3589 3587
f 3527 3587 3571
f 3527 3588 3587
f 3590 3578 3577
f 3590 3577 3556
f 3590 3556 3578
f 3591 3582 3580
f 3591 3562 3582
f 3592 3558 3562
f 3592 3591 3580
f 3592 3580 3558
f 3592 3562 3591
f 3593 3585 3583
f 3593 3583 3567
f 3594 3567 3569
f 3594 3585 3593
f 3594 3569 3585
f 3594 3593 3567
f 3551 3595 3596
f 3551 3597 3595
f 3551 3598 3597
f 3551 3572 3598
f 3550 3551 3596
f 3548 3550 3596
f 3547 3548 3596
f 3599 3547 3596
f 3600 3538 3574
f 3600 3574 3575
f 3535 3538 3600
f 3601 3535 3600
f 3532 3535 3601
f 3602 3532 3601
f 3530 3532 3602
f 3603 3530 3602
f 3529 3530 3603
f 3604 3529 3603
f 3528 3529 3604
f 3605 3528 3604
f 3522 3526 3606
f 3589 3522 3606
f 3588 3522 3589
f 3527 3522 3588
f 3607 3605 3606
f 3607 3526 3528
f 3607 3528 3605
f 3607 3606 3526
f 3576 3608 3609
f 3577 3610 3608
f 3577 3608 3576
f 3578 3611 3610
f 3578 3610 3577
f 3579 3612 3611
f 3579 3611 3578
f 3580 3613 3612
f 3580 3612 3579
f 3582 3614 3613
f 3582 3613 3580
f 3581 3615 3614
f 3581 3614 3582
f 3583 3616 3615
f 3583 3615 3581
f 3585 3617 3616
f 3585 3616 3583
f 3584 3618 3617
f 3584 3617 3585
f 3586 3618 3584
f 3531 2941 2940
f 3619 3620 3621
f 3619 3621 2960
f 2958 3621 3531
f 2958 3531 2940
f 2958 2960 3621
f 2964 2958 2940
f 2961 2964 2940
f 2805 2961 2940
f 2965 2961 2805
f 2968 2965 2805
f 2287 2968 2805
f 3619 2960 2959
f 3622 2955 2957
f 3623 3624 3625
f 3626 2959 2956
f 3626 3620 3619
f 3626 3619 2959
f 3627 2956 2955
f 3627 3622 3625
f 3627 3626 2956
f 3627 2955 3622
f 3628 3629 3630
f 3628 3630 3621
f 3628 3621 3620
f 3628 3620 3626
f 3631 3624 3629
f 3631 3627 3625
f 3631 3626 3627
f 3631 3629 3628
f 3631 3628 3626
f 3631 3625 3624
f 2975 2963 2962
f 2986 2963 2975
f 2990 2954 2963
f 2990 2963 2986
f 2989 2957 2954
f 2989 2954 2990
f 2994 3632 3633
f 2994 3634 3632
f 2992 3635 3634
f 2992 3634 2994
f 2978 2992 2987
f 2978 2987 2984
f 2978 2977 3635
f 2978 3635 2992
f 2356 2984 2985
f 2356 2985 2983
f 2356 2983 2364
f 2356 2978 2984
f 3632 3634 3636
f 3637 3638 3639
f 2989 2988 3640
f 3641 3633 3632
f 3641 3636 3642
f 3641 3632 3636
f 3643 3642 3638
f 3643 3641 3642
f 3643 3638 3637
f 3644 2993 2994
f 3644 2991 2993
f 3644 2994 3633
f 3644 3633 3641
f 3645 2988 2991
f 3645 3637 3640
f 3645 3641 3643
f 3645 2991 3644
f 3645 3643 3637
f 3645 3644 3641
f 3645 3640 2988
f 3050 3025 3028
f 3026 3050 3046
f 3026 3025 3050
f 3024 3026 3046
f 3048 3015 3024
f 3048 3024 3046
f 3124 3009 3010
f 3124 3010 3012
f 3124 3012 3015
f 3124 3015 3048
f 3005 3009 3124
f 3125 3004 3005
f 3125 3005 3124
f 3001 3004 3125
f 2977 3001 3125
f 3126 2977 3125
f 3127 2977 3126
f 3646 3038 3037
f 3647 3130 3038
f 3647 3038 3646
f 3648 3129 3130
f 3648 3130 3647
f 3649 3128 3129
f 3649 3129 3648
f 3635 3127 3128
f 3635 2977 3127
f 3635 3128 3649
f 3023 3210 3030
f 3030 3650 3651
f 3210 3650 3030
f 3210 3652 3650
f 3210 3211 3652
f 3053 3031 3030
f 3053 3032 3031
f 3053 3033 3032
f 3053 3034 3033
f 3653 3053 3030
f 3057 3053 3653
f 3654 3057 3653
f 3059 3061 3655
f 3656 3059 3655
f 3055 3059 3656
f 3657 3051 3658
f 3044 3051 3657
f 3659 3044 3657
f 3041 3042 3660
f 3661 3041 3660
f 3662 3041 3661
f 3036 3041 3662
f 3663 3036 3662
f 3664 3663 3662
f 3665 3664 3662
f 3666 3665 3662
f 3667 3061 3057
f 3667 3057 3654
f 3668 3654 3655
f 3668 3655 3061
f 3668 3667 3654
f 3668 3061 3667
f 3669 3051 3055
f 3669 3658 3051
f 3670 3656 3658
f 3670 3658 3669
f 3670 3669 3055
f 3670 3055 3656
f 3671 3042 3044
f 3671 3044 3659
f 3672 3659 3660
f 3672 3042 3671
f 3672 3671 3659
f 3672 3660 3042
f 3141 3673 3140
f 3136 3674 3673
f 3136 3673 3141
f 3135 3674 3136
f 3675 3674 3135
f 3150 3675 3135
f 3676 3675 3150
f 3149 3676 3150
f 3677 3676 3149
f 3147 3677 3149
f 3678 3164 3161
f 3678 3161 3160
f 3679 3147 3148
f 3679 3677 3147
f 3680 3144 3143
f 3680 3143 3164
f 3680 3164 3678
f 3681 3148 3152
f 3681 3679 3148
f 3682 3145 3144
f 3682 3144 3680
f 3683 3152 3146
f 3683 3681 3152
f 3684 3146 3145
f 3684 3145 3682
f 3684 3683 3146
f 3685 3686 3687
f 3685 3674 3686
f 3688 3689 3690
f 3688 3691 3689
f 3688 3687 3691
f 3688 3685 3687
f 3692 3693 3673
f 3692 3694 3693
f 3692 3695 3694
f 3692 3673 3674
f 3692 3674 3685
f 3696 3690 3697
f 3696 3698 3695
f 3696 3697 3698
f 3696 3692 3685
f 3696 3695 3692
f 3696 3688 3690
f 3696 3685 3688
f 3699 3700 3701
f 3702 3703 3704
f 3702 3704 3705
f 3702 3705 3706
f 3702 3706 3707
f 3702 3707 3700
f 3702 3700 3699
f 3708 3709 3710
f 3708 3711 3712
f 3713 3673 3693
f 3713 3693 3694
f 3713 3694 3695
f 3713 3695 3698
f 3713 3698 3697
f 3713 3697 3714
f 3713 3715 3673
f 3716 3717 3703
f 3716 3699 3718
f 3716 3702 3699
f 3716 3703 3702
f 3719 3717 3716
f 3719 3716 3718
f 3720 3721 3717
f 3720 3718 3722
f 3720 3719 3718
f 3720 3717 3719
f 3723 3721 3720
f 3723 3720 3722
f 3724 3710 3721
f 3724 3722 3711
f 3724 3723 3722
f 3724 3721 3723
f 3725 3724 3711
f 3725 3710 3724
f 3725 3711 3708
f 3725 3708 3710
f 3726 3708 3712
f 3726 3709 3708
f 3727 3728 3709
f 3727 3712 3729
f 3727 3726 3712
f 3727 3709 3726
f 3730 3727 3729
f 3730 3728 3727
f 3731 3732 3728
f 3731 3729 3733
f 3731 3728 3730
f 3731 3730 3729
f 3734 3732 3731
f 3734 3731 3733
f 3735 3714 3732
f 3735 3733 3715
f 3735 3732 3734
f 3735 3734 3733
f 3736 3713 3714
f 3736 3715 3713
f 3736 3714 3735
f 3736 3735 3715
f 3737 3700 3707
f 3737 3701 3700
f 3737 3738 3701
f 3739 3705 3704
f 3739 3706 3705
f 3739 3707 3706
f 3739 3704 3740
f 3739 3737 3707
f 3741 3742 3743
f 3741 3743 3744
f 3741 3744 3738
f 3741 3738 3737
f 3745 3740 3746
f 3745 3746 3742
f 3745 3741 3737
f 3745 3739 3740
f 3745 3737 3739
f 3745 3742 3741
f 3682 3680 3747
f 3682 3747 3748
f 3682 3748 3749
f 3682 3749 3750
f 3682 3750 3751
f 3752 3682 3751
f 3684 3682 3752
f 3753 3684 3752
f 3681 3683 3754
f 3755 3681 3754
f 3677 3679 3756
f 3757 3675 3676
f 3757 3676 3758
f 3759 3675 3757
f 3674 3675 3759
f 3686 3674 3759
f 3687 3686 3759
f 3691 3687 3759
f 3689 3691 3759
f 3690 3689 3759
f 3760 3683 3684
f 3760 3684 3753
f 3761 3753 3754
f 3761 3754 3683
f 3761 3760 3753
f 3761 3683 3760
f 3762 3679 3681
f 3762 3755 3756
f 3762 3681 3755
f 3762 3756 3679
f 3763 3676 3677
f 3763 3764 3758
f 3763 3758 3676
f 3765 3756 3764
f 3765 3763 3677
f 3765 3764 3763
f 3765 3677 3756
f 3306 3718 3699
f 3306 3699 3701
f 3722 3718 3306
f 3305 3711 3722
f 3305 3722 3306
f 3140 3673 3715
f 3140 3715 3733
f 3169 3733 3729
f 3169 3140 3733
f 3168 3169 3729
f 3766 3312 3767
f 3768 3312 3766
f 3769 3310 3312
f 3769 3312 3768
f 3770 3310 3769
f 3771 3160 3772
f 3678 3160 3771
f 3773 3167 3168
f 3773 3729 3712
f 3773 3712 3711
f 3773 3305 3307
f 3773 3711 3305
f 3773 3168 3729
f 3774 3307 3308
f 3774 3773 3307
f 3775 3167 3773
f 3775 3773 3774
f 3776 3775 3774
f 3777 3308 3309
f 3777 3774 3308
f 3778 3776 3774
f 3778 3774 3777
f 3779 3166 3167
f 3779 3775 3776
f 3779 3167 3775
f 3779 3776 3778
f 3780 3778 3777
f 3781 3780 3777
f 3782 3778 3780
f 3782 3165 3166
f 3782 3780 3781
f 3782 3166 3779
f 3782 3779 3778
f 3783 3784 3772
f 3783 3785 3784
f 3783 3786 3785
f 3783 3770 3786
f 3783 3160 3165
f 3783 3309 3310
f 3783 3782 3781
f 3783 3777 3309
f 3783 3165 3782
f 3783 3781 3777
f 3783 3310 3770
f 3783 3772 3160
f 3325 3787 3788
f 3324 3789 3787
f 3324 3787 3325
f 3331 3788 3790
f 3331 3325 3788
f 3323 3791 3789
f 3323 3789 3324
f 3322 3738 3791
f 3322 3791 3323
f 3327 3790 3792
f 3327 3331 3790
f 3339 3738 3322
f 3701 3738 3339
f 3326 3792 3793
f 3326 3327 3792
f 3338 3701 3339
f 3306 3701 3338
f 3328 3326 3793
f 3794 3328 3793
f 3795 3329 3328
f 3795 3328 3794
f 3796 3317 3316
f 3796 3316 3329
f 3796 3329 3795
f 3767 3312 3318
f 3767 3318 3317
f 3767 3317 3796
f 3218 3222 3797
f 3218 3797 3798
f 3218 3798 3799
f 3218 3799 3800
f 3801 3218 3800
f 3215 3218 3801
f 3802 3215 3801
f 3220 3216 3803
f 3804 3220 3803
f 3225 3220 3804
f 3805 3226 3806
f 3231 3226 3805
f 3807 3231 3805
f 3235 3233 3808
f 3809 3235 3808
f 3810 3235 3809
f 3191 3235 3810
f 3190 3191 3810
f 3189 3190 3810
f 3187 3189 3810
f 3188 3187 3810
f 3811 3216 3215
f 3811 3215 3802
f 3812 3802 3803
f 3812 3811 3802
f 3812 3216 3811
f 3812 3803 3216
f 3813 3226 3225
f 3813 3806 3226
f 3814 3804 3806
f 3814 3225 3804
f 3814 3813 3225
f 3814 3806 3813
f 3815 3233 3231
f 3815 3231 3807
f 3816 3807 3808
f 3816 3233 3815
f 3816 3808 3233
f 3816 3815 3807
f 3170 3188 3174
f 3174 3817 3175
f 3188 3818 3174
f 3174 3818 3817
f 3188 3819 3818
f 3820 3651 3821
f 3821 3651 3822
f 3651 3650 3822
f 3211 3690 3652
f 3652 3690 3650
f 3650 3690 3822
f 3209 3697 3211
f 3211 3697 3690
f 3209 3714 3697
f 3208 3732 3209
f 3209 3732 3714
f 2673 3207 3208
f 3208 3728 3732
f 3207 3203 3208
f 3208 3203 3728
f 3175 3817 3740
f 3817 3818 3740
f 3818 3823 3740
f 3818 3819 3823
f 3819 3824 3823
f 3819 3825 3824
f 3740 3704 3175
f 3717 3173 3703
f 3703 3173 3704
f 3704 3173 3175
f 3728 3201 3709
f 3709 3201 3710
f 3710 3201 3721
f 3203 3201 3728
f 3717 3172 3173
f 3721 3172 3717
f 3721 3198 3172
f 3201 3198 3721
f 3198 3192 3172
f 3192 2655 3172
f 3821 3826 3820
f 3821 3822 3826
f 3827 3824 3825
f 3823 3824 3827
f 3791 3746 3740
f 3791 3742 3746
f 3791 3743 3742
f 3791 3744 3743
f 3791 3738 3744
f 3828 3789 3791
f 3828 3791 3740
f 3787 3789 3828
f 3829 3787 3828
f 3788 3787 3829
f 3790 3788 3830
f 3831 3790 3830
f 3793 3792 3832
f 3833 3793 3832
f 3834 3794 3833
f 3795 3794 3834
f 3835 3795 3834
f 3836 3795 3835
f 3796 3795 3836
f 3837 3796 3836
f 3838 3837 3836
f 3839 3838 3836
f 3840 3839 3836
f 3841 3840 3836
f 3842 3788 3829
f 3842 3830 3788
f 3843 3829 3830
f 3843 3830 3842
f 3843 3842 3829
f 3844 3792 3790
f 3844 3790 3831
f 3845 3831 3832
f 3845 3844 3831
f 3845 3792 3844
f 3845 3832 3792
f 3846 3794 3793
f 3846 3793 3833
f 3846 3833 3794
f 3240 3241 3351
f 3240 3351 3350
f 3238 3350 3353
f 3238 3240 3350
f 3348 3354 3360
f 3348 3360 3355
f 3347 3355 3357
f 3347 3357 3366
f 3347 3366 3361
f 3347 3348 3355
f 3239 3353 3354
f 3239 3238 3353
f 3239 3354 3348
f 3346 3361 3363
f 3346 3363 3369
f 3346 3347 3361
f 3345 3346 3369
f 3344 3345 3369
f 3847 3343 3344
f 3847 3344 3369
f 3848 3343 3847
f 3849 3342 3343
f 3849 3343 3848
f 3850 3342 3849
f 3851 3230 3342
f 3851 3342 3850
f 3228 3230 3851
f 3847 3369 3374
f 3852 3853 3854
f 3852 3854 3457
f 3455 3854 3847
f 3455 3847 3374
f 3455 3457 3854
f 3461 3455 3374
f 3458 3461 3374
f 2700 3458 3374
f 3462 3458 2700
f 3465 3462 2700
f 3372 3465 2700
f 3852 3457 3456
f 3855 3452 3454
f 3856 3857 3858
f 3859 3456 3453
f 3859 3853 3852
f 3859 3852 3456
f 3860 3453 3452
f 3860 3855 3858
f 3860 3859 3453
f 3860 3452 3855
f 3861 3862 3863
f 3861 3863 3854
f 3861 3854 3853
f 3861 3853 3859
f 3864 3857 3862
f 3864 3860 3858
f 3864 3859 3860
f 3864 3862 3861
f 3864 3861 3859
f 3864 3858 3857
f 3378 2788 3379
f 2788 3380 3379
f 3380 3384 3379
f 3865 2798 3387
f 3865 3382 2798
f 3865 3383 3382
f 3865 3384 3383
f 3388 3865 3387
f 3388 3385 2951
f 3388 2951 3390
f 3392 3388 3390
f 3866 3388 3392
f 3397 3866 3392
f 3523 3394 3393
f 3523 3395 3394
f 3523 3396 3395
f 3523 3397 3396
f 3545 3523 3524
f 3545 3397 3523
f 3546 3545 3524
f 3549 3546 3524
f 3525 3549 3524
f 3544 3549 3525
f 3599 3545 3547
f 3400 3867 3868
f 3400 3868 3869
f 3400 3869 3412
f 3870 3400 3399
f 3871 3400 3870
f 3872 3400 3871
f 3872 3867 3400
f 3406 3377 3379
f 3406 3376 3377
f 3406 2727 3376
f 3873 3406 3379
f 3408 3406 3873
f 3874 3872 3871
f 3874 3871 3870
f 3874 3870 3399
f 3874 3399 3408
f 3874 3873 3872
f 3874 3408 3873
f 3412 3875 3411
f 3411 3875 3413
f 3413 3875 2820
f 2820 3875 2828
f 3876 3875 3877
f 3878 3875 3876
f 2828 3875 3878
f 3877 3875 3412
f 3877 3879 3876
f 3876 3879 3878
f 3878 3879 2828
f 2828 3879 2829
f 3880 3879 3881
f 3882 3879 3880
f 2829 3879 3882
f 3881 3879 3877
f 3882 3414 2829
f 3880 3883 3882
f 3882 3883 3414
f 3880 3884 3883
f 3881 3885 3880
f 3880 3885 3884
f 3886 3885 3887
f 3888 3884 3886
f 3886 3884 3885
f 3889 3883 3888
f 3888 3883 3884
f 3416 3414 3889
f 3889 3414 3883
f 3889 3415 3416
f 3888 3890 3889
f 3889 3890 3415
f 3886 3891 3888
f 3888 3891 3890
f 3887 3892 3886
f 3886 3892 3891
f 3893 3894 3895
f 3896 3894 3893
f 2838 3894 3896
f 3895 3894 3897
f 3898 3894 2832
f 3899 3894 3898
f 3897 3894 3899
f 2832 3894 2838
f 3899 3891 3897
f 3897 3891 3892
f 3898 3890 3899
f 3899 3890 3891
f 2832 3415 3898
f 3898 3415 3890
f 2824 3900 3442
f 3442 3900 3443
f 3443 3900 3441
f 3441 3900 3895
f 3895 3900 3893
f 3893 3900 3896
f 3896 3900 2838
f 2838 3900 2824
f 2925 3417 3419
f 3422 2925 3419
f 3424 3422 3419
f 3429 3420 2870
f 3429 3418 3420
f 3429 3419 3418
f 3901 3419 3429
f 3432 3901 3429
f 3902 3903 3901
f 3902 3432 3434
f 3902 3904 3903
f 3902 3905 3904
f 3902 3434 3905
f 3902 3901 3432
f 3439 3906 3907
f 3439 3908 3906
f 3439 3441 3908
f 3903 3439 3907
f 3904 3439 3903
f 3905 3439 3904
f 3434 3439 3905
f 3909 3425 3424
f 3909 3426 3425
f 3909 3427 3426
f 3510 3427 3909
f 3910 3510 3909
f 3557 3561 3911
f 3557 3911 3912
f 3557 3912 3913
f 3557 3913 3914
f 3915 3557 3914
f 3555 3557 3915
f 3916 3555 3915
f 3554 3553 3917
f 3918 3554 3917
f 3559 3554 3918
f 3919 3563 3920
f 3566 3563 3919
f 3921 3566 3919
f 3570 3568 3922
f 3923 3570 3922
f 3924 3570 3923
f 3572 3570 3924
f 3598 3572 3924
f 3597 3598 3924
f 3595 3597 3924
f 3596 3595 3924
f 3925 3553 3555
f 3925 3555 3916
f 3926 3916 3917
f 3926 3925 3916
f 3926 3553 3925
f 3926 3917 3553
f 3927 3563 3559
f 3927 3920 3563
f 3928 3918 3920
f 3928 3559 3918
f 3928 3927 3559
f 3928 3920 3927
f 3929 3568 3566
f 3929 3566 3921
f 3930 3921 3922
f 3930 3568 3929
f 3930 3922 3568
f 3930 3929 3921
f 3599 3596 3931
f 3931 3932 3933
f 3596 3934 3931
f 3931 3934 3932
f 3596 3935 3934
f 3587 3936 3618
f 3587 3618 3586
f 3589 3937 3936
f 3589 3938 3937
f 3589 3936 3587
f 3606 3939 3938
f 3606 3938 3589
f 3605 3940 3939
f 3605 3939 3606
f 3604 3941 3940
f 3604 3940 3605
f 3603 3941 3604
f 3602 3942 3941
f 3602 3941 3603
f 3601 3943 3942
f 3601 3942 3602
f 3600 3944 3943
f 3600 3943 3601
f 3575 3945 3944
f 3575 3944 3600
f 3573 3946 3945
f 3573 3945 3575
f 3576 3609 3946
f 3576 3946 3573
f 3612 3947 3948
f 3612 3613 3947
f 3949 3612 3948
f 3611 3612 3949
f 3950 3608 3610
f 3950 3610 3951
f 3952 3609 3608
f 3952 3608 3950
f 3945 3946 3953
f 3954 3944 3945
f 3955 3945 3953
f 3955 3954 3945
f 3956 3610 3611
f 3956 3949 3951
f 3956 3611 3949
f 3956 3951 3610
f 3957 3609 3952
f 3958 3946 3609
f 3958 3952 3953
f 3958 3957 3952
f 3958 3609 3957
f 3958 3953 3946
f 3937 3959 3960
f 3937 3938 3959
f 3961 3936 3937
f 3961 3937 3960
f 3962 3616 3617
f 3962 3617 3963
f 3964 3615 3616
f 3964 3616 3962
f 3947 3613 3614
f 3948 3614 3965
f 3948 3947 3614
f 3966 3617 3618
f 3966 3963 3617
f 3967 3618 3936
f 3967 3961 3963
f 3967 3966 3618
f 3967 3936 3961
f 3967 3963 3966
f 3968 3614 3615
f 3968 3615 3964
f 3968 3965 3614
f 3969 3964 3965
f 3969 3965 3968
f 3969 3968 3964
f 2648 3970 2647
f 2648 3971 3970
f 2648 3972 3971
f 3973 3974 3972
f 3973 3972 2648
f 2646 3973 2648
f 3975 3973 2646
f 2645 3975 2646
f 2644 3975 2645
f 2909 2647 3970
f 3976 3972 3974
f 3977 2910 2908
f 3978 3979 3980
f 3981 3970 3971
f 3981 2909 3970
f 3982 3971 3972
f 3982 3976 3980
f 3982 3981 3971
f 3982 3972 3976
f 3983 3984 3977
f 3983 2908 2909
f 3983 3977 2908
f 3983 2909 3981
f 3985 3979 3984
f 3985 3981 3982
f 3985 3984 3983
f 3985 3982 3980
f 3985 3983 3981
f 3985 3980 3979
f 3986 3979 3978
f 3501 2910 3977
f 3987 3988 3989
f 3500 3499 3990
f 3991 3977 3984
f 3991 3984 3979
f 3991 3986 3988
f 3991 3979 3986
f 3991 3501 3977
f 3992 3993 3990
f 3992 3987 3993
f 3992 3499 3501
f 3992 3991 3988
f 3992 3988 3987
f 3992 3501 3991
f 3992 3990 3499
f 3994 3514 3515
f 3994 3515 3995
f 3994 3995 3996
f 3994 3996 3997
f 3994 3997 3998
f 3994 3998 3999
f 3994 3999 3514
f 4000 3513 3514
f 4000 3999 4001
f 4000 3514 3999
f 4000 4001 3513
f 4002 2853 3444
f 4002 3444 3445
f 4002 3445 3513
f 4002 4001 2853
f 4002 3513 4001
f 4003 4004 4005
f 4003 4005 4006
f 4003 4006 4007
f 4003 4007 4008
f 4003 4008 4009
f 4010 4009 4011
f 4010 4003 4009
f 3997 4011 3998
f 3996 4011 3997
f 3995 4011 3996
f 3515 4010 4011
f 3515 4011 3995
f 3454 4012 4013
f 3451 4014 4012
f 3451 4012 3454
f 3460 4015 4014
f 3460 4014 3451
f 3459 4015 3460
f 3496 4015 3480
f 3497 4016 4015
f 3497 4015 3496
f 3478 3480 4015
f 2913 3500 4017
f 2913 4018 4016
f 2913 4017 4018
f 2913 4016 3497
f 3485 3478 4015
f 3486 3485 4015
f 3459 3474 3470
f 3459 3470 3472
f 3459 3472 3483
f 3459 3483 3486
f 3459 3486 4015
f 3463 2896 3474
f 3463 3474 3459
f 3464 2896 3463
f 3446 2896 3464
f 2887 2896 3446
f 4019 3987 3989
f 4019 3989 4020
f 4021 3993 3987
f 4021 3987 4019
f 3990 3993 4021
f 4022 3990 4021
f 3500 3990 4022
f 4017 3500 4022
f 4023 4024 3511
f 3511 4025 3502
f 4024 4025 3511
f 3502 4004 3508
f 4025 4004 3502
f 4004 4003 3508
f 4003 4010 3508
f 3508 3515 2936
f 4010 3515 3508
f 3509 3910 3511
f 3510 3910 3509
f 3913 4026 3914
f 3912 4027 3913
f 3913 4027 4026
f 3911 4028 3912
f 3912 4028 4027
f 3561 4029 3911
f 3911 4029 4028
f 3561 3539 4029
f 3533 3531 4030
f 3533 4030 4031
f 4032 4031 4033
f 4032 4033 4034
f 4032 3533 4031
f 3534 3533 4032
f 4035 3534 4032
f 4029 3539 3537
f 4028 4029 3537
f 4027 3537 4036
f 4027 4028 3537
f 4026 4027 4036
f 4037 4035 4038
f 4037 3536 3534
f 4037 3534 4035
f 4037 4038 3536
f 4039 3537 3536
f 4039 4036 3537
f 4040 4038 4036
f 4040 4036 4039
f 4040 3536 4038
f 4040 4039 3536
f 4033 3623 4034
f 4031 3624 4033
f 4033 3624 3623
f 4030 3629 4031
f 4031 3629 3624
f 3531 3630 4030
f 4030 3630 3629
f 3531 3621 3630
f 3625 3637 3623
f 3623 3637 3639
f 3622 3640 3625
f 3625 3640 3637
f 2957 2989 3622
f 3622 2989 3640
f 4041 3634 3635
f 4042 3636 4041
f 4041 3636 3634
f 4043 3642 4042
f 4042 3642 3636
f 4044 3638 4043
f 4043 3638 3642
f 4044 3639 3638
f 3646 3037 4045
f 3646 4045 4046
f 4047 4046 4048
f 4047 4048 4049
f 4047 3646 4046
f 3647 3646 4047
f 4050 3647 4047
f 4041 3635 3649
f 4042 4041 3649
f 4043 3649 4051
f 4043 4042 3649
f 4044 4043 4051
f 4052 3648 3647
f 4052 4050 4053
f 4052 3647 4050
f 4052 4053 3648
f 4054 3649 3648
f 4054 4051 3649
f 4055 4053 4051
f 4055 4051 4054
f 4055 4054 3648
f 4055 3648 4053
f 3663 3037 3036
f 3664 4045 3663
f 3663 4045 3037
f 3665 4046 3664
f 3664 4046 4045
f 3666 4048 3665
f 3665 4048 4046
f 3666 4049 4048
f 3662 3751 3666
f 3660 3752 3661
f 3661 3752 3662
f 3662 3752 3751
f 3659 3753 3660
f 3660 3753 3752
f 3657 3754 3659
f 3659 3754 3753
f 3658 3755 3657
f 3657 3755 3754
f 3656 3756 3658
f 3658 3756 3755
f 3655 3764 3656
f 3656 3764 3756
f 3654 3758 3655
f 3655 3758 3764
f 3653 3757 3654
f 3822 3757 3653
f 3654 3757 3758
f 3030 3826 3653
f 3653 3826 3822
f 3030 3820 3826
f 3030 3651 3820
f 3822 3759 3757
f 3822 3690 3759
f 4056 3747 3678
f 3678 3747 3680
f 4057 3748 4056
f 4056 3748 3747
f 4058 3749 4057
f 4057 3749 3748
f 4059 3750 4058
f 4058 3750 3749
f 4060 3751 4059
f 4059 3751 3750
f 3766 3767 4061
f 3766 4061 4062
f 3766 4062 4063
f 3766 4063 4064
f 4065 3768 3766
f 4065 4064 4066
f 4065 3766 4064
f 4067 3769 3768
f 4067 3768 4065
f 4068 3769 4067
f 3785 3786 4069
f 4070 3785 4069
f 3784 3785 4070
f 4071 3784 4070
f 3771 3772 4072
f 4073 3771 4072
f 4056 3678 3771
f 4057 3771 4073
f 4057 4056 3771
f 4058 4057 4073
f 4059 4058 4073
f 4060 4059 4073
f 4074 3786 3770
f 4074 3770 3769
f 4074 4069 3786
f 4075 4068 4069
f 4075 3769 4068
f 4075 4069 4074
f 4075 4074 3769
f 4076 3772 3784
f 4076 3784 4071
f 4077 4071 4072
f 4077 4076 4071
f 4077 3772 4076
f 4077 4072 3772
f 4064 3840 4066
f 4066 3840 3841
f 4063 3839 4064
f 4064 3839 3840
f 4062 3838 4063
f 4063 3838 3839
f 4061 3837 4062
f 4062 3837 3838
f 3767 3796 4061
f 4061 3796 3837
f 3810 3825 3188
f 3810 3827 3825
f 3825 3819 3188
f 3809 3823 3810
f 3810 3823 3827
f 3809 3808 3823
f 3823 3828 3740
f 3808 3828 3823
f 3805 3829 3807
f 3807 3829 3808
f 3808 3829 3828
f 3806 3830 3805
f 3805 3830 3829
f 3804 3831 3806
f 3806 3831 3830
f 3803 3832 3804
f 3804 3832 3831
f 3802 3833 3803
f 3803 3833 3832
f 3801 3834 3802
f 3802 3834 3833
f 3801 3835 3834
f 3800 3836 3801
f 3801 3836 3835
f 3800 3841 3836
f 3799 4078 3800
f 3798 4079 3799
f 3799 4079 4078
f 3797 4080 3798
f 3798 4080 4079
f 3222 4081 3797
f 3797 4081 4080
f 3222 3228 4081
f 3848 3847 4082
f 3848 4082 4083
f 4084 4083 4085
f 4084 4085 4086
f 4084 3848 4083
f 3849 3848 4084
f 4087 3849 4084
f 4081 3228 3851
f 4080 4081 3851
f 4079 3851 4088
f 4079 4080 3851
f 4078 4079 4088
f 4089 4087 4090
f 4089 3850 3849
f 4089 3849 4087
f 4089 4090 3850
f 4091 3851 3850
f 4091 4088 3851
f 4092 4090 4088
f 4092 4088 4091
f 4092 3850 4090
f 4092 4091 3850
f 4085 3856 4086
f 4083 3857 4085
f 4085 3857 3856
f 4082 3862 4083
f 4083 3862 3857
f 3847 3863 4082
f 4082 3863 3862
f 3847 3854 3863
f 4093 3454 4013
f 4094 3855 4093
f 4093 3855 3454
f 4095 3858 4094
f 4094 3858 3855
f 4095 3856 3858
f 3384 3873 3379
f 3872 3873 3384
f 3388 3867 3865
f 3599 3397 3545
f 4096 3867 3388
f 4097 3599 3931
f 4097 4096 3599
f 3933 4097 3931
f 4098 3867 3872
f 4098 3384 3865
f 4098 3872 3384
f 4098 3865 3867
f 4099 3388 3866
f 4099 3866 3397
f 4099 3397 3599
f 4099 3599 4096
f 4099 4096 3388
f 4100 3868 3867
f 4101 3869 3868
f 4101 3868 4100
f 4102 3412 3869
f 4102 3869 4101
f 3877 3412 4102
f 4103 3881 4104
f 3885 3881 4103
f 4105 4106 4104
f 4105 3881 3877
f 4105 3877 4102
f 4105 4102 4101
f 4105 4101 4100
f 4105 4100 4106
f 4105 4104 3881
f 3885 4107 3887
f 4103 4108 4107
f 4103 4107 3885
f 4104 4109 4108
f 4104 4108 4103
f 4106 4109 4104
f 4110 4108 4109
f 4110 4109 4111
f 4112 4107 4108
f 4112 4108 4110
f 3892 3887 4107
f 3892 4107 4112
f 3897 4113 3895
f 3897 4114 4113
f 3897 4115 4114
f 4112 3897 3892
f 4110 3897 4112
f 4111 4115 3897
f 4111 3897 4110
f 4113 3908 3441
f 4113 3441 3895
f 4114 3906 3908
f 4114 3908 4113
f 4115 3907 3906
f 4115 3906 4114
f 3424 3419 3901
f 3424 3901 3903
f 3910 3907 4116
f 3910 3909 3907
f 4117 4116 4118
f 4119 4117 4118
f 4120 4121 4117
f 4122 4119 4118
f 4123 3909 3424
f 4123 3903 3907
f 4123 3424 3903
f 4123 3907 3909
f 4124 4125 3910
f 4124 4121 4125
f 4124 3910 4116
f 4124 4116 4117
f 4124 4117 4121
f 3924 4126 3596
f 3924 4127 4126
f 4126 3935 3596
f 3923 4128 3924
f 3924 4128 4127
f 3923 3922 4128
f 4128 4129 4130
f 3922 4129 4128
f 3919 4131 3921
f 3921 4131 3922
f 3922 4131 4129
f 3919 4132 4131
f 3920 4133 3919
f 3919 4133 4132
f 3918 4134 3920
f 3920 4134 4133
f 3917 4135 3918
f 3918 4135 4134
f 3916 4136 3917
f 3917 4136 4135
f 3915 4137 3916
f 3916 4137 4136
f 3914 4138 3915
f 3915 4138 4137
f 3914 4139 4138
f 4140 4141 4142
f 4129 4143 4130
f 4129 4144 4143
f 4129 4145 4144
f 4129 4142 4145
f 4129 4140 4142
f 4146 4147 4132
f 4133 4146 4132
f 4148 4149 4146
f 4150 4146 4133
f 4150 4148 4146
f 4151 4150 4133
f 4152 4151 4133
f 4134 4152 4133
f 4153 4154 4140
f 4153 4131 4154
f 4155 4129 4131
f 4155 4153 4140
f 4155 4140 4129
f 4155 4131 4153
f 4156 4147 4154
f 4157 4131 4132
f 4157 4156 4154
f 4157 4147 4156
f 4157 4154 4131
f 4157 4132 4147
f 4158 4149 4148
f 4158 4148 4150
f 4135 4150 4151
f 4135 4151 4152
f 4135 4152 4134
f 4135 4158 4150
f 4159 4160 4137
f 4138 4159 4137
f 4161 4162 4159
f 4161 4159 4138
f 4163 4161 4138
f 4164 4163 4138
f 4165 4164 4138
f 4139 4165 4138
f 4166 4167 4158
f 4166 4136 4167
f 4168 4135 4136
f 4168 4158 4135
f 4168 4136 4166
f 4168 4166 4158
f 4169 4160 4167
f 4170 4136 4137
f 4170 4160 4169
f 4170 4169 4167
f 4170 4167 4136
f 4170 4137 4160
f 4171 4165 4172
f 4172 4165 4139
f 4173 4164 4171
f 4171 4164 4165
f 4174 4163 4173
f 4173 4163 4164
f 4175 4161 4174
f 4174 4161 4163
f 4176 4162 4175
f 4175 4162 4161
f 4127 4177 4126
f 4128 4177 4127
f 4178 4179 4180
f 4178 4181 4179
f 4178 4141 4181
f 4182 4183 4184
f 4182 4185 4183
f 4182 4180 4185
f 4182 4184 4130
f 4182 4178 4180
f 4186 4144 4145
f 4186 4145 4142
f 4186 4142 4141
f 4186 4141 4178
f 4187 4130 4143
f 4187 4143 4144
f 4187 4186 4178
f 4187 4182 4130
f 4187 4178 4182
f 4187 4144 4186
f 3939 3959 3938
f 4188 3960 3959
f 4188 3959 3939
f 3940 4188 3939
f 4189 4188 3940
f 3941 4189 3940
f 4190 4189 3941
f 4191 3941 3942
f 4191 4190 3941
f 4192 3942 3943
f 4192 4191 3942
f 3954 3943 3944
f 3954 4192 3943
f 3955 4192 3954
f 3964 4154 4147
f 3962 4140 4154
f 3962 4154 3964
f 3965 4147 4146
f 3965 3964 4147
f 3963 4141 4140
f 3963 4140 3962
f 3948 4146 4149
f 3948 3965 4146
f 3961 4181 4141
f 3961 4141 3963
f 3949 4149 4158
f 3949 3948 4149
f 3960 4181 3961
f 3951 4158 4167
f 3951 3949 4158
f 3950 3951 4167
f 4160 3950 4167
f 4159 3952 3950
f 4159 3950 4160
f 4162 3953 3952
f 4162 3952 4159
f 4176 3955 3953
f 4176 3953 4162
f 4193 4176 4175
f 4194 4175 4174
f 4194 4174 4173
f 4194 4173 4171
f 4194 4171 4172
f 4194 4193 4175
f 4195 4193 4194
f 4196 4197 4198
f 4199 4200 4197
f 4201 4199 4197
f 4202 4201 4197
f 4203 4202 4197
f 4204 4197 4196
f 4204 4203 4197
f 4205 4206 4193
f 4205 4195 4207
f 4205 4193 4195
f 4205 4207 4206
f 4208 4198 4206
f 4208 4206 4207
f 4209 4207 4196
f 4209 4198 4208
f 4209 4208 4207
f 4209 4196 4198
f 4210 4200 4199
f 4211 4199 4201
f 4211 4201 4202
f 4211 4202 4203
f 4211 4203 4204
f 4211 4210 4199
f 4212 4210 4211
f 4213 4214 4215
f 4216 4217 4214
f 4218 4216 4214
f 4219 4218 4214
f 4220 4214 4213
f 4220 4219 4214
f 4221 4220 4213
f 4222 4223 4210
f 4222 4212 4224
f 4222 4210 4212
f 4222 4224 4223
f 4225 4215 4223
f 4225 4223 4224
f 4226 4224 4213
f 4226 4215 4225
f 4226 4225 4224
f 4226 4213 4215
f 4227 4179 4181
f 4228 4184 4183
f 4228 4183 4185
f 4228 4185 4180
f 4228 4180 4179
f 4228 4229 4184
f 4228 4179 4227
f 4230 4231 4232
f 4230 4233 4234
f 4235 4236 4237
f 4235 4237 4238
f 4235 4238 4239
f 4235 4239 4240
f 4235 4240 4241
f 4235 4241 4242
f 4235 4242 4243
f 4244 4227 4245
f 4244 4246 4229
f 4244 4228 4227
f 4244 4229 4228
f 4247 4244 4245
f 4247 4246 4244
f 4248 4245 4249
f 4248 4250 4246
f 4248 4247 4245
f 4248 4246 4247
f 4251 4248 4249
f 4251 4250 4248
f 4252 4249 4231
f 4252 4234 4250
f 4252 4250 4251
f 4252 4251 4249
f 4253 4234 4252
f 4253 4252 4231
f 4253 4230 4234
f 4253 4231 4230
f 4254 4233 4230
f 4254 4230 4232
f 4255 4232 4256
f 4255 4257 4233
f 4255 4233 4254
f 4255 4254 4232
f 4258 4255 4256
f 4258 4257 4255
f 4259 4256 4260
f 4259 4261 4257
f 4259 4258 4256
f 4259 4257 4258
f 4262 4259 4260
f 4262 4261 4259
f 4263 4260 4236
f 4263 4243 4261
f 4263 4262 4260
f 4263 4261 4262
f 4264 4235 4243
f 4264 4263 4236
f 4264 4236 4235
f 4264 4243 4263
f 4001 2644 2853
f 4001 3975 2644
f 3999 3973 4001
f 4001 3973 3975
f 3999 3974 3973
f 3998 3976 3999
f 3999 3976 3974
f 3998 3980 3976
f 3980 4020 3978
f 3978 4020 3986
f 4008 4020 4009
f 4009 4020 4011
f 4011 4020 3998
f 3998 4020 3980
f 3986 3989 3988
f 4020 3989 3986
f 4265 4025 4024
f 4265 4024 4266
f 4265 4266 4267
f 4265 4267 4268
f 4265 4268 4269
f 4265 4269 4270
f 4265 4270 4025
f 4271 4005 4004
f 4271 4006 4005
f 4271 4007 4006
f 4271 4008 4007
f 4271 4004 4025
f 4271 4270 4008
f 4271 4025 4270
f 4094 4272 4095
f 4273 4274 4275
f 4013 4276 4093
f 4277 4278 4279
f 4277 4279 4280
f 4277 4280 4281
f 4282 4281 4272
f 4282 4272 4094
f 4282 4277 4281
f 4283 4284 4273
f 4283 4275 4278
f 4283 4273 4275
f 4283 4278 4277
f 4285 4276 4284
f 4285 4094 4093
f 4285 4282 4094
f 4285 4277 4282
f 4285 4284 4283
f 4285 4283 4277
f 4285 4093 4276
f 4286 4279 4287
f 4288 4280 4286
f 4286 4280 4279
f 4289 4281 4288
f 4288 4281 4280
f 4290 4272 4289
f 4289 4272 4281
f 4290 4095 4272
f 4018 4017 4022
f 4018 4022 4021
f 4018 4021 4019
f 4291 4019 4020
f 4291 4018 4019
f 4292 4015 4293
f 4294 4015 4292
f 4276 4013 4012
f 4284 4276 4012
f 4273 4012 4295
f 4273 4284 4012
f 4274 4273 4295
f 4296 4015 4016
f 4296 4016 4018
f 4296 4018 4291
f 4296 4293 4015
f 4297 4291 4293
f 4297 4296 4291
f 4297 4293 4296
f 4298 4012 4014
f 4298 4014 4015
f 4298 4015 4294
f 4298 4295 4012
f 4299 4294 4295
f 4299 4295 4298
f 4299 4298 4294
f 4023 3511 3910
f 4300 3910 4125
f 4300 4125 4121
f 4301 4023 3910
f 4301 3910 4300
f 4117 4119 4302
f 4302 4303 4304
f 4119 4303 4302
f 4119 4305 4303
f 4119 4122 4305
f 4306 4302 4307
f 4306 4307 4308
f 4306 4308 4309
f 4306 4309 4310
f 4311 4302 4306
f 4312 4302 4311
f 4117 4302 4313
f 4313 4302 4312
f 4139 3914 4026
f 4314 4034 3623
f 4315 4034 4314
f 4315 4032 4034
f 4316 4314 3623
f 4317 4032 4315
f 4317 4035 4032
f 4318 4035 4317
f 4318 4038 4035
f 4319 4316 3623
f 4172 4026 4036
f 4172 4139 4026
f 4194 4172 4036
f 4195 4038 4318
f 4195 4036 4038
f 4195 4194 4036
f 4207 4195 4318
f 4196 4207 4318
f 4204 4196 4318
f 4320 4321 4322
f 4320 4322 4221
f 4323 4221 4213
f 4323 4320 4221
f 4324 4323 4213
f 3639 4325 4326
f 3639 4326 4327
f 3639 4327 4328
f 3639 4328 4319
f 3639 4319 3623
f 4329 4213 4224
f 4329 4224 4212
f 4329 4212 4211
f 4329 4324 4213
f 4329 4330 4324
f 4329 4331 4330
f 4044 4325 3639
f 4044 4332 4325
f 4333 4290 4331
f 4333 4331 4329
f 4051 4332 4044
f 4051 4334 4332
f 4335 4095 4290
f 4335 4290 4333
f 4053 4334 4051
f 4336 4095 4335
f 4337 4095 4336
f 4338 4095 4337
f 4071 4334 4072
f 4073 4053 4050
f 4073 4050 4047
f 4073 4334 4053
f 4073 4072 4334
f 4070 4334 4071
f 4060 4047 4049
f 4060 4073 4047
f 3751 4049 3666
f 3751 4060 4049
f 4339 4069 4068
f 4339 4068 4067
f 4090 4339 4067
f 4087 4339 4090
f 4087 4340 4339
f 4088 4090 4067
f 4088 4067 4065
f 4088 4065 4066
f 4084 4340 4087
f 4084 4341 4340
f 4078 4088 4066
f 4078 4066 3841
f 4086 4341 4084
f 4086 4342 4341
f 3800 4078 3841
f 3856 4342 4086
f 3856 4343 4344
f 3856 4344 4342
f 3856 4095 4338
f 3856 4338 4343
f 4318 4329 4204
f 4204 4329 4211
f 4339 4334 4070
f 4339 4070 4069
f 4345 4346 4347
f 4345 4347 4348
f 4337 4348 4349
f 4337 4349 4350
f 4337 4350 4338
f 4337 4345 4348
f 4351 4352 4353
f 4354 4351 4353
f 4355 4353 4333
f 4355 4354 4353
f 4356 4355 4333
f 4329 4356 4333
f 4357 4358 4359
f 4357 4359 4345
f 4357 4345 4337
f 4357 4335 4358
f 4360 4336 4335
f 4360 4337 4336
f 4360 4335 4357
f 4360 4357 4337
f 4361 4353 4358
f 4362 4335 4333
f 4362 4361 4358
f 4362 4353 4361
f 4362 4358 4335
f 4362 4333 4353
f 4363 4352 4364
f 4363 4353 4352
f 4365 4358 4353
f 4365 4353 4363
f 4366 4359 4358
f 4366 4358 4365
f 4367 4345 4359
f 4367 4359 4366
f 4368 4346 4345
f 4368 4345 4367
f 4367 4369 4368
f 4366 4369 4367
f 4364 4370 4363
f 4371 4372 4373
f 4371 4374 4372
f 4371 4375 4374
f 4376 4377 4375
f 4376 4378 4377
f 4376 4375 4371
f 4379 4366 4365
f 4379 4373 4369
f 4379 4369 4366
f 4379 4371 4373
f 4380 4365 4363
f 4380 4381 4378
f 4380 4370 4381
f 4380 4376 4371
f 4380 4379 4365
f 4380 4378 4376
f 4380 4371 4379
f 4380 4363 4370
f 4368 4382 4383
f 4369 4384 4382
f 4369 4382 4368
f 4373 4385 4384
f 4373 4384 4369
f 4372 4386 4385
f 4372 4385 4373
f 4374 4387 4386
f 4374 4386 4372
f 4375 4387 4374
f 4375 4388 4389
f 4375 4389 4387
f 4390 4391 4392
f 4393 4391 4390
f 4383 4382 4394
f 4395 4396 4397
f 4395 4398 4396
f 4395 4387 4398
f 4399 4384 4385
f 4399 4385 4386
f 4399 4386 4387
f 4399 4387 4395
f 4400 4393 4401
f 4400 4397 4391
f 4400 4395 4397
f 4400 4391 4393
f 4402 4401 4394
f 4402 4382 4384
f 4402 4399 4395
f 4402 4400 4401
f 4402 4384 4399
f 4402 4395 4400
f 4402 4394 4382
f 4391 4403 4404
f 4391 4404 4392
f 4397 4405 4403
f 4397 4403 4391
f 4396 4406 4405
f 4396 4405 4397
f 4398 4407 4406
f 4398 4406 4396
f 4387 4389 4407
f 4387 4407 4398
f 4408 4409 4410
f 4411 4409 4408
f 4404 4403 4412
f 4413 4414 4415
f 4413 4416 4414
f 4413 4389 4416
f 4417 4405 4406
f 4417 4406 4407
f 4417 4407 4389
f 4417 4389 4413
f 4418 4415 4409
f 4418 4411 4419
f 4418 4413 4415
f 4418 4409 4411
f 4420 4403 4405
f 4420 4419 4412
f 4420 4417 4413
f 4420 4413 4418
f 4420 4405 4417
f 4420 4418 4419
f 4420 4412 4403
f 4409 4421 4422
f 4409 4422 4410
f 4415 4423 4421
f 4415 4421 4409
f 4414 4424 4423
f 4414 4423 4415
f 4416 4425 4424
f 4416 4424 4414
f 4389 4388 4425
f 4389 4425 4416
f 4426 4427 4428
f 4429 4427 4426
f 4422 4421 4430
f 4431 4432 4433
f 4431 4434 4432
f 4431 4388 4434
f 4435 4423 4424
f 4435 4424 4425
f 4435 4425 4388
f 4435 4388 4431
f 4436 4433 4427
f 4436 4429 4437
f 4436 4431 4433
f 4436 4427 4429
f 4438 4421 4423
f 4438 4437 4430
f 4438 4435 4431
f 4438 4436 4437
f 4438 4423 4435
f 4438 4430 4421
f 4438 4431 4436
f 4428 4370 4364
f 4427 4381 4370
f 4427 4370 4428
f 4433 4378 4381
f 4433 4381 4427
f 4432 4377 4378
f 4432 4378 4433
f 4434 4375 4377
f 4434 4377 4432
f 4388 4375 4434
f 4439 4368 4383
f 4346 4368 4439
f 4440 4439 4383
f 4394 4440 4383
f 4441 4440 4394
f 4401 4441 4394
f 4442 4441 4401
f 4393 4443 4442
f 4393 4442 4401
f 4390 4444 4443
f 4390 4443 4393
f 4392 4444 4390
f 4445 4392 4404
f 4444 4392 4445
f 4446 4445 4404
f 4412 4446 4404
f 4447 4446 4412
f 4419 4447 4412
f 4411 4448 4447
f 4411 4447 4419
f 4408 4449 4448
f 4408 4448 4411
f 4410 4450 4449
f 4410 4449 4408
f 4410 4422 4450
f 4422 4451 4450
f 4430 4451 4422
f 4430 4452 4451
f 4437 4453 4452
f 4437 4452 4430
f 4429 4454 4453
f 4429 4453 4437
f 4426 4455 4454
f 4426 4454 4429
f 4428 4456 4455
f 4428 4455 4426
f 4428 4364 4456
f 4364 4352 4456
f 4350 4343 4338
f 4349 4457 4350
f 4350 4457 4343
f 4348 4458 4349
f 4349 4458 4457
f 4347 4459 4348
f 4348 4459 4458
f 4346 4460 4347
f 4347 4460 4459
f 4346 4439 4460
f 4443 4444 4461
f 4443 4461 4462
f 4340 4462 4463
f 4340 4463 4464
f 4340 4464 4339
f 4340 4443 4462
f 4460 4439 4440
f 4459 4460 4440
f 4458 4440 4344
f 4458 4459 4440
f 4457 4458 4344
f 4343 4457 4344
f 4465 4441 4442
f 4465 4442 4443
f 4465 4443 4340
f 4465 4342 4441
f 4466 4341 4342
f 4466 4340 4341
f 4466 4465 4340
f 4466 4342 4465
f 4467 4440 4441
f 4468 4342 4344
f 4468 4440 4467
f 4468 4467 4441
f 4468 4441 4342
f 4468 4344 4440
f 4464 4334 4339
f 4463 4469 4464
f 4464 4469 4334
f 4462 4470 4463
f 4463 4470 4469
f 4461 4471 4462
f 4462 4471 4470
f 4444 4472 4461
f 4461 4472 4471
f 4444 4445 4472
f 4449 4450 4473
f 4449 4473 4474
f 4327 4474 4475
f 4327 4475 4476
f 4327 4476 4328
f 4327 4449 4474
f 4472 4445 4446
f 4471 4472 4446
f 4470 4446 4332
f 4470 4471 4446
f 4469 4470 4332
f 4334 4469 4332
f 4477 4447 4448
f 4477 4448 4449
f 4477 4449 4327
f 4477 4325 4447
f 4478 4326 4325
f 4478 4327 4326
f 4478 4477 4327
f 4478 4325 4477
f 4479 4446 4447
f 4480 4325 4332
f 4480 4446 4479
f 4480 4479 4447
f 4480 4447 4325
f 4480 4332 4446
f 4476 4319 4328
f 4475 4481 4476
f 4476 4481 4319
f 4474 4482 4475
f 4475 4482 4481
f 4473 4483 4474
f 4474 4483 4482
f 4450 4484 4473
f 4473 4484 4483
f 4450 4451 4484
f 4455 4456 4485
f 4455 4485 4486
f 4317 4486 4487
f 4317 4487 4488
f 4317 4488 4318
f 4317 4455 4486
f 4484 4451 4452
f 4483 4484 4452
f 4482 4452 4316
f 4482 4483 4452
f 4481 4482 4316
f 4319 4481 4316
f 4489 4453 4454
f 4489 4454 4455
f 4489 4455 4317
f 4489 4314 4453
f 4490 4315 4314
f 4490 4317 4315
f 4490 4314 4489
f 4490 4489 4317
f 4491 4452 4453
f 4492 4314 4316
f 4492 4491 4453
f 4492 4452 4491
f 4492 4453 4314
f 4492 4316 4452
f 4488 4329 4318
f 4487 4356 4488
f 4488 4356 4329
f 4486 4355 4487
f 4487 4355 4356
f 4485 4354 4486
f 4486 4354 4355
f 4456 4351 4485
f 4485 4351 4354
f 4456 4352 4351
f 3867 4096 4100
f 4100 4096 4106
f 4106 4250 4109
f 4096 4250 4106
f 4097 4246 4096
f 4096 4246 4250
f 4250 4234 4109
f 4097 4229 4246
f 4097 4184 4229
f 4234 4233 4109
f 4177 3935 4126
f 4177 4128 3935
f 4128 3934 3935
f 4097 3933 4184
f 4109 4257 4111
f 4233 4257 4109
f 3932 4130 3933
f 3934 4130 3932
f 3933 4130 4184
f 4128 4130 3934
f 4111 4116 4115
f 4115 4116 3907
f 4261 4116 4257
f 4257 4116 4111
f 4242 4118 4243
f 4243 4118 4261
f 4261 4118 4116
f 4493 4122 4242
f 4242 4122 4118
f 4493 4305 4122
f 4493 4303 4305
f 4304 4494 4495
f 4493 4496 4303
f 4304 4496 4494
f 4303 4496 4304
f 4494 4497 4495
f 4494 4496 4497
f 3960 4245 4227
f 3960 4227 4181
f 4188 4249 4245
f 4188 4245 3960
f 4498 4237 4236
f 4498 4236 4260
f 4498 4260 4499
f 4193 4192 3955
f 4193 3955 4176
f 4206 4192 4193
f 4215 4500 4501
f 4215 4501 4223
f 4214 4500 4215
f 4217 4500 4214
f 4502 4260 4256
f 4502 4256 4232
f 4502 4232 4231
f 4502 4231 4249
f 4502 4188 4189
f 4502 4249 4188
f 4502 4499 4260
f 4503 4502 4189
f 4504 4189 4190
f 4504 4503 4189
f 4505 4503 4504
f 4506 4503 4505
f 4506 4507 4499
f 4506 4499 4502
f 4506 4502 4503
f 4508 4505 4504
f 4509 4504 4190
f 4509 4190 4191
f 4509 4508 4504
f 4510 4508 4509
f 4511 4512 4507
f 4511 4506 4505
f 4511 4507 4506
f 4511 4505 4508
f 4511 4508 4510
f 4513 4510 4509
f 4513 4511 4510
f 4513 4512 4511
f 4514 4191 4192
f 4514 4206 4198
f 4514 4198 4197
f 4514 4197 4200
f 4514 4200 4210
f 4514 4210 4223
f 4514 4501 4512
f 4514 4509 4191
f 4514 4513 4509
f 4514 4192 4206
f 4514 4512 4513
f 4514 4223 4501
f 4216 4515 4217
f 4217 4515 4516
f 4218 4517 4216
f 4216 4517 4515
f 4219 4518 4218
f 4218 4518 4517
f 4220 4519 4219
f 4219 4519 4518
f 4221 4322 4220
f 4220 4322 4519
f 4520 4516 4515
f 4520 4515 4517
f 4520 4517 4518
f 4520 4518 4519
f 4520 4519 4322
f 4521 4520 4322
f 4522 4520 4521
f 4523 4522 4521
f 4524 4525 4526
f 4527 4524 4526
f 4528 4529 4530
f 4531 4532 4533
f 4531 4533 4534
f 4535 4532 4531
f 4536 4532 4535
f 4537 4536 4535
f 4538 4537 4535
f 4539 4538 4535
f 4493 4539 4535
f 4540 4525 4522
f 4540 4522 4523
f 4541 4523 4526
f 4541 4526 4525
f 4541 4525 4540
f 4541 4540 4523
f 4542 4529 4524
f 4542 4527 4530
f 4542 4524 4527
f 4542 4530 4529
f 4543 4533 4528
f 4543 4544 4534
f 4543 4534 4533
f 4545 4530 4544
f 4545 4543 4528
f 4545 4544 4543
f 4545 4528 4530
f 4546 4536 4537
f 4546 4537 4538
f 4547 4538 4539
f 4547 4539 4493
f 4547 4546 4538
f 4548 4238 4237
f 4548 4239 4238
f 4548 4240 4239
f 4548 4237 4536
f 4548 4536 4546
f 4549 4241 4240
f 4549 4242 4241
f 4549 4493 4242
f 4549 4548 4546
f 4549 4546 4547
f 4549 4240 4548
f 4549 4547 4493
f 4550 4551 4552
f 4550 4552 4553
f 4323 4553 4554
f 4323 4554 4320
f 4323 4550 4553
f 4555 4556 4330
f 4331 4555 4330
f 4286 4287 4555
f 4288 4555 4331
f 4288 4286 4555
f 4289 4288 4331
f 4290 4289 4331
f 4557 4558 4550
f 4557 4550 4323
f 4559 4323 4324
f 4559 4324 4558
f 4559 4557 4323
f 4559 4558 4557
f 4560 4556 4558
f 4560 4558 4324
f 4560 4330 4556
f 4561 4324 4330
f 4561 4330 4560
f 4561 4560 4324
f 4274 4279 4278
f 4274 4278 4275
f 4295 4287 4279
f 4295 4279 4274
f 4270 4295 4294
f 4270 4294 4292
f 4270 4269 4287
f 4270 4287 4295
f 4008 4292 4293
f 4008 4293 4291
f 4008 4291 4020
f 4008 4270 4292
f 4562 4266 4024
f 4562 4267 4266
f 4562 4268 4267
f 4562 4269 4268
f 4562 4024 4023
f 4562 4563 4564
f 4562 4565 4563
f 4562 4566 4565
f 4562 4023 4566
f 4562 4564 4269
f 4301 4565 4566
f 4301 4566 4023
f 4567 4564 4563
f 4567 4563 4565
f 4567 4565 4301
f 4568 4301 4300
f 4568 4567 4301
f 4569 4300 4121
f 4570 4568 4300
f 4570 4300 4569
f 4571 4568 4570
f 4572 4568 4571
f 4573 4572 4571
f 4573 4571 4570
f 4573 4570 4569
f 4573 4569 4121
f 4573 4121 4120
f 4574 4120 4575
f 4574 4573 4120
f 4576 4574 4575
f 4577 4576 4578
f 4577 4574 4576
f 4117 4313 4120
f 4578 4579 4580
f 4578 4580 4577
f 4581 4582 4583
f 4584 4581 4583
f 4585 4581 4584
f 4586 4582 4580
f 4586 4580 4579
f 4586 4579 4583
f 4586 4583 4582
f 4587 4322 4321
f 4588 4521 4589
f 4589 4521 4587
f 4587 4521 4322
f 4590 4523 4588
f 4588 4523 4521
f 4591 4526 4590
f 4590 4526 4523
f 4592 4527 4591
f 4591 4527 4526
f 4593 4530 4592
f 4592 4530 4527
f 4594 4544 4593
f 4593 4544 4530
f 4595 4534 4594
f 4594 4534 4544
f 4596 4531 4595
f 4496 4531 4596
f 4595 4531 4534
f 4302 4497 4596
f 4596 4497 4496
f 4302 4495 4497
f 4302 4304 4495
f 4496 4535 4531
f 4496 4493 4535
f 4597 4500 4598
f 4597 4598 4599
f 4501 4500 4597
f 4600 4501 4597
f 4512 4501 4600
f 4601 4512 4600
f 4507 4512 4601
f 4602 4507 4601
f 4499 4602 4603
f 4499 4507 4602
f 4604 4603 4605
f 4498 4499 4603
f 4498 4603 4604
f 4606 4237 4498
f 4607 4536 4237
f 4607 4237 4606
f 4608 4536 4607
f 4532 4536 4608
f 4609 4532 4608
f 4533 4532 4609
f 4610 4533 4609
f 4528 4533 4610
f 4611 4528 4610
f 4217 4612 4500
f 4529 4611 4613
f 4529 4528 4611
f 4516 4614 4612
f 4516 4612 4217
f 4524 4613 4615
f 4524 4529 4613
f 4520 4616 4614
f 4520 4614 4516
f 4525 4617 4618
f 4525 4615 4617
f 4525 4524 4615
f 4522 4618 4616
f 4522 4525 4618
f 4522 4616 4520
f 4619 4581 4585
f 4582 4619 4620
f 4582 4581 4619
f 4580 4582 4620
f 4621 4577 4580
f 4621 4580 4620
f 4622 4572 4573
f 4622 4573 4574
f 4622 4574 4577
f 4622 4577 4621
f 4568 4572 4622
f 4623 4567 4568
f 4623 4568 4622
f 4564 4567 4623
f 4269 4564 4623
f 4624 4269 4623
f 4625 4269 4624
f 4550 4626 4627
f 4550 4627 4551
f 4558 4628 4626
f 4558 4626 4550
f 4556 4629 4628
f 4556 4628 4558
f 4555 4629 4556
f 4287 4625 4629
f 4287 4269 4625
f 4287 4629 4555
f 4630 4621 4631
f 4630 4631 4632
f 4622 4621 4630
f 4633 4622 4630
f 4623 4622 4633
f 4634 4623 4633
f 4624 4623 4634
f 4635 4624 4634
f 4625 4624 4635
f 4636 4625 4635
f 4629 4625 4636
f 4637 4629 4636
f 4626 4628 4638
f 4639 4626 4638
f 4640 4626 4639
f 4627 4626 4640
f 4641 4637 4638
f 4641 4628 4629
f 4641 4629 4637
f 4641 4638 4628
f 4120 4313 4575
f 4575 4312 4576
f 4313 4312 4575
f 4312 4311 4576
f 4576 4579 4578
f 4311 4579 4576
f 4311 4583 4579
f 4311 4306 4583
f 4642 4307 4302
f 4642 4308 4307
f 4642 4309 4308
f 4642 4310 4309
f 4596 4642 4302
f 4643 4642 4596
f 4595 4643 4596
f 4593 4644 4645
f 4593 4645 4594
f 4591 4646 4592
f 4647 4646 4591
f 4590 4647 4591
f 4648 4649 4588
f 4589 4648 4588
f 4650 4648 4589
f 4587 4650 4589
f 4651 4650 4587
f 4652 4651 4587
f 4653 4652 4587
f 4654 4653 4587
f 4321 4654 4587
f 4655 4645 4643
f 4655 4595 4594
f 4655 4643 4595
f 4655 4594 4645
f 4656 4646 4644
f 4656 4593 4592
f 4656 4644 4593
f 4656 4592 4646
f 4657 4649 4647
f 4657 4647 4590
f 4658 4590 4588
f 4658 4649 4657
f 4658 4657 4590
f 4658 4588 4649
f 4652 4551 4651
f 4653 4552 4652
f 4652 4552 4551
f 4654 4553 4653
f 4653 4553 4552
f 4321 4554 4654
f 4654 4554 4553
f 4321 4320 4554
f 4659 4660 4661
f 4659 4661 4662
f 4659 4662 4663
f 4664 4665 4666
f 4667 4665 4664
f 4668 4669 4667
f 4668 4667 4664
f 4670 4671 4672
f 4640 4639 4670
f 4627 4670 4672
f 4627 4640 4670
f 4673 4665 4660
f 4673 4659 4666
f 4673 4660 4659
f 4673 4666 4665
f 4674 4671 4669
f 4674 4668 4672
f 4674 4669 4668
f 4674 4672 4671
f 4675 4676 4677
f 4675 4677 4678
f 4679 4632 4676
f 4679 4676 4675
f 4605 4630 4632
f 4605 4632 4679
f 4603 4634 4633
f 4603 4633 4630
f 4603 4630 4605
f 4602 4635 4634
f 4602 4634 4603
f 4601 4637 4636
f 4601 4636 4635
f 4601 4635 4602
f 4600 4638 4637
f 4600 4637 4601
f 4597 4638 4600
f 4599 4639 4638
f 4599 4638 4597
f 4680 4639 4599
f 4681 4670 4639
f 4681 4639 4680
f 4682 4671 4670
f 4682 4670 4681
f 4680 4598 4500
f 4680 4599 4598
f 4612 4681 4680
f 4612 4680 4500
f 4614 4682 4681
f 4614 4681 4612
f 4683 4682 4614
f 4616 4683 4614
f 4684 4685 4618
f 4617 4684 4618
f 4686 4684 4617
f 4615 4686 4617
f 4611 4687 4688
f 4611 4688 4613
f 4610 4689 4687
f 4610 4687 4611
f 4608 4678 4690
f 4608 4690 4609
f 4675 4678 4608
f 4607 4675 4608
f 4679 4675 4607
f 4606 4679 4607
f 4605 4679 4606
f 4604 4605 4606
f 4498 4604 4606
f 4691 4685 4683
f 4691 4616 4618
f 4691 4683 4616
f 4691 4618 4685
f 4692 4688 4686
f 4692 4686 4615
f 4692 4613 4688
f 4693 4615 4613
f 4693 4692 4615
f 4693 4613 4692
f 4694 4690 4695
f 4694 4609 4690
f 4696 4695 4689
f 4696 4610 4609
f 4696 4694 4695
f 4696 4609 4694
f 4696 4689 4610
f 4672 4651 4551
f 4672 4551 4627
f 4668 4650 4651
f 4668 4651 4672
f 4648 4650 4668
f 4664 4648 4668
f 4649 4648 4664
f 4666 4649 4664
f 4647 4666 4659
f 4647 4649 4666
f 4697 4621 4620
f 4310 4620 4619
f 4310 4619 4585
f 4310 4585 4584
f 4310 4697 4620
f 4310 4584 4306
f 4646 4659 4663
f 4646 4647 4659
f 4642 4698 4697
f 4642 4697 4310
f 4644 4699 4700
f 4644 4663 4699
f 4644 4646 4663
f 4643 4701 4698
f 4643 4698 4642
f 4645 4700 4701
f 4645 4644 4700
f 4645 4701 4643
f 4584 4583 4306
f 4682 4669 4671
f 4683 4667 4669
f 4683 4669 4682
f 4685 4665 4667
f 4685 4667 4683
f 4684 4660 4665
f 4684 4665 4685
f 4686 4661 4660
f 4686 4660 4684
f 4688 4702 4661
f 4688 4661 4686
f 4687 4703 4702
f 4687 4702 4688
f 4689 4704 4703
f 4689 4703 4687
f 4695 4705 4704
f 4695 4704 4689
f 4690 4677 4705
f 4690 4705 4695
f 4678 4677 4690
f 4676 4631 4621
f 4676 4632 4631
f 4697 4676 4621
f 4677 4676 4697
f 4698 4677 4697
f 4704 4705 4698
f 4701 4704 4698
f 4703 4704 4701
f 4700 4703 4701
f 4699 4702 4700
f 4661 4702 4699
f 4662 4661 4699
f 4663 4662 4699
f 4706 4705 4677
f 4707 4706 4677
f 4707 4705 4706
f 4707 4677 4698
f 4707 4698 4705
f 4708 4702 4703
f 4708 4703 4700
f 4708 4700 4702
f 4709 4710 4711
f 4712 4713 4714
f 4715 4716 4709
f 4710 4716 4717
f 4709 4716 4710
f 4714 4718 4715
f 4719 4718 4713
f 4715 4718 4716
f 4713 4718 4714
f 4717 4720 4721
f 4721 4720 4722
f 4716 4720 4717
f 4722 4723 4724
f 4724 4723 4719
f 4719 4723 4718
f 4718 4723 4716
f 4716 4723 4720
f 4720 4723 4722
f 4725 4726 4727
f 4728 4727 4729
f 4728 4725 4727
f 4730 4731 4732
f 4733 4734 4731
f 4733 4731 4730
f 4735 4729 4734
f 4735 4734 4733
f 4736 4728 4729
f 4736 4729 4735
f 4737 4736 4738
f 4737 4738 4739
f 4740 4741 4728
f 4740 4728 4736
f 4740 4736 4737
f 4742 4743 4741
f 4742 4741 4740
f 4744 4745 4743
f 4744 4743 4742
f 4746 4745 4744
f 4746 4747 4745
f 4748 4749 4747
f 4748 4747 4746
f 4750 4751 4749
f 4750 4749 4748
f 4752 4753 4751
f 4752 4751 4750
f 4754 4755 4753
f 4754 4753 4752
f 4756 4757 4755
f 4756 4755 4754
f 4758 4759 4757
f 4758 4757 4756
f 4760 4761 4759
f 4760 4759 4758
f 4762 4763 4761
f 4762 4761 4760
f 4764 4732 4763
f 4764 4763 4762
f 4730 4732 4764
f 4765 4750 4766
f 4766 4750 4767
f 4768 4752 4765
f 4765 4752 4750
f 4767 4748 4769
f 4750 4748 4767
f 4770 4754 4768
f 4768 4754 4752
f 4748 4746 4769
f 4771 4756 4772
f 4772 4756 4770
f 4770 4756 4754
f 4773 4758 4771
f 4771 4758 4756
f 4774 4760 4773
f 4773 4760 4758
f 4775 4762 4774
f 4774 4762 4760
f 4742 4776 4744
f 4744 4776 4746
f 4746 4776 4769
f 4775 4764 4762
f 4775 4730 4764
f 4740 4777 4742
f 4742 4777 4776
f 4737 4778 4740
f 4740 4778 4777
f 4737 4779 4778
f 4739 4779 4737
f 4739 4780 4779
f 4738 4781 4739
f 4739 4781 4780
f 4738 4782 4781
f 4736 4782 4738
f 4736 4783 4782
f 4735 4783 4736
f 4735 4784 4783
f 4735 4785 4784
f 4733 4785 4735
f 4775 4786 4730
f 4730 4786 4733
f 4733 4786 4785
f 4787 4759 4788
f 4788 4761 4789
f 4789 4761 4790
f 4759 4761 4788
f 4791 4757 4792
f 4792 4757 4787
f 4787 4757 4759
f 4790 4763 4775
f 4761 4763 4790
f 4793 4755 4791
f 4791 4755 4757
f 4763 4732 4775
f 4794 4753 4793
f 4793 4753 4755
f 4795 4751 4794
f 4794 4751 4753
f 4769 4749 4795
f 4795 4749 4751
f 4769 4747 4749
f 4734 4786 4731
f 4731 4786 4732
f 4732 4786 4775
f 4769 4745 4747
f 4729 4796 4734
f 4734 4796 4786
f 4727 4797 4729
f 4729 4797 4796
f 4727 4798 4797
f 4726 4798 4727
f 4725 4799 4726
f 4726 4799 4798
f 4725 4800 4799
f 4725 4801 4800
f 4728 4801 4725
f 4728 4802 4801
f 4741 4802 4728
f 4741 4803 4802
f 4743 4804 4741
f 4741 4804 4803
f 4769 4776 4745
f 4745 4776 4743
f 4743 4776 4804
f 4805 4767 4806
f 4806 4767 4769
f 4807 4766 4805
f 4805 4766 4767
f 4808 4765 4807
f 4807 4765 4766
f 4808 4768 4765
f 4808 4809 4768
f 4809 4770 4768
f 4809 4810 4770
f 4810 4772 4770
f 4810 4811 4772
f 4811 4771 4772
f 4811 4812 4771
f 4812 4773 4771
f 4813 4774 4812
f 4812 4774 4773
f 4814 4775 4813
f 4813 4775 4774
f 4815 4785 4816
f 4816 4785 4786
f 4817 4784 4815
f 4815 4784 4785
f 4818 4783 4817
f 4817 4783 4784
f 4818 4782 4783
f 4818 4819 4782
f 4819 4781 4782
f 4819 4820 4781
f 4820 4780 4781
f 4820 4821 4780
f 4821 4779 4780
f 4821 4822 4779
f 4822 4778 4779
f 4823 4777 4822
f 4822 4777 4778
f 4824 4776 4823
f 4823 4776 4777
f 4814 4790 4775
f 4825 4790 4814
f 4825 4789 4790
f 4825 4826 4789
f 4826 4788 4789
f 4826 4827 4788
f 4827 4787 4788
f 4827 4828 4787
f 4828 4792 4787
f 4828 4829 4792
f 4829 4791 4792
f 4829 4830 4791
f 4830 4793 4791
f 4831 4794 4830
f 4830 4794 4793
f 4832 4795 4831
f 4831 4795 4794
f 4806 4769 4832
f 4832 4769 4795
f 4824 4804 4776
f 4833 4804 4824
f 4833 4803 4804
f 4833 4834 4803
f 4834 4802 4803
f 4834 4835 4802
f 4835 4801 4802
f 4835 4836 4801
f 4836 4800 4801
f 4836 4837 4800
f 4837 4799 4800
f 4837 4838 4799
f 4838 4798 4799
f 4839 4797 4838
f 4838 4797 4798
f 4840 4796 4839
f 4839 4796 4797
f 4816 4786 4840
f 4840 4786 4796
f 4841 4831 4830
f 4842 4832 4831
f 4842 4831 4841
f 4843 4832 4842
f 4844 4841 4830
f 4829 4844 4830
f 4806 4832 4843
f 4845 4806 4843
f 4846 4844 4829
f 4805 4806 4845
f 4828 4846 4829
f 4847 4805 4845
f 4807 4805 4847
f 4848 4846 4828
f 4827 4848 4828
f 4849 4807 4847
f 4850 4848 4827
f 4808 4807 4849
f 4851 4808 4849
f 4826 4850 4827
f 4852 4850 4826
f 4809 4808 4851
f 4825 4852 4826
f 4853 4809 4851
f 4854 4852 4825
f 4814 4854 4825
f 4810 4809 4853
f 4855 4810 4853
f 4856 4854 4814
f 4813 4856 4814
f 4813 4857 4856
f 4811 4810 4855
f 4811 4855 4858
f 4812 4857 4813
f 4812 4811 4858
f 4812 4858 4857
f 4835 4859 4836
f 4834 4860 4835
f 4835 4860 4859
f 4833 4861 4834
f 4834 4861 4860
f 4859 4862 4836
f 4833 4863 4861
f 4833 4824 4863
f 4862 4837 4836
f 4824 4864 4863
f 4862 4865 4837
f 4823 4866 4824
f 4824 4866 4864
f 4865 4838 4837
f 4865 4867 4838
f 4822 4868 4823
f 4823 4868 4866
f 4867 4869 4838
f 4869 4839 4838
f 4869 4870 4839
f 4868 4821 4871
f 4822 4821 4868
f 4870 4840 4839
f 4870 4872 4840
f 4871 4820 4873
f 4821 4820 4871
f 4872 4816 4840
f 4872 4874 4816
f 4820 4875 4873
f 4874 4815 4816
f 4876 4815 4874
f 4820 4819 4875
f 4875 4819 4877
f 4876 4817 4815
f 4877 4817 4876
f 4819 4818 4877
f 4877 4818 4817
f 4878 4879 4854
f 4856 4880 4878
f 4856 4878 4854
f 4857 4880 4856
f 4881 4880 4857
f 4858 4881 4857
f 4882 4881 4858
f 4855 4882 4858
f 4883 4882 4855
f 4853 4883 4855
f 4884 4883 4853
f 4851 4884 4853
f 4885 4884 4851
f 4849 4885 4851
f 4886 4885 4849
f 4847 4886 4849
f 4887 4886 4847
f 4845 4887 4847
f 4888 4887 4845
f 4843 4889 4888
f 4843 4888 4845
f 4842 4890 4889
f 4842 4889 4843
f 4891 4890 4842
f 4841 4891 4842
f 4892 4891 4841
f 4844 4892 4841
f 4893 4892 4844
f 4846 4893 4844
f 4894 4893 4846
f 4848 4894 4846
f 4895 4894 4848
f 4850 4895 4848
f 4896 4895 4850
f 4852 4896 4850
f 4879 4896 4852
f 4854 4879 4852
f 4897 4898 4872
f 4870 4899 4897
f 4870 4897 4872
f 4900 4899 4870
f 4869 4901 4900
f 4869 4900 4870
f 4867 4902 4901
f 4867 4901 4869
f 4865 4903 4902
f 4865 4902 4867
f 4862 4904 4903
f 4862 4903 4865
f 4859 4905 4904
f 4859 4904 4862
f 4860 4905 4859
f 4906 4905 4860
f 4861 4906 4860
f 4863 4906 4861
f 4907 4906 4863
f 4864 4907 4863
f 4908 4907 4864
f 4866 4909 4908
f 4866 4908 4864
f 4868 4910 4909
f 4868 4909 4866
f 4871 4911 4910
f 4871 4910 4868
f 4873 4912 4911
f 4873 4911 4871
f 4875 4913 4912
f 4875 4912 4873
f 4877 4914 4913
f 4877 4913 4875
f 4876 4915 4914
f 4876 4914 4877
f 4874 4915 4876
f 4898 4915 4874
f 4872 4898 4874
f 4878 4916 4879
f 4878 4917 4916
f 4880 4918 4917
f 4880 4917 4878
f 4881 4919 4918
f 4881 4918 4880
f 4882 4920 4921
f 4882 4921 4919
f 4882 4919 4881
f 4883 4922 4920
f 4883 4920 4882
f 4884 4922 4883
f 4885 4923 4922
f 4885 4922 4884
f 4886 4924 4923
f 4886 4923 4885
f 4887 4925 4924
f 4887 4924 4886
f 4888 4926 4925
f 4888 4925 4887
f 4889 4927 4928
f 4889 4928 4926
f 4889 4926 4888
f 4890 4927 4889
f 4891 4929 4927
f 4891 4927 4890
f 4892 4930 4929
f 4892 4929 4891
f 4893 4931 4930
f 4893 4930 4892
f 4894 4932 4931
f 4894 4931 4893
f 4895 4933 4932
f 4895 4932 4894
f 4896 4934 4933
f 4896 4933 4895
f 4879 4916 4934
f 4879 4934 4896
f 4898 4935 4936
f 4897 4937 4935
f 4897 4935 4898
f 4899 4938 4937
f 4899 4937 4897
f 4900 4939 4938
f 4900 4938 4899
f 4901 4940 4939
f 4901 4939 4900
f 4902 4941 4940
f 4902 4940 4901
f 4903 4941 4902
f 4904 4942 4941
f 4904 4941 4903
f 4905 4943 4942
f 4905 4942 4904
f 4906 4944 4943
f 4906 4943 4905
f 4907 4945 4944
f 4907 4944 4906
f 4908 4945 4907
f 4908 4946 4945
f 4909 4947 4946
f 4909 4946 4908
f 4910 4948 4947
f 4910 4947 4909
f 4911 4949 4948
f 4911 4948 4910
f 4912 4950 4951
f 4912 4951 4949
f 4912 4949 4911
f 4913 4952 4950
f 4913 4950 4912
f 4914 4953 4952
f 4914 4952 4913
f 4915 4936 4953
f 4915 4953 4914
f 4898 4936 4915
f 4917 4954 4916
f 4918 4954 4917
f 4955 4920 4922
f 4955 4921 4920
f 4955 4919 4921
f 4955 4918 4919
f 4955 4954 4918
f 4956 4924 4925
f 4956 4923 4924
f 4956 4922 4923
f 4956 4925 4954
f 4956 4954 4955
f 4956 4955 4922
f 4957 4954 4925
f 4957 4929 4930
f 4957 4927 4929
f 4957 4928 4927
f 4957 4926 4928
f 4957 4925 4926
f 4958 4931 4932
f 4958 4930 4931
f 4958 4957 4930
f 4958 4954 4957
f 4959 4934 4916
f 4959 4933 4934
f 4959 4932 4933
f 4959 4916 4954
f 4959 4954 4958
f 4959 4958 4932
f 4935 4960 4936
f 4937 4960 4935
f 4961 4941 4942
f 4961 4940 4941
f 4961 4939 4940
f 4961 4938 4939
f 4961 4937 4938
f 4961 4960 4937
f 4962 4944 4945
f 4962 4943 4944
f 4962 4942 4943
f 4962 4945 4960
f 4962 4960 4961
f 4962 4961 4942
f 4963 4960 4945
f 4963 4948 4949
f 4963 4947 4948
f 4963 4946 4947
f 4963 4945 4946
f 4964 4951 4950
f 4964 4949 4951
f 4964 4963 4949
f 4964 4960 4963
f 4965 4953 4936
f 4965 4952 4953
f 4965 4950 4952
f 4965 4936 4960
f 4965 4960 4964
f 4965 4964 4950
f 4966 4967 4968
f 4969 4968 4970
f 4969 4966 4968
f 4971 4972 4973
f 4974 4975 4972
f 4974 4972 4971
f 4976 4970 4975
f 4976 4975 4974
f 4977 4969 4970
f 4977 4970 4976
f 4978 4977 4979
f 4978 4979 4980
f 4981 4982 4969
f 4981 4969 4977
f 4981 4977 4978
f 4983 4984 4982
f 4983 4982 4981
f 4985 4986 4984
f 4985 4984 4983
f 4987 4986 4985
f 4987 4988 4986
f 4989 4990 4988
f 4989 4988 4987
f 4991 4992 4990
f 4991 4990 4989
f 4993 4994 4992
f 4993 4992 4991
f 4995 4996 4994
f 4995 4994 4993
f 4997 4998 4996
f 4997 4996 4995
f 4999 5000 4998
f 4999 4998 4997
f 5001 5002 5000
f 5001 5000 4999
f 5003 5004 5002
f 5003 5002 5001
f 5005 4973 5004
f 5005 5004 5003
f 4971 4973 5005
f 5006 4991 5007
f 5007 4991 5008
f 5009 4993 5006
f 5006 4993 4991
f 5008 4989 5010
f 4991 4989 5008
f 5011 4995 5009
f 5009 4995 4993
f 4989 4987 5010
f 5012 4997 5013
f 5013 4997 5011
f 5011 4997 4995
f 5014 4999 5012
f 5012 4999 4997
f 5015 5001 5014
f 5014 5001 4999
f 5016 5003 5015
f 5015 5003 5001
f 4983 5017 4985
f 4985 5017 4987
f 4987 5017 5010
f 5016 5005 5003
f 5016 4971 5005
f 4981 5018 4983
f 4983 5018 5017
f 4978 5019 4981
f 4981 5019 5018
f 4978 5020 5019
f 4980 5020 4978
f 4980 5021 5020
f 4979 5022 4980
f 4980 5022 5021
f 4979 5023 5022
f 4977 5023 4979
f 4977 5024 5023
f 4976 5024 4977
f 4976 5025 5024
f 4976 5026 5025
f 4974 5026 4976
f 5016 5027 4971
f 4971 5027 4974
f 4974 5027 5026
f 5028 5000 5029
f 5029 5002 5030
f 5030 5002 5031
f 5000 5002 5029
f 5032 4998 5033
f 5033 4998 5028
f 5028 4998 5000
f 5031 5004 5016
f 5002 5004 5031
f 5034 4996 5032
f 5032 4996 4998
f 5004 4973 5016
f 5035 4994 5034
f 5034 4994 4996
f 5036 4992 5035
f 5035 4992 4994
f 5010 4990 5036
f 5036 4990 4992
f 5010 4988 4990
f 4975 5027 4972
f 4972 5027 4973
f 4973 5027 5016
f 5010 4986 4988
f 4970 5037 4975
f 4975 5037 5027
f 4968 5038 4970
f 4970 5038 5037
f 4968 5039 5038
f 4967 5039 4968
f 4966 5040 4967
f 4967 5040 5039
f 4966 5041 5040
f 4966 5042 5041
f 4969 5042 4966
f 4969 5043 5042
f 4982 5043 4969
f 4982 5044 5043
f 4984 5045 4982
f 4982 5045 5044
f 5010 5017 4986
f 4986 5017 4984
f 4984 5017 5045
f 5046 5008 5047
f 5047 5008 5010
f 5048 5007 5046
f 5046 5007 5008
f 5049 5006 5048
f 5048 5006 5007
f 5049 5009 5006
f 5049 5050 5009
f 5050 5011 5009
f 5050 5051 5011
f 5051 5013 5011
f 5051 5052 5013
f 5052 5012 5013
f 5052 5053 5012
f 5053 5014 5012
f 5054 5015 5053
f 5053 5015 5014
f 5055 5016 5054
f 5054 5016 5015
f 5056 5026 5057
f 5057 5026 5027
f 5058 5025 5056
f 5056 5025 5026
f 5059 5024 5058
f 5058 5024 5025
f 5059 5023 5024
f 5059 5060 5023
f 5060 5022 5023
f 5060 5061 5022
f 5061 5021 5022
f 5061 5062 5021
f 5062 5020 5021
f 5062 5063 5020
f 5063 5019 5020
f 5064 5018 5063
f 5063 5018 5019
f 5065 5017 5064
f 5064 5017 5018
f 5055 5031 5016
f 5066 5031 5055
f 5066 5030 5031
f 5066 5067 5030
f 5067 5029 5030
f 5067 5068 5029
f 5068 5028 5029
f 5068 5069 5028
f 5069 5033 5028
f 5069 5070 5033
f 5070 5032 5033
f 5070 5071 5032
f 5071 5034 5032
f 5072 5035 5071
f 5071 5035 5034
f 5073 5036 5072
f 5072 5036 5035
f 5047 5010 5073
f 5073 5010 5036
f 5065 5045 5017
f 5074 5045 5065
f 5074 5044 5045
f 5074 5075 5044
f 5075 5043 5044
f 5075 5076 5043
f 5076 5042 5043
f 5076 5077 5042
f 5077 5041 5042
f 5077 5078 5041
f 5078 5040 5041
f 5078 5079 5040
f 5079 5039 5040
f 5080 5038 5079
f 5079 5038 5039
f 5081 5037 5080
f 5080 5037 5038
f 5057 5027 5081
f 5081 5027 5037
f 5082 5072 5071
f 5083 5073 5072
f 5083 5072 5082
f 5084 5073 5083
f 5085 5082 5071
f 5070 5085 5071
f 5047 5073 5084
f 5086 5047 5084
f 5087 5085 5070
f 5046 5047 5086
f 5069 5087 5070
f 5088 5046 5086
f 5048 5046 5088
f 5089 5087 5069
f 5068 5089 5069
f 5090 5048 5088
f 5091 5089 5068
f 5049 5048 5090
f 5092 5049 5090
f 5067 5091 5068
f 5093 5091 5067
f 5050 5049 5092
f 5066 5093 5067
f 5094 5050 5092
f 5095 5093 5066
f 5055 5095 5066
f 5051 5050 5094
f 5096 5051 5094
f 5097 5095 5055
f 5054 5097 5055
f 5054 5098 5097
f 5052 5051 5096
f 5052 5096 5099
f 5053 5098 5054
f 5053 5052 5099
f 5053 5099 5098
f 5076 5100 5077
f 5075 5101 5076
f 5076 5101 5100
f 5074 5102 5075
f 5075 5102 5101
f 5100 5103 5077
f 5074 5104 5102
f 5074 5065 5104
f 5103 5078 5077
f 5065 5105 5104
f 5103 5106 5078
f 5064 5107 5065
f 5065 5107 5105
f 5106 5079 5078
f 5106 5108 5079
f 5063 5109 5064
f 5064 5109 5107
f 5108 5110 5079
f 5110 5080 5079
f 5110 5111 5080
f 5109 5062 5112
f 5063 5062 5109
f 5111 5081 5080
f 5111 5113 5081
f 5112 5061 5114
f 5062 5061 5112
f 5113 5057 5081
f 5113 5115 5057
f 5061 5116 5114
f 5115 5056 5057
f 5117 5056 5115
f 5061 5060 5116
f 5116 5060 5118
f 5117 5058 5056
f 5118 5058 5117
f 5060 5059 5118
f 5118 5059 5058
f 5119 5120 5095
f 5097 5121 5119
f 5097 5119 5095
f 5098 5121 5097
f 5122 5121 5098
f 5099 5122 5098
f 5123 5122 5099
f 5096 5123 5099
f 5124 5123 5096
f 5094 5124 5096
f 5125 5124 5094
f 5092 5125 5094
f 5126 5125 5092
f 5090 5126 5092
f 5127 5126 5090
f 5088 5127 5090
f 5128 5127 5088
f 5086 5128 5088
f 5129 5128 5086
f 5084 5130 5129
f 5084 5129 5086
f 5083 5131 5130
f 5083 5130 5084
f 5132 5131 5083
f 5082 5132 5083
f 5133 5132 5082
f 5085 5133 5082
f 5134 5133 5085
f 5087 5134 5085
f 5135 5134 5087
f 5089 5135 5087
f 5136 5135 5089
f 5091 5136 5089
f 5137 5136 5091
f 5093 5137 5091
f 5120 5137 5093
f 5095 5120 5093
f 5138 5139 5113
f 5111 5140 5138
f 5111 5138 5113
f 5141 5140 5111
f 5110 5142 5141
f 5110 5141 5111
f 5108 5143 5142
f 5108 5142 5110
f 5106 5144 5143
f 5106 5143 5108
f 5103 5145 5144
f 5103 5144 5106
f 5100 5146 5145
f 5100 5145 5103
f 5101 5146 5100
f 5147 5146 5101
f 5102 5147 5101
f 5104 5147 5102
f 5148 5147 5104
f 5105 5148 5104
f 5149 5148 5105
f 5107 5150 5149
f 5107 5149 5105
f 5109 5151 5150
f 5109 5150 5107
f 5112 5152 5151
f 5112 5151 5109
f 5114 5153 5152
f 5114 5152 5112
f 5116 5154 5153
f 5116 5153 5114
f 5118 5155 5154
f 5118 5154 5116
f 5117 5156 5155
f 5117 5155 5118
f 5115 5156 5117
f 5139 5156 5115
f 5113 5139 5115
f 5119 5157 5120
f 5119 5158 5157
f 5121 5159 5158
f 5121 5158 5119
f 5122 5160 5159
f 5122 5159 5121
f 5123 5161 5162
f 5123 5162 5160
f 5123 5160 5122
f 5124 5163 5161
f 5124 5161 5123
f 5125 5163 5124
f 5126 5164 5165
f 5126 5165 5163
f 5126 5163 5125
f 5127 5166 5164
f 5127 5164 5126
f 5128 5166 5127
f 5129 5167 5166
f 5129 5166 5128
f 5130 5168 5169
f 5130 5169 5167
f 5130 5167 5129
f 5131 5170 5168
f 5131 5168 5130
f 5132 5170 5131
f 5133 5171 5170
f 5133 5170 5132
f 5134 5172 5171
f 5134 5171 5133
f 5135 5173 5172
f 5135 5172 5134
f 5136 5174 5173
f 5136 5173 5135
f 5137 5175 5174
f 5137 5174 5136
f 5120 5157 5175
f 5120 5175 5137
f 5139 5176 5177
f 5138 5178 5176
f 5138 5176 5139
f 5140 5179 5178
f 5140 5178 5138
f 5141 5180 5179
f 5141 5179 5140
f 5142 5181 5180
f 5142 5180 5141
f 5143 5182 5181
f 5143 5181 5142
f 5144 5182 5143
f 5145 5183 5182
f 5145 5182 5144
f 5146 5184 5183
f 5146 5183 5145
f 5147 5185 5184
f 5147 5184 5146
f 5148 5186 5185
f 5148 5185 5147
f 5149 5186 5148
f 5149 5187 5186
f 5150 5188 5187
f 5150 5187 5149
f 5151 5189 5188
f 5151 5188 5150
f 5152 5190 5189
f 5152 5189 5151
f 5153 5191 5192
f 5153 5192 5190
f 5153 5190 5152
f 5154 5193 5191
f 5154 5191 5153
f 5155 5194 5193
f 5155 5193 5154
f 5156 5177 5194
f 5156 5194 5155
f 5139 5177 5156
f 5158 5195 5157
f 5159 5195 5158
f 5196 5161 5163
f 5196 5162 5161
f 5196 5160 5162
f 5196 5159 5160
f 5196 5195 5159
f 5197 5164 5166
f 5197 5165 5164
f 5197 5163 5165
f 5197 5166 5195
f 5197 5195 5196
f 5197 5196 5163
f 5198 5195 5166
f 5198 5170 5171
f 5198 5168 5170
f 5198 5169 5168
f 5198 5167 5169
f 5198 5166 5167
f 5199 5172 5173
f 5199 5171 5172
f 5199 5198 5171
f 5199 5195 5198
f 5200 5175 5157
f 5200 5174 5175
f 5200 5173 5174
f 5200 5157 5195
f 5200 5195 5199
f 5200 5199 5173
f 5176 5201 5177
f 5178 5201 5176
f 5202 5182 5183
f 5202 5181 5182
f 5202 5180 5181
f 5202 5179 5180
f 5202 5178 5179
f 5202 5201 5178
f 5203 5185 5186
f 5203 5184 5185
f 5203 5183 5184
f 5203 5186 5201
f 5203 5201 5202
f 5203 5202 5183
f 5204 5201 5186
f 5204 5189 5190
f 5204 5188 5189
f 5204 5187 5188
f 5204 5186 5187
f 5205 5192 5191
f 5205 5190 5192
f 5205 5204 5190
f 5205 5201 5204
f 5206 5194 5177
f 5206 5193 5194
f 5206 5191 5193
f 5206 5177 5201
f 5206 5201 5205
f 5206 5205 5191
f 5207 5208 5209
f 5210 5211 5212
f 5210 5212 5208
f 5210 5208 5207
f 5213 5214 5211
f 5213 5211 5210
f 5215 5216 5214
f 5215 5214 5213
f 5217 5218 5216
f 5217 5216 5215
f 5219 5220 5218
f 5219 5218 5217
f 5221 5222 5220
f 5221 5220 5219
f 5223 5224 5222
f 5223 5222 5221
f 5225 5224 5223
f 5226 5227 5224
f 5226 5224 5225
f 5228 5227 5226
f 5228 5229 5227
f 5230 5231 5229
f 5230 5229 5228
f 5232 5233 5231
f 5232 5231 5230
f 5234 5235 5233
f 5234 5233 5232
f 5236 5237 5235
f 5236 5235 5234
f 5238 5239 5237
f 5238 5237 5236
f 5240 5241 5239
f 5240 5239 5238
f 5242 5243 5241
f 5242 5241 5240
f 5244 5209 5243
f 5244 5243 5242
f 5207 5209 5244
f 5213 5245 5246
f 5215 5246 5247
f 5215 5213 5246
f 5210 5248 5245
f 5210 5245 5213
f 5217 5247 5249
f 5217 5215 5247
f 5207 5248 5210
f 5244 5250 5248
f 5244 5248 5207
f 5219 5249 5251
f 5219 5217 5249
f 5242 5250 5244
f 5221 5219 5251
f 5252 5250 5242
f 5253 5221 5251
f 5240 5252 5242
f 5223 5221 5253
f 5254 5240 5238
f 5254 5252 5240
f 5255 5225 5223
f 5255 5223 5253
f 5226 5225 5255
f 5256 5238 5236
f 5256 5254 5238
f 5257 5230 5228
f 5257 5228 5226
f 5257 5226 5255
f 5258 5236 5234
f 5258 5256 5236
f 5259 5232 5230
f 5259 5230 5257
f 5260 5234 5232
f 5260 5258 5234
f 5260 5232 5259
f 5224 5227 5261
f 5262 5261 5263
f 5262 5263 5264
f 5262 5224 5261
f 5265 5212 5211
f 5266 5209 5208
f 5267 5212 5265
f 5268 5208 5212
f 5268 5266 5208
f 5268 5212 5267
f 5269 5268 5267
f 5270 5268 5269
f 5271 5222 5224
f 5271 5220 5222
f 5271 5224 5262
f 5272 5262 5273
f 5272 5273 5274
f 5272 5271 5262
f 5275 5218 5220
f 5275 5216 5218
f 5275 5220 5271
f 5276 5274 5277
f 5276 5277 5278
f 5276 5271 5272
f 5276 5272 5274
f 5276 5275 5271
f 5279 5214 5216
f 5279 5211 5214
f 5279 5216 5275
f 5279 5265 5211
f 5280 5278 5281
f 5280 5281 5265
f 5280 5276 5278
f 5280 5275 5276
f 5280 5279 5275
f 5280 5265 5279
f 5243 5266 5268
f 5243 5209 5266
f 5282 5268 5270
f 5282 5243 5268
f 5283 5229 5231
f 5283 5231 5284
f 5261 5227 5229
f 5261 5229 5283
f 5285 5261 5283
f 5263 5261 5285
f 5264 5263 5285
f 5286 5241 5243
f 5286 5239 5241
f 5286 5243 5282
f 5287 5282 5288
f 5287 5288 5289
f 5287 5286 5282
f 5290 5237 5239
f 5290 5235 5237
f 5290 5239 5286
f 5291 5289 5292
f 5291 5292 5293
f 5291 5287 5289
f 5291 5286 5287
f 5291 5290 5286
f 5294 5233 5235
f 5294 5231 5233
f 5294 5290 5291
f 5294 5235 5290
f 5294 5284 5231
f 5295 5293 5296
f 5295 5296 5284
f 5295 5291 5293
f 5295 5294 5291
f 5295 5284 5294
f 5257 5255 5264
f 5255 5262 5264
f 5255 5253 5262
f 5253 5273 5262
f 5251 5274 5253
f 5253 5274 5273
f 5249 5277 5251
f 5251 5277 5274
f 5247 5278 5249
f 5249 5278 5277
f 5246 5281 5247
f 5247 5281 5278
f 5246 5265 5281
f 5246 5245 5265
f 5245 5267 5265
f 5245 5269 5267
f 5245 5248 5269
f 5248 5270 5269
f 5248 5250 5270
f 5250 5282 5270
f 5250 5252 5282
f 5252 5288 5282
f 5254 5289 5252
f 5252 5289 5288
f 5256 5292 5254
f 5254 5292 5289
f 5258 5293 5256
f 5256 5293 5292
f 5260 5296 5258
f 5258 5296 5293
f 5260 5284 5296
f 5260 5259 5284
f 5259 5283 5284
f 5259 5285 5283
f 5259 5257 5285
f 5257 5264 5285
f 5297 5298 5299
f 5300 5301 5302
f 5300 5302 5298
f 5300 5298 5297
f 5303 5304 5301
f 5303 5301 5300
f 5305 5306 5304
f 5305 5304 5303
f 5307 5308 5306
f 5307 5306 5305
f 5309 5310 5308
f 5309 5308 5307
f 5311 5312 5310
f 5311 5310 5309
f 5313 5314 5312
f 5313 5312 5311
f 5315 5314 5313
f 5316 5317 5314
f 5316 5314 5315
f 5318 5317 5316
f 5318 5319 5317
f 5320 5321 5319
f 5320 5319 5318
f 5322 5323 5321
f 5322 5321 5320
f 5324 5325 5323
f 5324 5323 5322
f 5326 5327 5325
f 5326 5325 5324
f 5328 5329 5327
f 5328 5327 5326
f 5330 5331 5329
f 5330 5329 5328
f 5332 5333 5331
f 5332 5331 5330
f 5334 5299 5333
f 5334 5333 5332
f 5297 5299 5334
f 5303 5335 5336
f 5305 5336 5337
f 5305 5303 5336
f 5300 5338 5335
f 5300 5335 5303
f 5307 5337 5339
f 5307 5305 5337
f 5297 5338 5300
f 5334 5340 5338
f 5334 5338 5297
f 5309 5339 5341
f 5309 5307 5339
f 5332 5340 5334
f 5311 5309 5341
f 5342 5340 5332
f 5343 5311 5341
f 5330 5342 5332
f 5313 5311 5343
f 5344 5330 5328
f 5344 5342 5330
f 5345 5315 5313
f 5345 5313 5343
f 5316 5315 5345
f 5346 5328 5326
f 5346 5344 5328
f 5347 5320 5318
f 5347 5318 5316
f 5347 5316 5345
f 5348 5326 5324
f 5348 5346 5326
f 5349 5322 5320
f 5349 5320 5347
f 5350 5324 5322
f 5350 5348 5324
f 5350 5322 5349
f 5314 5317 5351
f 5352 5351 5353
f 5352 5353 5354
f 5352 5314 5351
f 5355 5302 5301
f 5356 5299 5298
f 5357 5302 5355
f 5358 5298 5302
f 5358 5356 5298
f 5358 5302 5357
f 5359 5358 5357
f 5360 5358 5359
f 5361 5312 5314
f 5361 5310 5312
f 5361 5314 5352
f 5362 5352 5363
f 5362 5363 5364
f 5362 5361 5352
f 5365 5308 5310
f 5365 5306 5308
f 5365 5310 5361
f 5366 5364 5367
f 5366 5367 5368
f 5366 5361 5362
f 5366 5362 5364
f 5366 5365 5361
f 5369 5304 5306
f 5369 5301 5304
f 5369 5306 5365
f 5369 5355 5301
f 5370 5368 5371
f 5370 5371 5355
f 5370 5366 5368
f 5370 5365 5366
f 5370 5369 5365
f 5370 5355 5369
f 5333 5356 5358
f 5333 5299 5356
f 5372 5358 5360
f 5372 5333 5358
f 5373 5319 5321
f 5373 5321 5374
f 5351 5317 5319
f 5351 5319 5373
f 5375 5351 5373
f 5353 5351 5375
f 5354 5353 5375
f 5376 5331 5333
f 5376 5329 5331
f 5376 5333 5372
f 5377 5372 5378
f 5377 5378 5379
f 5377 5376 5372
f 5380 5327 5329
f 5380 5325 5327
f 5380 5329 5376
f 5381 5379 5382
f 5381 5382 5383
f 5381 5377 5379
f 5381 5376 5377
f 5381 5380 5376
f 5384 5323 5325
f 5384 5321 5323
f 5384 5325 5380
f 5384 5374 5321
f 5385 5383 5386
f 5385 5386 5374
f 5385 5381 5383
f 5385 5380 5381
f 5385 5384 5380
f 5385 5374 5384
f 5347 5345 5354
f 5345 5352 5354
f 5345 5343 5352
f 5343 5363 5352
f 5341 5364 5343
f 5343 5364 5363
f 5339 5367 5341
f 5341 5367 5364
f 5337 5368 5339
f 5339 5368 5367
f 5336 5371 5337
f 5337 5371 5368
f 5336 5355 5371
f 5336 5335 5355
f 5335 5357 5355
f 5335 5359 5357
f 5335 5338 5359
f 5338 5360 5359
f 5338 5340 5360
f 5340 5372 5360
f 5340 5342 5372
f 5342 5378 5372
f 5344 5379 5342
f 5342 5379 5378
f 5346 5382 5344
f 5344 5382 5379
f 5348 5383 5346
f 5346 5383 5382
f 5350 5386 5348
f 5348 5386 5383
f 5350 5374 5386
f 5350 5349 5374
f 5349 5373 5374
f 5349 5375 5373
f 5349 5347 5375
f 5347 5354 5375
f 5387 5388 5389
f 5390 5391 5392
f 5392 5391 5387
f 5387 5391 5388
f 5390 5393 5391
f 5394 5395 5390
f 5390 5395 5393
f 5396 5397 5394
f 5394 5397 5395
f 5398 5399 5396
f 5396 5399 5397
f 5398 5400 5399
f 5401 5402 5403
f 5403 5402 5404
f 5404 5402 5398
f 5400 5402 5405
f 5398 5402 5400
f 5401 5406 5402
f 5402 5407 5405
f 5402 5408 5407
f 5409 5410 5401
f 5401 5410 5406
f 5408 5411 5407
f 5412 5413 5411
f 5409 5414 5410
f 5412 5415 5413
f 5415 5416 5413
f 5417 5418 5415
f 5415 5418 5416
f 5408 5412 5411
f 5419 5414 5409
f 5420 5421 5419
f 5419 5421 5414
f 5422 5423 5420
f 5420 5423 5421
f 5424 5425 5422
f 5422 5425 5423
f 5426 5427 5424
f 5424 5427 5425
f 5428 5429 5426
f 5426 5429 5427
f 5430 5431 5428
f 5428 5431 5429
f 5432 5433 5430
f 5430 5433 5431
f 5432 5434 5433
f 5435 5436 5432
f 5432 5436 5434
f 5435 5437 5436
f 5389 5438 5435
f 5435 5438 5437
f 5389 5388 5438
f 5439 5408 5402
f 5440 5441 5442
f 5443 5444 5440
f 5440 5444 5441
f 5445 5446 5447
f 5444 5448 5449
f 5450 5448 5443
f 5443 5448 5444
f 5447 5451 5450
f 5450 5451 5448
f 5447 5452 5451
f 5453 5454 5446
f 5446 5454 5447
f 5447 5454 5452
f 5455 5456 5453
f 5453 5456 5454
f 5457 5456 5455
f 5457 5458 5456
f 5459 5458 5457
f 5459 5460 5458
f 5461 5460 5459
f 5461 5462 5460
f 5463 5462 5461
f 5463 5464 5462
f 5465 5464 5463
f 5465 5466 5464
f 5467 5466 5465
f 5467 5468 5466
f 5469 5468 5467
f 5469 5470 5468
f 5471 5470 5472
f 5472 5470 5469
f 5471 5473 5470
f 5474 5473 5471
f 5475 5476 5477
f 5477 5476 5474
f 5474 5476 5473
f 5475 5478 5476
f 5479 5478 5475
f 5480 5481 5482
f 5482 5481 5479
f 5479 5481 5478
f 5480 5483 5481
f 5484 5483 5480
f 5484 5485 5483
f 5486 5485 5484
f 5486 5487 5485
f 5488 5487 5486
f 5488 5489 5487
f 5490 5489 5491
f 5491 5489 5488
f 5490 5492 5489
f 5493 5492 5490
f 5493 5494 5492
f 5495 5494 5496
f 5496 5494 5493
f 5495 5497 5494
f 5498 5497 5495
f 5498 5499 5497
f 5500 5499 5501
f 5501 5499 5498
f 5500 5502 5499
f 5503 5502 5500
f 5503 5504 5502
f 5505 5504 5503
f 5505 5506 5504
f 5507 5506 5505
f 5507 5508 5506
f 5509 5508 5507
f 5509 5510 5508
f 5511 5510 5512
f 5512 5510 5509
f 5511 5513 5510
f 5514 5513 5511
f 5515 5516 5517
f 5517 5516 5514
f 5514 5516 5513
f 5518 5519 5520
f 5520 5519 5515
f 5515 5519 5516
f 5518 5521 5519
f 5522 5521 5518
f 5523 5524 5525
f 5525 5524 5522
f 5522 5524 5521
f 5526 5527 5523
f 5523 5527 5524
f 5528 5529 5526
f 5526 5529 5527
f 5530 5531 5528
f 5528 5531 5529
f 5530 5532 5531
f 5533 5532 5530
f 5533 5534 5532
f 5535 5534 5536
f 5536 5534 5533
f 5535 5537 5534
f 5538 5537 5535
f 5538 5539 5537
f 5540 5539 5541
f 5541 5539 5538
f 5540 5542 5539
f 5543 5542 5540
f 5543 5544 5542
f 5545 5544 5546
f 5546 5544 5543
f 5545 5547 5544
f 5548 5547 5545
f 5548 5549 5547
f 5550 5549 5548
f 5550 5551 5549
f 5552 5551 5550
f 5553 5554 5555
f 5555 5554 5552
f 5552 5554 5551
f 5556 5557 5553
f 5553 5557 5554
f 5558 5559 5560
f 5556 5559 5557
f 5560 5559 5556
f 5558 5561 5559
f 5562 5561 5558
f 5563 5564 5565
f 5565 5564 5562
f 5562 5564 5561
f 5566 5567 5563
f 5563 5567 5564
f 5568 5569 5570
f 5570 5569 5566
f 5566 5569 5567
f 5568 5571 5569
f 5572 5573 5574
f 5574 5573 5568
f 5568 5573 5571
f 5575 5576 5572
f 5572 5576 5573
f 5577 5578 5579
f 5579 5578 5575
f 5575 5578 5576
f 5580 5581 5577
f 5577 5581 5578
f 5582 5583 5584
f 5584 5583 5580
f 5580 5583 5581
f 5585 5586 5582
f 5582 5586 5583
f 5585 5587 5586
f 5588 5587 5589
f 5589 5587 5585
f 5588 5590 5587
f 5591 5590 5588
f 5592 5593 5591
f 5591 5593 5590
f 5594 5595 5592
f 5592 5595 5593
f 5596 5597 5598
f 5598 5597 5594
f 5594 5597 5595
f 5596 5599 5597
f 5600 5599 5596
f 5601 5602 5603
f 5603 5602 5600
f 5600 5602 5599
f 5604 5605 5601
f 5601 5605 5602
f 5606 5607 5608
f 5608 5607 5604
f 5604 5607 5605
f 5609 5610 5606
f 5606 5610 5607
f 5611 5612 5609
f 5609 5612 5610
f 5613 5614 5611
f 5611 5614 5612
f 5615 5616 5613
f 5613 5616 5614
f 5617 5618 5619
f 5619 5618 5615
f 5615 5618 5616
f 5620 5621 5617
f 5617 5621 5618
f 5622 5623 5624
f 5624 5623 5620
f 5620 5623 5621
f 5625 5626 5627
f 5627 5626 5622
f 5622 5626 5623
f 5628 5629 5625
f 5625 5629 5626
f 5630 5631 5628
f 5628 5631 5629
f 5632 5631 5630
f 5632 5633 5631
f 5634 5633 5632
f 5634 5635 5633
f 5636 5635 5634
f 5636 5637 5635
f 5638 5637 5636
f 5638 5639 5637
f 5640 5639 5638
f 5640 5641 5639
f 5642 5641 5643
f 5643 5641 5640
f 5642 5644 5641
f 5645 5644 5642
f 5645 5646 5644
f 5647 5646 5648
f 5648 5646 5645
f 5647 5649 5646
f 5650 5649 5647
f 5650 5651 5649
f 5652 5651 5653
f 5653 5651 5650
f 5652 5654 5651
f 5655 5654 5652
f 5655 5656 5654
f 5657 5656 5655
f 5657 5658 5656
f 5659 5658 5657
f 5659 5660 5658
f 5661 5660 5662
f 5662 5660 5659
f 5661 5663 5660
f 5664 5663 5661
f 5664 5665 5663
f 5666 5665 5667
f 5667 5665 5664
f 5666 5668 5665
f 5669 5668 5666
f 5670 5671 5672
f 5672 5671 5669
f 5669 5671 5668
f 5670 5673 5671
f 5674 5673 5670
f 5675 5676 5677
f 5677 5676 5674
f 5674 5676 5673
f 5675 5678 5676
f 5679 5680 5681
f 5681 5680 5675
f 5675 5680 5678
f 5679 5682 5680
f 5683 5682 5679
f 5683 5684 5682
f 5685 5684 5686
f 5686 5684 5683
f 5685 5687 5684
f 5688 5687 5685
f 5688 5689 5687
f 5690 5689 5691
f 5691 5689 5688
f 5690 5692 5689
f 5693 5692 5690
f 5693 5694 5692
f 5695 5694 5696
f 5696 5694 5693
f 5695 5697 5694
f 5698 5697 5695
f 5698 5699 5697
f 5700 5699 5698
f 5700 5701 5699
f 5702 5701 5700
f 5702 5703 5701
f 5704 5703 5705
f 5705 5703 5702
f 5704 5706 5703
f 5707 5706 5704
f 5707 5708 5706
f 5709 5708 5710
f 5710 5708 5707
f 5711 5712 5709
f 5709 5712 5708
f 5711 5713 5712
f 5714 5713 5715
f 5715 5713 5711
f 5714 5716 5713
f 5717 5716 5714
f 5718 5719 5717
f 5717 5719 5716
f 5720 5721 5718
f 5718 5721 5719
f 5722 5723 5724
f 5724 5723 5720
f 5720 5723 5721
f 5725 5726 5722
f 5722 5726 5723
f 5727 5728 5729
f 5729 5728 5725
f 5725 5728 5726
f 5730 5731 5727
f 5727 5731 5728
f 5732 5733 5734
f 5734 5733 5730
f 5730 5733 5731
f 5735 5736 5732
f 5732 5736 5733
f 5735 5737 5736
f 5738 5737 5739
f 5739 5737 5735
f 5738 5740 5737
f 5741 5740 5738
f 5741 5742 5740
f 5743 5742 5741
f 5743 5744 5742
f 5745 5744 5743
f 5745 5746 5744
f 5747 5746 5745
f 5748 5749 5750
f 5747 5749 5746
f 5750 5749 5747
f 5748 5751 5749
f 5752 5751 5748
f 5753 5754 5755
f 5755 5754 5752
f 5752 5754 5751
f 5753 5756 5754
f 5757 5756 5753
f 5758 5759 5760
f 5760 5759 5757
f 5757 5759 5756
f 5761 5762 5758
f 5758 5762 5759
f 5763 5764 5761
f 5761 5764 5762
f 5765 5766 5763
f 5763 5766 5764
f 5767 5768 5769
f 5769 5768 5765
f 5765 5768 5766
f 5770 5771 5767
f 5767 5771 5768
f 5772 5773 5774
f 5774 5773 5770
f 5770 5773 5771
f 5775 5776 5772
f 5772 5776 5773
f 5777 5778 5779
f 5779 5778 5775
f 5775 5778 5776
f 5780 5781 5777
f 5777 5781 5778
f 5782 5783 5784
f 5784 5783 5780
f 5780 5783 5781
f 5782 5785 5783
f 5782 5786 5785
f 5787 5786 5788
f 5788 5786 5782
f 5787 5789 5786
f 5790 5789 5787
f 5791 5792 5793
f 5793 5792 5790
f 5790 5792 5789
f 5794 5795 5791
f 5791 5795 5792
f 5796 5797 5798
f 5798 5797 5794
f 5794 5797 5795
f 5799 5800 5796
f 5796 5800 5797
f 5801 5802 5803
f 5803 5802 5799
f 5799 5802 5800
f 5804 5805 5801
f 5801 5805 5802
f 5804 5806 5805
f 5807 5806 5804
f 5807 5808 5806
f 5809 5808 5807
f 5809 5810 5808
f 5811 5810 5812
f 5812 5810 5809
f 5811 5813 5810
f 5814 5813 5811
f 5814 5815 5813
f 5816 5815 5817
f 5817 5815 5814
f 5816 5818 5815
f 5819 5818 5816
f 5819 5820 5818
f 5821 5820 5822
f 5822 5820 5819
f 5821 5823 5820
f 5824 5823 5821
f 5824 5825 5823
f 5826 5825 5824
f 5827 5828 5826
f 5826 5828 5825
f 5829 5830 5831
f 5831 5830 5827
f 5827 5830 5828
f 5832 5833 5829
f 5829 5833 5830
f 5832 5834 5833
f 5835 5834 5836
f 5836 5834 5832
f 5835 5837 5834
f 5838 5837 5835
f 5838 5839 5837
f 5840 5839 5841
f 5841 5839 5838
f 5840 5842 5839
f 5843 5842 5840
f 5843 5844 5842
f 5845 5844 5846
f 5846 5844 5843
f 5845 5847 5844
f 5848 5847 5845
f 5848 5849 5847
f 5850 5849 5848
f 5850 5851 5849
f 5852 5851 5850
f 5852 5853 5851
f 5854 5853 5852
f 5854 5855 5853
f 5856 5855 5857
f 5857 5855 5854
f 5856 5858 5855
f 5859 5858 5856
f 5859 5860 5858
f 5861 5860 5862
f 5862 5860 5859
f 5861 5863 5860
f 5864 5863 5861
f 5864 5865 5863
f 5866 5865 5867
f 5867 5865 5864
f 5866 5868 5865
f 5869 5868 5866
f 5870 5871 5869
f 5869 5871 5868
f 5872 5873 5870
f 5870 5873 5871
f 5874 5875 5876
f 5876 5875 5872
f 5872 5875 5873
f 5874 5877 5875
f 5878 5877 5874
f 5879 5880 5881
f 5881 5880 5878
f 5878 5880 5877
f 5882 5883 5879
f 5879 5883 5880
f 5882 5884 5883
f 5885 5884 5886
f 5886 5884 5882
f 5885 5887 5884
f 5888 5887 5885
f 5888 5889 5887
f 5890 5889 5891
f 5891 5889 5888
f 5890 5892 5889
f 5893 5892 5890
f 5893 5894 5892
f 5895 5894 5893
f 5895 5896 5894
f 5897 5896 5895
f 5897 5898 5896
f 5899 5898 5900
f 5900 5898 5897
f 5899 5901 5898
f 5902 5901 5899
f 5902 5903 5901
f 5904 5903 5905
f 5905 5903 5902
f 5906 5907 5904
f 5904 5907 5903
f 5908 5909 5910
f 5910 5909 5906
f 5906 5909 5907
f 5908 5911 5909
f 5912 5911 5908
f 5913 5914 5912
f 5912 5914 5911
f 5915 5916 5913
f 5913 5916 5914
f 5917 5918 5919
f 5919 5918 5915
f 5915 5918 5916
f 5917 5920 5918
f 5921 5920 5917
f 5922 5923 5924
f 5924 5923 5921
f 5921 5923 5920
f 5925 5926 5922
f 5922 5926 5923
f 5927 5928 5929
f 5929 5928 5925
f 5925 5928 5926
f 5927 5930 5928
f 5931 5930 5927
f 5932 5933 5931
f 5931 5933 5930
f 5932 5934 5933
f 5935 5934 5932
f 5935 5936 5934
f 5937 5936 5938
f 5938 5936 5935
f 5937 5939 5936
f 5940 5939 5937
f 5940 5941 5939
f 5942 5941 5943
f 5943 5941 5940
f 5942 5944 5941
f 5945 5944 5942
f 5946 5947 5948
f 5948 5947 5945
f 5945 5947 5944
f 5949 5950 5946
f 5946 5950 5947
f 5951 5952 5953
f 5953 5952 5949
f 5949 5952 5950
f 5951 5954 5952
f 5955 5954 5951
f 5956 5957 5955
f 5955 5957 5954
f 5958 5959 5956
f 5956 5959 5957
f 5960 5961 5958
f 5958 5961 5959
f 5962 5963 5964
f 5964 5963 5960
f 5960 5963 5961
f 5965 5966 5962
f 5962 5966 5963
f 5967 5968 5969
f 5969 5968 5965
f 5965 5968 5966
f 5970 5971 5967
f 5967 5971 5968
f 5972 5973 5974
f 5974 5973 5970
f 5970 5973 5971
f 5975 5976 5972
f 5972 5976 5973
f 5977 5978 5975
f 5975 5978 5976
f 5979 5980 5977
f 5977 5980 5978
f 5979 5981 5980
f 5982 5981 5983
f 5983 5981 5979
f 5982 5984 5981
f 5985 5984 5982
f 5985 5986 5984
f 5987 5986 5988
f 5988 5986 5985
f 5987 5989 5986
f 5990 5989 5987
f 5990 5991 5989
f 5992 5991 5993
f 5993 5991 5990
f 5992 5994 5991
f 5995 5994 5992
f 5995 5996 5994
f 5997 5996 5998
f 5998 5996 5995
f 5997 5999 5996
f 6000 5999 5997
f 6000 6001 5999
f 6002 6001 6000
f 6002 6003 6001
f 6004 6003 6002
f 6004 6005 6003
f 6006 6005 6007
f 6007 6005 6004
f 6006 6008 6005
f 6009 6008 6006
f 6009 6010 6008
f 6011 6010 6012
f 6012 6010 6009
f 6011 6013 6010
f 6014 6013 6011
f 6014 6015 6013
f 6016 6015 6017
f 6017 6015 6014
f 6016 6018 6015
f 6019 6018 6016
f 6019 6020 6018
f 6021 6020 6019
f 6021 6022 6020
f 6023 6022 6021
f 6024 6025 6026
f 6026 6025 6023
f 6023 6025 6022
f 6027 6028 6024
f 6024 6028 6025
f 6029 6030 6031
f 6031 6030 6027
f 6027 6030 6028
f 6032 6033 6029
f 6029 6033 6030
f 6034 6035 6036
f 6036 6035 6032
f 6032 6035 6033
f 6034 6037 6035
f 6038 6037 6034
f 6038 6039 6037
f 6040 6039 6038
f 6040 6041 6039
f 6042 6041 6040
f 6042 6043 6041
f 6044 6043 6045
f 6045 6043 6042
f 6044 6046 6043
f 6047 6046 6044
f 6047 6048 6046
f 6049 6048 6050
f 6050 6048 6047
f 6049 6051 6048
f 6052 6051 6049
f 6052 6053 6051
f 6054 6053 6055
f 6055 6053 6052
f 6054 6056 6053
f 6057 6056 6054
f 6057 6058 6056
f 6059 6058 6060
f 6060 6058 6057
f 6059 6061 6058
f 6062 6061 6059
f 6063 6064 6062
f 6062 6064 6061
f 6065 6066 6063
f 6063 6066 6064
f 6067 6068 6065
f 6065 6068 6066
f 6069 6070 6071
f 6071 6070 6067
f 6067 6070 6068
f 6072 6073 6069
f 6069 6073 6070
f 6074 6075 6076
f 6076 6075 6072
f 6072 6075 6073
f 6074 6077 6075
f 6078 6077 6074
f 6079 6080 6081
f 6081 6080 6078
f 6078 6080 6077
f 6079 6082 6080
f 6083 6082 6079
f 6084 6085 6083
f 6083 6085 6082
f 6084 6086 6085
f 6087 6086 6084
f 6087 6088 6086
f 6089 6088 6090
f 6090 6088 6087
f 6089 6091 6088
f 6092 6091 6089
f 6092 6093 6091
f 6094 6093 6095
f 6095 6093 6092
f 6094 6096 6093
f 6097 6096 6094
f 6097 6098 6096
f 6099 6098 6100
f 6100 6098 6097
f 6099 6101 6098
f 6102 6101 6099
f 6103 6104 6105
f 6105 6104 6102
f 6102 6104 6101
f 6103 6106 6104
f 6107 6106 6103
f 6108 6109 6107
f 6107 6109 6106
f 6110 6111 6108
f 6108 6111 6109
f 6112 6113 6114
f 6114 6113 6110
f 6110 6113 6111
f 6115 6116 6112
f 6112 6116 6113
f 6117 6118 6119
f 6119 6118 6115
f 6115 6118 6116
f 6117 6120 6118
f 6121 6120 6117
f 6122 6123 6124
f 6124 6123 6121
f 6121 6123 6120
f 6125 6126 6122
f 6122 6126 6123
f 6127 6128 6125
f 6125 6128 6126
f 6129 6130 6127
f 6127 6130 6128
f 6131 6132 6133
f 6133 6132 6129
f 6129 6132 6130
f 6134 6135 6131
f 6131 6135 6132
f 6136 6137 6138
f 6138 6137 6134
f 6134 6137 6135
f 6139 6140 6136
f 6136 6140 6137
f 6141 6142 6143
f 6143 6142 6139
f 6139 6142 6140
f 6141 6144 6142
f 6145 6144 6141
f 6145 6146 6144
f 6147 6146 6145
f 6148 6149 6147
f 6147 6149 6146
f 6150 6151 6152
f 6152 6151 6148
f 6148 6151 6149
f 6153 6154 6150
f 6150 6154 6151
f 6153 6155 6154
f 6156 6155 6157
f 6157 6155 6153
f 6156 6158 6155
f 6159 6158 6156
f 6159 6160 6158
f 6161 6160 6162
f 6162 6160 6159
f 6161 6163 6160
f 6164 6163 6161
f 6164 6165 6163
f 6166 6165 6167
f 6167 6165 6164
f 6166 6168 6165
f 6169 6168 6166
f 6169 6170 6168
f 6171 6170 6169
f 6171 6172 6170
f 6173 6172 6171
f 6173 6174 6172
f 6175 6174 6173
f 6175 6176 6174
f 6177 6176 6178
f 6178 6176 6175
f 6177 6179 6176
f 6180 6179 6177
f 6181 6182 6183
f 6183 6182 6180
f 6180 6182 6179
f 6184 6185 6186
f 6186 6185 6181
f 6181 6185 6182
f 6184 6187 6185
f 6188 6187 6184
f 6188 6189 6187
f 6190 6189 6188
f 6190 6191 6189
f 6192 6191 6190
f 6192 6193 6191
f 6194 6193 6192
f 6194 6195 6193
f 6196 6195 6197
f 6197 6195 6194
f 6196 6198 6195
f 6199 6198 6196
f 6199 6200 6198
f 6201 6200 6202
f 6202 6200 6199
f 6201 6203 6200
f 6204 6203 6201
f 6204 6205 6203
f 6206 6205 6207
f 6207 6205 6204
f 6206 6208 6205
f 6209 6208 6206
f 6209 6210 6208
f 6211 6210 6212
f 6212 6210 6209
f 6211 6213 6210
f 6214 6213 6211
f 6214 6215 6213
f 6216 6215 6214
f 6216 6217 6215
f 6218 6217 6216
f 6219 6220 6221
f 6221 6220 6218
f 6218 6220 6217
f 6222 6223 6219
f 6219 6223 6220
f 6224 6225 6226
f 6226 6225 6222
f 6222 6225 6223
f 6227 6228 6224
f 6224 6228 6225
f 6229 6230 6231
f 6231 6230 6227
f 6227 6230 6228
f 6229 6232 6230
f 6233 6232 6229
f 6234 6235 6233
f 6233 6235 6232
f 6236 6237 6234
f 6234 6237 6235
f 6236 6238 6237
f 6239 6238 6240
f 6240 6238 6236
f 6239 6241 6238
f 6242 6241 6239
f 6242 6243 6241
f 6244 6243 6245
f 6245 6243 6242
f 6244 6246 6243
f 6247 6246 6244
f 6247 6248 6246
f 6249 6248 6250
f 6250 6248 6247
f 6249 6251 6248
f 6252 6251 6249
f 6252 6253 6251
f 6254 6253 6252
f 6254 6255 6253
f 6256 6255 6254
f 6257 6258 6259
f 6256 6258 6255
f 6259 6258 6256
f 6260 6261 6257
f 6257 6261 6258
f 6262 6263 6264
f 6264 6263 6260
f 6260 6263 6261
f 6262 6265 6263
f 6266 6265 6262
f 6267 6268 6269
f 6269 6268 6266
f 6266 6268 6265
f 6267 6270 6268
f 6271 6270 6267
f 6272 6273 6274
f 6274 6273 6271
f 6271 6273 6270
f 6275 6276 6272
f 6272 6276 6273
f 6277 6278 6275
f 6275 6278 6276
f 6279 6280 6277
f 6277 6280 6278
f 6281 6282 6279
f 6279 6282 6280
f 6283 6284 6285
f 6285 6284 6281
f 6281 6284 6282
f 6283 6286 6284
f 6287 6286 6288
f 6288 6286 6283
f 6287 6289 6286
f 6290 6289 6287
f 6290 6291 6289
f 6292 6291 6293
f 6293 6291 6290
f 6292 6294 6291
f 6295 6294 6292
f 6295 6296 6294
f 6297 6296 6295
f 6298 6299 6297
f 6297 6299 6296
f 6300 6301 6298
f 6298 6301 6299
f 6302 6303 6304
f 6304 6303 6300
f 6300 6303 6301
f 6305 6306 6302
f 6302 6306 6303
f 6307 6308 6309
f 6309 6308 6305
f 6305 6308 6306
f 6310 6311 6307
f 6307 6311 6308
f 6310 6312 6311
f 6313 6312 6314
f 6314 6312 6310
f 6315 6316 6313
f 6313 6316 6312
f 6317 6318 6319
f 6319 6318 6315
f 6315 6318 6316
f 6320 6321 6317
f 6317 6321 6318
f 6322 6323 6320
f 6320 6323 6321
f 6324 6325 6322
f 6322 6325 6323
f 6326 6327 6328
f 6328 6327 6324
f 6324 6327 6325
f 6326 6329 6327
f 6330 6329 6326
f 6330 6331 6329
f 6332 6331 6333
f 6333 6331 6330
f 6332 6334 6331
f 6335 6334 6332
f 6336 6337 6338
f 6338 6337 6335
f 6335 6337 6334
f 6339 6340 6336
f 6336 6340 6337
f 6339 6341 6340
f 6342 6341 6339
f 6342 6343 6341
f 6344 6343 6342
f 6344 6345 6343
f 6346 6345 6347
f 6347 6345 6344
f 6346 6348 6345
f 6349 6348 6346
f 6349 6350 6348
f 6351 6350 6352
f 6352 6350 6349
f 6351 6353 6350
f 6354 6353 6351
f 6354 6355 6353
f 6356 6355 6357
f 6357 6355 6354
f 6356 6358 6355
f 6359 6358 6356
f 6359 6360 6358
f 6361 6360 6359
f 6361 6362 6360
f 6363 6362 6361
f 6363 6364 6362
f 6365 6364 6366
f 6366 6364 6363
f 6365 6367 6364
f 6368 6367 6365
f 6368 6369 6367
f 6370 6369 6371
f 6371 6369 6368
f 6370 6372 6369
f 6373 6372 6370
f 6373 6374 6372
f 6375 6374 6376
f 6376 6374 6373
f 6377 6378 6375
f 6375 6378 6374
f 6379 6380 6381
f 6381 6380 6377
f 6377 6380 6378
f 6382 6383 6379
f 6379 6383 6380
f 6384 6385 6382
f 6382 6385 6383
f 6386 6387 6384
f 6384 6387 6385
f 6388 6389 6386
f 6386 6389 6387
f 6388 6390 6389
f 6391 6390 6392
f 6392 6390 6388
f 6391 6393 6390
f 6394 6393 6395
f 6395 6393 6391
f 6394 6396 6393
f 6397 6396 6394
f 6397 6398 6396
f 6399 6398 6400
f 6400 6398 6397
f 6399 6401 6398
f 6402 6401 6399
f 6402 6403 6401
f 6404 6403 6402
f 6404 6405 6403
f 6406 6405 6404
f 6406 6407 6405
f 6408 6407 6406
f 6408 6409 6407
f 6410 6409 6411
f 6411 6409 6408
f 6410 6412 6409
f 6413 6412 6410
f 6414 6415 6416
f 6416 6415 6413
f 6413 6415 6412
f 6417 6418 6414
f 6414 6418 6415
f 6419 6420 6421
f 6421 6420 6417
f 6417 6420 6418
f 6419 6422 6420
f 6423 6422 6419
f 6424 6425 6426
f 6426 6425 6423
f 6423 6425 6422
f 6427 6428 6424
f 6424 6428 6425
f 6429 6430 6427
f 6427 6430 6428
f 6431 6432 6429
f 6429 6432 6430
f 6433 6434 6435
f 6435 6434 6431
f 6431 6434 6432
f 6433 6436 6434
f 6437 6436 6433
f 6438 6439 6440
f 6440 6439 6437
f 6437 6439 6436
f 6438 6441 6439
f 6442 6441 6438
f 6442 6443 6441
f 6444 6443 6445
f 6445 6443 6442
f 6444 6446 6443
f 6447 6446 6444
f 6447 6448 6446
f 6449 6448 6447
f 6449 6450 6448
f 6451 6450 6449
f 6451 6452 6450
f 6453 6452 6454
f 6454 6452 6451
f 6455 6456 6453
f 6453 6456 6452
f 6457 6458 6459
f 6459 6458 6455
f 6455 6458 6456
f 6457 6460 6458
f 6461 6460 6457
f 6462 6463 6464
f 6464 6463 6461
f 6461 6463 6460
f 6465 6466 6462
f 6462 6466 6463
f 6467 6468 6465
f 6465 6468 6466
f 6469 6470 6467
f 6467 6470 6468
f 6471 6472 6473
f 6473 6472 6469
f 6469 6472 6470
f 6474 6475 6471
f 6471 6475 6472
f 6476 6477 6478
f 6478 6477 6474
f 6474 6477 6475
f 6479 6480 6476
f 6476 6480 6477
f 6481 6482 6483
f 6483 6482 6479
f 6479 6482 6480
f 6484 6485 6481
f 6481 6485 6482
f 6486 6487 6488
f 6488 6487 6484
f 6484 6487 6485
f 6489 6490 6486
f 6486 6490 6487
f 6491 6492 6489
f 6489 6492 6490
f 6491 6493 6492
f 6494 6493 6491
f 6495 6496 6497
f 6497 6496 6494
f 6494 6496 6493
f 6498 6499 6495
f 6495 6499 6496
f 6500 6501 6502
f 6502 6501 6498
f 6498 6501 6499
f 6500 6503 6501
f 6504 6503 6500
f 6504 6505 6503
f 6506 6505 6507
f 6507 6505 6504
f 6506 6508 6505
f 6509 6508 6506
f 6509 6510 6508
f 6511 6510 6509
f 6511 6512 6510
f 6513 6512 6511
f 6513 6514 6512
f 6515 6514 6513
f 6515 6516 6514
f 6517 6516 6518
f 6518 6516 6515
f 6517 6519 6516
f 6520 6519 6517
f 6520 6521 6519
f 6522 6521 6523
f 6523 6521 6520
f 6522 6524 6521
f 6525 6524 6522
f 6525 6526 6524
f 6527 6526 6528
f 6528 6526 6525
f 6527 6529 6526
f 6530 6529 6527
f 6531 6532 6533
f 6530 6532 6529
f 6533 6532 6530
f 6534 6535 6531
f 6531 6535 6532
f 6536 6537 6534
f 6534 6537 6535
f 6538 6539 6536
f 6536 6539 6537
f 6538 6540 6539
f 6541 6540 6542
f 6542 6540 6538
f 6541 6543 6540
f 6544 6543 6541
f 6544 6545 6543
f 6546 6545 6547
f 6547 6545 6544
f 6546 6548 6545
f 6549 6548 6546
f 6549 6550 6548
f 6551 6550 6552
f 6552 6550 6549
f 6551 6553 6550
f 6554 6553 6551
f 6554 6555 6553
f 6556 6555 6554
f 6556 6557 6555
f 6558 6557 6556
f 6558 6559 6557
f 6560 6559 6561
f 6561 6559 6558
f 6560 6562 6559
f 6563 6562 6560
f 6563 6564 6562
f 6565 6564 6566
f 6566 6564 6563
f 6565 6567 6564
f 6568 6567 6565
f 6568 6569 6567
f 6570 6569 6571
f 6571 6569 6568
f 6572 6573 6570
f 6570 6573 6569
f 6574 6575 6572
f 6572 6575 6573
f 6576 6577 6574
f 6574 6577 6575
f 6578 6579 6580
f 6580 6579 6576
f 6576 6579 6577
f 6581 6582 6578
f 6578 6582 6579
f 6583 6584 6585
f 6585 6584 6581
f 6581 6584 6582
f 6583 6586 6584
f 6587 6586 6583
f 6588 6589 6590
f 6590 6589 6587
f 6587 6589 6586
f 6591 6592 6588
f 6588 6592 6589
f 6591 6593 6592
f 6594 6593 6595
f 6595 6593 6591
f 6594 6596 6593
f 6597 6596 6594
f 6597 6598 6596
f 6599 6598 6597
f 6599 6600 6598
f 6601 6600 6599
f 6601 6602 6600
f 6603 6602 6604
f 6604 6602 6601
f 6603 6605 6602
f 6606 6605 6603
f 6606 6607 6605
f 6608 6607 6609
f 6609 6607 6606
f 6608 6610 6607
f 6611 6610 6608
f 6612 6613 6614
f 6614 6613 6611
f 6611 6613 6610
f 6612 6615 6613
f 6616 6615 6612
f 6617 6618 6616
f 6616 6618 6615
f 6619 6620 6617
f 6617 6620 6618
f 6621 6622 6619
f 6619 6622 6620
f 6623 6624 6625
f 6625 6624 6621
f 6621 6624 6622
f 6626 6627 6623
f 6623 6627 6624
f 6628 6629 6630
f 6630 6629 6626
f 6626 6629 6627
f 6628 6631 6629
f 6632 6631 6628
f 6633 6634 6635
f 6635 6634 6632
f 6632 6634 6631
f 6636 6637 6633
f 6633 6637 6634
f 6638 6639 6640
f 6640 6639 6636
f 6636 6639 6637
f 6638 6641 6639
f 6642 6641 6638
f 6642 6643 6641
f 6644 6643 6642
f 6644 6645 6643
f 6646 6645 6644
f 6646 6647 6645
f 6648 6647 6649
f 6649 6647 6646
f 6650 6651 6648
f 6648 6651 6647
f 6652 6653 6654
f 6654 6653 6650
f 6650 6653 6651
f 6652 6655 6653
f 6656 6655 6652
f 6657 6658 6659
f 6659 6658 6656
f 6656 6658 6655
f 6657 6660 6658
f 6661 6660 6657
f 6662 6663 6661
f 6661 6663 6660
f 6664 6665 6662
f 6662 6665 6663
f 6666 6667 6668
f 6668 6667 6664
f 6664 6667 6665
f 6669 6670 6666
f 6666 6670 6667
f 6671 6672 6673
f 6673 6672 6669
f 6669 6672 6670
f 6674 6675 6671
f 6671 6675 6672
f 6676 6677 6674
f 6674 6677 6675
f 6678 6677 6676
f 6678 6679 6677
f 6680 6679 6678
f 6680 6681 6679
f 6682 6681 6680
f 6682 6683 6681
f 6684 6683 6682
f 6684 6685 6683
f 6686 6685 6687
f 6687 6685 6684
f 6686 6688 6685
f 6689 6688 6686
f 6690 6691 6692
f 6692 6691 6689
f 6689 6691 6688
f 6693 6694 6690
f 6690 6694 6691
f 6693 6695 6694
f 6696 6695 6697
f 6697 6695 6693
f 6696 6698 6695
f 6699 6698 6696
f 6699 6700 6698
f 6701 6700 6702
f 6702 6700 6699
f 6701 6703 6700
f 6704 6703 6701
f 6704 6705 6703
f 6706 6705 6704
f 6706 5418 6705
f 6707 5418 6706
f 6707 5416 5418
f 6707 5413 5416
f 6708 5413 6707
f 6708 5411 5413
f 6709 5411 6708
f 6709 5407 5411
f 6710 5407 6709
f 6710 5405 5407
f 6711 5405 6710
f 6711 5400 5405
f 6712 5400 6711
f 6712 5399 5400
f 6713 5399 6712
f 6713 5397 5399
f 6714 5397 6713
f 6714 5395 5397
f 6715 5395 6714
f 6715 5393 5395
f 6716 5393 6715
f 6717 5391 6718
f 6718 5391 6716
f 6716 5391 5393
f 6719 5388 6717
f 6717 5388 5391
f 6720 5438 6719
f 6719 5438 5388
f 6720 5437 5438
f 6721 5436 6720
f 6720 5436 5437
f 6722 5434 6721
f 6721 5434 5436
f 6723 5433 6722
f 6722 5433 5434
f 6723 5431 5433
f 6724 5431 6723
f 6724 5429 5431
f 6725 5429 6724
f 6725 5427 5429
f 6726 5427 6725
f 6726 5425 5427
f 6727 5425 6728
f 6728 5425 6726
f 6727 5423 5425
f 6729 5423 6727
f 6729 5421 5423
f 6730 5421 6729
f 6730 5414 5421
f 6731 5414 6730
f 6731 5410 5414
f 6732 5410 6731
f 6732 5406 5410
f 5439 5406 6732
f 5439 5402 5406
f 5432 6733 6734
f 5430 6735 6733
f 5430 6733 5432
f 5435 6734 6736
f 5435 5432 6734
f 5428 6737 6735
f 5428 6735 5430
f 5389 6736 6738
f 5389 5435 6736
f 5426 6737 5428
f 5387 6738 6739
f 5387 5389 6738
f 5392 5387 6739
f 6740 5392 6739
f 5390 5392 6740
f 6741 5394 5390
f 6741 5390 6740
f 6742 5396 5394
f 6742 5394 6741
f 6743 5396 6742
f 5444 5449 6744
f 5450 5445 5447
f 5443 5445 5450
f 5445 6745 6746
f 5442 6747 5440
f 5440 6748 5443
f 5443 6748 5445
f 6747 6748 5440
f 5445 6749 6745
f 6748 6750 5445
f 6750 6751 5445
f 6752 6753 6754
f 6751 6755 5445
f 6749 6756 6752
f 5445 6756 6749
f 6752 6756 6753
f 6755 6757 5445
f 5445 6758 6756
f 6757 6758 5445
f 5445 6746 5446
f 6746 5453 5446
f 6746 5455 5453
f 6745 5455 6746
f 6745 5457 5455
f 6745 5459 5457
f 6749 5459 6745
f 6749 5461 5459
f 6752 5461 6749
f 6752 5463 5461
f 6752 5465 5463
f 6759 5465 6754
f 6754 5465 6752
f 6759 5467 5465
f 6760 5467 6759
f 6760 5469 5467
f 6761 5469 6760
f 6761 5472 5469
f 6761 5471 5472
f 6762 5471 6761
f 6762 5474 5471
f 6763 5474 6762
f 6763 5477 5474
f 6764 5477 6763
f 6764 5475 5477
f 6765 5475 6764
f 6765 5479 5475
f 6766 5479 6765
f 6766 5482 5479
f 6767 5482 6766
f 6767 5480 5482
f 6768 5480 6767
f 6768 5484 5480
f 6768 5486 5484
f 6769 5486 6768
f 6770 5488 6769
f 6769 5488 5486
f 6771 5491 6770
f 6770 5491 5488
f 6772 5490 6771
f 6771 5490 5491
f 6773 5493 6772
f 6772 5493 5490
f 6773 5496 5493
f 6774 5495 6773
f 6773 5495 5496
f 6775 5498 6774
f 6774 5498 5495
f 6775 5501 5498
f 6775 5500 5501
f 6776 5500 6775
f 6776 5503 5500
f 6777 5503 6776
f 6777 5505 5503
f 6777 5507 5505
f 6778 5507 6777
f 6778 5509 5507
f 6779 5509 6778
f 6779 5512 5509
f 6780 5512 6779
f 6780 5511 5512
f 6781 5511 6780
f 6781 5514 5511
f 6781 5517 5514
f 6782 5517 6781
f 6782 5515 5517
f 6783 5515 6782
f 6783 5520 5515
f 6783 5518 5520
f 6784 5518 6783
f 6784 5522 5518
f 6785 5522 6784
f 6785 5525 5522
f 6785 5523 5525
f 6786 5523 6785
f 6786 5526 5523
f 6787 5526 6786
f 6787 5528 5526
f 6788 5530 6787
f 6787 5530 5528
f 6789 5533 6788
f 6788 5533 5530
f 6790 5536 6789
f 6789 5536 5533
f 6791 5535 6790
f 6790 5535 5536
f 6791 5538 5535
f 6792 5541 6791
f 6791 5541 5538
f 6793 5540 6792
f 6792 5540 5541
f 6793 5543 5540
f 6794 5546 6793
f 6793 5546 5543
f 6795 5545 6794
f 6794 5545 5546
f 6795 5548 5545
f 6795 5550 5548
f 6796 5550 6795
f 6796 5552 5550
f 6797 5552 6796
f 6797 5555 5552
f 6798 5555 6797
f 6798 5553 5555
f 6799 5553 6798
f 6799 5556 5553
f 6799 5560 5556
f 6800 5560 6799
f 6800 5558 5560
f 6801 5558 6800
f 6801 5562 5558
f 6801 5565 5562
f 6802 5565 6801
f 6802 5563 5565
f 6803 5563 6802
f 6803 5566 5563
f 6803 5570 5566
f 6804 5570 6803
f 6804 5568 5570
f 6805 5568 6804
f 6806 5574 6805
f 6805 5574 5568
f 6807 5572 6806
f 6806 5572 5574
f 6807 5575 5572
f 6808 5579 6807
f 6807 5579 5575
f 6809 5577 6808
f 6808 5577 5579
f 6809 5580 5577
f 6810 5584 6809
f 6809 5584 5580
f 6811 5582 6810
f 6810 5582 5584
f 6811 5585 5582
f 6812 5589 6811
f 6811 5589 5585
f 6813 5588 6812
f 6812 5588 5589
f 6813 5591 5588
f 6814 5592 6813
f 6813 5592 5591
f 6815 5594 6814
f 6814 5594 5592
f 6816 5598 6815
f 6815 5598 5594
f 6817 5596 6816
f 6816 5596 5598
f 6818 5600 6817
f 6817 5600 5596
f 6818 5603 5600
f 6819 5601 6818
f 6818 5601 5603
f 6819 5604 5601
f 6820 5604 6819
f 6820 5608 5604
f 6820 5606 5608
f 6821 5606 6820
f 6821 5609 5606
f 6822 5609 6821
f 6822 5611 5609
f 6823 5613 6822
f 6822 5613 5611
f 6824 5615 6823
f 6823 5615 5613
f 6825 5619 6824
f 6824 5619 5615
f 6826 5617 6825
f 6825 5617 5619
f 6826 5620 5617
f 6827 5624 6826
f 6826 5624 5620
f 6828 5622 6827
f 6827 5622 5624
f 6828 5627 5622
f 6829 5625 6828
f 6828 5625 5627
f 6830 5628 6829
f 6829 5628 5625
f 6830 5630 5628
f 6831 5632 6830
f 6830 5632 5630
f 6832 5634 6831
f 6831 5634 5632
f 6832 5636 5634
f 6833 5638 6832
f 6832 5638 5636
f 6834 5640 6833
f 6833 5640 5638
f 6835 5643 6834
f 6834 5643 5640
f 6836 5642 6835
f 6835 5642 5643
f 6836 5645 5642
f 6837 5648 6836
f 6836 5648 5645
f 6838 5647 6837
f 6837 5647 5648
f 6838 5650 5647
f 6838 5653 5650
f 6839 5653 6838
f 6839 5652 5653
f 6840 5652 6839
f 6840 5655 5652
f 6841 5657 6840
f 6840 5657 5655
f 6842 5659 6841
f 6841 5659 5657
f 6843 5662 6842
f 6842 5662 5659
f 6844 5661 6843
f 6843 5661 5662
f 6844 5664 5661
f 6845 5667 6844
f 6844 5667 5664
f 6846 5666 6845
f 6845 5666 5667
f 6846 5669 5666
f 6847 5672 6846
f 6846 5672 5669
f 6847 5670 5672
f 6848 5670 6847
f 6848 5674 5670
f 6848 5677 5674
f 6849 5677 6848
f 6849 5675 5677
f 6850 5675 6849
f 6850 5681 5675
f 6851 5681 6850
f 6851 5679 5681
f 6852 5679 6851
f 6852 5683 5679
f 6852 5686 5683
f 6853 5686 6852
f 6853 5685 5686
f 6854 5685 6853
f 6854 5688 5685
f 6854 5691 5688
f 6855 5691 6854
f 6855 5690 5691
f 6856 5690 6855
f 6856 5693 5690
f 6856 5696 5693
f 6857 5696 6856
f 6858 5695 6857
f 6857 5695 5696
f 6858 5698 5695
f 6859 5700 6858
f 6858 5700 5698
f 6859 5702 5700
f 6860 5702 6859
f 6861 5705 6860
f 6860 5705 5702
f 6861 5704 5705
f 6862 5704 6861
f 6862 5707 5704
f 6863 5707 6862
f 6863 5710 5707
f 6864 5709 6863
f 6863 5709 5710
f 6864 5711 5709
f 6865 5711 6864
f 6865 5715 5711
f 6865 5714 5715
f 6866 5714 6865
f 6866 5717 5714
f 6867 5717 6866
f 6867 5718 5717
f 6867 5720 5718
f 6868 5720 6867
f 6868 5724 5720
f 6869 5724 6868
f 6869 5722 5724
f 6870 5722 6869
f 6870 5725 5722
f 6871 5725 6870
f 6871 5729 5725
f 6871 5727 5729
f 6872 5727 6871
f 6872 5730 5727
f 6873 5730 6872
f 6873 5734 5730
f 6873 5732 5734
f 6874 5732 6873
f 6874 5735 5732
f 6875 5735 6874
f 6875 5739 5735
f 6876 5738 6875
f 6875 5738 5739
f 6877 5741 6876
f 6876 5741 5738
f 6877 5743 5741
f 6878 5745 6877
f 6877 5745 5743
f 6879 5747 6878
f 6878 5747 5745
f 6879 5750 5747
f 6880 5750 6879
f 6881 5748 6880
f 6880 5748 5750
f 6881 5752 5748
f 6882 5755 6881
f 6881 5755 5752
f 6882 5753 5755
f 6883 5753 6882
f 6883 5757 5753
f 6883 5760 5757
f 6884 5760 6883
f 6884 5758 5760
f 6885 5758 6884
f 6885 5761 5758
f 6885 5763 5761
f 6886 5763 6885
f 6886 5765 5763
f 6887 5765 6886
f 6887 5769 5765
f 6888 5769 6887
f 6888 5767 5769
f 6889 5767 6888
f 6889 5770 5767
f 6889 5774 5770
f 6890 5774 6889
f 6890 5772 5774
f 6891 5772 6890
f 6891 5775 5772
f 6891 5779 5775
f 6892 5779 6891
f 6892 5777 5779
f 6893 5777 6892
f 6893 5780 5777
f 6894 5784 6893
f 6893 5784 5780
f 6895 5782 6894
f 6894 5782 5784
f 6896 5788 6895
f 6895 5788 5782
f 6897 5787 6896
f 6896 5787 5788
f 6897 5790 5787
f 6898 5793 6897
f 6897 5793 5790
f 6899 5791 6898
f 6898 5791 5793
f 6899 5794 5791
f 6900 5798 6899
f 6899 5798 5794
f 6901 5796 6900
f 6900 5796 5798
f 6901 5799 5796
f 6902 5803 6901
f 6901 5803 5799
f 6902 5801 5803
f 6903 5801 6902
f 6903 5804 5801
f 6904 5807 6903
f 6903 5807 5804
f 6904 5809 5807
f 6905 5809 6904
f 6905 5812 5809
f 6906 5812 6905
f 6906 5811 5812
f 6907 5811 6906
f 6907 5814 5811
f 6908 5814 6907
f 6908 5817 5814
f 6908 5816 5817
f 6909 5816 6908
f 6909 5819 5816
f 6910 5819 6909
f 6910 5822 5819
f 6910 5821 5822
f 6911 5821 6910
f 6912 5824 6911
f 6911 5824 5821
f 6912 5826 5824
f 6913 5827 6912
f 6912 5827 5826
f 6914 5831 6913
f 6913 5831 5827
f 6915 5829 6914
f 6914 5829 5831
f 6916 5832 6915
f 6915 5832 5829
f 6916 5836 5832
f 6917 5835 6916
f 6916 5835 5836
f 6918 5838 6917
f 6917 5838 5835
f 6918 5841 5838
f 6919 5840 6918
f 6918 5840 5841
f 6920 5843 6919
f 6919 5843 5840
f 6920 5846 5843
f 6921 5845 6920
f 6920 5845 5846
f 6922 5848 6921
f 6921 5848 5845
f 6922 5850 5848
f 6923 5852 6922
f 6922 5852 5850
f 6924 5854 6923
f 6923 5854 5852
f 6925 5857 6924
f 6924 5857 5854
f 6925 5856 5857
f 6926 5856 6925
f 6926 5859 5856
f 6926 5862 5859
f 6927 5862 6926
f 6927 5861 5862
f 6928 5861 6927
f 6928 5864 5861
f 6929 5867 6928
f 6928 5867 5864
f 6930 5866 6929
f 6929 5866 5867
f 6930 5869 5866
f 6931 5870 6930
f 6930 5870 5869
f 6931 5872 5870
f 6932 5872 6931
f 6933 5876 6932
f 6932 5876 5872
f 6934 5874 6933
f 6933 5874 5876
f 6934 5878 5874
f 6935 5881 6934
f 6934 5881 5878
f 6936 5879 6935
f 6935 5879 5881
f 6936 5882 5879
f 6937 5886 6936
f 6936 5886 5882
f 6938 5885 6937
f 6937 5885 5886
f 6938 5888 5885
f 6939 5891 6938
f 6938 5891 5888
f 6940 5890 6939
f 6939 5890 5891
f 6941 5893 6940
f 6940 5893 5890
f 6942 5895 6941
f 6941 5895 5893
f 6942 5897 5895
f 6943 5900 6942
f 6942 5900 5897
f 6944 5899 6943
f 6943 5899 5900
f 6944 5902 5899
f 6945 5905 6944
f 6944 5905 5902
f 6946 5904 6945
f 6945 5904 5905
f 6946 5906 5904
f 6947 5910 6946
f 6946 5910 5906
f 6948 5908 6947
f 6947 5908 5910
f 6948 5912 5908
f 6948 5913 5912
f 6949 5913 6948
f 6949 5915 5913
f 6950 5915 6949
f 6950 5919 5915
f 6951 5919 6950
f 6951 5917 5919
f 6952 5917 6951
f 6952 5921 5917
f 6953 5921 6952
f 6953 5924 5921
f 6953 5922 5924
f 6954 5922 6953
f 6954 5925 5922
f 6955 5925 6954
f 6955 5929 5925
f 6955 5927 5929
f 6956 5927 6955
f 6956 5931 5927
f 6957 5931 6956
f 6957 5932 5931
f 6957 5935 5932
f 6958 5935 6957
f 6958 5938 5935
f 6959 5938 6958
f 6959 5937 5938
f 6960 5937 6959
f 6960 5940 5937
f 6961 5940 6960
f 6961 5943 5940
f 6961 5942 5943
f 6962 5942 6961
f 6962 5945 5942
f 6963 5945 6962
f 6963 5948 5945
f 6964 5946 6963
f 6963 5946 5948
f 6964 5949 5946
f 6965 5949 6964
f 6965 5953 5949
f 6966 5951 6965
f 6965 5951 5953
f 6967 5955 6966
f 6966 5955 5951
f 6967 5956 5955
f 6967 5958 5956
f 6968 5958 6967
f 6968 5960 5958
f 6969 5960 6968
f 6969 5964 5960
f 6970 5964 6969
f 6970 5962 5964
f 6971 5962 6970
f 6971 5965 5962
f 6971 5969 5965
f 6972 5969 6971
f 6972 5967 5969
f 6973 5967 6972
f 6973 5970 5967
f 6973 5974 5970
f 6974 5974 6973
f 6974 5972 5974
f 6975 5972 6974
f 6975 5975 5972
f 6975 5977 5975
f 6976 5977 6975
f 6976 5979 5977
f 6977 5979 6976
f 6977 5983 5979
f 6978 5983 6977
f 6978 5982 5983
f 6979 5982 6978
f 6979 5985 5982
f 6979 5988 5985
f 6980 5988 6979
f 6980 5987 5988
f 6981 5987 6980
f 6981 5990 5987
f 6982 5993 6981
f 6981 5993 5990
f 6982 5992 5993
f 6983 5992 6982
f 6983 5995 5992
f 6984 5998 6983
f 6983 5998 5995
f 6985 5997 6984
f 6984 5997 5998
f 6986 6000 6985
f 6985 6000 5997
f 6987 6002 6986
f 6986 6002 6000
f 6987 6004 6002
f 6988 6007 6987
f 6987 6007 6004
f 6988 6006 6007
f 6989 6006 6988
f 6989 6009 6006
f 6990 6012 6989
f 6989 6012 6009
f 6990 6011 6012
f 6991 6011 6990
f 6991 6014 6011
f 6991 6017 6014
f 6992 6017 6991
f 6992 6016 6017
f 6993 6016 6992
f 6993 6019 6016
f 6993 6021 6019
f 6994 6021 6993
f 6994 6023 6021
f 6995 6023 6994
f 6995 6026 6023
f 6996 6026 6995
f 6996 6024 6026
f 6997 6024 6996
f 6997 6027 6024
f 6998 6027 6997
f 6998 6031 6027
f 6998 6029 6031
f 6999 6029 6998
f 7000 6032 6999
f 6999 6032 6029
f 7000 6036 6032
f 7001 6034 7000
f 7000 6034 6036
f 7002 6038 7001
f 7001 6038 6034
f 7002 6040 6038
f 7003 6042 7002
f 7002 6042 6040
f 7004 6045 7003
f 7003 6045 6042
f 7005 6044 7004
f 7004 6044 6045
f 7006 6047 7005
f 7005 6047 6044
f 7006 6050 6047
f 7007 6049 7006
f 7006 6049 6050
f 7008 6052 7007
f 7007 6052 6049
f 7008 6055 6052
f 7009 6054 7008
f 7008 6054 6055
f 7010 6057 7009
f 7009 6057 6054
f 7010 6060 6057
f 7010 6059 6060
f 7011 6059 7010
f 7011 6062 6059
f 7012 6062 7011
f 7012 6063 6062
f 7012 6065 6063
f 7013 6065 7012
f 7013 6067 6065
f 7014 6067 7013
f 7014 6071 6067
f 7015 6071 7014
f 7015 6069 6071
f 7016 6069 7015
f 7016 6072 6069
f 7017 6076 7016
f 7016 6076 6072
f 7017 6074 6076
f 7018 6074 7017
f 7018 6078 6074
f 7019 6081 7018
f 7018 6081 6078
f 7020 6079 7019
f 7019 6079 6081
f 7020 6083 6079
f 7021 6084 7020
f 7020 6084 6083
f 7022 6087 7021
f 7021 6087 6084
f 7023 6090 7022
f 7022 6090 6087
f 7024 6089 7023
f 7023 6089 6090
f 7024 6092 6089
f 7025 6095 7024
f 7024 6095 6092
f 7026 6094 7025
f 7025 6094 6095
f 7026 6097 6094
f 7027 6100 7026
f 7026 6100 6097
f 7028 6099 7027
f 7027 6099 6100
f 7028 6102 6099
f 7029 6105 7028
f 7028 6105 6102
f 7030 6103 7029
f 7029 6103 6105
f 7031 6107 7030
f 7030 6107 6103
f 7031 6108 6107
f 7032 6108 7031
f 7032 6110 6108
f 7033 6114 7032
f 7032 6114 6110
f 7034 6112 7033
f 7033 6112 6114
f 7034 6115 6112
f 7035 6119 7034
f 7034 6119 6115
f 7035 6117 6119
f 7036 6117 7035
f 7036 6121 6117
f 7037 6124 7036
f 7036 6124 6121
f 7038 6122 7037
f 7037 6122 6124
f 7038 6125 6122
f 7039 6127 7038
f 7038 6127 6125
f 7040 6129 7039
f 7039 6129 6127
f 7041 6133 7040
f 7040 6133 6129
f 7042 6131 7041
f 7041 6131 6133
f 7042 6134 6131
f 7043 6138 7042
f 7042 6138 6134
f 7044 6136 7043
f 7043 6136 6138
f 7044 6139 6136
f 7045 6143 7044
f 7044 6143 6139
f 7046 6141 7045
f 7045 6141 6143
f 7046 6145 6141
f 7047 6147 7046
f 7046 6147 6145
f 7048 6148 7047
f 7047 6148 6147
f 7049 6152 7048
f 7048 6152 6148
f 7049 6150 6152
f 7050 6150 7049
f 7050 6153 6150
f 7051 6153 7050
f 7051 6157 6153
f 7051 6156 6157
f 7052 6156 7051
f 7052 6159 6156
f 7053 6159 7052
f 7053 6162 6159
f 7053 6161 6162
f 7054 6161 7053
f 7054 6164 6161
f 7055 6164 7054
f 7055 6167 6164
f 7055 6166 6167
f 7056 6166 7055
f 7056 6169 6166
f 7057 6169 7056
f 7057 6171 6169
f 7057 6173 6171
f 7058 6173 7057
f 7058 6175 6173
f 7059 6175 7058
f 7059 6178 6175
f 7060 6178 7059
f 7060 6177 6178
f 7061 6177 7060
f 7061 6180 6177
f 7061 6183 6180
f 7062 6183 7061
f 7062 6181 6183
f 7063 6181 7062
f 7063 6186 6181
f 7063 6184 6186
f 7064 6184 7063
f 7064 6188 6184
f 7065 6188 7064
f 7065 6190 6188
f 7065 6192 6190
f 7066 6192 7065
f 7066 6194 6192
f 7067 6194 7066
f 7067 6197 6194
f 7068 6197 7067
f 7069 6196 7068
f 7068 6196 6197
f 7069 6199 6196
f 7070 6202 7069
f 7069 6202 6199
f 7070 6201 6202
f 7071 6201 7070
f 7071 6204 6201
f 7072 6207 7071
f 7071 6207 6204
f 7073 6206 7072
f 7072 6206 6207
f 7073 6209 6206
f 7073 6212 6209
f 7074 6212 7073
f 7074 6211 6212
f 7075 6211 7074
f 7075 6214 6211
f 7076 6214 7075
f 7076 6216 6214
f 7077 6216 7076
f 7077 6218 6216
f 7077 6221 6218
f 7078 6221 7077
f 7078 6219 6221
f 7079 6219 7078
f 7079 6222 6219
f 7079 6226 6222
f 7080 6226 7079
f 7080 6224 6226
f 7081 6224 7080
f 7081 6227 6224
f 7081 6231 6227
f 7082 6231 7081
f 7082 6229 6231
f 7083 6229 7082
f 7083 6233 6229
f 7083 6234 6233
f 7084 6234 7083
f 7084 6236 6234
f 7085 6236 7084
f 7085 6240 6236
f 7086 6240 7085
f 7087 6239 7086
f 7086 6239 6240
f 7087 6242 6239
f 7088 6245 7087
f 7087 6245 6242
f 7088 6244 6245
f 7089 6244 7088
f 7089 6247 6244
f 7090 6250 7089
f 7089 6250 6247
f 7091 6249 7090
f 7090 6249 6250
f 7091 6252 6249
f 7092 6254 7091
f 7091 6254 6252
f 7093 6256 7092
f 7092 6256 6254
f 7094 6259 7093
f 7093 6259 6256
f 7095 6257 7094
f 7094 6257 6259
f 7095 6260 6257
f 7096 6260 7095
f 7096 6264 6260
f 7096 6262 6264
f 7097 6262 7096
f 7097 6266 6262
f 7098 6266 7097
f 7098 6269 6266
f 7098 6267 6269
f 7099 6267 7098
f 7099 6271 6267
f 7100 6271 7099
f 7100 6274 6271
f 7100 6272 6274
f 7101 6272 7100
f 7101 6275 6272
f 7102 6275 7101
f 7102 6277 6275
f 7102 6279 6277
f 7103 6279 7102
f 7104 6281 7103
f 7103 6281 6279
f 7105 6285 7104
f 7104 6285 6281
f 7106 6283 7105
f 7105 6283 6285
f 7106 6288 6283
f 7107 6287 7106
f 7106 6287 6288
f 7108 6290 7107
f 7107 6290 6287
f 7108 6293 6290
f 7109 6292 7108
f 7108 6292 6293
f 7110 6295 7109
f 7109 6295 6292
f 7110 6297 6295
f 7111 6298 7110
f 7110 6298 6297
f 7112 6300 7111
f 7111 6300 6298
f 7113 6304 7112
f 7112 6304 6300
f 7114 6302 7113
f 7113 6302 6304
f 7114 6305 6302
f 7115 6309 7114
f 7114 6309 6305
f 7116 6307 7115
f 7115 6307 6309
f 7116 6310 6307
f 7117 6314 7116
f 7116 6314 6310
f 7117 6313 6314
f 7118 6313 7117
f 7118 6315 6313
f 7118 6319 6315
f 7119 6319 7118
f 7119 6317 6319
f 7120 6317 7119
f 7120 6320 6317
f 7121 6320 7120
f 7122 6322 7121
f 7121 6322 6320
f 7122 6324 6322
f 7123 6328 7122
f 7122 6328 6324
f 7123 6326 6328
f 7124 6326 7123
f 7124 6330 6326
f 7125 6333 7124
f 7124 6333 6330
f 7126 6332 7125
f 7125 6332 6333
f 7126 6335 6332
f 7127 6338 7126
f 7126 6338 6335
f 7128 6336 7127
f 7127 6336 6338
f 7128 6339 6336
f 7129 6342 7128
f 7128 6342 6339
f 7130 6344 7129
f 7129 6344 6342
f 7131 6347 7130
f 7130 6347 6344
f 7132 6346 7131
f 7131 6346 6347
f 7132 6349 6346
f 7133 6352 7132
f 7132 6352 6349
f 7134 6351 7133
f 7133 6351 6352
f 7134 6354 6351
f 7135 6357 7134
f 7134 6357 6354
f 7136 6356 7135
f 7135 6356 6357
f 7136 6359 6356
f 7136 6361 6359
f 7137 6361 7136
f 7137 6363 6361
f 7138 6363 7137
f 7139 6366 7138
f 7138 6366 6363
f 7140 6365 7139
f 7139 6365 6366
f 7141 6368 7140
f 7140 6368 6365
f 7141 6371 6368
f 7142 6370 7141
f 7141 6370 6371
f 7143 6373 7142
f 7142 6373 6370
f 7143 6376 6373
f 7144 6375 7143
f 7143 6375 6376
f 7145 6377 7144
f 7144 6377 6375
f 7145 6381 6377
f 7146 6379 7145
f 7145 6379 6381
f 7147 6382 7146
f 7146 6382 6379
f 7147 6384 6382
f 7148 6386 7147
f 7147 6386 6384
f 7149 6388 7148
f 7148 6388 6386
f 7150 6392 7149
f 7149 6392 6388
f 7150 6391 6392
f 7151 6391 7150
f 7151 6395 6391
f 7151 6394 6395
f 7152 6394 7151
f 7152 6397 6394
f 7153 6397 7152
f 7153 6400 6397
f 7153 6399 6400
f 7154 6399 7153
f 7154 6402 6399
f 7155 6402 7154
f 7155 6404 6402
f 7155 6406 6404
f 7156 6406 7155
f 7157 6408 7156
f 7156 6408 6406
f 7157 6411 6408
f 7158 6411 7157
f 7158 6410 6411
f 7159 6410 7158
f 7159 6413 6410
f 7160 6416 7159
f 7159 6416 6413
f 7160 6414 6416
f 7161 6414 7160
f 7161 6417 6414
f 7161 6421 6417
f 7162 6421 7161
f 7162 6419 6421
f 7163 6419 7162
f 7163 6423 6419
f 7163 6426 6423
f 7164 6426 7163
f 7164 6424 6426
f 7165 6424 7164
f 7165 6427 6424
f 7166 6427 7165
f 7166 6429 6427
f 7167 6429 7166
f 7167 6431 6429
f 7167 6435 6431
f 7168 6435 7167
f 7168 6433 6435
f 7169 6433 7168
f 7169 6437 6433
f 7169 6440 6437
f 7170 6440 7169
f 7170 6438 6440
f 7171 6438 7170
f 7171 6442 6438
f 7171 6445 6442
f 7172 6445 7171
f 7172 6444 6445
f 7173 6444 7172
f 7173 6447 6444
f 7174 6449 7173
f 7173 6449 6447
f 7174 6451 6449
f 7175 6451 7174
f 7175 6454 6451
f 7176 6454 7175
f 7176 6453 6454
f 7177 6453 7176
f 7177 6455 6453
f 7178 6459 7177
f 7177 6459 6455
f 7179 6457 7178
f 7178 6457 6459
f 7179 6461 6457
f 7179 6464 6461
f 7180 6464 7179
f 7180 6462 6464
f 7181 6462 7180
f 7181 6465 6462
f 7181 6467 6465
f 7182 6467 7181
f 7182 6469 6467
f 7183 6469 7182
f 7183 6473 6469
f 7184 6473 7183
f 7184 6471 6473
f 7185 6471 7184
f 7185 6474 6471
f 7186 6474 7185
f 7186 6478 6474
f 7186 6476 6478
f 7187 6476 7186
f 7187 6479 6476
f 7188 6479 7187
f 7188 6483 6479
f 7188 6481 6483
f 7189 6481 7188
f 7189 6484 6481
f 7190 6484 7189
f 7190 6488 6484
f 7190 6486 6488
f 7191 6486 7190
f 7192 6489 7191
f 7191 6489 6486
f 7192 6491 6489
f 7193 6494 7192
f 7192 6494 6491
f 7194 6497 7193
f 7193 6497 6494
f 7195 6495 7194
f 7194 6495 6497
f 7196 6498 7195
f 7195 6498 6495
f 7196 6502 6498
f 7197 6500 7196
f 7196 6500 6502
f 7198 6504 7197
f 7197 6504 6500
f 7198 6507 6504
f 7199 6506 7198
f 7198 6506 6507
f 7200 6509 7199
f 7199 6509 6506
f 7200 6511 6509
f 7200 6513 6511
f 7201 6513 7200
f 7201 6515 6513
f 7202 6515 7201
f 7202 6518 6515
f 7203 6518 7202
f 7203 6517 6518
f 7204 6517 7203
f 7204 6520 6517
f 7204 6523 6520
f 7205 6523 7204
f 7205 6522 6523
f 7206 6522 7205
f 7206 6525 6522
f 7206 6528 6525
f 7207 6528 7206
f 7207 6527 6528
f 7208 6527 7207
f 7208 6530 6527
f 7208 6533 6530
f 7209 6533 7208
f 7210 6531 7209
f 7209 6531 6533
f 7210 6534 6531
f 7211 6534 7210
f 7211 6536 6534
f 7212 6536 7211
f 7212 6538 6536
f 7213 6542 7212
f 7212 6542 6538
f 7214 6541 7213
f 7213 6541 6542
f 7214 6544 6541
f 7215 6547 7214
f 7214 6547 6544
f 7216 6546 7215
f 7215 6546 6547
f 7216 6549 6546
f 7217 6552 7216
f 7216 6552 6549
f 7218 6551 7217
f 7217 6551 6552
f 7218 6554 6551
f 7219 6556 7218
f 7218 6556 6554
f 7220 6558 7219
f 7219 6558 6556
f 7221 6561 7220
f 7220 6561 6558
f 7222 6560 7221
f 7221 6560 6561
f 7222 6563 6560
f 7223 6566 7222
f 7222 6566 6563
f 7223 6565 6566
f 7224 6565 7223
f 7224 6568 6565
f 7224 6571 6568
f 7225 6571 7224
f 7225 6570 6571
f 7226 6570 7225
f 7226 6572 6570
f 7227 6574 7226
f 7226 6574 6572
f 7227 6576 6574
f 7228 6576 7227
f 7228 6580 6576
f 7229 6580 7228
f 7230 6578 7229
f 7229 6578 6580
f 7231 6581 7230
f 7230 6581 6578
f 7231 6585 6581
f 7232 6583 7231
f 7231 6583 6585
f 7233 6587 7232
f 7232 6587 6583
f 7233 6590 6587
f 7234 6588 7233
f 7233 6588 6590
f 7235 6591 7234
f 7234 6591 6588
f 7235 6595 6591
f 7236 6594 7235
f 7235 6594 6595
f 7237 6597 7236
f 7236 6597 6594
f 7237 6599 6597
f 7238 6601 7237
f 7237 6601 6599
f 7239 6604 7238
f 7238 6604 6601
f 7240 6603 7239
f 7239 6603 6604
f 7241 6606 7240
f 7240 6606 6603
f 7241 6609 6606
f 7242 6608 7241
f 7241 6608 6609
f 7243 6611 7242
f 7242 6611 6608
f 7243 6614 6611
f 7243 6612 6614
f 7244 6612 7243
f 7244 6616 6612
f 7245 6616 7244
f 7245 6617 6616
f 7246 6619 7245
f 7245 6619 6617
f 7247 6621 7246
f 7246 6621 6619
f 7248 6625 7247
f 7247 6625 6621
f 7249 6623 7248
f 7248 6623 6625
f 7249 6626 6623
f 7250 6630 7249
f 7249 6630 6626
f 7251 6628 7250
f 7250 6628 6630
f 7251 6632 6628
f 7251 6635 6632
f 7252 6635 7251
f 7252 6633 6635
f 7253 6633 7252
f 7253 6636 6633
f 7253 6640 6636
f 7254 6640 7253
f 7254 6638 6640
f 7255 6638 7254
f 7255 6642 6638
f 7256 6642 7255
f 7256 6644 6642
f 7257 6644 7256
f 7257 6646 6644
f 7257 6649 6646
f 7258 6649 7257
f 7258 6648 6649
f 7259 6648 7258
f 7259 6650 6648
f 7259 6654 6650
f 7260 6654 7259
f 7260 6652 6654
f 7261 6652 7260
f 7261 6656 6652
f 7262 6659 7261
f 7261 6659 6656
f 7263 6657 7262
f 7262 6657 6659
f 7263 6661 6657
f 7264 6662 7263
f 7263 6662 6661
f 7264 6664 6662
f 7265 6664 7264
f 7265 6668 6664
f 7266 6668 7265
f 7266 6666 6668
f 7267 6666 7266
f 7267 6669 6666
f 7267 6673 6669
f 7268 6673 7267
f 7268 6671 6673
f 7269 6671 7268
f 7269 6674 6671
f 7269 6676 6674
f 7270 6676 7269
f 7270 6678 6676
f 7271 6678 7270
f 7271 6680 6678
f 7271 6682 6680
f 7272 6682 7271
f 7272 6684 6682
f 7273 6684 7272
f 7273 6687 6684
f 7274 6687 7273
f 7274 6686 6687
f 7275 6686 7274
f 7275 6689 6686
f 7276 6689 7275
f 7276 6692 6689
f 7276 6690 6692
f 7277 6690 7276
f 7277 6693 6690
f 7278 6693 7277
f 7278 6697 6693
f 7278 6696 6697
f 7279 6696 7278
f 7280 6699 7279
f 7279 6699 6696
f 7280 6702 6699
f 7280 6701 6702
f 7281 6701 7280
f 7282 6704 7281
f 7281 6704 6701
f 7282 6706 6704
f 7283 6707 7282
f 7282 6707 6706
f 7284 6708 7283
f 7283 6708 6707
f 7285 6709 7284
f 7284 6709 6708
f 7286 6710 7285
f 7285 6710 6709
f 7286 6711 6710
f 7287 6712 7286
f 7286 6712 6711
f 7287 6713 6712
f 7288 6713 7287
f 7288 6714 6713
f 7288 6715 6714
f 7289 6715 7288
f 7289 6716 6715
f 7290 6716 7289
f 7290 6718 6716
f 7290 6717 6718
f 7291 6717 7290
f 7291 6719 6717
f 7292 6719 7291
f 7292 6720 6719
f 7293 6720 7292
f 7293 6721 6720
f 7294 6721 7293
f 7294 6722 6721
f 7294 6723 6722
f 7295 6723 7294
f 7295 6724 6723
f 7296 6724 7295
f 7296 6725 6724
f 7296 6726 6725
f 7297 6726 7296
f 7298 6728 7297
f 7297 6728 6726
f 7298 6727 6728
f 7299 6729 7298
f 7298 6729 6727
f 5417 6730 7299
f 7299 6730 6729
f 5415 6731 5417
f 5417 6731 6730
f 5412 6732 5415
f 5415 6732 6731
f 5408 5439 5412
f 5412 5439 6732
f 5417 6705 5418
f 5417 7299 6705
f 7299 6703 6705
f 7299 7298 6703
f 7298 6700 6703
f 7298 7297 6700
f 7297 6698 6700
f 7297 7296 6698
f 7296 6695 6698
f 7296 7295 6695
f 7295 6694 6695
f 7295 7294 6694
f 7294 6691 6694
f 7294 7293 6691
f 7293 6688 6691
f 7293 7292 6688
f 7291 6685 7292
f 7292 6685 6688
f 7291 6683 6685
f 7291 7290 6683
f 7290 6681 6683
f 7290 7289 6681
f 7289 6679 6681
f 7289 7288 6679
f 7288 6677 6679
f 7288 7287 6677
f 7287 6675 6677
f 7287 7286 6675
f 7286 6672 6675
f 7286 7285 6672
f 7285 6670 6672
f 7285 7284 6670
f 7284 6667 6670
f 7284 7283 6667
f 7282 6665 7283
f 7283 6665 6667
f 7282 6663 6665
f 7282 7281 6663
f 7281 6660 6663
f 7281 7280 6660
f 7280 6658 6660
f 7280 7279 6658
f 7279 6655 6658
f 7279 7278 6655
f 7278 6653 6655
f 7278 7277 6653
f 7277 6651 6653
f 7277 7276 6651
f 7276 6647 6651
f 7276 7275 6647
f 7275 6645 6647
f 7275 7274 6645
f 7273 6643 7274
f 7274 6643 6645
f 7273 6641 6643
f 7273 7272 6641
f 7272 6639 6641
f 7272 7271 6639
f 7271 6637 6639
f 7271 7270 6637
f 7270 6634 6637
f 7270 7269 6634
f 7269 6631 6634
f 7269 7268 6631
f 7268 6629 6631
f 7268 7267 6629
f 7267 6627 6629
f 7267 7266 6627
f 7266 6624 6627
f 7266 7265 6624
f 7264 6622 7265
f 7265 6622 6624
f 7264 6620 6622
f 7264 7263 6620
f 7263 6618 6620
f 7263 7262 6618
f 7262 6615 6618
f 7262 7261 6615
f 7261 6613 6615
f 7261 7260 6613
f 7260 6610 6613
f 7260 7259 6610
f 7259 6607 6610
f 7259 7258 6607
f 7258 6605 6607
f 7258 7257 6605
f 7257 6602 6605
f 7257 7256 6602
f 7255 6600 7256
f 7256 6600 6602
f 7255 6598 6600
f 7255 7254 6598
f 7254 6596 6598
f 7254 7253 6596
f 7253 6593 6596
f 7253 7252 6593
f 7252 6592 6593
f 7252 7251 6592
f 7251 6589 6592
f 7251 7250 6589
f 7250 6586 6589
f 7250 7249 6586
f 7249 6584 6586
f 7249 7248 6584
f 7248 6582 6584
f 7248 7247 6582
f 7246 6579 7247
f 7247 6579 6582
f 7246 6577 6579
f 7246 7245 6577
f 7245 6575 6577
f 7245 7244 6575
f 7244 6573 6575
f 7244 7243 6573
f 7243 6569 6573
f 7243 7242 6569
f 7242 6567 6569
f 7242 7241 6567
f 7241 6564 6567
f 7241 7240 6564
f 7240 6562 6564
f 7240 7239 6562
f 7239 6559 6562
f 7239 7238 6559
f 7237 6557 7238
f 7238 6557 6559
f 7237 6555 6557
f 7237 7236 6555
f 7236 6553 6555
f 7236 7235 6553
f 7235 6550 6553
f 7235 7234 6550
f 7234 6548 6550
f 7234 7233 6548
f 7233 6545 6548
f 7233 7232 6545
f 7232 6543 6545
f 7232 7231 6543
f 7231 6540 6543
f 7231 7230 6540
f 7230 6539 6540
f 7230 7229 6539
f 7228 6537 7229
f 7229 6537 6539
f 7228 6535 6537
f 7228 7227 6535
f 7227 6532 6535
f 7227 7226 6532
f 7226 6529 6532
f 7226 7225 6529
f 7225 6526 6529
f 7225 7224 6526
f 7224 6524 6526
f 7224 7223 6524
f 7223 6521 6524
f 7223 7222 6521
f 7222 6519 6521
f 7222 7221 6519
f 7221 6516 6519
f 7221 7220 6516
f 7219 6514 7220
f 7220 6514 6516
f 7219 6512 6514
f 7219 7218 6512
f 7218 6510 6512
f 7218 7217 6510
f 7217 6508 6510
f 7217 7216 6508
f 7216 6505 6508
f 7216 7215 6505
f 7215 6503 6505
f 7215 7214 6503
f 7214 6501 6503
f 7214 7213 6501
f 7213 6499 6501
f 7213 7212 6499
f 7212 6496 6499
f 7212 7211 6496
f 7210 6493 7211
f 7211 6493 6496
f 7210 6492 6493
f 7210 7209 6492
f 7209 6490 6492
f 7209 7208 6490
f 7208 6487 6490
f 7208 7207 6487
f 7207 6485 6487
f 7207 7206 6485
f 7206 6482 6485
f 7206 7205 6482
f 7205 6480 6482
f 7205 7204 6480
f 7204 6477 6480
f 7204 7203 6477
f 7203 6475 6477
f 7203 7202 6475
f 7201 6472 7202
f 7202 6472 6475
f 7201 6470 6472
f 7201 7200 6470
f 7200 6468 6470
f 7200 7199 6468
f 7199 6466 6468
f 7199 7198 6466
f 7198 6463 6466
f 7198 7197 6463
f 7197 6460 6463
f 7197 7196 6460
f 7196 6458 6460
f 7196 7195 6458
f 7195 6456 6458
f 7195 7194 6456
f 7194 6452 6456
f 7194 7193 6452
f 7192 6450 7193
f 7193 6450 6452
f 7192 6448 6450
f 7192 7191 6448
f 7191 6446 6448
f 7191 7190 6446
f 7190 6443 6446
f 7190 7189 6443
f 7189 6441 6443
f 7189 7188 6441
f 7188 6439 6441
f 7188 7187 6439
f 7187 6436 6439
f 7187 7186 6436
f 7186 6434 6436
f 7186 7185 6434
f 7185 6432 6434
f 7185 7184 6432
f 7183 6430 7184
f 7184 6430 6432
f 7183 6428 6430
f 7183 7182 6428
f 7182 6425 6428
f 7182 7181 6425
f 7181 6422 6425
f 7181 7180 6422
f 7180 6420 6422
f 7180 7179 6420
f 7179 6418 6420
f 7179 7178 6418
f 7178 6415 6418
f 7178 7177 6415
f 7177 6412 6415
f 7177 7176 6412
f 7176 6409 6412
f 7176 7175 6409
f 7174 6407 7175
f 7175 6407 6409
f 7174 6405 6407
f 7174 7173 6405
f 7173 6403 6405
f 7173 7172 6403
f 7172 6401 6403
f 7172 7171 6401
f 7171 6398 6401
f 7171 7170 6398
f 7170 6396 6398
f 7170 7169 6396
f 7169 6393 6396
f 7169 7168 6393
f 7168 6390 6393
f 7168 7167 6390
f 7167 6389 6390
f 7167 7166 6389
f 7165 6387 7166
f 7166 6387 6389
f 7165 6385 6387
f 7165 7164 6385
f 7164 6383 6385
f 7164 7163 6383
f 7163 6380 6383
f 7163 7162 6380
f 7162 6378 6380
f 7162 7161 6378
f 7161 6374 6378
f 7161 7160 6374
f 7160 6372 6374
f 7160 7159 6372
f 7159 6369 6372
f 7159 7158 6369
f 7158 6367 6369
f 7158 7157 6367
f 7156 6364 7157
f 7157 6364 6367
f 7156 6362 6364
f 7156 7155 6362
f 7155 6360 6362
f 7155 7154 6360
f 7154 6358 6360
f 7154 7153 6358
f 7153 6355 6358
f 7153 7152 6355
f 7152 6353 6355
f 7152 7151 6353
f 7151 6350 6353
f 7151 7150 6350
f 7150 6348 6350
f 7150 7149 6348
f 7149 6345 6348
f 7149 7148 6345
f 7147 6343 7148
f 7148 6343 6345
f 7147 6341 6343
f 7147 7146 6341
f 7146 6340 6341
f 7146 7145 6340
f 7145 6337 6340
f 7145 7144 6337
f 7144 6334 6337
f 7144 7143 6334
f 7143 6331 6334
f 7143 7142 6331
f 7142 6329 6331
f 7142 7141 6329
f 7141 6327 6329
f 7141 7140 6327
f 7140 6325 6327
f 7140 7139 6325
f 7138 6323 7139
f 7139 6323 6325
f 7138 6321 6323
f 7138 7137 6321
f 7137 6318 6321
f 7137 7136 6318
f 7136 6316 6318
f 7136 7135 6316
f 7135 6312 6316
f 7135 7134 6312
f 7134 6311 6312
f 7134 7133 6311
f 7133 6308 6311
f 7133 7132 6308
f 7132 6306 6308
f 7132 7131 6306
f 7131 6303 6306
f 7131 7130 6303
f 7129 6301 7130
f 7130 6301 6303
f 7129 6299 6301
f 7129 7128 6299
f 7128 6296 6299
f 7128 7127 6296
f 7127 6294 6296
f 7127 7126 6294
f 7126 6291 6294
f 7126 7125 6291
f 7125 6289 6291
f 7125 7124 6289
f 7124 6286 6289
f 7124 7123 6286
f 7123 6284 6286
f 7123 7122 6284
f 7122 6282 6284
f 7122 7121 6282
f 7120 6280 7121
f 7121 6280 6282
f 7120 6278 6280
f 7120 7119 6278
f 7119 6276 6278
f 7119 7118 6276
f 7118 6273 6276
f 7118 7117 6273
f 7117 6270 6273
f 7117 7116 6270
f 7116 6268 6270
f 7116 7115 6268
f 7115 6265 6268
f 7115 7114 6265
f 7114 6263 6265
f 7114 7113 6263
f 7113 6261 6263
f 7113 7112 6261
f 7111 6258 7112
f 7112 6258 6261
f 7111 6255 6258
f 7111 7110 6255
f 7110 6253 6255
f 7110 7109 6253
f 7109 6251 6253
f 7109 7108 6251
f 7108 6248 6251
f 7108 7107 6248
f 7107 6246 6248
f 7107 7106 6246
f 7106 6243 6246
f 7106 7105 6243
f 7105 6241 6243
f 7105 7104 6241
f 7104 6238 6241
f 7104 7103 6238
f 7102 6237 7103
f 7103 6237 6238
f 7102 6235 6237
f 7102 7101 6235
f 7101 6232 6235
f 7101 7100 6232
f 7100 6230 6232
f 7100 7099 6230
f 7099 6228 6230
f 7099 7098 6228
f 7098 6225 6228
f 7098 7097 6225
f 7097 6223 6225
f 7097 7096 6223
f 7096 6220 6223
f 7096 7095 6220
f 7095 6217 6220
f 7095 7094 6217
f 7093 6215 7094
f 7094 6215 6217
f 7093 6213 6215
f 7093 7092 6213
f 7092 6210 6213
f 7092 7091 6210
f 7091 6208 6210
f 7091 7090 6208
f 7090 6205 6208
f 7090 7089 6205
f 7089 6203 6205
f 7089 7088 6203
f 7088 6200 6203
f 7088 7087 6200
f 7087 6198 6200
f 7087 7086 6198
f 7086 6195 6198
f 7086 7085 6195
f 7084 6193 7085
f 7085 6193 6195
f 7084 6191 6193
f 7084 7083 6191
f 7083 6189 6191
f 7083 7082 6189
f 7082 6187 6189
f 7082 7081 6187
f 7081 6185 6187
f 7081 7080 6185
f 7080 6182 6185
f 7080 7079 6182
f 7079 6179 6182
f 7079 7078 6179
f 7078 6176 6179
f 7078 7077 6176
f 7077 6174 6176
f 7077 7076 6174
f 7075 6172 7076
f 7076 6172 6174
f 7075 6170 6172
f 7075 7074 6170
f 7074 6168 6170
f 7074 7073 6168
f 7073 6165 6168
f 7073 7072 6165
f 7072 6163 6165
f 7072 7071 6163
f 7071 6160 6163
f 7071 7070 6160
f 7070 6158 6160
f 7070 7069 6158
f 7069 6155 6158
f 7069 7068 6155
f 7068 6154 6155
f 7068 7067 6154
f 7066 6151 7067
f 7067 6151 6154
f 7066 6149 6151
f 7066 7065 6149
f 7065 6146 6149
f 7065 7064 6146
f 7064 6144 6146
f 7064 7063 6144
f 7063 6142 6144
f 7063 7062 6142
f 7062 6140 6142
f 7062 7061 6140
f 7061 6137 6140
f 7061 7060 6137
f 7060 6135 6137
f 7060 7059 6135
f 7059 6132 6135
f 7059 7058 6132
f 7057 6130 7058
f 7058 6130 6132
f 7057 6128 6130
f 7057 7056 6128
f 7056 6126 6128
f 7056 7055 6126
f 7055 6123 6126
f 7055 7054 6123
f 7054 6120 6123
f 7054 7053 6120
f 7053 6118 6120
f 7053 7052 6118
f 7052 6116 6118
f 7052 7051 6116
f 7051 6113 6116
f 7051 7050 6113
f 7050 6111 6113
f 7050 7049 6111
f 7048 6109 7049
f 7049 6109 6111
f 7048 6106 6109
f 7048 7047 6106
f 7047 6104 6106
f 7047 7046 6104
f 7046 6101 6104
f 7046 7045 6101
f 7045 6098 6101
f 7045 7044 6098
f 7044 6096 6098
f 7044 7043 6096
f 7043 6093 6096
f 7043 7042 6093
f 7042 6091 6093
f 7042 7041 6091
f 7041 6088 6091
f 7041 7040 6088
f 7039 6086 7040
f 7040 6086 6088
f 7039 6085 6086
f 7039 7038 6085
f 7038 6082 6085
f 7038 7037 6082
f 7037 6080 6082
f 7037 7036 6080
f 7036 6077 6080
f 7036 7035 6077
f 7035 6075 6077
f 7035 7034 6075
f 7034 6073 6075
f 7034 7033 6073
f 7033 6070 6073
f 7033 7032 6070
f 7032 6068 6070
f 7032 7031 6068
f 7030 6066 7031
f 7031 6066 6068
f 7030 6064 6066
f 7030 7029 6064
f 7029 6061 6064
f 7029 7028 6061
f 7028 6058 6061
f 7028 7027 6058
f 7027 6056 6058
f 7027 7026 6056
f 7026 6053 6056
f 7026 7025 6053
f 7025 6051 6053
f 7025 7024 6051
f 7024 6048 6051
f 7024 7023 6048
f 7023 6046 6048
f 7023 7022 6046
f 7021 6043 7022
f 7022 6043 6046
f 7021 6041 6043
f 7021 7020 6041
f 7020 6039 6041
f 7020 7019 6039
f 7019 6037 6039
f 7019 7018 6037
f 7018 6035 6037
f 7018 7017 6035
f 7017 6033 6035
f 7017 7016 6033
f 7016 6030 6033
f 7016 7015 6030
f 7015 6028 6030
f 7015 7014 6028
f 7014 6025 6028
f 7014 7013 6025
f 7012 6022 7013
f 7013 6022 6025
f 7012 6020 6022
f 7012 7011 6020
f 7011 6018 6020
f 7011 7010 6018
f 7010 6015 6018
f 7010 7009 6015
f 7009 6013 6015
f 7009 7008 6013
f 7008 6010 6013
f 7008 7007 6010
f 7007 6008 6010
f 7007 7006 6008
f 7006 6005 6008
f 7006 7005 6005
f 7005 6003 6005
f 7005 7004 6003
f 7003 6001 7004
f 7004 6001 6003
f 7003 5999 6001
f 7003 7002 5999
f 7002 5996 5999
f 7002 7001 5996
f 7001 5994 5996
f 7001 7000 5994
f 7000 5991 5994
f 7000 6999 5991
f 6999 5989 5991
f 6999 6998 5989
f 6998 5986 5989
f 6998 6997 5986
f 6997 5984 5986
f 6997 6996 5984
f 6996 5981 5984
f 6996 6995 5981
f 6994 5980 6995
f 6995 5980 5981
f 6994 5978 5980
f 6994 6993 5978
f 6993 5976 5978
f 6993 6992 5976
f 6992 5973 5976
f 6992 6991 5973
f 6991 5971 5973
f 6991 6990 5971
f 6990 5968 5971
f 6990 6989 5968
f 6989 5966 5968
f 6989 6988 5966
f 6988 5963 5966
f 6988 6987 5963
f 6987 5961 5963
f 6987 6986 5961
f 6985 5959 6986
f 6986 5959 5961
f 6985 5957 5959
f 6985 6984 5957
f 6984 5954 5957
f 6984 6983 5954
f 6983 5952 5954
f 6983 6982 5952
f 6982 5950 5952
f 6982 6981 5950
f 6981 5947 5950
f 6981 6980 5947
f 6980 5944 5947
f 6980 6979 5944
f 6979 5941 5944
f 6979 6978 5941
f 6978 5939 5941
f 6978 6977 5939
f 6976 5936 6977
f 6977 5936 5939
f 6976 5934 5936
f 6976 6975 5934
f 6975 5933 5934
f 6975 6974 5933
f 6974 5930 5933
f 6974 6973 5930
f 6973 5928 5930
f 6973 6972 5928
f 6972 5926 5928
f 6972 6971 5926
f 6971 5923 5926
f 6971 6970 5923
f 6970 5920 5923
f 6970 6969 5920
f 6969 5918 5920
f 6969 6968 5918
f 6967 5916 6968
f 6968 5916 5918
f 6967 5914 5916
f 6967 6966 5914
f 6966 5911 5914
f 6966 6965 5911
f 6965 5909 5911
f 6965 6964 5909
f 6964 5907 5909
f 6964 6963 5907
f 6963 5903 5907
f 6963 6962 5903
f 6962 5901 5903
f 6962 6961 5901
f 6961 5898 5901
f 6961 6960 5898
f 6960 5896 5898
f 6960 6959 5896
f 6958 5894 6959
f 6959 5894 5896
f 6958 5892 5894
f 6958 6957 5892
f 6957 5889 5892
f 6957 6956 5889
f 6956 5887 5889
f 6956 6955 5887
f 6955 5884 5887
f 6955 6954 5884
f 6954 5883 5884
f 6954 6953 5883
f 6953 5880 5883
f 6953 6952 5880
f 6952 5877 5880
f 6952 6951 5877
f 6951 5875 5877
f 6951 6950 5875
f 6949 5873 6950
f 6950 5873 5875
f 6949 5871 5873
f 6949 6948 5871
f 6948 5868 5871
f 6948 6947 5868
f 6947 5865 5868
f 6947 6946 5865
f 6946 5863 5865
f 6946 6945 5863
f 6945 5860 5863
f 6945 6944 5860
f 6944 5858 5860
f 6944 6943 5858
f 6943 5855 5858
f 6943 6942 5855
f 6942 5853 5855
f 6942 6941 5853
f 6940 5851 6941
f 6941 5851 5853
f 6940 5849 5851
f 6940 6939 5849
f 6939 5847 5849
f 6939 6938 5847
f 6938 5844 5847
f 6938 6937 5844
f 6937 5842 5844
f 6937 6936 5842
f 6936 5839 5842
f 6936 6935 5839
f 6935 5837 5839
f 6935 6934 5837
f 6934 5834 5837
f 6934 6933 5834
f 6933 5833 5834
f 6933 6932 5833
f 6931 5830 6932
f 6932 5830 5833
f 6931 5828 5830
f 6931 6930 5828
f 6930 5825 5828
f 6930 6929 5825
f 6929 5823 5825
f 6929 6928 5823
f 6928 5820 5823
f 6928 6927 5820
f 6927 5818 5820
f 6927 6926 5818
f 6926 5815 5818
f 6926 6925 5815
f 6925 5813 5815
f 6925 6924 5813
f 6924 5810 5813
f 6924 6923 5810
f 6922 5808 6923
f 6923 5808 5810
f 6922 5806 5808
f 6922 6921 5806
f 6921 5805 5806
f 6921 6920 5805
f 6920 5802 5805
f 6920 6919 5802
f 6919 5800 5802
f 6919 6918 5800
f 6918 5797 5800
f 6918 6917 5797
f 6917 5795 5797
f 6917 6916 5795
f 6916 5792 5795
f 6916 6915 5792
f 6915 5789 5792
f 6915 6914 5789
f 6913 5786 6914
f 6914 5786 5789
f 6913 5785 5786
f 6913 6912 5785
f 6912 5783 5785
f 6912 6911 5783
f 6911 5781 5783
f 6911 6910 5781
f 6910 5778 5781
f 6910 6909 5778
f 6909 5776 5778
f 6909 6908 5776
f 6908 5773 5776
f 6908 6907 5773
f 6907 5771 5773
f 6907 6906 5771
f 6906 5768 5771
f 6906 6905 5768
f 6904 5766 6905
f 6905 5766 5768
f 6904 5764 5766
f 6904 6903 5764
f 6903 5762 5764
f 6903 6902 5762
f 6902 5759 5762
f 6902 6901 5759
f 6901 5756 5759
f 6901 6900 5756
f 6900 5754 5756
f 6900 6899 5754
f 6899 5751 5754
f 6899 6898 5751
f 6898 5749 5751
f 6898 6897 5749
f 6897 5746 5749
f 6897 6896 5746
f 6895 5744 6896
f 6896 5744 5746
f 6895 5742 5744
f 6895 6894 5742
f 6894 5740 5742
f 6894 6893 5740
f 6893 5737 5740
f 6893 6892 5737
f 6892 5736 5737
f 6892 6891 5736
f 6891 5733 5736
f 6891 6890 5733
f 6890 5731 5733
f 6890 6889 5731
f 6889 5728 5731
f 6889 6888 5728
f 6888 5726 5728
f 6888 6887 5726
f 6886 5723 6887
f 6887 5723 5726
f 6886 5721 5723
f 6886 6885 5721
f 6885 5719 5721
f 6885 6884 5719
f 6884 5716 5719
f 6884 6883 5716
f 6883 5713 5716
f 6883 6882 5713
f 6882 5712 5713
f 6882 6881 5712
f 6881 5708 5712
f 6881 6880 5708
f 6880 5706 5708
f 6880 6879 5706
f 6879 5703 5706
f 6879 6878 5703
f 6877 5701 6878
f 6878 5701 5703
f 6877 5699 5701
f 6877 6876 5699
f 6876 5697 5699
f 6876 6875 5697
f 6875 5694 5697
f 6875 6874 5694
f 6874 5692 5694
f 6874 6873 5692
f 6873 5689 5692
f 6873 6872 5689
f 6872 5687 5689
f 6872 6871 5687
f 6871 5684 5687
f 6871 6870 5684
f 6870 5682 5684
f 6870 6869 5682
f 6868 5680 6869
f 6869 5680 5682
f 6868 5678 5680
f 6868 6867 5678
f 6867 5676 5678
f 6867 6866 5676
f 6866 5673 5676
f 6866 6865 5673
f 6865 5671 5673
f 6865 6864 5671
f 6864 5668 5671
f 6864 6863 5668
f 6863 5665 5668
f 6863 6862 5665
f 6862 5663 5665
f 6862 6861 5663
f 6861 5660 5663
f 6861 6860 5660
f 6859 5658 6860
f 6860 5658 5660
f 6859 5656 5658
f 6859 6858 5656
f 6858 5654 5656
f 6858 6857 5654
f 6857 5651 5654
f 6857 6856 5651
f 6856 5649 5651
f 6856 6855 5649
f 6855 5646 5649
f 6855 6854 5646
f 6854 5644 5646
f 6854 6853 5644
f 6853 5641 5644
f 6853 6852 5641
f 6852 5639 5641
f 6852 6851 5639
f 6850 5637 6851
f 6851 5637 5639
f 6850 5635 5637
f 6850 6849 5635
f 6849 5633 5635
f 6849 6848 5633
f 6848 5631 5633
f 6848 6847 5631
f 6847 5629 5631
f 6847 6846 5629
f 6846 5626 5629
f 6846 6845 5626
f 6845 5623 5626
f 6845 6844 5623
f 6844 5621 5623
f 6844 6843 5621
f 6843 5618 5621
f 6843 6842 5618
f 6841 5616 6842
f 6842 5616 5618
f 6841 5614 5616
f 6841 6840 5614
f 6840 5612 5614
f 6840 6839 5612
f 6839 5610 5612
f 6839 6838 5610
f 6838 5607 5610
f 6838 6837 5607
f 6837 5605 5607
f 6837 6836 5605
f 6836 5602 5605
f 6836 6835 5602
f 6835 5599 5602
f 6835 6834 5599
f 6834 5597 5599
f 6834 6833 5597
f 6832 5595 6833
f 6833 5595 5597
f 6832 5593 5595
f 6832 6831 5593
f 6831 5590 5593
f 6831 6830 5590
f 6830 5587 5590
f 6830 6829 5587
f 6829 5586 5587
f 6829 6828 5586
f 6828 5583 5586
f 6828 6827 5583
f 6827 5581 5583
f 6827 6826 5581
f 6826 5578 5581
f 6826 6825 5578
f 6825 5576 5578
f 6825 6824 5576
f 6823 5573 6824
f 6824 5573 5576
f 6823 5571 5573
f 6823 6822 5571
f 6822 5569 5571
f 6822 6821 5569
f 6821 5567 5569
f 6821 6820 5567
f 6820 5564 5567
f 6820 6819 5564
f 6819 5561 5564
f 6819 6818 5561
f 6818 5559 5561
f 6818 6817 5559
f 6817 5557 5559
f 6817 6816 5557
f 6816 5554 5557
f 6816 6815 5554
f 6814 5551 6815
f 6815 5551 5554
f 6814 5549 5551
f 6814 6813 5549
f 6813 5547 5549
f 6813 6812 5547
f 6812 5544 5547
f 6812 6811 5544
f 6811 5542 5544
f 6811 6810 5542
f 6810 5539 5542
f 6810 6809 5539
f 6809 5537 5539
f 6809 6808 5537
f 6808 5534 5537
f 6808 6807 5534
f 6807 5532 5534
f 6807 6806 5532
f 6805 5531 6806
f 6806 5531 5532
f 6805 5529 5531
f 6805 6804 5529
f 6804 5527 5529
f 6804 6803 5527
f 6803 5524 5527
f 6803 6802 5524
f 6802 5521 5524
f 6802 6801 5521
f 6801 5519 5521
f 6801 6800 5519
f 6800 5516 5519
f 6800 6799 5516
f 6799 5513 5516
f 6799 6798 5513
f 6798 5510 5513
f 6798 6797 5510
f 6796 5508 6797
f 6797 5508 5510
f 6796 5506 5508
f 6796 6795 5506
f 6795 5504 5506
f 6795 6794 5504
f 6794 5502 5504
f 6794 6793 5502
f 6793 5499 5502
f 6793 6792 5499
f 6792 5497 5499
f 6792 6791 5497
f 6791 5494 5497
f 6791 6790 5494
f 6790 5492 5494
f 6790 6789 5492
f 6789 5489 5492
f 6789 6788 5489
f 6787 5487 6788
f 6788 5487 5489
f 6787 5485 5487
f 6787 6786 5485
f 6786 5483 5485
f 6786 6785 5483
f 6785 5481 5483
f 6785 6784 5481
f 6784 5478 5481
f 6784 6783 5478
f 6783 5476 5478
f 6783 6782 5476
f 6782 5473 5476
f 6782 6781 5473
f 6781 5470 5473
f 6781 6780 5470
f 6780 5468 5470
f 6780 6779 5468
f 6778 5466 6779
f 6779 5466 5468
f 6778 5464 5466
f 6778 6777 5464
f 6777 5462 5464
f 6777 5460 5462
f 6777 6776 5460
f 6776 5458 5460
f 6776 6775 5458
f 6775 5456 5458
f 6775 6774 5456
f 6774 5454 5456
f 6774 6773 5454
f 6773 5452 5454
f 6773 6772 5452
f 6772 5451 5452
f 6772 6771 5451
f 6771 5448 5451
f 6771 6770 5448
f 6769 5449 6770
f 6770 5449 5448
f 6769 6744 5449
f 7300 7301 6738
f 7302 6739 7301
f 7301 6739 6738
f 7303 6740 7302
f 7302 6740 6739
f 7303 7304 6740
f 7304 6741 6740
f 7304 7305 6741
f 7305 6742 6741
f 7306 6743 7305
f 7305 6743 6742
f 7307 7308 7306
f 7306 7308 6743
f 7309 7310 7307
f 7307 7310 7308
f 7311 7312 7309
f 7309 7312 7310
f 7311 7313 7312
f 7311 7314 7313
f 7314 7315 7313
f 7314 7316 7315
f 7317 7318 7316
f 7316 7318 7315
f 7317 7319 7318
f 7320 7321 7319
f 7319 7321 7318
f 7322 7323 7320
f 7320 7323 7321
f 7322 7324 7323
f 7322 7325 7324
f 7325 6737 7324
f 7326 6735 7325
f 7325 6735 6737
f 7327 6733 7326
f 7326 6733 6735
f 7328 6734 7327
f 7327 6734 6733
f 7328 6736 6734
f 7328 7300 6736
f 7300 6738 6736
f 6753 6759 6754
f 6753 6760 6759
f 6753 6756 6760
f 6756 6761 6760
f 6756 6758 6761
f 6758 6762 6761
f 6758 6757 6762
f 6757 6763 6762
f 6757 6755 6763
f 6755 6764 6763
f 6755 6751 6764
f 6751 6765 6764
f 6751 6750 6765
f 6748 7329 6750
f 6750 7329 6765
f 6748 6747 7329
f 5442 7330 6747
f 6747 7330 7329
f 5441 7331 5442
f 5442 7331 7330
f 5444 6744 5441
f 5441 6744 7331
f 6769 7331 6744
f 6769 6768 7331
f 6768 7330 7331
f 6768 6767 7330
f 6767 7329 7330
f 6767 6766 7329
f 6765 7329 6766
f 7332 7301 7333
f 7333 7301 7300
f 7334 7302 7332
f 7332 7302 7301
f 7335 7303 7334
f 7334 7303 7302
f 7336 7304 7335
f 7335 7304 7303
f 7337 7305 7336
f 7336 7305 7304
f 7338 7306 7337
f 7337 7306 7305
f 7338 7307 7306
f 7339 7309 7338
f 7338 7309 7307
f 7340 7311 7339
f 7339 7311 7309
f 7341 7314 7340
f 7340 7314 7311
f 6737 5426 7324
f 7324 5424 7323
f 5426 5424 7324
f 5424 5422 7323
f 5422 7321 7323
f 5422 5420 7321
f 5419 7318 5420
f 5420 7318 7321
f 5396 6743 5398
f 5409 7315 5419
f 5419 7315 7318
f 5401 7313 5409
f 5409 7313 7315
f 5398 7308 5404
f 6743 7308 5398
f 5403 7312 5401
f 5401 7312 7313
f 5404 7310 5403
f 7308 7310 5404
f 5403 7310 7312
f 7341 7316 7314
f 7342 7316 7341
f 7342 7317 7316
f 7343 7319 7342
f 7342 7319 7317
f 7344 7320 7345
f 7345 7320 7343
f 7343 7320 7319
f 7346 7322 7347
f 7347 7322 7344
f 7344 7322 7320
f 7348 7325 7346
f 7346 7325 7322
f 7349 7326 7348
f 7348 7326 7325
f 7350 7327 7349
f 7349 7327 7326
f 7351 7328 7350
f 7350 7328 7327
f 7333 7300 7351
f 7351 7300 7328
f 7336 7335 7352
f 7336 7352 7353
f 7354 7336 7353
f 7337 7336 7354
f 7355 7337 7354
f 7338 7337 7355
f 7356 7338 7355
f 7339 7338 7356
f 7357 7339 7356
f 7341 7340 7358
f 7359 7341 7358
f 7342 7341 7359
f 7360 7342 7359
f 7343 7342 7360
f 7361 7343 7360
f 7345 7343 7361
f 7362 7345 7361
f 7363 7362 7361
f 7364 7340 7339
f 7364 7357 7358
f 7364 7339 7357
f 7364 7358 7340
f 7344 7362 7363
f 7344 7345 7362
f 7365 7347 7344
f 7365 7344 7363
f 7346 7347 7365
f 7366 7346 7365
f 7348 7346 7366
f 7367 7350 7349
f 7367 7349 7368
f 7351 7350 7367
f 7369 7351 7367
f 7370 7332 7333
f 7370 7333 7371
f 7372 7332 7370
f 7334 7332 7372
f 7373 7334 7372
f 7335 7334 7373
f 7352 7335 7373
f 7353 7352 7373
f 7374 7349 7348
f 7374 7368 7349
f 7375 7366 7368
f 7375 7368 7374
f 7375 7348 7366
f 7375 7374 7348
f 7376 7333 7351
f 7376 7351 7369
f 7377 7369 7371
f 7377 7371 7333
f 7377 7376 7369
f 7377 7333 7376
f 7360 7378 7361
f 7361 7378 7363
f 7363 7378 7365
f 7358 7379 7359
f 7359 7379 7360
f 7360 7379 7378
f 7365 7380 7366
f 7366 7380 7368
f 7378 7380 7365
f 7358 7357 7379
f 7380 7367 7368
f 7357 7381 7379
f 7357 7356 7381
f 7380 7382 7367
f 7382 7369 7367
f 7356 7355 7381
f 7382 7371 7369
f 7383 7370 7382
f 7382 7370 7371
f 7381 7354 7383
f 7355 7354 7381
f 7383 7372 7370
f 7354 7353 7383
f 7353 7373 7383
f 7383 7373 7372
f 7380 7384 7382
f 7384 7385 7382
f 7382 7385 7383
f 7385 7386 7383
f 7378 7387 7380
f 7387 7384 7380
f 7388 7385 7384
f 7388 7384 7387
f 7389 7386 7385
f 7389 7385 7388
f 7386 7389 7383
f 7383 7389 7381
f 7379 7388 7378
f 7388 7387 7378
f 7381 7389 7379
f 7389 7388 7379
f 7390 7391 7392
f 7393 7394 7395
f 7395 7394 7390
f 7390 7394 7391
f 7393 7396 7394
f 7397 7398 7393
f 7393 7398 7396
f 7399 7400 7397
f 7397 7400 7398
f 7401 7402 7399
f 7399 7402 7400
f 7401 7403 7402
f 7404 7405 7406
f 7406 7405 7407
f 7407 7405 7401
f 7403 7405 7408
f 7401 7405 7403
f 7404 7409 7405
f 7405 7410 7408
f 7405 7411 7410
f 7412 7413 7404
f 7404 7413 7409
f 7411 7414 7410
f 7415 7416 7414
f 7412 7417 7413
f 7415 7418 7416
f 7418 7419 7416
f 7420 7421 7418
f 7418 7421 7419
f 7411 7415 7414
f 7422 7417 7412
f 7423 7424 7422
f 7422 7424 7417
f 7425 7426 7423
f 7423 7426 7424
f 7427 7428 7425
f 7425 7428 7426
f 7429 7430 7427
f 7427 7430 7428
f 7431 7432 7429
f 7429 7432 7430
f 7433 7434 7431
f 7431 7434 7432
f 7435 7436 7433
f 7433 7436 7434
f 7435 7437 7436
f 7438 7439 7435
f 7435 7439 7437
f 7438 7440 7439
f 7392 7441 7438
f 7438 7441 7440
f 7392 7391 7441
f 7442 7411 7405
f 7443 7444 7445
f 7446 7447 7443
f 7443 7447 7444
f 7448 7449 7450
f 7447 7451 7452
f 7453 7451 7446
f 7446 7451 7447
f 7450 7454 7453
f 7453 7454 7451
f 7450 7455 7454
f 7456 7457 7449
f 7449 7457 7450
f 7450 7457 7455
f 7458 7459 7456
f 7456 7459 7457
f 7460 7459 7458
f 7460 7461 7459
f 7462 7461 7460
f 7462 7463 7461
f 7464 7463 7462
f 7464 7465 7463
f 7466 7465 7464
f 7466 7467 7465
f 7468 7467 7466
f 7468 7469 7467
f 7470 7469 7468
f 7470 7471 7469
f 7472 7471 7470
f 7472 7473 7471
f 7474 7473 7475
f 7475 7473 7472
f 7474 7476 7473
f 7477 7476 7474
f 7478 7479 7480
f 7480 7479 7477
f 7477 7479 7476
f 7478 7481 7479
f 7482 7481 7478
f 7483 7484 7485
f 7485 7484 7482
f 7482 7484 7481
f 7483 7486 7484
f 7487 7486 7483
f 7487 7488 7486
f 7489 7488 7487
f 7489 7490 7488
f 7491 7490 7489
f 7491 7492 7490
f 7493 7492 7494
f 7494 7492 7491
f 7493 7495 7492
f 7496 7495 7493
f 7496 7497 7495
f 7498 7497 7499
f 7499 7497 7496
f 7498 7500 7497
f 7501 7500 7498
f 7501 7502 7500
f 7503 7502 7504
f 7504 7502 7501
f 7503 7505 7502
f 7506 7505 7503
f 7506 7507 7505
f 7508 7507 7506
f 7508 7509 7507
f 7510 7509 7508
f 7510 7511 7509
f 7512 7511 7510
f 7512 7513 7511
f 7514 7513 7515
f 7515 7513 7512
f 7514 7516 7513
f 7517 7516 7514
f 7518 7519 7520
f 7520 7519 7517
f 7517 7519 7516
f 7521 7522 7523
f 7523 7522 7518
f 7518 7522 7519
f 7521 7524 7522
f 7525 7524 7521
f 7526 7527 7528
f 7528 7527 7525
f 7525 7527 7524
f 7529 7530 7526
f 7526 7530 7527
f 7531 7532 7529
f 7529 7532 7530
f 7533 7534 7531
f 7531 7534 7532
f 7533 7535 7534
f 7536 7535 7533
f 7536 7537 7535
f 7538 7537 7539
f 7539 7537 7536
f 7538 7540 7537
f 7541 7540 7538
f 7541 7542 7540
f 7543 7542 7544
f 7544 7542 7541
f 7543 7545 7542
f 7546 7545 7543
f 7546 7547 7545
f 7548 7547 7549
f 7549 7547 7546
f 7548 7550 7547
f 7551 7550 7548
f 7551 7552 7550
f 7553 7552 7551
f 7553 7554 7552
f 7555 7554 7553
f 7556 7557 7558
f 7558 7557 7555
f 7555 7557 7554
f 7559 7560 7556
f 7556 7560 7557
f 7561 7562 7563
f 7559 7562 7560
f 7563 7562 7559
f 7561 7564 7562
f 7565 7564 7561
f 7566 7567 7568
f 7568 7567 7565
f 7565 7567 7564
f 7569 7570 7566
f 7566 7570 7567
f 7571 7572 7573
f 7573 7572 7569
f 7569 7572 7570
f 7571 7574 7572
f 7575 7576 7577
f 7577 7576 7571
f 7571 7576 7574
f 7578 7579 7575
f 7575 7579 7576
f 7580 7581 7582
f 7582 7581 7578
f 7578 7581 7579
f 7583 7584 7580
f 7580 7584 7581
f 7585 7586 7587
f 7587 7586 7583
f 7583 7586 7584
f 7588 7589 7585
f 7585 7589 7586
f 7588 7590 7589
f 7591 7590 7592
f 7592 7590 7588
f 7591 7593 7590
f 7594 7593 7591
f 7595 7596 7594
f 7594 7596 7593
f 7597 7598 7595
f 7595 7598 7596
f 7599 7600 7601
f 7601 7600 7597
f 7597 7600 7598
f 7599 7602 7600
f 7603 7602 7599
f 7604 7605 7606
f 7606 7605 7603
f 7603 7605 7602
f 7607 7608 7604
f 7604 7608 7605
f 7609 7610 7611
f 7611 7610 7607
f 7607 7610 7608
f 7612 7613 7609
f 7609 7613 7610
f 7614 7615 7612
f 7612 7615 7613
f 7616 7617 7614
f 7614 7617 7615
f 7618 7619 7616
f 7616 7619 7617
f 7620 7621 7622
f 7622 7621 7618
f 7618 7621 7619
f 7623 7624 7620
f 7620 7624 7621
f 7625 7626 7627
f 7627 7626 7623
f 7623 7626 7624
f 7628 7629 7630
f 7630 7629 7625
f 7625 7629 7626
f 7631 7632 7628
f 7628 7632 7629
f 7633 7634 7631
f 7631 7634 7632
f 7635 7634 7633
f 7635 7636 7634
f 7637 7636 7635
f 7637 7638 7636
f 7639 7638 7637
f 7639 7640 7638
f 7641 7640 7639
f 7641 7642 7640
f 7643 7642 7641
f 7643 7644 7642
f 7645 7644 7646
f 7646 7644 7643
f 7645 7647 7644
f 7648 7647 7645
f 7648 7649 7647
f 7650 7649 7651
f 7651 7649 7648
f 7650 7652 7649
f 7653 7652 7650
f 7653 7654 7652
f 7655 7654 7656
f 7656 7654 7653
f 7655 7657 7654
f 7658 7657 7655
f 7658 7659 7657
f 7660 7659 7658
f 7660 7661 7659
f 7662 7661 7660
f 7662 7663 7661
f 7664 7663 7665
f 7665 7663 7662
f 7664 7666 7663
f 7667 7666 7664
f 7667 7668 7666
f 7669 7668 7670
f 7670 7668 7667
f 7669 7671 7668
f 7672 7671 7669
f 7673 7674 7675
f 7675 7674 7672
f 7672 7674 7671
f 7673 7676 7674
f 7677 7676 7673
f 7678 7679 7680
f 7680 7679 7677
f 7677 7679 7676
f 7678 7681 7679
f 7682 7683 7684
f 7684 7683 7678
f 7678 7683 7681
f 7682 7685 7683
f 7686 7685 7682
f 7686 7687 7685
f 7688 7687 7689
f 7689 7687 7686
f 7688 7690 7687
f 7691 7690 7688
f 7691 7692 7690
f 7693 7692 7694
f 7694 7692 7691
f 7693 7695 7692
f 7696 7695 7693
f 7696 7697 7695
f 7698 7697 7699
f 7699 7697 7696
f 7698 7700 7697
f 7701 7700 7698
f 7701 7702 7700
f 7703 7702 7701
f 7703 7704 7702
f 7705 7704 7703
f 7705 7706 7704
f 7707 7706 7708
f 7708 7706 7705
f 7707 7709 7706
f 7710 7709 7707
f 7710 7711 7709
f 7712 7711 7713
f 7713 7711 7710
f 7714 7715 7712
f 7712 7715 7711
f 7714 7716 7715
f 7717 7716 7718
f 7718 7716 7714
f 7717 7719 7716
f 7720 7719 7717
f 7721 7722 7720
f 7720 7722 7719
f 7723 7724 7721
f 7721 7724 7722
f 7725 7726 7727
f 7727 7726 7723
f 7723 7726 7724
f 7728 7729 7725
f 7725 7729 7726
f 7730 7731 7732
f 7732 7731 7728
f 7728 7731 7729
f 7733 7734 7730
f 7730 7734 7731
f 7735 7736 7737
f 7737 7736 7733
f 7733 7736 7734
f 7738 7739 7735
f 7735 7739 7736
f 7738 7740 7739
f 7741 7740 7742
f 7742 7740 7738
f 7741 7743 7740
f 7744 7743 7741
f 7744 7745 7743
f 7746 7745 7744
f 7746 7747 7745
f 7748 7747 7746
f 7748 7749 7747
f 7750 7749 7748
f 7751 7752 7753
f 7750 7752 7749
f 7753 7752 7750
f 7751 7754 7752
f 7755 7754 7751
f 7756 7757 7758
f 7758 7757 7755
f 7755 7757 7754
f 7756 7759 7757
f 7760 7759 7756
f 7761 7762 7763
f 7763 7762 7760
f 7760 7762 7759
f 7764 7765 7761
f 7761 7765 7762
f 7766 7767 7764
f 7764 7767 7765
f 7768 7769 7766
f 7766 7769 7767
f 7770 7771 7772
f 7772 7771 7768
f 7768 7771 7769
f 7773 7774 7770
f 7770 7774 7771
f 7775 7776 7777
f 7777 7776 7773
f 7773 7776 7774
f 7778 7779 7775
f 7775 7779 7776
f 7780 7781 7782
f 7782 7781 7778
f 7778 7781 7779
f 7783 7784 7780
f 7780 7784 7781
f 7785 7786 7787
f 7787 7786 7783
f 7783 7786 7784
f 7785 7788 7786
f 7785 7789 7788
f 7790 7789 7791
f 7791 7789 7785
f 7790 7792 7789
f 7793 7792 7790
f 7794 7795 7796
f 7796 7795 7793
f 7793 7795 7792
f 7797 7798 7794
f 7794 7798 7795
f 7799 7800 7801
f 7801 7800 7797
f 7797 7800 7798
f 7802 7803 7799
f 7799 7803 7800
f 7804 7805 7806
f 7806 7805 7802
f 7802 7805 7803
f 7807 7808 7804
f 7804 7808 7805
f 7807 7809 7808
f 7810 7809 7807
f 7810 7811 7809
f 7812 7811 7810
f 7812 7813 7811
f 7814 7813 7815
f 7815 7813 7812
f 7814 7816 7813
f 7817 7816 7814
f 7817 7818 7816
f 7819 7818 7820
f 7820 7818 7817
f 7819 7821 7818
f 7822 7821 7819
f 7822 7823 7821
f 7824 7823 7825
f 7825 7823 7822
f 7824 7826 7823
f 7827 7826 7824
f 7827 7828 7826
f 7829 7828 7827
f 7830 7831 7829
f 7829 7831 7828
f 7832 7833 7834
f 7834 7833 7830
f 7830 7833 7831
f 7835 7836 7832
f 7832 7836 7833
f 7835 7837 7836
f 7838 7837 7839
f 7839 7837 7835
f 7838 7840 7837
f 7841 7840 7838
f 7841 7842 7840
f 7843 7842 7844
f 7844 7842 7841
f 7843 7845 7842
f 7846 7845 7843
f 7846 7847 7845
f 7848 7847 7849
f 7849 7847 7846
f 7848 7850 7847
f 7851 7850 7848
f 7851 7852 7850
f 7853 7852 7851
f 7853 7854 7852
f 7855 7854 7853
f 7855 7856 7854
f 7857 7856 7855
f 7857 7858 7856
f 7859 7858 7860
f 7860 7858 7857
f 7859 7861 7858
f 7862 7861 7859
f 7862 7863 7861
f 7864 7863 7865
f 7865 7863 7862
f 7864 7866 7863
f 7867 7866 7864
f 7867 7868 7866
f 7869 7868 7870
f 7870 7868 7867
f 7869 7871 7868
f 7872 7871 7869
f 7873 7874 7872
f 7872 7874 7871
f 7875 7876 7873
f 7873 7876 7874
f 7877 7878 7879
f 7879 7878 7875
f 7875 7878 7876
f 7877 7880 7878
f 7881 7880 7877
f 7882 7883 7884
f 7884 7883 7881
f 7881 7883 7880
f 7885 7886 7882
f 7882 7886 7883
f 7885 7887 7886
f 7888 7887 7889
f 7889 7887 7885
f 7888 7890 7887
f 7891 7890 7888
f 7891 7892 7890
f 7893 7892 7894
f 7894 7892 7891
f 7893 7895 7892
f 7896 7895 7893
f 7896 7897 7895
f 7898 7897 7896
f 7898 7899 7897
f 7900 7899 7898
f 7900 7901 7899
f 7902 7901 7903
f 7903 7901 7900
f 7902 7904 7901
f 7905 7904 7902
f 7905 7906 7904
f 7907 7906 7908
f 7908 7906 7905
f 7909 7910 7907
f 7907 7910 7906
f 7911 7912 7913
f 7913 7912 7909
f 7909 7912 7910
f 7911 7914 7912
f 7915 7914 7911
f 7916 7917 7915
f 7915 7917 7914
f 7918 7919 7916
f 7916 7919 7917
f 7920 7921 7922
f 7922 7921 7918
f 7918 7921 7919
f 7920 7923 7921
f 7924 7923 7920
f 7925 7926 7927
f 7927 7926 7924
f 7924 7926 7923
f 7928 7929 7925
f 7925 7929 7926
f 7930 7931 7932
f 7932 7931 7928
f 7928 7931 7929
f 7930 7933 7931
f 7934 7933 7930
f 7935 7936 7934
f 7934 7936 7933
f 7935 7937 7936
f 7938 7937 7935
f 7938 7939 7937
f 7940 7939 7941
f 7941 7939 7938
f 7940 7942 7939
f 7943 7942 7940
f 7943 7944 7942
f 7945 7944 7946
f 7946 7944 7943
f 7945 7947 7944
f 7948 7947 7945
f 7949 7950 7951
f 7951 7950 7948
f 7948 7950 7947
f 7952 7953 7949
f 7949 7953 7950
f 7954 7955 7956
f 7956 7955 7952
f 7952 7955 7953
f 7954 7957 7955
f 7958 7957 7954
f 7959 7960 7958
f 7958 7960 7957
f 7961 7962 7959
f 7959 7962 7960
f 7963 7964 7961
f 7961 7964 7962
f 7965 7966 7967
f 7967 7966 7963
f 7963 7966 7964
f 7968 7969 7965
f 7965 7969 7966
f 7970 7971 7972
f 7972 7971 7968
f 7968 7971 7969
f 7973 7974 7970
f 7970 7974 7971
f 7975 7976 7977
f 7977 7976 7973
f 7973 7976 7974
f 7978 7979 7975
f 7975 7979 7976
f 7980 7981 7978
f 7978 7981 7979
f 7982 7983 7980
f 7980 7983 7981
f 7982 7984 7983
f 7985 7984 7986
f 7986 7984 7982
f 7985 7987 7984
f 7988 7987 7985
f 7988 7989 7987
f 7990 7989 7991
f 7991 7989 7988
f 7990 7992 7989
f 7993 7992 7990
f 7993 7994 7992
f 7995 7994 7996
f 7996 7994 7993
f 7995 7997 7994
f 7998 7997 7995
f 7998 7999 7997
f 8000 7999 8001
f 8001 7999 7998
f 8000 8002 7999
f 8003 8002 8000
f 8003 8004 8002
f 8005 8004 8003
f 8005 8006 8004
f 8007 8006 8005
f 8007 8008 8006
f 8009 8008 8010
f 8010 8008 8007
f 8009 8011 8008
f 8012 8011 8009
f 8012 8013 8011
f 8014 8013 8015
f 8015 8013 8012
f 8014 8016 8013
f 8017 8016 8014
f 8017 8018 8016
f 8019 8018 8020
f 8020 8018 8017
f 8019 8021 8018
f 8022 8021 8019
f 8022 8023 8021
f 8024 8023 8022
f 8024 8025 8023
f 8026 8025 8024
f 8027 8028 8029
f 8029 8028 8026
f 8026 8028 8025
f 8030 8031 8027
f 8027 8031 8028
f 8032 8033 8034
f 8034 8033 8030
f 8030 8033 8031
f 8035 8036 8032
f 8032 8036 8033
f 8037 8038 8039
f 8039 8038 8035
f 8035 8038 8036
f 8037 8040 8038
f 8041 8040 8037
f 8041 8042 8040
f 8043 8042 8041
f 8043 8044 8042
f 8045 8044 8043
f 8045 8046 8044
f 8047 8046 8048
f 8048 8046 8045
f 8047 8049 8046
f 8050 8049 8047
f 8050 8051 8049
f 8052 8051 8053
f 8053 8051 8050
f 8052 8054 8051
f 8055 8054 8052
f 8055 8056 8054
f 8057 8056 8058
f 8058 8056 8055
f 8057 8059 8056
f 8060 8059 8057
f 8060 8061 8059
f 8062 8061 8063
f 8063 8061 8060
f 8062 8064 8061
f 8065 8064 8062
f 8066 8067 8065
f 8065 8067 8064
f 8068 8069 8066
f 8066 8069 8067
f 8070 8071 8068
f 8068 8071 8069
f 8072 8073 8074
f 8074 8073 8070
f 8070 8073 8071
f 8075 8076 8072
f 8072 8076 8073
f 8077 8078 8079
f 8079 8078 8075
f 8075 8078 8076
f 8077 8080 8078
f 8081 8080 8077
f 8082 8083 8084
f 8084 8083 8081
f 8081 8083 8080
f 8082 8085 8083
f 8086 8085 8082
f 8087 8088 8086
f 8086 8088 8085
f 8087 8089 8088
f 8090 8089 8087
f 8090 8091 8089
f 8092 8091 8093
f 8093 8091 8090
f 8092 8094 8091
f 8095 8094 8092
f 8095 8096 8094
f 8097 8096 8098
f 8098 8096 8095
f 8097 8099 8096
f 8100 8099 8097
f 8100 8101 8099
f 8102 8101 8103
f 8103 8101 8100
f 8102 8104 8101
f 8105 8104 8102
f 8106 8107 8108
f 8108 8107 8105
f 8105 8107 8104
f 8106 8109 8107
f 8110 8109 8106
f 8111 8112 8110
f 8110 8112 8109
f 8113 8114 8111
f 8111 8114 8112
f 8115 8116 8117
f 8117 8116 8113
f 8113 8116 8114
f 8118 8119 8115
f 8115 8119 8116
f 8120 8121 8122
f 8122 8121 8118
f 8118 8121 8119
f 8120 8123 8121
f 8124 8123 8120
f 8125 8126 8127
f 8127 8126 8124
f 8124 8126 8123
f 8128 8129 8125
f 8125 8129 8126
f 8130 8131 8128
f 8128 8131 8129
f 8132 8133 8130
f 8130 8133 8131
f 8134 8135 8136
f 8136 8135 8132
f 8132 8135 8133
f 8137 8138 8134
f 8134 8138 8135
f 8139 8140 8141
f 8141 8140 8137
f 8137 8140 8138
f 8142 8143 8139
f 8139 8143 8140
f 8144 8145 8146
f 8146 8145 8142
f 8142 8145 8143
f 8144 8147 8145
f 8148 8147 8144
f 8148 8149 8147
f 8150 8149 8148
f 8151 8152 8150
f 8150 8152 8149
f 8153 8154 8155
f 8155 8154 8151
f 8151 8154 8152
f 8156 8157 8153
f 8153 8157 8154
f 8156 8158 8157
f 8159 8158 8160
f 8160 8158 8156
f 8159 8161 8158
f 8162 8161 8159
f 8162 8163 8161
f 8164 8163 8165
f 8165 8163 8162
f 8164 8166 8163
f 8167 8166 8164
f 8167 8168 8166
f 8169 8168 8170
f 8170 8168 8167
f 8169 8171 8168
f 8172 8171 8169
f 8172 8173 8171
f 8174 8173 8172
f 8174 8175 8173
f 8176 8175 8174
f 8176 8177 8175
f 8178 8177 8176
f 8178 8179 8177
f 8180 8179 8181
f 8181 8179 8178
f 8180 8182 8179
f 8183 8182 8180
f 8184 8185 8186
f 8186 8185 8183
f 8183 8185 8182
f 8187 8188 8189
f 8189 8188 8184
f 8184 8188 8185
f 8187 8190 8188
f 8191 8190 8187
f 8191 8192 8190
f 8193 8192 8191
f 8193 8194 8192
f 8195 8194 8193
f 8195 8196 8194
f 8197 8196 8195
f 8197 8198 8196
f 8199 8198 8200
f 8200 8198 8197
f 8199 8201 8198
f 8202 8201 8199
f 8202 8203 8201
f 8204 8203 8205
f 8205 8203 8202
f 8204 8206 8203
f 8207 8206 8204
f 8207 8208 8206
f 8209 8208 8210
f 8210 8208 8207
f 8209 8211 8208
f 8212 8211 8209
f 8212 8213 8211
f 8214 8213 8215
f 8215 8213 8212
f 8214 8216 8213
f 8217 8216 8214
f 8217 8218 8216
f 8219 8218 8217
f 8219 8220 8218
f 8221 8220 8219
f 8222 8223 8224
f 8224 8223 8221
f 8221 8223 8220
f 8225 8226 8222
f 8222 8226 8223
f 8227 8228 8229
f 8229 8228 8225
f 8225 8228 8226
f 8230 8231 8227
f 8227 8231 8228
f 8232 8233 8234
f 8234 8233 8230
f 8230 8233 8231
f 8232 8235 8233
f 8236 8235 8232
f 8237 8238 8236
f 8236 8238 8235
f 8239 8240 8237
f 8237 8240 8238
f 8239 8241 8240
f 8242 8241 8243
f 8243 8241 8239
f 8242 8244 8241
f 8245 8244 8242
f 8245 8246 8244
f 8247 8246 8248
f 8248 8246 8245
f 8247 8249 8246
f 8250 8249 8247
f 8250 8251 8249
f 8252 8251 8253
f 8253 8251 8250
f 8252 8254 8251
f 8255 8254 8252
f 8255 8256 8254
f 8257 8256 8255
f 8257 8258 8256
f 8259 8258 8257
f 8260 8261 8262
f 8259 8261 8258
f 8262 8261 8259
f 8263 8264 8260
f 8260 8264 8261
f 8265 8266 8267
f 8267 8266 8263
f 8263 8266 8264
f 8265 8268 8266
f 8269 8268 8265
f 8270 8271 8272
f 8272 8271 8269
f 8269 8271 8268
f 8270 8273 8271
f 8274 8273 8270
f 8275 8276 8277
f 8277 8276 8274
f 8274 8276 8273
f 8278 8279 8275
f 8275 8279 8276
f 8280 8281 8278
f 8278 8281 8279
f 8282 8283 8280
f 8280 8283 8281
f 8284 8285 8282
f 8282 8285 8283
f 8286 8287 8288
f 8288 8287 8284
f 8284 8287 8285
f 8286 8289 8287
f 8290 8289 8291
f 8291 8289 8286
f 8290 8292 8289
f 8293 8292 8290
f 8293 8294 8292
f 8295 8294 8296
f 8296 8294 8293
f 8295 8297 8294
f 8298 8297 8295
f 8298 8299 8297
f 8300 8299 8298
f 8301 8302 8300
f 8300 8302 8299
f 8303 8304 8301
f 8301 8304 8302
f 8305 8306 8307
f 8307 8306 8303
f 8303 8306 8304
f 8308 8309 8305
f 8305 8309 8306
f 8310 8311 8312
f 8312 8311 8308
f 8308 8311 8309
f 8313 8314 8310
f 8310 8314 8311
f 8313 8315 8314
f 8316 8315 8317
f 8317 8315 8313
f 8318 8319 8316
f 8316 8319 8315
f 8320 8321 8322
f 8322 8321 8318
f 8318 8321 8319
f 8323 8324 8320
f 8320 8324 8321
f 8325 8326 8323
f 8323 8326 8324
f 8327 8328 8325
f 8325 8328 8326
f 8329 8330 8331
f 8331 8330 8327
f 8327 8330 8328
f 8329 8332 8330
f 8333 8332 8329
f 8333 8334 8332
f 8335 8334 8336
f 8336 8334 8333
f 8335 8337 8334
f 8338 8337 8335
f 8339 8340 8341
f 8341 8340 8338
f 8338 8340 8337
f 8342 8343 8339
f 8339 8343 8340
f 8342 8344 8343
f 8345 8344 8342
f 8345 8346 8344
f 8347 8346 8345
f 8347 8348 8346
f 8349 8348 8350
f 8350 8348 8347
f 8349 8351 8348
f 8352 8351 8349
f 8352 8353 8351
f 8354 8353 8355
f 8355 8353 8352
f 8354 8356 8353
f 8357 8356 8354
f 8357 8358 8356
f 8359 8358 8360
f 8360 8358 8357
f 8359 8361 8358
f 8362 8361 8359
f 8362 8363 8361
f 8364 8363 8362
f 8364 8365 8363
f 8366 8365 8364
f 8366 8367 8365
f 8368 8367 8369
f 8369 8367 8366
f 8368 8370 8367
f 8371 8370 8368
f 8371 8372 8370
f 8373 8372 8374
f 8374 8372 8371
f 8373 8375 8372
f 8376 8375 8373
f 8376 8377 8375
f 8378 8377 8379
f 8379 8377 8376
f 8380 8381 8378
f 8378 8381 8377
f 8382 8383 8384
f 8384 8383 8380
f 8380 8383 8381
f 8385 8386 8382
f 8382 8386 8383
f 8387 8388 8385
f 8385 8388 8386
f 8389 8390 8387
f 8387 8390 8388
f 8391 8392 8389
f 8389 8392 8390
f 8391 8393 8392
f 8394 8393 8395
f 8395 8393 8391
f 8394 8396 8393
f 8397 8396 8398
f 8398 8396 8394
f 8397 8399 8396
f 8400 8399 8397
f 8400 8401 8399
f 8402 8401 8403
f 8403 8401 8400
f 8402 8404 8401
f 8405 8404 8402
f 8405 8406 8404
f 8407 8406 8405
f 8407 8408 8406
f 8409 8408 8407
f 8409 8410 8408
f 8411 8410 8409
f 8411 8412 8410
f 8413 8412 8414
f 8414 8412 8411
f 8413 8415 8412
f 8416 8415 8413
f 8417 8418 8419
f 8419 8418 8416
f 8416 8418 8415
f 8420 8421 8417
f 8417 8421 8418
f 8422 8423 8424
f 8424 8423 8420
f 8420 8423 8421
f 8422 8425 8423
f 8426 8425 8422
f 8427 8428 8429
f 8429 8428 8426
f 8426 8428 8425
f 8430 8431 8427
f 8427 8431 8428
f 8432 8433 8430
f 8430 8433 8431
f 8434 8435 8432
f 8432 8435 8433
f 8436 8437 8438
f 8438 8437 8434
f 8434 8437 8435
f 8436 8439 8437
f 8440 8439 8436
f 8441 8442 8443
f 8443 8442 8440
f 8440 8442 8439
f 8441 8444 8442
f 8445 8444 8441
f 8445 8446 8444
f 8447 8446 8448
f 8448 8446 8445
f 8447 8449 8446
f 8450 8449 8447
f 8450 8451 8449
f 8452 8451 8450
f 8452 8453 8451
f 8454 8453 8452
f 8454 8455 8453
f 8456 8455 8457
f 8457 8455 8454
f 8458 8459 8456
f 8456 8459 8455
f 8460 8461 8462
f 8462 8461 8458
f 8458 8461 8459
f 8460 8463 8461
f 8464 8463 8460
f 8465 8466 8467
f 8467 8466 8464
f 8464 8466 8463
f 8468 8469 8465
f 8465 8469 8466
f 8470 8471 8468
f 8468 8471 8469
f 8472 8473 8470
f 8470 8473 8471
f 8474 8475 8476
f 8476 8475 8472
f 8472 8475 8473
f 8477 8478 8474
f 8474 8478 8475
f 8479 8480 8481
f 8481 8480 8477
f 8477 8480 8478
f 8482 8483 8479
f 8479 8483 8480
f 8484 8485 8486
f 8486 8485 8482
f 8482 8485 8483
f 8487 8488 8484
f 8484 8488 8485
f 8489 8490 8491
f 8491 8490 8487
f 8487 8490 8488
f 8492 8493 8489
f 8489 8493 8490
f 8494 8495 8492
f 8492 8495 8493
f 8494 8496 8495
f 8497 8496 8494
f 8498 8499 8500
f 8500 8499 8497
f 8497 8499 8496
f 8501 8502 8498
f 8498 8502 8499
f 8503 8504 8505
f 8505 8504 8501
f 8501 8504 8502
f 8503 8506 8504
f 8507 8506 8503
f 8507 8508 8506
f 8509 8508 8510
f 8510 8508 8507
f 8509 8511 8508
f 8512 8511 8509
f 8512 8513 8511
f 8514 8513 8512
f 8514 8515 8513
f 8516 8515 8514
f 8516 8517 8515
f 8518 8517 8516
f 8518 8519 8517
f 8520 8519 8521
f 8521 8519 8518
f 8520 8522 8519
f 8523 8522 8520
f 8523 8524 8522
f 8525 8524 8526
f 8526 8524 8523
f 8525 8527 8524
f 8528 8527 8525
f 8528 8529 8527
f 8530 8529 8531
f 8531 8529 8528
f 8530 8532 8529
f 8533 8532 8530
f 8534 8535 8536
f 8533 8535 8532
f 8536 8535 8533
f 8537 8538 8534
f 8534 8538 8535
f 8539 8540 8537
f 8537 8540 8538
f 8541 8542 8539
f 8539 8542 8540
f 8541 8543 8542
f 8544 8543 8545
f 8545 8543 8541
f 8544 8546 8543
f 8547 8546 8544
f 8547 8548 8546
f 8549 8548 8550
f 8550 8548 8547
f 8549 8551 8548
f 8552 8551 8549
f 8552 8553 8551
f 8554 8553 8555
f 8555 8553 8552
f 8554 8556 8553
f 8557 8556 8554
f 8557 8558 8556
f 8559 8558 8557
f 8559 8560 8558
f 8561 8560 8559
f 8561 8562 8560
f 8563 8562 8564
f 8564 8562 8561
f 8563 8565 8562
f 8566 8565 8563
f 8566 8567 8565
f 8568 8567 8569
f 8569 8567 8566
f 8568 8570 8567
f 8571 8570 8568
f 8571 8572 8570
f 8573 8572 8574
f 8574 8572 8571
f 8575 8576 8573
f 8573 8576 8572
f 8577 8578 8575
f 8575 8578 8576
f 8579 8580 8577
f 8577 8580 8578
f 8581 8582 8583
f 8583 8582 8579
f 8579 8582 8580
f 8584 8585 8581
f 8581 8585 8582
f 8586 8587 8588
f 8588 8587 8584
f 8584 8587 8585
f 8586 8589 8587
f 8590 8589 8586
f 8591 8592 8593
f 8593 8592 8590
f 8590 8592 8589
f 8594 8595 8591
f 8591 8595 8592
f 8594 8596 8595
f 8597 8596 8598
f 8598 8596 8594
f 8597 8599 8596
f 8600 8599 8597
f 8600 8601 8599
f 8602 8601 8600
f 8602 8603 8601
f 8604 8603 8602
f 8604 8605 8603
f 8606 8605 8607
f 8607 8605 8604
f 8606 8608 8605
f 8609 8608 8606
f 8609 8610 8608
f 8611 8610 8612
f 8612 8610 8609
f 8611 8613 8610
f 8614 8613 8611
f 8615 8616 8617
f 8617 8616 8614
f 8614 8616 8613
f 8615 8618 8616
f 8619 8618 8615
f 8620 8621 8619
f 8619 8621 8618
f 8622 8623 8620
f 8620 8623 8621
f 8624 8625 8622
f 8622 8625 8623
f 8626 8627 8628
f 8628 8627 8624
f 8624 8627 8625
f 8629 8630 8626
f 8626 8630 8627
f 8631 8632 8633
f 8633 8632 8629
f 8629 8632 8630
f 8631 8634 8632
f 8635 8634 8631
f 8636 8637 8638
f 8638 8637 8635
f 8635 8637 8634
f 8639 8640 8636
f 8636 8640 8637
f 8641 8642 8643
f 8643 8642 8639
f 8639 8642 8640
f 8641 8644 8642
f 8645 8644 8641
f 8645 8646 8644
f 8647 8646 8645
f 8647 8648 8646
f 8649 8648 8647
f 8649 8650 8648
f 8651 8650 8652
f 8652 8650 8649
f 8653 8654 8651
f 8651 8654 8650
f 8655 8656 8657
f 8657 8656 8653
f 8653 8656 8654
f 8655 8658 8656
f 8659 8658 8655
f 8660 8661 8662
f 8662 8661 8659
f 8659 8661 8658
f 8660 8663 8661
f 8664 8663 8660
f 8665 8666 8664
f 8664 8666 8663
f 8667 8668 8665
f 8665 8668 8666
f 8669 8670 8671
f 8671 8670 8667
f 8667 8670 8668
f 8672 8673 8669
f 8669 8673 8670
f 8674 8675 8676
f 8676 8675 8672
f 8672 8675 8673
f 8677 8678 8674
f 8674 8678 8675
f 8679 8680 8677
f 8677 8680 8678
f 8681 8680 8679
f 8681 8682 8680
f 8683 8682 8681
f 8683 8684 8682
f 8685 8684 8683
f 8685 8686 8684
f 8687 8686 8685
f 8687 8688 8686
f 8689 8688 8690
f 8690 8688 8687
f 8689 8691 8688
f 8692 8691 8689
f 8693 8694 8695
f 8695 8694 8692
f 8692 8694 8691
f 8696 8697 8693
f 8693 8697 8694
f 8696 8698 8697
f 8699 8698 8700
f 8700 8698 8696
f 8699 8701 8698
f 8702 8701 8699
f 8702 8703 8701
f 8704 8703 8705
f 8705 8703 8702
f 8704 8706 8703
f 8707 8706 8704
f 8707 8708 8706
f 8709 8708 8707
f 8709 7421 8708
f 8710 7421 8709
f 8710 7419 7421
f 8710 7416 7419
f 8711 7416 8710
f 8711 7414 7416
f 8712 7414 8711
f 8712 7410 7414
f 8713 7410 8712
f 8713 7408 7410
f 8714 7408 8713
f 8714 7403 7408
f 8715 7403 8714
f 8715 7402 7403
f 8716 7402 8715
f 8716 7400 7402
f 8717 7400 8716
f 8717 7398 7400
f 8718 7398 8717
f 8718 7396 7398
f 8719 7396 8718
f 8720 7394 8721
f 8721 7394 8719
f 8719 7394 7396
f 8722 7391 8720
f 8720 7391 7394
f 8723 7441 8722
f 8722 7441 7391
f 8723 7440 7441
f 8724 7439 8723
f 8723 7439 7440
f 8725 7437 8724
f 8724 7437 7439
f 8726 7436 8725
f 8725 7436 7437
f 8726 7434 7436
f 8727 7434 8726
f 8727 7432 7434
f 8728 7432 8727
f 8728 7430 7432
f 8729 7430 8728
f 8729 7428 7430
f 8730 7428 8731
f 8731 7428 8729
f 8730 7426 7428
f 8732 7426 8730
f 8732 7424 7426
f 8733 7424 8732
f 8733 7417 7424
f 8734 7417 8733
f 8734 7413 7417
f 8735 7413 8734
f 8735 7409 7413
f 7442 7409 8735
f 7442 7405 7409
f 7435 8736 8737
f 7433 8738 8736
f 7433 8736 7435
f 7438 8737 8739
f 7438 7435 8737
f 7431 8740 8738
f 7431 8738 7433
f 7392 8739 8741
f 7392 7438 8739
f 7429 8740 7431
f 7390 8741 8742
f 7390 7392 8741
f 7395 7390 8742
f 8743 7395 8742
f 7393 7395 8743
f 8744 7397 7393
f 8744 7393 8743
f 8745 7399 7397
f 8745 7397 8744
f 8746 7399 8745
f 7447 7452 8747
f 7453 7448 7450
f 7446 7448 7453
f 7448 8748 8749
f 7445 8750 7443
f 7443 8751 7446
f 7446 8751 7448
f 8750 8751 7443
f 7448 8752 8748
f 8751 8753 7448
f 8753 8754 7448
f 8755 8756 8757
f 8754 8758 7448
f 8752 8759 8755
f 7448 8759 8752
f 8755 8759 8756
f 8758 8760 7448
f 7448 8761 8759
f 8760 8761 7448
f 7448 8749 7449
f 8749 7456 7449
f 8749 7458 7456
f 8748 7458 8749
f 8748 7460 7458
f 8748 7462 7460
f 8752 7462 8748
f 8752 7464 7462
f 8755 7464 8752
f 8755 7466 7464
f 8755 7468 7466
f 8762 7468 8757
f 8757 7468 8755
f 8762 7470 7468
f 8763 7470 8762
f 8763 7472 7470
f 8764 7472 8763
f 8764 7475 7472
f 8764 7474 7475
f 8765 7474 8764
f 8765 7477 7474
f 8766 7477 8765
f 8766 7480 7477
f 8767 7480 8766
f 8767 7478 7480
f 8768 7478 8767
f 8768 7482 7478
f 8769 7482 8768
f 8769 7485 7482
f 8770 7485 8769
f 8770 7483 7485
f 8771 7483 8770
f 8771 7487 7483
f 8771 7489 7487
f 8772 7489 8771
f 8773 7491 8772
f 8772 7491 7489
f 8774 7494 8773
f 8773 7494 7491
f 8775 7493 8774
f 8774 7493 7494
f 8776 7496 8775
f 8775 7496 7493
f 8776 7499 7496
f 8777 7498 8776
f 8776 7498 7499
f 8778 7501 8777
f 8777 7501 7498
f 8778 7504 7501
f 8778 7503 7504
f 8779 7503 8778
f 8779 7506 7503
f 8780 7506 8779
f 8780 7508 7506
f 8780 7510 7508
f 8781 7510 8780
f 8781 7512 7510
f 8782 7512 8781
f 8782 7515 7512
f 8783 7515 8782
f 8783 7514 7515
f 8784 7514 8783
f 8784 7517 7514
f 8784 7520 7517
f 8785 7520 8784
f 8785 7518 7520
f 8786 7518 8785
f 8786 7523 7518
f 8786 7521 7523
f 8787 7521 8786
f 8787 7525 7521
f 8788 7525 8787
f 8788 7528 7525
f 8788 7526 7528
f 8789 7526 8788
f 8789 7529 7526
f 8790 7529 8789
f 8790 7531 7529
f 8791 7533 8790
f 8790 7533 7531
f 8792 7536 8791
f 8791 7536 7533
f 8793 7539 8792
f 8792 7539 7536
f 8794 7538 8793
f 8793 7538 7539
f 8794 7541 7538
f 8795 7544 8794
f 8794 7544 7541
f 8796 7543 8795
f 8795 7543 7544
f 8796 7546 7543
f 8797 7549 8796
f 8796 7549 7546
f 8798 7548 8797
f 8797 7548 7549
f 8798 7551 7548
f 8798 7553 7551
f 8799 7553 8798
f 8799 7555 7553
f 8800 7555 8799
f 8800 7558 7555
f 8801 7558 8800
f 8801 7556 7558
f 8802 7556 8801
f 8802 7559 7556
f 8802 7563 7559
f 8803 7563 8802
f 8803 7561 7563
f 8804 7561 8803
f 8804 7565 7561
f 8804 7568 7565
f 8805 7568 8804
f 8805 7566 7568
f 8806 7566 8805
f 8806 7569 7566
f 8806 7573 7569
f 8807 7573 8806
f 8807 7571 7573
f 8808 7571 8807
f 8809 7577 8808
f 8808 7577 7571
f 8810 7575 8809
f 8809 7575 7577
f 8810 7578 7575
f 8811 7582 8810
f 8810 7582 7578
f 8812 7580 8811
f 8811 7580 7582
f 8812 7583 7580
f 8813 7587 8812
f 8812 7587 7583
f 8814 7585 8813
f 8813 7585 7587
f 8814 7588 7585
f 8815 7592 8814
f 8814 7592 7588
f 8816 7591 8815
f 8815 7591 7592
f 8816 7594 7591
f 8817 7595 8816
f 8816 7595 7594
f 8818 7597 8817
f 8817 7597 7595
f 8819 7601 8818
f 8818 7601 7597
f 8820 7599 8819
f 8819 7599 7601
f 8821 7603 8820
f 8820 7603 7599
f 8821 7606 7603
f 8822 7604 8821
f 8821 7604 7606
f 8822 7607 7604
f 8823 7607 8822
f 8823 7611 7607
f 8823 7609 7611
f 8824 7609 8823
f 8824 7612 7609
f 8825 7612 8824
f 8825 7614 7612
f 8826 7616 8825
f 8825 7616 7614
f 8827 7618 8826
f 8826 7618 7616
f 8828 7622 8827
f 8827 7622 7618
f 8829 7620 8828
f 8828 7620 7622
f 8829 7623 7620
f 8830 7627 8829
f 8829 7627 7623
f 8831 7625 8830
f 8830 7625 7627
f 8831 7630 7625
f 8832 7628 8831
f 8831 7628 7630
f 8833 7631 8832
f 8832 7631 7628
f 8833 7633 7631
f 8834 7635 8833
f 8833 7635 7633
f 8835 7637 8834
f 8834 7637 7635
f 8835 7639 7637
f 8836 7641 8835
f 8835 7641 7639
f 8837 7643 8836
f 8836 7643 7641
f 8838 7646 8837
f 8837 7646 7643
f 8839 7645 8838
f 8838 7645 7646
f 8839 7648 7645
f 8840 7651 8839
f 8839 7651 7648
f 8841 7650 8840
f 8840 7650 7651
f 8841 7653 7650
f 8841 7656 7653
f 8842 7656 8841
f 8842 7655 7656
f 8843 7655 8842
f 8843 7658 7655
f 8844 7660 8843
f 8843 7660 7658
f 8845 7662 8844
f 8844 7662 7660
f 8846 7665 8845
f 8845 7665 7662
f 8847 7664 8846
f 8846 7664 7665
f 8847 7667 7664
f 8848 7670 8847
f 8847 7670 7667
f 8849 7669 8848
f 8848 7669 7670
f 8849 7672 7669
f 8850 7675 8849
f 8849 7675 7672
f 8850 7673 7675
f 8851 7673 8850
f 8851 7677 7673
f 8851 7680 7677
f 8852 7680 8851
f 8852 7678 7680
f 8853 7678 8852
f 8853 7684 7678
f 8854 7684 8853
f 8854 7682 7684
f 8855 7682 8854
f 8855 7686 7682
f 8855 7689 7686
f 8856 7689 8855
f 8856 7688 7689
f 8857 7688 8856
f 8857 7691 7688
f 8857 7694 7691
f 8858 7694 8857
f 8858 7693 7694
f 8859 7693 8858
f 8859 7696 7693
f 8859 7699 7696
f 8860 7699 8859
f 8861 7698 8860
f 8860 7698 7699
f 8861 7701 7698
f 8862 7703 8861
f 8861 7703 7701
f 8862 7705 7703
f 8863 7705 8862
f 8864 7708 8863
f 8863 7708 7705
f 8864 7707 7708
f 8865 7707 8864
f 8865 7710 7707
f 8866 7710 8865
f 8866 7713 7710
f 8867 7712 8866
f 8866 7712 7713
f 8867 7714 7712
f 8868 7714 8867
f 8868 7718 7714
f 8868 7717 7718
f 8869 7717 8868
f 8869 7720 7717
f 8870 7720 8869
f 8870 7721 7720
f 8870 7723 7721
f 8871 7723 8870
f 8871 7727 7723
f 8872 7727 8871
f 8872 7725 7727
f 8873 7725 8872
f 8873 7728 7725
f 8874 7728 8873
f 8874 7732 7728
f 8874 7730 7732
f 8875 7730 8874
f 8875 7733 7730
f 8876 7733 8875
f 8876 7737 7733
f 8876 7735 7737
f 8877 7735 8876
f 8877 7738 7735
f 8878 7738 8877
f 8878 7742 7738
f 8879 7741 8878
f 8878 7741 7742
f 8880 7744 8879
f 8879 7744 7741
f 8880 7746 7744
f 8881 7748 8880
f 8880 7748 7746
f 8882 7750 8881
f 8881 7750 7748
f 8882 7753 7750
f 8883 7753 8882
f 8884 7751 8883
f 8883 7751 7753
f 8884 7755 7751
f 8885 7758 8884
f 8884 7758 7755
f 8885 7756 7758
f 8886 7756 8885
f 8886 7760 7756
f 8886 7763 7760
f 8887 7763 8886
f 8887 7761 7763
f 8888 7761 8887
f 8888 7764 7761
f 8888 7766 7764
f 8889 7766 8888
f 8889 7768 7766
f 8890 7768 8889
f 8890 7772 7768
f 8891 7772 8890
f 8891 7770 7772
f 8892 7770 8891
f 8892 7773 7770
f 8892 7777 7773
f 8893 7777 8892
f 8893 7775 7777
f 8894 7775 8893
f 8894 7778 7775
f 8894 7782 7778
f 8895 7782 8894
f 8895 7780 7782
f 8896 7780 8895
f 8896 7783 7780
f 8897 7787 8896
f 8896 7787 7783
f 8898 7785 8897
f 8897 7785 7787
f 8899 7791 8898
f 8898 7791 7785
f 8900 7790 8899
f 8899 7790 7791
f 8900 7793 7790
f 8901 7796 8900
f 8900 7796 7793
f 8902 7794 8901
f 8901 7794 7796
f 8902 7797 7794
f 8903 7801 8902
f 8902 7801 7797
f 8904 7799 8903
f 8903 7799 7801
f 8904 7802 7799
f 8905 7806 8904
f 8904 7806 7802
f 8905 7804 7806
f 8906 7804 8905
f 8906 7807 7804
f 8907 7810 8906
f 8906 7810 7807
f 8907 7812 7810
f 8908 7812 8907
f 8908 7815 7812
f 8909 7815 8908
f 8909 7814 7815
f 8910 7814 8909
f 8910 7817 7814
f 8911 7817 8910
f 8911 7820 7817
f 8911 7819 7820
f 8912 7819 8911
f 8912 7822 7819
f 8913 7822 8912
f 8913 7825 7822
f 8913 7824 7825
f 8914 7824 8913
f 8915 7827 8914
f 8914 7827 7824
f 8915 7829 7827
f 8916 7830 8915
f 8915 7830 7829
f 8917 7834 8916
f 8916 7834 7830
f 8918 7832 8917
f 8917 7832 7834
f 8919 7835 8918
f 8918 7835 7832
f 8919 7839 7835
f 8920 7838 8919
f 8919 7838 7839
f 8921 7841 8920
f 8920 7841 7838
f 8921 7844 7841
f 8922 7843 8921
f 8921 7843 7844
f 8923 7846 8922
f 8922 7846 7843
f 8923 7849 7846
f 8924 7848 8923
f 8923 7848 7849
f 8925 7851 8924
f 8924 7851 7848
f 8925 7853 7851
f 8926 7855 8925
f 8925 7855 7853
f 8927 7857 8926
f 8926 7857 7855
f 8928 7860 8927
f 8927 7860 7857
f 8928 7859 7860
f 8929 7859 8928
f 8929 7862 7859
f 8929 7865 7862
f 8930 7865 8929
f 8930 7864 7865
f 8931 7864 8930
f 8931 7867 7864
f 8932 7870 8931
f 8931 7870 7867
f 8933 7869 8932
f 8932 7869 7870
f 8933 7872 7869
f 8934 7873 8933
f 8933 7873 7872
f 8934 7875 7873
f 8935 7875 8934
f 8936 7879 8935
f 8935 7879 7875
f 8937 7877 8936
f 8936 7877 7879
f 8937 7881 7877
f 8938 7884 8937
f 8937 7884 7881
f 8939 7882 8938
f 8938 7882 7884
f 8939 7885 7882
f 8940 7889 8939
f 8939 7889 7885
f 8941 7888 8940
f 8940 7888 7889
f 8941 7891 7888
f 8942 7894 8941
f 8941 7894 7891
f 8943 7893 8942
f 8942 7893 7894
f 8944 7896 8943
f 8943 7896 7893
f 8945 7898 8944
f 8944 7898 7896
f 8945 7900 7898
f 8946 7903 8945
f 8945 7903 7900
f 8947 7902 8946
f 8946 7902 7903
f 8947 7905 7902
f 8948 7908 8947
f 8947 7908 7905
f 8949 7907 8948
f 8948 7907 7908
f 8949 7909 7907
f 8950 7913 8949
f 8949 7913 7909
f 8951 7911 8950
f 8950 7911 7913
f 8951 7915 7911
f 8951 7916 7915
f 8952 7916 8951
f 8952 7918 7916
f 8953 7918 8952
f 8953 7922 7918
f 8954 7922 8953
f 8954 7920 7922
f 8955 7920 8954
f 8955 7924 7920
f 8956 7924 8955
f 8956 7927 7924
f 8956 7925 7927
f 8957 7925 8956
f 8957 7928 7925
f 8958 7928 8957
f 8958 7932 7928
f 8958 7930 7932
f 8959 7930 8958
f 8959 7934 7930
f 8960 7934 8959
f 8960 7935 7934
f 8960 7938 7935
f 8961 7938 8960
f 8961 7941 7938
f 8962 7941 8961
f 8962 7940 7941
f 8963 7940 8962
f 8963 7943 7940
f 8964 7943 8963
f 8964 7946 7943
f 8964 7945 7946
f 8965 7945 8964
f 8965 7948 7945
f 8966 7948 8965
f 8966 7951 7948
f 8967 7949 8966
f 8966 7949 7951
f 8967 7952 7949
f 8968 7952 8967
f 8968 7956 7952
f 8969 7954 8968
f 8968 7954 7956
f 8970 7958 8969
f 8969 7958 7954
f 8970 7959 7958
f 8970 7961 7959
f 8971 7961 8970
f 8971 7963 7961
f 8972 7963 8971
f 8972 7967 7963
f 8973 7967 8972
f 8973 7965 7967
f 8974 7965 8973
f 8974 7968 7965
f 8974 7972 7968
f 8975 7972 8974
f 8975 7970 7972
f 8976 7970 8975
f 8976 7973 7970
f 8976 7977 7973
f 8977 7977 8976
f 8977 7975 7977
f 8978 7975 8977
f 8978 7978 7975
f 8978 7980 7978
f 8979 7980 8978
f 8979 7982 7980
f 8980 7982 8979
f 8980 7986 7982
f 8981 7986 8980
f 8981 7985 7986
f 8982 7985 8981
f 8982 7988 7985
f 8982 7991 7988
f 8983 7991 8982
f 8983 7990 7991
f 8984 7990 8983
f 8984 7993 7990
f 8985 7996 8984
f 8984 7996 7993
f 8985 7995 7996
f 8986 7995 8985
f 8986 7998 7995
f 8987 8001 8986
f 8986 8001 7998
f 8988 8000 8987
f 8987 8000 8001
f 8989 8003 8988
f 8988 8003 8000
f 8990 8005 8989
f 8989 8005 8003
f 8990 8007 8005
f 8991 8010 8990
f 8990 8010 8007
f 8991 8009 8010
f 8992 8009 8991
f 8992 8012 8009
f 8993 8015 8992
f 8992 8015 8012
f 8993 8014 8015
f 8994 8014 8993
f 8994 8017 8014
f 8994 8020 8017
f 8995 8020 8994
f 8995 8019 8020
f 8996 8019 8995
f 8996 8022 8019
f 8996 8024 8022
f 8997 8024 8996
f 8997 8026 8024
f 8998 8026 8997
f 8998 8029 8026
f 8999 8029 8998
f 8999 8027 8029
f 9000 8027 8999
f 9000 8030 8027
f 9001 8030 9000
f 9001 8034 8030
f 9001 8032 8034
f 9002 8032 9001
f 9003 8035 9002
f 9002 8035 8032
f 9003 8039 8035
f 9004 8037 9003
f 9003 8037 8039
f 9005 8041 9004
f 9004 8041 8037
f 9005 8043 8041
f 9006 8045 9005
f 9005 8045 8043
f 9007 8048 9006
f 9006 8048 8045
f 9008 8047 9007
f 9007 8047 8048
f 9009 8050 9008
f 9008 8050 8047
f 9009 8053 8050
f 9010 8052 9009
f 9009 8052 8053
f 9011 8055 9010
f 9010 8055 8052
f 9011 8058 8055
f 9012 8057 9011
f 9011 8057 8058
f 9013 8060 9012
f 9012 8060 8057
f 9013 8063 8060
f 9013 8062 8063
f 9014 8062 9013
f 9014 8065 8062
f 9015 8065 9014
f 9015 8066 8065
f 9015 8068 8066
f 9016 8068 9015
f 9016 8070 8068
f 9017 8070 9016
f 9017 8074 8070
f 9018 8074 9017
f 9018 8072 8074
f 9019 8072 9018
f 9019 8075 8072
f 9020 8079 9019
f 9019 8079 8075
f 9020 8077 8079
f 9021 8077 9020
f 9021 8081 8077
f 9022 8084 9021
f 9021 8084 8081
f 9023 8082 9022
f 9022 8082 8084
f 9023 8086 8082
f 9024 8087 9023
f 9023 8087 8086
f 9025 8090 9024
f 9024 8090 8087
f 9026 8093 9025
f 9025 8093 8090
f 9027 8092 9026
f 9026 8092 8093
f 9027 8095 8092
f 9028 8098 9027
f 9027 8098 8095
f 9029 8097 9028
f 9028 8097 8098
f 9029 8100 8097
f 9030 8103 9029
f 9029 8103 8100
f 9031 8102 9030
f 9030 8102 8103
f 9031 8105 8102
f 9032 8108 9031
f 9031 8108 8105
f 9033 8106 9032
f 9032 8106 8108
f 9034 8110 9033
f 9033 8110 8106
f 9034 8111 8110
f 9035 8111 9034
f 9035 8113 8111
f 9036 8117 9035
f 9035 8117 8113
f 9037 8115 9036
f 9036 8115 8117
f 9037 8118 8115
f 9038 8122 9037
f 9037 8122 8118
f 9038 8120 8122
f 9039 8120 9038
f 9039 8124 8120
f 9040 8127 9039
f 9039 8127 8124
f 9041 8125 9040
f 9040 8125 8127
f 9041 8128 8125
f 9042 8130 9041
f 9041 8130 8128
f 9043 8132 9042
f 9042 8132 8130
f 9044 8136 9043
f 9043 8136 8132
f 9045 8134 9044
f 9044 8134 8136
f 9045 8137 8134
f 9046 8141 9045
f 9045 8141 8137
f 9047 8139 9046
f 9046 8139 8141
f 9047 8142 8139
f 9048 8146 9047
f 9047 8146 8142
f 9049 8144 9048
f 9048 8144 8146
f 9049 8148 8144
f 9050 8150 9049
f 9049 8150 8148
f 9051 8151 9050
f 9050 8151 8150
f 9052 8155 9051
f 9051 8155 8151
f 9052 8153 8155
f 9053 8153 9052
f 9053 8156 8153
f 9054 8156 9053
f 9054 8160 8156
f 9054 8159 8160
f 9055 8159 9054
f 9055 8162 8159
f 9056 8162 9055
f 9056 8165 8162
f 9056 8164 8165
f 9057 8164 9056
f 9057 8167 8164
f 9058 8167 9057
f 9058 8170 8167
f 9058 8169 8170
f 9059 8169 9058
f 9059 8172 8169
f 9060 8172 9059
f 9060 8174 8172
f 9060 8176 8174
f 9061 8176 9060
f 9061 8178 8176
f 9062 8178 9061
f 9062 8181 8178
f 9063 8181 9062
f 9063 8180 8181
f 9064 8180 9063
f 9064 8183 8180
f 9064 8186 8183
f 9065 8186 9064
f 9065 8184 8186
f 9066 8184 9065
f 9066 8189 8184
f 9066 8187 8189
f 9067 8187 9066
f 9067 8191 8187
f 9068 8191 9067
f 9068 8193 8191
f 9068 8195 8193
f 9069 8195 9068
f 9069 8197 8195
f 9070 8197 9069
f 9070 8200 8197
f 9071 8200 9070
f 9072 8199 9071
f 9071 8199 8200
f 9072 8202 8199
f 9073 8205 9072
f 9072 8205 8202
f 9073 8204 8205
f 9074 8204 9073
f 9074 8207 8204
f 9075 8210 9074
f 9074 8210 8207
f 9076 8209 9075
f 9075 8209 8210
f 9076 8212 8209
f 9076 8215 8212
f 9077 8215 9076
f 9077 8214 8215
f 9078 8214 9077
f 9078 8217 8214
f 9079 8217 9078
f 9079 8219 8217
f 9080 8219 9079
f 9080 8221 8219
f 9080 8224 8221
f 9081 8224 9080
f 9081 8222 8224
f 9082 8222 9081
f 9082 8225 8222
f 9082 8229 8225
f 9083 8229 9082
f 9083 8227 8229
f 9084 8227 9083
f 9084 8230 8227
f 9084 8234 8230
f 9085 8234 9084
f 9085 8232 8234
f 9086 8232 9085
f 9086 8236 8232
f 9086 8237 8236
f 9087 8237 9086
f 9087 8239 8237
f 9088 8239 9087
f 9088 8243 8239
f 9089 8243 9088
f 9090 8242 9089
f 9089 8242 8243
f 9090 8245 8242
f 9091 8248 9090
f 9090 8248 8245
f 9091 8247 8248
f 9092 8247 9091
f 9092 8250 8247
f 9093 8253 9092
f 9092 8253 8250
f 9094 8252 9093
f 9093 8252 8253
f 9094 8255 8252
f 9095 8257 9094
f 9094 8257 8255
f 9096 8259 9095
f 9095 8259 8257
f 9097 8262 9096
f 9096 8262 8259
f 9098 8260 9097
f 9097 8260 8262
f 9098 8263 8260
f 9099 8263 9098
f 9099 8267 8263
f 9099 8265 8267
f 9100 8265 9099
f 9100 8269 8265
f 9101 8269 9100
f 9101 8272 8269
f 9101 8270 8272
f 9102 8270 9101
f 9102 8274 8270
f 9103 8274 9102
f 9103 8277 8274
f 9103 8275 8277
f 9104 8275 9103
f 9104 8278 8275
f 9105 8278 9104
f 9105 8280 8278
f 9105 8282 8280
f 9106 8282 9105
f 9107 8284 9106
f 9106 8284 8282
f 9108 8288 9107
f 9107 8288 8284
f 9109 8286 9108
f 9108 8286 8288
f 9109 8291 8286
f 9110 8290 9109
f 9109 8290 8291
f 9111 8293 9110
f 9110 8293 8290
f 9111 8296 8293
f 9112 8295 9111
f 9111 8295 8296
f 9113 8298 9112
f 9112 8298 8295
f 9113 8300 8298
f 9114 8301 9113
f 9113 8301 8300
f 9115 8303 9114
f 9114 8303 8301
f 9116 8307 9115
f 9115 8307 8303
f 9117 8305 9116
f 9116 8305 8307
f 9117 8308 8305
f 9118 8312 9117
f 9117 8312 8308
f 9119 8310 9118
f 9118 8310 8312
f 9119 8313 8310
f 9120 8317 9119
f 9119 8317 8313
f 9120 8316 8317
f 9121 8316 9120
f 9121 8318 8316
f 9121 8322 8318
f 9122 8322 9121
f 9122 8320 8322
f 9123 8320 9122
f 9123 8323 8320
f 9124 8323 9123
f 9125 8325 9124
f 9124 8325 8323
f 9125 8327 8325
f 9126 8331 9125
f 9125 8331 8327
f 9126 8329 8331
f 9127 8329 9126
f 9127 8333 8329
f 9128 8336 9127
f 9127 8336 8333
f 9129 8335 9128
f 9128 8335 8336
f 9129 8338 8335
f 9130 8341 9129
f 9129 8341 8338
f 9131 8339 9130
f 9130 8339 8341
f 9131 8342 8339
f 9132 8345 9131
f 9131 8345 8342
f 9133 8347 9132
f 9132 8347 8345
f 9134 8350 9133
f 9133 8350 8347
f 9135 8349 9134
f 9134 8349 8350
f 9135 8352 8349
f 9136 8355 9135
f 9135 8355 8352
f 9137 8354 9136
f 9136 8354 8355
f 9137 8357 8354
f 9138 8360 9137
f 9137 8360 8357
f 9139 8359 9138
f 9138 8359 8360
f 9139 8362 8359
f 9139 8364 8362
f 9140 8364 9139
f 9140 8366 8364
f 9141 8366 9140
f 9142 8369 9141
f 9141 8369 8366
f 9143 8368 9142
f 9142 8368 8369
f 9144 8371 9143
f 9143 8371 8368
f 9144 8374 8371
f 9145 8373 9144
f 9144 8373 8374
f 9146 8376 9145
f 9145 8376 8373
f 9146 8379 8376
f 9147 8378 9146
f 9146 8378 8379
f 9148 8380 9147
f 9147 8380 8378
f 9148 8384 8380
f 9149 8382 9148
f 9148 8382 8384
f 9150 8385 9149
f 9149 8385 8382
f 9150 8387 8385
f 9151 8389 9150
f 9150 8389 8387
f 9152 8391 9151
f 9151 8391 8389
f 9153 8395 9152
f 9152 8395 8391
f 9153 8394 8395
f 9154 8394 9153
f 9154 8398 8394
f 9154 8397 8398
f 9155 8397 9154
f 9155 8400 8397
f 9156 8400 9155
f 9156 8403 8400
f 9156 8402 8403
f 9157 8402 9156
f 9157 8405 8402
f 9158 8405 9157
f 9158 8407 8405
f 9158 8409 8407
f 9159 8409 9158
f 9160 8411 9159
f 9159 8411 8409
f 9160 8414 8411
f 9161 8414 9160
f 9161 8413 8414
f 9162 8413 9161
f 9162 8416 8413
f 9163 8419 9162
f 9162 8419 8416
f 9163 8417 8419
f 9164 8417 9163
f 9164 8420 8417
f 9164 8424 8420
f 9165 8424 9164
f 9165 8422 8424
f 9166 8422 9165
f 9166 8426 8422
f 9166 8429 8426
f 9167 8429 9166
f 9167 8427 8429
f 9168 8427 9167
f 9168 8430 8427
f 9169 8430 9168
f 9169 8432 8430
f 9170 8432 9169
f 9170 8434 8432
f 9170 8438 8434
f 9171 8438 9170
f 9171 8436 8438
f 9172 8436 9171
f 9172 8440 8436
f 9172 8443 8440
f 9173 8443 9172
f 9173 8441 8443
f 9174 8441 9173
f 9174 8445 8441
f 9174 8448 8445
f 9175 8448 9174
f 9175 8447 8448
f 9176 8447 9175
f 9176 8450 8447
f 9177 8452 9176
f 9176 8452 8450
f 9177 8454 8452
f 9178 8454 9177
f 9178 8457 8454
f 9179 8457 9178
f 9179 8456 8457
f 9180 8456 9179
f 9180 8458 8456
f 9181 8462 9180
f 9180 8462 8458
f 9182 8460 9181
f 9181 8460 8462
f 9182 8464 8460
f 9182 8467 8464
f 9183 8467 9182
f 9183 8465 8467
f 9184 8465 9183
f 9184 8468 8465
f 9184 8470 8468
f 9185 8470 9184
f 9185 8472 8470
f 9186 8472 9185
f 9186 8476 8472
f 9187 8476 9186
f 9187 8474 8476
f 9188 8474 9187
f 9188 8477 8474
f 9189 8477 9188
f 9189 8481 8477
f 9189 8479 8481
f 9190 8479 9189
f 9190 8482 8479
f 9191 8482 9190
f 9191 8486 8482
f 9191 8484 8486
f 9192 8484 9191
f 9192 8487 8484
f 9193 8487 9192
f 9193 8491 8487
f 9193 8489 8491
f 9194 8489 9193
f 9195 8492 9194
f 9194 8492 8489
f 9195 8494 8492
f 9196 8497 9195
f 9195 8497 8494
f 9197 8500 9196
f 9196 8500 8497
f 9198 8498 9197
f 9197 8498 8500
f 9199 8501 9198
f 9198 8501 8498
f 9199 8505 8501
f 9200 8503 9199
f 9199 8503 8505
f 9201 8507 9200
f 9200 8507 8503
f 9201 8510 8507
f 9202 8509 9201
f 9201 8509 8510
f 9203 8512 9202
f 9202 8512 8509
f 9203 8514 8512
f 9203 8516 8514
f 9204 8516 9203
f 9204 8518 8516
f 9205 8518 9204
f 9205 8521 8518
f 9206 8521 9205
f 9206 8520 8521
f 9207 8520 9206
f 9207 8523 8520
f 9207 8526 8523
f 9208 8526 9207
f 9208 8525 8526
f 9209 8525 9208
f 9209 8528 8525
f 9209 8531 8528
f 9210 8531 9209
f 9210 8530 8531
f 9211 8530 9210
f 9211 8533 8530
f 9211 8536 8533
f 9212 8536 9211
f 9213 8534 9212
f 9212 8534 8536
f 9213 8537 8534
f 9214 8537 9213
f 9214 8539 8537
f 9215 8539 9214
f 9215 8541 8539
f 9216 8545 9215
f 9215 8545 8541
f 9217 8544 9216
f 9216 8544 8545
f 9217 8547 8544
f 9218 8550 9217
f 9217 8550 8547
f 9219 8549 9218
f 9218 8549 8550
f 9219 8552 8549
f 9220 8555 9219
f 9219 8555 8552
f 9221 8554 9220
f 9220 8554 8555
f 9221 8557 8554
f 9222 8559 9221
f 9221 8559 8557
f 9223 8561 9222
f 9222 8561 8559
f 9224 8564 9223
f 9223 8564 8561
f 9225 8563 9224
f 9224 8563 8564
f 9225 8566 8563
f 9226 8569 9225
f 9225 8569 8566
f 9226 8568 8569
f 9227 8568 9226
f 9227 8571 8568
f 9227 8574 8571
f 9228 8574 9227
f 9228 8573 8574
f 9229 8573 9228
f 9229 8575 8573
f 9230 8577 9229
f 9229 8577 8575
f 9230 8579 8577
f 9231 8579 9230
f 9231 8583 8579
f 9232 8583 9231
f 9233 8581 9232
f 9232 8581 8583
f 9234 8584 9233
f 9233 8584 8581
f 9234 8588 8584
f 9235 8586 9234
f 9234 8586 8588
f 9236 8590 9235
f 9235 8590 8586
f 9236 8593 8590
f 9237 8591 9236
f 9236 8591 8593
f 9238 8594 9237
f 9237 8594 8591
f 9238 8598 8594
f 9239 8597 9238
f 9238 8597 8598
f 9240 8600 9239
f 9239 8600 8597
f 9240 8602 8600
f 9241 8604 9240
f 9240 8604 8602
f 9242 8607 9241
f 9241 8607 8604
f 9243 8606 9242
f 9242 8606 8607
f 9244 8609 9243
f 9243 8609 8606
f 9244 8612 8609
f 9245 8611 9244
f 9244 8611 8612
f 9246 8614 9245
f 9245 8614 8611
f 9246 8617 8614
f 9246 8615 8617
f 9247 8615 9246
f 9247 8619 8615
f 9248 8619 9247
f 9248 8620 8619
f 9249 8622 9248
f 9248 8622 8620
f 9250 8624 9249
f 9249 8624 8622
f 9251 8628 9250
f 9250 8628 8624
f 9252 8626 9251
f 9251 8626 8628
f 9252 8629 8626
f 9253 8633 9252
f 9252 8633 8629
f 9254 8631 9253
f 9253 8631 8633
f 9254 8635 8631
f 9254 8638 8635
f 9255 8638 9254
f 9255 8636 8638
f 9256 8636 9255
f 9256 8639 8636
f 9256 8643 8639
f 9257 8643 9256
f 9257 8641 8643
f 9258 8641 9257
f 9258 8645 8641
f 9259 8645 9258
f 9259 8647 8645
f 9260 8647 9259
f 9260 8649 8647
f 9260 8652 8649
f 9261 8652 9260
f 9261 8651 8652
f 9262 8651 9261
f 9262 8653 8651
f 9262 8657 8653
f 9263 8657 9262
f 9263 8655 8657
f 9264 8655 9263
f 9264 8659 8655
f 9265 8662 9264
f 9264 8662 8659
f 9266 8660 9265
f 9265 8660 8662
f 9266 8664 8660
f 9267 8665 9266
f 9266 8665 8664
f 9267 8667 8665
f 9268 8667 9267
f 9268 8671 8667
f 9269 8671 9268
f 9269 8669 8671
f 9270 8669 9269
f 9270 8672 8669
f 9270 8676 8672
f 9271 8676 9270
f 9271 8674 8676
f 9272 8674 9271
f 9272 8677 8674
f 9272 8679 8677
f 9273 8679 9272
f 9273 8681 8679
f 9274 8681 9273
f 9274 8683 8681
f 9274 8685 8683
f 9275 8685 9274
f 9275 8687 8685
f 9276 8687 9275
f 9276 8690 8687
f 9277 8690 9276
f 9277 8689 8690
f 9278 8689 9277
f 9278 8692 8689
f 9279 8692 9278
f 9279 8695 8692
f 9279 8693 8695
f 9280 8693 9279
f 9280 8696 8693
f 9281 8696 9280
f 9281 8700 8696
f 9281 8699 8700
f 9282 8699 9281
f 9283 8702 9282
f 9282 8702 8699
f 9283 8705 8702
f 9283 8704 8705
f 9284 8704 9283
f 9285 8707 9284
f 9284 8707 8704
f 9285 8709 8707
f 9286 8710 9285
f 9285 8710 8709
f 9287 8711 9286
f 9286 8711 8710
f 9288 8712 9287
f 9287 8712 8711
f 9289 8713 9288
f 9288 8713 8712
f 9289 8714 8713
f 9290 8715 9289
f 9289 8715 8714
f 9290 8716 8715
f 9291 8716 9290
f 9291 8717 8716
f 9291 8718 8717
f 9292 8718 9291
f 9292 8719 8718
f 9293 8719 9292
f 9293 8721 8719
f 9293 8720 8721
f 9294 8720 9293
f 9294 8722 8720
f 9295 8722 9294
f 9295 8723 8722
f 9296 8723 9295
f 9296 8724 8723
f 9297 8724 9296
f 9297 8725 8724
f 9297 8726 8725
f 9298 8726 9297
f 9298 8727 8726
f 9299 8727 9298
f 9299 8728 8727
f 9299 8729 8728
f 9300 8729 9299
f 9301 8731 9300
f 9300 8731 8729
f 9301 8730 8731
f 9302 8732 9301
f 9301 8732 8730
f 7420 8733 9302
f 9302 8733 8732
f 7418 8734 7420
f 7420 8734 8733
f 7415 8735 7418
f 7418 8735 8734
f 7411 7442 7415
f 7415 7442 8735
f 7420 8708 7421
f 7420 9302 8708
f 9302 8706 8708
f 9302 9301 8706
f 9301 8703 8706
f 9301 9300 8703
f 9300 8701 8703
f 9300 9299 8701
f 9299 8698 8701
f 9299 9298 8698
f 9298 8697 8698
f 9298 9297 8697
f 9297 8694 8697
f 9297 9296 8694
f 9296 8691 8694
f 9296 9295 8691
f 9294 8688 9295
f 9295 8688 8691
f 9294 8686 8688
f 9294 9293 8686
f 9293 8684 8686
f 9293 9292 8684
f 9292 8682 8684
f 9292 9291 8682
f 9291 8680 8682
f 9291 9290 8680
f 9290 8678 8680
f 9290 9289 8678
f 9289 8675 8678
f 9289 9288 8675
f 9288 8673 8675
f 9288 9287 8673
f 9287 8670 8673
f 9287 9286 8670
f 9285 8668 9286
f 9286 8668 8670
f 9285 8666 8668
f 9285 9284 8666
f 9284 8663 8666
f 9284 9283 8663
f 9283 8661 8663
f 9283 9282 8661
f 9282 8658 8661
f 9282 9281 8658
f 9281 8656 8658
f 9281 9280 8656
f 9280 8654 8656
f 9280 9279 8654
f 9279 8650 8654
f 9279 9278 8650
f 9278 8648 8650
f 9278 9277 8648
f 9276 8646 9277
f 9277 8646 8648
f 9276 8644 8646
f 9276 9275 8644
f 9275 8642 8644
f 9275 9274 8642
f 9274 8640 8642
f 9274 9273 8640
f 9273 8637 8640
f 9273 9272 8637
f 9272 8634 8637
f 9272 9271 8634
f 9271 8632 8634
f 9271 9270 8632
f 9270 8630 8632
f 9270 9269 8630
f 9269 8627 8630
f 9269 9268 8627
f 9267 8625 9268
f 9268 8625 8627
f 9267 8623 8625
f 9267 9266 8623
f 9266 8621 8623
f 9266 9265 8621
f 9265 8618 8621
f 9265 9264 8618
f 9264 8616 8618
f 9264 9263 8616
f 9263 8613 8616
f 9263 9262 8613
f 9262 8610 8613
f 9262 9261 8610
f 9261 8608 8610
f 9261 9260 8608
f 9260 8605 8608
f 9260 9259 8605
f 9258 8603 9259
f 9259 8603 8605
f 9258 8601 8603
f 9258 9257 8601
f 9257 8599 8601
f 9257 9256 8599
f 9256 8596 8599
f 9256 9255 8596
f 9255 8595 8596
f 9255 9254 8595
f 9254 8592 8595
f 9254 9253 8592
f 9253 8589 8592
f 9253 9252 8589
f 9252 8587 8589
f 9252 9251 8587
f 9251 8585 8587
f 9251 9250 8585
f 9249 8582 9250
f 9250 8582 8585
f 9249 8580 8582
f 9249 9248 8580
f 9248 8578 8580
f 9248 9247 8578
f 9247 8576 8578
f 9247 9246 8576
f 9246 8572 8576
f 9246 9245 8572
f 9245 8570 8572
f 9245 9244 8570
f 9244 8567 8570
f 9244 9243 8567
f 9243 8565 8567
f 9243 9242 8565
f 9242 8562 8565
f 9242 9241 8562
f 9240 8560 9241
f 9241 8560 8562
f 9240 8558 8560
f 9240 9239 8558
f 9239 8556 8558
f 9239 9238 8556
f 9238 8553 8556
f 9238 9237 8553
f 9237 8551 8553
f 9237 9236 8551
f 9236 8548 8551
f 9236 9235 8548
f 9235 8546 8548
f 9235 9234 8546
f 9234 8543 8546
f 9234 9233 8543
f 9233 8542 8543
f 9233 9232 8542
f 9231 8540 9232
f 9232 8540 8542
f 9231 8538 8540
f 9231 9230 8538
f 9230 8535 8538
f 9230 9229 8535
f 9229 8532 8535
f 9229 9228 8532
f 9228 8529 8532
f 9228 9227 8529
f 9227 8527 8529
f 9227 9226 8527
f 9226 8524 8527
f 9226 9225 8524
f 9225 8522 8524
f 9225 9224 8522
f 9224 8519 8522
f 9224 9223 8519
f 9222 8517 9223
f 9223 8517 8519
f 9222 8515 8517
f 9222 9221 8515
f 9221 8513 8515
f 9221 9220 8513
f 9220 8511 8513
f 9220 9219 8511
f 9219 8508 8511
f 9219 9218 8508
f 9218 8506 8508
f 9218 9217 8506
f 9217 8504 8506
f 9217 9216 8504
f 9216 8502 8504
f 9216 9215 8502
f 9215 8499 8502
f 9215 9214 8499
f 9213 8496 9214
f 9214 8496 8499
f 9213 8495 8496
f 9213 9212 8495
f 9212 8493 8495
f 9212 9211 8493
f 9211 8490 8493
f 9211 9210 8490
f 9210 8488 8490
f 9210 9209 8488
f 9209 8485 8488
f 9209 9208 8485
f 9208 8483 8485
f 9208 9207 8483
f 9207 8480 8483
f 9207 9206 8480
f 9206 8478 8480
f 9206 9205 8478
f 9204 8475 9205
f 9205 8475 8478
f 9204 8473 8475
f 9204 9203 8473
f 9203 8471 8473
f 9203 9202 8471
f 9202 8469 8471
f 9202 9201 8469
f 9201 8466 8469
f 9201 9200 8466
f 9200 8463 8466
f 9200 9199 8463
f 9199 8461 8463
f 9199 9198 8461
f 9198 8459 8461
f 9198 9197 8459
f 9197 8455 8459
f 9197 9196 8455
f 9195 8453 9196
f 9196 8453 8455
f 9195 8451 8453
f 9195 9194 8451
f 9194 8449 8451
f 9194 9193 8449
f 9193 8446 8449
f 9193 9192 8446
f 9192 8444 8446
f 9192 9191 8444
f 9191 8442 8444
f 9191 9190 8442
f 9190 8439 8442
f 9190 9189 8439
f 9189 8437 8439
f 9189 9188 8437
f 9188 8435 8437
f 9188 9187 8435
f 9186 8433 9187
f 9187 8433 8435
f 9186 8431 8433
f 9186 9185 8431
f 9185 8428 8431
f 9185 9184 8428
f 9184 8425 8428
f 9184 9183 8425
f 9183 8423 8425
f 9183 9182 8423
f 9182 8421 8423
f 9182 9181 8421
f 9181 8418 8421
f 9181 9180 8418
f 9180 8415 8418
f 9180 9179 8415
f 9179 8412 8415
f 9179 9178 8412
f 9177 8410 9178
f 9178 8410 8412
f 9177 8408 8410
f 9177 9176 8408
f 9176 8406 8408
f 9176 9175 8406
f 9175 8404 8406
f 9175 9174 8404
f 9174 8401 8404
f 9174 9173 8401
f 9173 8399 8401
f 9173 9172 8399
f 9172 8396 8399
f 9172 9171 8396
f 9171 8393 8396
f 9171 9170 8393
f 9170 8392 8393
f 9170 9169 8392
f 9168 8390 9169
f 9169 8390 8392
f 9168 8388 8390
f 9168 9167 8388
f 9167 8386 8388
f 9167 9166 8386
f 9166 8383 8386
f 9166 9165 8383
f 9165 8381 8383
f 9165 9164 8381
f 9164 8377 8381
f 9164 9163 8377
f 9163 8375 8377
f 9163 9162 8375
f 9162 8372 8375
f 9162 9161 8372
f 9161 8370 8372
f 9161 9160 8370
f 9159 8367 9160
f 9160 8367 8370
f 9159 8365 8367
f 9159 9158 8365
f 9158 8363 8365
f 9158 9157 8363
f 9157 8361 8363
f 9157 9156 8361
f 9156 8358 8361
f 9156 9155 8358
f 9155 8356 8358
f 9155 9154 8356
f 9154 8353 8356
f 9154 9153 8353
f 9153 8351 8353
f 9153 9152 8351
f 9152 8348 8351
f 9152 9151 8348
f 9150 8346 9151
f 9151 8346 8348
f 9150 8344 8346
f 9150 9149 8344
f 9149 8343 8344
f 9149 9148 8343
f 9148 8340 8343
f 9148 9147 8340
f 9147 8337 8340
f 9147 9146 8337
f 9146 8334 8337
f 9146 9145 8334
f 9145 8332 8334
f 9145 9144 8332
f 9144 8330 8332
f 9144 9143 8330
f 9143 8328 8330
f 9143 9142 8328
f 9141 8326 9142
f 9142 8326 8328
f 9141 8324 8326
f 9141 9140 8324
f 9140 8321 8324
f 9140 9139 8321
f 9139 8319 8321
f 9139 9138 8319
f 9138 8315 8319
f 9138 9137 8315
f 9137 8314 8315
f 9137 9136 8314
f 9136 8311 8314
f 9136 9135 8311
f 9135 8309 8311
f 9135 9134 8309
f 9134 8306 8309
f 9134 9133 8306
f 9132 8304 9133
f 9133 8304 8306
f 9132 8302 8304
f 9132 9131 8302
f 9131 8299 8302
f 9131 9130 8299
f 9130 8297 8299
f 9130 9129 8297
f 9129 8294 8297
f 9129 9128 8294
f 9128 8292 8294
f 9128 9127 8292
f 9127 8289 8292
f 9127 9126 8289
f 9126 8287 8289
f 9126 9125 8287
f 9125 8285 8287
f 9125 9124 8285
f 9123 8283 9124
f 9124 8283 8285
f 9123 8281 8283
f 9123 9122 8281
f 9122 8279 8281
f 9122 9121 8279
f 9121 8276 8279
f 9121 9120 8276
f 9120 8273 8276
f 9120 9119 8273
f 9119 8271 8273
f 9119 9118 8271
f 9118 8268 8271
f 9118 9117 8268
f 9117 8266 8268
f 9117 9116 8266
f 9116 8264 8266
f 9116 9115 8264
f 9114 8261 9115
f 9115 8261 8264
f 9114 8258 8261
f 9114 9113 8258
f 9113 8256 8258
f 9113 9112 8256
f 9112 8254 8256
f 9112 9111 8254
f 9111 8251 8254
f 9111 9110 8251
f 9110 8249 8251
f 9110 9109 8249
f 9109 8246 8249
f 9109 9108 8246
f 9108 8244 8246
f 9108 9107 8244
f 9107 8241 8244
f 9107 9106 8241
f 9105 8240 9106
f 9106 8240 8241
f 9105 8238 8240
f 9105 9104 8238
f 9104 8235 8238
f 9104 9103 8235
f 9103 8233 8235
f 9103 9102 8233
f 9102 8231 8233
f 9102 9101 8231
f 9101 8228 8231
f 9101 9100 8228
f 9100 8226 8228
f 9100 9099 8226
f 9099 8223 8226
f 9099 9098 8223
f 9098 8220 8223
f 9098 9097 8220
f 9096 8218 9097
f 9097 8218 8220
f 9096 8216 8218
f 9096 9095 8216
f 9095 8213 8216
f 9095 9094 8213
f 9094 8211 8213
f 9094 9093 8211
f 9093 8208 8211
f 9093 9092 8208
f 9092 8206 8208
f 9092 9091 8206
f 9091 8203 8206
f 9091 9090 8203
f 9090 8201 8203
f 9090 9089 8201
f 9089 8198 8201
f 9089 9088 8198
f 9087 8196 9088
f 9088 8196 8198
f 9087 8194 8196
f 9087 9086 8194
f 9086 8192 8194
f 9086 9085 8192
f 9085 8190 8192
f 9085 9084 8190
f 9084 8188 8190
f 9084 9083 8188
f 9083 8185 8188
f 9083 9082 8185
f 9082 8182 8185
f 9082 9081 8182
f 9081 8179 8182
f 9081 9080 8179
f 9080 8177 8179
f 9080 9079 8177
f 9078 8175 9079
f 9079 8175 8177
f 9078 8173 8175
f 9078 9077 8173
f 9077 8171 8173
f 9077 9076 8171
f 9076 8168 8171
f 9076 9075 8168
f 9075 8166 8168
f 9075 9074 8166
f 9074 8163 8166
f 9074 9073 8163
f 9073 8161 8163
f 9073 9072 8161
f 9072 8158 8161
f 9072 9071 8158
f 9071 8157 8158
f 9071 9070 8157
f 9069 8154 9070
f 9070 8154 8157
f 9069 8152 8154
f 9069 9068 8152
f 9068 8149 8152
f 9068 9067 8149
f 9067 8147 8149
f 9067 9066 8147
f 9066 8145 8147
f 9066 9065 8145
f 9065 8143 8145
f 9065 9064 8143
f 9064 8140 8143
f 9064 9063 8140
f 9063 8138 8140
f 9063 9062 8138
f 9062 8135 8138
f 9062 9061 8135
f 9060 8133 9061
f 9061 8133 8135
f 9060 8131 8133
f 9060 9059 8131
f 9059 8129 8131
f 9059 9058 8129
f 9058 8126 8129
f 9058 9057 8126
f 9057 8123 8126
f 9057 9056 8123
f 9056 8121 8123
f 9056 9055 8121
f 9055 8119 8121
f 9055 9054 8119
f 9054 8116 8119
f 9054 9053 8116
f 9053 8114 8116
f 9053 9052 8114
f 9051 8112 9052
f 9052 8112 8114
f 9051 8109 8112
f 9051 9050 8109
f 9050 8107 8109
f 9050 9049 8107
f 9049 8104 8107
f 9049 9048 8104
f 9048 8101 8104
f 9048 9047 8101
f 9047 8099 8101
f 9047 9046 8099
f 9046 8096 8099
f 9046 9045 8096
f 9045 8094 8096
f 9045 9044 8094
f 9044 8091 8094
f 9044 9043 8091
f 9042 8089 9043
f 9043 8089 8091
f 9042 8088 8089
f 9042 9041 8088
f 9041 8085 8088
f 9041 9040 8085
f 9040 8083 8085
f 9040 9039 8083
f 9039 8080 8083
f 9039 9038 8080
f 9038 8078 8080
f 9038 9037 8078
f 9037 8076 8078
f 9037 9036 8076
f 9036 8073 8076
f 9036 9035 8073
f 9035 8071 8073
f 9035 9034 8071
f 9033 8069 9034
f 9034 8069 8071
f 9033 8067 8069
f 9033 9032 8067
f 9032 8064 8067
f 9032 9031 8064
f 9031 8061 8064
f 9031 9030 8061
f 9030 8059 8061
f 9030 9029 8059
f 9029 8056 8059
f 9029 9028 8056
f 9028 8054 8056
f 9028 9027 8054
f 9027 8051 8054
f 9027 9026 8051
f 9026 8049 8051
f 9026 9025 8049
f 9024 8046 9025
f 9025 8046 8049
f 9024 8044 8046
f 9024 9023 8044
f 9023 8042 8044
f 9023 9022 8042
f 9022 8040 8042
f 9022 9021 8040
f 9021 8038 8040
f 9021 9020 8038
f 9020 8036 8038
f 9020 9019 8036
f 9019 8033 8036
f 9019 9018 8033
f 9018 8031 8033
f 9018 9017 8031
f 9017 8028 8031
f 9017 9016 8028
f 9015 8025 9016
f 9016 8025 8028
f 9015 8023 8025
f 9015 9014 8023
f 9014 8021 8023
f 9014 9013 8021
f 9013 8018 8021
f 9013 9012 8018
f 9012 8016 8018
f 9012 9011 8016
f 9011 8013 8016
f 9011 9010 8013
f 9010 8011 8013
f 9010 9009 8011
f 9009 8008 8011
f 9009 9008 8008
f 9008 8006 8008
f 9008 9007 8006
f 9006 8004 9007
f 9007 8004 8006
f 9006 8002 8004
f 9006 9005 8002
f 9005 7999 8002
f 9005 9004 7999
f 9004 7997 7999
f 9004 9003 7997
f 9003 7994 7997
f 9003 9002 7994
f 9002 7992 7994
f 9002 9001 7992
f 9001 7989 7992
f 9001 9000 7989
f 9000 7987 7989
f 9000 8999 7987
f 8999 7984 7987
f 8999 8998 7984
f 8997 7983 8998
f 8998 7983 7984
f 8997 7981 7983
f 8997 8996 7981
f 8996 7979 7981
f 8996 8995 7979
f 8995 7976 7979
f 8995 8994 7976
f 8994 7974 7976
f 8994 8993 7974
f 8993 7971 7974
f 8993 8992 7971
f 8992 7969 7971
f 8992 8991 7969
f 8991 7966 7969
f 8991 8990 7966
f 8990 7964 7966
f 8990 8989 7964
f 8988 7962 8989
f 8989 7962 7964
f 8988 7960 7962
f 8988 8987 7960
f 8987 7957 7960
f 8987 8986 7957
f 8986 7955 7957
f 8986 8985 7955
f 8985 7953 7955
f 8985 8984 7953
f 8984 7950 7953
f 8984 8983 7950
f 8983 7947 7950
f 8983 8982 7947
f 8982 7944 7947
f 8982 8981 7944
f 8981 7942 7944
f 8981 8980 7942
f 8979 7939 8980
f 8980 7939 7942
f 8979 7937 7939
f 8979 8978 7937
f 8978 7936 7937
f 8978 8977 7936
f 8977 7933 7936
f 8977 8976 7933
f 8976 7931 7933
f 8976 8975 7931
f 8975 7929 7931
f 8975 8974 7929
f 8974 7926 7929
f 8974 8973 7926
f 8973 7923 7926
f 8973 8972 7923
f 8972 7921 7923
f 8972 8971 7921
f 8970 7919 8971
f 8971 7919 7921
f 8970 7917 7919
f 8970 8969 7917
f 8969 7914 7917
f 8969 8968 7914
f 8968 7912 7914
f 8968 8967 7912
f 8967 7910 7912
f 8967 8966 7910
f 8966 7906 7910
f 8966 8965 7906
f 8965 7904 7906
f 8965 8964 7904
f 8964 7901 7904
f 8964 8963 7901
f 8963 7899 7901
f 8963 8962 7899
f 8961 7897 8962
f 8962 7897 7899
f 8961 7895 7897
f 8961 8960 7895
f 8960 7892 7895
f 8960 8959 7892
f 8959 7890 7892
f 8959 8958 7890
f 8958 7887 7890
f 8958 8957 7887
f 8957 7886 7887
f 8957 8956 7886
f 8956 7883 7886
f 8956 8955 7883
f 8955 7880 7883
f 8955 8954 7880
f 8954 7878 7880
f 8954 8953 7878
f 8952 7876 8953
f 8953 7876 7878
f 8952 7874 7876
f 8952 8951 7874
f 8951 7871 7874
f 8951 8950 7871
f 8950 7868 7871
f 8950 8949 7868
f 8949 7866 7868
f 8949 8948 7866
f 8948 7863 7866
f 8948 8947 7863
f 8947 7861 7863
f 8947 8946 7861
f 8946 7858 7861
f 8946 8945 7858
f 8945 7856 7858
f 8945 8944 7856
f 8943 7854 8944
f 8944 7854 7856
f 8943 7852 7854
f 8943 8942 7852
f 8942 7850 7852
f 8942 8941 7850
f 8941 7847 7850
f 8941 8940 7847
f 8940 7845 7847
f 8940 8939 7845
f 8939 7842 7845
f 8939 8938 7842
f 8938 7840 7842
f 8938 8937 7840
f 8937 7837 7840
f 8937 8936 7837
f 8936 7836 7837
f 8936 8935 7836
f 8934 7833 8935
f 8935 7833 7836
f 8934 7831 7833
f 8934 8933 7831
f 8933 7828 7831
f 8933 8932 7828
f 8932 7826 7828
f 8932 8931 7826
f 8931 7823 7826
f 8931 8930 7823
f 8930 7821 7823
f 8930 8929 7821
f 8929 7818 7821
f 8929 8928 7818
f 8928 7816 7818
f 8928 8927 7816
f 8927 7813 7816
f 8927 8926 7813
f 8925 7811 8926
f 8926 7811 7813
f 8925 7809 7811
f 8925 8924 7809
f 8924 7808 7809
f 8924 8923 7808
f 8923 7805 7808
f 8923 8922 7805
f 8922 7803 7805
f 8922 8921 7803
f 8921 7800 7803
f 8921 8920 7800
f 8920 7798 7800
f 8920 8919 7798
f 8919 7795 7798
f 8919 8918 7795
f 8918 7792 7795
f 8918 8917 7792
f 8916 7789 8917
f 8917 7789 7792
f 8916 7788 7789
f 8916 8915 7788
f 8915 7786 7788
f 8915 8914 7786
f 8914 7784 7786
f 8914 8913 7784
f 8913 7781 7784
f 8913 8912 7781
f 8912 7779 7781
f 8912 8911 7779
f 8911 7776 7779
f 8911 8910 7776
f 8910 7774 7776
f 8910 8909 7774
f 8909 7771 7774
f 8909 8908 7771
f 8907 7769 8908
f 8908 7769 7771
f 8907 7767 7769
f 8907 8906 7767
f 8906 7765 7767
f 8906 8905 7765
f 8905 7762 7765
f 8905 8904 7762
f 8904 7759 7762
f 8904 8903 7759
f 8903 7757 7759
f 8903 8902 7757
f 8902 7754 7757
f 8902 8901 7754
f 8901 7752 7754
f 8901 8900 7752
f 8900 7749 7752
f 8900 8899 7749
f 8898 7747 8899
f 8899 7747 7749
f 8898 7745 7747
f 8898 8897 7745
f 8897 7743 7745
f 8897 8896 7743
f 8896 7740 7743
f 8896 8895 7740
f 8895 7739 7740
f 8895 8894 7739
f 8894 7736 7739
f 8894 8893 7736
f 8893 7734 7736
f 8893 8892 7734
f 8892 7731 7734
f 8892 8891 7731
f 8891 7729 7731
f 8891 8890 7729
f 8889 7726 8890
f 8890 7726 7729
f 8889 7724 7726
f 8889 8888 7724
f 8888 7722 7724
f 8888 8887 7722
f 8887 7719 7722
f 8887 8886 7719
f 8886 7716 7719
f 8886 8885 7716
f 8885 7715 7716
f 8885 8884 7715
f 8884 7711 7715
f 8884 8883 7711
f 8883 7709 7711
f 8883 8882 7709
f 8882 7706 7709
f 8882 8881 7706
f 8880 7704 8881
f 8881 7704 7706
f 8880 7702 7704
f 8880 8879 7702
f 8879 7700 7702
f 8879 8878 7700
f 8878 7697 7700
f 8878 8877 7697
f 8877 7695 7697
f 8877 8876 7695
f 8876 7692 7695
f 8876 8875 7692
f 8875 7690 7692
f 8875 8874 7690
f 8874 7687 7690
f 8874 8873 7687
f 8873 7685 7687
f 8873 8872 7685
f 8871 7683 8872
f 8872 7683 7685
f 8871 7681 7683
f 8871 8870 7681
f 8870 7679 7681
f 8870 8869 7679
f 8869 7676 7679
f 8869 8868 7676
f 8868 7674 7676
f 8868 8867 7674
f 8867 7671 7674
f 8867 8866 7671
f 8866 7668 7671
f 8866 8865 7668
f 8865 7666 7668
f 8865 8864 7666
f 8864 7663 7666
f 8864 8863 7663
f 8862 7661 8863
f 8863 7661 7663
f 8862 7659 7661
f 8862 8861 7659
f 8861 7657 7659
f 8861 8860 7657
f 8860 7654 7657
f 8860 8859 7654
f 8859 7652 7654
f 8859 8858 7652
f 8858 7649 7652
f 8858 8857 7649
f 8857 7647 7649
f 8857 8856 7647
f 8856 7644 7647
f 8856 8855 7644
f 8855 7642 7644
f 8855 8854 7642
f 8853 7640 8854
f 8854 7640 7642
f 8853 7638 7640
f 8853 8852 7638
f 8852 7636 7638
f 8852 8851 7636
f 8851 7634 7636
f 8851 8850 7634
f 8850 7632 7634
f 8850 8849 7632
f 8849 7629 7632
f 8849 8848 7629
f 8848 7626 7629
f 8848 8847 7626
f 8847 7624 7626
f 8847 8846 7624
f 8846 7621 7624
f 8846 8845 7621
f 8844 7619 8845
f 8845 7619 7621
f 8844 7617 7619
f 8844 8843 7617
f 8843 7615 7617
f 8843 8842 7615
f 8842 7613 7615
f 8842 8841 7613
f 8841 7610 7613
f 8841 8840 7610
f 8840 7608 7610
f 8840 8839 7608
f 8839 7605 7608
f 8839 8838 7605
f 8838 7602 7605
f 8838 8837 7602
f 8837 7600 7602
f 8837 8836 7600
f 8835 7598 8836
f 8836 7598 7600
f 8835 7596 7598
f 8835 8834 7596
f 8834 7593 7596
f 8834 8833 7593
f 8833 7590 7593
f 8833 8832 7590
f 8832 7589 7590
f 8832 8831 7589
f 8831 7586 7589
f 8831 8830 7586
f 8830 7584 7586
f 8830 8829 7584
f 8829 7581 7584
f 8829 8828 7581
f 8828 7579 7581
f 8828 8827 7579
f 8826 7576 8827
f 8827 7576 7579
f 8826 7574 7576
f 8826 8825 7574
f 8825 7572 7574
f 8825 8824 7572
f 8824 7570 7572
f 8824 8823 7570
f 8823 7567 7570
f 8823 8822 7567
f 8822 7564 7567
f 8822 8821 7564
f 8821 7562 7564
f 8821 8820 7562
f 8820 7560 7562
f 8820 8819 7560
f 8819 7557 7560
f 8819 8818 7557
f 8817 7554 8818
f 8818 7554 7557
f 8817 7552 7554
f 8817 8816 7552
f 8816 7550 7552
f 8816 8815 7550
f 8815 7547 7550
f 8815 8814 7547
f 8814 7545 7547
f 8814 8813 7545
f 8813 7542 7545
f 8813 8812 7542
f 8812 7540 7542
f 8812 8811 7540
f 8811 7537 7540
f 8811 8810 7537
f 8810 7535 7537
f 8810 8809 7535
f 8808 7534 8809
f 8809 7534 7535
f 8808 7532 7534
f 8808 8807 7532
f 8807 7530 7532
f 8807 8806 7530
f 8806 7527 7530
f 8806 8805 7527
f 8805 7524 7527
f 8805 8804 7524
f 8804 7522 7524
f 8804 8803 7522
f 8803 7519 7522
f 8803 8802 7519
f 8802 7516 7519
f 8802 8801 7516
f 8801 7513 7516
f 8801 8800 7513
f 8799 7511 8800
f 8800 7511 7513
f 8799 7509 7511
f 8799 8798 7509
f 8798 7507 7509
f 8798 8797 7507
f 8797 7505 7507
f 8797 8796 7505
f 8796 7502 7505
f 8796 8795 7502
f 8795 7500 7502
f 8795 8794 7500
f 8794 7497 7500
f 8794 8793 7497
f 8793 7495 7497
f 8793 8792 7495
f 8792 7492 7495
f 8792 8791 7492
f 8790 7490 8791
f 8791 7490 7492
f 8790 7488 7490
f 8790 8789 7488
f 8789 7486 7488
f 8789 8788 7486
f 8788 7484 7486
f 8788 8787 7484
f 8787 7481 7484
f 8787 8786 7481
f 8786 7479 7481
f 8786 8785 7479
f 8785 7476 7479
f 8785 8784 7476
f 8784 7473 7476
f 8784 8783 7473
f 8783 7471 7473
f 8783 8782 7471
f 8781 7469 8782
f 8782 7469 7471
f 8781 7467 7469
f 8781 8780 7467
f 8780 7465 7467
f 8780 7463 7465
f 8780 8779 7463
f 8779 7461 7463
f 8779 8778 7461
f 8778 7459 7461
f 8778 8777 7459
f 8777 7457 7459
f 8777 8776 7457
f 8776 7455 7457
f 8776 8775 7455
f 8775 7454 7455
f 8775 8774 7454
f 8774 7451 7454
f 8774 8773 7451
f 8772 7452 8773
f 8773 7452 7451
f 8772 8747 7452
f 9303 9304 8741
f 9305 8742 9304
f 9304 8742 8741
f 9306 8743 9305
f 9305 8743 8742
f 9306 9307 8743
f 9307 8744 8743
f 9307 9308 8744
f 9308 8745 8744
f 9309 8746 9308
f 9308 8746 8745
f 9310 9311 9309
f 9309 9311 8746
f 9312 9313 9310
f 9310 9313 9311
f 9314 9315 9312
f 9312 9315 9313
f 9314 9316 9315
f 9314 9317 9316
f 9317 9318 9316
f 9317 9319 9318
f 9320 9321 9319
f 9319 9321 9318
f 9320 9322 9321
f 9323 9324 9322
f 9322 9324 9321
f 9325 9326 9323
f 9323 9326 9324
f 9325 9327 9326
f 9325 9328 9327
f 9328 8740 9327
f 9329 8738 9328
f 9328 8738 8740
f 9330 8736 9329
f 9329 8736 8738
f 9331 8737 9330
f 9330 8737 8736
f 9331 8739 8737
f 9331 9303 8739
f 9303 8741 8739
f 8756 8762 8757
f 8756 8763 8762
f 8756 8759 8763
f 8759 8764 8763
f 8759 8761 8764
f 8761 8765 8764
f 8761 8760 8765
f 8760 8766 8765
f 8760 8758 8766
f 8758 8767 8766
f 8758 8754 8767
f 8754 8768 8767
f 8754 8753 8768
f 8751 9332 8753
f 8753 9332 8768
f 8751 8750 9332
f 7445 9333 8750
f 8750 9333 9332
f 7444 9334 7445
f 7445 9334 9333
f 7447 8747 7444
f 7444 8747 9334
f 8772 9334 8747
f 8772 8771 9334
f 8771 9333 9334
f 8771 8770 9333
f 8770 9332 9333
f 8770 8769 9332
f 8768 9332 8769
f 9335 9304 9336
f 9336 9304 9303
f 9337 9305 9335
f 9335 9305 9304
f 9338 9306 9337
f 9337 9306 9305
f 9339 9307 9338
f 9338 9307 9306
f 9340 9308 9339
f 9339 9308 9307
f 9341 9309 9340
f 9340 9309 9308
f 9341 9310 9309
f 9342 9312 9341
f 9341 9312 9310
f 9343 9314 9342
f 9342 9314 9312
f 9344 9317 9343
f 9343 9317 9314
f 8740 7429 9327
f 9327 7427 9326
f 7429 7427 9327
f 7427 7425 9326
f 7425 9324 9326
f 7425 7423 9324
f 7422 9321 7423
f 7423 9321 9324
f 7399 8746 7401
f 7412 9318 7422
f 7422 9318 9321
f 7404 9316 7412
f 7412 9316 9318
f 7401 9311 7407
f 8746 9311 7401
f 7406 9315 7404
f 7404 9315 9316
f 7407 9313 7406
f 9311 9313 7407
f 7406 9313 9315
f 9344 9319 9317
f 9345 9319 9344
f 9345 9320 9319
f 9346 9322 9345
f 9345 9322 9320
f 9347 9323 9348
f 9348 9323 9346
f 9346 9323 9322
f 9349 9325 9350
f 9350 9325 9347
f 9347 9325 9323
f 9351 9328 9349
f 9349 9328 9325
f 9352 9329 9351
f 9351 9329 9328
f 9353 9330 9352
f 9352 9330 9329
f 9354 9331 9353
f 9353 9331 9330
f 9336 9303 9354
f 9354 9303 9331
f 9339 9338 9355
f 9339 9355 9356
f 9357 9339 9356
f 9340 9339 9357
f 9358 9340 9357
f 9341 9340 9358
f 9359 9341 9358
f 9342 9341 9359
f 9360 9342 9359
f 9344 9343 9361
f 9362 9344 9361
f 9345 9344 9362
f 9363 9345 9362
f 9346 9345 9363
f 9364 9346 9363
f 9348 9346 9364
f 9365 9348 9364
f 9366 9365 9364
f 9367 9343 9342
f 9367 9360 9361
f 9367 9342 9360
f 9367 9361 9343
f 9347 9365 9366
f 9347 9348 9365
f 9368 9350 9347
f 9368 9347 9366
f 9349 9350 9368
f 9369 9349 9368
f 9351 9349 9369
f 9370 9353 9352
f 9370 9352 9371
f 9354 9353 9370
f 9372 9354 9370
f 9373 9335 9336
f 9373 9336 9374
f 9375 9335 9373
f 9337 9335 9375
f 9376 9337 9375
f 9338 9337 9376
f 9355 9338 9376
f 9356 9355 9376
f 9377 9352 9351
f 9377 9371 9352
f 9378 9369 9371
f 9378 9371 9377
f 9378 9351 9369
f 9378 9377 9351
f 9379 9336 9354
f 9379 9354 9372
f 9380 9372 9374
f 9380 9374 9336
f 9380 9379 9372
f 9380 9336 9379
f 9363 9381 9364
f 9364 9381 9366
f 9366 9381 9368
f 9361 9382 9362
f 9362 9382 9363
f 9363 9382 9381
f 9368 9383 9369
f 9369 9383 9371
f 9381 9383 9368
f 9361 9360 9382
f 9383 9370 9371
f 9360 9384 9382
f 9360 9359 9384
f 9383 9385 9370
f 9385 9372 9370
f 9359 9358 9384
f 9385 9374 9372
f 9386 9373 9385
f 9385 9373 9374
f 9384 9357 9386
f 9358 9357 9384
f 9386 9375 9373
f 9357 9356 9386
f 9356 9376 9386
f 9386 9376 9375
f 9383 9387 9385
f 9387 9388 9385
f 9385 9388 9386
f 9388 9389 9386
f 9381 9390 9383
f 9390 9387 9383
f 9391 9388 9387
f 9391 9387 9390
f 9392 9389 9388
f 9392 9388 9391
f 9389 9392 9386
f 9386 9392 9384
f 9382 9391 9381
f 9391 9390 9381
f 9384 9392 9382
f 9392 9391 9382
f 9393 9394 9395
f 9393 9395 9396
f 9393 9396 9397
f 9393 9397 9398
f 9393 9398 9399
f 9400 9393 9399
f 9401 9402 9403
f 9401 9403 9400
f 9404 9402 9405
f 9406 9404 9405
f 9407 9406 9405
f 9408 9407 9405
f 9409 9408 9405
f 9410 9409 9405
f 9411 9403 9393
f 9412 9411 9393
f 9412 9400 9403
f 9412 9393 9400
f 9412 9403 9411
f 9413 9402 9401
f 9413 9405 9402
f 9414 9401 9405
f 9414 9413 9401
f 9414 9405 9413
f 9398 9415 9399
f 9416 9417 9418
f 9419 9395 9394
f 9420 9419 9394
f 9421 9397 9396
f 9421 9398 9397
f 9421 9415 9398
f 9421 9396 9422
f 9423 9422 9416
f 9423 9418 9415
f 9423 9416 9418
f 9423 9421 9422
f 9423 9415 9421
f 9424 9396 9395
f 9424 9395 9419
f 9425 9426 9422
f 9425 9419 9426
f 9425 9396 9424
f 9425 9424 9419
f 9425 9422 9396
f 9393 9427 9394
f 9403 9428 9393
f 9393 9428 9427
f 9402 9429 9403
f 9403 9429 9428
f 9404 9430 9402
f 9402 9430 9429
f 9431 9432 9433
f 9433 9432 9434
f 9432 9435 9436
f 9431 9437 9432
f 9438 9437 9431
f 9432 9437 9435
f 9439 9440 9438
f 9438 9440 9437
f 9441 9442 9439
f 9439 9442 9440
f 9443 9444 9441
f 9441 9444 9442
f 9445 9446 9447
f 9447 9446 9448
f 9446 9449 9450
f 9445 9417 9446
f 9446 9417 9449
f 9451 9418 9445
f 9445 9418 9417
f 9452 9415 9451
f 9451 9415 9418
f 9453 9399 9452
f 9452 9399 9415
f 9454 9455 9443
f 9443 9455 9444
f 9456 9457 9454
f 9454 9457 9455
f 9458 9459 9456
f 9456 9459 9457
f 9455 9460 9444
f 9444 9460 9461
f 9458 9462 9459
f 9463 9464 9458
f 9458 9464 9462
f 9461 9465 9466
f 9460 9465 9461
f 9467 9468 9463
f 9463 9468 9464
f 9465 9469 9466
f 9466 9469 9453
f 9453 9469 9399
f 9469 9400 9399
f 9467 9470 9468
f 9469 9471 9400
f 9467 9472 9470
f 9472 9473 9470
f 9471 9401 9400
f 9474 9401 9471
f 9472 9475 9473
f 9476 9477 9475
f 9476 9478 9477
f 9479 9478 9476
f 9477 9480 9475
f 9475 9480 9473
f 9479 9481 9478
f 9482 9481 9479
f 9482 9483 9481
f 9484 9483 9485
f 9485 9483 9482
f 9483 9486 9481
f 9487 9486 9483
f 9480 9488 9473
f 9473 9488 9489
f 9474 9405 9401
f 9490 9405 9474
f 9490 9410 9405
f 9491 9410 9490
f 9488 9492 9489
f 9489 9492 9493
f 9492 9494 9493
f 9495 9496 9497
f 9495 9498 9496
f 9499 9498 9495
f 9500 9501 9502
f 9502 9501 9499
f 9496 9503 9497
f 9497 9503 9494
f 9499 9504 9498
f 9501 9504 9499
f 9491 9505 9410
f 9506 9505 9491
f 9507 9508 9501
f 9501 9508 9504
f 9494 9509 9493
f 9503 9509 9494
f 9493 9509 9510
f 9506 9511 9505
f 9509 9511 9510
f 9510 9511 9506
f 9512 9430 9404
f 9513 9514 9512
f 9512 9514 9430
f 9515 9516 9513
f 9513 9516 9514
f 9517 9518 9515
f 9515 9518 9516
f 9519 9520 9521
f 9519 9521 9522
f 9523 9524 9520
f 9523 9520 9519
f 9525 9523 9526
f 9527 9524 9523
f 9527 9523 9525
f 9528 9527 9529
f 9530 9524 9527
f 9530 9527 9528
f 9530 9528 9531
f 9532 9524 9530
f 9532 9533 9524
f 9534 9535 9536
f 9537 9534 9536
f 9537 9536 9533
f 9537 9533 9532
f 9537 9532 9538
f 9539 9535 9534
f 9539 9540 9535
f 9541 9542 9543
f 9544 9545 9540
f 9544 9540 9539
f 9546 9537 9538
f 9547 9542 9541
f 9548 9549 9542
f 9550 9547 9551
f 9552 9547 9550
f 9552 9542 9547
f 9552 9548 9542
f 9553 9554 9548
f 9553 9552 9555
f 9553 9555 9556
f 9553 9548 9552
f 9427 9554 9553
f 9557 9545 9544
f 9558 9545 9557
f 9559 9546 9554
f 9559 9537 9546
f 9559 9554 9427
f 9560 9558 9557
f 9428 9559 9427
f 9561 9558 9560
f 9562 9561 9560
f 9563 9559 9428
f 9564 9561 9562
f 9565 9561 9564
f 9429 9563 9428
f 9429 9566 9563
f 9567 9568 9569
f 9570 9571 9567
f 9570 9567 9569
f 9572 9569 9565
f 9572 9565 9564
f 9573 9574 9575
f 9573 9575 9570
f 9576 9570 9569
f 9576 9573 9570
f 9576 9569 9572
f 9577 9572 9564
f 9578 9579 9573
f 9578 9573 9576
f 9580 9581 9579
f 9580 9579 9578
f 9430 9582 9566
f 9430 9566 9429
f 9430 9583 9582
f 9584 9577 9564
f 9584 9564 9585
f 9586 9584 9585
f 9587 9588 9589
f 9590 9587 9589
f 9591 9592 9593
f 9591 9593 9590
f 9518 9586 9585
f 9594 9590 9589
f 9594 9586 9518
f 9594 9589 9586
f 9514 9583 9430
f 9514 9595 9583
f 9596 9591 9590
f 9596 9590 9594
f 9596 9597 9598
f 9596 9598 9591
f 9599 9596 9594
f 9516 9518 9585
f 9516 9595 9514
f 9516 9585 9595
f 9427 9420 9394
f 9553 9420 9427
f 9464 9600 9601
f 9468 9602 9600
f 9468 9600 9464
f 9470 9603 9602
f 9470 9602 9468
f 9473 9604 9603
f 9473 9603 9470
f 9489 9605 9604
f 9489 9604 9473
f 9493 9606 9605
f 9493 9605 9489
f 9510 9607 9606
f 9510 9606 9493
f 9506 9608 9607
f 9506 9607 9510
f 9491 9609 9608
f 9491 9608 9506
f 9490 9609 9491
f 9490 9610 9609
f 9474 9611 9612
f 9474 9612 9610
f 9474 9610 9490
f 9471 9613 9611
f 9471 9611 9474
f 9469 9614 9613
f 9469 9613 9471
f 9465 9615 9614
f 9465 9614 9469
f 9460 9616 9615
f 9460 9615 9465
f 9455 9617 9616
f 9455 9616 9460
f 9457 9618 9617
f 9457 9617 9455
f 9459 9618 9457
f 9462 9601 9618
f 9462 9618 9459
f 9464 9601 9462
f 9619 9620 9621
f 9619 9621 9622
f 9619 9622 9623
f 9619 9623 9624
f 9619 9624 9475
f 9472 9619 9475
f 9625 9619 9472
f 9467 9625 9472
f 9626 9627 9456
f 9454 9626 9456
f 9443 9626 9454
f 9628 9626 9443
f 9629 9628 9443
f 9630 9629 9443
f 9631 9630 9443
f 9632 9631 9443
f 9441 9632 9443
f 9633 9467 9463
f 9633 9634 9625
f 9633 9625 9467
f 9633 9463 9634
f 9635 9636 9634
f 9635 9634 9463
f 9637 9463 9458
f 9637 9635 9463
f 9637 9636 9635
f 9637 9458 9636
f 9638 9627 9636
f 9638 9636 9458
f 9639 9458 9456
f 9639 9456 9627
f 9639 9627 9638
f 9639 9638 9458
f 9624 9476 9475
f 9640 9482 9479
f 9641 9621 9620
f 9642 9641 9620
f 9643 9623 9622
f 9643 9624 9623
f 9643 9479 9476
f 9643 9476 9624
f 9644 9645 9640
f 9644 9640 9479
f 9644 9479 9643
f 9646 9622 9621
f 9646 9643 9622
f 9646 9621 9641
f 9647 9648 9645
f 9647 9641 9648
f 9647 9644 9643
f 9647 9646 9641
f 9647 9643 9646
f 9647 9645 9644
f 9649 9478 9481
f 9650 9488 9480
f 9651 9652 9653
f 9654 9655 9651
f 9656 9657 9658
f 9656 9649 9657
f 9656 9477 9478
f 9656 9478 9649
f 9659 9660 9661
f 9659 9661 9650
f 9659 9480 9477
f 9659 9650 9480
f 9659 9477 9656
f 9662 9658 9652
f 9662 9656 9658
f 9662 9652 9651
f 9663 9655 9660
f 9663 9659 9656
f 9663 9660 9659
f 9663 9656 9662
f 9663 9651 9655
f 9663 9662 9651
f 9650 9492 9488
f 9661 9664 9650
f 9650 9664 9492
f 9660 9665 9661
f 9661 9665 9664
f 9655 9666 9660
f 9660 9666 9665
f 9654 9667 9655
f 9655 9667 9666
f 9654 9668 9667
f 9664 9494 9492
f 9669 9499 9495
f 9670 9667 9668
f 9671 9672 9670
f 9673 9664 9665
f 9673 9497 9494
f 9673 9494 9664
f 9674 9675 9669
f 9674 9495 9497
f 9674 9669 9495
f 9674 9497 9673
f 9676 9665 9666
f 9676 9666 9667
f 9676 9673 9665
f 9676 9667 9670
f 9677 9678 9675
f 9677 9672 9678
f 9677 9674 9673
f 9677 9675 9674
f 9677 9673 9676
f 9677 9676 9670
f 9677 9670 9672
f 9679 9498 9504
f 9680 9503 9496
f 9517 9681 9682
f 9517 9683 9681
f 9684 9685 9686
f 9684 9679 9685
f 9684 9496 9498
f 9684 9498 9679
f 9684 9686 9687
f 9688 9687 9689
f 9688 9689 9680
f 9688 9680 9496
f 9688 9496 9684
f 9688 9684 9687
f 9690 9686 9681
f 9690 9687 9686
f 9690 9681 9683
f 9691 9683 9687
f 9691 9690 9683
f 9691 9687 9690
f 9512 9404 9406
f 9512 9406 9407
f 9512 9407 9408
f 9512 9408 9409
f 9512 9409 9410
f 9505 9512 9410
f 9511 9515 9513
f 9511 9513 9505
f 9517 9515 9509
f 9683 9517 9509
f 9687 9683 9509
f 9689 9687 9509
f 9680 9689 9509
f 9503 9680 9509
f 9692 9513 9512
f 9693 9505 9513
f 9693 9512 9505
f 9693 9513 9692
f 9693 9692 9512
f 9694 9515 9511
f 9694 9509 9515
f 9695 9511 9509
f 9695 9694 9511
f 9695 9509 9694
f 9696 9451 9445
f 9697 9466 9453
f 9698 9699 9700
f 9701 9702 9698
f 9703 9452 9451
f 9703 9704 9705
f 9703 9696 9704
f 9703 9451 9696
f 9706 9707 9708
f 9706 9708 9697
f 9706 9453 9452
f 9706 9697 9453
f 9706 9452 9703
f 9709 9705 9699
f 9709 9703 9705
f 9709 9699 9698
f 9710 9702 9707
f 9710 9706 9703
f 9710 9707 9706
f 9710 9703 9709
f 9710 9698 9702
f 9710 9709 9698
f 9697 9461 9466
f 9708 9711 9697
f 9697 9711 9461
f 9707 9712 9708
f 9708 9712 9711
f 9702 9713 9707
f 9707 9713 9712
f 9701 9714 9702
f 9702 9714 9713
f 9701 9715 9714
f 9711 9444 9461
f 9716 9437 9440
f 9717 9714 9715
f 9718 9719 9717
f 9720 9442 9444
f 9720 9711 9712
f 9720 9444 9711
f 9721 9722 9716
f 9721 9440 9442
f 9721 9442 9720
f 9721 9716 9440
f 9723 9712 9713
f 9723 9713 9714
f 9723 9720 9712
f 9723 9714 9717
f 9724 9725 9722
f 9724 9719 9725
f 9724 9721 9720
f 9724 9720 9723
f 9724 9722 9721
f 9724 9723 9717
f 9724 9717 9719
f 9726 9438 9431
f 9632 9441 9439
f 9629 9727 9728
f 9628 9629 9728
f 9729 9730 9731
f 9729 9726 9730
f 9729 9438 9726
f 9732 9631 9632
f 9732 9439 9438
f 9732 9632 9439
f 9732 9438 9729
f 9733 9731 9727
f 9733 9729 9731
f 9733 9727 9629
f 9734 9630 9631
f 9734 9629 9630
f 9734 9732 9729
f 9734 9733 9629
f 9734 9631 9732
f 9734 9729 9733
f 9518 9682 9594
f 9518 9517 9682
f 9735 9559 9736
f 9537 9559 9735
f 9559 9737 9736
f 9563 9738 9737
f 9563 9737 9559
f 9566 9738 9563
f 9582 9739 9738
f 9582 9738 9566
f 9582 9740 9739
f 9583 9741 9740
f 9583 9740 9582
f 9595 9741 9583
f 9585 9742 9741
f 9585 9741 9595
f 9742 9585 9743
f 9585 9564 9743
f 9562 9744 9743
f 9562 9743 9564
f 9560 9745 9744
f 9560 9744 9562
f 9557 9746 9745
f 9557 9745 9560
f 9544 9747 9746
f 9544 9746 9557
f 9539 9747 9544
f 9534 9748 9747
f 9534 9747 9539
f 9537 9735 9748
f 9537 9748 9534
f 9749 9576 9653
f 9750 9578 9751
f 9751 9578 9749
f 9749 9578 9576
f 9750 9580 9578
f 9752 9581 9750
f 9750 9581 9580
f 9753 9579 9752
f 9752 9579 9581
f 9754 9573 9753
f 9753 9573 9579
f 9754 9574 9573
f 9755 9575 9754
f 9754 9575 9574
f 9755 9570 9575
f 9756 9571 9755
f 9755 9571 9570
f 9756 9567 9571
f 9642 9568 9756
f 9756 9568 9567
f 9642 9569 9568
f 9577 9668 9654
f 9584 9668 9577
f 9757 9594 9682
f 9758 9599 9757
f 9757 9599 9594
f 9759 9596 9758
f 9758 9596 9599
f 9759 9597 9596
f 9760 9598 9759
f 9759 9598 9597
f 9761 9591 9760
f 9760 9591 9598
f 9761 9592 9591
f 9762 9593 9761
f 9761 9593 9592
f 9763 9590 9762
f 9762 9590 9593
f 9763 9587 9590
f 9671 9588 9763
f 9763 9588 9587
f 9671 9589 9588
f 9764 9548 9700
f 9765 9549 9764
f 9764 9549 9548
f 9766 9542 9765
f 9765 9542 9549
f 9766 9543 9542
f 9767 9541 9766
f 9766 9541 9543
f 9768 9547 9767
f 9767 9547 9541
f 9768 9551 9547
f 9769 9550 9768
f 9768 9550 9551
f 9770 9552 9769
f 9769 9552 9550
f 9770 9555 9552
f 9420 9556 9770
f 9770 9556 9555
f 9420 9553 9556
f 9701 9546 9538
f 9701 9538 9715
f 9771 9524 9728
f 9772 9520 9773
f 9773 9520 9771
f 9771 9520 9524
f 9772 9521 9520
f 9774 9522 9772
f 9772 9522 9521
f 9775 9519 9774
f 9774 9519 9522
f 9776 9523 9775
f 9775 9523 9519
f 9776 9526 9523
f 9777 9525 9776
f 9776 9525 9526
f 9777 9527 9525
f 9778 9529 9777
f 9777 9529 9527
f 9778 9528 9529
f 9718 9531 9778
f 9778 9531 9528
f 9718 9530 9531
f 9619 9565 9620
f 9625 9561 9619
f 9619 9561 9565
f 9634 9558 9625
f 9625 9558 9561
f 9636 9545 9634
f 9634 9545 9558
f 9627 9540 9636
f 9636 9540 9545
f 9626 9535 9627
f 9627 9535 9540
f 9628 9536 9626
f 9626 9536 9535
f 9628 9533 9536
f 9737 9613 9736
f 9738 9611 9737
f 9737 9611 9613
f 9738 9612 9611
f 9613 9614 9736
f 9739 9610 9738
f 9738 9610 9612
f 9740 9609 9739
f 9739 9609 9610
f 9614 9615 9736
f 9615 9735 9736
f 9740 9608 9609
f 9740 9741 9608
f 9615 9616 9735
f 9741 9607 9608
f 9616 9617 9735
f 9617 9748 9735
f 9617 9618 9748
f 9607 9742 9606
f 9741 9742 9607
f 9742 9605 9606
f 9601 9747 9618
f 9618 9747 9748
f 9600 9746 9601
f 9601 9746 9747
f 9602 9745 9600
f 9600 9745 9746
f 9605 9743 9604
f 9604 9743 9603
f 9742 9743 9605
f 9603 9744 9602
f 9602 9744 9745
f 9743 9744 9603
f 9576 9651 9653
f 9572 9654 9651
f 9572 9651 9576
f 9577 9654 9572
f 9652 9751 9749
f 9652 9749 9653
f 9486 9657 9649
f 9486 9649 9481
f 9641 9642 9756
f 9648 9641 9756
f 9482 9640 9485
f 9779 9753 9752
f 9779 9752 9750
f 9779 9750 9751
f 9779 9652 9658
f 9779 9751 9652
f 9780 9658 9657
f 9780 9486 9487
f 9780 9487 9483
f 9780 9657 9486
f 9780 9779 9658
f 9781 9645 9648
f 9781 9756 9755
f 9781 9755 9754
f 9781 9754 9753
f 9781 9648 9756
f 9781 9753 9779
f 9782 9640 9645
f 9782 9483 9484
f 9782 9484 9485
f 9782 9779 9780
f 9782 9780 9483
f 9782 9645 9781
f 9782 9485 9640
f 9782 9781 9779
f 9565 9642 9620
f 9569 9642 9565
f 9586 9668 9584
f 9586 9670 9668
f 9589 9671 9670
f 9589 9670 9586
f 9681 9757 9682
f 9758 9757 9681
f 9508 9685 9679
f 9508 9679 9504
f 9672 9671 9763
f 9678 9672 9763
f 9499 9669 9502
f 9783 9760 9759
f 9783 9759 9758
f 9783 9681 9686
f 9783 9758 9681
f 9784 9686 9685
f 9784 9508 9507
f 9784 9507 9501
f 9784 9685 9508
f 9784 9783 9686
f 9785 9675 9678
f 9785 9763 9762
f 9785 9762 9761
f 9785 9761 9760
f 9785 9678 9763
f 9785 9760 9783
f 9786 9669 9675
f 9786 9501 9500
f 9786 9500 9502
f 9786 9783 9784
f 9786 9784 9501
f 9786 9675 9785
f 9786 9502 9669
f 9786 9785 9783
f 9554 9700 9548
f 9554 9698 9700
f 9546 9701 9698
f 9546 9698 9554
f 9699 9764 9700
f 9765 9764 9699
f 9447 9704 9696
f 9447 9696 9445
f 9419 9420 9770
f 9426 9419 9770
f 9417 9416 9449
f 9787 9699 9705
f 9787 9767 9766
f 9787 9766 9765
f 9787 9765 9699
f 9788 9705 9704
f 9788 9447 9448
f 9788 9448 9446
f 9788 9787 9705
f 9788 9704 9447
f 9789 9422 9426
f 9789 9770 9769
f 9789 9769 9768
f 9789 9768 9767
f 9789 9426 9770
f 9789 9767 9787
f 9790 9446 9450
f 9790 9450 9449
f 9790 9416 9422
f 9790 9422 9789
f 9790 9787 9788
f 9790 9788 9446
f 9790 9449 9416
f 9790 9789 9787
f 9538 9717 9715
f 9532 9718 9717
f 9532 9717 9538
f 9530 9718 9532
f 9533 9728 9524
f 9533 9628 9728
f 9727 9773 9771
f 9727 9771 9728
f 9433 9730 9726
f 9433 9726 9431
f 9719 9718 9778
f 9725 9719 9778
f 9437 9716 9435
f 9791 9727 9731
f 9791 9775 9774
f 9791 9774 9772
f 9791 9772 9773
f 9791 9773 9727
f 9792 9731 9730
f 9792 9433 9434
f 9792 9434 9432
f 9792 9791 9731
f 9792 9730 9433
f 9793 9722 9725
f 9793 9778 9777
f 9793 9777 9776
f 9793 9776 9775
f 9793 9725 9778
f 9793 9775 9791
f 9794 9432 9436
f 9794 9436 9435
f 9794 9716 9722
f 9794 9722 9793
f 9794 9791 9792
f 9794 9792 9432
f 9794 9793 9791
f 9794 9435 9716
f 9795 9796 9797
f 9798 9799 9800
f 9798 9800 9796
f 9798 9796 9795
f 9801 9802 9799
f 9801 9799 9798
f 9803 9804 9802
f 9803 9802 9801
f 9805 9806 9804
f 9805 9804 9803
f 9807 9808 9806
f 9807 9806 9805
f 9809 9810 9808
f 9809 9808 9807
f 9811 9812 9810
f 9811 9810 9809
f 9813 9812 9811
f 9814 9815 9812
f 9814 9812 9813
f 9816 9815 9814
f 9817 9809 9818
f 9819 9811 9817
f 9817 9811 9809
f 9819 9813 9811
f 9818 9807 9820
f 9809 9807 9818
f 9821 9814 9819
f 9819 9814 9813
f 9822 9816 9821
f 9821 9816 9814
f 9820 9805 9823
f 9807 9805 9820
f 9824 9825 9822
f 9822 9825 9816
f 9823 9803 9826
f 9805 9803 9823
f 9824 9827 9825
f 9803 9801 9826
f 9827 9828 9829
f 9824 9828 9827
f 9798 9830 9801
f 9801 9830 9826
f 9798 9831 9830
f 9829 9832 9833
f 9828 9832 9829
f 9798 9834 9831
f 9795 9834 9798
f 9835 9836 9795
f 9795 9836 9834
f 9833 9837 9838
f 9832 9837 9833
f 9835 9839 9836
f 9840 9839 9835
f 9838 9841 9842
f 9837 9841 9838
f 9840 9843 9839
f 9842 9843 9840
f 9841 9843 9842
f 9810 9844 9845
f 9808 9845 9846
f 9808 9810 9845
f 9812 9847 9844
f 9812 9844 9810
f 9806 9846 9848
f 9806 9808 9846
f 9815 9849 9847
f 9815 9850 9849
f 9815 9847 9812
f 9804 9848 9851
f 9804 9806 9848
f 9852 9853 9850
f 9852 9850 9815
f 9802 9804 9851
f 9854 9802 9851
f 9855 9853 9852
f 9856 9853 9855
f 9799 9802 9854
f 9857 9856 9855
f 9858 9800 9799
f 9858 9799 9854
f 9859 9856 9857
f 9860 9796 9800
f 9860 9800 9858
f 9861 9859 9857
f 9861 9857 9862
f 9863 9796 9860
f 9863 9797 9796
f 9863 9864 9797
f 9865 9861 9862
f 9865 9862 9866
f 9867 9864 9863
f 9867 9868 9864
f 9869 9865 9866
f 9869 9866 9870
f 9871 9868 9867
f 9871 9869 9870
f 9871 9870 9868
f 9825 9815 9816
f 9825 9852 9815
f 9827 9855 9852
f 9827 9857 9855
f 9827 9852 9825
f 9829 9862 9857
f 9829 9857 9827
f 9833 9862 9829
f 9838 9866 9862
f 9838 9862 9833
f 9842 9870 9866
f 9842 9868 9870
f 9842 9866 9838
f 9840 9864 9868
f 9840 9868 9842
f 9835 9797 9864
f 9835 9864 9840
f 9795 9797 9835
f 9863 9834 9836
f 9860 9834 9863
f 9858 9831 9860
f 9860 9831 9834
f 9858 9830 9831
f 9858 9854 9830
f 9854 9826 9830
f 9854 9851 9826
f 9848 9823 9851
f 9851 9823 9826
f 9846 9820 9848
f 9848 9820 9823
f 9845 9818 9846
f 9846 9818 9820
f 9844 9817 9845
f 9845 9817 9818
f 9847 9819 9844
f 9844 9819 9817
f 9849 9821 9847
f 9847 9821 9819
f 9849 9850 9821
f 9850 9822 9821
f 9850 9853 9822
f 9853 9824 9822
f 9853 9856 9824
f 9856 9828 9824
f 9856 9859 9828
f 9859 9832 9828
f 9859 9861 9832
f 9865 9837 9861
f 9861 9837 9832
f 9869 9841 9865
f 9865 9841 9837
f 9871 9843 9869
f 9869 9843 9841
f 9867 9839 9871
f 9871 9839 9843
f 9863 9836 9867
f 9867 9836 9839
f 9872 9873 9874
f 9875 9876 9873
f 9875 9873 9872
f 9877 9874 9878
f 9877 9872 9874
f 9879 9880 9876
f 9879 9876 9875
f 9881 9878 9882
f 9881 9877 9878
f 9883 9884 9880
f 9883 9880 9879
f 9885 9886 9884
f 9885 9884 9883
f 9887 9886 9885
f 9888 9886 9887
f 9889 9888 9887
f 9890 9889 9891
f 9890 9888 9889
f 9892 9891 9893
f 9892 9890 9891
f 9894 9895 9880
f 9896 9876 9895
f 9895 9876 9880
f 9897 9873 9896
f 9896 9873 9876
f 9897 9898 9873
f 9898 9874 9873
f 9898 9899 9874
f 9899 9878 9874
f 9900 9882 9899
f 9899 9882 9878
f 9901 9902 9900
f 9900 9902 9882
f 9903 9904 9901
f 9901 9904 9902
f 9905 9906 9903
f 9903 9906 9904
f 9905 9907 9906
f 9905 9908 9907
f 9908 9909 9907
f 9908 9910 9909
f 9911 9912 9910
f 9910 9912 9909
f 9911 9913 9912
f 9914 9915 9913
f 9913 9915 9912
f 9916 9917 9914
f 9914 9917 9915
f 9916 9918 9917
f 9916 9919 9918
f 9919 9892 9918
f 9920 9890 9919
f 9919 9890 9892
f 9921 9888 9920
f 9920 9888 9890
f 9922 9886 9921
f 9921 9886 9888
f 9922 9884 9886
f 9922 9894 9884
f 9894 9880 9884
f 9923 9924 9925
f 9926 9927 9923
f 9923 9927 9924
f 9928 9929 9926
f 9926 9929 9927
f 9930 9931 9928
f 9928 9931 9929
f 9891 9932 9893
f 9893 9932 9930
f 9930 9932 9931
f 9889 9933 9891
f 9891 9933 9932
f 9887 9934 9889
f 9889 9934 9933
f 9885 9935 9887
f 9887 9935 9934
f 9883 9936 9885
f 9885 9936 9935
f 9883 9937 9936
f 9879 9937 9883
f 9875 9938 9879
f 9879 9938 9937
f 9872 9939 9875
f 9875 9939 9938
f 9877 9940 9872
f 9872 9940 9939
f 9941 9942 9881
f 9881 9942 9877
f 9877 9942 9940
f 9943 9944 9941
f 9941 9944 9942
f 9945 9946 9947
f 9947 9946 9943
f 9943 9946 9944
f 9946 9948 9944
f 9946 9949 9948
f 9945 9950 9946
f 9925 9951 9945
f 9945 9951 9950
f 9949 9952 9948
f 9949 9953 9952
f 9925 9924 9951
f 9953 9954 9952
f 9953 9955 9954
f 9956 9957 9955
f 9955 9957 9954
f 9958 9895 9959
f 9959 9895 9894
f 9960 9896 9958
f 9958 9896 9895
f 9961 9897 9960
f 9960 9897 9896
f 9962 9898 9961
f 9961 9898 9897
f 9963 9899 9962
f 9962 9899 9898
f 9964 9900 9963
f 9963 9900 9899
f 9964 9901 9900
f 9965 9903 9964
f 9964 9903 9901
f 9966 9905 9965
f 9965 9905 9903
f 9967 9908 9966
f 9966 9908 9905
f 9906 9947 9904
f 9904 9943 9902
f 9947 9943 9904
f 9907 9945 9906
f 9906 9945 9947
f 9902 9941 9882
f 9943 9941 9902
f 9909 9925 9907
f 9907 9925 9945
f 9941 9881 9882
f 9912 9923 9909
f 9909 9923 9925
f 9912 9926 9923
f 9912 9915 9926
f 9915 9928 9926
f 9928 9917 9930
f 9915 9917 9928
f 9930 9918 9893
f 9917 9918 9930
f 9918 9892 9893
f 9967 9910 9908
f 9968 9910 9967
f 9968 9911 9910
f 9969 9913 9968
f 9968 9913 9911
f 9970 9914 9971
f 9971 9914 9969
f 9969 9914 9913
f 9972 9916 9973
f 9973 9916 9970
f 9970 9916 9914
f 9974 9919 9972
f 9972 9919 9916
f 9975 9920 9974
f 9974 9920 9919
f 9976 9921 9975
f 9975 9921 9920
f 9977 9922 9976
f 9976 9922 9921
f 9959 9894 9977
f 9977 9894 9922
f 9978 9979 9980
f 9980 9979 9981
f 9982 9983 9978
f 9978 9983 9979
f 9984 9985 9982
f 9982 9985 9983
f 9984 9986 9985
f 9987 9988 9989
f 9987 9990 9988
f 9991 9992 9993
f 9991 9994 9992
f 9995 9996 9997
f 9995 9998 9996
f 9999 10000 10001
f 10001 10000 10002
f 10003 10004 10005
f 10003 10006 10004
f 10007 10008 10009
f 10007 10010 10008
f 10011 10012 10013
f 10014 10012 10015
f 10015 10012 10011
f 10014 10016 10012
f 10017 10016 10014
f 10017 10018 10016
f 10019 10018 10017
f 10019 10020 10018
f 10021 10020 10019
f 10021 10022 10020
f 10023 10022 10024
f 10024 10022 10021
f 10023 10025 10022
f 10026 10025 10023
f 10026 10027 10025
f 10028 10027 10029
f 10029 10027 10026
f 10028 10030 10027
f 10031 10030 10028
f 10031 10032 10030
f 10033 10032 10034
f 10034 10032 10031
f 10033 10035 10032
f 10036 10035 10033
f 10036 10037 10035
f 10038 10037 10039
f 10039 10037 10036
f 10038 10040 10037
f 10041 10040 10038
f 10041 10042 10040
f 10043 10042 10041
f 10043 10044 10042
f 10045 10044 10043
f 10045 10046 10044
f 10047 10046 10048
f 10048 10046 10045
f 10047 10049 10046
f 10050 10049 10047
f 10050 10051 10049
f 10052 10051 10053
f 10053 10051 10050
f 10052 10054 10051
f 10055 10054 10052
f 10055 10056 10054
f 10057 10056 10058
f 10058 10056 10055
f 10057 10059 10056
f 10060 10059 10057
f 10060 10061 10059
f 10062 10061 10060
f 10062 10063 10061
f 10064 10063 10062
f 10065 10066 10067
f 10067 10066 10064
f 10064 10066 10063
f 10065 10068 10066
f 10069 10068 10065
f 10070 10071 10072
f 10072 10071 10069
f 10069 10071 10068
f 10073 10074 10070
f 10070 10074 10071
f 10075 10076 10077
f 10077 10076 10073
f 10073 10076 10074
f 10078 10079 10075
f 10075 10079 10076
f 10080 10081 10078
f 10078 10081 10079
f 10080 10082 10081
f 10083 10082 10080
f 10084 10085 10086
f 10086 10085 10087
f 10084 10088 10085
f 10089 10090 10091
f 10089 10092 10090
f 10093 10092 10089
f 10094 10095 10096
f 10097 10098 10094
f 10094 10098 10095
f 10099 10100 10101
f 10101 10100 10102
f 10102 10100 10103
f 10104 10105 10106
f 10107 10108 10104
f 10104 10108 10105
f 10109 10110 10111
f 10112 10113 10109
f 10109 10113 10110
f 10114 10115 10116
f 10114 10117 10115
f 10118 10117 10114
f 10119 10120 10121
f 10122 10123 10119
f 10119 10123 10120
f 10124 10125 10126
f 10126 10125 10122
f 10122 10125 10123
f 10127 10128 10124
f 10124 10128 10125
f 10129 10130 10131
f 10131 10130 10127
f 10127 10130 10128
f 10132 10133 10129
f 10129 10133 10130
f 10134 10135 10136
f 10136 10135 10132
f 10132 10135 10133
f 10137 10138 10134
f 10134 10138 10135
f 10139 10140 10137
f 10137 10140 10138
f 10141 10142 10139
f 10139 10142 10140
f 10143 10144 10145
f 10145 10144 10141
f 10141 10144 10142
f 10143 10146 10144
f 10147 10146 10143
f 10147 10148 10146
f 10149 10148 10150
f 10150 10148 10147
f 10149 10151 10148
f 10152 10151 10149
f 10153 10154 10155
f 10155 10154 10152
f 10152 10154 10151
f 10156 10157 10153
f 10153 10157 10154
f 10156 10158 10157
f 10159 10158 10156
f 10159 10160 10158
f 10161 10160 10159
f 10161 10162 10160
f 10163 10162 10164
f 10164 10162 10161
f 10163 10165 10162
f 10166 10165 10163
f 10166 10167 10165
f 10168 10167 10169
f 10169 10167 10166
f 10168 10170 10167
f 10171 10170 10168
f 10171 10172 10170
f 10173 10172 10174
f 10174 10172 10171
f 10173 10175 10172
f 10176 10175 10173
f 10176 10177 10175
f 10178 10177 10179
f 10179 10177 10176
f 10178 10180 10177
f 10181 10180 10178
f 10181 10182 10180
f 10183 10182 10181
f 10183 10184 10182
f 10185 10184 10183
f 10185 10186 10184
f 10187 10186 10188
f 10188 10186 10185
f 10187 10189 10186
f 10190 10189 10187
f 10191 10192 10193
f 10191 10194 10192
f 10195 10196 10197
f 10198 10196 10195
f 10199 10200 10201
f 10202 10200 10199
f 10203 10204 10205
f 10203 10206 10204
f 10207 10208 10209
f 10207 10210 10208
f 10211 10212 10213
f 10213 10212 10214
f 10215 10216 10217
f 10218 10219 10215
f 10215 10219 10216
f 10220 10221 10222
f 10223 10221 10220
f 10223 10224 10221
f 10225 10224 10226
f 10226 10224 10223
f 10225 10227 10224
f 10228 10227 10225
f 10228 10229 10227
f 10230 10229 10228
f 10230 10231 10229
f 10232 10231 10230
f 10233 10234 10235
f 10232 10234 10231
f 10235 10234 10232
f 10233 10236 10234
f 10237 10236 10233
f 10238 10239 10240
f 10237 10239 10236
f 10240 10239 10237
f 10241 10242 10238
f 10238 10242 10239
f 10243 10244 10245
f 10245 10244 10241
f 10241 10244 10242
f 10246 10247 10243
f 10243 10247 10244
f 10248 10249 10250
f 10250 10249 10246
f 10246 10249 10247
f 10251 10252 10248
f 10248 10252 10249
f 10253 10254 10251
f 10251 10254 10252
f 10255 10256 10253
f 10253 10256 10254
f 10257 10258 10259
f 10259 10258 10255
f 10255 10258 10256
f 10260 10261 10257
f 10257 10261 10258
f 10262 10263 10264
f 10264 10263 10260
f 10260 10263 10261
f 10265 10266 10262
f 10262 10266 10263
f 10267 10268 10269
f 10269 10268 10265
f 10265 10268 10266
f 10270 10271 10267
f 10267 10271 10268
f 10270 10272 10271
f 10273 10272 10270
f 10274 10275 10273
f 10273 10275 10272
f 10274 10276 10275
f 10277 10276 10274
f 10278 10279 10280
f 10280 10279 10277
f 10277 10279 10276
f 10281 10282 10278
f 10278 10282 10279
f 10283 10284 10281
f 10281 10284 10282
f 10285 10284 10283
f 10285 10286 10284
f 10287 10286 10285
f 10287 10288 10286
f 10289 10288 10290
f 10290 10288 10287
f 10289 10291 10288
f 10292 10291 10289
f 10293 10294 10295
f 10293 10296 10294
f 10297 10298 10299
f 10300 10298 10297
f 10301 10302 10303
f 10301 10304 10302
f 10305 10306 10307
f 10305 10308 10306
f 10309 10310 10311
f 10309 10312 10310
f 10313 10314 10315
f 10313 10316 10314
f 10317 10318 10319
f 10320 10318 10317
f 10321 10322 10323
f 10324 10325 10321
f 10321 10325 10322
f 10326 10327 10324
f 10324 10327 10325
f 10328 10329 10330
f 10330 10329 10326
f 10326 10329 10327
f 10331 10332 10328
f 10328 10332 10329
f 10333 10334 10335
f 10335 10334 10331
f 10331 10334 10332
f 10336 10337 10333
f 10333 10337 10334
f 10336 10338 10337
f 10339 10338 10340
f 10340 10338 10336
f 10339 10341 10338
f 10342 10341 10339
f 10342 10343 10341
f 10344 10343 10342
f 10344 10345 10343
f 10346 10345 10344
f 10346 10347 10345
f 10348 10347 10346
f 10348 10349 10347
f 10350 10349 10351
f 10351 10349 10348
f 10350 10352 10349
f 10353 10352 10350
f 10354 10355 10356
f 10356 10355 10353
f 10353 10355 10352
f 10357 10358 10354
f 10354 10358 10355
f 10359 10360 10361
f 10361 10360 10357
f 10357 10360 10358
f 10359 10362 10360
f 10363 10362 10359
f 10364 10365 10366
f 10366 10365 10363
f 10363 10365 10362
f 10367 10368 10364
f 10364 10368 10365
f 10367 10369 10368
f 10370 10369 10367
f 10371 10372 10370
f 10370 10372 10369
f 10373 10374 10375
f 10375 10374 10371
f 10371 10374 10372
f 10376 10377 10373
f 10373 10377 10374
f 10378 10379 10380
f 10380 10379 10376
f 10376 10379 10377
f 10381 10382 10378
f 10378 10382 10379
f 10383 10384 10385
f 10385 10384 10381
f 10381 10384 10382
f 10386 10387 10383
f 10383 10387 10384
f 10386 10388 10387
f 10389 10388 10386
f 10389 10390 10388
f 10391 10390 10389
f 10391 10392 10390
f 10393 10392 10391
f 10394 10395 10396
f 10397 10398 10394
f 10394 10398 10395
f 10399 10400 10401
f 10401 10400 10402
f 10399 10403 10400
f 10404 10405 10406
f 10406 10405 10407
f 10404 10408 10405
f 10409 10410 10411
f 10409 10412 10410
f 10413 10412 10409
f 10414 9957 10415
f 10416 9954 10414
f 10414 9954 9957
f 10417 9944 10418
f 10417 9942 9944
f 10419 9942 10417
f 10420 9938 9939
f 10421 9938 10422
f 10422 9938 10420
f 10423 9934 9935
f 10424 9934 10425
f 10425 9934 10423
f 10426 9931 10427
f 10426 9929 9931
f 10428 9929 10429
f 10429 9929 10426
f 10430 9927 10428
f 10428 9927 9929
f 10431 9924 10430
f 10430 9924 9927
f 10432 9951 10431
f 10431 9951 9924
f 10433 9950 10432
f 10432 9950 9951
f 10433 9946 9950
f 9986 10434 10435
f 10435 10434 9988
f 9989 10434 10436
f 10436 10434 9984
f 9984 10434 9986
f 9988 10434 9989
f 9993 10437 10438
f 10438 10437 10439
f 10439 10437 10440
f 10440 10437 9987
f 9992 10437 9993
f 10437 10441 9987
f 9990 10441 10442
f 10442 10441 9992
f 9987 10441 9990
f 9992 10441 10437
f 9997 10443 10444
f 10444 10443 10445
f 10445 10443 10446
f 10446 10443 9991
f 9991 10443 9994
f 9994 10447 10448
f 10448 10447 10449
f 10449 10447 9996
f 10443 10447 9994
f 9997 10447 10443
f 9996 10447 9997
f 9995 10450 9998
f 10001 10450 10451
f 10451 10450 10452
f 10452 10450 10453
f 10453 10450 9995
f 10001 10454 10450
f 10002 10454 10001
f 9998 10454 10455
f 10455 10454 10002
f 10450 10454 9998
f 10005 10456 10457
f 10457 10456 10458
f 10458 10456 10459
f 10459 10456 9999
f 10000 10460 10461
f 10004 10460 10005
f 10461 10460 10462
f 10462 10460 10004
f 10005 10460 10456
f 10456 10460 9999
f 9999 10460 10000
f 10463 10464 10465
f 10465 10464 10003
f 10003 10464 10006
f 10009 10464 10466
f 10466 10464 10463
f 10006 10467 10468
f 10468 10467 10469
f 10469 10467 10008
f 10464 10467 10006
f 10008 10467 10009
f 10009 10467 10464
f 10013 10470 10011
f 10011 10470 10471
f 10471 10470 10472
f 10472 10470 10473
f 10473 10470 10007
f 10470 10474 10007
f 10013 10474 10470
f 10010 10474 10475
f 10475 10474 10013
f 10007 10474 10010
f 10085 10476 10087
f 10083 10476 10082
f 10087 10476 10477
f 10477 10476 10478
f 10478 10476 10083
f 10082 10479 10480
f 10480 10479 10481
f 10481 10479 10085
f 10085 10479 10476
f 10476 10479 10082
f 10090 10482 10091
f 10091 10482 10483
f 10483 10482 10484
f 10484 10482 10084
f 10090 10485 10482
f 10482 10485 10084
f 10088 10485 10486
f 10486 10485 10090
f 10084 10485 10088
f 10093 10487 10092
f 10096 10487 10488
f 10488 10487 10489
f 10489 10487 10093
f 10095 10487 10096
f 10092 10490 10491
f 10491 10490 10492
f 10492 10490 10095
f 10487 10490 10092
f 10095 10490 10487
f 10102 10493 10494
f 10494 10493 10495
f 10495 10493 10097
f 10097 10493 10098
f 10102 10496 10493
f 10493 10496 10098
f 10103 10496 10102
f 10098 10496 10497
f 10497 10496 10103
f 10106 10498 10499
f 10499 10498 10500
f 10500 10498 10099
f 10106 10501 10498
f 10498 10501 10099
f 10099 10501 10100
f 10100 10501 10502
f 10502 10501 10503
f 10503 10501 10105
f 10105 10501 10106
f 10111 10504 10505
f 10505 10504 10506
f 10506 10504 10107
f 10107 10504 10108
f 10111 10507 10504
f 10108 10507 10508
f 10508 10507 10509
f 10509 10507 10110
f 10504 10507 10108
f 10110 10507 10111
f 10115 10510 10116
f 10116 10510 10511
f 10511 10510 10512
f 10512 10510 10112
f 10112 10513 10113
f 10510 10513 10112
f 10115 10513 10510
f 10113 10513 10514
f 10514 10513 10115
f 10121 10515 10516
f 10516 10515 10517
f 10517 10515 10118
f 10118 10515 10117
f 10120 10515 10121
f 10120 10518 10515
f 10515 10518 10117
f 10117 10518 10519
f 10519 10518 10520
f 10520 10518 10120
f 10193 10521 10522
f 10522 10521 10523
f 10523 10521 10524
f 10524 10521 10190
f 10192 10521 10193
f 10189 10525 10526
f 10526 10525 10527
f 10527 10525 10192
f 10192 10525 10521
f 10190 10525 10189
f 10521 10525 10190
f 10197 10528 10195
f 10195 10528 10529
f 10529 10528 10530
f 10530 10528 10531
f 10531 10528 10191
f 10194 10532 10533
f 10533 10532 10534
f 10534 10532 10197
f 10528 10532 10191
f 10191 10532 10194
f 10197 10532 10528
f 10201 10535 10199
f 10199 10535 10536
f 10536 10535 10537
f 10537 10535 10538
f 10538 10535 10198
f 10535 10539 10198
f 10201 10539 10535
f 10198 10539 10196
f 10196 10539 10540
f 10540 10539 10201
f 10205 10541 10542
f 10542 10541 10543
f 10543 10541 10544
f 10544 10541 10202
f 10200 10545 10546
f 10202 10545 10200
f 10546 10545 10547
f 10547 10545 10204
f 10204 10545 10205
f 10541 10545 10202
f 10205 10545 10541
f 10209 10548 10549
f 10549 10548 10550
f 10550 10548 10551
f 10551 10548 10203
f 10203 10552 10206
f 10206 10552 10553
f 10553 10552 10554
f 10554 10552 10208
f 10209 10552 10548
f 10208 10552 10209
f 10548 10552 10203
f 10213 10555 10556
f 10556 10555 10557
f 10557 10555 10558
f 10558 10555 10207
f 10214 10555 10213
f 10555 10559 10207
f 10210 10559 10560
f 10560 10559 10214
f 10214 10559 10555
f 10207 10559 10210
f 10217 10561 10562
f 10562 10561 10563
f 10563 10561 10211
f 10216 10561 10217
f 10212 10564 10565
f 10565 10564 10566
f 10566 10564 10216
f 10561 10564 10211
f 10211 10564 10212
f 10216 10564 10561
f 10567 10568 10569
f 10569 10568 10570
f 10570 10568 10218
f 10218 10568 10219
f 10222 10571 10220
f 10568 10571 10219
f 10220 10571 10567
f 10219 10571 10572
f 10572 10571 10222
f 10567 10571 10568
f 10292 10573 10291
f 10294 10573 10295
f 10295 10573 10574
f 10574 10573 10575
f 10575 10573 10292
f 10291 10576 10577
f 10577 10576 10578
f 10578 10576 10294
f 10294 10576 10573
f 10573 10576 10291
f 10293 10579 10296
f 10297 10579 10580
f 10580 10579 10581
f 10581 10579 10582
f 10582 10579 10293
f 10297 10583 10579
f 10579 10583 10296
f 10296 10583 10584
f 10299 10583 10297
f 10584 10583 10299
f 10300 10585 10298
f 10303 10585 10586
f 10586 10585 10587
f 10587 10585 10588
f 10588 10585 10300
f 10585 10589 10298
f 10298 10589 10590
f 10590 10589 10591
f 10591 10589 10302
f 10302 10589 10303
f 10303 10589 10585
f 10307 10592 10593
f 10593 10592 10594
f 10594 10592 10595
f 10595 10592 10301
f 10301 10592 10304
f 10306 10596 10307
f 10592 10596 10304
f 10307 10596 10592
f 10304 10596 10597
f 10597 10596 10598
f 10598 10596 10306
f 10311 10599 10600
f 10600 10599 10601
f 10601 10599 10602
f 10602 10599 10305
f 10311 10603 10599
f 10305 10603 10308
f 10599 10603 10305
f 10310 10603 10311
f 10308 10603 10604
f 10604 10603 10310
f 10309 10605 10312
f 10314 10605 10315
f 10315 10605 10606
f 10606 10605 10607
f 10607 10605 10608
f 10608 10605 10309
f 10314 10609 10605
f 10605 10609 10312
f 10312 10609 10610
f 10610 10609 10611
f 10611 10609 10314
f 10313 10612 10316
f 10317 10612 10613
f 10613 10612 10614
f 10614 10612 10615
f 10615 10612 10313
f 10612 10616 10316
f 10317 10616 10612
f 10319 10616 10317
f 10316 10616 10617
f 10617 10616 10319
f 10323 10618 10619
f 10619 10618 10620
f 10620 10618 10621
f 10621 10618 10320
f 10618 10622 10320
f 10320 10622 10318
f 10322 10622 10323
f 10323 10622 10618
f 10318 10622 10623
f 10623 10622 10624
f 10624 10622 10322
f 10393 10625 10392
f 10396 10625 10626
f 10626 10625 10627
f 10627 10625 10393
f 10395 10625 10396
f 10625 10628 10392
f 10392 10628 10629
f 10629 10628 10395
f 10395 10628 10625
f 10402 10630 10631
f 10631 10630 10632
f 10632 10630 10397
f 10397 10633 10398
f 10398 10633 10634
f 10634 10633 10635
f 10635 10633 10400
f 10400 10633 10402
f 10630 10633 10397
f 10402 10633 10630
f 10407 10636 10637
f 10637 10636 10638
f 10638 10636 10399
f 10399 10636 10403
f 10636 10639 10403
f 10407 10639 10636
f 10403 10639 10640
f 10640 10639 10641
f 10641 10639 10405
f 10405 10639 10407
f 10642 10643 10644
f 10644 10643 10404
f 10410 10643 10411
f 10411 10643 10642
f 10408 10645 10646
f 10646 10645 10410
f 10410 10645 10643
f 10404 10645 10408
f 10643 10645 10404
f 9957 10647 10415
f 10413 10647 10412
f 10415 10647 10648
f 10648 10647 10649
f 10649 10647 10413
f 10647 10650 10412
f 9957 10650 10647
f 10412 10650 10651
f 10651 10650 10652
f 10652 10650 9957
f 9944 10653 10418
f 10418 10653 10654
f 10654 10653 10655
f 10655 10653 10416
f 10416 10656 9954
f 9948 10656 9944
f 9952 10656 9948
f 9954 10656 9952
f 9944 10656 10653
f 10653 10656 10416
f 10419 10657 9942
f 10420 10657 10658
f 10658 10657 10659
f 10659 10657 10419
f 9939 10660 10420
f 10420 10660 10657
f 10657 10660 9942
f 9940 10660 9939
f 9942 10660 9940
f 10421 10661 9938
f 10423 10661 10662
f 10662 10661 10663
f 10663 10661 10421
f 10661 10664 9938
f 9938 10664 9937
f 9935 10664 10423
f 9936 10664 9935
f 9937 10664 9936
f 10423 10664 10661
f 10424 10665 9934
f 10427 10665 10666
f 10666 10665 10667
f 10667 10665 10424
f 10665 10668 9934
f 10427 10668 10665
f 9931 10668 10427
f 9932 10668 9931
f 9933 10668 9932
f 9934 10668 9933
f 10433 9949 9946
f 9962 9961 10669
f 9962 10669 10670
f 10671 9962 10670
f 9963 9962 10671
f 10672 9963 10671
f 9965 9964 10673
f 10674 9965 10673
f 9967 9966 10675
f 10676 9967 10675
f 9968 9967 10676
f 10677 9968 10676
f 9969 9968 10677
f 10678 9969 10677
f 9971 9969 10678
f 10679 9971 10678
f 10680 10679 10678
f 10681 9964 9963
f 10681 10672 10673
f 10681 9963 10672
f 10681 10673 9964
f 10682 9966 9965
f 10682 10674 10675
f 10682 9965 10674
f 10682 10675 9966
f 9970 10679 10680
f 9970 9971 10679
f 10683 9973 9970
f 10683 9970 10680
f 9972 9973 10683
f 10684 9972 10683
f 9974 9972 10684
f 10685 9976 9975
f 10685 9975 10686
f 9977 9976 10685
f 10687 9977 10685
f 10688 9958 9959
f 10688 9959 10689
f 10690 9958 10688
f 9960 9958 10690
f 10691 9960 10690
f 9961 9960 10691
f 10669 9961 10691
f 10670 10669 10691
f 10692 9975 9974
f 10692 10686 9975
f 10693 10684 10686
f 10693 10686 10692
f 10693 9974 10684
f 10693 10692 9974
f 10694 9959 9977
f 10694 9977 10687
f 10695 10687 10689
f 10695 10689 9959
f 10695 10694 10687
f 10695 9959 10694
f 10696 10697 9986
f 10697 9985 9986
f 10697 10698 9985
f 10698 9983 9985
f 10698 10699 9983
f 10699 9979 9983
f 10699 10700 9979
f 10701 9981 10700
f 10700 9981 9979
f 10701 10702 9981
f 10702 10703 9981
f 10702 10704 10703
f 10704 10705 10703
f 10704 10706 10705
f 10706 10707 10705
f 10706 10708 10707
f 9980 10703 9978
f 9981 10703 9980
f 10708 10709 10707
f 10705 10440 10703
f 10707 10440 10705
f 9989 10440 9987
f 10436 10440 9989
f 9984 10440 10436
f 9982 10440 9984
f 9978 10440 9982
f 10703 10440 9978
f 10707 10710 10440
f 10709 10710 10707
f 10710 10711 10440
f 10440 10712 10713
f 10711 10714 10440
f 10440 10715 10712
f 10714 10715 10440
f 10440 10713 10439
f 10713 10438 10439
f 10712 9993 10713
f 10713 9993 10438
f 10715 9991 10712
f 10712 9991 9993
f 10715 10446 9991
f 10714 10445 10715
f 10715 10445 10446
f 10711 10444 10714
f 10714 10444 10445
f 10710 9997 10711
f 10711 9997 10444
f 10710 9995 9997
f 10709 10453 10710
f 10708 10453 10709
f 10710 10453 9995
f 10708 10452 10453
f 10706 10452 10708
f 10706 10451 10452
f 10704 10001 10706
f 10706 10001 10451
f 10702 9999 10704
f 10704 9999 10001
f 10701 10459 10702
f 10702 10459 9999
f 10700 10458 10701
f 10701 10458 10459
f 10699 10457 10700
f 10700 10457 10458
f 10698 10005 10699
f 10699 10005 10457
f 10697 10003 10698
f 10698 10003 10005
f 10696 10465 10697
f 10697 10465 10003
f 10696 10463 10465
f 10716 10463 10696
f 10716 10466 10463
f 10717 10466 10716
f 10717 10009 10466
f 10718 10009 10717
f 10718 10007 10009
f 10719 10007 10718
f 10719 10473 10007
f 10719 10472 10473
f 10720 10472 10719
f 10720 10471 10472
f 10721 10471 10720
f 10721 10011 10471
f 10721 10015 10011
f 10722 10015 10721
f 10722 10014 10015
f 10723 10014 10722
f 10723 10017 10014
f 10723 10019 10017
f 10724 10019 10723
f 10724 10021 10019
f 10725 10021 10724
f 10725 10024 10021
f 10726 10024 10725
f 10726 10023 10024
f 10727 10023 10726
f 10727 10026 10023
f 10727 10029 10026
f 10728 10029 10727
f 10728 10028 10029
f 10729 10028 10728
f 10729 10031 10028
f 10729 10034 10031
f 10730 10034 10729
f 10730 10033 10034
f 10731 10033 10730
f 10731 10036 10033
f 10731 10039 10036
f 10732 10039 10731
f 10732 10038 10039
f 10733 10038 10732
f 10733 10041 10038
f 10734 10043 10733
f 10733 10043 10041
f 10735 10045 10734
f 10734 10045 10043
f 10736 10048 10735
f 10735 10048 10045
f 10737 10047 10736
f 10736 10047 10048
f 10737 10050 10047
f 10737 10053 10050
f 10738 10053 10737
f 10738 10052 10053
f 10739 10052 10738
f 10739 10055 10052
f 10739 10058 10055
f 10740 10058 10739
f 10740 10057 10058
f 10741 10057 10740
f 10741 10060 10057
f 10741 10062 10060
f 10742 10062 10741
f 10742 10064 10062
f 10743 10064 10742
f 10743 10067 10064
f 10744 10067 10743
f 10744 10065 10067
f 10745 10065 10744
f 10745 10069 10065
f 10745 10072 10069
f 10746 10072 10745
f 10746 10070 10072
f 10747 10070 10746
f 10747 10073 10070
f 10747 10077 10073
f 10748 10077 10747
f 10748 10075 10077
f 10749 10075 10748
f 10749 10078 10075
f 10749 10080 10078
f 10750 10080 10749
f 10750 10083 10080
f 10751 10083 10750
f 10752 10478 10751
f 10751 10478 10083
f 10752 10477 10478
f 10753 10087 10752
f 10752 10087 10477
f 10754 10086 10753
f 10753 10086 10087
f 10755 10084 10754
f 10754 10084 10086
f 10756 10484 10755
f 10755 10484 10084
f 10756 10483 10484
f 10757 10091 10756
f 10756 10091 10483
f 10758 10089 10757
f 10757 10089 10091
f 10758 10093 10089
f 10759 10489 10758
f 10758 10489 10093
f 10759 10488 10489
f 10760 10488 10759
f 10760 10096 10488
f 10760 10094 10096
f 10761 10094 10760
f 10761 10097 10094
f 10762 10097 10761
f 10762 10495 10097
f 10763 10495 10762
f 10763 10494 10495
f 10764 10494 10763
f 10764 10102 10494
f 10764 10101 10102
f 10765 10101 10764
f 10765 10099 10101
f 10766 10099 10765
f 10766 10500 10099
f 10766 10499 10500
f 10767 10499 10766
f 10767 10106 10499
f 10768 10106 10767
f 10768 10104 10106
f 10769 10107 10768
f 10768 10107 10104
f 10770 10506 10769
f 10769 10506 10107
f 10771 10505 10770
f 10770 10505 10506
f 10772 10111 10771
f 10771 10111 10505
f 10772 10109 10111
f 10773 10112 10772
f 10772 10112 10109
f 10774 10512 10773
f 10773 10512 10112
f 10774 10511 10512
f 10775 10116 10774
f 10774 10116 10511
f 10776 10114 10775
f 10775 10114 10116
f 10776 10118 10114
f 10777 10517 10776
f 10776 10517 10118
f 10778 10516 10777
f 10777 10516 10517
f 10778 10121 10516
f 10779 10119 10778
f 10778 10119 10121
f 10780 10122 10779
f 10779 10122 10119
f 10780 10126 10122
f 10781 10126 10780
f 10781 10124 10126
f 10782 10124 10781
f 10782 10127 10124
f 10782 10131 10127
f 10783 10131 10782
f 10783 10129 10131
f 10784 10129 10783
f 10784 10132 10129
f 10784 10136 10132
f 10785 10136 10784
f 10785 10134 10136
f 10786 10134 10785
f 10786 10137 10134
f 10787 10139 10786
f 10786 10139 10137
f 10788 10141 10787
f 10787 10141 10139
f 10789 10145 10788
f 10788 10145 10141
f 10790 10143 10789
f 10789 10143 10145
f 10790 10147 10143
f 10791 10150 10790
f 10790 10150 10147
f 10792 10149 10791
f 10791 10149 10150
f 10792 10152 10149
f 10793 10155 10792
f 10792 10155 10152
f 10794 10153 10793
f 10793 10153 10155
f 10794 10156 10153
f 10795 10159 10794
f 10794 10159 10156
f 10796 10161 10795
f 10795 10161 10159
f 10797 10164 10796
f 10796 10164 10161
f 10797 10163 10164
f 10798 10166 10797
f 10797 10166 10163
f 10799 10169 10798
f 10798 10169 10166
f 10800 10168 10799
f 10799 10168 10169
f 10801 10171 10800
f 10800 10171 10168
f 10801 10174 10171
f 10802 10173 10801
f 10801 10173 10174
f 10803 10176 10802
f 10802 10176 10173
f 10803 10179 10176
f 10803 10178 10179
f 10804 10178 10803
f 10805 10181 10804
f 10804 10181 10178
f 10805 10183 10181
f 10806 10185 10805
f 10805 10185 10183
f 10807 10188 10806
f 10806 10188 10185
f 10808 10187 10807
f 10807 10187 10188
f 10809 10190 10808
f 10808 10190 10187
f 10809 10524 10190
f 10810 10523 10809
f 10809 10523 10524
f 10811 10522 10810
f 10810 10522 10523
f 10811 10193 10522
f 10812 10191 10811
f 10811 10191 10193
f 10813 10531 10812
f 10812 10531 10191
f 10813 10530 10531
f 10814 10529 10813
f 10813 10529 10530
f 10815 10195 10814
f 10814 10195 10529
f 10815 10198 10195
f 10816 10198 10815
f 10816 10538 10198
f 10816 10537 10538
f 10817 10537 10816
f 10817 10536 10537
f 10818 10536 10817
f 10818 10199 10536
f 10819 10199 10818
f 10819 10202 10199
f 10819 10544 10202
f 10820 10544 10819
f 10820 10543 10544
f 10821 10543 10820
f 10821 10542 10543
f 10822 10205 10821
f 10821 10205 10542
f 10822 10203 10205
f 10823 10203 10822
f 10823 10551 10203
f 10824 10551 10823
f 10824 10550 10551
f 10825 10550 10824
f 10825 10549 10550
f 10825 10209 10549
f 10826 10209 10825
f 10826 10207 10209
f 10827 10207 10826
f 10827 10558 10207
f 10827 10557 10558
f 10828 10557 10827
f 10828 10556 10557
f 10829 10556 10828
f 10829 10213 10556
f 10829 10211 10213
f 10830 10211 10829
f 10830 10563 10211
f 10831 10563 10830
f 10831 10562 10563
f 10831 10217 10562
f 10832 10217 10831
f 10832 10215 10217
f 10833 10215 10832
f 10833 10218 10215
f 10834 10218 10833
f 10834 10570 10218
f 10835 10570 10834
f 10835 10569 10570
f 10835 10567 10569
f 10836 10567 10835
f 10836 10220 10567
f 10837 10220 10836
f 10837 10223 10220
f 10837 10226 10223
f 10838 10226 10837
f 10838 10225 10226
f 10839 10225 10838
f 10839 10228 10225
f 10840 10230 10839
f 10839 10230 10228
f 10841 10232 10840
f 10840 10232 10230
f 10842 10235 10841
f 10841 10235 10232
f 10842 10233 10235
f 10843 10237 10842
f 10842 10237 10233
f 10844 10240 10843
f 10843 10240 10237
f 10844 10238 10240
f 10845 10238 10844
f 10845 10241 10238
f 10846 10241 10845
f 10846 10245 10241
f 10846 10243 10245
f 10847 10243 10846
f 10847 10246 10243
f 10848 10246 10847
f 10848 10250 10246
f 10848 10248 10250
f 10849 10248 10848
f 10849 10251 10248
f 10850 10251 10849
f 10850 10253 10251
f 10850 10255 10253
f 10851 10255 10850
f 10851 10259 10255
f 10852 10259 10851
f 10852 10257 10259
f 10853 10257 10852
f 10853 10260 10257
f 10854 10260 10853
f 10854 10264 10260
f 10854 10262 10264
f 10855 10262 10854
f 10855 10265 10262
f 10856 10265 10855
f 10856 10269 10265
f 10857 10267 10856
f 10856 10267 10269
f 10858 10270 10857
f 10857 10270 10267
f 10858 10273 10270
f 10859 10274 10858
f 10858 10274 10273
f 10860 10277 10859
f 10859 10277 10274
f 10861 10280 10860
f 10860 10280 10277
f 10861 10278 10280
f 10862 10281 10861
f 10861 10281 10278
f 10863 10283 10862
f 10862 10283 10281
f 10864 10285 10863
f 10863 10285 10283
f 10864 10287 10285
f 10865 10290 10864
f 10864 10290 10287
f 10865 10289 10290
f 10866 10289 10865
f 10866 10292 10289
f 10866 10575 10292
f 10867 10575 10866
f 10867 10574 10575
f 10868 10574 10867
f 10868 10295 10574
f 10868 10293 10295
f 10869 10293 10868
f 10869 10582 10293
f 10870 10582 10869
f 10870 10581 10582
f 10871 10581 10870
f 10871 10580 10581
f 10872 10580 10871
f 10872 10297 10580
f 10872 10300 10297
f 10873 10300 10872
f 10873 10588 10300
f 10874 10588 10873
f 10874 10587 10588
f 10875 10586 10874
f 10874 10586 10587
f 10876 10303 10875
f 10875 10303 10586
f 10876 10301 10303
f 10877 10595 10876
f 10876 10595 10301
f 10878 10594 10877
f 10877 10594 10595
f 10879 10593 10878
f 10878 10593 10594
f 10880 10307 10879
f 10879 10307 10593
f 10880 10305 10307
f 10881 10602 10880
f 10880 10602 10305
f 10882 10601 10881
f 10881 10601 10602
f 10882 10600 10601
f 10883 10311 10882
f 10882 10311 10600
f 10884 10309 10883
f 10883 10309 10311
f 10884 10608 10309
f 10885 10607 10884
f 10884 10607 10608
f 10886 10606 10885
f 10885 10606 10607
f 10886 10315 10606
f 10887 10315 10886
f 10887 10313 10315
f 10887 10615 10313
f 10888 10615 10887
f 10888 10614 10615
f 10889 10614 10888
f 10889 10613 10614
f 10890 10613 10889
f 10890 10317 10613
f 10891 10317 10890
f 10891 10320 10317
f 10891 10621 10320
f 10892 10621 10891
f 10893 10620 10892
f 10892 10620 10621
f 10893 10619 10620
f 10894 10323 10893
f 10893 10323 10619
f 10895 10321 10894
f 10894 10321 10323
f 10895 10324 10321
f 10896 10326 10895
f 10895 10326 10324
f 10897 10330 10896
f 10896 10330 10326
f 10898 10328 10897
f 10897 10328 10330
f 10899 10331 10898
f 10898 10331 10328
f 10899 10335 10331
f 10900 10333 10899
f 10899 10333 10335
f 10901 10336 10900
f 10900 10336 10333
f 10901 10340 10336
f 10902 10339 10901
f 10901 10339 10340
f 10903 10342 10902
f 10902 10342 10339
f 10903 10344 10342
f 10904 10346 10903
f 10903 10346 10344
f 10905 10348 10904
f 10904 10348 10346
f 10906 10351 10905
f 10905 10351 10348
f 10906 10350 10351
f 10907 10353 10906
f 10906 10353 10350
f 10908 10356 10907
f 10907 10356 10353
f 10909 10354 10908
f 10908 10354 10356
f 10909 10357 10354
f 10910 10361 10909
f 10909 10361 10357
f 10911 10359 10910
f 10910 10359 10361
f 10911 10363 10359
f 10912 10366 10911
f 10911 10366 10363
f 10913 10364 10912
f 10912 10364 10366
f 10913 10367 10364
f 10914 10370 10913
f 10913 10370 10367
f 10915 10371 10914
f 10914 10371 10370
f 10916 10375 10915
f 10915 10375 10371
f 10916 10373 10375
f 10917 10373 10916
f 10917 10376 10373
f 10917 10380 10376
f 10918 10380 10917
f 10918 10378 10380
f 10919 10378 10918
f 10919 10381 10378
f 10919 10385 10381
f 10920 10385 10919
f 10920 10383 10385
f 10921 10383 10920
f 10921 10386 10383
f 10921 10389 10386
f 10922 10389 10921
f 10922 10391 10389
f 10923 10391 10922
f 10923 10393 10391
f 10924 10393 10923
f 10924 10627 10393
f 10925 10627 10924
f 10925 10626 10627
f 10925 10396 10626
f 10926 10396 10925
f 10927 10394 10926
f 10926 10394 10396
f 10927 10397 10394
f 10928 10632 10927
f 10927 10632 10397
f 10929 10631 10928
f 10928 10631 10632
f 10929 10402 10631
f 10930 10401 10929
f 10929 10401 10402
f 10930 10399 10401
f 10931 10399 10930
f 10931 10638 10399
f 10932 10638 10931
f 10932 10637 10638
f 10932 10407 10637
f 10933 10407 10932
f 10933 10406 10407
f 10934 10406 10933
f 10934 10404 10406
f 10935 10404 10934
f 10935 10644 10404
f 10935 10642 10644
f 10936 10642 10935
f 10936 10411 10642
f 10937 10411 10936
f 10937 10409 10411
f 10937 10413 10409
f 10938 10413 10937
f 10938 10649 10413
f 10939 10649 10938
f 10939 10648 10649
f 10940 10648 10939
f 10940 10415 10648
f 10940 10414 10415
f 10941 10414 10940
f 10941 10416 10414
f 10942 10416 10941
f 10942 10655 10416
f 10943 10655 10942
f 10943 10654 10655
f 10944 10654 10943
f 10944 10418 10654
f 10945 10417 10944
f 10944 10417 10418
f 10946 10419 10945
f 10945 10419 10417
f 10946 10659 10419
f 10947 10658 10946
f 10946 10658 10659
f 10948 10420 10947
f 10947 10420 10658
f 10948 10422 10420
f 10949 10421 10948
f 10948 10421 10422
f 10950 10663 10949
f 10949 10663 10421
f 10950 10662 10663
f 10951 10662 10950
f 10951 10423 10662
f 10952 10425 10951
f 10951 10425 10423
f 10952 10424 10425
f 10953 10424 10952
f 10953 10667 10424
f 10954 10667 10953
f 10954 10666 10667
f 10954 10427 10666
f 10955 10427 10954
f 10955 10426 10427
f 10956 10426 10955
f 10956 10429 10426
f 10956 10428 10429
f 10957 10428 10956
f 10957 10430 10428
f 9956 10430 10957
f 9956 10431 10430
f 9955 10431 9956
f 9955 10432 10431
f 9953 10432 9955
f 9953 10433 10432
f 9949 10433 9953
f 9956 10652 9957
f 9956 10957 10652
f 10957 10651 10652
f 10957 10956 10651
f 10956 10412 10651
f 10956 10955 10412
f 10955 10410 10412
f 10955 10954 10410
f 10954 10646 10410
f 10954 10953 10646
f 10953 10408 10646
f 10953 10952 10408
f 10952 10405 10408
f 10952 10951 10405
f 10951 10641 10405
f 10951 10950 10641
f 10949 10640 10950
f 10950 10640 10641
f 10949 10403 10640
f 10949 10948 10403
f 10948 10400 10403
f 10948 10947 10400
f 10947 10635 10400
f 10947 10946 10635
f 10946 10634 10635
f 10946 10945 10634
f 10945 10398 10634
f 10945 10944 10398
f 10944 10395 10398
f 10944 10943 10395
f 10943 10629 10395
f 10943 10942 10629
f 10942 10392 10629
f 10942 10941 10392
f 10940 10390 10941
f 10941 10390 10392
f 10940 10388 10390
f 10940 10939 10388
f 10939 10387 10388
f 10939 10938 10387
f 10938 10384 10387
f 10938 10937 10384
f 10937 10382 10384
f 10937 10936 10382
f 10936 10379 10382
f 10936 10935 10379
f 10935 10377 10379
f 10935 10934 10377
f 10934 10374 10377
f 10934 10933 10374
f 10933 10372 10374
f 10933 10932 10372
f 10931 10369 10932
f 10932 10369 10372
f 10931 10368 10369
f 10931 10930 10368
f 10930 10365 10368
f 10930 10929 10365
f 10929 10362 10365
f 10929 10928 10362
f 10928 10360 10362
f 10928 10927 10360
f 10927 10358 10360
f 10927 10926 10358
f 10926 10355 10358
f 10926 10925 10355
f 10925 10352 10355
f 10925 10924 10352
f 10924 10349 10352
f 10924 10923 10349
f 10922 10347 10923
f 10923 10347 10349
f 10922 10345 10347
f 10922 10921 10345
f 10921 10343 10345
f 10921 10920 10343
f 10920 10341 10343
f 10920 10919 10341
f 10919 10338 10341
f 10919 10918 10338
f 10918 10337 10338
f 10918 10917 10337
f 10917 10334 10337
f 10917 10916 10334
f 10916 10332 10334
f 10916 10915 10332
f 10915 10329 10332
f 10915 10914 10329
f 10913 10327 10914
f 10914 10327 10329
f 10913 10325 10327
f 10913 10912 10325
f 10912 10322 10325
f 10912 10911 10322
f 10911 10624 10322
f 10911 10910 10624
f 10910 10623 10624
f 10910 10909 10623
f 10909 10318 10623
f 10909 10908 10318
f 10908 10319 10318
f 10908 10907 10319
f 10907 10617 10319
f 10907 10906 10617
f 10906 10316 10617
f 10906 10905 10316
f 10904 10314 10905
f 10905 10314 10316
f 10904 10611 10314
f 10904 10903 10611
f 10903 10610 10611
f 10903 10902 10610
f 10902 10312 10610
f 10902 10901 10312
f 10901 10310 10312
f 10901 10900 10310
f 10900 10604 10310
f 10900 10899 10604
f 10899 10308 10604
f 10899 10898 10308
f 10898 10306 10308
f 10898 10897 10306
f 10897 10598 10306
f 10897 10896 10598
f 10895 10597 10896
f 10896 10597 10598
f 10895 10304 10597
f 10895 10894 10304
f 10894 10302 10304
f 10894 10893 10302
f 10893 10591 10302
f 10893 10892 10591
f 10892 10590 10591
f 10892 10891 10590
f 10891 10298 10590
f 10891 10890 10298
f 10890 10299 10298
f 10890 10889 10299
f 10889 10584 10299
f 10889 10888 10584
f 10888 10296 10584
f 10888 10887 10296
f 10886 10294 10887
f 10887 10294 10296
f 10886 10578 10294
f 10886 10885 10578
f 10885 10577 10578
f 10885 10884 10577
f 10884 10291 10577
f 10884 10883 10291
f 10883 10288 10291
f 10883 10882 10288
f 10882 10286 10288
f 10882 10881 10286
f 10881 10284 10286
f 10881 10880 10284
f 10880 10282 10284
f 10880 10879 10282
f 10879 10279 10282
f 10879 10878 10279
f 10877 10276 10878
f 10878 10276 10279
f 10877 10275 10276
f 10877 10876 10275
f 10876 10272 10275
f 10876 10875 10272
f 10875 10271 10272
f 10875 10874 10271
f 10874 10268 10271
f 10874 10873 10268
f 10873 10266 10268
f 10873 10872 10266
f 10872 10263 10266
f 10872 10871 10263
f 10871 10261 10263
f 10871 10870 10261
f 10870 10258 10261
f 10870 10869 10258
f 10868 10256 10869
f 10869 10256 10258
f 10868 10254 10256
f 10868 10867 10254
f 10867 10252 10254
f 10867 10866 10252
f 10866 10249 10252
f 10866 10865 10249
f 10865 10247 10249
f 10865 10864 10247
f 10864 10244 10247
f 10864 10863 10244
f 10863 10242 10244
f 10863 10862 10242
f 10862 10239 10242
f 10862 10861 10239
f 10861 10236 10239
f 10861 10860 10236
f 10859 10234 10860
f 10860 10234 10236
f 10859 10231 10234
f 10859 10858 10231
f 10858 10229 10231
f 10858 10857 10229
f 10857 10227 10229
f 10857 10856 10227
f 10856 10224 10227
f 10856 10855 10224
f 10855 10221 10224
f 10855 10854 10221
f 10854 10222 10221
f 10854 10853 10222
f 10853 10572 10222
f 10853 10852 10572
f 10852 10219 10572
f 10852 10851 10219
f 10850 10216 10851
f 10851 10216 10219
f 10850 10566 10216
f 10850 10849 10566
f 10849 10565 10566
f 10849 10848 10565
f 10848 10212 10565
f 10848 10847 10212
f 10847 10214 10212
f 10847 10846 10214
f 10846 10560 10214
f 10846 10845 10560
f 10845 10210 10560
f 10845 10844 10210
f 10844 10208 10210
f 10844 10843 10208
f 10843 10554 10208
f 10843 10842 10554
f 10841 10553 10842
f 10842 10553 10554
f 10841 10206 10553
f 10841 10840 10206
f 10840 10204 10206
f 10840 10839 10204
f 10839 10547 10204
f 10839 10838 10547
f 10838 10546 10547
f 10838 10837 10546
f 10837 10200 10546
f 10837 10836 10200
f 10836 10201 10200
f 10836 10835 10201
f 10835 10540 10201
f 10835 10834 10540
f 10834 10196 10540
f 10834 10833 10196
f 10832 10197 10833
f 10833 10197 10196
f 10832 10534 10197
f 10832 10831 10534
f 10831 10533 10534
f 10831 10830 10533
f 10830 10194 10533
f 10830 10829 10194
f 10829 10192 10194
f 10829 10828 10192
f 10828 10527 10192
f 10828 10827 10527
f 10827 10526 10527
f 10827 10826 10526
f 10826 10189 10526
f 10826 10825 10189
f 10825 10186 10189
f 10825 10824 10186
f 10823 10184 10824
f 10824 10184 10186
f 10823 10182 10184
f 10823 10822 10182
f 10822 10180 10182
f 10822 10821 10180
f 10821 10177 10180
f 10821 10820 10177
f 10820 10175 10177
f 10820 10819 10175
f 10819 10172 10175
f 10819 10818 10172
f 10818 10170 10172
f 10818 10817 10170
f 10817 10167 10170
f 10817 10816 10167
f 10816 10165 10167
f 10816 10815 10165
f 10814 10162 10815
f 10815 10162 10165
f 10814 10160 10162
f 10814 10813 10160
f 10813 10158 10160
f 10813 10812 10158
f 10812 10157 10158
f 10812 10811 10157
f 10811 10154 10157
f 10811 10810 10154
f 10810 10151 10154
f 10810 10809 10151
f 10809 10148 10151
f 10809 10808 10148
f 10808 10146 10148
f 10808 10807 10146
f 10807 10144 10146
f 10807 10806 10144
f 10805 10142 10806
f 10806 10142 10144
f 10805 10140 10142
f 10805 10804 10140
f 10804 10138 10140
f 10804 10803 10138
f 10803 10135 10138
f 10803 10802 10135
f 10802 10133 10135
f 10802 10801 10133
f 10801 10130 10133
f 10801 10800 10130
f 10800 10128 10130
f 10800 10799 10128
f 10799 10125 10128
f 10799 10798 10125
f 10798 10123 10125
f 10798 10797 10123
f 10796 10120 10797
f 10797 10120 10123
f 10796 10520 10120
f 10796 10795 10520
f 10795 10519 10520
f 10795 10794 10519
f 10794 10117 10519
f 10794 10793 10117
f 10793 10115 10117
f 10793 10792 10115
f 10792 10514 10115
f 10792 10791 10514
f 10791 10113 10514
f 10791 10790 10113
f 10790 10110 10113
f 10790 10789 10110
f 10789 10509 10110
f 10789 10788 10509
f 10787 10508 10788
f 10788 10508 10509
f 10787 10108 10508
f 10787 10786 10108
f 10786 10105 10108
f 10786 10785 10105
f 10785 10503 10105
f 10785 10784 10503
f 10784 10502 10503
f 10784 10783 10502
f 10783 10100 10502
f 10783 10782 10100
f 10782 10103 10100
f 10782 10781 10103
f 10781 10497 10103
f 10781 10780 10497
f 10780 10098 10497
f 10780 10779 10098
f 10778 10095 10779
f 10779 10095 10098
f 10778 10492 10095
f 10778 10777 10492
f 10777 10491 10492
f 10777 10776 10491
f 10776 10092 10491
f 10776 10775 10092
f 10775 10090 10092
f 10775 10774 10090
f 10774 10486 10090
f 10774 10773 10486
f 10773 10088 10486
f 10773 10772 10088
f 10772 10085 10088
f 10772 10771 10085
f 10771 10481 10085
f 10771 10770 10481
f 10769 10480 10770
f 10770 10480 10481
f 10769 10082 10480
f 10769 10768 10082
f 10768 10081 10082
f 10768 10767 10081
f 10767 10079 10081
f 10767 10766 10079
f 10766 10076 10079
f 10766 10765 10076
f 10765 10074 10076
f 10765 10764 10074
f 10764 10071 10074
f 10764 10763 10071
f 10763 10068 10071
f 10763 10762 10068
f 10762 10066 10068
f 10762 10761 10066
f 10760 10063 10761
f 10761 10063 10066
f 10760 10061 10063
f 10760 10759 10061
f 10759 10059 10061
f 10759 10758 10059
f 10758 10056 10059
f 10758 10757 10056
f 10757 10054 10056
f 10757 10756 10054
f 10756 10051 10054
f 10756 10755 10051
f 10755 10049 10051
f 10755 10754 10049
f 10754 10046 10049
f 10754 10753 10046
f 10753 10044 10046
f 10753 10752 10044
f 10751 10042 10752
f 10752 10042 10044
f 10751 10040 10042
f 10751 10750 10040
f 10750 10037 10040
f 10750 10749 10037
f 10749 10035 10037
f 10749 10748 10035
f 10748 10032 10035
f 10748 10747 10032
f 10747 10030 10032
f 10747 10746 10030
f 10746 10027 10030
f 10746 10745 10027
f 10745 10025 10027
f 10745 10744 10025
f 10744 10022 10025
f 10744 10743 10022
f 10742 10020 10743
f 10743 10020 10022
f 10742 10018 10020
f 10742 10741 10018
f 10741 10016 10018
f 10741 10740 10016
f 10740 10012 10016
f 10740 10739 10012
f 10739 10013 10012
f 10739 10738 10013
f 10738 10475 10013
f 10738 10737 10475
f 10737 10010 10475
f 10737 10736 10010
f 10736 10008 10010
f 10736 10735 10008
f 10735 10469 10008
f 10735 10734 10469
f 10733 10468 10734
f 10734 10468 10469
f 10733 10006 10468
f 10733 10732 10006
f 10732 10004 10006
f 10732 10731 10004
f 10731 10462 10004
f 10731 10730 10462
f 10730 10461 10462
f 10730 10729 10461
f 10729 10000 10461
f 10729 10728 10000
f 10728 10002 10000
f 10728 10727 10002
f 10727 10455 10002
f 10727 10726 10455
f 10726 9998 10455
f 10726 10725 9998
f 10724 9996 10725
f 10725 9996 9998
f 10724 10449 9996
f 10724 10723 10449
f 10723 10448 10449
f 10723 10722 10448
f 10722 9994 10448
f 10722 10721 9994
f 10721 9992 9994
f 10721 10720 9992
f 10720 10442 9992
f 10720 10719 10442
f 10719 9990 10442
f 10719 10718 9990
f 10718 9988 9990
f 10718 10717 9988
f 10717 10435 9988
f 10717 10716 10435
f 10696 9986 10716
f 10716 9986 10435
f 10672 10958 10673
f 10673 10958 10674
f 10674 10959 10675
f 10675 10959 10676
f 10958 10959 10674
f 10672 10671 10958
f 10959 10677 10676
f 10670 10960 10671
f 10671 10960 10958
f 10670 10691 10960
f 10677 10961 10678
f 10959 10961 10677
f 10961 10680 10678
f 10691 10690 10960
f 10690 10688 10960
f 10961 10683 10680
f 10688 10962 10960
f 10961 10963 10683
f 10688 10689 10962
f 10963 10684 10683
f 10689 10687 10962
f 10963 10686 10684
f 10962 10685 10963
f 10687 10685 10962
f 10963 10685 10686
f 10963 10964 10962
f 10964 10965 10962
f 10960 10965 10966
f 10962 10965 10960
f 10964 10961 10967
f 10964 10963 10961
f 10966 10968 10969
f 10965 10968 10966
f 10964 10967 10968
f 10964 10968 10965
f 10960 10969 10958
f 10960 10966 10969
f 10967 10959 10968
f 10967 10961 10959
f 10968 10959 10969
f 10969 10959 10958
f 10970 10971 10972
f 10973 10974 10975
f 10973 10975 10971
f 10973 10971 10970
f 10976 10977 10974
f 10976 10974 10973
f 10978 10979 10977
f 10978 10977 10976
f 10980 10981 10979
f 10980 10979 10978
f 10982 10983 10981
f 10982 10981 10980
f 10984 10985 10983
f 10984 10983 10982
f 10986 10987 10985
f 10986 10985 10984
f 10988 10987 10986
f 10989 10990 10987
f 10989 10987 10988
f 10991 10990 10989
f 10991 10992 10990
f 10993 10994 10992
f 10993 10992 10991
f 10995 10996 10994
f 10995 10994 10993
f 10997 10998 10996
f 10997 10996 10995
f 10999 11000 10998
f 10999 10998 10997
f 11001 11002 11000
f 11001 11000 10999
f 11003 11004 11002
f 11003 11002 11001
f 11005 11006 11004
f 11005 11004 11003
f 11007 10972 11006
f 11007 11006 11005
f 10970 10972 11007
f 11008 11009 11010
f 11008 11010 11011
f 11012 11013 11014
f 11012 11014 11015
f 10976 11011 11016
f 10978 11016 11017
f 10978 10976 11016
f 10973 11015 11008
f 10973 11008 11011
f 10973 11011 10976
f 11018 11019 11020
f 10980 11017 11021
f 10980 10978 11017
f 10970 11012 11015
f 10970 11015 10973
f 11007 11020 11012
f 11007 11012 10970
f 10982 10980 11021
f 11022 11018 11020
f 11005 11020 11007
f 11005 11022 11020
f 10984 11021 11023
f 10984 10982 11021
f 11003 11022 11005
f 10986 10984 11023
f 11024 11022 11003
f 11025 10986 11023
f 11001 11024 11003
f 11026 10986 11025
f 11026 11025 11027
f 11026 10988 10986
f 11028 11024 11001
f 11028 11001 10999
f 11029 11026 11027
f 11030 10988 11026
f 11030 10989 10988
f 11030 10991 10989
f 11031 10991 11030
f 11031 10993 10991
f 11032 11030 11033
f 11032 11031 11030
f 11034 11028 10999
f 11034 10999 10997
f 11035 10993 11031
f 11036 11035 11037
f 11038 10997 10995
f 11038 11034 10997
f 11039 10995 10993
f 11039 10993 11035
f 11039 11035 11036
f 11039 11038 10995
f 10972 10977 10979
f 10972 10974 10977
f 10972 10975 10974
f 10972 10971 10975
f 11006 10972 10979
f 11004 10979 10981
f 11004 11006 10979
f 10992 10987 10990
f 10992 10985 10987
f 10992 10983 10985
f 10992 10981 10983
f 10992 11004 10981
f 10998 11000 11002
f 10994 11002 11004
f 10994 11004 10992
f 10996 10998 11002
f 10996 11002 10994
f 11040 11010 11041
f 11042 11011 11040
f 11040 11011 11010
f 11043 11016 11042
f 11042 11016 11011
f 11044 11017 11043
f 11043 11017 11016
f 11045 11021 11044
f 11044 11021 11017
f 11046 11023 11045
f 11045 11023 11021
f 11047 11025 11046
f 11046 11025 11023
f 11047 11027 11025
f 11048 11036 11049
f 11050 11039 11048
f 11048 11039 11036
f 11051 11038 11050
f 11050 11038 11039
f 11052 11034 11051
f 11051 11034 11038
f 11053 11028 11052
f 11052 11028 11034
f 11054 11024 11053
f 11053 11024 11028
f 11055 11022 11054
f 11054 11022 11024
f 11055 11018 11022
f 11010 11056 11041
f 11010 11009 11056
f 11056 11057 11041
f 11040 11057 11042
f 11041 11057 11040
f 11042 11058 11043
f 11057 11058 11042
f 11058 11044 11043
f 11059 11060 11061
f 11061 11060 11058
f 11062 11055 11063
f 11055 11054 11063
f 11063 11053 11060
f 11054 11053 11063
f 11046 11064 11047
f 11045 11064 11046
f 11064 11065 11047
f 11044 11066 11045
f 11060 11066 11058
f 11058 11066 11044
f 11045 11066 11064
f 11053 11052 11060
f 11060 11067 11066
f 11052 11067 11060
f 11066 11068 11069
f 11067 11068 11066
f 11067 11051 11070
f 11052 11051 11067
f 11070 11049 11071
f 11070 11048 11049
f 11051 11050 11070
f 11070 11050 11048
f 11027 11047 11065
f 11029 11027 11065
f 11036 11071 11049
f 11036 11037 11071
f 11019 11055 11062
f 11019 11018 11055
f 11008 11057 11056
f 11008 11056 11009
f 11026 11065 11064
f 11026 11029 11065
f 11037 11070 11071
f 11037 11035 11070
f 11063 11020 11019
f 11063 11019 11062
f 11015 11058 11057
f 11015 11057 11008
f 11066 11030 11026
f 11066 11026 11064
f 11070 11035 11031
f 11070 11031 11067
f 11020 11063 11060
f 11020 11060 11012
f 11058 11015 11014
f 11058 11014 11061
f 11069 11033 11030
f 11069 11030 11066
f 11032 11068 11067
f 11032 11067 11031
f 11012 11060 11059
f 11012 11059 11013
f 11013 11059 11061
f 11013 11061 11014
f 11068 11032 11033
f 11068 11033 11069
f 11072 11073 11074
f 11074 11073 11075
f 11076 11077 11072
f 11072 11077 11073
f 11078 11079 11076
f 11076 11079 11077
f 11078 11080 11079
f 11081 11082 11078
f 11078 11082 11080
f 11083 11084 11081
f 11081 11084 11082
f 11085 11086 11083
f 11083 11086 11084
f 11087 11088 11085
f 11085 11088 11086
f 11087 11089 11088
f 11087 11090 11089
f 11090 11091 11089
f 11092 11093 11090
f 11090 11093 11091
f 11094 11095 11092
f 11092 11095 11093
f 11094 11096 11095
f 11097 11094 11098
f 11098 11094 11099
f 11092 11090 11094
f 11100 11101 11102
f 11090 11087 11094
f 11094 11087 11099
f 11100 11103 11101
f 11100 11104 11103
f 11104 11074 11105
f 11100 11074 11104
f 11085 11083 11087
f 11099 11081 11100
f 11087 11081 11099
f 11100 11081 11074
f 11083 11081 11087
f 11074 11076 11072
f 11081 11076 11074
f 11081 11078 11076
f 11106 11093 11095
f 11106 11095 11107
f 11107 11095 11096
f 11108 11089 11091
f 11084 11086 11082
f 11086 11088 11082
f 11079 11080 11109
f 11077 11110 11073
f 11073 11110 11111
f 11073 11111 11075
f 11094 11107 11096
f 11097 11107 11094
f 11097 11106 11107
f 11098 11112 11097
f 11097 11112 11106
f 11099 11113 11098
f 11098 11113 11112
f 11099 11114 11113
f 11100 11115 11099
f 11099 11115 11114
f 11102 11116 11100
f 11100 11116 11115
f 11101 11117 11102
f 11102 11117 11116
f 11101 11118 11117
f 11103 11119 11101
f 11101 11119 11118
f 11104 11110 11103
f 11103 11110 11119
f 11105 11111 11104
f 11104 11111 11110
f 11074 11075 11105
f 11105 11075 11111
f 11120 11121 11122
f 11123 11106 11121
f 11123 11121 11120
f 11124 11122 11125
f 11124 11120 11122
f 11093 11106 11123
f 11126 11125 11127
f 11126 11124 11125
f 11128 11127 11129
f 11128 11126 11127
f 11130 11129 11131
f 11130 11128 11129
f 11132 11131 11133
f 11132 11130 11131
f 11134 11133 11135
f 11134 11132 11133
f 11136 11135 11137
f 11136 11134 11135
f 11138 11139 11140
f 11141 11088 11139
f 11141 11139 11138
f 11142 11140 11143
f 11142 11138 11140
f 11082 11088 11141
f 11144 11143 11145
f 11144 11142 11143
f 11146 11144 11145
f 11147 11144 11146
f 11148 11146 11149
f 11148 11147 11146
f 11150 11149 11151
f 11150 11148 11149
f 11152 11151 11153
f 11152 11150 11151
f 11154 11153 11155
f 11154 11152 11153
f 11156 11157 11158
f 11159 11160 11157
f 11159 11157 11156
f 11161 11158 11162
f 11161 11156 11158
f 11163 11160 11159
f 11164 11162 11165
f 11164 11161 11162
f 11166 11164 11165
f 11167 11164 11166
f 11168 11166 11169
f 11168 11167 11166
f 11170 11169 11171
f 11170 11168 11169
f 11172 11171 11173
f 11172 11170 11171
f 11077 11173 11110
f 11077 11172 11173
f 11119 11174 11118
f 11117 11114 11116
f 11116 11114 11115
f 11175 11112 11113
f 11128 11130 11176
f 11132 11177 11130
f 11130 11177 11176
f 11134 11178 11132
f 11132 11178 11177
f 11134 11179 11178
f 11136 11180 11134
f 11134 11180 11179
f 11136 11181 11180
f 11136 11137 11182
f 11136 11182 11183
f 11183 11182 11184
f 11137 11135 11185
f 11135 11186 11185
f 11135 11133 11186
f 11133 11187 11186
f 11133 11131 11187
f 11131 11188 11187
f 11131 11189 11188
f 11131 11129 11189
f 11129 11190 11189
f 11191 11192 11190
f 11191 11190 11129
f 11191 11129 11127
f 11193 11192 11191
f 11127 11125 11191
f 11122 11194 11125
f 11125 11194 11191
f 11121 11195 11122
f 11122 11195 11194
f 11121 11196 11195
f 11106 11197 11121
f 11121 11197 11196
f 11106 11112 11197
f 11093 11123 11091
f 11123 11198 11091
f 11123 11120 11198
f 11120 11199 11198
f 11120 11124 11199
f 11124 11200 11199
f 11124 11201 11200
f 11124 11126 11201
f 11126 11202 11201
f 11128 11202 11126
f 11176 11202 11128
f 11203 11204 11202
f 11203 11202 11176
f 11147 11148 11205
f 11150 11206 11148
f 11148 11206 11205
f 11152 11207 11150
f 11150 11207 11206
f 11152 11208 11207
f 11154 11209 11152
f 11152 11209 11208
f 11154 11210 11209
f 11211 11212 11155
f 11212 11154 11155
f 11155 11153 11213
f 11153 11214 11213
f 11153 11151 11214
f 11151 11215 11214
f 11151 11149 11215
f 11149 11216 11215
f 11149 11217 11216
f 11149 11146 11217
f 11146 11218 11217
f 11219 11220 11221
f 11218 11220 11219
f 11146 11145 11220
f 11146 11220 11218
f 11145 11143 11220
f 11140 11222 11143
f 11143 11222 11220
f 11139 11223 11140
f 11140 11223 11222
f 11139 11224 11223
f 11088 11225 11139
f 11139 11225 11224
f 11088 11089 11225
f 11082 11141 11080
f 11141 11226 11080
f 11141 11138 11226
f 11138 11227 11226
f 11138 11142 11227
f 11142 11228 11227
f 11142 11229 11228
f 11142 11144 11229
f 11144 11230 11229
f 11230 11147 11205
f 11230 11205 11231
f 11230 11231 11232
f 11144 11147 11230
f 11165 11162 11233
f 11158 11234 11162
f 11162 11234 11233
f 11157 11235 11158
f 11158 11235 11234
f 11157 11236 11235
f 11160 11237 11157
f 11157 11237 11236
f 11160 11238 11237
f 11160 11163 11239
f 11239 11163 11240
f 11240 11163 11241
f 11163 11159 11242
f 11159 11243 11242
f 11159 11156 11243
f 11156 11244 11243
f 11156 11161 11244
f 11161 11245 11244
f 11161 11246 11245
f 11161 11164 11246
f 11164 11247 11246
f 11248 11249 11250
f 11247 11249 11248
f 11164 11167 11249
f 11164 11249 11247
f 11167 11168 11249
f 11170 11251 11168
f 11168 11251 11249
f 11172 11252 11170
f 11170 11252 11251
f 11172 11253 11252
f 11077 11254 11172
f 11172 11254 11253
f 11077 11079 11254
f 11110 11173 11119
f 11173 11255 11119
f 11173 11171 11255
f 11171 11256 11255
f 11171 11169 11256
f 11169 11257 11256
f 11169 11258 11257
f 11169 11166 11258
f 11166 11259 11258
f 11259 11165 11233
f 11259 11233 11260
f 11259 11260 11261
f 11166 11165 11259
f 11262 11263 11264
f 11265 11266 11263
f 11265 11263 11262
f 11267 11264 11268
f 11267 11262 11264
f 11269 11266 11265
f 11270 11268 11271
f 11270 11267 11268
f 11272 11270 11271
f 11273 11270 11272
f 11274 11272 11275
f 11274 11273 11272
f 11276 11275 11277
f 11276 11274 11275
f 11278 11277 11279
f 11278 11276 11277
f 11117 11279 11114
f 11117 11278 11279
f 11280 11180 11181
f 11281 11179 11180
f 11281 11180 11280
f 11282 11178 11179
f 11282 11179 11281
f 11283 11177 11178
f 11283 11178 11282
f 11284 11176 11177
f 11284 11177 11283
f 11203 11176 11284
f 11184 11285 11286
f 11182 11285 11184
f 11185 11287 11137
f 11137 11287 11182
f 11182 11287 11285
f 11185 11288 11287
f 11185 11289 11288
f 11266 11290 11289
f 11289 11290 11288
f 11266 11291 11290
f 11292 11293 11266
f 11266 11293 11291
f 11269 11294 11295
f 11295 11294 11292
f 11292 11294 11293
f 11269 11296 11294
f 11297 11298 11269
f 11269 11298 11296
f 11238 11299 11297
f 11297 11299 11298
f 11160 11300 11238
f 11238 11300 11299
f 11160 11239 11300
f 11239 11301 11300
f 11239 11240 11301
f 11240 11302 11301
f 11241 11302 11240
f 11241 11303 11302
f 11163 11304 11241
f 11241 11304 11303
f 11242 11305 11163
f 11163 11305 11304
f 11242 11210 11305
f 11154 11306 11210
f 11210 11306 11305
f 11154 11307 11306
f 11154 11212 11307
f 11212 11308 11307
f 11211 11309 11212
f 11212 11309 11308
f 11155 11310 11211
f 11211 11310 11309
f 11213 11311 11155
f 11155 11311 11310
f 11181 11312 11213
f 11213 11312 11311
f 11136 11313 11181
f 11181 11313 11312
f 11183 11314 11136
f 11136 11314 11313
f 11184 11286 11183
f 11183 11286 11314
f 11185 11315 11316
f 11186 11317 11315
f 11186 11315 11185
f 11187 11318 11317
f 11187 11317 11186
f 11188 11319 11318
f 11188 11318 11187
f 11189 11192 11319
f 11189 11319 11188
f 11190 11192 11189
f 11320 11321 11322
f 11323 11324 11321
f 11323 11321 11320
f 11325 11326 11324
f 11325 11324 11323
f 11327 11328 11326
f 11327 11326 11325
f 11329 11193 11328
f 11329 11328 11327
f 11192 11193 11329
f 11175 11197 11112
f 11330 11196 11197
f 11330 11197 11175
f 11331 11195 11196
f 11331 11196 11330
f 11332 11194 11195
f 11332 11195 11331
f 11333 11191 11194
f 11333 11194 11332
f 11193 11191 11333
f 11091 11334 11108
f 11198 11335 11334
f 11198 11334 11091
f 11199 11336 11335
f 11199 11335 11198
f 11200 11337 11336
f 11200 11336 11199
f 11201 11204 11337
f 11201 11337 11200
f 11202 11204 11201
f 11203 11338 11204
f 11339 11340 11338
f 11339 11338 11203
f 11341 11342 11340
f 11341 11340 11339
f 11343 11344 11342
f 11343 11342 11341
f 11345 11221 11344
f 11345 11344 11343
f 11219 11221 11345
f 11346 11209 11210
f 11347 11208 11209
f 11347 11209 11346
f 11348 11207 11208
f 11348 11208 11347
f 11349 11206 11207
f 11349 11207 11348
f 11350 11205 11206
f 11350 11206 11349
f 11231 11205 11350
f 11213 11351 11280
f 11214 11352 11351
f 11214 11351 11213
f 11215 11353 11352
f 11215 11352 11214
f 11216 11354 11353
f 11216 11353 11215
f 11217 11219 11354
f 11217 11354 11216
f 11218 11219 11217
f 11108 11225 11089
f 11355 11224 11225
f 11355 11225 11108
f 11356 11223 11224
f 11356 11224 11355
f 11357 11222 11223
f 11357 11223 11356
f 11358 11220 11222
f 11358 11222 11357
f 11221 11220 11358
f 11080 11359 11109
f 11226 11360 11359
f 11226 11359 11080
f 11227 11361 11360
f 11227 11360 11226
f 11228 11362 11361
f 11228 11361 11227
f 11229 11232 11362
f 11229 11362 11228
f 11230 11232 11229
f 11231 11363 11232
f 11364 11365 11363
f 11364 11363 11231
f 11366 11367 11365
f 11366 11365 11364
f 11368 11369 11367
f 11368 11367 11366
f 11370 11250 11369
f 11370 11369 11368
f 11248 11250 11370
f 11371 11237 11238
f 11372 11236 11237
f 11372 11237 11371
f 11373 11235 11236
f 11373 11236 11372
f 11374 11234 11235
f 11374 11235 11373
f 11375 11233 11234
f 11375 11234 11374
f 11260 11233 11375
f 11242 11376 11346
f 11243 11377 11376
f 11243 11376 11242
f 11244 11378 11377
f 11244 11377 11243
f 11245 11379 11378
f 11245 11378 11244
f 11246 11248 11379
f 11246 11379 11245
f 11247 11248 11246
f 11109 11254 11079
f 11380 11253 11254
f 11380 11254 11109
f 11381 11252 11253
f 11381 11253 11380
f 11382 11251 11252
f 11382 11252 11381
f 11383 11249 11251
f 11383 11251 11382
f 11250 11249 11383
f 11119 11384 11174
f 11255 11385 11384
f 11255 11384 11119
f 11256 11386 11385
f 11256 11385 11255
f 11257 11387 11386
f 11257 11386 11256
f 11258 11261 11387
f 11258 11387 11257
f 11259 11261 11258
f 11260 11388 11261
f 11389 11390 11388
f 11389 11388 11260
f 11391 11392 11390
f 11391 11390 11389
f 11393 11394 11392
f 11393 11392 11391
f 11395 11396 11394
f 11395 11394 11393
f 11397 11396 11395
f 11271 11268 11398
f 11264 11399 11268
f 11268 11399 11398
f 11263 11400 11264
f 11264 11400 11399
f 11263 11401 11400
f 11266 11402 11263
f 11263 11402 11401
f 11266 11289 11402
f 11266 11269 11292
f 11292 11269 11295
f 11269 11265 11297
f 11265 11403 11297
f 11265 11262 11403
f 11262 11404 11403
f 11262 11267 11404
f 11267 11405 11404
f 11267 11406 11405
f 11267 11270 11406
f 11270 11407 11406
f 11408 11397 11407
f 11408 11407 11270
f 11408 11270 11273
f 11396 11397 11408
f 11273 11274 11408
f 11276 11409 11274
f 11274 11409 11408
f 11278 11410 11276
f 11276 11410 11409
f 11278 11411 11410
f 11117 11412 11278
f 11278 11412 11411
f 11117 11118 11412
f 11114 11279 11113
f 11279 11413 11113
f 11279 11277 11413
f 11277 11414 11413
f 11277 11275 11414
f 11275 11415 11414
f 11275 11416 11415
f 11275 11272 11416
f 11272 11417 11416
f 11271 11417 11272
f 11398 11417 11271
f 11320 11322 11417
f 11320 11417 11398
f 11339 11203 11284
f 11354 11345 11343
f 11354 11219 11345
f 11418 11341 11339
f 11418 11283 11282
f 11418 11284 11283
f 11418 11339 11284
f 11419 11343 11341
f 11419 11353 11354
f 11419 11341 11418
f 11419 11354 11343
f 11420 11281 11280
f 11420 11282 11281
f 11420 11418 11282
f 11421 11352 11353
f 11421 11351 11352
f 11421 11280 11351
f 11421 11419 11418
f 11421 11420 11280
f 11421 11418 11420
f 11421 11353 11419
f 11185 11316 11289
f 11371 11238 11297
f 11304 11300 11303
f 11303 11300 11301
f 11303 11301 11302
f 11299 11422 11298
f 11296 11291 11293
f 11296 11293 11294
f 11423 11288 11290
f 11287 11313 11285
f 11285 11313 11314
f 11285 11314 11286
f 11424 11311 11312
f 11308 11309 11307
f 11309 11310 11307
f 11305 11306 11425
f 11346 11210 11242
f 11181 11213 11280
f 11426 11323 11320
f 11319 11329 11327
f 11319 11192 11329
f 11427 11325 11323
f 11427 11426 11428
f 11427 11323 11426
f 11429 11327 11325
f 11429 11318 11319
f 11429 11325 11427
f 11429 11319 11327
f 11430 11428 11431
f 11430 11431 11432
f 11430 11432 11316
f 11430 11427 11428
f 11433 11317 11318
f 11433 11315 11317
f 11433 11316 11315
f 11433 11429 11427
f 11433 11427 11430
f 11433 11430 11316
f 11433 11318 11429
f 11328 11193 11333
f 11434 11321 11324
f 11434 11322 11321
f 11435 11326 11328
f 11435 11332 11331
f 11435 11333 11332
f 11435 11328 11333
f 11436 11324 11326
f 11436 11437 11438
f 11436 11438 11434
f 11436 11326 11435
f 11436 11434 11324
f 11439 11330 11175
f 11439 11331 11330
f 11439 11435 11331
f 11440 11175 11441
f 11440 11441 11437
f 11440 11436 11435
f 11440 11439 11175
f 11440 11435 11439
f 11440 11437 11436
f 11344 11221 11358
f 11337 11338 11340
f 11337 11204 11338
f 11442 11342 11344
f 11442 11357 11356
f 11442 11358 11357
f 11442 11344 11358
f 11443 11340 11342
f 11443 11336 11337
f 11443 11342 11442
f 11443 11337 11340
f 11444 11355 11108
f 11444 11356 11355
f 11444 11442 11356
f 11445 11335 11336
f 11445 11334 11335
f 11445 11108 11334
f 11445 11443 11442
f 11445 11444 11108
f 11445 11442 11444
f 11445 11336 11443
f 11364 11231 11350
f 11379 11370 11368
f 11379 11248 11370
f 11446 11366 11364
f 11446 11349 11348
f 11446 11350 11349
f 11446 11364 11350
f 11447 11368 11366
f 11447 11378 11379
f 11447 11366 11446
f 11447 11379 11368
f 11448 11347 11346
f 11448 11348 11347
f 11448 11446 11348
f 11449 11377 11378
f 11449 11376 11377
f 11449 11346 11376
f 11449 11447 11446
f 11449 11448 11346
f 11449 11446 11448
f 11449 11378 11447
f 11369 11250 11383
f 11362 11363 11365
f 11362 11232 11363
f 11450 11367 11369
f 11450 11382 11381
f 11450 11383 11382
f 11450 11369 11383
f 11451 11365 11367
f 11451 11361 11362
f 11451 11367 11450
f 11451 11362 11365
f 11452 11380 11109
f 11452 11381 11380
f 11452 11450 11381
f 11453 11360 11361
f 11453 11359 11360
f 11453 11109 11359
f 11453 11451 11450
f 11453 11452 11109
f 11453 11450 11452
f 11453 11361 11451
f 11389 11260 11375
f 11454 11395 11393
f 11454 11397 11395
f 11455 11391 11389
f 11455 11374 11373
f 11455 11375 11374
f 11455 11389 11375
f 11456 11393 11391
f 11456 11457 11458
f 11456 11458 11454
f 11456 11391 11455
f 11456 11454 11393
f 11459 11372 11371
f 11459 11373 11372
f 11459 11455 11373
f 11460 11371 11461
f 11460 11461 11457
f 11460 11456 11455
f 11460 11459 11371
f 11460 11455 11459
f 11460 11457 11456
f 11462 11394 11396
f 11387 11388 11390
f 11387 11261 11388
f 11463 11392 11394
f 11463 11462 11464
f 11463 11394 11462
f 11465 11390 11392
f 11465 11386 11387
f 11465 11392 11463
f 11465 11387 11390
f 11466 11464 11467
f 11466 11467 11468
f 11466 11468 11174
f 11466 11463 11464
f 11469 11385 11386
f 11469 11384 11385
f 11469 11174 11384
f 11469 11465 11463
f 11469 11463 11466
f 11469 11466 11174
f 11469 11386 11465
f 11316 11402 11289
f 11432 11401 11402
f 11432 11402 11316
f 11431 11400 11401
f 11431 11401 11432
f 11428 11399 11400
f 11428 11400 11431
f 11426 11398 11399
f 11426 11399 11428
f 11320 11398 11426
f 11403 11461 11371
f 11403 11371 11297
f 11404 11457 11461
f 11404 11461 11403
f 11405 11458 11457
f 11405 11457 11404
f 11406 11454 11458
f 11406 11458 11405
f 11407 11397 11454
f 11407 11454 11406
f 11174 11412 11118
f 11468 11411 11412
f 11468 11412 11174
f 11467 11410 11411
f 11467 11411 11468
f 11464 11409 11410
f 11464 11410 11467
f 11462 11408 11409
f 11462 11409 11464
f 11396 11408 11462
f 11413 11441 11175
f 11413 11175 11113
f 11414 11437 11441
f 11414 11441 11413
f 11415 11438 11437
f 11415 11437 11414
f 11416 11434 11438
f 11416 11438 11415
f 11417 11322 11434
f 11417 11434 11416
f 11470 11471 11472
f 11473 11474 11471
f 11473 11471 11470
f 11475 11472 11476
f 11475 11470 11472
f 11477 11474 11473
f 11478 11476 11479
f 11478 11475 11476
f 11480 11478 11479
f 11481 11478 11480
f 11482 11480 11483
f 11482 11481 11480
f 11484 11483 11485
f 11484 11482 11483
f 11486 11485 11487
f 11486 11484 11485
f 11304 11487 11300
f 11304 11486 11487
f 11488 11489 11490
f 11491 11492 11489
f 11491 11489 11488
f 11493 11490 11494
f 11493 11488 11490
f 11495 11492 11491
f 11496 11494 11497
f 11496 11493 11494
f 11498 11497 11499
f 11498 11496 11497
f 11500 11499 11501
f 11500 11498 11499
f 11502 11501 11503
f 11502 11500 11501
f 11504 11503 11505
f 11504 11502 11503
f 11296 11505 11291
f 11296 11504 11505
f 11506 11507 11508
f 11509 11287 11507
f 11509 11507 11506
f 11510 11508 11511
f 11510 11506 11508
f 11313 11287 11509
f 11512 11511 11513
f 11512 11510 11511
f 11514 11512 11513
f 11515 11512 11514
f 11516 11514 11517
f 11516 11515 11514
f 11518 11517 11519
f 11518 11516 11517
f 11520 11519 11521
f 11520 11518 11519
f 11522 11521 11523
f 11522 11520 11521
f 11524 11525 11526
f 11527 11310 11525
f 11527 11525 11524
f 11528 11526 11529
f 11528 11524 11526
f 11307 11310 11527
f 11530 11529 11531
f 11530 11528 11529
f 11532 11531 11533
f 11532 11530 11531
f 11534 11533 11535
f 11534 11532 11533
f 11536 11535 11537
f 11536 11534 11535
f 11538 11537 11539
f 11538 11536 11537
f 11540 11539 11541
f 11540 11538 11539
f 11479 11476 11542
f 11472 11543 11476
f 11476 11543 11542
f 11471 11544 11472
f 11472 11544 11543
f 11471 11545 11544
f 11474 11546 11471
f 11471 11546 11545
f 11474 11547 11546
f 11474 11477 11548
f 11548 11477 11549
f 11549 11477 11550
f 11477 11473 11551
f 11473 11552 11551
f 11473 11470 11552
f 11470 11553 11552
f 11470 11475 11553
f 11475 11554 11553
f 11475 11555 11554
f 11475 11478 11555
f 11478 11556 11555
f 11557 11558 11559
f 11556 11558 11557
f 11478 11481 11558
f 11478 11558 11556
f 11481 11482 11558
f 11484 11560 11482
f 11482 11560 11558
f 11486 11561 11484
f 11484 11561 11560
f 11486 11562 11561
f 11304 11563 11486
f 11486 11563 11562
f 11304 11305 11563
f 11300 11487 11299
f 11487 11564 11299
f 11487 11485 11564
f 11485 11565 11564
f 11485 11483 11565
f 11483 11566 11565
f 11483 11567 11566
f 11483 11480 11567
f 11480 11568 11567
f 11568 11479 11542
f 11568 11542 11569
f 11568 11569 11570
f 11480 11479 11568
f 11497 11494 11571
f 11490 11572 11494
f 11494 11572 11571
f 11489 11573 11490
f 11490 11573 11572
f 11489 11574 11573
f 11492 11575 11489
f 11489 11575 11574
f 11492 11576 11575
f 11492 11495 11577
f 11577 11495 11578
f 11495 11491 11579
f 11491 11580 11579
f 11491 11488 11580
f 11488 11581 11580
f 11488 11493 11581
f 11493 11582 11581
f 11493 11583 11582
f 11493 11496 11583
f 11496 11584 11583
f 11585 11586 11584
f 11585 11584 11496
f 11585 11496 11498
f 11587 11586 11585
f 11498 11500 11585
f 11502 11588 11500
f 11500 11588 11585
f 11504 11589 11502
f 11502 11589 11588
f 11504 11590 11589
f 11296 11591 11504
f 11504 11591 11590
f 11296 11298 11591
f 11291 11505 11290
f 11505 11592 11290
f 11505 11503 11592
f 11503 11593 11592
f 11503 11501 11593
f 11501 11594 11593
f 11501 11595 11594
f 11501 11499 11595
f 11499 11596 11595
f 11497 11596 11499
f 11571 11596 11497
f 11597 11598 11596
f 11597 11596 11571
f 11515 11516 11599
f 11518 11600 11516
f 11516 11600 11599
f 11520 11601 11518
f 11518 11601 11600
f 11520 11602 11601
f 11522 11603 11520
f 11520 11603 11602
f 11522 11604 11603
f 11522 11523 11605
f 11522 11605 11606
f 11606 11605 11607
f 11523 11521 11608
f 11521 11609 11608
f 11521 11519 11609
f 11519 11610 11609
f 11519 11517 11610
f 11517 11611 11610
f 11517 11612 11611
f 11517 11514 11612
f 11514 11613 11612
f 11614 11615 11613
f 11614 11613 11514
f 11614 11514 11513
f 11616 11615 11614
f 11513 11511 11614
f 11508 11617 11511
f 11511 11617 11614
f 11507 11618 11508
f 11508 11618 11617
f 11507 11619 11618
f 11287 11620 11507
f 11507 11620 11619
f 11287 11288 11620
f 11313 11509 11312
f 11509 11621 11312
f 11509 11506 11621
f 11506 11622 11621
f 11506 11510 11622
f 11510 11623 11622
f 11510 11624 11623
f 11510 11512 11624
f 11512 11625 11624
f 11515 11625 11512
f 11599 11625 11515
f 11626 11627 11625
f 11626 11625 11599
f 11532 11534 11628
f 11536 11629 11534
f 11534 11629 11628
f 11538 11630 11536
f 11536 11630 11629
f 11538 11631 11630
f 11540 11632 11538
f 11538 11632 11631
f 11540 11633 11632
f 11634 11635 11541
f 11635 11540 11541
f 11541 11539 11636
f 11539 11637 11636
f 11539 11537 11637
f 11537 11638 11637
f 11537 11535 11638
f 11535 11639 11638
f 11535 11640 11639
f 11535 11533 11640
f 11533 11641 11640
f 11642 11643 11644
f 11641 11643 11642
f 11533 11531 11643
f 11533 11643 11641
f 11531 11529 11643
f 11526 11645 11529
f 11529 11645 11643
f 11525 11646 11526
f 11526 11646 11645
f 11525 11647 11646
f 11310 11648 11525
f 11525 11648 11647
f 11310 11311 11648
f 11307 11527 11306
f 11527 11649 11306
f 11527 11524 11649
f 11524 11650 11649
f 11524 11528 11650
f 11528 11651 11650
f 11528 11652 11651
f 11528 11530 11652
f 11530 11653 11652
f 11653 11532 11628
f 11653 11628 11654
f 11653 11654 11655
f 11530 11532 11653
f 11656 11546 11547
f 11657 11545 11546
f 11657 11546 11656
f 11658 11544 11545
f 11658 11545 11657
f 11659 11543 11544
f 11659 11544 11658
f 11660 11542 11543
f 11660 11543 11659
f 11569 11542 11660
f 11607 11605 11661
f 11523 11662 11605
f 11605 11662 11661
f 11608 11663 11523
f 11523 11663 11662
f 11608 11576 11663
f 11492 11664 11576
f 11576 11664 11663
f 11577 11665 11492
f 11492 11665 11664
f 11578 11666 11577
f 11577 11666 11665
f 11579 11667 11495
f 11495 11667 11578
f 11578 11667 11666
f 11547 11668 11579
f 11579 11668 11667
f 11474 11669 11547
f 11547 11669 11668
f 11548 11670 11474
f 11474 11670 11669
f 11549 11671 11548
f 11548 11671 11670
f 11550 11671 11549
f 11477 11672 11550
f 11550 11672 11671
f 11551 11673 11477
f 11477 11673 11672
f 11551 11633 11673
f 11540 11674 11633
f 11633 11674 11673
f 11635 11675 11540
f 11540 11675 11674
f 11634 11676 11635
f 11635 11676 11675
f 11541 11677 11634
f 11634 11677 11676
f 11604 11678 11636
f 11636 11678 11541
f 11541 11678 11677
f 11522 11679 11604
f 11604 11679 11678
f 11606 11680 11522
f 11522 11680 11679
f 11607 11661 11606
f 11606 11661 11680
f 11551 11681 11682
f 11552 11683 11681
f 11552 11681 11551
f 11553 11684 11683
f 11553 11683 11552
f 11554 11685 11684
f 11554 11684 11553
f 11555 11557 11685
f 11555 11685 11554
f 11556 11557 11555
f 11654 11686 11655
f 11687 11688 11686
f 11687 11686 11654
f 11689 11690 11688
f 11689 11688 11687
f 11691 11692 11690
f 11691 11690 11689
f 11693 11559 11692
f 11693 11692 11691
f 11557 11559 11693
f 11425 11563 11305
f 11694 11562 11563
f 11694 11563 11425
f 11695 11561 11562
f 11695 11562 11694
f 11696 11560 11561
f 11696 11561 11695
f 11697 11558 11560
f 11697 11560 11696
f 11559 11558 11697
f 11299 11698 11422
f 11564 11699 11698
f 11564 11698 11299
f 11565 11700 11699
f 11565 11699 11564
f 11566 11701 11700
f 11566 11700 11565
f 11567 11570 11701
f 11567 11701 11566
f 11568 11570 11567
f 11569 11702 11570
f 11703 11704 11702
f 11703 11702 11569
f 11705 11706 11704
f 11705 11704 11703
f 11707 11708 11706
f 11707 11706 11705
f 11709 11587 11708
f 11709 11708 11707
f 11586 11587 11709
f 11710 11575 11576
f 11711 11574 11575
f 11711 11575 11710
f 11712 11573 11574
f 11712 11574 11711
f 11713 11572 11573
f 11713 11573 11712
f 11714 11571 11572
f 11714 11572 11713
f 11597 11571 11714
f 11579 11715 11656
f 11580 11716 11715
f 11580 11715 11579
f 11581 11717 11716
f 11581 11716 11580
f 11582 11718 11717
f 11582 11717 11581
f 11583 11586 11718
f 11583 11718 11582
f 11584 11586 11583
f 11422 11591 11298
f 11719 11590 11591
f 11719 11591 11422
f 11720 11589 11590
f 11720 11590 11719
f 11721 11588 11589
f 11721 11589 11720
f 11722 11585 11588
f 11722 11588 11721
f 11587 11585 11722
f 11290 11723 11423
f 11592 11724 11723
f 11592 11723 11290
f 11593 11725 11724
f 11593 11724 11592
f 11594 11726 11725
f 11594 11725 11593
f 11595 11598 11726
f 11595 11726 11594
f 11596 11598 11595
f 11597 11727 11598
f 11728 11729 11727
f 11728 11727 11597
f 11730 11731 11729
f 11730 11729 11728
f 11732 11733 11731
f 11732 11731 11730
f 11734 11616 11733
f 11734 11733 11732
f 11615 11616 11734
f 11735 11603 11604
f 11736 11602 11603
f 11736 11603 11735
f 11737 11601 11602
f 11737 11602 11736
f 11738 11600 11601
f 11738 11601 11737
f 11739 11599 11600
f 11739 11600 11738
f 11626 11599 11739
f 11608 11740 11710
f 11609 11741 11740
f 11609 11740 11608
f 11610 11742 11741
f 11610 11741 11609
f 11611 11743 11742
f 11611 11742 11610
f 11612 11615 11743
f 11612 11743 11611
f 11613 11615 11612
f 11423 11620 11288
f 11744 11619 11620
f 11744 11620 11423
f 11745 11618 11619
f 11745 11619 11744
f 11746 11617 11618
f 11746 11618 11745
f 11747 11614 11617
f 11747 11617 11746
f 11616 11614 11747
f 11312 11748 11424
f 11621 11749 11748
f 11621 11748 11312
f 11622 11750 11749
f 11622 11749 11621
f 11623 11751 11750
f 11623 11750 11622
f 11624 11627 11751
f 11624 11751 11623
f 11625 11627 11624
f 11626 11752 11627
f 11753 11754 11752
f 11753 11752 11626
f 11755 11756 11754
f 11755 11754 11753
f 11757 11758 11756
f 11757 11756 11755
f 11759 11644 11758
f 11759 11758 11757
f 11642 11644 11759
f 11682 11632 11633
f 11760 11631 11632
f 11760 11632 11682
f 11761 11630 11631
f 11761 11631 11760
f 11762 11629 11630
f 11762 11630 11761
f 11763 11628 11629
f 11763 11629 11762
f 11654 11628 11763
f 11636 11764 11735
f 11637 11765 11764
f 11637 11764 11636
f 11638 11766 11765
f 11638 11765 11637
f 11639 11767 11766
f 11639 11766 11638
f 11640 11642 11767
f 11640 11767 11639
f 11641 11642 11640
f 11424 11648 11311
f 11768 11647 11648
f 11768 11648 11424
f 11769 11646 11647
f 11769 11647 11768
f 11770 11645 11646
f 11770 11646 11769
f 11771 11643 11645
f 11771 11645 11770
f 11644 11643 11771
f 11306 11772 11425
f 11649 11773 11772
f 11649 11772 11306
f 11650 11774 11773
f 11650 11773 11649
f 11651 11775 11774
f 11651 11774 11650
f 11652 11655 11775
f 11652 11775 11651
f 11653 11655 11652
f 11703 11569 11660
f 11718 11709 11707
f 11718 11586 11709
f 11776 11705 11703
f 11776 11659 11658
f 11776 11660 11659
f 11776 11703 11660
f 11777 11707 11705
f 11777 11717 11718
f 11777 11705 11776
f 11777 11718 11707
f 11778 11657 11656
f 11778 11658 11657
f 11778 11776 11658
f 11779 11716 11717
f 11779 11715 11716
f 11779 11656 11715
f 11779 11777 11776
f 11779 11778 11656
f 11779 11776 11778
f 11779 11717 11777
f 11608 11710 11576
f 11656 11547 11579
f 11661 11662 11663
f 11661 11663 11664
f 11666 11664 11665
f 11667 11664 11666
f 11679 11680 11661
f 11669 11667 11668
f 11677 11678 11679
f 11677 11679 11661
f 11671 11669 11670
f 11671 11661 11664
f 11671 11664 11667
f 11671 11667 11669
f 11674 11675 11676
f 11674 11676 11677
f 11674 11661 11671
f 11674 11677 11661
f 11673 11671 11672
f 11673 11674 11671
f 11682 11633 11551
f 11604 11636 11735
f 11687 11654 11763
f 11685 11693 11691
f 11685 11557 11693
f 11780 11689 11687
f 11780 11762 11761
f 11780 11763 11762
f 11780 11687 11763
f 11781 11691 11689
f 11781 11684 11685
f 11781 11689 11780
f 11781 11685 11691
f 11782 11760 11682
f 11782 11761 11760
f 11782 11780 11761
f 11783 11683 11684
f 11783 11681 11683
f 11783 11682 11681
f 11783 11781 11780
f 11783 11782 11682
f 11783 11780 11782
f 11783 11684 11781
f 11692 11559 11697
f 11775 11686 11688
f 11775 11655 11686
f 11784 11690 11692
f 11784 11696 11695
f 11784 11697 11696
f 11784 11692 11697
f 11785 11688 11690
f 11785 11774 11775
f 11785 11690 11784
f 11785 11775 11688
f 11786 11694 11425
f 11786 11695 11694
f 11786 11784 11695
f 11787 11773 11774
f 11787 11772 11773
f 11787 11425 11772
f 11787 11785 11784
f 11787 11786 11425
f 11787 11784 11786
f 11787 11774 11785
f 11708 11587 11722
f 11701 11702 11704
f 11701 11570 11702
f 11788 11706 11708
f 11788 11721 11720
f 11788 11722 11721
f 11788 11708 11722
f 11789 11704 11706
f 11789 11700 11701
f 11789 11706 11788
f 11789 11701 11704
f 11790 11719 11422
f 11790 11720 11719
f 11790 11788 11720
f 11791 11699 11700
f 11791 11698 11699
f 11791 11422 11698
f 11791 11789 11788
f 11791 11790 11422
f 11791 11788 11790
f 11791 11700 11789
f 11728 11597 11714
f 11743 11734 11732
f 11743 11615 11734
f 11792 11730 11728
f 11792 11713 11712
f 11792 11714 11713
f 11792 11728 11714
f 11793 11732 11730
f 11793 11742 11743
f 11793 11730 11792
f 11793 11743 11732
f 11794 11711 11710
f 11794 11712 11711
f 11794 11792 11712
f 11795 11741 11742
f 11795 11740 11741
f 11795 11710 11740
f 11795 11793 11792
f 11795 11794 11710
f 11795 11792 11794
f 11795 11742 11793
f 11733 11616 11747
f 11726 11727 11729
f 11726 11598 11727
f 11796 11731 11733
f 11796 11746 11745
f 11796 11747 11746
f 11796 11733 11747
f 11797 11729 11731
f 11797 11725 11726
f 11797 11731 11796
f 11797 11726 11729
f 11798 11744 11423
f 11798 11745 11744
f 11798 11796 11745
f 11799 11724 11725
f 11799 11723 11724
f 11799 11423 11723
f 11799 11797 11796
f 11799 11798 11423
f 11799 11796 11798
f 11799 11725 11797
f 11753 11626 11739
f 11767 11759 11757
f 11767 11642 11759
f 11800 11755 11753
f 11800 11738 11737
f 11800 11739 11738
f 11800 11753 11739
f 11801 11757 11755
f 11801 11766 11767
f 11801 11755 11800
f 11801 11767 11757
f 11802 11736 11735
f 11802 11737 11736
f 11802 11800 11737
f 11803 11765 11766
f 11803 11764 11765
f 11803 11735 11764
f 11803 11801 11800
f 11803 11802 11735
f 11803 11800 11802
f 11803 11766 11801
f 11758 11644 11771
f 11751 11752 11754
f 11751 11627 11752
f 11804 11756 11758
f 11804 11770 11769
f 11804 11771 11770
f 11804 11758 11771
f 11805 11754 11756
f 11805 11750 11751
f 11805 11756 11804
f 11805 11751 11754
f 11806 11768 11424
f 11806 11769 11768
f 11806 11804 11769
f 11807 11749 11750
f 11807 11748 11749
f 11807 11424 11748
f 11807 11805 11804
f 11807 11806 11424
f 11807 11804 11806
f 11807 11750 11805
f 11808 11809 11810
f 11810 11809 11811
f 11812 11813 11809
f 11809 11813 11811
f 11812 11814 11813
f 11814 11815 11813
f 11814 11816 11815
f 11816 11817 11815
f 11816 11818 11817
f 11818 11819 11817
f 11818 11820 11819
f 11820 11821 11819
f 11820 11822 11821
f 11822 11823 11821
f 11823 11824 11821
f 11825 11826 11824
f 11827 11828 11829
f 11830 11831 11826
f 11828 11832 11833
f 11834 11835 11831
f 11832 11836 11837
f 11836 11838 11837
f 11839 11840 11841
f 11834 11839 11841
f 11834 11841 11835
f 11830 11834 11831
f 11825 11830 11826
f 11823 11825 11824
f 11829 11823 11827
f 11827 11823 11822
f 11833 11829 11828
f 11837 11833 11832
f 11836 11832 11842
f 11832 11843 11842
f 11832 11828 11843
f 11828 11844 11843
f 11828 11827 11844
f 11827 11845 11844
f 11827 11822 11845
f 11820 11846 11822
f 11822 11846 11845
f 11818 11847 11820
f 11820 11847 11846
f 11818 11816 11847
f 11816 11848 11847
f 11816 11814 11848
f 11814 11849 11848
f 11814 11812 11849
f 11812 11850 11849
f 11812 11809 11850
f 11808 11851 11809
f 11809 11851 11850
f 11852 11837 11853
f 11853 11837 11838
f 11854 11833 11852
f 11852 11833 11837
f 11854 11855 11833
f 11855 11829 11833
f 11855 11823 11829
f 11823 11855 11825
f 11855 11830 11825
f 11855 11854 11830
f 11854 11834 11830
f 11854 11852 11834
f 11853 11839 11852
f 11852 11839 11834
f 11853 11856 11839
f 11853 11857 11856
f 11858 11859 11857
f 11857 11859 11856
f 11858 11860 11859
f 11860 11861 11859
f 11860 11862 11861
f 11862 11863 11861
f 11862 11864 11863
f 11864 11865 11863
f 11864 11866 11865
f 11866 11867 11865
f 11866 11868 11867
f 11869 11870 11868
f 11868 11870 11867
f 11871 11872 11869
f 11869 11872 11870
f 11871 11873 11872
f 11873 11874 11872
f 11873 11875 11874
f 11875 11876 11874
f 11875 11877 11876
f 11877 11878 11876
f 11879 11878 11877
f 11879 11880 11878
f 11880 11881 11878
f 11880 11882 11881
f 11882 11883 11881
f 11882 11884 11883
f 11884 11885 11883
f 11884 11886 11885
f 11886 11887 11885
f 11886 11888 11887
f 11889 11890 11888
f 11888 11890 11887
f 11891 11892 11889
f 11889 11892 11890
f 11891 11893 11892
f 11893 11894 11892
f 11893 11895 11894
f 11895 11896 11894
f 11895 11897 11896
f 11898 11899 11897
f 11897 11899 11896
f 11900 11901 11898
f 11898 11901 11899
f 11900 11902 11901
f 11902 11903 11901
f 11902 11904 11903
f 11904 11905 11903
f 11904 11906 11905
f 11906 11907 11905
f 11906 11908 11907
f 11908 11909 11907
f 11908 11910 11909
f 11911 11912 11910
f 11910 11912 11909
f 11911 11913 11912
f 11913 11914 11912
f 11913 11915 11914
f 11915 11916 11914
f 11915 11917 11916
f 11917 11918 11916
f 11917 11919 11918
f 11920 11921 11919
f 11919 11921 11918
f 11922 11923 11920
f 11920 11923 11921
f 11922 11924 11923
f 11924 11925 11923
f 11924 11926 11925
f 11926 11927 11925
f 11926 11928 11927
f 11928 11929 11927
f 11928 11930 11929
f 11930 11931 11929
f 11932 11931 11930
f 11932 11933 11931
f 11933 11934 11931
f 11933 11935 11934
f 11935 11936 11934
f 11935 11937 11936
f 11937 11938 11936
f 11937 11939 11938
f 11939 11940 11938
f 11939 11941 11940
f 11941 11942 11940
f 11943 11942 11941
f 11943 11944 11942
f 11945 11944 11943
f 11945 11946 11944
f 11946 11947 11944
f 11946 11948 11947
f 11948 11949 11947
f 11948 11950 11949
f 11950 11951 11949
f 11952 11951 11950
f 11952 11953 11951
f 11954 11953 11952
f 11954 11955 11953
f 11955 11956 11953
f 11955 11957 11956
f 11957 11958 11956
f 11957 11959 11958
f 11959 11960 11958
f 11959 11961 11960
f 11961 11962 11960
f 11963 11962 11961
f 11964 11965 11963
f 11963 11965 11962
f 11964 11966 11965
f 11966 11967 11965
f 11966 11968 11967
f 11968 11969 11967
f 11968 11970 11969
f 11971 11972 11970
f 11970 11972 11969
f 11973 11974 11971
f 11971 11974 11972
f 11973 11975 11974
f 11976 11975 11973
f 11976 11977 11975
f 11977 11978 11975
f 11977 11979 11978
f 11979 11980 11978
f 11979 11981 11980
f 11982 11981 11979
f 11982 11983 11981
f 11984 11983 11982
f 11984 11985 11983
f 11985 11986 11983
f 11985 11987 11986
f 11987 11988 11986
f 11987 11989 11988
f 11989 11990 11988
f 11989 11991 11990
f 11991 11992 11990
f 11991 11993 11992
f 11835 11994 11831
f 11835 11841 11994
f 11841 11840 11994
f 11856 11995 11840
f 11840 11995 11994
f 11856 11996 11995
f 11859 11996 11856
f 11859 11997 11996
f 11861 11997 11859
f 11861 11863 11997
f 11863 11998 11997
f 11863 11865 11998
f 11865 11999 11998
f 11865 11867 11999
f 11867 12000 11999
f 11867 11870 12000
f 11870 12001 12000
f 11870 11872 12001
f 11872 12002 12001
f 11872 11874 12002
f 11874 12003 12002
f 11874 11876 12003
f 11876 12004 12003
f 11876 11878 12004
f 11878 12005 12004
f 11878 11881 12005
f 11881 12006 12005
f 11881 11883 12006
f 11883 12007 12006
f 11883 11885 12007
f 11885 12008 12007
f 11885 11887 12008
f 11887 12009 12008
f 11887 11890 12009
f 11890 12010 12009
f 11890 11892 12010
f 11892 12011 12010
f 11892 11894 12011
f 11894 12012 12011
f 11894 11896 12012
f 11896 12013 12012
f 11896 11899 12013
f 11899 12014 12013
f 11899 11901 12014
f 11901 12015 12014
f 11901 11903 12015
f 11903 12016 12015
f 11903 11905 12016
f 11905 12017 12016
f 11905 11907 12017
f 11907 12018 12017
f 11907 11909 12018
f 11909 12019 12018
f 11909 11912 12019
f 11912 12020 12019
f 11912 11914 12020
f 11914 12021 12020
f 11914 11916 12021
f 11916 12022 12021
f 11916 11918 12022
f 11918 12023 12022
f 11918 11921 12023
f 11921 12024 12023
f 11921 11923 12024
f 11923 12025 12024
f 11923 11925 12025
f 11925 12026 12025
f 11925 11927 12026
f 11927 12027 12026
f 11927 11929 12027
f 11929 12028 12027
f 11929 11931 12028
f 11931 12029 12028
f 11931 11934 12029
f 11934 12030 12029
f 11934 11936 12030
f 11936 12031 12030
f 11936 11938 12031
f 11938 12032 12031
f 11938 11940 12032
f 11940 12033 12032
f 11940 11942 12033
f 11942 12034 12033
f 11942 11944 12034
f 11944 12035 12034
f 11944 11947 12035
f 11947 12036 12035
f 11947 11949 12036
f 11949 12037 12036
f 11949 11951 12037
f 11951 12038 12037
f 11951 11953 12038
f 11953 12039 12038
f 11953 11956 12039
f 11956 12040 12039
f 11956 11958 12040
f 11958 12041 12040
f 11958 11960 12041
f 11960 12042 12041
f 11960 11962 12042
f 11962 12043 12042
f 11962 11965 12043
f 11965 12044 12043
f 11965 11967 12044
f 11967 12045 12044
f 11967 11969 12045
f 11969 12046 12045
f 11969 11972 12046
f 11972 12047 12046
f 11972 11974 12047
f 11974 12048 12047
f 11974 11975 12048
f 11975 12049 12048
f 11975 11978 12049
f 12049 11978 12050
f 11978 12051 12050
f 11978 11980 12051
f 11980 11981 12051
f 11811 12052 12053
f 11811 11813 12052
f 11813 12054 12052
f 11813 11815 12054
f 11815 12055 12054
f 11815 11817 12055
f 11817 12056 12055
f 11817 11819 12056
f 11819 12057 12056
f 11819 11821 12057
f 11821 12058 12057
f 11824 12058 11821
f 11824 12059 12058
f 11826 12059 11824
f 11826 11831 12059
f 11831 12060 12059
f 11994 12061 11831
f 11831 12061 12060
f 11994 12062 12061
f 11994 11995 12062
f 11995 12063 12062
f 11995 11996 12063
f 11996 12064 12063
f 11996 11997 12064
f 11997 12065 12064
f 11998 12066 11997
f 11997 12066 12065
f 11998 12067 12066
f 11998 11999 12067
f 11999 12068 12067
f 11999 12000 12068
f 12000 12069 12068
f 12000 12001 12069
f 12001 12070 12069
f 12001 12002 12070
f 12002 12071 12070
f 12002 12072 12071
f 12002 12003 12072
f 12003 12073 12072
f 12003 12004 12073
f 12004 12074 12073
f 12004 12005 12074
f 12005 12075 12074
f 12005 12006 12075
f 12006 12076 12075
f 12007 12077 12006
f 12006 12077 12076
f 12007 12078 12077
f 12007 12008 12078
f 12008 12079 12078
f 12008 12009 12079
f 12009 12080 12079
f 12009 12010 12080
f 12010 12081 12080
f 12011 12082 12010
f 12010 12082 12081
f 12011 12083 12082
f 12011 12012 12083
f 12012 12084 12083
f 12012 12013 12084
f 12013 12085 12084
f 12013 12014 12085
f 12014 12086 12085
f 12014 12015 12086
f 12015 12087 12086
f 12016 12088 12015
f 12015 12088 12087
f 12016 12089 12088
f 12016 12017 12089
f 12017 12090 12089
f 12017 12018 12090
f 12018 12091 12090
f 12018 12019 12091
f 12019 12092 12091
f 12020 12093 12019
f 12019 12093 12092
f 12020 12094 12093
f 12020 12021 12094
f 12021 12095 12094
f 12021 12022 12095
f 12022 12096 12095
f 12022 12023 12096
f 12023 12097 12096
f 12023 12024 12097
f 12024 12098 12097
f 12024 12099 12098
f 12025 12099 12024
f 12025 12100 12099
f 12025 12026 12100
f 12026 12101 12100
f 12026 12027 12101
f 12027 12102 12101
f 12027 12103 12102
f 12028 12103 12027
f 12028 12104 12103
f 12028 12029 12104
f 12029 12105 12104
f 12029 12030 12105
f 12030 12106 12105
f 12030 12031 12106
f 12031 12107 12106
f 12031 12032 12107
f 12032 12108 12107
f 12032 12033 12108
f 12033 12109 12108
f 12033 12110 12109
f 12033 12034 12110
f 12034 12111 12110
f 12034 12035 12111
f 12035 12112 12111
f 12035 12036 12112
f 12036 12113 12112
f 12037 12114 12036
f 12036 12114 12113
f 12037 12115 12114
f 12037 12038 12115
f 12038 12116 12115
f 12038 12039 12116
f 12039 12117 12116
f 12039 12040 12117
f 12040 12118 12117
f 12040 12041 12118
f 12041 12119 12118
f 12042 12120 12041
f 12041 12120 12119
f 12042 12121 12120
f 12042 12043 12121
f 12043 12122 12121
f 12043 12044 12122
f 12044 12123 12122
f 12044 12045 12123
f 12045 12124 12123
f 12045 12046 12124
f 12046 12125 12124
f 12046 12047 12125
f 12047 12126 12125
f 12047 12048 12126
f 12048 12127 12126
f 12048 12049 12127
f 11811 12053 11810
f 12128 12129 12130
f 12131 12129 12128
f 12132 12133 12128
f 12128 12133 12131
f 12129 12134 12130
f 12132 12135 12133
f 12134 12136 12130
f 12132 11842 12135
f 11842 12137 12135
f 12134 12138 12136
f 12138 12139 12136
f 11842 12140 12137
f 11842 11843 12140
f 12138 12141 12139
f 12141 12142 12139
f 11843 12143 12140
f 11843 11844 12143
f 12141 12144 12142
f 12144 12145 12142
f 11844 12146 12143
f 11844 11845 12146
f 12145 12147 12148
f 12144 12147 12145
f 11845 12149 12146
f 12147 12150 12148
f 12147 12151 12150
f 11846 12152 12149
f 12151 11851 12150
f 11846 11847 12152
f 12152 11847 12153
f 12154 11850 12151
f 12151 11850 11851
f 12154 11849 11850
f 12155 11849 12154
f 11847 11848 12153
f 12155 11848 11849
f 12153 11848 12156
f 12156 11848 12155
f 11845 11846 12149
f 11839 11856 11840
f 11873 11871 12053
f 12053 12157 11810
f 11871 12157 12053
f 11871 11869 12157
f 11869 12158 12157
f 11869 11868 12158
f 11868 12159 12158
f 11868 11866 12159
f 11866 12160 12159
f 11866 11864 12160
f 11864 12161 12160
f 11864 11862 12161
f 11862 12162 12161
f 11862 11860 12162
f 11860 12163 12162
f 11860 11858 12163
f 11858 12164 12163
f 11858 11857 12164
f 11857 12165 12164
f 11857 11853 12165
f 11853 11838 12165
f 11891 12061 12062
f 11891 11889 12061
f 11889 12060 12061
f 11889 11888 12060
f 11888 12059 12060
f 11888 11886 12059
f 11886 12058 12059
f 11886 11884 12058
f 11884 12057 12058
f 11884 11882 12057
f 11882 12056 12057
f 11882 11880 12056
f 11880 12055 12056
f 11880 11879 12055
f 11879 12054 12055
f 11879 11877 12054
f 11877 12052 12054
f 11877 11875 12052
f 11873 12053 11875
f 11875 12053 12052
f 11910 12071 12072
f 11910 11908 12071
f 11908 12070 12071
f 11908 11906 12070
f 11906 12069 12070
f 11906 11904 12069
f 11904 12068 12069
f 11904 11902 12068
f 11902 12067 12068
f 11902 11900 12067
f 11900 12066 12067
f 11900 11898 12066
f 11898 12065 12066
f 11898 11897 12065
f 11897 12064 12065
f 11897 11895 12064
f 11895 12063 12064
f 11895 11893 12063
f 11891 12062 11893
f 11893 12062 12063
f 11928 12081 12082
f 11928 11926 12081
f 11926 12080 12081
f 11926 11924 12080
f 11924 12079 12080
f 11924 11922 12079
f 11922 12078 12079
f 11922 11920 12078
f 11920 12077 12078
f 11920 11919 12077
f 11919 12076 12077
f 11919 11917 12076
f 11917 12075 12076
f 11917 11915 12075
f 11915 12074 12075
f 11915 11913 12074
f 11913 12073 12074
f 11913 11911 12073
f 11910 12072 11911
f 11911 12072 12073
f 11946 12091 12092
f 11946 11945 12091
f 11945 12090 12091
f 11945 11943 12090
f 11943 12089 12090
f 11943 11941 12089
f 11941 12088 12089
f 11941 11939 12088
f 11939 12087 12088
f 11939 11937 12087
f 11937 12086 12087
f 11937 11935 12086
f 11935 12085 12086
f 11935 11933 12085
f 11933 12084 12085
f 11933 11932 12084
f 11932 12083 12084
f 11932 11930 12083
f 11928 12082 11930
f 11930 12082 12083
f 11964 12101 12102
f 11964 11963 12101
f 11963 12100 12101
f 11963 11961 12100
f 11961 12099 12100
f 11961 11959 12099
f 11959 12098 12099
f 11959 11957 12098
f 11957 12097 12098
f 11957 11955 12097
f 11955 12096 12097
f 11955 11954 12096
f 11954 12095 12096
f 11954 11952 12095
f 11952 12094 12095
f 11952 11950 12094
f 11950 12093 12094
f 11950 11948 12093
f 11946 12092 11948
f 11948 12092 12093
f 11984 12111 12112
f 11984 11982 12111
f 11982 12110 12111
f 11982 11979 12110
f 11979 12109 12110
f 11979 11977 12109
f 11977 12108 12109
f 11977 11976 12108
f 11976 12107 12108
f 11976 11973 12107
f 11973 12106 12107
f 11973 11971 12106
f 11971 12105 12106
f 11971 11970 12105
f 11970 12104 12105
f 11970 11968 12104
f 11968 12103 12104
f 11968 11966 12103
f 11964 12102 11966
f 11966 12102 12103
f 12166 12121 12122
f 12166 12167 12121
f 12167 12120 12121
f 12167 12168 12120
f 12168 12119 12120
f 12168 12169 12119
f 12169 12118 12119
f 12169 12117 12118
f 12169 11993 12117
f 11993 12116 12117
f 11993 11991 12116
f 11991 12115 12116
f 11991 11989 12115
f 11989 12114 12115
f 11989 11987 12114
f 11987 12113 12114
f 11987 11985 12113
f 11984 12112 11985
f 11985 12112 12113
f 11983 12170 11981
f 12051 12170 12050
f 11981 12170 12051
f 12126 12171 12125
f 12127 12171 12126
f 12049 12171 12127
f 12050 12171 12049
f 12170 12171 12050
f 11986 12172 11983
f 11983 12172 12170
f 11986 11988 12172
f 12125 12173 12124
f 12171 12173 12125
f 12172 11990 12174
f 11988 11990 12172
f 12173 12123 12124
f 11990 11992 12174
f 11992 11993 12174
f 12175 12122 12173
f 12173 12122 12123
f 12175 12166 12122
f 12174 12169 12175
f 11993 12169 12174
f 12175 12167 12166
f 12169 12168 12175
f 12175 12168 12167
f 12140 12176 12137
f 12143 12177 12140
f 12140 12177 12176
f 12146 12178 12143
f 12143 12178 12177
f 12146 12179 12178
f 12149 12180 12146
f 12152 12180 12149
f 12179 12180 12181
f 12146 12180 12179
f 12180 12182 12181
f 12153 12183 12152
f 12156 12183 12153
f 12152 12183 12180
f 12183 12184 12185
f 12156 12184 12183
f 12155 12186 12156
f 12156 12186 12184
f 12154 12187 12155
f 12155 12187 12186
f 12151 12188 12154
f 12154 12188 12187
f 12151 12189 12188
f 12147 12189 12151
f 12144 12190 12147
f 12147 12190 12189
f 12141 12191 12144
f 12144 12191 12190
f 12141 12192 12191
f 12138 12193 12141
f 12141 12193 12192
f 12193 12194 12192
f 12193 12195 12194
f 12134 12196 12138
f 12129 12196 12134
f 12138 12196 12193
f 12196 12197 12198
f 12129 12197 12196
f 12131 12199 12129
f 12129 12199 12197
f 12133 12200 12131
f 12135 12200 12133
f 12131 12200 12199
f 12135 12201 12200
f 12137 12176 12135
f 12135 12176 12201
f 11808 12202 11851
f 12202 12150 11851
f 12202 12203 12150
f 12203 12148 12150
f 12203 12204 12148
f 12204 12145 12148
f 12204 12205 12145
f 12205 12142 12145
f 12205 12206 12142
f 12206 12139 12142
f 12206 12207 12139
f 12207 12136 12139
f 12207 12208 12136
f 12208 12130 12136
f 12208 12209 12130
f 12209 12128 12130
f 12209 12210 12128
f 12210 12132 12128
f 12210 11836 12132
f 11836 11842 12132
f 11836 12165 11838
f 11836 12210 12165
f 12210 12164 12165
f 12210 12209 12164
f 12209 12163 12164
f 12209 12162 12163
f 12209 12208 12162
f 12208 12161 12162
f 12208 12207 12161
f 12207 12160 12161
f 12207 12206 12160
f 12206 12159 12160
f 12206 12205 12159
f 12204 12158 12205
f 12205 12158 12159
f 12204 12203 12158
f 12203 12157 12158
f 12203 12202 12157
f 11808 11810 12202
f 12202 11810 12157
f 12175 12211 12174
f 12211 12212 12174
f 12174 12212 12172
f 12212 12213 12172
f 12213 12214 12172
f 12172 12214 12170
f 12170 12214 12171
f 12214 12215 12171
f 12171 12215 12173
f 12215 12216 12173
f 12216 12211 12173
f 12173 12211 12175
f 12217 12188 12189
f 12217 12218 12188
f 12218 12187 12188
f 12218 12219 12187
f 12219 12186 12187
f 12219 12220 12186
f 12220 12184 12186
f 12220 12221 12184
f 12221 12185 12184
f 12180 12183 12222
f 12222 12183 12223
f 12224 12181 12182
f 12224 12225 12181
f 12225 12179 12181
f 12225 12226 12179
f 12226 12178 12179
f 12226 12227 12178
f 12227 12177 12178
f 12227 12228 12177
f 12228 12176 12177
f 12228 12229 12176
f 12229 12201 12176
f 12229 12200 12201
f 12229 12230 12200
f 12230 12199 12200
f 12230 12231 12199
f 12231 12197 12199
f 12231 12232 12197
f 12232 12198 12197
f 12233 12193 12196
f 12233 12234 12193
f 12235 12194 12195
f 12235 12236 12194
f 12236 12192 12194
f 12236 12237 12192
f 12237 12191 12192
f 12237 12238 12191
f 12238 12190 12191
f 12238 12217 12190
f 12217 12189 12190
f 12239 12216 12240
f 12240 12216 12241
f 12241 12216 12242
f 12242 12215 12243
f 12243 12215 12244
f 12216 12215 12242
f 12215 12245 12244
f 12246 12211 12247
f 12247 12211 12239
f 12239 12211 12216
f 12246 12248 12211
f 12215 12214 12245
f 12214 12249 12245
f 12211 12250 12212
f 12248 12250 12211
f 12214 12251 12249
f 12214 12252 12251
f 12250 12253 12212
f 12213 12254 12214
f 12214 12254 12252
f 12253 12255 12212
f 12213 12256 12254
f 12212 12257 12213
f 12255 12257 12212
f 12257 12258 12213
f 12213 12258 12256
f 12259 12236 12235
f 12259 12260 12236
f 12260 12237 12236
f 12260 12261 12237
f 12262 12238 12261
f 12261 12238 12237
f 12263 12217 12262
f 12262 12217 12238
f 12263 12264 12217
f 12264 12218 12217
f 12264 12265 12218
f 12221 12220 12266
f 12266 12220 12267
f 12267 12219 12265
f 12220 12219 12267
f 12265 12219 12218
f 12268 12247 12239
f 12269 12248 12246
f 12269 12246 12247
f 12269 12247 12268
f 12270 12248 12269
f 12222 12253 12250
f 12222 12250 12248
f 12222 12270 12271
f 12222 12248 12270
f 12272 12222 12271
f 12223 12258 12257
f 12223 12257 12255
f 12223 12255 12253
f 12223 12253 12222
f 12267 12223 12266
f 12265 12256 12258
f 12265 12258 12223
f 12265 12223 12267
f 12264 12254 12256
f 12264 12256 12265
f 12263 12254 12264
f 12230 12273 12231
f 12274 12273 12230
f 12229 12275 12230
f 12230 12275 12274
f 12231 12276 12232
f 12273 12276 12231
f 12229 12268 12275
f 12229 12228 12268
f 12228 12269 12268
f 12228 12227 12269
f 12227 12270 12269
f 12227 12226 12270
f 12226 12271 12270
f 12226 12225 12271
f 12225 12272 12271
f 12225 12224 12272
f 12263 12252 12254
f 12262 12249 12251
f 12262 12251 12252
f 12262 12252 12263
f 12261 12249 12262
f 12234 12243 12244
f 12234 12244 12245
f 12234 12245 12249
f 12234 12249 12261
f 12260 12234 12261
f 12233 12241 12242
f 12233 12242 12243
f 12233 12243 12234
f 12259 12234 12260
f 12273 12233 12276
f 12274 12240 12241
f 12274 12233 12273
f 12274 12241 12233
f 12275 12239 12240
f 12275 12240 12274
f 12268 12239 12275
f 12223 12221 12266
f 12183 12185 12223
f 12223 12185 12221
f 12224 12222 12272
f 12224 12182 12222
f 12182 12180 12222
f 12276 12233 12232
f 12232 12233 12198
f 12198 12233 12196
f 12193 12234 12195
f 12234 12235 12195
f 12234 12259 12235
f 12277 12278 12279
f 12278 12280 12279
f 12278 12281 12280
f 12281 12282 12280
f 12281 12283 12282
f 12284 12285 12286
f 12287 12288 12289
f 12288 12290 12289
f 12291 12292 12288
f 12288 12293 12290
f 12292 12293 12288
f 12293 12294 12290
f 12279 12295 12277
f 12282 12296 12286
f 12284 12296 12283
f 12283 12296 12282
f 12286 12296 12284
f 12285 12297 12289
f 12287 12297 12284
f 12284 12297 12285
f 12289 12297 12287
f 12298 12299 12300
f 12301 12298 12300
f 12301 12302 12298
f 12303 12302 12301
f 12303 12304 12302
f 12305 12304 12303
f 12305 12306 12304
f 12307 12306 12305
f 12307 12308 12306
f 12309 12308 12307
f 12309 12310 12308
f 12311 12310 12309
f 12312 12311 12309
f 12313 12311 12312
f 12314 12313 12312
f 12315 12313 12314
f 12316 12315 12314
f 12317 12315 12316
f 12318 12319 12317
f 12318 12317 12316
f 12320 12321 12319
f 12320 12319 12318
f 12322 12323 12321
f 12322 12321 12320
f 12324 12323 12322
f 12325 12324 12322
f 12326 12324 12325
f 12327 12326 12325
f 12328 12326 12327
f 12329 12328 12327
f 12330 12328 12329
f 12331 12330 12329
f 12332 12330 12331
f 12333 12332 12331
f 12334 12332 12333
f 12335 12334 12333
f 12335 12336 12334
f 12337 12336 12335
f 12338 12337 12335
f 12339 12337 12338
f 12340 12339 12338
f 12341 12339 12340
f 12342 12341 12340
f 12343 12341 12342
f 12344 12343 12342
f 12345 12343 12344
f 12346 12345 12344
f 12347 12345 12346
f 12348 12347 12346
f 12349 12347 12348
f 12350 12349 12348
f 12351 12349 12350
f 12352 12353 12351
f 12352 12351 12350
f 12354 12353 12352
f 12355 12354 12352
f 12356 12354 12355
f 12357 12356 12355
f 12358 12356 12357
f 12359 12358 12357
f 12360 12358 12359
f 12361 12360 12359
f 12362 12360 12361
f 12363 12362 12361
f 12364 12362 12363
f 12365 12364 12363
f 12366 12364 12365
f 12367 12368 12366
f 12367 12366 12365
f 12369 12370 12368
f 12369 12368 12367
f 12371 12370 12369
f 12372 12371 12369
f 12373 12371 12372
f 12374 12373 12372
f 12375 12373 12374
f 12376 12375 12374
f 12377 12375 12376
f 12378 12377 12376
f 12379 12377 12378
f 12380 12379 12378
f 12381 12379 12380
f 12382 12381 12380
f 12383 12381 12382
f 12384 12383 12382
f 12385 12383 12384
f 12386 12385 12384
f 12387 12385 12386
f 12388 12387 12386
f 12389 12387 12388
f 12390 12389 12388
f 12391 12389 12390
f 12392 12393 12391
f 12392 12391 12390
f 12394 12395 12393
f 12394 12393 12392
f 12396 12397 12395
f 12396 12395 12394
f 12398 12399 12397
f 12398 12397 12396
f 12400 12399 12398
f 12401 12400 12398
f 12402 12400 12401
f 12403 12402 12401
f 12404 12402 12403
f 12405 12404 12403
f 12406 12404 12405
f 12407 12406 12405
f 12294 12406 12407
f 12408 12294 12407
f 12290 12294 12408
f 12409 12289 12290
f 12409 12290 12408
f 12285 12289 12409
f 12410 12285 12409
f 12286 12285 12410
f 12411 12286 12410
f 12282 12286 12411
f 12412 12282 12411
f 12280 12282 12412
f 12413 12280 12412
f 12279 12280 12413
f 12414 12279 12413
f 12295 12279 12414
f 12415 12295 12414
f 12416 12295 12415
f 12417 12418 12416
f 12417 12416 12415
f 12419 12418 12417
f 12420 12421 12419
f 12420 12419 12417
f 12422 12423 12424
f 12424 12423 12425
f 12425 12423 12426
f 12426 12423 12416
f 12423 12295 12416
f 12423 12427 12295
f 12427 12277 12295
f 12427 12428 12277
f 12428 12278 12277
f 12429 12430 12283
f 12430 12284 12283
f 12431 12432 12287
f 12432 12288 12287
f 12432 12433 12288
f 12433 12434 12288
f 12434 12435 12288
f 12435 12436 12288
f 12436 12437 12288
f 12437 12291 12288
f 12438 12439 12428
f 12278 12440 12281
f 12428 12440 12278
f 12281 12440 12438
f 12439 12440 12428
f 12438 12440 12439
f 12429 12441 12438
f 12438 12441 12281
f 12281 12442 12283
f 12283 12442 12429
f 12429 12442 12441
f 12441 12442 12281
f 12431 12443 12430
f 12430 12443 12284
f 12284 12444 12287
f 12431 12444 12443
f 12443 12444 12284
f 12287 12444 12431
f 12437 12445 12291
f 12436 12445 12437
f 12435 12445 12436
f 12434 12445 12435
f 12433 12445 12434
f 12445 12446 12291
f 12445 12447 12446
f 12447 12448 12446
f 12447 12449 12448
f 12450 12451 12452
f 12453 12454 12455
f 12454 12456 12455
f 12457 12458 12459
f 12421 12458 12457
f 12458 12460 12459
f 12457 12461 12421
f 12461 12419 12421
f 12461 12418 12419
f 12461 12422 12418
f 12422 12424 12418
f 12424 12425 12418
f 12425 12426 12418
f 12426 12416 12418
f 12450 12462 12449
f 12452 12462 12450
f 12448 12463 12452
f 12452 12463 12462
f 12449 12463 12448
f 12462 12463 12449
f 12453 12464 12450
f 12450 12464 12451
f 12451 12465 12455
f 12455 12465 12453
f 12464 12465 12451
f 12453 12465 12464
f 12457 12466 12454
f 12454 12466 12456
f 12459 12466 12457
f 12456 12467 12459
f 12459 12467 12466
f 12466 12467 12456
f 12420 12460 12458
f 12420 12458 12421
f 12468 12469 12470
f 12468 12470 12471
f 12468 12471 12460
f 12468 12460 12420
f 12472 12301 12300
f 12472 12300 12473
f 12474 12303 12301
f 12474 12301 12472
f 12475 12305 12303
f 12475 12303 12474
f 12476 12307 12305
f 12476 12305 12475
f 12477 12309 12307
f 12477 12307 12476
f 12478 12312 12309
f 12478 12309 12477
f 12479 12314 12312
f 12479 12312 12478
f 12480 12316 12314
f 12480 12314 12479
f 12481 12318 12316
f 12481 12316 12480
f 12482 12320 12318
f 12482 12318 12481
f 12483 12322 12320
f 12483 12320 12482
f 12484 12325 12322
f 12484 12322 12483
f 12485 12327 12325
f 12485 12325 12484
f 12486 12329 12327
f 12486 12327 12485
f 12487 12331 12329
f 12487 12329 12486
f 12488 12333 12331
f 12488 12331 12487
f 12489 12335 12333
f 12489 12333 12488
f 12490 12338 12335
f 12490 12335 12489
f 12491 12340 12338
f 12491 12338 12490
f 12492 12340 12491
f 12492 12342 12340
f 12493 12342 12492
f 12493 12344 12342
f 12494 12344 12493
f 12494 12346 12344
f 12495 12346 12494
f 12495 12348 12346
f 12496 12348 12495
f 12496 12350 12348
f 12497 12350 12496
f 12497 12352 12350
f 12498 12355 12352
f 12498 12352 12497
f 12499 12357 12355
f 12499 12355 12498
f 12500 12359 12357
f 12500 12357 12499
f 12501 12361 12359
f 12501 12359 12500
f 12502 12363 12361
f 12502 12361 12501
f 12503 12365 12363
f 12503 12363 12502
f 12504 12367 12365
f 12504 12365 12503
f 12505 12369 12367
f 12505 12367 12504
f 12506 12372 12369
f 12506 12369 12505
f 12507 12374 12372
f 12507 12372 12506
f 12508 12376 12374
f 12508 12374 12507
f 12509 12378 12376
f 12509 12376 12508
f 12510 12380 12378
f 12510 12378 12509
f 12511 12382 12380
f 12511 12380 12510
f 12512 12384 12382
f 12512 12382 12511
f 12513 12386 12384
f 12513 12384 12512
f 12514 12388 12386
f 12514 12386 12513
f 12515 12390 12388
f 12515 12388 12514
f 12516 12390 12515
f 12516 12392 12390
f 12517 12392 12516
f 12517 12394 12392
f 12518 12394 12517
f 12518 12396 12394
f 12519 12396 12518
f 12519 12398 12396
f 12520 12398 12519
f 12520 12401 12398
f 12521 12401 12520
f 12521 12403 12401
f 12522 12403 12521
f 12522 12405 12403
f 12523 12405 12522
f 12523 12407 12405
f 12524 12407 12523
f 12524 12408 12407
f 12525 12408 12524
f 12525 12409 12408
f 12526 12409 12525
f 12526 12410 12409
f 12527 12410 12526
f 12527 12411 12410
f 12528 12411 12527
f 12528 12412 12411
f 12529 12412 12528
f 12529 12413 12412
f 12530 12413 12529
f 12530 12414 12413
f 12531 12414 12530
f 12531 12415 12414
f 12532 12417 12415
f 12532 12415 12531
f 12468 12420 12417
f 12468 12417 12532
f 12533 12473 12534
f 12534 12300 12299
f 12473 12300 12534
f 12535 12536 12315
f 12536 12313 12315
f 12536 12537 12313
f 12537 12311 12313
f 12537 12538 12311
f 12538 12310 12311
f 12538 12539 12310
f 12539 12308 12310
f 12539 12540 12308
f 12540 12306 12308
f 12540 12541 12306
f 12541 12304 12306
f 12541 12542 12304
f 12542 12302 12304
f 12542 12543 12302
f 12543 12298 12302
f 12543 12544 12298
f 12544 12299 12298
f 12545 12546 12332
f 12546 12547 12330
f 12547 12328 12330
f 12547 12548 12328
f 12548 12326 12328
f 12548 12549 12326
f 12549 12324 12326
f 12549 12550 12324
f 12550 12323 12324
f 12550 12551 12323
f 12551 12321 12323
f 12551 12552 12321
f 12552 12319 12321
f 12552 12553 12319
f 12553 12317 12319
f 12553 12535 12317
f 12535 12315 12317
f 12330 12332 12546
f 12554 12555 12349
f 12555 12347 12349
f 12555 12556 12347
f 12556 12345 12347
f 12556 12557 12345
f 12557 12343 12345
f 12557 12558 12343
f 12558 12341 12343
f 12558 12559 12341
f 12559 12339 12341
f 12559 12560 12339
f 12560 12337 12339
f 12560 12561 12337
f 12561 12336 12337
f 12561 12562 12336
f 12562 12334 12336
f 12562 12545 12334
f 12545 12332 12334
f 12563 12564 12366
f 12564 12565 12364
f 12565 12362 12364
f 12565 12566 12362
f 12566 12360 12362
f 12566 12567 12360
f 12567 12358 12360
f 12567 12568 12358
f 12568 12356 12358
f 12568 12569 12356
f 12569 12354 12356
f 12569 12570 12354
f 12570 12353 12354
f 12570 12571 12353
f 12571 12351 12353
f 12571 12554 12351
f 12554 12349 12351
f 12364 12366 12564
f 12572 12573 12383
f 12573 12381 12383
f 12573 12574 12381
f 12574 12379 12381
f 12574 12575 12379
f 12575 12377 12379
f 12575 12576 12377
f 12576 12375 12377
f 12576 12577 12375
f 12577 12373 12375
f 12577 12578 12373
f 12578 12371 12373
f 12578 12579 12371
f 12579 12370 12371
f 12579 12580 12370
f 12580 12368 12370
f 12580 12563 12368
f 12563 12366 12368
f 12581 12582 12397
f 12582 12395 12397
f 12582 12583 12395
f 12584 12393 12583
f 12583 12393 12395
f 12584 12585 12393
f 12585 12391 12393
f 12585 12586 12391
f 12586 12389 12391
f 12586 12587 12389
f 12587 12387 12389
f 12587 12588 12387
f 12588 12385 12387
f 12588 12572 12385
f 12572 12383 12385
f 12397 12399 12581
f 12291 12446 12292
f 12292 12446 12293
f 12293 12446 12294
f 12446 12406 12294
f 12446 12448 12406
f 12448 12404 12406
f 12452 12451 12402
f 12455 12399 12451
f 12451 12399 12400
f 12459 12582 12456
f 12456 12582 12581
f 12460 12471 12459
f 12471 12470 12459
f 12470 12469 12459
f 12459 12583 12582
f 12469 12583 12459
f 12469 12589 12583
f 12589 12590 12583
f 12589 12591 12590
f 12591 12592 12590
f 12591 12593 12592
f 12404 12594 12402
f 12452 12594 12448
f 12448 12594 12404
f 12402 12594 12452
f 12451 12595 12402
f 12400 12595 12451
f 12402 12596 12400
f 12595 12596 12402
f 12400 12596 12595
f 12399 12597 12581
f 12456 12597 12455
f 12455 12597 12399
f 12581 12597 12456
f 12449 12598 12599
f 12447 12598 12449
f 12600 12598 12447
f 12450 12599 12601
f 12450 12449 12599
f 12445 12600 12447
f 12602 12450 12601
f 12433 12600 12445
f 12603 12600 12433
f 12453 12450 12602
f 12604 12453 12602
f 12432 12603 12433
f 12454 12453 12604
f 12605 12603 12432
f 12606 12454 12604
f 12431 12605 12432
f 12457 12454 12606
f 12607 12605 12431
f 12608 12457 12606
f 12430 12607 12431
f 12461 12457 12608
f 12609 12607 12430
f 12429 12609 12430
f 12610 12461 12608
f 12422 12461 12610
f 12611 12609 12429
f 12438 12611 12429
f 12612 12423 12422
f 12612 12422 12610
f 12613 12611 12438
f 12427 12423 12612
f 12614 12438 12428
f 12614 12613 12438
f 12615 12427 12612
f 12615 12614 12428
f 12615 12428 12427
f 12616 12472 12473
f 12616 12473 12533
f 12617 12474 12472
f 12617 12472 12616
f 12618 12475 12474
f 12618 12474 12617
f 12619 12475 12618
f 12476 12475 12619
f 12620 12476 12619
f 12621 12477 12476
f 12621 12476 12620
f 12622 12478 12477
f 12622 12477 12621
f 12623 12479 12478
f 12623 12478 12622
f 12624 12479 12623
f 12480 12479 12624
f 12625 12480 12624
f 12626 12481 12480
f 12626 12480 12625
f 12627 12482 12481
f 12627 12481 12626
f 12628 12483 12482
f 12628 12482 12627
f 12629 12483 12628
f 12484 12483 12629
f 12630 12484 12629
f 12485 12484 12630
f 12631 12485 12630
f 12486 12485 12631
f 12632 12486 12631
f 12487 12486 12632
f 12633 12487 12632
f 12488 12487 12633
f 12544 12488 12633
f 12543 12488 12544
f 12543 12489 12488
f 12542 12489 12543
f 12490 12489 12542
f 12541 12490 12542
f 12491 12490 12541
f 12540 12491 12541
f 12492 12491 12540
f 12539 12492 12540
f 12493 12492 12539
f 12538 12493 12539
f 12494 12493 12538
f 12537 12494 12538
f 12495 12494 12537
f 12536 12495 12537
f 12535 12495 12536
f 12496 12495 12535
f 12553 12496 12535
f 12497 12496 12553
f 12552 12497 12553
f 12498 12497 12552
f 12551 12498 12552
f 12499 12498 12551
f 12550 12499 12551
f 12500 12499 12550
f 12549 12500 12550
f 12501 12500 12549
f 12548 12501 12549
f 12502 12501 12548
f 12547 12502 12548
f 12503 12502 12547
f 12546 12503 12547
f 12545 12503 12546
f 12504 12503 12545
f 12562 12504 12545
f 12505 12504 12562
f 12561 12505 12562
f 12506 12505 12561
f 12560 12506 12561
f 12507 12506 12560
f 12559 12507 12560
f 12508 12507 12559
f 12558 12508 12559
f 12509 12508 12558
f 12557 12509 12558
f 12510 12509 12557
f 12556 12510 12557
f 12511 12510 12556
f 12555 12511 12556
f 12554 12511 12555
f 12512 12511 12554
f 12571 12512 12554
f 12513 12512 12571
f 12570 12513 12571
f 12514 12513 12570
f 12569 12514 12570
f 12515 12514 12569
f 12568 12515 12569
f 12516 12515 12568
f 12567 12516 12568
f 12517 12516 12567
f 12566 12517 12567
f 12518 12517 12566
f 12565 12518 12566
f 12519 12518 12565
f 12564 12519 12565
f 12563 12519 12564
f 12520 12519 12563
f 12580 12520 12563
f 12521 12520 12580
f 12579 12521 12580
f 12522 12521 12579
f 12578 12522 12579
f 12523 12522 12578
f 12577 12523 12578
f 12524 12523 12577
f 12576 12524 12577
f 12525 12524 12576
f 12575 12525 12576
f 12526 12525 12575
f 12574 12526 12575
f 12573 12526 12574
f 12527 12526 12573
f 12572 12527 12573
f 12528 12527 12572
f 12588 12528 12572
f 12529 12528 12588
f 12587 12529 12588
f 12530 12529 12587
f 12586 12530 12587
f 12531 12530 12586
f 12585 12531 12586
f 12532 12531 12585
f 12584 12593 12532
f 12584 12532 12585
f 12591 12532 12593
f 12592 12593 12584
f 12590 12592 12584
f 12589 12532 12591
f 12468 12532 12589
f 12469 12468 12589
f 12583 12590 12584
f 12634 12611 12635
f 12636 12609 12634
f 12634 12609 12611
f 12637 12607 12636
f 12636 12607 12609
f 12638 12605 12637
f 12637 12605 12607
f 12639 12603 12638
f 12638 12603 12605
f 12640 12600 12639
f 12639 12600 12603
f 12641 12598 12640
f 12640 12598 12600
f 12642 12599 12641
f 12641 12599 12598
f 12643 12601 12642
f 12642 12601 12599
f 12643 12602 12601
f 12644 12602 12643
f 12645 12604 12644
f 12644 12604 12602
f 12646 12606 12645
f 12645 12606 12604
f 12647 12608 12646
f 12646 12608 12606
f 12648 12610 12647
f 12647 12610 12608
f 12649 12612 12648
f 12648 12612 12610
f 12650 12615 12649
f 12649 12615 12612
f 12651 12614 12650
f 12650 12614 12615
f 12635 12613 12651
f 12651 12613 12614
f 12635 12611 12613
f 12544 12633 12299
f 12299 12633 12534
f 12633 12652 12534
f 12633 12632 12652
f 12632 12653 12652
f 12632 12631 12653
f 12631 12654 12653
f 12631 12630 12654
f 12630 12655 12654
f 12630 12629 12655
f 12629 12656 12655
f 12629 12628 12656
f 12628 12657 12656
f 12628 12627 12657
f 12627 12658 12657
f 12627 12626 12658
f 12626 12659 12658
f 12626 12660 12659
f 12626 12625 12660
f 12625 12661 12660
f 12625 12624 12661
f 12624 12662 12661
f 12624 12623 12662
f 12623 12663 12662
f 12623 12622 12663
f 12622 12664 12663
f 12622 12621 12664
f 12621 12665 12664
f 12621 12620 12665
f 12666 12667 12533
f 12667 12616 12533
f 12667 12668 12616
f 12668 12617 12616
f 12668 12669 12617
f 12669 12618 12617
f 12669 12670 12618
f 12670 12619 12618
f 12619 12671 12620
f 12670 12671 12619
f 12671 12665 12620
f 12671 12672 12665
f 12672 12664 12665
f 12673 12663 12672
f 12672 12663 12664
f 12673 12674 12663
f 12674 12662 12663
f 12674 12675 12662
f 12675 12661 12662
f 12645 12676 12646
f 12645 12677 12676
f 12646 12678 12647
f 12676 12678 12646
f 12644 12679 12645
f 12645 12679 12677
f 12644 12680 12679
f 12644 12643 12680
f 12643 12681 12680
f 12647 12682 12648
f 12678 12682 12647
f 12643 12642 12681
f 12642 12683 12681
f 12682 12649 12648
f 12682 12684 12649
f 12642 12641 12683
f 12641 12685 12683
f 12684 12650 12649
f 12684 12686 12650
f 12641 12687 12685
f 12641 12640 12687
f 12686 12651 12650
f 12686 12688 12651
f 12640 12689 12687
f 12640 12639 12689
f 12639 12690 12689
f 12691 12635 12688
f 12688 12635 12651
f 12691 12692 12635
f 12690 12638 12693
f 12639 12638 12690
f 12692 12634 12635
f 12694 12634 12692
f 12694 12636 12634
f 12695 12636 12694
f 12638 12637 12693
f 12695 12637 12636
f 12693 12637 12695
f 12675 12660 12661
f 12675 12696 12660
f 12696 12659 12660
f 12696 12697 12659
f 12697 12658 12659
f 12697 12698 12658
f 12698 12657 12658
f 12698 12699 12657
f 12699 12656 12657
f 12699 12700 12656
f 12700 12655 12656
f 12700 12701 12655
f 12701 12654 12655
f 12701 12702 12654
f 12702 12653 12654
f 12702 12703 12653
f 12703 12652 12653
f 12703 12666 12652
f 12666 12533 12652
f 12533 12534 12652
f 12704 12702 12701
f 12705 12703 12702
f 12705 12702 12704
f 12706 12704 12701
f 12706 12701 12707
f 12708 12707 12701
f 12709 12708 12701
f 12700 12710 12709
f 12700 12711 12710
f 12700 12709 12701
f 12712 12666 12703
f 12712 12703 12705
f 12713 12711 12700
f 12714 12713 12700
f 12715 12714 12700
f 12716 12667 12666
f 12716 12666 12712
f 12699 12715 12700
f 12717 12715 12699
f 12718 12717 12699
f 12719 12718 12699
f 12668 12667 12716
f 12720 12668 12716
f 12721 12719 12699
f 12698 12721 12699
f 12669 12668 12720
f 12722 12669 12720
f 12723 12721 12698
f 12697 12723 12698
f 12670 12669 12722
f 12670 12722 12724
f 12670 12725 12726
f 12670 12727 12725
f 12670 12724 12727
f 12728 12670 12726
f 12729 12723 12697
f 12696 12729 12697
f 12675 12729 12696
f 12730 12729 12675
f 12671 12670 12728
f 12671 12728 12731
f 12671 12731 12732
f 12733 12671 12732
f 12734 12671 12733
f 12735 12671 12734
f 12674 12736 12730
f 12674 12730 12675
f 12672 12737 12738
f 12672 12735 12737
f 12672 12738 12739
f 12672 12671 12735
f 12673 12739 12736
f 12673 12736 12674
f 12673 12672 12739
f 12740 12741 12742
f 12740 12742 12691
f 12688 12740 12691
f 12743 12740 12688
f 12686 12744 12743
f 12686 12743 12688
f 12745 12744 12686
f 12684 12745 12686
f 12746 12745 12684
f 12682 12746 12684
f 12747 12746 12682
f 12678 12747 12682
f 12748 12747 12678
f 12676 12748 12678
f 12749 12748 12676
f 12677 12749 12676
f 12750 12749 12677
f 12679 12750 12677
f 12680 12750 12679
f 12751 12750 12680
f 12681 12751 12680
f 12752 12751 12681
f 12683 12753 12752
f 12683 12752 12681
f 12685 12753 12683
f 12754 12753 12685
f 12687 12754 12685
f 12755 12754 12687
f 12689 12755 12687
f 12756 12755 12689
f 12690 12756 12689
f 12757 12756 12690
f 12693 12758 12757
f 12693 12757 12690
f 12695 12758 12693
f 12759 12758 12695
f 12694 12759 12695
f 12760 12759 12694
f 12692 12760 12694
f 12742 12760 12692
f 12691 12742 12692
f 12719 12761 12762
f 12721 12763 12761
f 12721 12761 12719
f 12723 12764 12763
f 12723 12763 12721
f 12729 12765 12764
f 12729 12764 12723
f 12730 12766 12765
f 12730 12765 12729
f 12736 12767 12766
f 12736 12766 12730
f 12739 12768 12767
f 12739 12767 12736
f 12738 12769 12768
f 12738 12768 12739
f 12733 12770 12771
f 12732 12772 12770
f 12732 12770 12733
f 12731 12772 12732
f 12724 12773 12774
f 12722 12775 12773
f 12722 12773 12724
f 12720 12776 12775
f 12720 12775 12722
f 12716 12777 12776
f 12716 12776 12720
f 12712 12778 12777
f 12712 12777 12716
f 12705 12779 12778
f 12705 12778 12712
f 12704 12780 12779
f 12704 12779 12705
f 12706 12781 12780
f 12706 12780 12704
f 12711 12782 12783
f 12713 12782 12711
f 12714 12784 12782
f 12714 12782 12713
f 12740 12785 12786
f 12740 12786 12741
f 12787 12785 12740
f 12743 12787 12740
f 12788 12787 12743
f 12744 12788 12743
f 12789 12788 12744
f 12745 12789 12744
f 12790 12789 12745
f 12746 12790 12745
f 12791 12790 12746
f 12747 12791 12746
f 12792 12791 12747
f 12748 12792 12747
f 12793 12792 12748
f 12749 12793 12748
f 12794 12793 12749
f 12750 12794 12749
f 12795 12794 12750
f 12751 12795 12750
f 12786 12796 12741
f 12741 12797 12742
f 12796 12797 12741
f 12752 12795 12751
f 12798 12795 12752
f 12753 12798 12752
f 12799 12798 12753
f 12754 12800 12799
f 12754 12799 12753
f 12801 12800 12754
f 12755 12801 12754
f 12756 12801 12755
f 12802 12760 12742
f 12802 12742 12797
f 12759 12760 12802
f 12803 12759 12802
f 12758 12759 12803
f 12804 12758 12803
f 12804 12757 12758
f 12805 12757 12804
f 12805 12756 12757
f 12806 12801 12756
f 12806 12756 12805
f 12807 12800 12801
f 12807 12801 12806
f 12799 12800 12807
f 12808 12798 12799
f 12808 12799 12807
f 12809 12795 12798
f 12809 12798 12808
f 12810 12794 12795
f 12810 12795 12809
f 12811 12793 12794
f 12811 12794 12810
f 12812 12792 12793
f 12812 12793 12811
f 12813 12791 12792
f 12813 12792 12812
f 12790 12791 12813
f 12814 12790 12813
f 12789 12790 12814
f 12815 12788 12789
f 12815 12789 12814
f 12816 12787 12788
f 12816 12788 12815
f 12817 12785 12787
f 12817 12787 12816
f 12818 12819 12785
f 12818 12785 12817
f 12820 12819 12818
f 12821 12822 12820
f 12821 12820 12818
f 12823 12824 12822
f 12823 12822 12821
f 12825 12826 12824
f 12825 12824 12823
f 12827 12828 12826
f 12827 12826 12825
f 12829 12828 12827
f 12829 12830 12828
f 12831 12832 12830
f 12831 12830 12829
f 12833 12834 12832
f 12833 12832 12831
f 12835 12836 12834
f 12835 12834 12833
f 12837 12836 12835
f 12838 12837 12835
f 12839 12837 12838
f 12840 12841 12839
f 12840 12839 12838
f 12842 12841 12840
f 12842 12843 12841
f 12844 12843 12842
f 12844 12845 12843
f 12846 12845 12844
f 12846 12847 12845
f 12848 12847 12846
f 12848 12849 12847
f 12850 12849 12848
f 12850 12851 12849
f 12852 12851 12850
f 12852 12853 12851
f 12854 12853 12852
f 12854 12855 12853
f 12856 12855 12854
f 12857 12856 12854
f 12858 12856 12857
f 12859 12858 12857
f 12860 12858 12859
f 12861 12860 12859
f 12861 12862 12860
f 12863 12862 12861
f 12863 12864 12862
f 12865 12864 12863
f 12865 12866 12864
f 12867 12866 12865
f 12867 12868 12866
f 12869 12868 12867
f 12869 12870 12868
f 12871 12870 12869
f 12871 12872 12870
f 12873 12872 12871
f 12874 12873 12871
f 12875 12873 12874
f 12876 12875 12874
f 12877 12875 12876
f 12878 12877 12876
f 12879 12877 12878
f 12880 12879 12878
f 12880 12881 12879
f 12882 12881 12880
f 12882 12883 12881
f 12884 12883 12882
f 12884 12885 12883
f 12886 12885 12884
f 12886 12887 12885
f 12888 12887 12886
f 12888 12889 12887
f 12890 12889 12888
f 12890 12891 12889
f 12892 12891 12890
f 12892 12893 12891
f 12894 12893 12892
f 12895 12894 12892
f 12896 12894 12895
f 12897 12896 12895
f 12898 12896 12897
f 12899 12898 12897
f 12899 12900 12898
f 12901 12900 12899
f 12901 12902 12900
f 12903 12902 12901
f 12903 12904 12902
f 12905 12904 12903
f 12905 12906 12904
f 12907 12906 12905
f 12907 12908 12906
f 12909 12908 12907
f 12909 12910 12908
f 12911 12910 12909
f 12911 12912 12910
f 12913 12912 12911
f 12914 12913 12911
f 12915 12913 12914
f 12916 12915 12914
f 12917 12915 12916
f 12918 12917 12916
f 12919 12917 12918
f 12920 12921 12919
f 12920 12919 12918
f 12922 12923 12921
f 12922 12921 12920
f 12924 12925 12923
f 12924 12923 12922
f 12926 12927 12925
f 12926 12925 12924
f 12928 12929 12927
f 12928 12927 12926
f 12930 12929 12928
f 12930 12931 12929
f 12932 12931 12930
f 12932 12933 12931
f 12934 12933 12932
f 12935 12934 12932
f 12936 12934 12935
f 12937 12936 12935
f 12937 12938 12936
f 12939 12938 12937
f 12939 12940 12938
f 12941 12940 12939
f 12941 12942 12940
f 12943 12942 12941
f 12943 12944 12942
f 12945 12944 12943
f 12945 12946 12944
f 12947 12946 12945
f 12947 12948 12946
f 12949 12948 12947
f 12949 12950 12948
f 12951 12950 12949
f 12951 12952 12950
f 12953 12952 12951
f 12954 12955 12953
f 12954 12953 12951
f 12956 12957 12955
f 12956 12955 12954
f 12958 12959 12957
f 12958 12957 12956
f 12960 12961 12959
f 12960 12959 12958
f 12962 12963 12961
f 12962 12961 12960
f 12964 12965 12963
f 12964 12963 12962
f 12966 12967 12965
f 12966 12965 12964
f 12968 12969 12967
f 12968 12967 12966
f 12970 12971 12969
f 12970 12969 12968
f 12972 12971 12970
f 12973 12974 12972
f 12973 12972 12970
f 12975 12976 12974
f 12975 12974 12973
f 12977 12978 12976
f 12977 12976 12975
f 12979 12980 12978
f 12979 12978 12977
f 12981 12980 12979
f 12981 12982 12980
f 12983 12982 12981
f 12983 12984 12982
f 12985 12984 12983
f 12985 12986 12984
f 12987 12986 12985
f 12987 12988 12986
f 12989 12988 12987
f 12989 12990 12991
f 12989 12991 12988
f 12992 12990 12989
f 12992 12993 12990
f 12994 12995 12993
f 12994 12993 12992
f 12996 12997 12995
f 12996 12995 12994
f 12998 12999 12997
f 12998 12997 12996
f 13000 13001 12999
f 13000 12999 12998
f 13002 13003 13001
f 13002 13001 13000
f 13004 13005 13003
f 13004 13003 13002
f 13006 13007 13005
f 13006 13005 13004
f 13008 13007 13006
f 13009 13010 13008
f 13009 13008 13006
f 13011 13012 13010
f 13011 13010 13009
f 13013 13014 13012
f 13013 13012 13011
f 13015 13016 13014
f 13015 13014 13013
f 13017 13018 13016
f 13017 13016 13015
f 13019 13020 13018
f 13019 13018 13017
f 13021 13022 13020
f 13021 13020 13019
f 13023 13024 13022
f 13023 13022 13021
f 13025 13024 13023
f 13026 13025 13023
f 13027 13025 13026
f 13028 13027 13026
f 13029 13027 13028
f 13030 13029 13028
f 13030 13031 13029
f 13032 13033 13031
f 13032 13031 13030
f 13034 13033 13032
f 13034 13035 13033
f 13036 13035 13034
f 13036 13037 13035
f 13038 13037 13036
f 13038 13039 13037
f 13040 13039 13038
f 13040 13041 13039
f 13042 13041 13040
f 13042 13043 13041
f 13044 13043 13042
f 13045 13044 13042
f 13046 13044 13045
f 13047 13046 13045
f 13048 13046 13047
f 13049 13048 13047
f 13049 13050 13048
f 13051 13050 13049
f 13051 13052 13050
f 13053 13052 13051
f 13053 13054 13052
f 13055 13054 13053
f 13055 13056 13054
f 13057 13056 13055
f 13057 13058 13056
f 13059 13058 13057
f 13059 13060 13058
f 13061 13060 13059
f 13061 13062 13060
f 13063 13062 13061
f 13064 13063 13061
f 13065 13063 13064
f 13066 13065 13064
f 13067 13065 13066
f 13068 13067 13066
f 13069 13067 13068
f 13070 13069 13068
f 13070 13071 13069
f 13072 13073 13071
f 13072 13071 13070
f 13074 13075 13073
f 13074 13073 13072
f 13076 13077 13075
f 13076 13075 13074
f 13078 13079 13077
f 13078 13077 13076
f 13080 13081 13079
f 13080 13079 13078
f 13082 13081 13080
f 13083 13082 13080
f 13084 13082 13083
f 13085 13084 13083
f 13086 13084 13085
f 13087 13086 13085
f 13088 13086 13087
f 13089 13088 13087
f 13089 13090 13088
f 13091 13090 13089
f 13091 13092 13090
f 13093 13092 13091
f 13093 13094 13092
f 13095 13094 13093
f 13095 13096 13094
f 13097 13096 13095
f 13097 13098 13096
f 13099 13098 13097
f 13099 13100 13098
f 13101 13100 13099
f 13101 13102 13100
f 13103 13102 13101
f 13104 13103 13101
f 13105 13103 13104
f 13106 13105 13104
f 13107 13105 13106
f 13108 13107 13106
f 13108 13109 13107
f 13110 13109 13108
f 13110 13111 13109
f 13112 13113 13111
f 13112 13111 13110
f 13114 13115 13113
f 13114 13113 13112
f 13116 13117 13115
f 13116 13115 13114
f 13118 13119 13117
f 13118 13117 13116
f 13120 13121 13119
f 13120 13119 13118
f 13122 13121 13120
f 13123 13122 13120
f 13124 13122 13123
f 13125 13126 13124
f 13125 13124 13123
f 13127 13128 13126
f 13127 13126 13125
f 13129 13130 13128
f 13129 13128 13127
f 13131 13132 13130
f 13131 13130 13129
f 13133 13132 13131
f 13133 13134 13132
f 13135 13134 13133
f 13135 13136 13134
f 13137 13136 13135
f 13137 13138 13136
f 13139 13138 13137
f 13139 13140 13138
f 13141 13140 13139
f 13142 13141 13139
f 13143 13141 13142
f 13144 13143 13142
f 13144 13145 13143
f 13146 13145 13144
f 13146 13147 13145
f 13148 13147 13146
f 13148 13149 13147
f 13150 13149 13148
f 13150 13151 13149
f 13152 13153 13151
f 13152 13151 13150
f 13154 13155 13153
f 13154 13153 13152
f 13156 13157 13155
f 13156 13155 13154
f 13158 13159 13157
f 13158 13157 13156
f 13160 13159 13158
f 13161 13162 13160
f 13161 13160 13158
f 13163 13164 13162
f 13163 13162 13161
f 13165 13166 13164
f 13165 13164 13163
f 13167 13168 13166
f 13167 13166 13165
f 13169 13170 13168
f 13169 13168 13167
f 13171 13172 13170
f 13171 13170 13169
f 13173 13174 13172
f 13173 13172 13171
f 13175 13176 13174
f 13175 13174 13173
f 13177 13178 13179
f 13177 13179 13176
f 13177 13176 13175
f 13180 13181 13178
f 13180 13178 13177
f 13182 13183 13181
f 13182 13181 13180
f 13184 13183 13182
f 13184 13185 13183
f 13186 13185 13184
f 13186 13187 13185
f 13188 13187 13186
f 13188 13189 13187
f 13190 13189 13188
f 13190 13191 13189
f 13192 13193 13191
f 13192 13191 13190
f 13194 13195 13193
f 13194 13193 13192
f 13196 13195 13194
f 13197 13196 13194
f 13198 13196 13197
f 13199 13200 13198
f 13199 13198 13197
f 13201 13202 13200
f 13201 13200 13199
f 13203 13204 13202
f 13203 13202 13201
f 13205 13206 13204
f 13205 13204 13203
f 13207 13208 13206
f 13207 13206 13205
f 13209 13210 13208
f 13209 13208 13207
f 13211 13212 13210
f 13211 13210 13209
f 13213 13214 13212
f 13213 13212 13211
f 13215 13214 13213
f 13216 13215 13213
f 13217 13215 13216
f 13218 13219 13217
f 13218 13217 13216
f 13220 13221 13219
f 13220 13219 13218
f 13222 13223 13221
f 13222 13221 13220
f 13224 13225 13223
f 13224 13223 13222
f 13226 13225 13224
f 13226 13227 13225
f 13228 13227 13226
f 13228 13229 13227
f 13230 13229 13228
f 13230 13231 13229
f 13232 13231 13230
f 13233 13232 13230
f 13234 13232 13233
f 13235 13234 13233
f 13236 13234 13235
f 13237 13236 13235
f 13238 13236 13237
f 13239 13238 13237
f 13239 13240 13238
f 13241 13240 13239
f 13241 13242 13240
f 13243 13242 13241
f 13243 13244 13242
f 13245 13244 13243
f 13245 13246 13244
f 13247 13246 13245
f 13247 13248 13246
f 13249 13248 13247
f 13249 13250 13248
f 13251 13250 13249
f 13252 13251 13249
f 13253 13251 13252
f 13254 13253 13252
f 13255 13253 13254
f 13256 13255 13254
f 13257 13255 13256
f 13258 13257 13256
f 13258 13259 13257
f 13260 13259 13258
f 13260 13261 13259
f 13262 13261 13260
f 13262 13263 13261
f 13264 13263 13262
f 13264 13265 13263
f 13266 13265 13264
f 13266 13267 13265
f 13268 13267 13266
f 13268 13269 13267
f 13270 13269 13268
f 13270 13271 13269
f 13272 13271 13270
f 13273 13272 13270
f 13274 13272 13273
f 13275 13274 13273
f 13276 13274 13275
f 13277 13278 13276
f 13277 13276 13275
f 13279 13280 13278
f 13279 13278 13277
f 13281 13282 13280
f 13281 13280 13279
f 13283 13282 13281
f 13284 13283 13281
f 13285 13283 13284
f 13286 13285 13284
f 13287 13285 13286
f 13288 13287 13286
f 12761 13289 13290
f 12761 13290 13291
f 12761 13291 12762
f 12763 13289 12761
f 13292 13289 12763
f 12764 13292 12763
f 13293 13292 12764
f 12765 13293 12764
f 13294 13293 12765
f 12766 13294 12765
f 13295 13294 12766
f 12767 13295 12766
f 13296 13295 12767
f 12768 13296 12767
f 13297 13296 12768
f 12769 13297 12768
f 13298 13299 13300
f 13298 13301 13299
f 13302 13298 13300
f 13303 13300 13304
f 13303 13302 13300
f 13305 13304 13306
f 13305 13303 13304
f 12737 12769 12738
f 12735 12769 12737
f 12735 12771 12769
f 12734 12771 12735
f 12733 12771 12734
f 13307 13308 13309
f 13310 13297 12769
f 13310 12771 13311
f 13310 13311 13312
f 13310 13312 13297
f 13310 12769 12771
f 13313 13314 13315
f 13316 13314 13313
f 13316 13313 13307
f 13317 13308 13307
f 13317 13307 13313
f 13318 13317 13313
f 13319 13307 13309
f 13319 13316 13307
f 13320 13316 13319
f 13321 13313 13315
f 13321 13317 13318
f 13321 13318 13313
f 13322 13316 13320
f 13322 13314 13316
f 13322 13320 13319
f 13323 13317 13321
f 13323 13308 13317
f 13324 13323 13321
f 13325 13319 13309
f 13325 13322 13319
f 13326 13322 13325
f 13327 13315 13328
f 13327 13321 13315
f 13327 13323 13324
f 13327 13324 13321
f 13329 13330 13314
f 13329 13314 13322
f 13329 13322 13326
f 13329 13326 13325
f 13331 13306 13308
f 13331 13305 13306
f 13331 13308 13323
f 13331 13323 13327
f 13332 13333 13305
f 13332 13331 13327
f 13332 13328 13333
f 13332 13305 13331
f 13332 13327 13328
f 13334 13309 13297
f 13334 13329 13325
f 13334 13325 13309
f 13334 13297 13312
f 13335 13329 13334
f 13335 13334 13312
f 13335 13336 13330
f 13335 13311 13336
f 13335 13312 13311
f 13335 13330 13329
f 13337 13338 13339
f 13340 13339 13341
f 13340 13337 13339
f 13342 13340 13341
f 13343 13342 13341
f 13344 13343 13341
f 13345 13343 13344
f 12715 12784 12714
f 12717 12762 12784
f 12717 12784 12715
f 12718 12762 12717
f 12719 12762 12718
f 13346 13347 13348
f 13349 13350 12784
f 13349 12762 13291
f 13349 13291 13351
f 13349 12784 12762
f 13349 13351 13350
f 13352 13353 13354
f 13352 13355 13353
f 13352 13346 13355
f 13356 13357 13353
f 13356 13358 13357
f 13356 13344 13358
f 13356 13353 13355
f 13359 13348 13345
f 13359 13344 13356
f 13359 13346 13348
f 13359 13356 13355
f 13359 13345 13344
f 13359 13355 13346
f 13360 13347 13346
f 13360 13352 13361
f 13360 13346 13352
f 13362 13361 13352
f 13362 13360 13361
f 13362 13352 13354
f 13363 13360 13362
f 13363 13362 13364
f 13363 13347 13360
f 13365 13354 13366
f 13365 13364 13362
f 13365 13362 13354
f 13365 13363 13364
f 13367 13368 13350
f 13367 13366 13368
f 13367 13365 13366
f 13367 13350 13351
f 13369 13291 13347
f 13369 13351 13291
f 13369 13347 13363
f 13369 13363 13365
f 13369 13365 13367
f 13369 13367 13351
f 12770 13311 12771
f 12770 13370 13371
f 12770 13371 13311
f 12772 13370 12770
f 13372 13373 13374
f 13375 13374 13376
f 13375 13372 13374
f 13377 13375 13376
f 13378 13377 13376
f 13379 13378 13376
f 13380 13378 13379
f 12728 12772 12731
f 12726 12774 12772
f 12726 12772 12728
f 12725 12774 12726
f 12727 12774 12725
f 12724 12774 12727
f 13381 13382 13383
f 13384 13370 12772
f 13384 12774 13385
f 13384 13385 13386
f 13384 12772 12774
f 13384 13386 13370
f 13387 13388 13389
f 13387 13390 13388
f 13387 13381 13390
f 13391 13381 13383
f 13391 13392 13390
f 13391 13390 13381
f 13393 13387 13394
f 13393 13382 13381
f 13393 13381 13387
f 13395 13390 13392
f 13395 13388 13390
f 13395 13392 13391
f 13396 13394 13387
f 13396 13387 13389
f 13397 13393 13394
f 13397 13394 13396
f 13398 13391 13383
f 13398 13395 13391
f 13398 13399 13395
f 13400 13397 13396
f 13401 13382 13393
f 13401 13393 13397
f 13401 13397 13400
f 13402 13403 13388
f 13402 13388 13395
f 13402 13395 13399
f 13402 13399 13398
f 13404 13389 13405
f 13404 13405 13406
f 13404 13396 13389
f 13404 13400 13396
f 13407 13400 13404
f 13407 13401 13400
f 13408 13409 13403
f 13408 13379 13409
f 13408 13403 13402
f 13410 13402 13398
f 13410 13383 13380
f 13410 13379 13408
f 13410 13380 13379
f 13410 13408 13402
f 13410 13398 13383
f 13411 13406 13370
f 13411 13404 13406
f 13411 13407 13404
f 13411 13370 13386
f 13412 13401 13407
f 13412 13411 13386
f 13412 13385 13382
f 13412 13386 13385
f 13412 13382 13401
f 13412 13407 13411
f 12773 13385 12774
f 12773 13413 13385
f 12775 13414 13413
f 12775 13413 12773
f 12776 13414 12775
f 13415 13414 12776
f 12777 13415 12776
f 13416 13415 12777
f 12778 13416 12777
f 13417 13416 12778
f 12779 13417 12778
f 13418 13417 12779
f 12780 13418 12779
f 13419 13418 12780
f 12781 13419 12780
f 13420 13421 13422
f 13420 13423 13421
f 13424 13420 13422
f 13425 13422 13426
f 13425 13424 13422
f 13427 13426 13428
f 13427 13425 13426
f 12707 12781 12706
f 12708 12781 12707
f 12708 12783 12781
f 12709 12783 12708
f 12710 12783 12709
f 12711 12783 12710
f 13429 13430 13431
f 13432 13419 12781
f 13432 12783 13433
f 13432 13433 13434
f 13432 13434 13419
f 13432 12781 12783
f 13435 13436 13437
f 13435 13437 13438
f 13435 13438 13429
f 13439 13430 13429
f 13439 13429 13438
f 13440 13439 13438
f 13441 13429 13431
f 13441 13435 13429
f 13442 13435 13441
f 13443 13439 13440
f 13443 13438 13437
f 13443 13440 13438
f 13444 13442 13441
f 13445 13442 13444
f 13445 13435 13442
f 13445 13436 13435
f 13446 13439 13443
f 13446 13430 13439
f 13447 13446 13443
f 13448 13441 13431
f 13448 13444 13441
f 13449 13445 13444
f 13449 13444 13448
f 13450 13437 13451
f 13450 13443 13437
f 13450 13447 13443
f 13450 13446 13447
f 13452 13449 13448
f 13453 13449 13452
f 13453 13454 13436
f 13453 13455 13454
f 13453 13436 13445
f 13453 13445 13449
f 13456 13446 13450
f 13456 13428 13430
f 13456 13427 13428
f 13456 13430 13446
f 13457 13458 13427
f 13457 13451 13458
f 13457 13456 13450
f 13457 13450 13451
f 13457 13427 13456
f 13459 13452 13448
f 13459 13431 13419
f 13459 13448 13431
f 13459 13419 13434
f 13460 13455 13453
f 13460 13459 13434
f 13460 13433 13455
f 13460 13434 13433
f 13460 13452 13459
f 13460 13453 13452
f 12782 13433 12783
f 12782 13461 13433
f 12782 13350 13461
f 12784 13350 12782
f 12832 12834 13462
f 13463 12832 13462
f 12830 12832 13463
f 13464 12830 13463
f 12828 12830 13464
f 13465 12828 13464
f 12826 12828 13465
f 13466 12826 13465
f 12824 12826 13466
f 13467 12824 13466
f 12822 12824 13467
f 13468 12822 13467
f 13469 12820 12822
f 13469 12822 13468
f 13470 12819 12820
f 13470 12820 13469
f 12786 12785 12819
f 12786 12819 13470
f 12849 12851 13471
f 13472 12849 13471
f 12847 12849 13472
f 13473 12847 13472
f 12845 12847 13473
f 13474 12845 13473
f 12843 12845 13474
f 13475 12843 13474
f 12841 12843 13475
f 13476 12841 13475
f 12839 12841 13476
f 13477 12839 13476
f 13478 12837 12839
f 13478 12839 13477
f 13479 12836 12837
f 13479 12837 13478
f 13462 12834 12836
f 13462 12836 13479
f 12866 12868 13480
f 13481 12866 13480
f 12864 12866 13481
f 13482 12864 13481
f 12862 12864 13482
f 13483 12862 13482
f 12860 12862 13483
f 13484 12860 13483
f 12858 12860 13484
f 13485 12858 13484
f 12856 12858 13485
f 13486 12856 13485
f 13487 12855 12856
f 13487 12856 13486
f 13488 12853 12855
f 13488 12855 13487
f 13471 12851 12853
f 13471 12853 13488
f 12883 12885 13489
f 13490 12883 13489
f 12881 12883 13490
f 13491 12881 13490
f 12879 12881 13491
f 13492 12879 13491
f 12877 12879 13492
f 13493 12877 13492
f 12875 12877 13493
f 13494 12875 13493
f 12873 12875 13494
f 13495 12873 13494
f 13496 12872 12873
f 13496 12873 13495
f 13497 12870 12872
f 13497 12872 13496
f 13480 12868 12870
f 13480 12870 13497
f 12900 12902 13498
f 13499 12900 13498
f 12898 12900 13499
f 13500 12898 13499
f 12896 12898 13500
f 13501 12896 13500
f 12894 12896 13501
f 13502 12894 13501
f 12893 12894 13502
f 13503 12893 13502
f 12891 12893 13503
f 13504 12891 13503
f 13505 12889 12891
f 13505 12891 13504
f 13506 12887 12889
f 13506 12889 13505
f 13489 12885 12887
f 13489 12887 13506
f 12917 12919 13507
f 13508 12917 13507
f 12915 12917 13508
f 13509 12915 13508
f 12913 12915 13509
f 13510 12913 13509
f 12912 12913 13510
f 13511 12912 13510
f 12910 12912 13511
f 13512 12910 13511
f 12908 12910 13512
f 13513 12908 13512
f 13514 12906 12908
f 13514 12908 13513
f 13515 12904 12906
f 13515 12906 13514
f 13498 12902 12904
f 13498 12904 13515
f 12934 12936 13516
f 13517 12934 13516
f 12933 12934 13517
f 13518 12933 13517
f 12931 12933 13518
f 13519 12931 13518
f 12929 12931 13519
f 13520 12929 13519
f 12927 12929 13520
f 13521 12927 13520
f 12925 12927 13521
f 13522 12925 13521
f 13523 12923 12925
f 13523 12925 13522
f 13524 12921 12923
f 13524 12923 13523
f 13507 12919 12921
f 13507 12921 13524
f 12952 12953 13525
f 13526 12952 13525
f 12950 12952 13526
f 13527 12950 13526
f 12948 12950 13527
f 13528 12948 13527
f 12946 12948 13528
f 13529 12946 13528
f 12944 12946 13529
f 13530 12944 13529
f 12942 12944 13530
f 13531 12942 13530
f 13532 12940 12942
f 13532 12942 13531
f 13533 12938 12940
f 13533 12940 13532
f 13516 12936 12938
f 13516 12938 13533
f 12969 12971 13534
f 13535 12969 13534
f 12967 12969 13535
f 13536 12967 13535
f 12965 12967 13536
f 13537 12965 13536
f 12963 12965 13537
f 13538 12963 13537
f 12961 12963 13538
f 13539 12961 13538
f 12959 12961 13539
f 13540 12959 13539
f 13541 12957 12959
f 13541 12959 13540
f 13542 12955 12957
f 13542 12957 13541
f 13525 12953 12955
f 13525 12955 13542
f 12986 12988 13543
f 13544 12986 13543
f 12984 12986 13544
f 13545 12984 13544
f 12982 12984 13545
f 13546 12982 13545
f 12980 12982 13546
f 13547 12980 13546
f 12978 12980 13547
f 13548 12978 13547
f 12976 12978 13548
f 13549 12976 13548
f 13550 12974 12976
f 13550 12976 13549
f 13551 12972 12974
f 13551 12974 13550
f 13534 12971 12972
f 13534 12972 13551
f 13003 13005 13552
f 13553 13003 13552
f 13001 13003 13553
f 13554 13001 13553
f 12999 13001 13554
f 13555 12999 13554
f 12997 12999 13555
f 13556 12997 13555
f 12995 12997 13556
f 13557 12995 13556
f 12993 12995 13557
f 13558 12993 13557
f 13559 12990 12993
f 13559 12993 13558
f 13560 12991 12990
f 13560 12990 13559
f 13543 12988 12991
f 13543 12991 13560
f 13020 13022 13561
f 13562 13020 13561
f 13018 13020 13562
f 13563 13018 13562
f 13016 13018 13563
f 13564 13016 13563
f 13014 13016 13564
f 13565 13014 13564
f 13012 13014 13565
f 13566 13012 13565
f 13010 13012 13566
f 13567 13010 13566
f 13568 13008 13010
f 13568 13010 13567
f 13569 13007 13008
f 13569 13008 13568
f 13552 13005 13007
f 13552 13007 13569
f 13037 13039 13570
f 13571 13037 13570
f 13035 13037 13571
f 13572 13035 13571
f 13033 13035 13572
f 13573 13033 13572
f 13031 13033 13573
f 13574 13031 13573
f 13029 13031 13574
f 13575 13029 13574
f 13027 13029 13575
f 13576 13027 13575
f 13577 13025 13027
f 13577 13027 13576
f 13578 13024 13025
f 13578 13025 13577
f 13561 13022 13024
f 13561 13024 13578
f 13054 13056 13579
f 13580 13054 13579
f 13052 13054 13580
f 13581 13052 13580
f 13050 13052 13581
f 13582 13050 13581
f 13048 13050 13582
f 13583 13048 13582
f 13046 13048 13583
f 13584 13046 13583
f 13044 13046 13584
f 13585 13044 13584
f 13586 13043 13044
f 13586 13044 13585
f 13587 13041 13043
f 13587 13043 13586
f 13570 13039 13041
f 13570 13041 13587
f 13071 13073 13588
f 13589 13071 13588
f 13069 13071 13589
f 13590 13069 13589
f 13067 13069 13590
f 13591 13067 13590
f 13065 13067 13591
f 13592 13065 13591
f 13063 13065 13592
f 13593 13063 13592
f 13062 13063 13593
f 13594 13062 13593
f 13595 13060 13062
f 13595 13062 13594
f 13596 13058 13060
f 13596 13060 13595
f 13579 13056 13058
f 13579 13058 13596
f 13088 13090 13597
f 13598 13088 13597
f 13086 13088 13598
f 13599 13086 13598
f 13084 13086 13599
f 13600 13084 13599
f 13082 13084 13600
f 13601 13082 13600
f 13081 13082 13601
f 13602 13081 13601
f 13079 13081 13602
f 13603 13079 13602
f 13604 13077 13079
f 13604 13079 13603
f 13605 13075 13077
f 13605 13077 13604
f 13588 13073 13075
f 13588 13075 13605
f 13105 13107 13606
f 13607 13105 13606
f 13103 13105 13607
f 13608 13103 13607
f 13102 13103 13608
f 13609 13102 13608
f 13100 13102 13609
f 13610 13100 13609
f 13098 13100 13610
f 13611 13098 13610
f 13096 13098 13611
f 13612 13096 13611
f 13613 13094 13096
f 13613 13096 13612
f 13614 13092 13094
f 13614 13094 13613
f 13597 13090 13092
f 13597 13092 13614
f 13122 13124 13615
f 13616 13122 13615
f 13121 13122 13616
f 13617 13121 13616
f 13119 13121 13617
f 13618 13119 13617
f 13117 13119 13618
f 13619 13117 13618
f 13115 13117 13619
f 13620 13115 13619
f 13113 13115 13620
f 13621 13113 13620
f 13622 13111 13113
f 13622 13113 13621
f 13623 13109 13111
f 13623 13111 13622
f 13606 13107 13109
f 13606 13109 13623
f 13140 13141 13624
f 13625 13140 13624
f 13138 13140 13625
f 13626 13138 13625
f 13136 13138 13626
f 13627 13136 13626
f 13134 13136 13627
f 13628 13134 13627
f 13132 13134 13628
f 13629 13132 13628
f 13130 13132 13629
f 13630 13130 13629
f 13631 13128 13130
f 13631 13130 13630
f 13632 13126 13128
f 13632 13128 13631
f 13615 13124 13126
f 13615 13126 13632
f 13157 13159 13633
f 13634 13157 13633
f 13155 13157 13634
f 13635 13155 13634
f 13153 13155 13635
f 13636 13153 13635
f 13151 13153 13636
f 13637 13151 13636
f 13149 13151 13637
f 13638 13149 13637
f 13147 13149 13638
f 13639 13147 13638
f 13640 13145 13147
f 13640 13147 13639
f 13641 13143 13145
f 13641 13145 13640
f 13624 13141 13143
f 13624 13143 13641
f 13174 13176 13642
f 13643 13174 13642
f 13172 13174 13643
f 13644 13172 13643
f 13170 13172 13644
f 13645 13170 13644
f 13168 13170 13645
f 13646 13168 13645
f 13166 13168 13646
f 13647 13166 13646
f 13164 13166 13647
f 13648 13164 13647
f 13649 13162 13164
f 13649 13164 13648
f 13650 13160 13162
f 13650 13162 13649
f 13633 13159 13160
f 13633 13160 13650
f 13191 13193 13651
f 13652 13191 13651
f 13189 13191 13652
f 13653 13189 13652
f 13187 13189 13653
f 13654 13187 13653
f 13185 13187 13654
f 13655 13185 13654
f 13183 13185 13655
f 13656 13183 13655
f 13181 13183 13656
f 13657 13181 13656
f 13658 13178 13181
f 13658 13181 13657
f 13659 13179 13178
f 13659 13178 13658
f 13642 13176 13179
f 13642 13179 13659
f 13208 13210 13660
f 13661 13208 13660
f 13206 13208 13661
f 13662 13206 13661
f 13204 13206 13662
f 13663 13204 13662
f 13202 13204 13663
f 13664 13202 13663
f 13200 13202 13664
f 13665 13200 13664
f 13198 13200 13665
f 13666 13198 13665
f 13667 13196 13198
f 13667 13198 13666
f 13668 13195 13196
f 13668 13196 13667
f 13651 13193 13195
f 13651 13195 13668
f 13225 13227 13669
f 13670 13225 13669
f 13223 13225 13670
f 13671 13223 13670
f 13221 13223 13671
f 13672 13221 13671
f 13219 13221 13672
f 13673 13219 13672
f 13217 13219 13673
f 13674 13217 13673
f 13215 13217 13674
f 13675 13215 13674
f 13676 13214 13215
f 13676 13215 13675
f 13677 13212 13214
f 13677 13214 13676
f 13660 13210 13212
f 13660 13212 13677
f 13242 13244 13678
f 13679 13242 13678
f 13240 13242 13679
f 13680 13240 13679
f 13238 13240 13680
f 13681 13238 13680
f 13236 13238 13681
f 13682 13236 13681
f 13234 13236 13682
f 13683 13234 13682
f 13232 13234 13683
f 13684 13232 13683
f 13685 13231 13232
f 13685 13232 13684
f 13686 13229 13231
f 13686 13231 13685
f 13669 13227 13229
f 13669 13229 13686
f 13259 13261 13687
f 13688 13259 13687
f 13257 13259 13688
f 13689 13257 13688
f 13255 13257 13689
f 13690 13255 13689
f 13253 13255 13690
f 13691 13253 13690
f 13251 13253 13691
f 13692 13251 13691
f 13250 13251 13692
f 13693 13250 13692
f 13694 13248 13250
f 13694 13250 13693
f 13695 13246 13248
f 13695 13248 13694
f 13678 13244 13246
f 13678 13246 13695
f 13276 13278 13696
f 13697 13276 13696
f 13274 13276 13697
f 13698 13274 13697
f 13272 13274 13698
f 13699 13272 13698
f 13271 13272 13699
f 13700 13271 13699
f 13269 13271 13700
f 13701 13269 13700
f 13267 13269 13701
f 13702 13267 13701
f 13703 13265 13267
f 13703 13267 13702
f 13704 13263 13265
f 13704 13265 13703
f 13687 13261 13263
f 13687 13263 13704
f 13705 13706 13707
f 13708 13705 13707
f 13709 13705 13708
f 13710 13711 13709
f 13710 13709 13708
f 13712 13711 13710
f 13287 13711 13712
f 13713 13287 13712
f 13285 13287 13713
f 13714 13285 13713
f 13283 13285 13714
f 13715 13283 13714
f 13282 13283 13715
f 13716 13282 13715
f 13280 13282 13716
f 13696 13278 13280
f 13696 13280 13716
f 13717 13707 13706
f 13287 13288 13718
f 13719 13287 13718
f 12802 12797 12796
f 13720 12802 12796
f 12803 12802 13720
f 13721 12803 13720
f 12804 12803 13721
f 13722 12804 13721
f 12805 12804 13722
f 13723 12805 13722
f 12806 12805 13723
f 13724 12806 13723
f 12807 12806 13724
f 13725 12807 13724
f 12808 12807 13725
f 13726 12808 13725
f 12809 12808 13726
f 13727 12809 13726
f 12810 12809 13727
f 13728 12810 13727
f 12811 12810 13728
f 13729 12811 13728
f 12812 12811 13729
f 13730 12812 13729
f 12813 12812 13730
f 13731 12813 13730
f 12814 12813 13731
f 13732 12814 13731
f 12815 12814 13732
f 13733 12815 13732
f 12816 12815 13733
f 13734 12816 13733
f 12817 12816 13734
f 13735 12817 13734
f 12818 12817 13735
f 13736 12818 13735
f 12821 12818 13736
f 13737 12821 13736
f 12823 12821 13737
f 13738 12823 13737
f 12825 12823 13738
f 13739 12825 13738
f 12827 12825 13739
f 13740 12827 13739
f 12829 12827 13740
f 13741 12829 13740
f 12831 12829 13741
f 13742 12831 13741
f 12833 12831 13742
f 13743 12833 13742
f 12835 12833 13743
f 13744 12835 13743
f 12838 12835 13744
f 13745 12838 13744
f 12840 12838 13745
f 13746 12840 13745
f 12842 12840 13746
f 13747 12842 13746
f 12844 12842 13747
f 13748 12844 13747
f 12846 12844 13748
f 13749 12846 13748
f 12848 12846 13749
f 13750 12848 13749
f 12850 12848 13750
f 13751 12850 13750
f 12852 12850 13751
f 13752 12852 13751
f 12854 12852 13752
f 13753 12854 13752
f 12857 12854 13753
f 13754 12857 13753
f 12859 12857 13754
f 13755 12859 13754
f 12861 12859 13755
f 13756 12861 13755
f 12863 12861 13756
f 13757 12863 13756
f 12865 12863 13757
f 13758 12865 13757
f 12867 12865 13758
f 13759 12867 13758
f 12869 12867 13759
f 13760 12869 13759
f 12871 12869 13760
f 13761 12871 13760
f 12874 12871 13761
f 13762 12874 13761
f 12876 12874 13762
f 13763 12876 13762
f 12878 12876 13763
f 13764 12878 13763
f 12880 12878 13764
f 13765 12880 13764
f 12882 12880 13765
f 13766 12882 13765
f 12884 12882 13766
f 13767 12884 13766
f 12886 12884 13767
f 13768 12886 13767
f 12888 12886 13768
f 13769 12888 13768
f 12890 12888 13769
f 13770 12890 13769
f 12892 12890 13770
f 13771 12892 13770
f 12895 12892 13771
f 13772 12895 13771
f 12897 12895 13772
f 13773 12897 13772
f 12899 12897 13773
f 13774 12899 13773
f 12901 12899 13774
f 13775 12901 13774
f 12903 12901 13775
f 13776 12903 13775
f 12905 12903 13776
f 13777 12905 13776
f 12907 12905 13777
f 13778 12907 13777
f 12909 12907 13778
f 13779 12909 13778
f 12911 12909 13779
f 13780 12911 13779
f 12914 12911 13780
f 13781 12914 13780
f 12916 12914 13781
f 13782 12916 13781
f 12918 12916 13782
f 13783 12918 13782
f 12920 12918 13783
f 13784 12920 13783
f 12922 12920 13784
f 13785 12922 13784
f 12924 12922 13785
f 13786 12924 13785
f 12926 12924 13786
f 13787 12926 13786
f 12928 12926 13787
f 13788 12928 13787
f 12930 12928 13788
f 13789 12930 13788
f 12932 12930 13789
f 13790 12932 13789
f 12935 12932 13790
f 13791 12935 13790
f 12937 12935 13791
f 13792 12937 13791
f 12939 12937 13792
f 13793 12939 13792
f 12941 12939 13793
f 13794 12941 13793
f 12943 12941 13794
f 13795 12943 13794
f 12945 12943 13795
f 13796 12945 13795
f 12947 12945 13796
f 13797 12947 13796
f 12949 12947 13797
f 13798 12949 13797
f 12951 12949 13798
f 13799 12951 13798
f 12954 12951 13799
f 13800 12954 13799
f 12956 12954 13800
f 13801 12956 13800
f 12958 12956 13801
f 13802 12958 13801
f 12960 12958 13802
f 13803 12960 13802
f 12962 12960 13803
f 13804 12962 13803
f 12964 12962 13804
f 13805 12964 13804
f 12966 12964 13805
f 13806 12966 13805
f 12968 12966 13806
f 13807 12968 13806
f 12970 12968 13807
f 13808 12970 13807
f 12973 12970 13808
f 13809 12973 13808
f 12975 12973 13809
f 13810 12975 13809
f 12977 12975 13810
f 13811 12977 13810
f 12979 12977 13811
f 13812 12979 13811
f 12981 12979 13812
f 13813 12981 13812
f 12983 12981 13813
f 13814 12983 13813
f 12985 12983 13814
f 13815 12985 13814
f 12987 12985 13815
f 13816 12987 13815
f 12989 12987 13816
f 13817 12989 13816
f 12992 12989 13817
f 13818 12992 13817
f 12994 12992 13818
f 13819 12994 13818
f 12996 12994 13819
f 13820 12996 13819
f 12998 12996 13820
f 13821 12998 13820
f 13000 12998 13821
f 13822 13000 13821
f 13002 13000 13822
f 13823 13002 13822
f 13004 13002 13823
f 13824 13004 13823
f 13006 13004 13824
f 13825 13006 13824
f 13009 13006 13825
f 13826 13009 13825
f 13011 13009 13826
f 13827 13011 13826
f 13013 13011 13827
f 13828 13013 13827
f 13015 13013 13828
f 13829 13015 13828
f 13017 13015 13829
f 13830 13017 13829
f 13019 13017 13830
f 13831 13019 13830
f 13021 13019 13831
f 13832 13021 13831
f 13023 13021 13832
f 13833 13023 13832
f 13026 13023 13833
f 13834 13026 13833
f 13028 13026 13834
f 13835 13028 13834
f 13030 13028 13835
f 13836 13030 13835
f 13032 13030 13836
f 13837 13032 13836
f 13034 13032 13837
f 13838 13034 13837
f 13036 13034 13838
f 13839 13036 13838
f 13038 13036 13839
f 13840 13038 13839
f 13040 13038 13840
f 13841 13040 13840
f 13042 13040 13841
f 13842 13042 13841
f 13045 13042 13842
f 13843 13045 13842
f 13047 13045 13843
f 13844 13047 13843
f 13049 13047 13844
f 13845 13049 13844
f 13051 13049 13845
f 13846 13051 13845
f 13053 13051 13846
f 13847 13053 13846
f 13055 13053 13847
f 13848 13055 13847
f 13057 13055 13848
f 13849 13057 13848
f 13059 13057 13849
f 13850 13059 13849
f 13061 13059 13850
f 13851 13061 13850
f 13064 13061 13851
f 13852 13064 13851
f 13066 13064 13852
f 13853 13066 13852
f 13068 13066 13853
f 13854 13068 13853
f 13070 13068 13854
f 13855 13070 13854
f 13072 13070 13855
f 13856 13072 13855
f 13074 13072 13856
f 13857 13074 13856
f 13076 13074 13857
f 13858 13076 13857
f 13078 13076 13858
f 13859 13078 13858
f 13080 13078 13859
f 13860 13080 13859
f 13083 13080 13860
f 13861 13083 13860
f 13085 13083 13861
f 13862 13085 13861
f 13087 13085 13862
f 13863 13087 13862
f 13089 13087 13863
f 13864 13089 13863
f 13091 13089 13864
f 13865 13091 13864
f 13093 13091 13865
f 13866 13093 13865
f 13095 13093 13866
f 13867 13095 13866
f 13097 13095 13867
f 13868 13097 13867
f 13099 13097 13868
f 13869 13099 13868
f 13101 13099 13869
f 13870 13101 13869
f 13104 13101 13870
f 13871 13104 13870
f 13106 13104 13871
f 13872 13106 13871
f 13108 13106 13872
f 13873 13108 13872
f 13110 13108 13873
f 13874 13110 13873
f 13112 13110 13874
f 13875 13112 13874
f 13114 13112 13875
f 13876 13114 13875
f 13116 13114 13876
f 13877 13116 13876
f 13118 13116 13877
f 13878 13118 13877
f 13120 13118 13878
f 13879 13120 13878
f 13123 13120 13879
f 13880 13123 13879
f 13125 13123 13880
f 13881 13125 13880
f 13127 13125 13881
f 13882 13127 13881
f 13129 13127 13882
f 13883 13129 13882
f 13131 13129 13883
f 13884 13131 13883
f 13133 13131 13884
f 13885 13133 13884
f 13135 13133 13885
f 13886 13135 13885
f 13137 13135 13886
f 13887 13137 13886
f 13139 13137 13887
f 13888 13139 13887
f 13142 13139 13888
f 13889 13142 13888
f 13144 13142 13889
f 13890 13144 13889
f 13146 13144 13890
f 13891 13146 13890
f 13148 13146 13891
f 13892 13148 13891
f 13150 13148 13892
f 13893 13150 13892
f 13152 13150 13893
f 13894 13152 13893
f 13154 13152 13894
f 13895 13154 13894
f 13156 13154 13895
f 13896 13156 13895
f 13158 13156 13896
f 13897 13158 13896
f 13161 13158 13897
f 13898 13161 13897
f 13163 13161 13898
f 13899 13163 13898
f 13165 13163 13899
f 13900 13165 13899
f 13167 13165 13900
f 13901 13167 13900
f 13169 13167 13901
f 13902 13169 13901
f 13171 13169 13902
f 13903 13171 13902
f 13173 13171 13903
f 13904 13173 13903
f 13175 13173 13904
f 13905 13175 13904
f 13177 13175 13905
f 13906 13177 13905
f 13180 13177 13906
f 13907 13180 13906
f 13182 13180 13907
f 13908 13182 13907
f 13184 13182 13908
f 13909 13184 13908
f 13186 13184 13909
f 13910 13186 13909
f 13188 13186 13910
f 13911 13188 13910
f 13190 13188 13911
f 13912 13190 13911
f 13192 13190 13912
f 13913 13192 13912
f 13194 13192 13913
f 13914 13194 13913
f 13197 13194 13914
f 13915 13197 13914
f 13199 13197 13915
f 13916 13199 13915
f 13201 13199 13916
f 13917 13201 13916
f 13203 13201 13917
f 13918 13203 13917
f 13205 13203 13918
f 13919 13205 13918
f 13207 13205 13919
f 13920 13207 13919
f 13209 13207 13920
f 13921 13209 13920
f 13211 13209 13921
f 13922 13211 13921
f 13213 13211 13922
f 13923 13213 13922
f 13216 13213 13923
f 13924 13216 13923
f 13218 13216 13924
f 13925 13218 13924
f 13220 13218 13925
f 13926 13220 13925
f 13222 13220 13926
f 13927 13222 13926
f 13224 13222 13927
f 13928 13224 13927
f 13226 13224 13928
f 13929 13226 13928
f 13228 13226 13929
f 13930 13228 13929
f 13230 13228 13930
f 13931 13230 13930
f 13233 13230 13931
f 13932 13233 13931
f 13235 13233 13932
f 13933 13235 13932
f 13237 13235 13933
f 13934 13237 13933
f 13239 13237 13934
f 13935 13239 13934
f 13241 13239 13935
f 13936 13241 13935
f 13243 13241 13936
f 13937 13243 13936
f 13245 13243 13937
f 13938 13245 13937
f 13247 13245 13938
f 13939 13247 13938
f 13249 13247 13939
f 13940 13249 13939
f 13252 13249 13940
f 13941 13252 13940
f 13254 13252 13941
f 13942 13254 13941
f 13256 13254 13942
f 13943 13256 13942
f 13258 13256 13943
f 13944 13258 13943
f 13260 13258 13944
f 13945 13260 13944
f 13262 13260 13945
f 13946 13262 13945
f 13264 13262 13946
f 13947 13264 13946
f 13266 13264 13947
f 13948 13266 13947
f 13268 13266 13948
f 13949 13268 13948
f 13270 13268 13949
f 13950 13270 13949
f 13273 13270 13950
f 13951 13273 13950
f 13275 13273 13951
f 13952 13275 13951
f 13277 13275 13952
f 13953 13277 13952
f 13279 13277 13953
f 13954 13279 13953
f 13281 13279 13954
f 13955 13281 13954
f 13284 13281 13955
f 13956 13284 13955
f 13286 13284 13956
f 13957 13286 13956
f 13288 13286 13957
f 13718 13288 13957
f 13958 13959 13290
f 13958 13292 13960
f 13289 13958 13290
f 13289 13292 13958
f 13291 13290 13347
f 13347 13290 13959
f 13961 13960 13292
f 13962 13963 13379
f 13962 13379 13376
f 13303 13305 13963
f 13303 13963 13962
f 13964 13965 13966
f 13315 13967 13964
f 13964 13967 13965
f 13315 13314 13967
f 13968 13309 13308
f 13968 13969 13309
f 13304 13970 13306
f 13971 13972 13973
f 13971 13973 13970
f 13971 13970 13304
f 13974 13975 13972
f 13974 13972 13971
f 13976 13975 13974
f 13977 13978 13975
f 13977 13975 13976
f 13979 13980 13978
f 13979 13978 13977
f 13981 13982 13980
f 13981 13980 13979
f 13983 13345 13982
f 13983 13982 13981
f 13343 13345 13983
f 13348 13959 13984
f 13348 13347 13959
f 13985 13354 13353
f 13985 13986 13354
f 13987 13988 13985
f 13985 13988 13986
f 13341 13989 13344
f 13990 13427 13989
f 13990 13989 13341
f 13425 13427 13990
f 13991 13405 13389
f 13991 13389 13992
f 13371 13406 13405
f 13371 13370 13406
f 13371 13405 13991
f 13311 13371 13336
f 13330 13336 13371
f 13965 13371 13991
f 13965 13330 13371
f 13314 13330 13965
f 13967 13314 13965
f 13383 13993 13994
f 13383 13382 13993
f 13995 13389 13388
f 13996 13992 13995
f 13995 13992 13389
f 13996 13991 13992
f 13997 13998 13999
f 14000 14001 13998
f 14000 13998 13997
f 14002 14003 14001
f 14002 14001 14000
f 14004 13380 14003
f 14004 14003 14002
f 13378 13380 14004
f 14005 14006 13414
f 13414 14006 13413
f 13413 14006 14007
f 13413 14007 13993
f 13413 13993 13385
f 13385 13993 13382
f 14008 14005 13414
f 13437 14009 14010
f 14010 14009 14011
f 14011 14009 14012
f 13437 13436 14009
f 14013 13431 13430
f 14013 14014 13431
f 13426 14015 13428
f 14016 14017 14015
f 14016 14015 13426
f 14018 14019 14017
f 14018 14017 14016
f 14020 13999 14019
f 14020 14019 14018
f 13997 13999 14020
f 14012 14009 13436
f 13454 14012 13436
f 13461 13454 13455
f 13461 13455 13433
f 13461 14012 13454
f 13988 14012 13461
f 13354 13986 13988
f 13366 13988 13461
f 13366 13354 13988
f 13368 13366 13461
f 13350 13368 13461
f 13470 13720 12796
f 13470 12796 12786
f 13469 13721 13720
f 13469 13720 13470
f 13468 13722 13721
f 13468 13721 13469
f 13467 13723 13722
f 13467 13722 13468
f 13466 13723 13467
f 13724 13723 13466
f 13465 13724 13466
f 13725 13724 13465
f 13464 13725 13465
f 13726 13725 13464
f 13463 13726 13464
f 13727 13726 13463
f 13462 13727 13463
f 13728 13727 13462
f 13479 13728 13462
f 13478 13729 13728
f 13478 13728 13479
f 13477 13730 13729
f 13477 13729 13478
f 13476 13731 13730
f 13476 13730 13477
f 13475 13731 13476
f 13732 13731 13475
f 13474 13732 13475
f 13733 13732 13474
f 13473 13733 13474
f 13734 13733 13473
f 13472 13734 13473
f 13735 13734 13472
f 13471 13735 13472
f 13736 13735 13471
f 13488 13736 13471
f 13487 13737 13736
f 13487 13736 13488
f 13486 13738 13737
f 13486 13737 13487
f 13485 13739 13738
f 13485 13738 13486
f 13484 13740 13739
f 13484 13739 13485
f 13483 13740 13484
f 13741 13740 13483
f 13482 13741 13483
f 13742 13741 13482
f 13481 13742 13482
f 13743 13742 13481
f 13480 13743 13481
f 13480 13744 13743
f 13497 13744 13480
f 13745 13744 13497
f 13496 13745 13497
f 13495 13745 13496
f 13495 13746 13745
f 13494 13746 13495
f 13494 13747 13746
f 13493 13747 13494
f 13493 13748 13747
f 13492 13748 13493
f 13492 13749 13748
f 13491 13750 13749
f 13491 13749 13492
f 13490 13751 13750
f 13490 13750 13491
f 13489 13752 13751
f 13489 13751 13490
f 13506 13752 13489
f 13753 13752 13506
f 13505 13753 13506
f 13504 13754 13753
f 13504 13753 13505
f 13503 13755 13754
f 13503 13754 13504
f 13502 13756 13755
f 13502 13755 13503
f 13501 13757 13756
f 13501 13756 13502
f 13500 13758 13757
f 13500 13757 13501
f 13499 13759 13758
f 13499 13758 13500
f 13498 13760 13759
f 13498 13759 13499
f 13515 13761 13760
f 13515 13760 13498
f 13514 13761 13515
f 13762 13761 13514
f 13513 13762 13514
f 13512 13763 13762
f 13512 13762 13513
f 13511 13764 13763
f 13511 13763 13512
f 13510 13765 13764
f 13510 13764 13511
f 13509 13765 13510
f 13509 13766 13765
f 13508 13766 13509
f 13508 13767 13766
f 13507 13767 13508
f 13507 13768 13767
f 13524 13768 13507
f 13524 13769 13768
f 13523 13769 13524
f 13770 13769 13523
f 13522 13770 13523
f 13521 13770 13522
f 13521 13771 13770
f 13520 13771 13521
f 13520 13772 13771
f 13519 13772 13520
f 13519 13773 13772
f 13518 13773 13519
f 13518 13774 13773
f 13517 13774 13518
f 13517 13775 13774
f 13516 13775 13517
f 13516 13776 13775
f 13533 13776 13516
f 13533 13777 13776
f 13532 13777 13533
f 13532 13778 13777
f 13531 13778 13532
f 13779 13778 13531
f 13530 13779 13531
f 13529 13779 13530
f 13529 13780 13779
f 13528 13780 13529
f 13528 13781 13780
f 13527 13782 13781
f 13527 13781 13528
f 13526 13783 13782
f 13526 13782 13527
f 13525 13784 13783
f 13525 13783 13526
f 13542 13785 13784
f 13542 13784 13525
f 13541 13786 13785
f 13541 13785 13542
f 13540 13786 13541
f 13787 13786 13540
f 13539 13787 13540
f 13538 13788 13787
f 13538 13787 13539
f 13537 13789 13788
f 13537 13788 13538
f 13536 13789 13537
f 13536 13790 13789
f 13535 13790 13536
f 13535 13791 13790
f 13534 13791 13535
f 13534 13792 13791
f 13551 13792 13534
f 13551 13793 13792
f 13550 13793 13551
f 13550 13794 13793
f 13549 13794 13550
f 13795 13794 13549
f 13548 13795 13549
f 13796 13795 13548
f 13547 13796 13548
f 13546 13796 13547
f 13546 13797 13796
f 13545 13797 13546
f 13545 13798 13797
f 13544 13798 13545
f 13544 13799 13798
f 13543 13799 13544
f 13543 13800 13799
f 13560 13800 13543
f 13560 13801 13800
f 13559 13801 13560
f 13559 13802 13801
f 13558 13802 13559
f 13558 13803 13802
f 13557 13803 13558
f 13804 13803 13557
f 13556 13804 13557
f 13805 13804 13556
f 13555 13805 13556
f 13554 13805 13555
f 13554 13806 13805
f 13807 13806 13554
f 13553 13807 13554
f 13808 13807 13553
f 13552 13808 13553
f 13569 13808 13552
f 13569 13809 13808
f 13568 13809 13569
f 13568 13810 13809
f 13567 13810 13568
f 13567 13811 13810
f 13566 13811 13567
f 13566 13812 13811
f 13565 13812 13566
f 13813 13812 13565
f 13564 13813 13565
f 13814 13813 13564
f 13563 13814 13564
f 13815 13814 13563
f 13562 13815 13563
f 13816 13815 13562
f 13561 13816 13562
f 13817 13816 13561
f 13578 13817 13561
f 13577 13817 13578
f 13577 13818 13817
f 13576 13819 13818
f 13576 13818 13577
f 13575 13820 13819
f 13575 13819 13576
f 13574 13820 13575
f 13821 13820 13574
f 13573 13821 13574
f 13822 13821 13573
f 13572 13822 13573
f 13823 13822 13572
f 13571 13823 13572
f 13824 13823 13571
f 13570 13824 13571
f 13825 13824 13570
f 13587 13825 13570
f 13586 13826 13825
f 13586 13825 13587
f 13585 13827 13826
f 13585 13826 13586
f 13584 13828 13827
f 13584 13827 13585
f 13583 13829 13828
f 13583 13828 13584
f 13582 13829 13583
f 13830 13829 13582
f 13581 13831 13830
f 13581 13830 13582
f 13580 13832 13831
f 13580 13831 13581
f 13579 13833 13832
f 13579 13832 13580
f 13596 13833 13579
f 13834 13833 13596
f 13595 13834 13596
f 13594 13835 13834
f 13594 13834 13595
f 13593 13836 13835
f 13593 13835 13594
f 13592 13837 13836
f 13592 13836 13593
f 13591 13838 13837
f 13591 13837 13592
f 13590 13838 13591
f 13590 13839 13838
f 13589 13839 13590
f 13589 13840 13839
f 13588 13840 13589
f 13588 13841 13840
f 13605 13841 13588
f 13842 13841 13605
f 13604 13842 13605
f 13603 13842 13604
f 13603 13843 13842
f 13602 13844 13843
f 13602 13843 13603
f 13601 13845 13844
f 13601 13844 13602
f 13600 13846 13845
f 13600 13845 13601
f 13599 13847 13846
f 13599 13846 13600
f 13598 13848 13847
f 13598 13847 13599
f 13597 13849 13848
f 13597 13848 13598
f 13614 13850 13849
f 13614 13849 13597
f 13613 13850 13614
f 13851 13850 13613
f 13612 13851 13613
f 13611 13852 13851
f 13611 13851 13612
f 13610 13853 13852
f 13610 13852 13611
f 13609 13854 13853
f 13609 13853 13610
f 13608 13855 13854
f 13608 13854 13609
f 13607 13856 13855
f 13607 13855 13608
f 13606 13857 13856
f 13606 13856 13607
f 13623 13858 13857
f 13623 13857 13606
f 13622 13858 13623
f 13859 13858 13622
f 13621 13859 13622
f 13620 13860 13859
f 13620 13859 13621
f 13619 13861 13860
f 13619 13860 13620
f 13618 13861 13619
f 13618 13862 13861
f 13617 13862 13618
f 13617 13863 13862
f 13616 13863 13617
f 13616 13864 13863
f 13615 13864 13616
f 13615 13865 13864
f 13632 13865 13615
f 13632 13866 13865
f 13631 13866 13632
f 13631 13867 13866
f 13630 13867 13631
f 13868 13867 13630
f 13629 13868 13630
f 13628 13868 13629
f 13628 13869 13868
f 13627 13869 13628
f 13627 13870 13869
f 13626 13870 13627
f 13626 13871 13870
f 13625 13871 13626
f 13625 13872 13871
f 13624 13872 13625
f 13624 13873 13872
f 13641 13873 13624
f 13641 13874 13873
f 13640 13874 13641
f 13640 13875 13874
f 13639 13875 13640
f 13876 13875 13639
f 13638 13876 13639
f 13637 13877 13876
f 13637 13876 13638
f 13636 13878 13877
f 13636 13877 13637
f 13635 13879 13878
f 13635 13878 13636
f 13634 13880 13879
f 13634 13879 13635
f 13633 13881 13880
f 13633 13880 13634
f 13650 13882 13881
f 13650 13881 13633
f 13649 13883 13882
f 13649 13882 13650
f 13648 13884 13883
f 13648 13883 13649
f 13647 13884 13648
f 13885 13884 13647
f 13646 13885 13647
f 13645 13885 13646
f 13645 13886 13885
f 13644 13886 13645
f 13644 13887 13886
f 13643 13887 13644
f 13643 13888 13887
f 13642 13888 13643
f 13642 13889 13888
f 13659 13889 13642
f 13659 13890 13889
f 13658 13890 13659
f 13658 13891 13890
f 13657 13891 13658
f 13657 13892 13891
f 13656 13892 13657
f 13893 13892 13656
f 13655 13893 13656
f 13894 13893 13655
f 13654 13894 13655
f 13895 13894 13654
f 13653 13895 13654
f 13896 13895 13653
f 13652 13896 13653
f 13897 13896 13652
f 13651 13897 13652
f 13668 13897 13651
f 13668 13898 13897
f 13667 13898 13668
f 13667 13899 13898
f 13666 13899 13667
f 13666 13900 13899
f 13665 13900 13666
f 13665 13901 13900
f 13664 13901 13665
f 13902 13901 13664
f 13663 13902 13664
f 13903 13902 13663
f 13662 13903 13663
f 13904 13903 13662
f 13661 13904 13662
f 13905 13904 13661
f 13660 13905 13661
f 13906 13905 13660
f 13677 13906 13660
f 13676 13907 13906
f 13676 13906 13677
f 13675 13908 13907
f 13675 13907 13676
f 13674 13909 13908
f 13674 13908 13675
f 13673 13909 13674
f 13673 13910 13909
f 13672 13910 13673
f 13911 13910 13672
f 13671 13911 13672
f 13912 13911 13671
f 13670 13912 13671
f 13913 13912 13670
f 13669 13913 13670
f 13914 13913 13669
f 13686 13914 13669
f 13685 13914 13686
f 13685 13915 13914
f 13684 13915 13685
f 13684 13916 13915
f 13683 13916 13684
f 13683 13917 13916
f 13682 13917 13683
f 13682 13918 13917
f 13681 13918 13682
f 13681 13919 13918
f 13680 13920 13919
f 13680 13919 13681
f 13679 13921 13920
f 13679 13920 13680
f 13678 13922 13921
f 13678 13921 13679
f 13695 13922 13678
f 13923 13922 13695
f 13694 13923 13695
f 13693 13924 13923
f 13693 13923 13694
f 13692 13925 13924
f 13692 13924 13693
f 13691 13926 13925
f 13691 13925 13692
f 13690 13927 13926
f 13690 13926 13691
f 13689 13928 13927
f 13689 13927 13690
f 13688 13929 13928
f 13688 13928 13689
f 13687 13930 13929
f 13687 13929 13688
f 13704 13930 13687
f 13931 13930 13704
f 13703 13931 13704
f 13702 13932 13931
f 13702 13931 13703
f 13701 13933 13932
f 13701 13932 13702
f 13700 13933 13701
f 13700 13934 13933
f 13699 13934 13700
f 13699 13935 13934
f 13698 13935 13699
f 13698 13936 13935
f 13697 13936 13698
f 13697 13937 13936
f 13696 13938 13937
f 13696 13937 13697
f 13716 13939 13938
f 13716 13938 13696
f 13715 13939 13716
f 13940 13939 13715
f 13714 13940 13715
f 13713 13941 13940
f 13713 13940 13714
f 13712 13942 13941
f 13712 13941 13713
f 13710 13943 13942
f 13710 13942 13712
f 13708 13944 13943
f 13708 13943 13710
f 13707 13945 13944
f 13707 13944 13708
f 13717 13946 13945
f 13717 13945 13707
f 14021 13947 13946
f 14021 13946 13717
f 14022 13948 13947
f 14022 13947 14021
f 14023 13949 13948
f 14023 13948 14022
f 14024 13950 13949
f 14024 13949 14023
f 14025 13951 13950
f 14025 13950 14024
f 14026 13951 14025
f 13952 13951 14026
f 14027 13952 14026
f 13953 13952 14027
f 14028 13953 14027
f 13954 13953 14028
f 14029 13954 14028
f 13955 13954 14029
f 14030 13955 14029
f 14031 13956 13955
f 14031 13955 14030
f 14032 13957 13956
f 14032 13956 14031
f 13719 13957 14032
f 13719 13718 13957
f 13706 13977 13717
f 13979 13977 13706
f 13705 13979 13706
f 13981 13979 13705
f 13709 13981 13705
f 13983 13981 13709
f 13711 13342 13343
f 13711 13343 13983
f 13711 13983 13709
f 13340 13342 13711
f 13337 13340 13711
f 13338 13337 13711
f 13287 13990 13341
f 13287 13341 13339
f 13287 13339 13338
f 13287 13338 13711
f 13425 13990 13287
f 13424 13425 13287
f 13420 13424 13287
f 13423 13420 13287
f 14033 13426 13422
f 14033 13422 13421
f 14033 13421 13423
f 14033 13423 13287
f 14034 14016 13426
f 14034 13426 14033
f 14018 14016 14034
f 14035 14018 14034
f 14020 14018 14035
f 14036 14020 14035
f 13997 14020 14036
f 14037 13997 14036
f 13959 14038 13984
f 13958 14039 14038
f 13958 14038 13959
f 13960 14040 14039
f 13960 14039 13958
f 13961 14041 14040
f 13961 14040 13960
f 13961 14042 14041
f 14043 14044 14042
f 14043 14042 13961
f 14045 14046 14044
f 14045 14044 14043
f 13969 13968 14046
f 13969 14046 14045
f 13966 13315 13964
f 13328 13315 13966
f 13963 13305 13333
f 13963 13333 13328
f 13963 13328 13966
f 13996 13963 13966
f 13388 13996 13995
f 13403 13963 13996
f 13403 13996 13388
f 13409 13963 13403
f 13379 13963 13409
f 14047 13997 14037
f 14000 13997 14047
f 14048 14000 14047
f 14002 14000 14048
f 14049 14004 14002
f 14049 14002 14048
f 13378 14004 14049
f 13377 13378 14049
f 13375 13377 14049
f 13372 13375 14049
f 14050 13376 13374
f 14050 13374 13373
f 14050 13373 13372
f 14050 13372 14049
f 13962 13376 14050
f 14051 13298 13302
f 14051 13302 13303
f 14051 13303 13962
f 14051 13962 14050
f 13301 13298 14051
f 13299 13301 14051
f 14052 13304 13300
f 14052 13300 13299
f 14052 13299 14051
f 13971 13304 14052
f 14053 13971 14052
f 13974 13971 14053
f 14054 13974 14053
f 13976 13974 14054
f 14055 13976 14054
f 13977 13976 14055
f 13717 13977 14055
f 13966 13991 13996
f 13966 13965 13991
f 14038 14039 13982
f 13345 14038 13982
f 14040 13980 14039
f 13984 13345 13348
f 13984 14038 13345
f 14041 13978 14040
f 14042 13975 14041
f 14044 13975 14042
f 13972 13975 14044
f 14046 13972 14044
f 13973 13972 14046
f 13970 13973 14046
f 13968 13970 14046
f 13306 13968 13308
f 13306 13970 13968
f 13980 13982 14039
f 13978 13980 14040
f 13975 13978 14041
f 14011 14012 13987
f 14012 13988 13987
f 13987 13985 13353
f 13987 13353 13357
f 13989 13357 13358
f 13989 13358 13344
f 13989 13987 13357
f 13427 13458 13989
f 13451 13989 13458
f 14011 13987 13989
f 14011 13989 13451
f 13437 14011 13451
f 14010 14011 13437
f 13993 14056 13994
f 14007 14057 14056
f 14007 14056 13993
f 14006 14057 14007
f 14005 14058 14057
f 14005 14057 14006
f 14008 14059 14058
f 14008 14058 14005
f 14060 14061 14059
f 14060 14059 14008
f 14062 14063 14061
f 14062 14061 14060
f 14014 14013 14063
f 14014 14063 14062
f 14013 13430 13428
f 14015 14013 13428
f 14063 14013 14015
f 14017 14063 14015
f 14061 14063 14017
f 14059 14061 14019
f 14058 13999 13998
f 14058 14059 13999
f 13380 13383 13994
f 14001 14058 13998
f 14056 13380 13994
f 14057 14058 14001
f 14003 14056 14057
f 14003 14057 14001
f 14019 13999 14059
f 14017 14019 14061
f 14003 13380 14056
f 14054 14021 14055
f 14022 14054 14053
f 14022 14021 14054
f 14052 14022 14053
f 14023 14022 14052
f 14051 14023 14052
f 14024 14023 14051
f 14050 14024 14051
f 14025 14024 14050
f 14049 14025 14050
f 14026 14025 14049
f 14048 14026 14049
f 14027 14026 14048
f 14047 14027 14048
f 14028 14027 14047
f 14037 14028 14047
f 14029 14028 14037
f 14036 14029 14037
f 14030 14029 14036
f 14035 14030 14036
f 14034 14031 14030
f 14034 14030 14035
f 14033 14032 14031
f 14033 14031 14034
f 13287 13719 14032
f 13287 14032 14033
f 14021 13717 14055
f 14064 14065 14066
f 14064 14067 14068
f 14069 14070 14071
f 14069 14072 14073
f 14074 14075 14076
f 14074 14076 14077
f 14074 14077 14078
f 14074 14078 14079
f 14080 14075 14074
f 14080 14074 14079
f 14081 14080 14079
f 14081 14079 14082
f 14081 14075 14080
f 14083 14081 14082
f 14083 14075 14081
f 14084 14082 14085
f 14084 14085 14086
f 14084 14086 14087
f 14084 14087 14088
f 14084 14088 14089
f 14084 14075 14083
f 14084 14083 14082
f 14090 14091 14075
f 14090 14089 14092
f 14090 14075 14084
f 14090 14084 14089
f 14093 14090 14092
f 14093 14091 14090
f 14094 14095 14091
f 14094 14092 14096
f 14094 14091 14093
f 14094 14093 14092
f 14097 14094 14096
f 14097 14095 14094
f 14098 14099 14100
f 14098 14100 14101
f 14098 14101 14095
f 14098 14096 14099
f 14098 14097 14096
f 14098 14095 14097
f 14102 14100 14099
f 14102 14101 14100
f 14102 14066 14101
f 14102 14099 14067
f 14103 14102 14067
f 14103 14066 14102
f 14103 14067 14064
f 14103 14064 14066
f 14104 14064 14068
f 14104 14065 14064
f 14105 14071 14065
f 14105 14065 14104
f 14105 14104 14068
f 14105 14068 14072
f 14106 14105 14072
f 14106 14069 14071
f 14106 14072 14069
f 14106 14071 14105
f 14107 14070 14069
f 14107 14069 14073
f 14108 14109 14070
f 14108 14070 14107
f 14108 14073 14110
f 14108 14107 14073
f 14111 14108 14110
f 14111 14110 14112
f 14111 14109 14108
f 14113 14111 14112
f 14113 14109 14111
f 14114 14115 14116
f 14114 14116 14117
f 14114 14117 14118
f 14114 14118 14119
f 14114 14119 14120
f 14114 14120 14109
f 14114 14109 14113
f 14114 14113 14112
f 14121 14115 14114
f 14121 14114 14112
f 14122 14123 14115
f 14122 14115 14121
f 14122 14121 14112
f 14124 14123 14122
f 14124 14122 14112
f 14125 14126 14127
f 14125 14127 14128
f 14125 14128 14123
f 14125 14112 14126
f 14125 14123 14124
f 14125 14124 14112
f 14129 14066 14065
f 14129 14068 14067
f 14130 14071 14070
f 14130 14073 14072
f 14131 14089 14132
f 14131 14132 14133
f 14131 14133 14134
f 14131 14134 14135
f 14136 14135 14137
f 14136 14131 14135
f 14136 14075 14131
f 14138 14075 14136
f 14138 14136 14137
f 14139 14137 14140
f 14139 14138 14137
f 14139 14075 14138
f 14141 14076 14075
f 14141 14140 14142
f 14141 14142 14143
f 14141 14143 14076
f 14141 14075 14139
f 14141 14139 14140
f 14144 14075 14091
f 14144 14092 14089
f 14144 14089 14131
f 14144 14131 14075
f 14145 14092 14144
f 14145 14144 14091
f 14146 14091 14095
f 14146 14145 14091
f 14146 14096 14092
f 14146 14092 14145
f 14147 14096 14146
f 14147 14146 14095
f 14148 14095 14101
f 14148 14099 14096
f 14148 14149 14099
f 14148 14101 14149
f 14148 14147 14095
f 14148 14096 14147
f 14150 14101 14066
f 14150 14067 14099
f 14150 14099 14149
f 14150 14149 14101
f 14151 14129 14067
f 14151 14066 14129
f 14151 14150 14066
f 14151 14067 14150
f 14152 14068 14129
f 14152 14129 14065
f 14153 14065 14071
f 14153 14152 14065
f 14153 14072 14068
f 14153 14068 14152
f 14154 14153 14071
f 14154 14072 14153
f 14154 14071 14130
f 14154 14130 14072
f 14155 14130 14070
f 14155 14073 14130
f 14156 14070 14109
f 14156 14073 14155
f 14156 14110 14073
f 14156 14155 14070
f 14157 14112 14110
f 14157 14110 14156
f 14157 14156 14109
f 14158 14157 14109
f 14158 14112 14157
f 14159 14160 14161
f 14159 14161 14162
f 14159 14162 14126
f 14159 14126 14112
f 14163 14164 14160
f 14163 14159 14112
f 14163 14160 14159
f 14165 14164 14163
f 14165 14163 14112
f 14166 14167 14164
f 14166 14164 14165
f 14166 14165 14112
f 14168 14109 14120
f 14168 14120 14169
f 14168 14169 14170
f 14168 14170 14171
f 14168 14171 14167
f 14168 14167 14166
f 14168 14112 14158
f 14168 14166 14112
f 14168 14158 14109
f 14172 14173 14174
f 14172 14175 14176
f 14177 14178 14179
f 14177 14180 14181
f 14182 14183 14120
f 14182 14118 14117
f 14182 14119 14118
f 14182 14120 14119
f 14184 14117 14116
f 14184 14183 14182
f 14184 14182 14117
f 14185 14184 14116
f 14185 14183 14184
f 14186 14116 14115
f 14186 14185 14116
f 14186 14183 14185
f 14187 14127 14126
f 14187 14128 14127
f 14187 14123 14128
f 14187 14115 14123
f 14187 14186 14115
f 14187 14183 14186
f 14188 14189 14183
f 14188 14126 14190
f 14188 14187 14126
f 14188 14183 14187
f 14191 14189 14188
f 14191 14188 14190
f 14192 14193 14189
f 14192 14190 14194
f 14192 14189 14191
f 14192 14191 14190
f 14195 14192 14194
f 14195 14193 14192
f 14196 14197 14198
f 14196 14199 14197
f 14196 14198 14193
f 14196 14194 14199
f 14196 14193 14195
f 14196 14195 14194
f 14200 14198 14197
f 14200 14197 14199
f 14200 14174 14198
f 14200 14199 14175
f 14201 14200 14175
f 14201 14174 14200
f 14201 14175 14172
f 14201 14172 14174
f 14202 14172 14176
f 14202 14173 14172
f 14203 14179 14173
f 14203 14173 14202
f 14203 14202 14176
f 14203 14176 14180
f 14204 14203 14180
f 14204 14180 14177
f 14204 14177 14179
f 14204 14179 14203
f 14205 14177 14181
f 14205 14178 14177
f 14206 14207 14178
f 14206 14178 14205
f 14206 14181 14208
f 14206 14205 14181
f 14209 14206 14208
f 14209 14208 14210
f 14209 14207 14206
f 14211 14209 14210
f 14211 14207 14209
f 14212 14077 14076
f 14212 14078 14077
f 14212 14079 14078
f 14212 14082 14079
f 14212 14076 14207
f 14212 14211 14210
f 14212 14207 14211
f 14213 14082 14212
f 14213 14085 14082
f 14213 14212 14210
f 14214 14085 14213
f 14214 14213 14210
f 14215 14086 14085
f 14215 14085 14214
f 14215 14214 14210
f 14216 14087 14086
f 14216 14088 14087
f 14216 14089 14088
f 14216 14210 14089
f 14216 14086 14215
f 14216 14215 14210
f 14217 14174 14173
f 14217 14176 14175
f 14218 14179 14178
f 14218 14181 14180
f 14219 14164 14167
f 14219 14160 14164
f 14219 14161 14160
f 14219 14162 14161
f 14219 14126 14162
f 14220 14219 14167
f 14220 14183 14219
f 14221 14167 14171
f 14221 14183 14220
f 14221 14220 14167
f 14222 14183 14221
f 14222 14221 14171
f 14223 14120 14183
f 14223 14169 14120
f 14223 14170 14169
f 14223 14171 14170
f 14223 14222 14171
f 14223 14183 14222
f 14224 14183 14189
f 14224 14190 14126
f 14224 14126 14219
f 14224 14219 14183
f 14225 14224 14189
f 14225 14190 14224
f 14226 14189 14193
f 14226 14194 14190
f 14226 14190 14225
f 14226 14225 14189
f 14227 14226 14193
f 14227 14194 14226
f 14228 14194 14227
f 14228 14193 14198
f 14228 14199 14194
f 14228 14229 14199
f 14228 14198 14229
f 14228 14227 14193
f 14230 14198 14174
f 14230 14175 14199
f 14230 14199 14229
f 14230 14229 14198
f 14231 14174 14217
f 14231 14217 14175
f 14231 14230 14174
f 14231 14175 14230
f 14232 14217 14173
f 14232 14176 14217
f 14233 14173 14179
f 14233 14176 14232
f 14233 14180 14176
f 14233 14232 14173
f 14234 14180 14233
f 14234 14179 14218
f 14234 14233 14179
f 14234 14218 14180
f 14235 14218 14178
f 14235 14181 14218
f 14236 14178 14207
f 14236 14181 14235
f 14236 14208 14181
f 14236 14235 14178
f 14237 14210 14208
f 14237 14208 14236
f 14237 14236 14207
f 14238 14237 14207
f 14238 14210 14237
f 14239 14132 14089
f 14239 14133 14132
f 14239 14134 14133
f 14239 14089 14210
f 14240 14134 14239
f 14240 14239 14210
f 14241 14135 14134
f 14241 14240 14210
f 14241 14134 14240
f 14242 14135 14241
f 14242 14241 14210
f 14243 14207 14076
f 14243 14135 14242
f 14243 14210 14238
f 14243 14137 14135
f 14243 14140 14137
f 14243 14142 14140
f 14243 14143 14142
f 14243 14076 14143
f 14243 14242 14210
f 14243 14238 14207
f 14244 14245 14246
f 14247 14248 14249
f 14247 14249 14245
f 14247 14245 14244
f 14250 14251 14248
f 14250 14248 14247
f 14252 14253 14251
f 14252 14251 14250
f 14254 14255 14253
f 14254 14253 14252
f 14256 14257 14255
f 14256 14255 14254
f 14258 14259 14257
f 14258 14257 14256
f 14260 14261 14259
f 14260 14259 14258
f 14262 14261 14260
f 14263 14264 14261
f 14263 14261 14262
f 14265 14264 14263
f 14265 14266 14264
f 14267 14268 14266
f 14267 14266 14265
f 14269 14270 14268
f 14269 14268 14267
f 14271 14272 14270
f 14271 14270 14269
f 14273 14274 14272
f 14273 14272 14271
f 14275 14276 14274
f 14275 14274 14273
f 14277 14278 14276
f 14277 14276 14275
f 14279 14280 14278
f 14279 14278 14277
f 14281 14246 14280
f 14281 14280 14279
f 14244 14246 14281
f 14282 14258 14283
f 14284 14260 14282
f 14282 14260 14258
f 14283 14256 14285
f 14258 14256 14283
f 14284 14262 14260
f 14286 14263 14284
f 14284 14263 14262
f 14287 14265 14286
f 14286 14265 14263
f 14285 14254 14288
f 14256 14254 14285
f 14289 14267 14287
f 14287 14267 14265
f 14254 14252 14288
f 14252 14290 14288
f 14289 14269 14267
f 14252 14250 14290
f 14289 14291 14269
f 14250 14292 14290
f 14291 14271 14269
f 14250 14247 14292
f 14247 14293 14292
f 14271 14294 14273
f 14291 14294 14271
f 14244 14295 14247
f 14247 14295 14293
f 14281 14296 14244
f 14244 14296 14295
f 14273 14297 14275
f 14294 14297 14273
f 14281 14298 14296
f 14279 14298 14281
f 14297 14299 14275
f 14275 14299 14277
f 14279 14300 14298
f 14299 14300 14277
f 14277 14300 14279
f 14301 14251 14302
f 14303 14248 14301
f 14301 14248 14251
f 14302 14253 14304
f 14251 14253 14302
f 14303 14249 14248
f 14305 14245 14303
f 14303 14245 14249
f 14306 14246 14305
f 14305 14246 14245
f 14253 14255 14304
f 14255 14307 14304
f 14308 14280 14306
f 14306 14280 14246
f 14255 14257 14307
f 14308 14309 14280
f 14257 14310 14307
f 14309 14278 14280
f 14257 14259 14310
f 14309 14311 14278
f 14259 14312 14310
f 14311 14276 14278
f 14259 14261 14312
f 14261 14313 14312
f 14311 14314 14276
f 14314 14274 14276
f 14264 14315 14261
f 14261 14315 14313
f 14264 14316 14315
f 14264 14266 14316
f 14274 14317 14272
f 14314 14317 14274
f 14266 14318 14316
f 14268 14318 14266
f 14317 14319 14272
f 14272 14319 14270
f 14268 14320 14318
f 14319 14320 14270
f 14270 14320 14268
f 14298 14321 14296
f 14296 14321 14322
f 14300 14323 14298
f 14298 14323 14321
f 14299 14324 14300
f 14300 14324 14323
f 14297 14325 14299
f 14299 14325 14324
f 14294 14326 14297
f 14297 14326 14325
f 14291 14327 14294
f 14294 14327 14326
f 14289 14328 14291
f 14291 14328 14327
f 14287 14329 14289
f 14289 14329 14328
f 14287 14330 14329
f 14287 14286 14330
f 14286 14331 14330
f 14286 14332 14331
f 14284 14332 14286
f 14282 14333 14284
f 14284 14333 14332
f 14283 14334 14282
f 14282 14334 14333
f 14285 14335 14283
f 14283 14335 14334
f 14288 14336 14285
f 14285 14336 14335
f 14290 14337 14288
f 14288 14337 14336
f 14292 14338 14290
f 14290 14338 14337
f 14293 14339 14292
f 14292 14339 14338
f 14295 14340 14293
f 14293 14340 14339
f 14295 14296 14340
f 14296 14322 14340
f 14306 14305 14341
f 14306 14341 14342
f 14343 14308 14306
f 14343 14306 14342
f 14309 14308 14343
f 14344 14309 14343
f 14311 14309 14344
f 14314 14311 14345
f 14346 14314 14345
f 14319 14317 14347
f 14348 14319 14347
f 14349 14320 14348
f 14318 14320 14349
f 14350 14318 14349
f 14351 14318 14350
f 14316 14318 14351
f 14352 14316 14351
f 14353 14352 14351
f 14354 14345 14311
f 14355 14344 14345
f 14355 14311 14344
f 14355 14354 14311
f 14355 14345 14354
f 14356 14317 14314
f 14356 14314 14346
f 14357 14346 14347
f 14357 14356 14346
f 14357 14317 14356
f 14357 14347 14317
f 14358 14320 14319
f 14358 14319 14348
f 14358 14348 14320
f 14315 14352 14353
f 14315 14316 14352
f 14359 14313 14315
f 14359 14315 14353
f 14312 14313 14359
f 14360 14312 14359
f 14310 14312 14360
f 14307 14310 14361
f 14362 14307 14361
f 14302 14304 14363
f 14364 14302 14363
f 14365 14301 14364
f 14303 14301 14365
f 14366 14303 14365
f 14367 14303 14366
f 14305 14303 14367
f 14341 14305 14367
f 14342 14341 14367
f 14368 14361 14310
f 14369 14360 14361
f 14369 14310 14360
f 14369 14368 14310
f 14369 14361 14368
f 14370 14304 14307
f 14370 14307 14362
f 14371 14362 14363
f 14371 14370 14362
f 14371 14304 14370
f 14371 14363 14304
f 14372 14301 14302
f 14372 14302 14364
f 14372 14364 14301
f 14373 14374 14375
f 14373 14375 14376
f 14373 14376 14377
f 14373 14377 14322
f 14321 14373 14322
f 14378 14373 14321
f 14379 14378 14321
f 14323 14379 14321
f 14380 14379 14323
f 14381 14380 14324
f 14325 14381 14324
f 14382 14383 14326
f 14327 14382 14326
f 14329 14384 14328
f 14385 14384 14329
f 14330 14385 14329
f 14386 14385 14330
f 14387 14386 14330
f 14388 14387 14330
f 14389 14388 14330
f 14331 14389 14330
f 14390 14380 14323
f 14391 14323 14324
f 14391 14324 14380
f 14391 14380 14390
f 14391 14390 14323
f 14392 14383 14381
f 14392 14381 14325
f 14393 14325 14326
f 14393 14392 14325
f 14393 14383 14392
f 14393 14326 14383
f 14394 14384 14382
f 14394 14327 14328
f 14394 14382 14327
f 14394 14328 14384
f 14395 14389 14331
f 14395 14388 14389
f 14395 14387 14388
f 14395 14386 14387
f 14332 14395 14331
f 14396 14395 14332
f 14397 14396 14332
f 14333 14397 14332
f 14398 14397 14333
f 14399 14398 14334
f 14335 14399 14334
f 14400 14401 14336
f 14337 14400 14336
f 14339 14402 14338
f 14403 14402 14339
f 14340 14403 14339
f 14374 14403 14340
f 14375 14374 14340
f 14376 14375 14340
f 14377 14376 14340
f 14322 14377 14340
f 14404 14398 14333
f 14405 14333 14334
f 14405 14334 14398
f 14405 14404 14333
f 14405 14398 14404
f 14406 14401 14399
f 14406 14399 14335
f 14407 14335 14336
f 14407 14406 14335
f 14407 14401 14406
f 14407 14336 14401
f 14408 14402 14400
f 14408 14337 14338
f 14408 14400 14337
f 14408 14338 14402
f 14351 14409 14353
f 14350 14410 14351
f 14351 14410 14409
f 14350 14349 14410
f 14349 14411 14410
f 14349 14348 14411
f 14348 14412 14411
f 14348 14347 14412
f 14347 14413 14412
f 14347 14346 14413
f 14346 14414 14413
f 14346 14345 14414
f 14345 14415 14414
f 14345 14344 14415
f 14344 14416 14415
f 14344 14343 14416
f 14343 14417 14416
f 14343 14418 14417
f 14343 14342 14418
f 14342 14419 14418
f 14342 14367 14419
f 14366 14420 14367
f 14367 14420 14419
f 14366 14365 14420
f 14365 14421 14420
f 14365 14364 14421
f 14364 14422 14421
f 14364 14363 14422
f 14363 14423 14422
f 14363 14362 14423
f 14362 14424 14423
f 14362 14361 14424
f 14361 14425 14424
f 14361 14360 14425
f 14360 14426 14425
f 14359 14427 14360
f 14360 14427 14426
f 14359 14428 14427
f 14359 14353 14428
f 14353 14409 14428
f 14402 14429 14400
f 14403 14430 14402
f 14402 14430 14429
f 14403 14431 14430
f 14400 14432 14401
f 14429 14432 14400
f 14403 14433 14431
f 14403 14374 14433
f 14374 14434 14433
f 14374 14373 14434
f 14432 14435 14401
f 14435 14399 14401
f 14378 14436 14373
f 14373 14436 14434
f 14435 14437 14399
f 14378 14379 14436
f 14437 14398 14399
f 14379 14438 14436
f 14437 14439 14398
f 14379 14380 14438
f 14439 14397 14398
f 14380 14440 14438
f 14439 14441 14397
f 14441 14396 14397
f 14380 14381 14440
f 14381 14442 14440
f 14441 14395 14396
f 14441 14443 14395
f 14443 14386 14395
f 14443 14444 14386
f 14442 14383 14445
f 14381 14383 14442
f 14446 14385 14447
f 14447 14385 14444
f 14444 14385 14386
f 14383 14382 14445
f 14445 14382 14448
f 14446 14384 14385
f 14382 14384 14448
f 14448 14384 14446
f 14434 14418 14449
f 14449 14418 14450
f 14450 14418 14451
f 14451 14418 14419
f 14434 14436 14418
f 14436 14417 14418
f 14417 14438 14416
f 14436 14438 14417
f 14440 14414 14415
f 14440 14442 14414
f 14445 14412 14413
f 14445 14448 14412
f 14448 14446 14411
f 14447 14410 14446
f 14446 14410 14411
f 14447 14444 14410
f 14443 14452 14444
f 14452 14453 14444
f 14453 14454 14444
f 14444 14409 14410
f 14454 14409 14444
f 14440 14455 14438
f 14416 14455 14415
f 14438 14455 14416
f 14415 14455 14440
f 14445 14456 14442
f 14413 14456 14445
f 14414 14457 14413
f 14456 14457 14442
f 14413 14457 14456
f 14442 14457 14414
f 14411 14458 14448
f 14412 14459 14411
f 14411 14459 14458
f 14458 14459 14448
f 14448 14459 14412
f 14454 14428 14409
f 14453 14428 14454
f 14452 14428 14453
f 14443 14428 14452
f 14443 14441 14428
f 14441 14427 14428
f 14427 14439 14426
f 14441 14439 14427
f 14437 14424 14425
f 14437 14435 14424
f 14432 14422 14423
f 14432 14429 14422
f 14429 14430 14421
f 14431 14420 14430
f 14430 14420 14421
f 14431 14433 14420
f 14434 14449 14433
f 14449 14450 14433
f 14450 14451 14433
f 14433 14419 14420
f 14451 14419 14433
f 14426 14460 14425
f 14437 14460 14439
f 14439 14460 14426
f 14425 14460 14437
f 14432 14461 14435
f 14423 14461 14432
f 14424 14462 14423
f 14461 14462 14435
f 14423 14462 14461
f 14435 14462 14424
f 14421 14463 14429
f 14422 14464 14421
f 14421 14464 14463
f 14463 14464 14429
f 14429 14464 14422
f 14465 14466 14467
f 14468 14469 14465
f 14468 14465 14467
f 14470 14471 14469
f 14470 14469 14468
f 14472 14471 14470
f 14473 14472 14470
f 14474 14472 14473
f 14475 14474 14473
f 14476 14474 14475
f 14477 14476 14475
f 14478 14476 14477
f 14479 14478 14477
f 14480 14478 14479
f 14481 14480 14479
f 14482 14483 14480
f 14482 14480 14481
f 14484 14483 14482
f 14485 14483 14484
f 14486 14485 14484
f 14487 14479 14488
f 14481 14479 14487
f 14489 14482 14487
f 14487 14482 14481
f 14488 14477 14490
f 14479 14477 14488
f 14491 14484 14489
f 14489 14484 14482
f 14491 14486 14484
f 14491 14492 14486
f 14490 14475 14493
f 14477 14475 14490
f 14494 14495 14492
f 14492 14495 14486
f 14475 14473 14493
f 14473 14496 14493
f 14497 14498 14494
f 14494 14498 14495
f 14473 14470 14496
f 14497 14499 14498
f 14470 14500 14496
f 14497 14501 14499
f 14470 14468 14500
f 14501 14502 14499
f 14468 14503 14500
f 14501 14504 14502
f 14468 14505 14503
f 14468 14467 14505
f 14504 14506 14502
f 14467 14507 14505
f 14467 14508 14507
f 14504 14509 14506
f 14506 14509 14510
f 14508 14511 14507
f 14512 14511 14508
f 14509 14513 14510
f 14510 14513 14514
f 14512 14515 14511
f 14513 14515 14514
f 14514 14515 14512
f 14516 14472 14517
f 14471 14472 14516
f 14518 14469 14516
f 14516 14469 14471
f 14517 14474 14519
f 14472 14474 14517
f 14520 14465 14518
f 14518 14465 14469
f 14520 14466 14465
f 14520 14521 14466
f 14519 14476 14522
f 14474 14476 14519
f 14521 14523 14466
f 14521 14524 14523
f 14476 14478 14522
f 14478 14525 14522
f 14524 14526 14523
f 14478 14480 14525
f 14524 14527 14526
f 14527 14528 14526
f 14480 14529 14525
f 14480 14483 14529
f 14483 14530 14529
f 14528 14531 14532
f 14527 14531 14528
f 14483 14533 14530
f 14483 14485 14533
f 14531 14534 14532
f 14485 14535 14533
f 14485 14536 14535
f 14531 14537 14534
f 14534 14537 14538
f 14539 14540 14536
f 14536 14540 14535
f 14537 14541 14538
f 14538 14541 14542
f 14539 14543 14540
f 14541 14543 14542
f 14542 14543 14539
f 14536 14485 14486
f 14495 14536 14486
f 14539 14536 14495
f 14498 14539 14495
f 14542 14539 14498
f 14499 14542 14498
f 14538 14542 14499
f 14502 14538 14499
f 14534 14538 14502
f 14506 14534 14502
f 14532 14534 14506
f 14510 14532 14506
f 14528 14532 14510
f 14514 14528 14510
f 14526 14528 14514
f 14512 14526 14514
f 14523 14526 14512
f 14508 14523 14512
f 14466 14523 14508
f 14467 14466 14508
f 14492 14491 14544
f 14492 14544 14545
f 14492 14545 14546
f 14492 14546 14547
f 14492 14547 14548
f 14549 14494 14492
f 14549 14492 14548
f 14550 14497 14494
f 14550 14494 14549
f 14504 14501 14551
f 14552 14504 14551
f 14513 14509 14553
f 14554 14513 14553
f 14555 14511 14515
f 14555 14515 14556
f 14557 14511 14555
f 14507 14511 14557
f 14558 14507 14557
f 14559 14558 14557
f 14560 14559 14557
f 14561 14560 14557
f 14562 14561 14557
f 14563 14501 14497
f 14563 14551 14501
f 14564 14550 14551
f 14564 14497 14550
f 14564 14551 14563
f 14564 14563 14497
f 14565 14509 14504
f 14565 14504 14552
f 14566 14552 14553
f 14566 14565 14552
f 14566 14509 14565
f 14566 14553 14509
f 14567 14515 14513
f 14567 14554 14556
f 14567 14513 14554
f 14567 14556 14515
f 14505 14561 14562
f 14505 14560 14561
f 14505 14559 14560
f 14505 14558 14559
f 14505 14507 14558
f 14568 14503 14505
f 14568 14505 14562
f 14569 14500 14503
f 14569 14503 14568
f 14493 14496 14570
f 14571 14493 14570
f 14488 14490 14572
f 14573 14488 14572
f 14574 14489 14487
f 14574 14487 14575
f 14576 14489 14574
f 14491 14489 14576
f 14544 14491 14576
f 14545 14544 14576
f 14546 14545 14576
f 14547 14546 14576
f 14548 14547 14576
f 14577 14496 14500
f 14577 14570 14496
f 14578 14569 14570
f 14578 14500 14569
f 14578 14577 14500
f 14578 14570 14577
f 14579 14490 14493
f 14579 14493 14571
f 14580 14571 14572
f 14580 14579 14571
f 14580 14490 14579
f 14580 14572 14490
f 14581 14487 14488
f 14581 14573 14575
f 14581 14488 14573
f 14581 14575 14487
f 14582 14583 14535
f 14540 14584 14582
f 14540 14582 14535
f 14543 14585 14584
f 14543 14584 14540
f 14541 14586 14585
f 14541 14585 14543
f 14537 14587 14586
f 14537 14586 14541
f 14531 14588 14587
f 14531 14587 14537
f 14527 14589 14588
f 14527 14588 14531
f 14524 14590 14589
f 14524 14589 14527
f 14521 14590 14524
f 14591 14590 14521
f 14520 14591 14521
f 14592 14591 14520
f 14518 14593 14592
f 14518 14592 14520
f 14516 14594 14593
f 14516 14593 14518
f 14595 14594 14516
f 14517 14595 14516
f 14596 14595 14517
f 14519 14596 14517
f 14597 14596 14519
f 14522 14597 14519
f 14598 14597 14522
f 14525 14598 14522
f 14599 14598 14525
f 14529 14599 14525
f 14530 14600 14599
f 14530 14599 14529
f 14533 14600 14530
f 14583 14600 14533
f 14535 14583 14533
f 14601 14548 14602
f 14603 14549 14601
f 14601 14549 14548
f 14604 14550 14603
f 14603 14550 14549
f 14605 14551 14606
f 14606 14551 14604
f 14604 14551 14550
f 14607 14552 14605
f 14605 14552 14551
f 14608 14553 14607
f 14607 14553 14552
f 14608 14554 14553
f 14609 14556 14608
f 14608 14556 14554
f 14610 14555 14609
f 14609 14555 14556
f 14611 14557 14610
f 14610 14557 14555
f 14611 14562 14557
f 14612 14562 14611
f 14613 14568 14612
f 14612 14568 14562
f 14614 14569 14613
f 14613 14569 14568
f 14615 14570 14616
f 14616 14570 14614
f 14614 14570 14569
f 14617 14571 14615
f 14615 14571 14570
f 14618 14572 14617
f 14617 14572 14571
f 14618 14573 14572
f 14619 14575 14618
f 14618 14575 14573
f 14620 14574 14619
f 14619 14574 14575
f 14602 14576 14620
f 14620 14576 14574
f 14602 14548 14576
f 14599 14621 14598
f 14599 14622 14621
f 14599 14600 14622
f 14600 14623 14622
f 14621 14624 14598
f 14624 14597 14598
f 14600 14625 14623
f 14600 14583 14625
f 14583 14626 14625
f 14624 14627 14597
f 14627 14596 14597
f 14583 14582 14626
f 14582 14628 14626
f 14582 14584 14628
f 14627 14629 14596
f 14629 14595 14596
f 14584 14630 14628
f 14584 14585 14630
f 14629 14631 14595
f 14631 14594 14595
f 14585 14632 14630
f 14631 14593 14594
f 14631 14633 14593
f 14585 14586 14632
f 14633 14592 14593
f 14586 14634 14632
f 14633 14635 14592
f 14635 14591 14592
f 14586 14587 14634
f 14635 14636 14591
f 14587 14637 14634
f 14636 14590 14591
f 14636 14638 14590
f 14587 14588 14637
f 14588 14639 14637
f 14588 14589 14639
f 14639 14589 14638
f 14638 14589 14590
f 14601 14602 14640
f 14601 14640 14641
f 14601 14641 14642
f 14601 14642 14643
f 14601 14643 14644
f 14645 14601 14644
f 14603 14601 14645
f 14646 14603 14645
f 14604 14603 14646
f 14647 14604 14646
f 14605 14606 14648
f 14649 14605 14648
f 14650 14607 14651
f 14608 14607 14650
f 14652 14608 14650
f 14653 14609 14654
f 14610 14609 14653
f 14655 14610 14653
f 14611 14610 14655
f 14656 14611 14655
f 14657 14656 14655
f 14658 14657 14655
f 14659 14658 14655
f 14660 14659 14655
f 14661 14606 14604
f 14661 14604 14647
f 14662 14647 14648
f 14662 14648 14606
f 14662 14661 14647
f 14662 14606 14661
f 14663 14607 14605
f 14663 14649 14651
f 14663 14605 14649
f 14663 14651 14607
f 14664 14609 14608
f 14664 14608 14652
f 14664 14654 14609
f 14665 14652 14654
f 14665 14664 14652
f 14665 14654 14664
f 14612 14659 14660
f 14612 14658 14659
f 14612 14657 14658
f 14612 14656 14657
f 14612 14611 14656
f 14666 14612 14660
f 14613 14612 14666
f 14667 14614 14613
f 14667 14613 14666
f 14615 14616 14668
f 14669 14615 14668
f 14618 14617 14670
f 14671 14618 14670
f 14672 14619 14673
f 14620 14619 14672
f 14674 14620 14672
f 14602 14620 14674
f 14640 14602 14674
f 14641 14640 14674
f 14642 14641 14674
f 14643 14642 14674
f 14644 14643 14674
f 14675 14616 14614
f 14676 14667 14668
f 14676 14614 14667
f 14676 14668 14616
f 14676 14616 14675
f 14676 14675 14614
f 14677 14617 14615
f 14677 14615 14669
f 14678 14669 14670
f 14678 14677 14669
f 14678 14617 14677
f 14678 14670 14617
f 14679 14619 14618
f 14679 14671 14673
f 14679 14618 14671
f 14679 14673 14619
f 14636 14635 14680
f 14681 14636 14680
f 14638 14636 14681
f 14682 14638 14681
f 14639 14638 14682
f 14683 14639 14682
f 14637 14639 14683
f 14684 14637 14683
f 14634 14637 14684
f 14685 14634 14684
f 14686 14632 14634
f 14686 14634 14685
f 14687 14630 14632
f 14687 14632 14686
f 14688 14628 14630
f 14688 14630 14687
f 14689 14628 14688
f 14626 14628 14689
f 14690 14626 14689
f 14625 14626 14690
f 14691 14623 14625
f 14691 14625 14690
f 14622 14623 14691
f 14692 14622 14691
f 14621 14622 14692
f 14693 14621 14692
f 14624 14621 14693
f 14694 14624 14693
f 14627 14624 14694
f 14695 14627 14694
f 14629 14627 14695
f 14696 14629 14695
f 14631 14629 14696
f 14697 14631 14696
f 14698 14631 14697
f 14633 14631 14698
f 14699 14633 14698
f 14635 14633 14699
f 14680 14635 14699
f 14700 14680 14699
f 14667 14701 14702
f 14667 14703 14701
f 14667 14666 14703
f 14702 14704 14668
f 14666 14705 14703
f 14660 14706 14705
f 14704 14707 14669
f 14660 14655 14706
f 14655 14708 14706
f 14655 14653 14708
f 14653 14709 14708
f 14707 14710 14670
f 14653 14654 14709
f 14654 14711 14709
f 14710 14712 14671
f 14712 14673 14671
f 14654 14652 14711
f 14652 14713 14711
f 14712 14672 14673
f 14712 14714 14672
f 14650 14715 14713
f 14714 14674 14672
f 14714 14716 14674
f 14716 14644 14674
f 14651 14717 14715
f 14716 14718 14644
f 14718 14645 14644
f 14649 14719 14717
f 14718 14720 14645
f 14720 14646 14645
f 14648 14721 14719
f 14720 14722 14646
f 14721 14647 14722
f 14722 14647 14646
f 14648 14647 14721
f 14649 14648 14719
f 14651 14649 14717
f 14650 14651 14715
f 14652 14650 14713
f 14666 14660 14705
f 14668 14667 14702
f 14669 14668 14704
f 14670 14669 14707
f 14671 14670 14710
f 14689 14723 14724
f 14689 14724 14690
f 14725 14723 14689
f 14688 14725 14689
f 14726 14725 14688
f 14687 14726 14688
f 14727 14726 14687
f 14686 14727 14687
f 14685 14727 14686
f 14728 14729 14680
f 14729 14681 14680
f 14729 14730 14681
f 14730 14682 14681
f 14730 14731 14682
f 14731 14683 14682
f 14731 14732 14683
f 14732 14684 14683
f 14732 14685 14684
f 14732 14733 14685
f 14733 14727 14685
f 14733 14734 14727
f 14734 14726 14727
f 14734 14735 14726
f 14735 14725 14726
f 14735 14736 14725
f 14736 14723 14725
f 14736 14724 14723
f 14736 14737 14724
f 14737 14738 14724
f 14737 14739 14738
f 14739 14740 14738
f 14739 14741 14740
f 14741 14742 14740
f 14741 14743 14742
f 14743 14744 14742
f 14743 14745 14744
f 14745 14746 14744
f 14745 14747 14746
f 14747 14748 14746
f 14747 14749 14748
f 14749 14750 14748
f 14749 14751 14750
f 14751 14752 14750
f 14751 14753 14752
f 14754 14753 14751
f 14754 14755 14753
f 14754 14756 14755
f 14756 14757 14755
f 14756 14758 14757
f 14758 14759 14757
f 14758 14760 14759
f 14760 14761 14759
f 14760 14762 14761
f 14762 14763 14761
f 14762 14764 14763
f 14764 14765 14763
f 14764 14766 14765
f 14766 14767 14765
f 14766 14768 14767
f 14768 14769 14767
f 14768 14770 14769
f 14770 14771 14769
f 14772 14773 14770
f 14770 14773 14771
f 14774 14775 14772
f 14772 14775 14773
f 14776 14777 14774
f 14774 14777 14775
f 14776 14778 14777
f 14776 14779 14778
f 14779 14780 14778
f 14779 14781 14780
f 14781 14782 14780
f 14781 14783 14782
f 14783 14784 14782
f 14783 14785 14784
f 14785 14786 14784
f 14785 14787 14786
f 14787 14788 14786
f 14789 14790 14787
f 14787 14790 14788
f 14791 14792 14789
f 14789 14792 14790
f 14793 14794 14791
f 14791 14794 14792
f 14795 14796 14793
f 14793 14796 14794
f 14797 14798 14795
f 14795 14798 14796
f 14799 14800 14797
f 14797 14800 14798
f 14799 14801 14800
f 14802 14801 14799
f 14802 14803 14801
f 14802 14804 14803
f 14804 14805 14803
f 14804 14806 14805
f 14806 14807 14805
f 14806 14808 14807
f 14808 14809 14807
f 14808 14810 14809
f 14810 14811 14809
f 14810 14812 14811
f 14813 14812 14810
f 14813 14814 14812
f 14815 14814 14813
f 14815 14816 14814
f 14817 14816 14815
f 14817 14818 14816
f 14819 14818 14817
f 14819 14820 14818
f 14819 14821 14820
f 14821 14822 14820
f 14821 14823 14822
f 14823 14824 14822
f 14823 14825 14824
f 14825 14826 14824
f 14825 14827 14826
f 14827 14828 14826
f 14827 14829 14828
f 14829 14830 14828
f 14829 14831 14830
f 14831 14832 14830
f 14831 14833 14832
f 14833 14834 14832
f 14833 14835 14834
f 14835 14836 14834
f 14835 14837 14836
f 14835 14838 14837
f 14838 14839 14837
f 14838 14840 14839
f 14840 14841 14839
f 14840 14842 14841
f 14842 14843 14841
f 14842 14844 14843
f 14844 14845 14843
f 14846 14847 14844
f 14844 14847 14845
f 14846 14848 14847
f 14849 14848 14846
f 14849 14850 14848
f 14849 14851 14850
f 14850 14852 14848
f 14853 14852 14850
f 14849 14854 14851
f 14853 14855 14852
f 14856 14851 14854
f 14728 14680 14700
f 14857 14700 14858
f 14857 14728 14700
f 14699 14753 14858
f 14699 14858 14700
f 14752 14753 14699
f 14698 14752 14699
f 14750 14752 14698
f 14697 14750 14698
f 14748 14750 14697
f 14696 14748 14697
f 14746 14748 14696
f 14695 14746 14696
f 14744 14746 14695
f 14694 14744 14695
f 14742 14744 14694
f 14693 14742 14694
f 14740 14742 14693
f 14692 14740 14693
f 14738 14740 14692
f 14691 14738 14692
f 14724 14738 14691
f 14690 14724 14691
f 14859 14860 14716
f 14714 14861 14859
f 14714 14859 14716
f 14862 14861 14714
f 14712 14863 14862
f 14712 14862 14714
f 14710 14864 14863
f 14710 14863 14712
f 14865 14864 14710
f 14707 14865 14710
f 14866 14865 14707
f 14704 14866 14707
f 14867 14866 14704
f 14702 14867 14704
f 14868 14867 14702
f 14701 14868 14702
f 14869 14868 14701
f 14703 14869 14701
f 14705 14869 14703
f 14870 14869 14705
f 14706 14870 14705
f 14871 14870 14706
f 14708 14872 14871
f 14708 14871 14706
f 14709 14872 14708
f 14873 14872 14709
f 14711 14873 14709
f 14874 14873 14711
f 14713 14874 14711
f 14715 14875 14874
f 14715 14874 14713
f 14717 14876 14875
f 14717 14875 14715
f 14719 14876 14717
f 14877 14876 14719
f 14721 14877 14719
f 14878 14877 14721
f 14722 14878 14721
f 14879 14878 14722
f 14720 14879 14722
f 14718 14879 14720
f 14860 14879 14718
f 14716 14860 14718
f 14857 14729 14728
f 14857 14880 14729
f 14880 14730 14729
f 14880 14881 14730
f 14881 14731 14730
f 14881 14882 14731
f 14882 14732 14731
f 14882 14883 14732
f 14883 14733 14732
f 14883 14884 14733
f 14884 14734 14733
f 14884 14885 14734
f 14885 14735 14734
f 14885 14886 14735
f 14886 14736 14735
f 14886 14887 14736
f 14887 14737 14736
f 14887 14888 14737
f 14888 14739 14737
f 14888 14889 14739
f 14889 14741 14739
f 14889 14890 14741
f 14890 14743 14741
f 14890 14891 14743
f 14891 14745 14743
f 14891 14892 14745
f 14892 14747 14745
f 14892 14893 14747
f 14893 14749 14747
f 14893 14894 14749
f 14894 14751 14749
f 14894 14895 14751
f 14895 14754 14751
f 14895 14896 14754
f 14896 14756 14754
f 14896 14897 14756
f 14897 14758 14756
f 14897 14898 14758
f 14898 14760 14758
f 14898 14899 14760
f 14899 14762 14760
f 14899 14900 14762
f 14900 14764 14762
f 14900 14901 14764
f 14901 14766 14764
f 14901 14902 14766
f 14902 14768 14766
f 14902 14903 14768
f 14903 14770 14768
f 14903 14904 14770
f 14904 14772 14770
f 14904 14905 14772
f 14905 14774 14772
f 14905 14906 14774
f 14906 14776 14774
f 14906 14907 14776
f 14907 14779 14776
f 14907 14908 14779
f 14908 14781 14779
f 14908 14909 14781
f 14909 14783 14781
f 14909 14910 14783
f 14910 14785 14783
f 14910 14911 14785
f 14911 14787 14785
f 14911 14912 14787
f 14912 14789 14787
f 14912 14913 14789
f 14913 14791 14789
f 14913 14914 14791
f 14914 14793 14791
f 14915 14795 14914
f 14914 14795 14793
f 14916 14797 14915
f 14915 14797 14795
f 14917 14799 14916
f 14916 14799 14797
f 14918 14802 14917
f 14917 14802 14799
f 14919 14804 14918
f 14918 14804 14802
f 14920 14806 14919
f 14919 14806 14804
f 14921 14808 14920
f 14920 14808 14806
f 14921 14810 14808
f 14921 14922 14810
f 14922 14813 14810
f 14922 14923 14813
f 14923 14815 14813
f 14923 14924 14815
f 14924 14817 14815
f 14924 14925 14817
f 14925 14819 14817
f 14925 14926 14819
f 14926 14821 14819
f 14926 14927 14821
f 14927 14823 14821
f 14927 14928 14823
f 14928 14825 14823
f 14928 14929 14825
f 14929 14827 14825
f 14929 14930 14827
f 14930 14829 14827
f 14930 14931 14829
f 14931 14831 14829
f 14931 14932 14831
f 14932 14833 14831
f 14932 14933 14833
f 14933 14835 14833
f 14933 14934 14835
f 14934 14838 14835
f 14934 14935 14838
f 14935 14840 14838
f 14935 14936 14840
f 14936 14842 14840
f 14936 14937 14842
f 14937 14844 14842
f 14937 14938 14844
f 14938 14846 14844
f 14938 14939 14846
f 14939 14849 14846
f 14939 14940 14849
f 14941 14854 14940
f 14940 14854 14849
f 14856 14854 14942
f 14942 14854 14943
f 14854 14941 14943
f 14944 14945 14946
f 14947 14944 14946
f 14855 14944 14947
f 14852 14855 14947
f 14948 14852 14947
f 14848 14852 14948
f 14949 14848 14948
f 14847 14848 14949
f 14950 14845 14847
f 14950 14847 14949
f 14843 14845 14950
f 14951 14843 14950
f 14841 14843 14951
f 14952 14841 14951
f 14839 14841 14952
f 14953 14839 14952
f 14954 14946 14945
f 14837 14839 14953
f 14955 14837 14953
f 14836 14837 14955
f 14956 14836 14955
f 14834 14836 14956
f 14957 14834 14956
f 14832 14834 14957
f 14958 14832 14957
f 14830 14832 14958
f 14959 14830 14958
f 14828 14830 14959
f 14960 14828 14959
f 14826 14828 14960
f 14961 14826 14960
f 14824 14826 14961
f 14962 14824 14961
f 14822 14824 14962
f 14963 14822 14962
f 14820 14822 14963
f 14964 14820 14963
f 14818 14820 14964
f 14965 14818 14964
f 14816 14818 14965
f 14966 14816 14965
f 14814 14816 14966
f 14967 14814 14966
f 14812 14814 14967
f 14968 14812 14967
f 14811 14812 14968
f 14969 14811 14968
f 14809 14811 14969
f 14970 14809 14969
f 14807 14809 14970
f 14971 14807 14970
f 14805 14807 14971
f 14972 14805 14971
f 14803 14805 14972
f 14973 14803 14972
f 14801 14803 14973
f 14974 14801 14973
f 14800 14801 14974
f 14975 14800 14974
f 14798 14800 14975
f 14976 14798 14975
f 14796 14798 14976
f 14977 14796 14976
f 14794 14796 14977
f 14978 14794 14977
f 14792 14794 14978
f 14979 14792 14978
f 14790 14792 14979
f 14980 14790 14979
f 14788 14790 14980
f 14981 14788 14980
f 14786 14788 14981
f 14982 14786 14981
f 14784 14786 14982
f 14983 14784 14982
f 14782 14784 14983
f 14984 14782 14983
f 14780 14782 14984
f 14985 14780 14984
f 14778 14780 14985
f 14986 14778 14985
f 14777 14778 14986
f 14987 14777 14986
f 14775 14777 14987
f 14988 14775 14987
f 14773 14775 14988
f 14989 14773 14988
f 14771 14773 14989
f 14990 14771 14989
f 14769 14771 14990
f 14991 14769 14990
f 14767 14769 14991
f 14992 14767 14991
f 14765 14767 14992
f 14993 14765 14992
f 14763 14765 14993
f 14994 14763 14993
f 14761 14763 14994
f 14995 14761 14994
f 14759 14761 14995
f 14996 14759 14995
f 14757 14759 14996
f 14997 14757 14996
f 14755 14757 14997
f 14998 14755 14997
f 14753 14755 14998
f 14858 14753 14998
f 14868 14943 14867
f 14999 14943 14868
f 14943 14941 14867
f 14869 15000 14868
f 14868 15000 14999
f 14867 14940 14866
f 14941 14940 14867
f 14870 15001 14869
f 14869 15001 15000
f 14940 14939 14866
f 14870 14871 15001
f 14939 14865 14866
f 14872 15002 14871
f 14871 15002 15001
f 14939 14938 14865
f 14938 14864 14865
f 14938 15003 14864
f 14872 14873 15002
f 14873 15004 15002
f 15005 14863 15006
f 15006 14863 15003
f 15003 14863 14864
f 14873 15007 15004
f 14873 14874 15007
f 15008 14862 15005
f 15005 14862 14863
f 14874 15009 15007
f 15008 14861 14862
f 15008 15010 14861
f 14874 14875 15009
f 15009 14875 15011
f 15010 14859 14861
f 14875 15012 15011
f 15010 14860 14859
f 15010 15013 14860
f 14875 14876 15012
f 15012 14876 15014
f 15013 14879 14860
f 15015 14879 15013
f 14876 14877 15014
f 15014 14877 15016
f 15015 14878 14879
f 14877 14878 15016
f 15016 14878 15015
f 14858 14998 14857
f 14998 14880 14857
f 14998 14997 14880
f 14997 14881 14880
f 14997 14996 14881
f 14996 14882 14881
f 14996 14995 14882
f 14995 14883 14882
f 14995 14994 14883
f 14993 14884 14994
f 14994 14884 14883
f 14992 14885 14993
f 14993 14885 14884
f 14991 14886 14992
f 14992 14886 14885
f 14990 14887 14991
f 14991 14887 14886
f 14990 14989 14887
f 14989 14888 14887
f 14989 14988 14888
f 14987 14889 14988
f 14988 14889 14888
f 14987 14890 14889
f 14987 14986 14890
f 14986 14891 14890
f 14986 14985 14891
f 14984 14892 14985
f 14985 14892 14891
f 14983 14893 14984
f 14984 14893 14892
f 14982 14894 14983
f 14983 14894 14893
f 14981 14895 14982
f 14982 14895 14894
f 14981 14980 14895
f 14980 14896 14895
f 14980 14979 14896
f 14979 14897 14896
f 14978 14897 14979
f 14978 14898 14897
f 14978 14977 14898
f 14977 14899 14898
f 14977 14976 14899
f 14975 14900 14976
f 14976 14900 14899
f 14974 14901 14975
f 14975 14901 14900
f 14973 14902 14974
f 14974 14902 14901
f 14972 14903 14973
f 14973 14903 14902
f 14972 14971 14903
f 14971 14904 14903
f 14971 14970 14904
f 14970 14905 14904
f 14969 14905 14970
f 14969 14906 14905
f 14968 14906 14969
f 14968 14907 14906
f 14968 14967 14907
f 14967 14908 14907
f 14966 14908 14967
f 14966 14909 14908
f 14965 14909 14966
f 14965 14910 14909
f 14964 14910 14965
f 14964 14911 14910
f 14963 14911 14964
f 14963 14962 14911
f 14962 14912 14911
f 14962 14961 14912
f 14961 14913 14912
f 14960 14913 14961
f 14960 14914 14913
f 14959 14914 14960
f 14959 14915 14914
f 14958 14915 14959
f 14957 14916 14958
f 14958 14916 14915
f 14956 14917 14957
f 14957 14917 14916
f 14955 14918 14956
f 14956 14918 14917
f 14953 14919 14955
f 14955 14919 14918
f 14953 14952 14919
f 14952 14920 14919
f 14952 14951 14920
f 14951 14921 14920
f 14951 14950 14921
f 14950 14922 14921
f 14950 14949 14922
f 14949 14923 14922
f 14949 14948 14923
f 14948 14924 14923
f 14948 14947 14924
f 14947 14925 14924
f 14947 14946 14925
f 14946 14926 14925
f 14946 14954 14926
f 14954 14927 14926
f 14954 15017 14927
f 15017 14928 14927
f 15018 14928 15017
f 15018 14929 14928
f 15019 14929 15018
f 15019 14930 14929
f 15020 14930 15019
f 15020 15021 14930
f 15021 14931 14930
f 15021 15022 14931
f 15022 14932 14931
f 15023 14932 15022
f 15023 15024 14932
f 15024 14933 14932
f 15024 15025 14933
f 15025 14934 14933
f 15025 15026 14934
f 15026 14935 14934
f 15026 15027 14935
f 15027 15028 14935
f 15028 14936 14935
f 15028 15005 14936
f 15006 14937 15005
f 15005 14937 14936
f 15006 15003 14937
f 15003 14938 14937
f 15011 15012 15029
f 15011 15029 15030
f 15011 15030 15021
f 15020 15009 15011
f 15020 15011 15021
f 15007 15009 15020
f 15019 15007 15020
f 15004 15007 15019
f 15018 15002 15004
f 14954 15001 15017
f 15000 15001 14954
f 14944 14999 14945
f 14943 14999 14944
f 14942 14943 14944
f 14856 14942 14944
f 14855 14856 14944
f 14853 14856 14855
f 14850 14851 14853
f 14851 14856 14853
f 15031 15019 15018
f 15031 15004 15019
f 15031 15018 15004
f 15032 15001 15002
f 15032 15018 15017
f 15032 15002 15018
f 15032 15017 15001
f 15033 14999 15000
f 15033 14945 14999
f 15034 14954 14945
f 15034 14945 15033
f 15034 15033 15000
f 15034 15000 14954
f 15027 15010 15028
f 15013 15010 15027
f 15026 15013 15027
f 15023 15016 15024
f 15014 15016 15023
f 15022 15014 15023
f 15012 15014 15022
f 15029 15012 15022
f 15030 15029 15022
f 15021 15030 15022
f 15005 15028 15008
f 15010 15008 15028
f 15035 15026 15025
f 15035 15015 15013
f 15035 15013 15026
f 15035 15025 15015
f 15036 15025 15024
f 15036 15016 15015
f 15036 15015 15025
f 15036 15024 15016
