# PUBLIC SHELL OBJ - display only, not CAD source
# Precision intentionally degraded; multi-part structure removed
o shell
v -223.096 -47.861 100.589
v -223.637 -49.259 102.997
v -223.09 -48.721 99.901
v -222.406 -47.689 98.687
v -221.745 -48.401 97.117
v -222.767 -44.416 101.099
v -221.396 -47.535 96.946
v -219.463 -48.204 94.888
v -222.085 -44.25 99.366
v -219.816 -47.345 95.402
v -221.025 -44.06 97.477
v -218.122 -47.369 94.176
v -216.71 -48.385 93.326
v -219.471 -43.889 95.921
v -216.024 -47.352 93.324
v -217.574 -43.891 94.709
v -213.928 -47.509 92.816
v -213.582 -48.545 92.644
v -215.697 -43.909 93.833
v -211.901 -47.887 92.966
v -210.475 -48.894 92.988
v -213.419 -44.059 93.503
v -209.993 -48.056 93.315
v -221.199 -30.754 103.525
v -219.671 -12.8 109.387
v -211.554 -44.43 93.485
v -208.436 -48.4 94.007
v -207.535 -49.411 94.371
v -207.555 -48.561 94.361
v -220.68 -30.408 101.797
v -209.615 -44.577 93.849
v -206.175 -48.908 95.397
v -205.292 -50.105 96.443
v -219.46 -30.228 100.074
v -208.091 -44.944 94.525
v -207.194 -45.094 95.06
v -204.97 -49.258 96.95
v -203.742 -50.8 99.206
v -218.12 -30.085 98.325
v -220.509 -23.842 104.734
v -219.298 -12.263 106.808
v -205.824 -45.448 96.091
v -203.921 -49.594 98.684
v -216.177 -30.056 97.136
v -219.815 -23.495 103.007
v -218.093 -11.92 104.041
v -204.629 -45.804 97.466
v -203.222 -50.108 100.589
v -203.254 -51.167 100.918
v -203.053 -51.493 102.661
v -214.113 -30.235 96.267
v -218.797 -23.335 101.27
v -215.312 -11.736 101.111
v -203.591 -46.149 99.195
v -212.056 -30.42 95.913
v -217.258 -23.174 99.533
v -202.886 -46.658 101.275
v -209.986 -30.596 95.911
v -215.489 -23.145 98.344
v -211.706 -11.753 99.371
v -208.092 -30.946 96.253
v -213.427 -23.326 97.474
v -206.532 -31.116 96.946
v -211.376 -23.516 97.117
v -207.892 -12.263 99.204
v -205.811 -31.268 97.48
v -209.308 -23.692 97.114
v -204.436 -31.619 98.513
v -207.407 -23.865 97.632
v -204.618 -12.788 100.237
v -203.05 -31.962 99.897
v -205.854 -24.212 98.15
v -202.015 -32.482 101.624
v -205.144 -24.372 98.677
v -202.043 -13.318 102.129
v -201.347 -32.844 103.686
v -199.286 -14.88 109.037
v -203.569 -24.704 99.724
v -202.355 -25.047 101.109
v -199.949 -14.168 105.25
v -201.331 -25.574 102.831
v -200.631 -25.914 104.909
v -220.887 -21.964 102.298
v -217.77 -11.59 101.265
v -220.323 -11.909 105.086
v -221.213 -12.618 109.394
v -224.989 -49.065 103.013
v -224.507 -48.572 99.365
v -222.605 -48.226 95.736
v -216.393 -21.445 97.46
v -213.952 -11.407 98.68
v -219.118 -48.031 92.814
v -214.804 -48.209 91.255
v -209.973 -21.945 95.917
v -204.981 -12.454 98.5
v -209.469 -11.759 97.638
v -210.673 -48.566 91.42
v -204.607 -22.631 97.304
v -201.184 -13.149 100.917
v -207.395 -49.261 92.799
v -204.44 -49.941 95.054
v -200.639 -23.845 101.103
v -197.721 -15.045 109.042
v -198.552 -14.158 104.566
v -202.396 -50.826 98.323
v -201.672 -51.494 102.66
v -202.025 -39.228 111.125
v -201.672 -51.494 102.66
v -202.377 -52.195 106.974
v -204.63 -52.718 110.427
v -200.108 -31.268 110.614
v -197.721 -15.045 109.042
v -215.317 -43.193 115.626
v -210.819 -52.695 114.073
v -214.825 -52.198 114.402
v -218.962 -51.5 113.025
v -213.411 -39.042 116.665
v -211.357 -39.228 116.828
v -200.144 -21.097 114.398
v -204.979 -16.082 119.93
v -201.157 -16.068 117.348
v -198.565 -15.723 113.546
v -204.625 -26.272 117.515
v -215.183 -30.777 117.507
v -208.763 -21.081 119.939
v -209.481 -15.916 120.79
v -212.044 -19.005 120.114
v -217.778 -14.361 117.679
v -213.931 -15.194 120.12
v -211.194 -20.917 119.933
v -206.017 -39.587 115.091
v -207.378 -52.705 112.682
v -221.052 -46.672 112.153
v -222.4 -50.795 110.269
v -222.77 -47.529 109.911
v -224.489 -49.942 106.805
v -221.724 -46.312 111.299
v -219.818 -41.297 113.721
v -223.283 -43.032 109.05
v -224.833 -49.422 104.905
v -224.989 -49.065 103.013
v -221.564 -40.1 111.984
v -222.084 -39.928 111.119
v -209.44 -28.848 118.564
v -222.235 -30.754 110.438
v -221.213 -12.618 109.394
v -218.619 -22.122 116.135
v -220.172 -21.601 114.235
v -220.332 -18.828 114.069
v -220.331 -13.469 113.896
v -219.647 -30.757 114.584
v -214.311 -25.587 118.548
v -220.536 -48.402 95.734
v -223.103 -48.211 96.611
v -221.548 -48.039 94.709
v -218.98 -48.229 94.524
v -219.804 -48.028 93.335
v -221.899 -48.561 97.299
v -224.168 -48.404 98.498
v -217.256 -48.404 93.485
v -217.733 -48.029 92.124
v -222.749 -48.724 99.035
v -224.844 -48.739 100.752
v -215.342 -48.395 92.974
v -215.694 -48.054 91.415
v -223.445 -48.9 100.933
v -213.274 -48.572 92.625
v -213.252 -48.384 91.253
v -223.637 -49.259 102.997
v -211.35 -48.728 92.809
v -211.019 -48.566 91.42
v -223.461 -49.602 104.9
v -224.824 -49.589 105.255
v -209.436 -49.065 93.334
v -208.775 -48.913 91.937
v -222.761 -50.115 106.805
v -224.128 -50.104 107.504
v -207.751 -49.442 94.176
v -206.847 -49.24 92.987
v -221.918 -50.475 108.523
v -223.099 -50.455 109.402
v -206.17 -49.769 95.572
v -220.543 -50.826 110.074
v -204.98 -49.783 94.352
v -221.572 -50.994 111.115
v -204.797 -50.294 96.95
v -218.952 -51.32 111.302
v -203.567 -50.28 96.269
v -219.819 -51.322 112.683
v -203.923 -50.632 98.683
v -217.224 -51.665 112.339
v -202.537 -50.631 98.166
v -217.774 -51.86 113.706
v -203.225 -50.974 100.587
v -215.334 -51.846 112.852
v -201.83 -51.138 100.421
v -215.659 -52.177 114.245
v -213.249 -52.184 113.03
v -213.261 -52.365 114.407
v -211.351 -52.359 112.683
v -201.852 -52.017 104.903
v -203.259 -51.689 104.545
v -211.008 -52.534 114.237
v -209.475 -52.376 112.152
v -202.562 -52.203 106.968
v -203.934 -52.023 106.454
v -208.774 -52.715 113.539
v -207.748 -52.377 111.114
v -203.59 -52.542 109.046
v -204.77 -52.176 108.369
v -206.85 -52.699 112.341
v -206.167 -52.359 109.918
v -204.984 -52.723 110.941
v -203.077 -50.646 103.858
v -203.053 -51.493 102.661
v -203.593 -51.854 105.761
v -203.592 -50.989 105.934
v -202.708 -47.173 104.561
v -204.437 -51.321 108.017
v -204.969 -52.195 108.529
v -203.223 -47.516 106.637
v -205.479 -51.497 109.57
v -207.233 -52.38 110.767
v -204.079 -47.856 108.542
v -206.845 -51.485 110.789
v -205.153 -48.055 110.079
v -208.252 -51.503 111.64
v -209.978 -52.365 112.333
v -209.111 -51.499 112.161
v -206.506 -48.034 111.476
v -210.848 -51.506 112.848
v -213.097 -52.198 113.02
v -207.746 -48.055 112.326
v -208.752 -48.033 112.859
v -212.939 -51.345 113.012
v -210.474 -48.029 113.381
v -215.009 -50.996 113.015
v -216.189 -51.839 112.684
v -201.17 -33.359 106.972
v -199.286 -14.88 109.037
v -212.372 -47.854 113.728
v -217.07 -50.642 112.502
v -218.959 -51.324 111.299
v -201.703 -33.715 109.039
v -214.642 -47.525 113.543
v -218.98 -50.303 111.461
v -202.562 -34.057 110.942
v -216.709 -47.347 113.029
v -220.678 -49.936 110.093
v -221.389 -50.641 109.219
v -203.747 -34.212 112.683
v -200.483 -26.623 108.18
v -199.615 -15.386 111.984
v -218.617 -46.834 112.161
v -221.879 -49.411 108.542
v -222.952 -49.954 106.624
v -205.115 -34.202 113.9
v -200.983 -26.782 110.263
v -220.363 -46.501 110.769
v -222.752 -49.072 106.637
v -206.362 -34.228 114.746
v -201.839 -27.122 112.168
v -200.826 -15.733 114.748
v -207.232 -34.233 115.261
v -221.551 -45.967 109.052
v -223.296 -48.744 104.896
v -223.45 -49.595 104.905
v -203.045 -27.292 113.898
v -202.904 -15.908 116.993
v -209.115 -34.22 115.788
v -222.403 -45.613 107.33
v -204.276 -27.307 115.097
v -211.034 -34.06 116.125
v -222.957 -45.292 105.411
v -205.664 -27.311 115.959
v -205.117 -15.885 118.393
v -213.109 -33.715 116.125
v -206.534 -27.315 116.474
v -215.153 -33.349 115.448
v -208.246 -27.304 117
v -207.91 -15.732 119.242
v -217.051 -33.001 114.586
v -210.317 -27.129 117.348
v -211.037 -15.397 119.235
v -218.811 -32.677 113.187
v -212.407 -26.968 117.34
v -220.182 -32.15 111.465
v -214.446 -26.598 116.666
v -214.111 -14.853 118.389
v -221.05 -31.808 109.734
v -216.348 -26.08 115.801
v -217.052 -14.164 116.141
v -221.558 -31.455 107.839
v -219.671 -12.8 109.387
v -218.079 -25.736 114.417
v -219.315 -25.409 112.676
v -219.141 -13.311 112.849
v -220.332 -24.877 110.957
v -220.698 -24.545 109.047
v -188.384 18.312 15.722
v -187.877 17.44 14.161
v -189.766 20.905 16.24
v -186.149 14.848 15.025
v -185.28 14.333 12.262
v -186.659 15.891 13.128
v -182.833 11.414 14.004
v -180.61 9.842 10.19
v -182.312 11.243 10.722
v -178.348 7.951 12.79
v -178.852 8.653 9.859
v -174.719 6.396 9.161
v -175.229 6.229 12.103
v -173.006 5.175 11.745
v -170.034 4.508 9.17
v -170.382 4.68 8.824
v -170.079 4.477 9.148
v -171.597 4.849 11.586
v -169.884 4.146 11.232
v -169.357 4.326 9.682
v -170.034 4.508 9.17
v -168.156 4.146 10.714
v -168.69 4.136 11.052
v -168.162 4.142 11.229
v -167.64 4.318 11.231
v -167.642 4.316 11.23
v -169.355 4.154 10.546
v -169.185 4.152 11.064
v -168.855 4.141 10.192
v -169.035 4.309 10.015
v -168.86 4.138 10.535
v -169.36 4.323 9.853
v -172.457 5.889 7.786
v -170.376 4.683 8.826
v -171.094 5.01 8.294
v -171.245 5.199 8.133
v -171.599 5.365 7.783
v -172.14 5.868 7.253
v -172.467 6.573 6.917
v -172.843 7.242 6.556
v -176.812 7.765 8.287
v -178.526 9.849 7.603
v -178.68 9.171 8.476
v -176.426 8.657 7.27
v -173.164 8.124 6.222
v -173.182 8.803 6.041
v -177.821 10.895 6.918
v -175.938 9.673 6.564
v -173.153 9.86 6.055
v -177.313 11.925 6.74
v -189.058 16.769 14.002
v -191.124 20.403 16.08
v -189.781 17.611 15.542
v -188.046 14.85 15.026
v -187.846 15.042 12.966
v -181.45 8.303 13.313
v -181.463 8.813 10.023
v -178.85 6.58 12.625
v -174.725 4.318 11.75
v -175.428 5.001 8.979
v -176.108 5.009 12.096
v -187.534 14.5 13.641
v -186.109 12.456 14.526
v -186.454 13.321 12.107
v -185.085 11.756 12.446
v -183.383 10.182 10.532
v -183.863 10.209 13.835
v -185.252 11.76 13.486
v -182.517 9.319 11.397
v -182.653 9.345 12.452
v -178.157 6.409 10.38
v -178.198 6.208 11.396
v -177.502 5.693 12.263
v -173.492 3.989 10.898
v -173.161 3.806 11.581
v -171.762 3.299 11.244
v -170.905 3.294 8.648
v -170.905 3.121 9.513
v -170.21 2.777 11.069
v -170.413 3.102 8.981
v -170.747 3.283 8.641
v -170.901 3.124 10.551
v -170.899 2.953 11.071
v -169.897 2.928 9.498
v -170.413 3.102 8.981
v -168.163 2.586 10.883
v -168.66 2.601 10.375
v -169.186 2.596 10.89
v -169.001 2.778 10.205
v -169.348 2.776 10.031
v -171.979 3.786 7.938
v -171.273 3.451 8.292
v -171.612 3.629 7.949
v -172.15 3.96 7.594
v -172.484 4.314 7.254
v -174.225 4.65 8.111
v -170.934 3.273 8.634
v -170.905 3.294 8.648
v -171.073 3.297 8.478
v -172.843 4.65 6.901
v -173.159 5.017 6.571
v -179.55 7.439 9.683
v -174.047 5.519 6.386
v -173.848 5.882 5.88
v -174.394 6.9 5.348
v -177.679 6.381 8.459
v -179.559 8.123 7.777
v -179.753 7.59 8.631
v -177.315 7.257 6.739
v -179.206 8.993 6.572
v -176.779 8.653 5.539
v -174.746 8.105 5
v -174.733 9.324 4.833
v -178.339 10.55 5.536
v -175.948 10.185 5.004
v -174.544 10.545 4.841
v -174.551 10.54 4.838
v -177.482 12.101 5.187
v -185.803 13.465 15.716
v -189.579 17.458 17.112
v -184.746 10.714 15.554
v -184.215 12.624 14.523
v -188.384 18.312 15.722
v -188.526 18.161 16.256
v -188.724 17.97 16.589
v -188.893 17.8 16.763
v -189.22 17.64 16.945
v -180.421 8.471 14.346
v -179.737 6.392 14.169
v -176.792 7.088 12.445
v -183.207 10.702 15.027
v -178.499 7.275 14.01
v -175.246 5.353 13.304
v -170.227 2.075 12.271
v -173.664 4.68 12.972
v -169.884 4.146 11.232
v -171.797 3.966 12.609
v -170.06 2.416 12.441
v -170.037 2.951 12.452
v -169.874 3.808 12.102
v -169.876 4.152 11.582
v -170.21 3.469 12.452
v -169.901 3.443 12.261
v -184.204 11.94 15.392
v -190.637 31.269 17.101
v -190.771 31.124 17.121
v -190.815 30.92 17.271
v -190.433 31.291 16.944
v -190.262 31.463 16.77
v -190.296 31.439 16.926
v -190.978 30.927 17.277
v -191.123 30.601 17.463
v -190.096 31.458 16.594
v -191.138 30.417 17.455
v -189.593 31.447 16.24
v -191.485 29.552 17.455
v -180.056 10.904 7.961
v -182.672 11.578 10.887
v -178.852 8.653 9.859
v -178.68 9.171 8.476
v -178.526 9.849 7.603
v -177.821 10.895 6.918
v -177.313 11.925 6.74
v -181.478 12.259 8.46
v -183.183 17.287 8.817
v -184.227 14.862 9.678
v -185.953 15.037 12.617
v -188.566 21.244 12.952
v -187.18 24.184 12.09
v -189.766 20.905 16.24
v -188.885 21.781 13.311
v -189.044 22.309 13.664
v -189.765 23.843 14.34
v -190.625 22.983 16.762
v -190.272 25.234 15.21
v -191.332 25.391 17.099
v -190.788 26.791 16.248
v -191.479 28.001 17.458
v -191.296 28.354 17.117
v -173.158 21.436 10.546
v -173.343 21.6 11.577
v -174.04 22.287 11.401
v -174.735 22.803 11.054
v -171.766 20.405 11.761
v -171.459 20.032 10.186
v -169.528 19.017 11.929
v -169.517 18.851 10.033
v -168.146 18.325 12.102
v -167.47 17.968 9.847
v -166.755 17.812 10.55
v -166.622 17.784 12.086
v -185.272 30.756 13.13
v -183.687 29.913 11.935
v -183.879 30.418 12.271
v -183.514 29.395 11.59
v -189.218 30.085 15.391
v -188.052 31.264 15.197
v -189.083 29.54 15.027
v -186.641 30.938 14.174
v -188.916 28.844 14.678
v -188.396 27.463 13.815
v -183.023 28.338 11.058
v -187.864 26.09 13.13
v -182.5 27.304 10.714
v -186.828 23.324 11.747
v -181.967 26.278 10.203
v -185.442 20.734 10.366
v -179.365 22.31 8.479
v -183.894 18.31 9.153
v -177.635 20.583 7.789
v -182.003 15.883 8.111
v -175.772 18.828 7.252
v -179.727 13.83 7.435
v -178.546 12.773 7.074
v -172.466 12.622 6.399
v -171.587 16.261 6.752
v -173.142 9.868 6.061
v -182.833 29.56 11.412
v -181.784 29.223 11.072
v -182.83 29.907 11.586
v -183.879 30.418 12.271
v -181.093 28.877 10.899
v -181.13 28.851 10.88
v -182.347 28.327 10.877
v -180.613 27.641 10.362
v -179.213 27.307 10.543
v -180.588 28.349 10.719
v -181.831 27.116 10.357
v -180.079 23.157 8.814
v -178.704 25.744 9.847
v -176.816 25.044 10.877
v -179.366 25.42 9.516
v -176.268 24.029 10.028
v -175.582 23.852 10.889
v -180.413 24.894 9.338
v -176.784 23.857 9.511
v -177.294 23.69 8.997
v -174.389 22.285 10.363
v -173.012 21.244 10.533
v -174.727 22.808 11.057
v -177.829 23.333 8.643
v -174.742 22.279 9.322
v -173.503 21.609 10.028
v -178.851 22.652 8.477
v -175.085 21.936 8.805
v -173.865 21.424 9.156
v -175.602 21.764 8.287
v -172.634 20.748 9.858
v -170.899 19.716 10.207
v -174.223 21.07 8.458
v -176.081 21.273 7.961
v -172.812 20.572 8.818
v -174.564 20.727 8.115
v -176.818 20.722 7.766
v -176.26 19.195 7.44
v -173.179 20.211 8.289
v -175.054 20.402 7.784
v -173.524 19.866 7.771
v -170.76 19.346 9.498
v -170.573 19.53 10.024
v -175.746 19.71 7.437
v -174.018 19.537 7.437
v -169.704 19.014 10.026
v -168.653 18.16 8.997
v -168.145 18.153 9.51
v -167.787 18.161 9.688
v -167.617 17.986 9.86
v -176.091 19.365 7.438
v -170.904 19.194 8.649
v -169.725 18.826 9.497
v -169.197 18.315 8.466
v -174.541 18.843 7.262
v -171.622 16.237 6.734
v -171.113 18.823 8.112
v -169.896 18.655 8.634
v -169.869 18.156 7.956
v -171.45 18.483 7.598
v -170.911 17.46 7.262
v -170.405 17.97 7.602
v -170.035 18.333 7.96
v -171.768 17.984 7.266
v -171.268 16.934 6.911
v -172.294 17.288 6.917
v -176.101 24.888 11.407
v -174.698 23.002 11.591
v -174.566 23.318 11.916
v -177.816 26.107 10.723
v -175.735 25.421 11.764
v -174.367 23.682 12.275
v -174.015 24.033 12.451
v -175.247 25.918 11.748
v -173.677 24.373 12.447
v -173.355 24.702 12.262
v -177.468 28.701 10.551
v -177.163 26.08 11.049
v -176.804 26.609 11.402
v -177.834 26.613 11.06
v -176.467 27.121 11.398
v -177.491 27.13 11.231
v -176.973 27.648 11.058
v -178.691 27.482 10.89
v -178.332 28.01 11.07
v -178.171 28.52 10.891
v -179.721 28.351 10.894
v -181.628 29.038 11.064
v -179.374 28.87 10.894
v -179.191 29.223 10.726
v -180.233 30.257 10.379
v -180.95 29.201 11.057
v -180.753 29.564 10.896
v -180.6 30.069 10.713
v -182.169 31.096 10.88
v -182.661 30.596 11.584
v -182.865 30.229 11.568
v -183.374 30.581 11.919
v -183.889 30.41 12.093
v -183.879 30.418 12.271
v -182.693 30.919 11.395
v -183.354 30.941 11.756
v -183.893 31.272 12.091
v -183.886 30.931 12.267
v -183.897 30.751 12.089
v -183.211 31.265 11.741
v -183.902 31.612 11.914
v -166.441 18.827 13.3
v -166.611 18.311 12.956
v -166.448 18.649 13.296
v -166.259 19.179 13.477
v -167.996 18.654 12.954
v -171.799 20.382 11.744
v -166.622 17.784 12.086
v -166.606 17.968 12.612
v -167.793 19.367 13.315
v -166.071 19.708 13.312
v -169.169 21.099 13.318
v -171.599 20.401 11.931
v -171.623 20.73 12.782
v -171.272 21.252 13.131
v -171.611 22.985 12.789
v -173.185 22.108 12.434
v -172.828 22.634 12.785
v -174.554 22.636 11.231
v -174.735 22.803 11.054
v -173.875 22.627 12.261
v -173.535 23.142 12.604
v -174.358 23.171 12.107
v -173.864 23.672 12.44
v -173.35 24.187 12.438
v -166.922 2.262 12.454
v -165.385 1.213 11.754
v -165.898 2.945 12.621
v -167.292 2.072 12.269
v -165.925 -1.741 10.015
v -167.833 2.057 12.258
v -164.546 4.478 13.124
v -168.48 1.915 12.28
v -168.858 1.892 12.264
v -169.206 1.89 12.263
v -169.534 1.903 12.271
v -177.329 -5.368 2.585
v -167.44 -8.798 -0.68
v -167.307 -8.653 0.856
v -167.289 -7.949 2.766
v -180.235 -4.655 0.181
v -176.782 -4.139 5.537
v -166.752 -5.344 6.577
v -186.318 -1.568 0.682
v -175.437 -0.708 10.184
v -170.227 2.075 12.271
v -170.549 2.264 12.455
v -170.737 2.253 12.448
v -171.276 2.412 12.437
v -172.145 2.581 12.608
v -173.666 3.296 12.971
v -175.95 4.135 13.298
v -179.205 6.056 14.003
v -192.173 2.595 4.322
v -197.008 6.573 2.423
v -194.587 4.327 1.906
v -191.98 2.263 1.567
v -189.215 0.189 1.048
v -191.477 3.117 7.263
v -189.393 5.543 11.934
v -181.783 7.967 14.702
v -200.624 10.038 5.714
v -201.685 11.404 3.282
v -199.973 10.182 8.631
v -186.628 9.172 14.871
v -184.055 9.85 15.38
v -185.8 11.739 15.89
v -187.336 13.654 16.246
v -197.529 11.928 13.31
v -207.367 18.677 7.786
v -209.282 22.296 6.051
v -206.705 18.656 10.536
v -194.083 14.686 16.242
v -189.579 17.458 17.112
v -193.235 20.551 17.79
v -203.932 19.526 14.861
v -212.228 28.34 10.367
v -213.247 31.29 8.475
v -211.686 28.183 12.971
v -200.279 21.444 17.638
v -194.924 22.306 18.328
v -196.5 24.193 18.663
v -197.871 26.102 19.187
v -199.279 28.158 19.866
v -208.959 28.329 17.1
v -215.355 38.697 13.297
v -215.501 40.617 11.409
v -214.655 38.185 15.721
v -204.941 29.396 19.714
v -200.275 30.26 20.577
v -201.335 32.318 21.257
v -211.893 37.664 19.694
v -216.047 49.412 16.58
v -215.52 54.948 19.004
v -215.869 55.81 16.583
v -215.829 55.837 16.43
v -215.332 48.737 18.838
v -214.828 54.084 21.251
v -207.738 37.842 22.29
v -202.867 36.828 22.652
v -203.927 41.305 24.195
v -212.731 47.36 22.645
v -212.229 52.534 24.538
v -208.791 46.472 25.047
v -204.255 45.983 25.76
v -204.099 50.465 27.479
v -208.433 51.319 26.781
v -204.283 54.432 3.798
v -208.744 58.775 6.406
v -206.52 58.759 5.703
v -204.112 58.578 5.352
v -163.338 11.044 -7.788
v -165.24 1.712 -8.134
v -171.943 13.143 -7.425
v -215.521 47.343 10.535
v -215.7 41.463 11.569
v -214.818 57.202 12.442
v -213.443 49.074 6.908
v -212.382 58.25 8.821
v -214.988 42.341 8.814
v -214.316 34.551 9.496
v -211.877 49.773 5.358
v -204.112 50.283 2.241
v -212.904 44.249 5.19
v -213.625 35.588 6.731
v -211.716 27.471 7.426
v -211.365 45.102 3.626
v -202.356 42.007 -0.51
v -211.372 37.839 3.104
v -209.809 38.881 1.553
v -200.999 38.014 -1.733
v -199.081 34.051 -2.934
v -205.464 18.505 1.738
v -204.456 14.683 4.143
v -203.4 21.609 -1.723
v -202.203 13.997 0.517
v -202.007 23.345 -2.928
v -194.061 26.972 -4.831
v -200.128 17.281 -2.939
v -198.035 9.344 -0.51
v -194.942 4.666 1.901
v -198.75 19.178 -3.978
v -193.399 26.087 -5.018
v -193.032 25.756 -5.18
v -192.709 25.395 -5.192
v -191.825 24.545 -5.355
v -191.461 24.212 -5.518
v -191.294 23.862 -5.521
v -194.789 6.207 -1.22
v -195.969 12.968 -3.798
v -194.779 15.028 -5.017
v -189.214 22.138 -5.864
v -187.701 20.898 -6.231
v -192.673 10.211 -4.483
v -188.89 1.73 -2.072
v -191.496 12.262 -5.536
v -184.07 18.307 -6.748
v -187.665 1.049 -2.238
v -182.002 -3.817 0.335
v -187.146 6.062 -5.348
v -185.948 5.189 -5.527
v -185.979 8.278 -6.234
v -180.254 16.243 -7.087
v -184.763 7.591 -6.403
v -177.838 0.169 -6.052
v -173.851 -3.106 -5.7
v -166.431 -4.324 -6.57
v -167.096 -7.071 -4.656
v -167.306 -8.134 -3.119
v -167.446 -8.802 -1.547
v -191.466 45.465 12.971
v -192.36 53.221 16.239
v -192.354 53.225 16.415
v -204.104 49.77 2.073
v -199.586 57.91 5.887
v -177.335 15.021 -7.269
v -161.396 20.233 -5.003
v -192.856 47.534 8.82
v -193.19 55.146 11.591
v -192.502 54.279 13.835
v -195.625 48.222 5.016
v -202.028 40.957 -0.865
v -195.818 56.676 8.116
v -190.606 40.623 5.538
v -188.05 38.524 9.321
v -193.399 40.431 1.895
v -196.855 30.58 -3.981
v -186.141 34.727 2.586
v -182.647 33.889 6.579
v -188.705 33.365 -0.857
v -188.706 21.612 -6.042
v -179.208 30.248 0.522
v -177.837 31.622 5.355
v -181.617 27.49 -2.929
v -174.05 28.501 -0.183
v -171.437 30.071 4.666
v -170.76 27.642 -0.525
v -159.502 28.869 4.153
v -159.664 28.358 2.258
v -159.852 27.31 0.349
v -160.385 24.363 -2.596
v -176.107 25.057 -3.631
v -172.656 23.843 -3.806
v -170.911 17.46 7.262
v -172.289 19.019 5.882
v -171.458 19.514 6.557
v -170.405 17.97 7.602
v -170.77 19.858 7.074
v -171.268 16.934 6.911
v -173.155 17.117 5.363
v -172.82 18.146 5.53
v -169.869 18.156 7.956
v -169.023 20.044 8.466
v -169.181 18.326 8.473
v -173.876 13.812 5.175
v -168.652 18.161 8.997
v -168.137 19.886 9.168
v -168.145 18.153 9.51
v -167.462 19.53 9.851
v -166.23 19.199 10.899
v -174.544 10.545 4.841
v -166.263 17.621 11.056
v -165.547 19.021 11.414
v -165.755 17.268 11.569
v -164.894 18.648 12.086
v -174.733 9.324 4.833
v -174.713 10.03 4.843
v -165.193 16.953 11.936
v -173.182 8.803 6.041
v -174.746 8.105 5
v -164.674 16.434 12.455
v -164.722 16.228 12.431
v -164.718 16.404 12.433
v -164.68 16.257 12.452
v -164.527 16.071 12.615
v -173.164 8.124 6.222
v -174.375 6.913 5.358
v -172.841 7.244 6.557
v -173.843 5.886 5.883
v -172.493 6.555 6.904
v -173.164 5.013 6.568
v -172.132 5.874 7.257
v -172.484 4.314 7.254
v -171.599 5.365 7.783
v -171.612 3.629 7.949
v -171.094 5.01 8.294
v -171.241 3.473 8.307
v -170.382 4.68 8.824
v -170.747 3.283 8.641
v -170.034 4.508 9.17
v -170.413 3.102 8.981
v -169.357 4.326 9.682
v -169.348 2.776 10.031
v -168.855 4.141 10.192
v -167.65 4.31 11.226
v -168.156 4.146 10.714
v -167.64 4.318 11.231
v -168.163 2.586 10.883
v -167.312 4.305 11.395
v -166.943 4.494 11.752
v -181.137 8.972 8.285
v -183.557 10.527 10.704
v -179.55 7.439 9.683
v -179.557 8.125 7.779
v -180.593 10.199 6.742
v -179.033 9.166 6.399
v -178.351 10.542 5.53
v -183.168 10.73 8.824
v -179.72 11.588 5.882
v -178.017 11.398 5.352
v -184.394 11.928 9.335
v -182.651 11.939 7.441
v -179.218 12.268 5.701
v -177.482 12.101 5.187
v -185.632 13.118 10.012
v -186.818 13.826 12.271
v -183.887 13.13 7.947
v -181.793 13.144 6.401
v -181.307 13.812 6.212
v -183.718 17.794 7.426
v -185.104 14.335 8.461
v -183.013 14.347 6.915
v -187.324 15.217 10.894
v -182.508 15.029 6.735
v -184.218 15.56 7.435
v -186.838 16.232 9.496
v -183.718 16.238 7.253
v -188.722 17.108 12.097
v -191.124 20.403 16.08
v -185.765 17.639 8.477
v -188.215 18.31 10.535
v -185.266 18.144 8.121
v -189.953 19.167 13.123
v -187.166 19.527 9.504
v -189.426 20.382 11.744
v -186.451 20.236 9.171
v -187.869 24.704 10.881
v -191.461 22.138 14.874
v -191.819 21.956 16.251
v -188.396 21.587 10.531
v -187.663 22.308 10.206
v -192.026 23.487 15.715
v -192.367 23.491 16.409
v -190.812 23.318 13.298
v -192.501 24.901 16.428
v -192.682 25.241 16.597
v -191.473 24.721 14.177
v -189.774 24.528 12.089
v -189.048 25.071 11.76
v -191.818 26.105 14.869
v -190.263 25.931 12.967
v -192.176 26.96 15.554
v -192.871 26.785 16.762
v -189.587 26.439 12.441
v -192.344 27.655 15.902
v -192.873 28.512 16.761
v -190.817 27.117 13.641
v -190.095 27.656 13.138
v -190.286 31.964 15.03
v -190.972 28.166 14.169
v -191.321 28.855 14.686
v -192.526 30.241 16.589
v -190.254 28.703 13.664
v -190.44 29.385 14.175
v -191.812 30.948 15.909
v -191.637 31.64 16.083
v -192.167 30.941 16.423
v -191.155 31.443 15.373
v -190.969 31.97 15.553
v -191.143 31.796 15.725
v -191.327 31.789 15.892
v -172.81 23.165 11.239
v -173.501 23.857 11.066
v -172.289 22.648 10.548
v -170.747 21.429 10.196
v -170.233 21.081 11.75
v -171.076 21.786 11.587
v -166.231 19.198 11.935
v -166.23 19.199 11.936
v -167.301 19.694 11.919
v -171.971 22.456 11.399
v -171.942 22.476 11.413
v -171.934 22.31 10.726
v -169.731 20.723 11.222
v -169.18 20.574 11.93
v -169.691 20.751 10.551
v -169.209 20.38 10.014
v -168.149 20.051 11.236
v -168.337 20.04 11.92
v -168.303 20.064 10.554
v -186.144 31.096 11.916
v -184.58 30.238 10.711
v -184.743 30.763 10.889
v -189.929 30.59 14.345
v -188.872 31.813 14.009
v -190.286 31.964 15.03
v -189.777 29.884 13.816
v -187.505 31.457 12.964
v -186.815 30.937 12.445
v -186.459 29.908 11.759
v -184.23 29.723 10.368
v -189.603 29.193 13.47
v -189.073 27.819 12.612
v -185.797 28.159 10.88
v -183.73 28.5 9.84
v -183.881 28.861 10.023
v -188.559 26.433 11.919
v -185.419 26.972 10.378
v -182.846 26.958 8.986
v -183.184 27.309 9.335
v -183.383 27.982 9.495
v -187.493 23.861 10.378
v -183.86 23.864 8.824
v -180.428 23.328 7.429
v -186.115 21.093 8.993
v -181.281 20.052 7.262
v -178.006 20.738 6.394
v -178.846 21.446 6.752
v -184.405 18.66 7.774
v -182.33 16.242 6.738
v -179.22 17.797 6.219
v -177.301 20.229 6.228
v -180.083 13.995 5.874
v -178.202 16.746 5.864
v -175.255 18.481 5.695
v -178.72 12.945 5.518
v -174.355 14.013 5.195
v -183.903 29.882 10.185
v -182.513 30.06 9.843
v -183.194 30.413 10.194
v -184.067 30.58 10.536
v -184.382 30.774 10.723
v -184.587 30.752 10.88
v -184.588 30.751 10.88
v -184.743 30.763 10.889
v -182.31 29.045 9.513
v -180.948 29.376 9.503
v -181.801 29.729 9.681
v -180.617 28.329 8.977
v -178.687 28.176 9.51
v -180.236 29.044 9.513
v -180.579 29.22 9.514
v -183.198 28.51 9.674
v -174.917 25.216 10.185
v -174.723 25.058 10.541
v -175.416 25.575 10.368
v -181.658 27.808 8.975
v -174.022 24.374 10.719
v -173.665 24.035 10.897
v -173.856 24.196 10.888
v -174.215 24.532 10.709
v -178.354 26.439 8.639
v -175.951 26.082 10.014
v -175.57 25.07 9.34
v -182.673 27.477 8.986
v -181.281 24.373 7.953
v -174.368 24.373 9.855
v -179.406 26.083 8.113
v -176.284 24.881 8.465
v -172.99 23.16 10.198
v -173.502 23.856 11.066
v -174.885 24.201 8.991
v -180.265 25.568 7.943
v -176.957 24.548 7.782
v -173.345 23.153 9.329
v -175.399 24.032 8.129
v -172.144 22.456 10.016
v -170.747 21.429 10.196
v -181.278 25.066 8.128
v -177.815 24.034 7.44
v -173.676 22.991 8.473
v -176.285 23.67 7.427
v -172.469 22.471 9.163
v -178.69 23.508 7.089
v -174.211 22.634 7.773
v -170.911 21.435 9.682
v -169.023 20.044 8.466
v -176.957 23.166 7.091
v -172.845 22.104 8.283
v -174.889 22.298 7.088
v -171.115 21.413 8.802
v -169.896 20.038 7.77
v -177.855 22.451 6.729
v -173.347 21.77 7.427
v -175.596 21.595 6.562
v -171.442 21.081 7.948
v -170.77 19.858 7.074
v -178.516 21.953 6.744
v -177.856 20.549 6.383
v -173.843 21.44 6.747
v -176.292 21.074 6.214
v -171.978 20.723 7.248
v -171.458 19.514 6.557
v -174.558 20.732 6.217
v -168.35 19.858 9.494
v -168.653 19.888 8.824
v -168.137 19.886 9.168
v -167.808 19.702 9.505
v -167.462 19.53 9.851
v -176.99 20.377 6.21
v -172.316 20.21 6.56
v -172.289 19.019 5.882
v -175.227 20.056 6.055
v -172.806 19.539 6.056
v -175.779 19.342 5.866
v -173.149 17.121 5.366
v -173.521 18.831 5.698
v -172.82 18.146 5.53
v -174.011 18.159 5.54
v -173.163 17.284 5.359
v -173.142 17.299 5.37
v -173.176 17.275 5.353
v -173.19 17.265 5.345
v -172.973 17.469 5.368
v -172.974 17.641 5.54
v -166.272 1.024 10.014
v -165.365 3.819 11.245
v -163.33 8.976 12.436
v -163.485 7.606 12.272
v -163.311 8.989 12.445
v -165.411 8.28 12.605
v -163.642 7.099 12.107
v -189.747 17.634 15.559
v -189.761 17.625 15.552
v -188.046 14.85 15.026
v -168.165 -6.92 0.34
v -167.117 -7.431 -0.691
v -167.119 -7.432 -0.692
v -167.112 -7.427 -0.688
v -167.112 -7.428 -0.689
v -167.124 -7.436 -0.522
v -167.128 -7.266 -0.524
v -167.136 -7.272 -0.182
v -167.123 -7.262 0.343
v -167.97 -6.559 1.734
v -167.117 -6.739 1.729
v -167.984 -6.051 2.937
v -166.922 -5.342 4.159
v -172.304 -5.878 0.69
v -176.086 -4.653 -0.164
v -167.613 -4.304 5.369
v -172.149 -5.544 1.891
v -167.459 -3.454 6.396
v -166.613 -1.565 8.288
v -171.97 -5.021 3.277
v -176.279 -4.495 0.863
v -167.128 -1.909 7.944
v -166.416 -1.03 8.646
v -171.599 -3.448 5.709
v -176.084 -4.134 2.257
v -166.776 -0.176 9.33
v -166.448 -0.361 9.149
v -166.435 -0.006 9.328
v -166.234 0.359 9.515
v -171.265 -2.592 6.913
v -175.924 -3.797 3.633
v -170.925 -1.041 8.293
v -175.404 -2.414 6.053
v -181.443 -2.407 1.565
v -184.731 -0.681 0.871
v -170.379 0.534 9.689
v -169.186 2.596 10.89
v -170.21 2.777 11.069
v -175.234 -1.551 7.262
v -181.266 -2.058 2.777
v -181.108 -1.722 4.152
v -174.708 -0.164 8.82
v -165.198 6.407 12.106
v -164.013 6.39 12.094
v -163.852 6.555 12.089
v -163.845 6.732 12.092
v -166.074 6.399 12.273
v -174.013 1.568 10.032
v -173.161 3.806 11.581
v -176.108 5.009 12.096
v -180.584 -0.509 6.574
v -180.234 0.185 7.786
v -187.509 1.037 2.247
v -190.44 2.944 1.732
v -187.512 0.863 1.209
v -187.49 1.224 3.639
v -179.581 1.541 9.322
v -187.174 1.376 5.007
v -178.868 2.939 10.716
v -178.85 6.58 12.625
v -191.13 3.29 2.77
v -192.337 4.329 1.907
v -186.646 2.419 7.431
v -190.99 3.44 4.136
v -193.71 5.546 2.258
v -186.129 2.937 8.468
v -190.612 3.636 5.362
v -185.443 4.143 10.02
v -189.914 4.504 7.958
v -195.461 6.912 3.456
v -197.202 8.631 2.931
v -195.124 6.733 2.415
v -184.57 5.359 11.407
v -189.599 5.001 8.979
v -195.265 6.928 4.85
v -195.112 7.087 6.222
v -188.735 6.038 10.534
v -183.355 7.436 12.792
v -181.45 8.303 13.313
v -183.863 10.209 13.835
v -187.835 7.273 11.762
v -194.249 7.777 8.641
v -199.416 10.728 4.33
v -199.428 10.893 3.287
v -193.736 8.292 9.676
v -199.241 10.902 5.713
v -186.473 8.987 13.134
v -184.927 11.4 14.167
v -186.109 12.456 14.526
v -199.106 10.876 6.905
v -201.315 12.976 4.849
v -202.874 15.047 4.329
v -192.859 8.993 11.238
v -201.147 12.8 6.23
v -191.984 10.037 12.453
v -198.216 11.413 9.337
v -200.986 12.964 7.433
v -197.73 11.735 10.53
v -190.444 11.755 13.828
v -200.108 13.32 9.86
v -203.779 16.056 6.901
v -196.859 12.431 11.916
v -199.594 13.662 10.894
v -203.565 16.084 8.131
v -195.81 13.304 13.132
v -206.198 19.513 6.556
v -208.754 24.377 6.746
v -198.554 14.356 12.279
v -188.178 14.361 14.874
v -202.71 16.424 10.546
v -206.014 19.521 7.771
v -194.069 14.696 14.521
v -197.523 15.043 13.485
v -202.21 16.756 11.574
v -205.824 19.533 8.989
v -208.257 23.152 7.6
v -201.156 17.287 12.965
v -195.822 16.406 14.854
v -204.985 19.687 11.223
v -208.083 22.98 8.637
v -191.667 16.93 15.549
v -199.961 17.968 14.167
v -204.453 19.87 12.267
v -207.899 22.988 9.853
v -203.432 20.377 13.641
v -193.226 18.483 15.893
v -193.402 20.9 16.41
v -198.211 19.02 15.388
v -207.018 23.172 12.108
v -209.96 26.799 9.686
v -202.206 20.907 14.86
v -206.496 23.175 13.147
v -209.632 26.614 10.887
v -211.027 29.37 9.326
v -212.725 34.749 9.859
v -210.997 29.218 10.378
v -205.494 23.496 14.339
v -195.608 20.928 16.43
v -194.95 22.633 16.759
v -200.483 21.768 16.067
v -208.953 26.605 12.955
v -210.823 29.046 11.588
v -204.284 24.015 15.549
v -208.251 26.613 13.997
v -209.962 29.044 13.66
v -207.207 26.963 15.21
v -197.713 23.326 17.106
v -196.692 24.525 17.271
v -198.053 26.441 17.8
v -202.536 24.72 16.768
v -209.267 29.047 14.699
v -206.008 27.302 16.415
v -208.237 29.215 15.905
v -199.606 26.097 17.801
v -199.279 28.503 18.31
v -204.258 27.835 17.636
v -207.019 29.393 17.119
v -213.1 36.802 13.646
v -213.438 36.98 12.614
v -213.959 39.744 12.267
v -214.45 45.293 12.972
v -213.93 39.591 13.318
v -205.145 29.893 18.143
v -212.404 36.46 15.723
v -213.593 39.412 14.524
v -201.343 28.856 18.488
v -200.495 30.573 18.999
v -211.685 36.479 16.601
v -214.47 43.896 13.48
v -212.74 39.059 16.419
v -214.321 43.534 14.505
v -210.662 36.297 17.977
v -202.216 30.924 19.175
v -201.34 32.833 19.699
v -212.225 38.884 17.454
v -214.1 43.395 15.566
v -209.476 36.28 19.002
v -214.659 47.86 14.854
v -214.633 50.47 14.695
v -211.199 38.703 18.658
v -213.274 42.85 17.621
v -214.454 47.537 15.908
v -207.542 36.476 20.228
v -209.971 38.716 19.705
v -212.744 42.685 18.491
v -214.282 47.19 16.944
v -214.651 50.631 15.723
v -214.485 50.28 16.756
v -211.725 42.5 19.691
v -208.061 38.722 20.919
v -213.41 46.678 18.849
v -214.288 49.952 17.632
v -204.452 36.979 21.081
v -202.888 37.159 21.258
v -210.474 42.356 20.749
v -212.927 46.48 19.695
v -214.31 54.602 16.93
v -214.321 55.631 16.579
v -214.32 55.632 16.407
v -213.425 49.26 19.706
v -214.317 54.252 17.963
v -214.107 54.796 18.846
v -211.881 46.141 20.91
v -204.952 39.067 21.782
v -203.906 41.838 22.823
v -208.617 42.152 21.937
v -212.897 48.921 20.575
v -213.934 53.76 19.019
v -210.692 45.781 21.936
v -211.886 48.557 21.772
v -213.238 53.072 20.923
v -213.073 53.93 21.092
v -205.494 42.161 22.807
v -208.765 45.453 22.986
v -210.672 48.214 22.81
v -212.729 52.719 21.782
v -211.689 52.203 22.993
v -211.186 52.71 23.504
v -208.77 47.869 23.848
v -205.662 45.275 23.846
v -204.255 46.502 24.377
v -210.486 51.68 23.854
v -205.85 47.338 24.703
v -204.093 50.988 26.1
v -208.053 51.689 25.416
v -208.775 51.149 24.882
v -214.108 53.931 13.142
v -213.433 56.858 12.962
v -213.624 54.425 11.743
v -214.1 51.345 12.282
v -214.134 42.162 11.92
v -212.579 54.95 10.192
v -211.379 57.708 9.841
v -213.613 51.841 10.884
v -214.108 47.537 10.896
v -211.177 55.482 8.819
v -212.551 52.55 9.341
v -214.14 42.676 11.571
v -213.455 48.029 9.494
v -209.616 55.832 7.612
v -208.248 58.241 7.777
v -211.199 53.047 7.77
v -213.59 43.562 9.686
v -212.376 48.75 7.96
v -207.889 56.003 6.747
v -206.163 58.249 7.092
v -209.611 53.416 6.75
v -213.077 44.249 8.301
v -213.25 40.966 8.819
v -210.998 49.437 6.575
v -207.906 53.745 5.874
v -212.044 45.111 6.571
v -212.754 41.641 7.425
v -205.152 55.984 6.042
v -204.117 58.056 6.732
v -204.258 53.931 5.193
v -209.444 49.955 5.364
v -212.574 37.153 7.601
v -210.671 45.796 5.183
v -211.529 42.516 5.705
v -205.155 53.908 5.176
v -207.883 50.305 4.676
v -204.273 53.921 5.185
v -211.866 37.856 6.227
v -209.115 46.487 4.147
v -210.312 43.385 4.498
v -211.016 29.896 7.776
v -210.691 28.845 8.111
v -211.356 33.357 6.396
v -210.691 38.869 4.482
v -204.949 50.82 4.155
v -204.108 49.767 3.626
v -207.361 47.023 3.468
v -208.75 44.254 3.465
v -210.659 34.052 5.016
v -210.52 30.745 5.691
v -209.468 39.915 3.279
v -207.043 44.758 2.763
v -209.611 35.27 3.467
v -209.8 31.629 4.323
v -204.627 47.52 2.934
v -207.905 40.784 2.246
v -208.25 36.291 2.073
v -208.79 32.82 2.753
v -204.279 45.448 2.244
v -202.364 41.483 0.868
v -206.181 41.472 1.552
v -206.683 37.336 1.215
v -207.4 34.035 1.375
v -206.161 20.23 5.191
v -203.922 16.422 4.669
v -203.582 42.341 1.21
v -205.116 38.208 0.529
v -205.839 35.076 0.514
v -205.667 21.249 2.933
v -204.785 17.978 4.497
v -204.258 36.13 0.008
v -204.985 22.28 1.546
v -202.57 39.213 0.161
v -200.82 37.5 -0.347
v -204.283 19.003 2.415
v -203.921 23.681 0.176
v -203.595 20.038 1.03
v -201.657 37.173 -0.334
v -198.899 33.712 -1.547
v -201.489 13.667 3.466
v -199.584 11.077 3.468
v -200.993 37.5 -0.347
v -202.699 25.246 -1.027
v -202.56 21.593 -0.526
v -200.97 14.703 1.22
v -201.348 26.606 -1.734
v -201.322 23.168 -1.548
v -200.455 15.739 -0.164
v -199.794 27.815 -2.254
v -199.948 24.544 -2.244
v -199.433 17.456 -1.554
v -197.381 10.528 0.335
v -198.591 25.909 -2.775
v -198.236 19.176 -2.598
v -196.856 11.742 -1.044
v -195.469 8.635 -0.005
v -194.092 5.693 2.239
v -193.906 5.875 1.727
v -196.838 20.742 -3.281
v -195.81 13.65 -2.422
v -194.933 9.857 -1.378
v -196.162 27.817 -2.943
v -194.059 26.627 -3.274
v -193.409 6.897 -0.53
v -195.437 22.31 -3.618
v -194.761 15.386 -3.453
v -193.893 11.76 -2.76
v -192.856 8.13 -1.723
v -191.318 5.18 -0.867
v -193.565 17.105 -3.978
v -192.883 13.642 -3.81
v -192.025 10.009 -3.122
v -190.78 6.404 -2.067
v -193.214 24.367 -3.802
v -193.364 25.766 -3.618
v -193.058 25.565 -3.638
v -192.684 25.066 -3.797
v -191.845 24.185 -3.982
v -191.466 23.863 -3.965
v -191.161 23.661 -4.158
v -192.155 18.853 -4.483
v -191.649 15.56 -4.316
v -188.029 2.765 -1.21
v -190.952 12.107 -4.141
v -189.909 8.483 -3.446
v -187.523 4.138 -2.599
v -190.45 17.281 -4.667
v -189.732 14.016 -4.654
v -188.891 10.543 -4.32
v -190.116 21.247 -4.5
v -189.245 21.771 -4.497
v -182.52 -1.743 -0.011
v -181.469 -2.425 0.515
v -186.65 6.219 -3.977
v -188.549 15.725 -5.013
v -187.682 12.444 -5.011
v -188.373 19.875 -4.838
v -182.146 -0.686 -2.07
v -185.603 8.3 -4.836
v -187.705 20.55 -4.677
v -187.668 20.576 -4.659
v -186.47 14.347 -5.183
v -181.644 0.512 -3.288
v -186.451 18.508 -5.001
v -184.058 18.143 -5.187
v -184.571 10.37 -5.357
v -180.931 2.773 -4.487
v -184.56 17.29 -5.351
v -183.544 12.437 -5.535
v -184.07 18.134 -5.193
v -180.087 5.179 -5.361
v -181.653 15.541 -5.54
v -180.084 16.069 -5.533
v -179.027 7.442 -5.869
v -172.148 -5.025 -2.948
v -166.792 -5.89 -3.64
v -166.927 -6.901 -2.584
v -178.17 9.857 -6.045
v -171.966 12.782 -6.054
v -171.781 -3.628 -4.147
v -166.063 -3.099 -5.349
v -171.113 -1.397 -5.368
v -170.586 1.201 -6.055
v -165.195 1.397 -6.557
v -169.888 3.798 -6.397
v -169.008 6.574 -6.562
v -194.089 49.418 12.61
v -194.085 54.26 13.822
v -193.748 53.39 16.237
v -193.735 53.399 16.416
v -193.038 45.108 12.963
v -193.924 47.858 11.915
v -194.61 49.935 10.708
v -194.946 55.126 11.749
v -193.568 46.482 11.229
v -194.443 48.375 10.013
v -195.646 50.454 8.807
v -197.191 56.51 8.985
v -194.265 46.824 9.325
v -195.478 48.895 8.113
v -192.674 43.565 9.861
v -195.27 47.192 7.44
v -198.566 51.331 6.051
v -200.304 57.373 7.256
v -193.375 43.732 7.955
v -198.396 49.428 5.358
v -191.495 40.779 8.636
v -189.249 37.84 9.5
v -194.41 43.905 6.055
v -198.207 47.711 4.675
v -192.172 40.789 6.569
v -202.186 51.856 4.673
v -204.104 49.251 3.455
v -189.752 38.197 7.434
v -202.05 49.757 3.964
v -193.229 40.775 4.831
v -197.351 44.076 3.289
v -190.639 38.007 5.348
v -201.878 47.682 3.099
v -191.672 37.838 3.449
v -196.148 40.615 2.075
v -186.803 34.575 5.538
v -183.71 32.661 6.739
v -200.977 43.905 1.735
v -202.019 40.273 0.523
v -185.601 33.532 5.016
v -187.516 34.214 3.626
v -194.595 37.157 0.864
v -186.47 33.184 3.113
v -199.776 39.924 0.521
v -199.779 35.256 -1.036
v -188.709 33.881 1.907
v -182.993 31.815 4.159
v -187.523 32.654 1.376
v -181.479 31.095 3.793
v -178.534 30.236 5.352
v -183.873 31.286 2.251
v -198.03 36.308 -0.68
v -191.469 32.674 -0.683
v -182.329 30.414 1.899
v -184.924 30.412 0.515
v -190.278 31.106 -1.211
v -183.537 29.378 0.172
v -194.958 31.096 -2.255
v -196.138 29.388 -2.586
v -187.665 28.528 -2.065
v -175.575 28.869 2.943
v -171.802 28.675 4.657
v -193.753 29.364 -2.603
v -186.292 27.312 -2.415
v -176.252 27.841 0.876
v -172.306 28.167 2.59
v -190.964 26.27 -3.455
v -187.701 20.726 -4.675
v -177.29 26.458 -0.679
v -170.764 27.985 2.584
v -173.172 26.956 0.688
v -189.404 24.891 -3.798
v -169.19 27.652 2.42
v -171.596 26.625 0.526
v -174.04 25.57 -1.042
v -179.906 23.504 -3.283
v -169.884 26.44 0.518
v -172.48 25.055 -1.213
v -170.76 24.704 -1.216
v -176.291 21.938 -3.637
v -182.682 20.04 -4.844
v -177.99 15.046 -5.696
v -174.551 21.428 -3.631
v -162.969 27.133 2.247
v -159.671 27.316 4.155
v -159.686 26.96 2.592
v -160.028 26.098 1.039
v -172.803 20.924 -3.793
v -163.326 25.57 0.34
v -160.402 24.524 -0.531
v -178.868 18.147 -5.184
v -176.961 17.287 -5.181
v -164.026 23.663 -1.392
v -161.263 20.205 -3.467
v -174.879 16.602 -5.35
v -171.068 12.633 -6.037
v -165.413 19.166 -3.987
v -166.787 14.333 -5.711
v -163.147 10.885 -6.396
v -189.257 19.516 16.409
v -189.766 20.905 16.24
v -189.907 20.754 16.775
v -188.384 18.312 15.722
v -189.597 19.347 16.93
v -190.103 20.738 17.109
v -190.261 20.575 17.289
v -188.875 18.85 16.427
v -188.72 17.973 16.591
v -188.56 18.137 16.066
v -189.915 19.021 17.289
v -190.603 20.405 17.464
v -190.782 20.228 17.46
v -190.947 20.234 17.465
v -189.564 17.469 17.119
v -189.066 18.664 16.763
v -188.874 17.814 16.773
v -189.599 18.308 17.102
v -189.073 17.622 16.932
v -189.419 31.794 16.241
v -190.461 31.444 16.93
v -189.927 31.455 16.592
v -189.593 31.447 16.24
v -190.117 32.134 16.756
v -189.414 31.97 16.244
v -190.64 31.958 17.1
v -190.97 31.624 17.453
v -190.283 31.621 16.933
v -190.789 31.111 17.112
v -191.159 31.094 17.445
v -191.301 31.288 17.633
v -191.143 30.587 17.453
v -191.327 30.579 17.62
v -191.657 30.59 17.801
v -191.639 29.565 17.81
v -192.169 29.212 18.15
v -191.502 29.022 17.446
v -191.806 26.113 17.813
v -192.177 25.059 18.146
v -191.15 25.051 17.104
v -191.491 24.709 17.625
v -190.452 20.39 17.28
v -190.083 20.579 17.119
v -189.915 20.749 16.944
v -189.948 20.899 16.582
v -189.761 20.908 16.416
v -184.238 31.099 12.437
v -183.879 30.418 12.271
v -183.886 30.931 12.267
v -183.893 31.272 12.091
v -185.112 31.266 13.124
v -187.86 31.796 15.206
v -189.424 31.79 16.239
v -189.603 31.613 16.236
v -203.433 39.214 23.492
v -199.259 50.466 26.443
v -201.683 50.29 27.132
v -204.099 50.465 27.479
v -192.372 28.326 18.135
v -199.445 28.335 19.869
v -192.34 28.003 18.15
v -192.338 25.24 18.152
v -194.954 22.458 18.313
v -192.154 28.876 18.157
v -192.002 29.726 18.147
v -191.848 22.455 17.792
v -191.656 30.591 17.802
v -181.111 33.012 6.224
v -182.493 31.284 11.063
v -181.132 30.75 10.534
v -161.416 20.046 12.788
v -165.032 19.191 13.486
v -164.354 18.663 13.479
v -163.82 18.155 13.659
v -163.303 17.463 13.659
v -163.31 17.459 13.655
v -163.292 17.299 13.665
v -163.123 17.296 13.663
v -163.126 17.121 13.834
v -162.947 16.607 13.837
v -162.626 14.343 13.997
v -160.4 25.043 10.012
v -166.071 19.708 13.312
v -195.83 44.743 21.936
v -195.799 50.814 23.852
v -193.373 46.152 19.017
v -193.229 51.835 20.385
v -192.526 47.004 17.107
v -190.275 42.341 11.406
v -191.991 47.535 14.005
v -192.354 53.225 16.415
v -193.714 37.342 19.192
v -191.156 39.392 16.237
v -191.33 33.169 17.446
v -191.481 30.937 17.802
v -191.297 31.291 17.635
v -191.131 31.459 17.459
v -191.142 31.452 17.454
v -190.983 31.615 17.447
v -190.772 31.814 17.293
v -190.777 31.811 17.29
v -190.633 31.964 17.103
v -190.469 31.957 17.099
v -190.44 31.977 16.94
v -190.274 32.145 16.937
v -190.087 32.155 16.771
v -189.954 32.128 16.579
v -189.76 32.142 16.589
v -189.434 32.128 16.234
v -190.267 40.446 14.176
v -188.544 39.405 9.852
v -188.916 35.758 14.505
v -186.478 31.968 13.996
v -188.026 36.985 12.444
v -185.787 36.116 7.947
v -186.131 36.462 8.293
v -187.361 37.831 8.975
v -183.527 33.015 10.373
v -183.005 34.054 6.746
v -185.248 35.784 7.784
v -185.256 31.804 12.965
v -183.902 31.612 11.914
v -178.53 30.412 9.156
v -175.926 31.111 5.014
v -179.712 30.086 10.38
v -178.185 29.029 10.538
v -173.172 26.783 10.712
v -175.426 26.778 11.4
v -174.368 25.756 11.928
v -173.833 25.249 12.11
v -173.355 24.702 12.262
v -172.119 23.338 12.794
v -172.279 28.877 8.48
v -167.127 25.916 10.364
v -170.579 22.117 13.132
v -166.406 28.011 8.132
v -159.497 28.7 5.02
v -159.53 28.849 4.139
v -159.841 27.318 7.959
v -159.662 28.186 6.579
v -190.113 18.311 15.721
v -190.458 19.004 15.895
v -194.941 22.64 16.764
v -189.913 17.985 15.735
v -189.911 17.814 15.563
v -189.754 17.63 15.555
v -189.781 17.611 15.542
v -172.81 23.165 11.239
v -173.53 23.836 11.051
v -173.501 23.857 11.066
v -165.043 9.16 12.616
v -165.212 9.163 12.791
v -165.408 8.801 12.606
v -164.884 8.977 12.609
v -164.862 8.992 12.62
v -165.405 8.457 12.608
v -164.712 8.977 12.609
v -165.373 8.479 12.624
v -164.545 8.8 12.606
v -165.411 8.28 12.605
v -164.375 8.798 12.604
v -164.183 8.811 12.614
v -164.005 8.815 12.617
v -163.334 8.973 12.434
v -163.669 9.327 12.612
v -163.817 8.999 12.624
v -163.843 8.807 12.611
v -163.33 8.976 12.436
v -163.99 8.826 12.624
v -162.955 9.516 12.451
v -163.325 9.844 12.611
v -162.619 10.2 12.618
v -163.123 10.555 12.625
v -163.16 10.357 12.607
v -163.127 10.38 12.623
v -162.619 11.064 12.618
v -163.307 10.721 12.62
v -163.127 10.725 12.623
v -162.616 11.758 12.62
v -163.506 10.875 12.78
v -163.497 10.882 12.784
v -163.494 10.883 12.786
v -163.318 10.886 12.614
v -162.801 12.095 12.614
v -163.659 10.889 12.79
v -162.799 12.096 12.615
v -163.995 11.068 12.794
v -162.816 12.257 12.606
v -162.82 12.427 12.604
v -164.536 13.645 12.783
v -164.679 11.247 12.798
v -164.527 11.232 12.788
v -162.969 13.826 12.616
v -162.779 16.949 12.279
v -164.894 18.648 12.086
v -164.527 16.071 12.615
v -162.602 18.508 11.763
v -162.269 19.189 11.583
v -203.414 45.967 24.192
v -201.316 50.823 25.587
v -204.093 50.988 26.1
v -203.392 39.588 21.957
v -203.432 43.881 23.492
v -200.454 46.328 23.685
v -199.076 50.991 24.72
v -202.888 40.961 22.468
v -200.494 44.399 22.974
v -198.767 46.472 22.801
v -196.676 51.323 22.809
v -198.578 44.755 22.117
v -199.959 41.645 21.945
v -196.308 47.191 20.919
v -198.066 42.159 21.077
v -196.13 45.639 20.403
v -195.099 47.882 19.363
v -194.581 52.202 19.882
v -200.278 32.332 19.539
v -199.285 28.499 18.307
v -194.753 48.228 18.499
v -198.585 36.282 20.04
v -194.961 46.302 18.828
v -195.611 43.22 19.367
v -194.229 48.75 17.12
v -194.421 46.663 17.974
v -198.923 29.547 18.661
v -196.65 37.17 19.365
v -193.912 49.076 16.242
v -193.735 53.399 16.416
v -197.379 33.687 19.001
v -198.401 28.686 18.317
v -194.399 43.913 17.812
v -193.895 47.187 16.595
v -193.922 44.402 16.927
v -193.753 47.511 15.543
v -195.62 34.746 18.325
v -196.138 31.117 18.153
v -193.713 47.884 14.526
v -193.573 47.515 13.991
v -193.376 44.94 15.559
v -194.088 38.532 17.622
v -195.646 30.407 17.966
v -192.871 26.785 16.762
v -192.873 28.512 16.761
v -192.526 30.241 16.589
v -193.223 45.272 14.685
v -191.663 41.646 11.403
v -195.484 24.351 17.097
v -192.332 23.516 16.427
v -192.682 25.241 16.597
v -194.241 32.324 17.46
v -192.883 39.565 16.064
v -193.041 36.292 16.763
v -193.738 31.622 17.279
v -192.167 30.941 16.423
v -191.637 31.64 16.083
v -192.351 40.093 15.207
v -193.218 22.117 16.588
v -191.124 20.403 16.08
v -191.819 21.956 16.251
v -191.811 37.516 15.218
v -191.812 40.799 13.662
v -191.854 34.202 15.888
v -191.292 38.035 14.181
v -191.329 33.515 15.545
v -190.969 31.97 15.553
v -190.286 31.964 15.03
v -191.637 41.146 12.799
v -190.439 35.434 14.348
v -191.492 41.299 11.575
v -190.779 38.722 12.796
v -190.094 34.916 14.003
v -188.872 31.813 14.009
v -189.946 36.108 13.299
v -190.444 39.233 11.754
v -189.59 35.424 13.131
v -190.469 39.388 10.704
v -189.781 38.522 9.839
v -189.401 36.818 11.929
v -188.875 36.304 11.588
v -189.218 37.343 10.898
v -188.727 36.806 10.538
v -187.165 35.428 8.122
v -187.504 31.976 12.619
v -187.505 31.457 12.964
v -186.144 31.096 11.916
v -188.548 36.983 9.332
v -188.563 36.972 8.979
v -186.977 32.673 11.759
v -185.44 30.932 11.404
v -186.31 33.521 10.192
v -185.106 31.097 11.053
v -184.743 30.763 10.889
v -186.123 34.049 8.989
v -186.305 34.561 7.775
v -186.626 34.924 7.96
v -184.385 32.154 9.512
v -184.067 30.58 10.536
v -183.194 30.413 10.194
v -184.047 32.495 8.299
v -181.791 31.638 6.23
v -183.881 32.836 7.085
v -183.861 32.677 6.75
v -180.941 30.072 8.469
v -181.801 29.729 9.681
v -180.236 29.044 9.513
v -180.617 30.748 7.421
v -177.826 29.038 7.953
v -178.687 28.176 9.51
v -177.316 27.131 9.677
v -176.107 27.13 9.331
v -175.951 26.082 10.014
v -177.468 29.565 6.749
v -174.192 25.585 10.029
v -175.416 25.575 10.368
v -174.723 25.058 10.541
v -174.215 24.532 10.709
v -177.335 29.883 5.692
v -176.27 29.557 5.188
v -175.409 28.345 7.606
v -173.353 25.395 10.017
v -173.679 26.618 9.162
v -175.077 29.027 6.562
v -172.456 25.245 10.033
v -171.942 22.476 11.413
v -172.828 26.436 8.983
v -173.156 27.831 7.436
v -172.143 26.259 8.98
v -172.286 27.835 7.439
v -172.825 28.512 6.392
v -171.462 27.634 7.246
v -168.322 21.952 11.236
v -170.233 21.081 11.75
v -169.18 20.574 11.93
v -168.337 20.04 11.92
v -167.279 19.709 11.93
v -171.944 28.351 6.228
v -171.093 28.342 6.221
v -162.96 14.005 12.621
v -167.476 24.358 9.671
v -167.107 25.584 8.646
v -164.849 21.445 10.898
v -166.23 19.199 11.936
v -165.584 18.994 11.913
v -163.469 21.27 10.897
v -162.114 19.869 11.229
v -160.892 24.025 8.989
v -166.596 26.962 7.087
v -164.164 24.033 9.513
v -166.417 27.657 5.88
v -163.839 25.055 8.465
v -162.969 23.85 9.333
v -162.638 25.049 8.461
v -160.187 26.108 6.922
v -163.469 26.628 6.922
v -163.144 27.305 5.875
v -162.117 26.433 6.907
v -161.911 27.148 5.887
v -161.781 27.464 4.656
v -159.709 27.289 4.309
v -160.039 26.955 5.7
v -159.856 26.962 5.878
v -159.662 27.322 4.851
v -159.875 27.294 4.658
v -219.324 -10.553 108.005
v -219.671 -12.8 109.387
v -219.136 -12.27 106.112
v -218.808 -10.381 106.276
v -217.949 -10.212 104.372
v -217.081 -11.765 102.646
v -216.725 -10.029 102.651
v -218.623 -3.806 108.874
v -218.112 2.584 111.117
v -215.011 -10.039 101.262
v -214.139 -11.762 100.401
v -218.097 -3.627 107.15
v -213.069 -10.011 100.245
v -211.2 -11.761 99.365
v -210.998 -11.914 99.206
v -217.251 -3.468 105.24
v -218.113 0.855 109.216
v -211.021 -10.029 99.541
v -216.007 -3.443 103.529
v -217.57 0.872 107.5
v -208.787 -10.383 99.362
v -207.881 -12.255 99.21
v -214.277 -3.442 102.147
v -216.712 0.867 105.596
v -206.879 -10.551 99.711
v -205.12 -12.604 100.072
v -212.397 -3.629 101.1
v -215.493 0.874 103.872
v -205.135 -10.886 100.237
v -210.3 -3.787 100.42
v -213.798 0.851 102.473
v -203.91 -11.048 100.763
v -202.891 -13.134 101.446
v -208.245 -3.972 100.238
v -202.872 -11.22 101.455
v -211.877 0.692 101.446
v -206.18 -4.151 100.406
v -201.508 -11.578 102.656
v -200.828 -13.66 103.514
v -209.79 0.528 100.761
v -204.44 -4.489 101.103
v -200.471 -11.924 104.211
v -199.598 -14.338 106.116
v -207.74 0.166 100.576
v -203.244 -4.671 101.615
v -199.632 -12.46 106.099
v -199.286 -14.88 109.037
v -205.825 0.003 100.756
v -202.183 -4.827 102.318
v -204.1 -0.173 101.273
v -200.822 -5.015 103.517
v -202.888 -0.343 101.966
v -199.623 -5.368 105.067
v -201.878 -0.535 102.643
v -198.723 -5.689 106.986
v -200.484 -0.7 103.859
v -215.32 23.514 106.637
v -215.314 28.702 109.405
v -216.542 17.802 110.779
v -199.237 -0.847 105.433
v -214.459 23.166 104.735
v -198.4 -1.211 107.493
v -213.246 22.822 103.008
v -197.861 -1.369 109.578
v -196.844 6.739 110.95
v -213.589 41.143 102.837
v -213.945 41.655 104.56
v -214.285 39.239 106.982
v -212.74 40.442 100.928
v -211.541 39.916 99.368
v -213.237 48.233 102.321
v -212.399 59.621 99.37
v -209.969 39.235 97.993
v -211.683 22.482 101.63
v -212.923 47.52 100.578
v -195.98 21.428 106.629
v -195.823 17.616 110.251
v -194.749 28.356 108.714
v -208.056 38.725 96.962
v -209.642 22.113 100.576
v -212.031 46.848 98.863
v -212.933 52.524 100.572
v -206.018 38.355 96.253
v -207.563 21.771 99.887
v -205.468 21.613 99.725
v -210.822 46.157 97.308
v -212.553 51.857 99.034
v -212.721 54.626 99.728
v -212.026 58.431 96.965
v -203.944 38.182 96.08
v -209.293 45.447 95.912
v -211.706 50.981 97.297
v -212.237 53.91 97.982
v -211.001 57.039 94.539
v -201.852 38.022 96.435
v -203.593 21.423 100.058
v -207.362 44.949 94.89
v -210.472 50.307 95.754
v -211.543 53.048 96.428
v -200.118 38.026 96.956
v -201.866 21.249 100.576
v -205.308 44.417 94.361
v -208.947 49.594 94.356
v -210.315 52.37 94.709
v -208.597 55.474 91.766
v -203.218 44.255 94.196
v -207.017 48.924 93.334
v -208.786 51.487 93.486
v -201.349 44.06 94.353
v -204.958 48.567 92.808
v -206.868 50.981 92.458
v -204.959 54.442 90.215
v -199.595 44.078 94.885
v -195.109 38.715 100.93
v -196.514 38.354 99.363
v -202.912 48.202 92.621
v -204.811 50.451 91.931
v -198.384 44.252 95.404
v -198.937 38.006 97.46
v -194.253 39.228 102.654
v -193.237 43.188 104.89
v -201.006 48.033 92.797
v -202.696 50.306 91.779
v -201.17 53.915 90.036
v -197.181 44.42 96.092
v -197.868 38.201 98.168
v -199.079 48.224 93.328
v -200.623 50.133 91.951
v -195.794 44.596 97.304
v -197.894 48.207 93.834
v -198.939 50.102 92.447
v -197.864 54.104 90.911
v -194.588 45.111 98.684
v -196.824 48.403 94.542
v -197.721 50.281 92.97
v -193.579 45.611 100.572
v -195.439 48.75 95.58
v -196.679 50.457 93.664
v -195.133 54.598 92.622
v -194.09 49.245 97.119
v -195.288 50.808 94.705
v -193.235 49.93 98.842
v -193.916 51.319 96.255
v -192.879 55.813 95.564
v -193.046 52.015 97.986
v -192.344 52.714 99.893
v -191.827 57.379 99.028
v -216.377 9.155 106.8
v -215.352 20.38 106.103
v -198.933 2.926 105.412
v -198.556 2.949 106.119
v -197.882 14.169 105.246
v -197.037 21.242 104.718
v -198.202 21.273 103.012
v -196.348 24.524 104.544
v -200.647 21.255 101.099
v -199.595 21.266 101.798
v -213.971 4.825 102.991
v -212.925 4.659 102.304
v -210.481 10.379 101.453
v -212.76 15.714 102.646
v -211.875 15.556 101.965
v -202.191 6.919 102.141
v -201.183 17.787 101.436
v -215.699 16.75 106.621
v -207.2 5.711 100.76
v -208.231 7.271 100.763
v -207.557 14.344 100.582
v -206.184 16.412 100.404
v -198.595 6.723 105.408
v -218.641 -0.016 105.409
v -219.486 2.762 111.122
v -221.213 -12.618 109.394
v -220.323 -11.909 105.086
v -217.77 -11.59 101.265
v -214.144 -0.186 100.745
v -213.952 -11.407 98.68
v -207.732 -0.692 99.025
v -209.469 -11.759 97.638
v -204.981 -12.454 98.5
v -202.373 -1.383 100.409
v -201.184 -13.149 100.917
v -198.23 -2.077 104.381
v -198.552 -14.158 104.566
v -197.721 -15.045 109.042
v -195.437 6.41 110.789
v -213.251 51.853 96.957
v -210.864 55.805 91.929
v -213.285 57.705 95.385
v -213.793 59.786 99.364
v -209.101 49.608 92.465
v -207.198 54.275 89.528
v -202.908 48.378 90.895
v -198.238 53.393 89.342
v -202.886 53.405 88.659
v -197.375 48.38 92.279
v -194.267 54.081 91.586
v -193.018 49.442 95.754
v -190.279 57.201 99.024
v -191.468 55.487 95.06
v -191.808 42.875 104.913
v -217.605 8.797 105.754
v -217.908 18.332 110.787
v -216.036 13.473 103.86
v -216.364 20.571 105.079
v -216.177 23.518 104.74
v -211.714 22.46 99.886
v -197.867 2.255 104.563
v -215.315 30.775 103.356
v -215.869 39.565 106.968
v -198.39 8.646 103.005
v -213.587 37.342 99.9
v -196.666 14.001 104.385
v -193.224 27.816 108.699
v -195.788 21.269 103.528
v -200.119 21.089 99.721
v -213.955 44.931 99.543
v -195.639 24.018 103.171
v -193.902 30.073 103.866
v -194.751 31.293 101.627
v -193.385 45.279 97.471
v -212.405 6.215 100.404
v -207.045 6.908 99.196
v -211.204 17.616 99.882
v -205.487 21.6 98.333
v -206.179 14.341 99.024
v -211.338 25.938 99.382
v -212.237 29.716 99.538
v -210.174 29.19 98.15
v -204.1 29.207 96.953
v -199.632 26.079 98.841
v -211.031 43.366 95.734
v -203.065 38.192 94.532
v -208.758 42.693 94.537
v -209.452 46.321 93.845
v -198.215 39.755 95.402
v -203.25 32.999 96.081
v -197.542 46.31 92.973
v -211.899 12.083 100.225
v -206.504 10.899 99.207
v -199.966 12.262 101.094
v -200.806 14.007 100.414
v -208.95 34.903 96.602
v -208.934 37.506 95.918
v -207.034 35.95 95.572
v -198.593 31.956 97.805
v -193.926 40.77 99.015
v -202.221 -2.953 120.791
v -201.157 -16.068 117.348
v -204.979 -16.082 119.93
v -207.549 -2.413 122.534
v -209.481 -15.916 120.79
v -213.931 -15.194 120.12
v -213.947 -1.725 121.149
v -217.778 -14.361 117.679
v -218.469 -0.881 116.469
v -221.213 -12.618 109.394
v -218.965 8.813 111.296
v -220.331 -13.469 113.896
v -198.217 -6.216 116.139
v -196.167 0.335 110.77
v -197.721 -15.045 109.042
v -198.565 -15.723 113.546
v -198.055 -1.385 116.998
v -196.316 4.499 115.275
v -194.416 15.731 110.436
v -197.212 6.724 117.16
v -197.706 12.444 118.728
v -203.26 10.872 122.173
v -199.424 23.857 119.943
v -195.791 19.712 116.316
v -210.86 7.072 122.347
v -194.238 25.759 113.549
v -192.328 36.999 106.641
v -209.269 11.418 122.538
v -217.937 3.968 116.649
v -207.721 15.906 122.534
v -204.775 24.725 121.674
v -211.204 25.046 120.101
v -216.006 10.902 118.565
v -197.357 29.036 118.038
v -194.595 30.935 114.58
v -196.506 31.62 116.822
v -216.561 16.924 116.472
v -216.348 19.545 116.147
v -216.718 30.243 109.222
v -215.851 24.887 115.617
v -203.412 38.019 119.072
v -192.174 49.082 107.841
v -190.279 57.201 99.024
v -215.529 27.981 115.087
v -212.217 32.667 117.694
v -193.237 53.73 109.038
v -193.222 61.172 106.626
v -190.956 59.285 103.179
v -193.21 49.948 109.743
v -194.583 50.645 111.475
v -195.281 54.788 110.781
v -201.319 63.61 109.922
v -196.835 62.739 109.053
v -214.636 35.951 113.546
v -212.762 36.451 116.125
v -215.659 34.06 112.171
v -215.169 45.274 105.244
v -202.215 50.971 115.091
v -209.3 58.057 110.079
v -209.797 62.911 106.979
v -205.844 63.587 109.215
v -212.398 54.783 108.357
v -213.793 59.786 99.364
v -211.704 57.377 107.84
v -212.579 61.517 103.514
v -210.849 55.297 110.082
v -211.873 14.866 121.322
v -213.595 14.352 120.288
v -193.552 34.569 112.337
v -212.892 16.607 120.467
v -212.758 17.962 120.448
v -214.292 17.631 119.248
v -195.801 38.024 115.446
v -202.728 44.581 117.168
v -192.713 43.883 109.732
v -195.46 41.304 114.58
v -195.105 44.421 113.548
v -208.245 37.504 118.556
v -208.072 40.789 117.693
v -212.07 42.846 114.397
v -207.044 50.46 114.75
v -211.682 45.986 113.381
v -206.712 53.561 113.534
v -211.344 49.092 112.341
v -207.552 45.629 116.311
v -199.454 -13.494 112.669
v -199.286 -14.88 109.037
v -199.975 -15.396 113.014
v -200.278 -13.638 114.59
v -202.044 -15.739 116.127
v -201.519 -13.833 116.13
v -198.215 -6.215 111.474
v -197.543 0.339 110.773
v -202.906 -13.836 117.511
v -204.627 -15.905 118.205
v -198.762 -6.407 113.534
v -204.108 -14.004 118.378
v -205.117 -13.811 118.738
v -207.901 -15.725 119.247
v -199.598 -6.387 115.449
v -197.895 -1.566 111.807
v -206.85 -13.814 119.427
v -200.831 -6.577 117.165
v -198.211 -1.546 113.895
v -208.781 -13.663 119.758
v -211.71 -15.212 119.243
v -202.198 -6.566 118.383
v -199.076 -1.547 115.796
v -203.391 -6.554 119.255
v -210.829 -13.471 119.598
v -200.279 -1.542 117.528
v -204.293 -6.408 119.755
v -213.11 -13.15 119.062
v -215.349 -14.7 117.683
v -201.69 -1.562 118.896
v -206.013 -6.402 120.45
v -214.966 -12.773 118.048
v -202.883 -1.377 119.769
v -208.09 -6.231 120.622
v -203.762 -1.387 120.107
v -216.714 -12.268 116.655
v -218.09 -13.819 114.757
v -210.134 -5.865 120.637
v -205.503 -1.224 120.791
v -217.949 -11.94 115.087
v -212.247 -5.719 120.098
v -207.574 -1.049 121.139
v -218.814 -11.595 113.186
v -219.291 -13.295 112.169
v -214.109 -5.347 119.081
v -209.621 -0.857 120.979
v -219.319 -11.24 111.464
v -219.671 -12.8 109.387
v -215.847 -5.008 117.694
v -211.706 -0.519 120.455
v -217.254 -4.679 115.953
v -213.606 -0.346 119.419
v -218.116 -4.332 114.226
v -215.357 -0.016 118.025
v -218.634 -4.159 112.325
v -217.418 8.807 111.291
v -216.701 0.184 116.489
v -195.8 22.298 113.027
v -194.936 26.445 109.052
v -195.974 15.73 110.434
v -217.559 0.361 114.591
v -218.075 0.535 112.691
v -192.678 49.266 103.873
v -191.827 57.379 99.028
v -193.905 37.156 106.63
v -193.023 44.946 105.429
v -215.667 24.204 111.821
v -216.214 19.691 110.597
v -215.177 30.406 109.042
v -215.137 24.385 113.728
v -193.056 50.107 105.758
v -193.391 45.621 107.492
v -192.355 52.534 102.48
v -192.178 58.758 101.79
v -193.71 50.824 107.678
v -194.267 46.304 109.387
v -192.7 53.398 104.554
v -194.939 51.502 109.224
v -195.289 47.006 110.95
v -196.652 47.538 112.169
v -193.364 54.281 106.295
v -193.206 59.974 104.215
v -196.165 52.182 110.425
v -194.619 54.94 107.828
v -194.955 61.169 106.278
v -197.355 52.542 111.299
v -197.868 47.879 113.03
v -198.24 52.872 111.634
v -198.761 48.205 113.361
v -200.462 48.569 114.066
v -195.801 55.651 109.052
v -199.947 53.233 112.336
v -202.374 48.907 114.234
v -197.015 55.994 109.741
v -197.172 62.054 107.502
v -197.881 56.338 110.258
v -202.042 53.564 112.498
v -199.598 56.691 110.782
v -199.785 62.731 108.356
v -204.102 53.746 112.505
v -204.431 49.092 114.242
v -201.694 57.022 111.117
v -203.085 63.065 108.348
v -206.173 53.748 111.988
v -206.699 49.077 113.713
v -203.733 57.219 111.134
v -208.253 53.572 110.949
v -208.615 48.893 112.668
v -210.341 48.549 111.46
v -205.827 57.205 110.606
v -206.369 62.891 107.483
v -209.982 53.225 109.738
v -213.266 47.176 106.455
v -212.753 47.691 108.18
v -213.783 45.276 105.245
v -207.885 57.043 109.577
v -209.285 62.215 105.42
v -211.339 52.724 108.196
v -211.727 48.202 109.903
v -209.647 56.674 108.35
v -212.4 52.189 106.455
v -211.007 56.171 106.806
v -211.533 61.005 102.482
v -212.933 51.66 104.72
v -212.399 59.621 99.37
v -212.051 55.475 105.075
v -212.577 54.951 103.515
v -198.571 4.32 116.308
v -199.411 4.51 117.357
v -197.859 7.273 115.627
v -198.375 7.448 116.493
v -198.921 12.612 117.688
v -196.645 19.373 114.938
v -196.687 22.627 114.917
v -197.185 19.531 115.618
v -197.718 22.977 116.648
v -199.07 23.344 117.873
v -200.31 23.496 118.722
v -215.53 2.922 117.679
v -196.152 25.058 114.061
v -216.734 4.482 115.608
v -216.175 4.51 116.666
v -195.108 29.211 111.818
v -214.112 11.069 118.216
v -196.838 28.346 115.446
v -195.615 30.602 113.206
v -195.967 30.77 113.894
v -215.5 16.596 115.448
v -214.977 16.599 116.314
v -213.761 19.368 117.181
v -214.131 24.536 115.441
v -212.763 24.525 117.162
v -196.521 36.448 114.049
v -194.446 42.325 110.075
v -194.77 42.513 110.95
v -195.294 44.237 111.466
v -214.316 27.811 114.052
v -212.73 34.918 114.24
v -213.073 39.759 111.476
v -206.33 4.851 121.329
v -203.25 9.323 120.622
v -205.824 7.781 121.323
v -211.007 5.189 120.632
v -205.659 11.923 121.146
v -205.488 16.069 120.972
v -202.913 24.007 119.927
v -201.139 23.693 119.258
v -204.982 24.183 120.102
v -211.348 18.327 119.424
v -209.625 21.952 119.768
v -207.039 24.368 120.11
v -209.1 24.549 119.598
v -211.001 24.549 118.561
v -209.796 17.633 120.287
v -204.296 32.474 118.716
v -209.297 29.89 118.376
v -203.398 40.621 116.832
v -203.933 36.461 117.861
v -206.881 44.404 115.264
v -208.056 42.182 115.627
v -209.457 44.589 113.889
v -210.328 9.501 120.799
v -210.149 11.579 120.629
v -199.419 31.81 117.353
v -208.765 35.948 117.173
v -193.748 53.39 16.237
v -193.735 53.399 16.416
v -193.03 60.494 19.534
v -211.716 64.282 94.7
v -212.399 59.621 99.37
v -211.887 58.061 96.429
v -211.714 66.011 95.565
v -211.34 63.266 93.16
v -211.542 66.183 93.318
v -210.665 62.217 91.596
v -210.171 56.325 93.312
v -211.166 64.995 91.778
v -209.449 61.012 90.217
v -211.359 69.301 90.731
v -211.167 71.734 90.913
v -210.472 63.96 90.397
v -207.89 60.15 89.009
v -207.383 55.131 91.077
v -211.038 67.901 89.336
v -209.289 62.732 89.001
v -205.979 59.293 88.15
v -204.253 54.28 90.05
v -210.322 66.709 88.139
v -207.736 61.693 87.79
v -210.994 72.598 87.457
v -210.693 79.134 81.213
v -203.93 58.758 87.619
v -209.105 65.331 86.76
v -205.841 60.825 86.923
v -210.658 71.209 86.243
v -201.867 58.404 87.441
v -201.175 53.911 90.033
v -207.56 64.287 85.718
v -203.92 60.32 86.414
v -209.978 69.646 84.854
v -199.945 58.419 87.624
v -198.391 54.098 90.734
v -205.667 63.244 84.849
v -201.67 59.977 86.416
v -208.768 68.263 83.817
v -198.04 58.595 87.972
v -203.595 62.725 84.503
v -210.654 77.26 81.06
v -199.802 59.953 86.572
v -207.193 67.067 82.79
v -197.036 58.745 88.474
v -195.972 54.443 91.944
v -201.486 62.404 84.348
v -210.33 75.517 80.012
v -198.059 60.137 86.925
v -205.508 66 82.077
v -195.797 59.111 89.18
v -196.818 60.331 87.459
v -199.62 62.379 84.503
v -209.643 73.959 79.146
v -203.387 65.514 81.755
v -194.404 59.636 90.222
v -193.89 55.14 94.022
v -195.612 60.674 87.976
v -197.706 62.562 84.855
v -208.591 72.414 78.116
v -201.335 65.154 81.572
v -193.027 60.497 91.429
v -192.504 56.179 96.27
v -194.255 61.348 89
v -196.508 62.899 85.195
v -207.061 71.014 77.413
v -199.277 65.143 81.736
v -192.015 61.343 93.145
v -191.827 57.379 99.028
v -195.484 63.235 85.707
v -192.883 62.205 90.205
v -205.152 69.81 76.898
v -197.558 65.309 82.077
v -193.89 63.954 86.763
v -191.853 63.236 91.756
v -196.341 65.66 82.427
v -203.078 69.118 76.552
v -210.332 82.083 69.296
v -210.313 83.824 68.96
v -192.705 64.973 87.96
v -191.293 64.476 93.506
v -190.81 68.426 91.587
v -195.135 66.176 82.943
v -201.012 68.767 76.376
v -210.149 80.189 68.783
v -191.638 66.204 89.358
v -193.722 66.888 83.65
v -199.072 68.795 76.568
v -209.482 78.271 68.425
v -210.325 82.952 64.633
v -210.504 85.022 57.027
v -190.983 67.561 90.895
v -192.327 68.107 84.693
v -197.171 69.14 76.741
v -208.25 76.558 67.918
v -210.144 81.057 64.292
v -191.308 69.304 86.067
v -190.121 76.719 81.216
v -195.989 69.466 77.073
v -206.687 75.008 67.576
v -209.483 79.135 64.104
v -194.939 69.994 77.425
v -204.983 73.782 67.218
v -208.228 77.438 63.781
v -193.389 71.027 78.114
v -202.913 72.915 67.044
v -210.512 83.288 56.677
v -206.678 75.706 63.606
v -191.985 72.252 78.815
v -200.835 72.572 67.045
v -210.145 81.402 56.86
v -204.975 74.479 63.42
v -190.985 73.781 79.834
v -189.932 81.397 69.991
v -198.749 72.754 67.052
v -209.478 79.484 56.848
v -202.868 73.81 63.437
v -190.274 75.523 80.88
v -197.007 73.109 67.231
v -208.414 77.601 56.861
v -200.818 73.448 63.252
v -195.789 73.633 67.235
v -206.847 76.054 57.04
v -198.742 73.45 63.253
v -194.593 74.142 67.401
v -204.978 74.822 57.024
v -196.992 73.81 63.264
v -193.202 75.185 67.751
v -195.824 74.3 63.416
v -202.877 73.977 57.038
v -191.832 76.731 68.09
v -194.613 74.992 63.417
v -200.812 73.625 56.861
v -190.784 78.468 68.615
v -193.22 76.036 63.594
v -198.918 73.793 56.857
v -190.116 80.525 69.122
v -191.834 77.594 63.769
v -197.018 74.138 56.856
v -190.816 79.309 64.105
v -189.948 82.941 58.059
v -195.797 74.664 56.862
v -194.749 75.19 56.695
v -193.211 76.388 56.686
v -191.853 77.754 56.501
v -190.794 79.67 56.339
v -190.108 81.74 56.336
v -190.472 80.863 44.921
v -210.329 80.702 50.806
v -210.996 82.448 43.732
v -210.132 79.683 50.991
v -209.637 78.802 51.152
v -209.116 77.767 51.326
v -208.61 76.894 51.493
v -195.645 74.477 53.741
v -201.17 71.889 47.695
v -194.074 75.179 51.848
v -193.409 75.679 51.835
v -192.716 76.372 51.663
v -192.16 77.089 51.509
v -194.242 73.973 47.011
v -201.53 70.15 43.194
v -192.52 75.697 46.49
v -201.854 67.573 38.885
v -207.054 71.019 40.951
v -213.109 59.781 22.629
v -213.073 53.93 21.092
v -214.107 54.796 18.846
v -214.321 55.631 16.579
v -212.929 67.217 22.805
v -197.204 66.352 35.42
v -202.224 64.445 34.898
v -212.226 58.93 24.021
v -211.001 58.077 25.411
v -208.053 51.689 25.416
v -211.186 52.71 23.504
v -202.696 60.676 31.465
v -207.881 64.477 32.674
v -203.07 57.718 29.376
v -201.316 50.823 25.587
v -204.093 50.988 26.1
v -196.495 57.205 26.097
v -199.076 50.991 24.72
v -193.901 58.762 22.814
v -192.192 67.043 24.014
v -194.751 58.08 24.377
v -195.137 54.941 22.628
v -195.649 57.538 25.223
v -194.581 52.202 19.882
v -196.676 51.323 22.809
v -210.321 76.56 42.169
v -211.881 76.384 32.316
v -210.843 73.793 36.983
v -210.128 70.699 35.266
v -211.2 70.156 32.311
v -211.716 66.01 28.164
v -192.546 69.111 31.441
v -193.218 69.989 35.08
v -191.16 75.681 33.862
v -193.713 66.204 30.599
v -206.676 73.115 45.46
v -206.511 68.271 37.852
v -206.715 66.694 35.763
v -196.83 69.31 39.755
v -197.021 67.914 37.672
v -197.683 62.578 31.638
v -193.065 71.531 37.49
v -213.241 66.204 95.579
v -213.793 59.786 99.364
v -213.285 57.705 95.385
v -210.864 55.805 91.929
v -189.429 68.252 91.586
v -191.468 55.487 95.06
v -190.279 57.201 99.024
v -215.52 54.948 19.004
v -215.869 55.81 16.583
v -214.487 67.388 22.804
v -192.354 53.225 16.415
v -193.229 51.835 20.385
v -191.482 61.007 19.876
v -192.36 53.221 16.239
v -211.701 69.477 85.202
v -212.044 79.329 81.056
v -212.766 71.876 90.719
v -207.549 65.505 82.094
v -207.198 54.275 89.528
v -211.364 73.964 78.977
v -211.878 84.164 68.783
v -201.354 63.758 80.871
v -202.886 53.405 88.659
v -198.238 53.393 89.342
v -207.213 69.473 76.559
v -195.804 64.29 81.745
v -194.267 54.081 91.586
v -201.16 67.575 75.697
v -211.001 79.161 64.641
v -211.87 85.206 57.034
v -195.47 68.257 76.382
v -207.045 74.135 63.767
v -200.812 71.897 63.428
v -211.338 78.476 49.265
v -212.403 82.603 43.893
v -195.291 72.754 63.596
v -207.398 73.439 50.284
v -201.152 71.21 50.642
v -212.407 71.886 35.423
v -213.25 76.567 32.322
v -195.61 72.255 50.129
v -208.255 67.741 38.19
v -213.414 63.957 27.315
v -212.229 52.534 24.538
v -214.828 54.084 21.251
v -202.004 65.86 38.896
v -209.119 60.656 30.932
v -208.433 51.319 26.781
v -196.507 66.529 37.842
v -202.895 58.929 32.143
v -201.683 50.29 27.132
v -204.099 50.465 27.479
v -197.366 59.274 30.759
v -195.799 50.814 23.852
v -199.259 50.466 26.443
v -191.46 65.516 85.731
v -192.525 68.607 79.669
v -190.28 68.779 84.852
v -188.734 75.858 82.255
v -191.316 68.953 81.742
v -191.131 71.035 78.637
v -189.736 74.5 76.224
v -188.37 81.229 69.822
v -190.956 73.629 73.454
v -190.807 75.859 66.184
v -189.571 78.124 63.777
v -188.379 82.777 57.892
v -190.798 76.557 61.176
v -190.944 76.403 53.586
v -189.919 77.777 50.815
v -188.905 80.698 44.754
v -191.297 75.188 47.879
v -191.672 72.402 40.952
v -190.627 73.445 38.709
v -189.588 75.52 33.698
v -192.024 69.805 36.282
v -191.119 69.488 32.673
v -190.608 67.928 24.893
v -192.334 66.719 32.498
v -192.846 62.576 28.526
v -193.193 59.637 26.279
v -191.999 62.218 25.752
v -189.777 63.757 95.214
v -190.279 57.201 99.024
v -190.956 59.285 103.179
v -192.502 54.279 13.835
v -192.36 53.221 16.239
v -190.953 64.817 22.473
v -215.869 55.81 16.583
v -215.829 55.837 16.43
v -214.8 63.436 20.228
v -190.297 76.026 92.794
v -188.538 76.912 80.539
v -189.227 69.654 90.218
v -189.932 81.915 84.681
v -193.537 85.734 86.767
v -194.072 79.328 95.572
v -191.14 79.324 27.997
v -189.77 74.13 31.792
v -192.502 68.796 17.465
v -195.818 56.676 8.116
v -193.19 55.146 11.591
v -196.317 71.553 14.348
v -194.922 82.795 25.76
v -191.468 68.968 100.59
v -193.222 61.172 106.626
v -190.61 72.074 96.785
v -193.73 70.857 102.138
v -196.835 62.739 109.053
v -190.639 73.436 95.56
v -199.775 69.823 106.287
v -201.319 63.61 109.922
v -205.844 63.587 109.215
v -197.181 72.417 103.696
v -199.282 72.916 104.028
v -210.863 66.866 103.163
v -209.797 62.911 106.979
v -212.579 61.517 103.514
v -205.851 74.297 101.953
v -211.02 68.778 101.269
v -213.793 59.786 99.364
v -212.729 70.693 91.947
v -201.167 85.543 91.074
v -191.311 88.658 76.387
v -189.427 88.646 66.01
v -188.384 81.737 68.259
v -193.232 92.964 66.526
v -209.297 79.662 92.626
v -212.207 78.472 82.616
v -205.498 83.635 91.933
v -205.841 78.798 97.465
v -205.32 86.576 87.442
v -189.593 88.996 62.729
v -188.53 82.793 56.693
v -189.58 89.178 61.18
v -208.759 86.934 81.575
v -204.962 90.387 80.017
v -190.638 90.891 55.985
v -189.771 88.647 51.148
v -189.736 88.326 49.437
v -188.894 80.188 43.377
v -189.923 87.625 45.974
v -193.725 91.945 45.109
v -208.617 91.751 65.66
v -204.976 94.698 62.555
v -204.78 93.677 69.826
v -192.183 86.578 35.598
v -205.467 92.643 43.732
v -205.152 94.35 51.666
v -208.951 91.242 49.076
v -201.504 91.425 36.813
v -205.993 88.836 33.705
v -209.81 85.715 33.351
v -212.421 83.109 45.267
v -213.086 77.943 34.219
v -206.517 85.03 27.307
v -203.26 78.617 17.962
v -210.471 80.551 25.762
v -207.205 80.539 21.606
v -214.132 70.333 25.401
v -207.911 74.653 16.068
v -201.01 65.83 8.804
v -199.586 57.91 5.887
v -203.591 63.765 7.427
v -208.744 58.775 6.406
v -206.52 58.759 5.703
v -204.112 58.578 5.352
v -202.188 66.026 8.647
v -211.555 71.186 16.752
v -208.442 70.496 12.951
v -208.572 66.724 10.553
v -212.382 58.25 8.821
v -213.596 62.049 12.966
v -214.818 57.202 12.442
v -199.413 80.204 97.654
v -210.84 75.178 95.225
v -199.443 88.305 86.579
v -198.589 89.508 84.154
v -199.269 90.898 81.568
v -200.656 92.97 76.208
v -210.343 82.939 85.363
v -198.408 94.871 68.432
v -198.419 95.382 64.624
v -200.626 95.755 56.694
v -200.49 95.211 66.527
v -208.594 90.039 73.449
v -209.97 87.798 75.008
v -211.893 83.807 70.33
v -194.757 94.368 56.345
v -209.956 89.19 70.348
v -198.76 94.694 48.209
v -209.992 90.547 60.307
v -211.897 85.187 58.404
v -208.581 92.123 57.556
v -201 94.353 46.484
v -198.895 93.684 44.08
v -209.985 90.379 55.298
v -200.496 88.813 31.269
v -210.48 88.322 44.25
v -199.961 87.269 28.684
v -202.178 86.944 28.008
v -200.134 85.195 25.573
v -201.175 83.118 22.806
v -201.526 73.955 13.99
v -201.859 71.89 12.268
v -203.905 73.119 13.319
v -191.292 64.303 97.653
v -191.333 63.929 95.214
v -191.827 57.379 99.028
v -192.337 59.286 102.661
v -191.842 65.491 99.366
v -191.138 67.228 95.57
v -190.808 69.637 90.378
v -192.878 66.702 100.749
v -194.261 60.825 105.588
v -191.658 68.437 97.125
v -193.895 67.579 102.142
v -192.529 69.642 98.677
v -195.271 68.448 103.009
v -196.687 61.858 107.313
v -195.989 68.602 103.341
v -193.727 70.687 99.72
v -197.542 69.295 104.034
v -199.939 62.743 108.365
v -194.948 71.543 100.751
v -195.632 71.894 101.1
v -191.153 73.785 92.279
v -199.429 69.651 104.386
v -190.441 74.49 88.315
v -190.088 76.915 80.714
v -197.205 72.573 101.61
v -192.003 75.177 93.496
v -201.489 70.006 104.566
v -203.754 63.08 108.359
v -190.981 76.203 89.686
v -199.093 72.928 101.962
v -193.19 76.403 94.545
v -203.598 69.981 104.203
v -191.813 77.608 90.739
v -201.174 73.268 102.131
v -194.594 77.252 95.398
v -205.667 69.639 103.514
v -207.548 62.74 106.981
v -195.292 77.766 95.74
v -193.061 78.964 91.757
v -203.231 73.28 101.794
v -207.555 69.303 102.656
v -196.864 78.446 96.25
v -194.261 79.835 92.453
v -205.299 72.938 101.279
v -209.271 68.447 101.28
v -210.477 61.709 104.392
v -194.925 80.373 92.813
v -198.57 78.979 96.607
v -207.384 72.412 100.236
v -210.507 67.564 99.884
v -211.899 60.645 101.78
v -196.516 81.039 93.14
v -200.634 79.159 96.612
v -208.94 71.547 99.026
v -211.175 66.717 98.341
v -198.409 81.564 93.49
v -202.722 79.149 96.432
v -211.544 66.182 97.638
v -212.399 59.621 99.37
v -211.376 70.499 91.932
v -210.156 70.507 97.641
v -200.464 81.75 93.673
v -204.783 78.812 95.92
v -190.424 83.489 77.263
v -189.949 81.73 68.6
v -211.035 69.459 96.25
v -202.562 81.732 93.487
v -211.163 68.972 95.582
v -206.877 78.107 95.046
v -191.331 85.187 77.933
v -204.604 81.409 92.985
v -208.426 77.075 94.012
v -206.524 80.532 92.111
v -209.614 75.88 92.813
v -208.231 79.51 91.258
v -194.425 88.31 79.151
v -193.75 87.953 78.97
v -210.479 74.67 91.603
v -210.825 73.978 90.911
v -210.847 75.172 87.098
v -209.473 78.277 90.032
v -210.663 78.809 81.574
v -195.987 89.169 79.493
v -190.276 86.582 66.881
v -189.929 82.781 56.685
v -210.327 76.902 89
v -197.722 89.856 79.662
v -210.69 76.199 88.3
v -191.144 88.481 67.225
v -199.774 90.044 79.673
v -192.369 90.026 67.39
v -192.333 86.767 78.468
v -201.832 90.055 79.681
v -193.539 91.263 67.583
v -204.109 89.515 79.32
v -194.256 91.763 67.743
v -205.998 88.487 78.808
v -189.934 85.024 56.164
v -190.44 80.367 43.382
v -195.787 92.644 67.927
v -207.724 87.278 78.291
v -190.47 87.086 55.983
v -197.547 93.141 67.912
v -208.953 85.71 77.59
v -191.32 88.997 55.99
v -199.614 93.491 68.088
v -209.812 83.985 76.901
v -210.311 83.653 70.343
v -192.346 90.56 55.995
v -201.866 93.314 68.085
v -210.148 83.3 76.56
v -193.722 91.947 55.998
v -203.916 92.813 67.924
v -194.406 92.471 56.002
v -205.818 91.776 67.751
v -195.994 93.312 55.813
v -207.565 90.38 67.569
v -197.722 93.83 55.986
v -190.428 82.449 42.696
v -191.328 74.301 31.791
v -208.786 88.643 67.218
v -199.772 94.193 55.998
v -190.989 84.321 41.984
v -209.645 86.919 66.874
v -210.319 85.03 58.415
v -201.855 94.014 55.994
v -209.974 86.067 66.71
v -191.839 86.232 41.3
v -204.099 93.497 56.168
v -193.048 87.614 40.955
v -205.983 92.472 56.176
v -194.258 88.824 40.609
v -207.753 91.06 56.328
v -194.947 89.344 40.437
v -208.963 89.332 56.328
v -196.503 90.208 40.264
v -209.803 87.62 56.513
v -210.828 82.963 45.285
v -198.412 90.721 40.087
v -210.15 86.756 56.512
v -191.333 76.026 30.406
v -192.517 64.984 22.469
v -200.454 91.088 40.103
v -192.01 77.764 29.203
v -202.554 90.898 40.263
v -192.885 79.312 28.161
v -204.635 90.374 40.605
v -194.101 80.518 27.294
v -206.685 89.354 40.962
v -195.307 81.557 26.777
v -208.241 88.144 41.653
v -195.994 82.078 26.433
v -209.483 86.566 42.156
v -197.518 82.792 26.104
v -210.33 84.849 42.855
v -211.528 77.772 34.22
v -199.425 83.306 25.928
v -210.661 83.996 43.209
v -192.538 66.352 20.731
v -201.515 83.64 25.92
v -193.228 67.563 19.003
v -203.561 83.487 26.107
v -194.071 68.787 17.631
v -205.636 83.141 26.625
v -195.293 69.815 16.415
v -207.544 82.272 27.485
v -193.222 60.481 16.932
v -193.748 53.39 16.237
v -194.085 54.26 13.822
v -196.654 70.695 15.562
v -209.294 81.219 28.338
v -197.374 71.02 15.202
v -193.884 61.539 15.219
v -194.946 55.126 11.749
v -210.518 79.827 29.368
v -198.909 71.553 14.693
v -194.932 62.568 13.657
v -197.191 56.51 8.985
v -211.191 78.457 30.587
v -212.745 69.126 24.366
v -200.804 72.075 14.524
v -196.162 63.417 12.265
v -211.552 77.755 31.097
v -202.891 72.239 14.344
v -197.53 63.946 11.408
v -198.205 64.303 11.07
v -200.304 57.373 7.256
v -204.956 72.245 14.694
v -199.783 64.805 10.368
v -207.038 72.066 15.381
v -201.662 65.167 10.033
v -204.117 58.056 6.732
v -208.932 71.38 16.422
v -203.558 65.516 10.036
v -206.163 58.249 7.092
v -210.476 70.697 17.81
v -205.844 65.488 10.362
v -208.248 58.241 7.777
v -211.707 69.645 19.182
v -207.898 65.33 11.236
v -212.406 68.603 20.734
v -212.743 68.091 21.429
v -213.413 62.748 19.884
v -209.807 64.978 12.269
v -211.379 57.708 9.841
v -211.36 64.288 13.652
v -213.433 56.858 12.962
v -212.412 63.587 15.373
v -213.095 62.902 16.933
v -213.412 62.403 17.811
v -214.321 55.631 16.579
v -214.32 55.632 16.407
v -190.801 78.628 86.407
v -168.691 4.135 11.051
v -169.884 4.146 11.232
v -169.876 4.152 11.582
v -167.62 4.332 11.414
v -167.65 4.31 11.226
v -168.136 4.16 11.242
v -169.01 1.907 12.274
v -170.054 2.42 12.444
v -170.227 2.075 12.271
v -168.999 3.816 11.761
v -169.874 3.808 12.102
v -168.65 3.818 11.763
v -168.667 3.806 11.755
v -169.875 3.461 12.274
v -169.901 3.443 12.261
v -170.045 2.945 12.448
v -169.187 3.286 12.272
v -168.668 3.287 12.273
v -168.523 3.267 12.259
v -169.202 2.585 12.438
v -167.966 3.986 11.76
v -167.475 3.967 11.919
v -167.651 4.137 11.571
v -168.648 2.61 12.455
v -168.517 2.581 12.435
v -167.833 2.057 12.258
v -168.004 3.441 12.259
v -167.288 3.285 12.444
v -167.47 3.797 12.267
v -167.822 2.756 12.436
v -166.922 2.262 12.454
v -167.125 2.933 12.439
v -166.943 4.494 11.752
v -167.658 4.305 11.568
v -167.625 4.155 11.757
v -167.446 3.814 12.106
v -167.298 3.278 12.439
v -165.736 5.356 12.788
v -165.903 5.36 12.445
v -166.584 4.85 12.105
v -165.899 2.944 12.62
v -167.138 2.923 12.433
v -167.097 2.606 12.453
v -166.922 2.262 12.454
v -165.576 5.175 12.954
v -165.227 3.622 12.783
v -165.061 4.826 13.125
v -164.544 4.48 13.125
v -164.856 10.898 12.796
v -164.722 11.389 12.949
v -164.506 11.419 12.971
v -164.851 10.556 12.799
v -164.885 10.359 12.781
v -165.379 6.747 12.794
v -166.074 6.399 12.273
v -165.411 8.28 12.605
v -165.405 8.457 12.608
v -165.408 8.801 12.606
v -165.212 9.163 12.791
v -165.408 6.554 12.779
v -165.4 6.56 12.783
v -165.374 6.405 12.796
v -165.369 6.235 12.799
v -165.555 6.054 12.792
v -165.539 5.892 12.8
v -165.716 5.716 12.625
v -165.745 5.523 12.611
v -166.763 4.672 11.929
v -165.903 5.36 12.445
v -165.887 5.372 12.453
v -166.093 5.348 12.437
v -166.427 4.838 12.097
v -166.083 5.183 12.269
v -166.252 5.012 12.271
v -165.412 6.205 12.777
v -165.903 5.36 12.445
v -165.562 5.185 12.962
v -165.029 6.577 13.314
v -164.868 5.878 13.309
v -164.546 4.478 13.124
v -163.816 6.234 13.489
v -164.516 6.401 13.484
v -165.207 4.846 13.139
v -164.871 4.666 13.134
v -164.707 6.388 13.476
v -163.817 8.999 12.624
v -163.99 8.826 12.624
v -163.843 8.807 12.611
v -164.005 8.815 12.617
v -164.183 8.811 12.614
v -164.375 8.798 12.604
v -163.669 9.327 12.612
v -164.545 8.8 12.606
v -165.212 9.163 12.791
v -165.043 9.16 12.616
v -164.865 11.065 12.792
v -164.894 10.698 12.777
v -164.527 11.232 12.788
v -163.481 10.029 12.619
v -163.325 9.844 12.611
v -163.127 10.38 12.623
v -163.668 10.019 12.612
v -163.291 10.386 12.628
v -163.477 10.377 12.621
v -163.33 10.532 12.609
v -163.16 10.357 12.607
v -163.131 10.55 12.622
v -163.137 10.546 12.618
v -163.123 10.555 12.625
v -163.127 10.725 12.623
v -163.307 10.721 12.62
v -163.318 10.886 12.614
v -164.169 10.031 12.794
v -164.884 8.977 12.609
v -164.862 8.992 12.62
v -164.712 8.977 12.609
v -163.467 10.73 12.627
v -163.494 10.883 12.786
v -163.494 10.884 12.786
v -163.506 10.875 12.78
v -163.659 10.889 12.79
v -164.009 10.368 12.788
v -164.856 10.552 12.796
v -164.012 10.711 12.786
v -163.995 11.068 12.794
v -164.358 9.328 13.823
v -163.816 6.234 13.489
v -162.629 13.822 14.169
v -164.506 11.419 12.971
v -165.379 6.747 12.794
v -165.029 6.577 13.314
v -164.516 6.401 13.484
v -164.025 11.566 13.989
v -163.674 13.298 13.819
v -163.128 14.008 14.178
v -163.483 14.002 13.828
v -164.025 13.986 13.471
v -164.19 13.991 13.129
v -164.536 13.645 12.783
v -164.18 14.343 13.134
v -164.204 14.154 13.122
v -164.19 13.991 13.129
v -164.527 16.071 12.615
v -164.334 15.74 12.798
v -164.186 15.203 12.958
v -164.201 15.02 12.951
v -164.175 14.866 12.964
v -164.164 14.873 12.969
v -164.185 14.685 12.958
v -164.183 14.687 12.96
v -164.164 14.528 13.142
v -164.506 11.419 12.971
v -164.679 11.247 12.798
v -164.693 16.421 12.445
v -165.564 17.108 12.269
v -165.193 16.953 11.936
v -166.607 17.794 11.229
v -166.775 17.798 10.54
v -166.404 17.643 10.899
v -166.622 17.784 12.086
v -166.419 17.633 11.237
v -166.263 17.621 11.056
v -166.26 17.623 11.23
v -165.755 17.268 11.569
v -166.621 17.785 11.914
v -166.412 17.81 11.932
v -165.907 17.456 12.098
v -166.06 17.642 11.762
v -165.57 17.276 11.748
v -165.235 16.924 12.261
v -164.718 16.404 12.433
v -164.691 16.423 12.965
v -165.373 17.121 12.278
v -165.732 17.284 12.272
v -165.714 17.297 12.108
v -165.024 17.296 13.144
v -164.346 16.768 13.31
v -165.898 17.462 12.102
v -166.606 17.968 12.612
v -166.622 17.784 12.086
v -164.706 17.795 13.476
v -164.001 16.94 13.655
v -163.849 17.098 13.645
v -165.549 17.636 12.968
v -165.738 17.798 12.96
v -166.611 18.311 12.956
v -164.351 18.32 13.654
v -163.492 17.279 13.651
v -163.303 17.463 13.659
v -164.2 18.65 13.47
v -165.224 18.141 13.476
v -165.562 18.319 13.48
v -166.259 19.179 13.477
v -166.448 18.649 13.296
v -164.889 18.651 13.471
v -165.052 19.177 13.476
v -165.217 19.01 13.48
v -166.071 19.708 13.312
v -166.1 19.17 11.224
v -166.231 19.198 11.935
v -166.275 19.168 10.877
v -165.912 19.007 11.059
v -165.931 19.167 11.222
v -165.547 19.021 11.414
v -166.083 19.181 11.751
v -166.072 19.189 11.929
v -166.076 19.186 11.927
v -165.926 19.17 11.57
v -165.93 19.167 11.913
v -165.553 19.017 11.584
v -164.894 18.648 12.086
v -165.584 18.994 11.913
v -164.031 14.846 13.468
v -164.18 14.343 13.134
v -163.828 14.348 13.655
v -163.988 15.049 13.489
v -164.185 15.031 12.959
v -163.987 15.395 13.317
v -163.48 15.041 13.83
v -163.654 14.349 13.829
v -163.294 14.359 14.009
v -164.175 15.557 13.309
v -164.361 15.548 12.785
v -163.671 15.374 13.648
v -163.164 15.193 13.988
v -162.98 14.337 13.993
v -163.685 15.71 13.641
v -164.345 16.077 13.138
v -164.527 16.071 12.615
v -162.801 15.033 13.996
v -162.793 14.347 14.173
v -163.123 15.567 14.008
v -162.788 15.214 14.003
v -162.62 14.347 14.001
v -162.961 15.56 14.003
v -162.603 15.914 14.009
v -163.337 15.884 13.815
v -164.008 16.244 13.652
v -162.986 15.888 13.99
v -164.525 16.418 12.961
v -164.542 16.579 13.126
v -164.716 16.405 12.78
v -164.718 16.404 12.433
v -163.496 16.412 13.822
v -163.149 16.586 13.822
v -162.971 16.936 13.825
v -164.165 16.601 13.487
v -164.329 16.78 13.492
v -164.01 16.934 13.651
v -164.368 16.753 13.472
v -163.666 16.933 13.65
v -163.851 17.097 13.644
v -163.646 17.292 13.66
v -163.481 17.114 13.829
v -163.303 17.463 13.659
v -163.501 17.273 13.819
v -163.996 14.352 13.313
v -164.19 13.991 13.129
v -164.025 13.986 13.471
v -163.819 14.354 13.66
v -163.483 14.002 13.828
v -164.013 14.339 13.477
v -163.995 14.352 13.486
v -163.845 14.336 13.474
v -163.477 14.352 13.831
v -163.128 14.008 14.178
v -163.139 14.347 14
v -163.478 14.351 13.831
v -163.476 14.353 13.832
v -162.957 14.353 14.005
v -162.968 14.346 14
v -162.79 14.349 14.174
v -162.629 13.822 14.169
v -162.626 14.343 13.997
v -162.793 14.347 14.173
v -76.722 6.056 7.091
v -75.85 6.234 7.786
v -77.417 6.053 7.78
v -75.883 4.483 6.214
v -75.366 4.482 5.868
v -75.506 4.677 7.958
v -75.863 4.669 7.952
v -68.069 0.188 2.085
v -68.593 0.357 2.082
v -71.571 2.23 2.581
v -71.911 2.753 2.929
v -72.215 3.3 3.296
v -72.767 3.623 3.797
v -73.276 3.975 4.148
v -73.425 4.164 4.332
v -73.77 4.164 4.678
v -69.476 0.517 2.073
v -69.497 0.502 2.062
v -77.237 -9.15 5.71
v -77.926 -8.975 5.711
v -79.483 -7.94 6.056
v -78.44 -8.799 5.886
v -78.992 -8.304 5.524
v -78.484 -8.831 5.691
v -75.863 4.669 7.952
v -77.232 4.506 7.959
v -78.12 3.972 7.602
v -78.443 3.814 7.786
v -78.8 1.041 7.434
v -78.443 3.814 7.785
v -79.689 -0.186 7.94
v -79.139 -1.892 7.092
v -80.19 -3.63 7.431
v -80.535 -5.531 7.258
v -80.371 -6.746 6.735
v -59.967 2.766 7.778
v -57.881 2.602 8.994
v -60.118 2.782 8.826
v -62.225 3.104 8.636
v -64.657 3.095 6.038
v -66.7 3.635 8.3
v -67.062 3.451 5.699
v -71.034 4.144 8.12
v -72.221 -6.036 1.219
v -68.412 -7.241 1.395
v -68.611 -8.642 2.073
v -72.943 -7.267 1.376
v -68.795 -9.687 3.277
v -73.448 -7.776 1.729
v -75.164 -8.632 2.599
v -76.224 -8.994 3.279
v -76.919 -8.996 3.795
v -65.694 -10.73 6.556
v -61.861 -11.4 6.917
v -65.137 -10.703 5.538
v -66.891 -10.376 5.007
v -69.486 -10.205 6.215
v -68.764 -10.184 4.675
v -73.28 -9.681 6.047
v -68.276 -5.712 1.376
v -71.364 0.871 2.252
v -72.229 -5.696 1.215
v -48.725 -2.412 11.066
v -48.546 -3.963 11.069
v -48.542 -3.269 11.071
v -48.563 -2.766 11.06
v -49.601 -1.038 10.714
v -54.092 -2.764 6.049
v -52.17 1.052 10.034
v -67.235 1.377 2.588
v -67.39 0.007 2.079
v -60.665 -1.386 3.108
v -67.06 3.107 4.318
v -67.252 2.402 3.271
v -62.206 2.945 6.745
v -54.112 0.678 7.767
v -52.865 1.395 10.032
v -53.403 1.554 9.85
v -54.961 2.071 9.676
v -55.637 2.254 9.511
v -56.342 2.418 9.331
v -60.477 1.39 4.498
v -69.827 -11.584 7.601
v -62.214 -13.134 8.123
v -77.577 -11.047 7.095
v -69.629 -10.875 7.267
v -69.485 -10.377 6.907
v -77.26 -9.339 6.217
v -63.964 -12.285 7.939
v -63.952 -11.758 7.773
v -63.067 -12.434 8.129
v -62.057 -12.281 8.115
v -62.204 -12.608 8.128
v -62.211 -12.959 8.125
v -63.777 -11.238 7.255
v -62.888 -11.911 7.959
v -62.042 -11.924 7.95
v -62.751 -11.418 7.423
v -61.859 -11.571 7.437
v -81.76 -6.751 7.596
v -81.391 -5.525 7.953
v -80.525 -5.869 7.263
v -77.408 -10.531 7.093
v -79.34 -10.38 7.078
v -78.134 -9 5.694
v -80.858 -6.206 7.442
v -80.515 -6.208 7.095
v -80.378 -6.406 6.905
v -80.693 -7.075 7.266
v -81.417 -8.135 7.422
v -80.532 -7.602 7.087
v -79.998 -7.246 6.403
v -80.038 -8.138 7.075
v -80.712 -9.163 7.256
v -79.657 -7.768 6.055
v -79.511 -7.787 6.042
v -79.492 -8.81 6.915
v -78.79 -8.457 5.884
v -79.002 -9.176 6.901
v -78.483 -9.521 6.729
v -77.75 -9.665 6.75
v -77.242 -9.672 6.744
v -77.418 -10.019 6.916
v -80.894 1.719 8.98
v -81.903 -5.348 7.957
v -80.893 -5.539 7.598
v -80.539 -1.904 8.293
v -80.005 -1.894 7.609
v -76.713 6.235 9.169
v -75.512 4.846 8.473
v -80.347 1.738 8.821
v -80.375 3.62 8.98
v -79.513 1.717 8.115
v -79.834 1.734 8.645
v -79.508 2.066 8.29
v -76.399 5.176 8.807
v -75.532 5.178 8.809
v -76.894 4.674 7.955
v -77.091 5.003 8.807
v -77.927 5.887 9.167
v -77.762 4.326 7.781
v -78.107 4.499 8.818
v -79.133 5.198 9.169
v -78.483 3.614 7.766
v -78.806 3.975 8.814
v -78.811 3.28 7.947
v -79.337 3.275 8.635
v -79.164 2.757 8.117
v -79.677 2.242 8.638
v -79.519 2.232 8.285
v -60.148 3.279 9.848
v -57.89 3.633 10.199
v -57.918 3.094 10.012
v -57.888 2.77 9.509
v -62.211 3.632 9.68
v -66.702 4.152 9.336
v -75.36 6.215 9.327
v -75.338 5.711 9.165
v -61.337 -12.606 8.303
v -62.235 -12.63 8.113
v -62.045 -12.099 7.948
v -61.349 -12.096 8.123
v -62.043 -11.752 7.777
v -61.167 -11.571 7.61
v -61.88 -11.586 7.426
v -61.889 -11.42 7.249
v -59.27 -12.956 8.472
v -59.253 -12.426 8.308
v -59.109 -11.927 7.948
v -57.897 -12.963 8.64
v -57.875 -12.429 8.478
v -57.737 -11.935 8.115
v -54.943 -12.952 9.166
v -53.211 -13.122 9.341
v -55.128 -12.269 8.988
v -53.906 -11.224 8.475
v -55.137 -11.757 8.637
v -52.364 -12.27 9.678
v -50.817 -12.276 9.847
v -51.145 -11.572 9.856
v -52.541 -11.754 9.503
v -51.495 -10.884 9.508
v -52.687 -11.217 9.171
v -49.413 -7.94 10.203
v -54.63 -6.408 5.521
v -49.951 -8.818 9.848
v -51.854 -10.202 8.983
v -53.934 -11.243 8.461
v -50.825 -9.516 9.497
v -51.335 -9.856 9.329
v -56.173 -10.373 6.218
v -58.404 -11.745 7.609
v -57.718 -11.749 7.779
v -56.351 -11.587 7.944
v -63.583 -9.149 2.773
v -61.188 -6.055 2.415
v -61.191 -9.514 3.623
v -59.639 -9.343 3.794
v -60.308 -10.365 4.669
v -59.085 -11.565 7.441
v -52.519 -2.925 7.095
v -48.89 -6.209 10.724
v -48.728 -5.525 10.891
v -53.079 -6.584 6.555
v -49.083 -7.087 10.541
v -48.913 -6.57 10.712
v -62.909 -5.877 1.9
v -62.23 -1.047 2.585
v -57.394 -3.469 4.139
v -57.227 -2.091 4.309
v -57.545 -4.663 3.977
v -57.725 -5.705 3.8
v -57.918 -6.238 3.618
v -54.094 -30.244 -5.358
v -49.946 -28.516 -5.012
v -49.923 -28.5 -4.31
v -53.407 -13.138 9.329
v -50.452 -17.447 8.128
v -51.673 6.74 10.542
v -54.634 3.614 10.704
v -53.071 3.1 10.88
v -52.194 2.937 11.06
v -51.476 2.61 11.073
v -56.147 3.989 10.552
v -52.024 11.057 9.157
v -57.718 4.151 10.371
v -54.273 -30.249 -4.324
v -49.951 -28.519 -3.805
v -58.59 -30.938 -5.532
v -54.095 -30.245 -3.285
v -49.925 -28.501 -2.928
v -49.926 -28.33 -2.237
v -49.927 -27.811 -0.855
v -54.091 -28.86 -0.518
v -49.949 -26.271 1.554
v -53.93 -26.967 1.896
v -64.457 -30.24 -3.454
v -68.415 -29.364 -5.173
v -53.737 -24.361 3.98
v -50.311 -22.308 5.347
v -64.282 -28.856 -0.688
v -63.946 -26.616 1.554
v -53.404 -18.494 7.43
v -54.967 -13.487 8.982
v -56.335 -13.477 8.816
v -57.025 -13.476 8.817
v -57.897 -13.481 8.64
v -58.602 -13.491 8.46
v -63.791 -23.863 3.446
v -75.342 -27.992 -3.28
v -85.708 -25.916 -4.488
v -75.16 -26.43 -0.51
v -63.23 -17.785 6.578
v -59.26 -13.468 8.477
v -60.819 -13.298 8.302
v -61.543 -13.32 8.286
v -63.235 -13.122 8.131
v -64.116 -12.961 7.95
v -66.013 -12.613 7.779
v -69.837 -12.11 7.422
v -74.81 -24.007 1.739
v -74.654 -21.254 3.459
v -73.949 -15.369 6.058
v -61.183 9.329 9.33
v -66.56 5.168 9.666
v -62.232 4.655 10.015
v -61.025 4.48 10.014
v -59.967 4.494 10.197
v -60.853 13.985 7.94
v -52.205 15.026 6.906
v -60.678 16.751 6.213
v -52.176 16.774 5.365
v -52.211 17.096 4.829
v -52.344 17.296 4.331
v -52.37 17.624 3.108
v -71.222 10.355 8.977
v -70.67 15.045 7.784
v -70.535 17.783 6.209
v -135.507 -15.565 -1.909
v -116.995 -19.353 -3.454
v -124.765 -17.793 -2.414
v -167.446 -8.802 -1.547
v -135.476 -15.37 -1.029
v -124.611 -17.633 -1.559
v -135.335 -14.183 1.547
v -124.443 -16.426 1.031
v -135.135 -12.263 3.634
v -124.255 -14.17 3.112
v -134.792 -10.018 5.361
v -123.928 -11.763 4.658
v -134.267 -4.829 7.957
v -123.416 -6.41 7.075
v -152.104 -12.113 -1.221
v -167.44 -8.798 -0.68
v -151.895 -11.915 -0.339
v -167.299 -8.301 1.897
v -151.889 -10.873 2.43
v -167.141 -7.102 4.308
v -121.491 10.543 10.024
v -80.705 2.766 8.988
v -151.555 -9.153 4.671
v -166.405 -3.96 8.133
v -133.404 3.465 10.203
v -122.348 1.907 9.337
v -151.369 -7.07 6.578
v -165.54 0.015 11.072
v -120.8 16.419 9.678
v -80.376 3.619 8.979
v -150.873 -2.247 9.505
v -164.155 5.547 13.319
v -164.347 5.015 13.31
v -164.546 4.478 13.124
v -120.479 20.723 8.457
v -79.668 4.495 9.161
v -132.382 12.096 10.887
v -120.107 23.16 6.915
v -131.856 17.977 10.199
v -149.856 5.862 12.087
v -162.779 12.628 14.18
v -163.135 10.202 14.175
v -163.493 8.119 13.823
v -163.816 6.234 13.489
v -131.505 21.956 8.819
v -131.177 24.363 7.255
v -131.166 25.408 5.705
v -148.989 14.505 12.434
v -161.767 18.487 13.304
v -162.626 14.343 13.997
v -162.614 14.178 14.176
v -162.629 13.822 14.169
v -148.44 20.056 11.24
v -160.897 22.466 11.578
v -148.113 23.845 9.502
v -160.009 26.112 9.171
v -147.936 25.922 7.776
v -159.699 27.815 7.252
v -147.757 27.136 6.224
v -159.68 28.346 6.224
v -147.756 27.482 5.36
v -159.497 28.7 5.02
v -80.358 -25.921 -1.208
v -80.372 -24.893 -0.005
v -80.378 -20.405 3.275
v -82.42 -16.407 4.847
v -78.459 -10.887 6.913
v -83.122 -19.871 3.113
v -83.477 -19.532 3.281
v -83.629 -19.172 3.465
v -82.789 -15.905 5.008
v -79.313 -10.361 7.092
v -80.177 -9.843 7.091
v -80.862 -9.147 7.267
v -81.419 -8.31 7.421
v -93.854 -13.143 5.178
v -81.753 -7.437 7.6
v -81.903 -6.385 7.784
v -95.243 -20.233 1.546
v -99.7 -15.887 3.811
v -99.913 -15.57 3.964
v -74.294 11.937 8.65
v -74.682 11.735 8.629
v -78.992 5.175 9.153
v -78.104 5.711 9.165
v -77.25 6.049 9.16
v -76.411 6.204 9.147
v -107.675 -12.449 5.008
v -120.635 -16.768 1.207
v -120.271 -14.509 3.117
v -121.487 -13.649 3.632
v -84.492 -24.183 -0.164
v -84.695 -24.031 -0.006
v -84.185 -22.828 1.199
v -106.279 -20.734 -0.861
v -108.524 -19.178 0.695
v -108.361 -17.111 2.418
v -112.488 -17.442 1.737
v -115.115 -16.602 2.239
v -118.739 -17.981 0.167
v -60.656 16.939 -1.381
v -52.366 17.627 2.246
v -52.36 17.286 0.521
v -52.181 16.425 -1.377
v -60.989 14.356 -3.794
v -52.013 13.83 -4.491
v -52.704 3.115 -10.539
v -51.822 8.139 -8.456
v -51.509 1.895 -11.238
v -51.16 -4.67 -12.964
v -61.368 9.839 -6.748
v -70.531 17.613 -1.22
v -70.852 15.038 -3.454
v -61.867 3.113 -9.504
v -71.367 10.547 -6.045
v -53.25 -11.939 -13.318
v -50.831 -11.767 -13.491
v -72.082 4.137 -8.476
v -53.568 -19.351 -12.44
v -50.465 -18.147 -12.789
v -63.104 -11.596 -12.11
v -53.901 -24.354 -10.878
v -50.131 -24.55 -10.203
v -54.096 -27.308 -9.334
v -49.949 -27.136 -7.779
v -63.618 -18.852 -11.762
v -54.097 -29.555 -6.915
v -57.364 -30.753 -5.351
v -49.964 -28.01 -6.577
v -49.954 -28.349 -5.707
v -73.631 -9.512 -10.893
v -63.931 -24.013 -10.536
v -64.296 -27.137 -9.163
v -74.335 -16.434 -10.726
v -64.475 -29.734 -6.919
v -63.259 -30.594 -5.361
v -74.844 -21.439 -9.857
v -75.178 -24.714 -8.642
v -120.13 24.527 2.755
v -159.516 28.686 5.01
v -131.149 25.765 2.949
v -120.268 23.168 0.008
v -131.359 24.53 0.165
v -131.696 22.462 -2.077
v -120.631 20.91 -2.248
v -120.951 16.953 -4.655
v -132.039 18.489 -4.496
v -147.775 27.469 3.277
v -159.499 28.698 2.945
v -159.53 28.849 4.139
v -132.717 12.795 -6.908
v -121.657 11.066 -7.081
v -147.928 26.446 0.694
v -160.03 26.443 -0.691
v -159.689 28.168 1.554
v -148.301 24.526 -1.566
v -148.609 20.923 -4.14
v -161.09 21.761 -4.331
v -133.927 0.697 -9.155
v -123.069 -1.052 -9.17
v -123.742 -7.26 -8.988
v -149.298 15.394 -6.731
v -163.338 11.044 -7.788
v -134.638 -5.538 -8.819
v -135.158 -10.032 -7.783
v -124.266 -11.93 -8.126
v -124.442 -14.87 -6.746
v -135.304 -12.779 -6.387
v -114.059 -19.873 -3.455
v -150.535 3.451 -8.818
v -164.36 5.525 -8.299
v -151.237 -2.606 -8.305
v -165.554 0.006 -7.773
v -151.557 -6.908 -7.083
v -166.749 -5.514 -5.864
v -151.901 -9.499 -5.699
v -167.099 -7.591 -3.966
v -152.106 -11.423 -3.469
v -167.281 -8.462 -2.588
v -167.28 -8.115 -3.278
v -87.943 -15.884 -9.667
v -88.307 -19.699 -8.985
v -94.38 -15.741 -9.342
v -94.893 -19.02 -8.475
v -95.035 -21.245 -7.423
v -120.28 -10.022 -8.812
v -118.918 -14.357 -7.613
v -118.536 -11.393 -8.632
v -87.772 -0.331 -8.976
v -104.034 -10.712 -9.33
v -112.525 3.443 -8.478
v -115.453 6.042 -8.127
v -104.544 -17.965 -7.771
v -109.221 -16.244 -7.949
v -112.521 -15.564 -7.957
v -79.152 8.987 -6.567
v -92.798 14.867 -4.317
v -104.021 12.109 -5.867
v -103.686 13.657 -5.182
v -109.212 17.116 -3.97
v -106.789 9.342 -6.906
v -117.681 16.425 -4.834
v -116.319 13.991 -5.708
v -116.485 12.613 -6.224
v -106.272 20.574 -1.376
v -69.307 0.687 0.688
v -68.59 0.532 0.701
v -69.277 0.881 0.703
v -69.299 0.866 0.692
v -68.101 1.203 0.859
v -67.903 0.357 0.699
v -67.394 0.177 0.694
v -67.031 2.263 1.394
v -68.969 1.373 0.857
v -69.285 1.74 0.872
v -69.289 1.218 0.697
v -67.899 2.952 1.565
v -67.037 3.296 2.082
v -68.796 2.928 1.548
v -70.18 3.446 1.894
v -69.646 2.593 1.383
v -67.763 4.135 2.929
v -66.886 3.972 3.108
v -66.897 4.655 4.313
v -68.616 4.316 2.935
v -67.77 4.822 4.654
v -66.862 4.852 5.54
v -67.741 5.015 5.36
v -68.587 5.027 4.677
v -70.344 4.489 2.935
v -71.379 4.836 2.936
v -70.674 4.154 2.424
v -68.598 5.193 5.363
v -70.319 5.198 4.503
v -72.423 5.349 3.969
v -72.061 5.188 3.632
v -70.33 5.363 5.189
v -73.789 5.707 5.014
v -73.598 5.719 4.851
v -73.456 5.698 4.835
v -73.295 5.69 4.657
v -72.934 5.528 4.319
v -77.789 -10.383 4.138
v -78.463 -10.198 4.665
v -78.652 -10.382 5.521
v -79.662 -9.845 5.535
v -75.855 6.058 6.574
v -75.157 6.063 6.059
v -75.329 6.236 7.787
v -70.674 4.154 2.424
v -71.379 4.836 2.936
v -69.646 2.593 1.383
v -70.179 3.447 1.894
v -72.061 5.188 3.632
v -71.36 1.566 2.254
v -69.285 1.74 0.872
v -72.934 5.528 4.319
v -69.279 0.707 0.702
v -74.334 4.306 5.001
v -76.408 4.478 6.557
v -77.056 4.509 7.097
v -77.595 4.322 7.432
v -70.344 -6.226 -0.176
v -70.847 -7.252 -0.168
v -70.51 -6.74 -0.172
v -72.419 -6.572 1.206
v -71.219 -7.789 -0.008
v -72.077 -8.648 0.34
v -72.949 -9.346 0.855
v -74.148 -8.301 2.07
v -73.966 -9.85 1.556
v -74.811 -8.627 2.43
v -75.005 -10.197 2.246
v -75.536 -8.823 2.931
v -76.042 -10.37 2.937
v -77.083 -8.99 3.972
v -77.751 -8.801 4.503
v -78.46 -8.64 5.012
v -79.502 -7.953 6.046
v -59.805 4.141 7.6
v -57.711 3.983 8.82
v -59.808 4.312 8.635
v -62.039 4.496 8.47
v -62.05 4.315 6.563
v -64.471 4.66 5.871
v -66.522 5.194 8.129
v -70.854 5.704 7.951
v -68.109 -5.542 -0.182
v -70.145 -5.516 -0.163
v -70.148 -5.518 -0.164
v -70.176 -5.711 -0.178
v -70.169 -5.879 -0.175
v -68.271 -6.572 -0.176
v -70.344 -6.226 -0.176
v -70.511 -6.74 -0.173
v -68.431 -7.773 0.003
v -71.194 -7.771 0.004
v -68.605 -9.675 1.039
v -72.077 -8.648 0.34
v -72.74 -9.838 1.564
v -68.803 -11.075 2.582
v -72.951 -9.347 0.854
v -73.465 -9.689 1.202
v -73.966 -9.85 1.556
v -72.948 -10.554 2.238
v -74.468 -10.011 1.91
v -72.951 -10.902 3.273
v -75.005 -10.197 2.246
v -76.042 -10.37 2.937
v -76.536 -10.353 3.296
v -76.729 -10.54 3.458
v -76.885 -10.528 3.466
v -76.923 -10.555 3.62
v -64.266 -12.427 6.579
v -62.034 -12.783 6.744
v -65.347 -12.112 5.347
v -65.84 -12.267 6.397
v -67.242 -11.935 4.832
v -69.625 -11.737 6.059
v -68.977 -11.594 4.482
v -73.609 -11.225 5.882
v -77.097 -10.555 3.62
v -77.442 -10.728 5.521
v -77.259 -10.375 3.798
v -51.493 -1.896 6.225
v -53.25 -2.607 4.828
v -47.376 -3.991 10.012
v -47.329 -2.921 10.208
v -47.538 -2.083 10.19
v -48.387 -0.517 9.852
v -52.008 0.526 6.918
v -51.497 2.076 9.507
v -53.911 -1.376 4.498
v -53.046 2.426 8.3
v -52.019 2.42 9.332
v -52.345 2.606 9.342
v -53.21 2.951 9.342
v -55.137 3.624 9.156
v -54.258 0.87 5.361
v -55.132 2.591 6.739
v -55.114 3.64 9.167
v -59.083 -0.33 2.085
v -60.144 -1.212 1.554
v -59.263 1.565 2.945
v -61.846 0.017 1.394
v -67.22 1.56 1.04
v -59.637 3.101 4.486
v -62.027 4.332 6.575
v -61.885 1.89 2.239
v -66.896 3.619 2.412
v -67.045 2.599 1.56
v -62.06 3.444 3.793
v -66.901 4.307 3.447
v -62.402 4.311 5.523
v -60.851 -5.889 1.028
v -68.423 -7.594 0.007
v -60.307 -8.29 1.386
v -53.731 -6.383 4.328
v -60.497 -9.512 1.723
v -68.592 -9.493 0.873
v -61.022 -10.553 2.411
v -61.365 -11.416 3.277
v -68.775 -10.882 2.423
v -61.857 -12.088 4.327
v -62.04 -12.787 6.741
v -60.309 -12.958 6.916
v -68.946 -11.4 3.461
v -55.112 -8.801 3.811
v -55.666 -10.209 4.312
v -56.159 -11.228 4.843
v -52.716 -9.164 5.527
v -56.855 -12.096 5.704
v -58.598 -13.143 7.08
v -53.251 -10.557 5.865
v -57.534 -12.778 6.575
v -58.392 -13.12 7.096
v -57.573 -13.151 7.247
v -56.492 -12.947 7.269
v -53.909 -11.571 6.573
v -54.44 -12.617 7.431
v -53.556 -12.258 7.613
v -52.538 -11.925 7.777
v -50.478 -9.515 7.424
v -50.45 -10.705 8.302
v -49.939 -10.192 8.471
v -48.89 -9.32 8.823
v -48.225 -8.301 9.328
v -47.87 -7.084 9.679
v -51.152 -10.885 7.779
v -50.961 -11.046 8.133
v -51.696 -2.954 5.865
v -47.721 -6.238 9.666
v -47.505 -5.516 9.861
v -47.334 -3.962 10.033
v -52.209 -6.579 5.349
v -47.861 -7.079 9.683
v -47.717 -6.753 9.669
v -62.543 -5.691 0.527
v -61.858 -0.856 1.216
v -56.857 -3.283 2.766
v -56.681 -1.898 2.94
v -57.035 -4.496 2.59
v -57.029 -5.529 2.42
v -57.213 -6.056 2.242
v -151.402 10.88 11.228
v -162.617 11.929 12.619
v -162.471 11.565 12.606
v -162.465 11.05 12.609
v -162.638 10.187 12.609
v -140.525 9.317 10.012
v -140.181 12.426 10.185
v -140.859 4.832 9.5
v -151.928 6.381 10.878
v -139.143 21.587 8.111
v -139.284 19.708 8.991
v -132.017 18.85 8.477
v -131.846 20.75 7.785
v -131.681 21.954 7.09
v -138.955 22.807 7.427
v -151.067 13.81 11.222
v -162.806 16.93 12.266
v -162.792 13.829 12.618
v -162.612 12.278 12.622
v -162.601 12.114 12.628
v -138.96 23.84 6.561
v -131.535 22.972 6.385
v -138.781 24.536 5.7
v -131.53 23.84 5.523
v -150.689 16.771 10.893
v -162.11 19.871 11.404
v -162.265 19.192 11.585
v -162.447 19.013 11.581
v -162.428 18.853 11.763
v -162.617 18.496 11.755
v -139.804 15.386 9.854
v -138.754 25.073 4.849
v -120.645 22.801 5.176
v -91.407 19.712 4.501
v -52.535 16.246 2.766
v -150.343 19.536 10.029
v -139.479 18.31 9.326
v -161.229 22.821 9.857
v -52.372 -12.621 7.946
v -50.467 -16.766 6.738
v -50.643 -11.757 8.465
v -150.358 20.908 9.503
v -149.987 22.654 8.651
v -160.368 25.411 7.782
v -149.996 23.858 7.956
v -149.851 24.875 7.078
v -160.016 26.798 6.056
v -149.853 25.565 6.04
v -159.696 27.299 4.834
v -149.824 26.104 5.017
v -149.854 26.255 4.657
v -106.625 -19.352 -1.38
v -116.642 -17.792 -3.105
v -96.447 -21.785 -2.253
v -96.246 -20.901 -1.202
v -59.449 -13.133 6.914
v -58.562 -13.118 7.098
v -58.598 -13.143 7.08
v -106.449 -18.832 -0.86
v -106.439 -18.306 -0.336
v -96.28 -19.888 -0.182
v -106.306 -17.297 0.681
v -95.739 -15.897 2.421
v -95.394 -12.96 3.631
v -94.877 -9.85 4.667
v -95.904 -17.274 1.734
v -96.074 -18.655 0.871
v -112.163 -14.173 2.245
v -123.542 -5.167 5.888
v -123.937 -7.967 4.827
v -94.527 -6.736 5.533
v -94.037 -2.09 6.556
v -122.715 2.238 7.771
v -123.237 -2.258 6.905
v -120.635 -15.558 0.343
v -124.597 -15.203 0.003
v -124.626 -15.915 -1.048
v -124.755 -16.23 -2.063
v -124.623 -14.358 1.027
v -120.469 -14.526 1.203
v -124.096 -10.722 3.624
v -124.27 -12.106 2.759
v -124.438 -13.312 1.898
v -114.584 -17.285 -0.52
v -51.664 6.401 8.992
v -52.202 2.758 9.5
v -51.34 2.411 9.672
v -162.819 9.49 12.432
v -163.304 8.995 12.449
v -163.466 7.62 12.281
v -51.674 -27.824 -3.629
v -54.618 -28.693 -5.015
v -50.658 -27.148 -4.85
v -50.624 -27.297 -4.314
v -50.658 -27.32 -3.813
v -50.652 -27.144 -3.119
v -50.465 -27.134 -2.593
v -51.679 -27.483 -2.423
v -50.471 -26.619 -1.559
v -51.506 -26.791 -1.213
v -50.474 -25.239 0.686
v -55.667 -29.047 -3.984
v -58.782 -29.395 -5.196
v -51.342 -25.933 -0.007
v -55.498 -28.704 -2.776
v -51.16 -24.89 1.207
v -55.468 -27.992 -1.552
v -50.999 -23.861 2.238
v -50.29 -21.429 4.148
v -55.319 -27.144 -0.354
v -50.796 -22.458 3.29
v -55.118 -26.087 0.87
v -63.248 -29.031 -4.146
v -68.24 -27.98 -5
v -61.694 -29.378 -4.146
v -61.678 -29.02 -3.101
v -54.959 -24.888 1.9
v -64.795 -28.679 -4.141
v -63.061 -28.675 -3.101
v -61.526 -28.344 -1.729
v -54.783 -23.503 2.938
v -65.826 -28.503 -4.139
v -64.651 -28.354 -2.946
v -63.078 -27.996 -1.728
v -61.353 -27.307 -0.692
v -65.694 -28.185 -2.949
v -64.624 -27.644 -1.723
v -62.915 -26.966 -0.695
v -61.329 -26.08 0.529
v -54.618 -20.397 4.663
v -65.671 -27.478 -1.728
v -64.471 -26.62 -0.696
v -62.891 -25.74 0.526
v -61.172 -24.709 1.558
v -65.498 -26.441 -0.691
v -64.471 -25.411 0.514
v -62.738 -24.543 1.553
v -60.985 -23.316 2.43
v -54.463 -17.126 6.209
v -55.462 -13.125 7.438
v -55.969 -13.117 7.444
v -56.531 -13.147 7.422
v -57.214 -13.141 7.253
v -65.475 -25.215 0.531
v -64.269 -24.008 1.566
v -62.576 -22.996 2.412
v -65.345 -23.863 1.373
v -64.094 -22.624 2.43
v -60.853 -20.234 4.138
v -54.085 -13.647 7.435
v -53.416 -12.799 7.77
v -54.451 -12.97 7.598
v -65.156 -22.469 2.418
v -62.411 -19.89 4.136
v -63.942 -19.528 3.976
v -60.494 -16.941 5.527
v -57.701 -13.12 7.269
v -58.237 -13.132 7.088
v -58.419 -13.139 7.083
v -77.933 -25.917 -3.797
v -85.362 -24.36 -4.315
v -64.807 -19.356 3.975
v -62.063 -16.605 5.52
v -77.777 -25.583 -2.769
v -63.583 -16.235 5.365
v -62.537 -12.772 6.752
v -63.095 -12.627 6.559
v -63.927 -12.605 6.575
v -60.304 -13.3 6.745
v -60.337 -12.977 6.901
v -61.169 -12.955 6.744
v -77.769 -24.886 -1.555
v -64.614 -16.058 5.368
v -69.625 -11.737 6.059
v -61.718 -13.149 6.729
v -61.675 -12.774 6.751
v -62.034 -12.783 6.744
v -77.582 -23.666 -0.511
v -77.432 -22.473 0.514
v -77.252 -21.085 1.382
v -77.078 -19.701 2.247
v -76.737 -16.594 3.627
v -73.609 -11.225 5.882
v -78.652 -10.382 5.521
v -53.408 4.835 9.156
v -54.592 3.47 9.169
v -53.938 3.271 9.323
v -53.244 3.1 9.325
v -76.373 -13.471 4.846
v -77.442 -10.728 5.521
v -53.206 8.311 8.48
v -51.866 10.528 7.767
v -88.988 -21.42 -0.339
v -53.039 9.863 7.958
v -88.806 -20.031 0.703
v -59.123 4.999 8.632
v -59.808 4.312 8.635
v -88.66 -18.667 1.554
v -53.073 12.085 7.077
v -52.168 14.188 5.888
v -60.466 5.199 8.479
v -61.014 4.488 8.637
v -88.477 -17.277 2.25
v -53.074 13.467 6.213
v -61.849 5.372 8.478
v -62.039 4.496 8.47
v -58.931 8.641 8.123
v -62.907 5.53 8.295
v -66.522 5.194 8.129
v -52.882 14.691 5.358
v -52.349 15.565 4.501
v -60.319 8.638 7.947
v -58.767 10.19 7.6
v -87.986 -14.358 3.619
v -52.874 15.56 4.498
v -52.345 15.74 4.158
v -52.355 15.906 3.807
v -61.699 8.812 7.948
v -60.157 10.358 7.596
v -58.571 12.626 6.92
v -62.576 8.976 7.942
v -52.864 16.085 3.466
v -61.545 10.528 7.594
v -52.876 16.25 2.941
v -59.944 12.806 6.752
v -58.577 14.005 6.226
v -62.553 10.548 7.608
v -87.607 -11.224 4.672
v -61.334 12.801 6.749
v -59.961 14.176 6.225
v -58.428 15.198 5.35
v -62.369 12.975 6.75
v -61.371 14.33 6.039
v -59.816 15.367 5.347
v -58.41 16.248 4.322
v -87.288 -8.132 5.523
v -62.206 14.35 6.053
v -61.164 15.564 5.365
v -59.789 16.423 4.324
v -62.218 15.552 5.356
v -61.186 16.413 4.317
v -62.031 16.599 4.326
v -74.118 6.756 7.788
v -86.599 -3.295 6.559
v -79.475 -4.823 6.751
v -73.8 10.02 7.429
v -76.736 6.219 7.775
v -73.645 11.736 7.247
v -86.057 1.561 7.262
v -78.8 1.041 7.434
v -73.448 13.999 6.567
v -73.279 15.552 6.047
v -85.564 4.826 7.422
v -73.084 16.777 5.194
v -73.099 17.803 4.322
v -85.179 7.965 7.615
v -93.331 2.587 7.255
v -84.878 11.217 7.247
v -84.669 12.97 7.092
v -92.968 5.71 7.436
v -84.319 15.22 6.576
v -92.48 8.972 7.594
v -84.335 16.764 6.049
v -84.158 17.977 5.36
v -92.109 12.273 7.433
v -83.969 19.025 4.504
v -91.957 13.814 7.077
v -91.751 16.084 6.575
v -91.59 17.459 6.051
v -135.507 -14.009 -1.563
v -91.447 18.82 5.345
v -135.333 -13.663 -0.526
v -135.331 -13.143 0.512
v -135.336 -12.283 1.546
v -135.134 -11.225 2.598
v -134.982 -10.03 3.452
v -142.566 -12.436 -1.377
v -167.103 -7.249 -1.203
v -134.954 -8.8 4.33
v -142.587 -12.104 -0.178
v -142.559 -11.566 0.873
v -134.609 -6.209 5.712
v -142.425 -10.902 1.891
v -142.393 -9.843 2.943
v -134.45 -3.454 6.915
v -142.216 -8.803 3.982
v -122.375 6.9 8.459
v -142.253 -7.619 4.828
v -134.09 -0.678 7.786
v -122.036 9.834 8.629
v -153.465 -10.197 -0.864
v -167.098 -7.418 -0.682
v -141.891 -5.015 6.219
v -153.467 -9.853 0.344
v -167.129 -6.575 2.068
v -121.689 12.945 8.629
v -153.269 -9.317 1.567
v -133.575 3.812 8.821
v -141.698 -2.409 7.612
v -153.308 -8.652 2.584
v -166.922 -4.996 4.677
v -121.298 15.915 8.306
v -153.296 -7.78 3.627
v -141.374 0.513 8.465
v -121.125 17.471 7.961
v -153.137 -6.753 4.657
v -133.066 8.299 9.335
v -153.13 -5.711 5.698
v -166.584 -1.545 8.303
v -120.973 19.53 7.432
v -120.789 20.747 6.746
v -132.875 11.423 9.517
v -152.785 -3.292 7.253
v -166.277 1.02 10.012
v -166.408 -0.333 9.168
v -166.417 -1.031 8.645
v -120.635 21.944 6.045
v -132.535 14.357 9.342
v -152.58 -0.677 8.651
v -165.394 3.799 11.231
v -132.193 17.292 8.821
v -152.254 2.074 9.678
v -163.84 7.081 12.094
v -164.015 6.734 12.093
v -164.028 6.552 12.087
v -164.028 6.552 12.086
v -164.199 6.381 12.088
v -52.867 16.256 1.736
v -52.557 16.231 2.237
v -52.354 15.907 1.042
v -53.064 15.721 0.515
v -52.363 15.21 -0.517
v -53.066 15.028 -0.697
v -53.077 14.157 -1.911
v -52.02 12.788 -3.284
v -58.404 16.77 1.906
v -59.814 16.924 1.892
v -58.392 16.26 0.702
v -53.211 11.764 -4.139
v -61.181 17.107 1.9
v -59.789 16.423 0.695
v -58.58 15.558 -0.516
v -62.032 17.117 1.906
v -61.172 16.595 0.695
v -59.983 15.544 -0.526
v -58.587 14.517 -1.728
v -53.232 8.984 -6.051
v -51.676 7.429 -7.087
v -62.204 16.599 0.697
v -61.342 15.733 -0.514
v -59.986 14.505 -1.737
v -62.197 15.739 -0.509
v -61.374 14.674 -1.567
v -58.768 11.918 -3.807
v -62.381 14.695 -1.552
v -60.124 12.109 -3.793
v -61.512 12.106 -3.623
v -58.911 9.001 -5.52
v -53.555 2.433 -9.15
v -51.315 1.564 -9.844
v -62.56 12.098 -3.629
v -60.492 9.156 -5.533
v -61.88 9.152 -5.363
v -62.723 9.34 -5.352
v -73.108 18.315 2.071
v -59.456 2.416 -8.471
v -73.12 17.616 1.028
v -53.904 -4.828 -11.052
v -50.976 -4.835 -11.403
v -60.841 2.414 -8.299
v -73.257 16.777 -0.163
v -62.41 2.577 -8.133
v -73.271 15.73 -1.207
v -63.24 2.774 -7.944
v -54.076 -10.531 -11.571
v -50.616 -11.564 -11.914
v -59.954 -4.829 -10.189
v -73.635 12.952 -3.118
v -61.332 -4.653 -10.014
v -54.426 -14.162 -11.573
v -50.467 -17.803 -11.235
v -62.915 -4.499 -9.855
v -73.961 10.2 -4.49
v -63.764 -4.316 -9.674
v -84.008 19.344 2.411
v -60.333 -10.383 -10.897
v -54.614 -17.803 -11.235
v -83.997 18.833 1.207
v -61.678 -10.183 -10.705
v -51.167 -22.475 -9.857
v -50.446 -23.837 -8.978
v -54.766 -19.516 -10.879
v -84.173 17.966 0.168
v -63.261 -9.857 -10.546
v -60.504 -14.01 -10.896
v -51.162 -23.855 -9.163
v -64.28 -9.671 -10.364
v -84.327 16.77 -0.859
v -54.939 -21.935 -10.36
v -62.038 -13.822 -10.712
v -74.68 3.787 -6.923
v -51.326 -25.058 -8.295
v -50.639 -26.098 -6.914
v -55.153 -23.52 -9.862
v -63.604 -13.484 -10.545
v -60.839 -17.632 -10.718
v -51.503 -26.27 -7.433
v -64.616 -13.294 -10.533
v -84.668 14.181 -2.585
v -55.118 -25.051 -9.154
v -91.225 20.064 2.604
v -62.367 -17.44 -10.531
v -60.822 -19.348 -10.537
v -51.687 -27.142 -6.401
v -50.655 -26.8 -5.885
v -50.652 -26.971 -5.365
v -50.656 -27.146 -4.849
v -55.323 -26.283 -8.478
v -91.428 19.524 1.379
v -63.767 -17.107 -10.367
v -62.396 -19.189 -10.373
v -61.158 -21.934 -10.013
v -64.809 -16.765 -10.37
v -85.022 11.238 -3.972
v -55.469 -27.474 -7.601
v -91.444 18.649 0.334
v -63.965 -18.853 -10.207
v -75.364 -2.602 -8.302
v -62.561 -21.602 -9.851
v -61.183 -23.506 -9.507
v -64.972 -18.486 -10.192
v -55.669 -28.357 -6.577
v -57.045 -29.216 -5.192
v -91.617 17.612 -0.702
v -64.096 -21.243 -9.668
v -62.712 -23.316 -9.494
v -61.348 -25.056 -8.985
v -65.137 -21.072 -9.67
v -64.291 -22.986 -9.333
v -62.9 -24.709 -8.811
v -61.534 -26.448 -8.3
v -91.919 15.05 -2.409
v -65.347 -22.654 -9.343
v -76.054 -7.613 -8.993
v -64.47 -24.373 -8.818
v -62.903 -26.266 -8.294
v -61.528 -27.654 -7.433
v -85.707 5.193 -6.215
v -65.508 -24.201 -8.645
v -64.622 -25.914 -8.116
v -63.095 -27.489 -7.439
v -61.72 -28.704 -6.579
v -62.885 -29.019 -5.174
v -92.31 12.08 -3.814
v -65.663 -25.572 -8.118
v -76.389 -10.889 -9.161
v -64.62 -27.123 -7.251
v -63.083 -28.345 -6.396
v -65.683 -26.968 -7.264
v -64.654 -28.183 -6.404
v -63.055 -29.017 -5.518
v -65.688 -27.835 -6.402
v -76.737 -14.347 -9.162
v -86.604 -1.052 -7.615
v -76.909 -15.902 -9.162
v -93.147 6.224 -5.874
v -77.253 -18.32 -8.815
v -77.263 -20.055 -8.474
v -87.276 -5.704 -8.123
v -77.429 -21.606 -7.952
v -77.613 -22.997 -7.44
v -87.596 -8.797 -8.456
v -93.864 0.157 -7.27
v -77.769 -24.367 -6.74
v -77.793 -25.421 -5.888
v -87.965 -12.097 -8.468
v -88.148 -13.659 -8.473
v -94.514 -4.48 -7.94
v -88.48 -16.07 -8.121
v -94.878 -7.604 -8.122
v -120.435 23.173 3.121
v -88.676 -17.641 -7.959
v -120.475 22.799 1.892
v -88.814 -19.172 -7.423
v -95.22 -10.712 -8.12
v -120.643 22.111 0.857
v -89.02 -20.578 -6.921
v -95.377 -12.256 -8.113
v -120.78 21.099 -0.162
v -88.985 -21.936 -6.213
v -89.17 -22.982 -5.355
v -113.563 -18.506 -3.294
v -95.746 -14.692 -7.779
v -120.955 18.851 -1.891
v -95.93 -16.255 -7.611
v -96.087 -17.8 -7.258
v -121.31 16.252 -3.451
v -96.279 -19.195 -6.749
v -131.32 24.384 3.295
v -96.245 -20.382 -6.041
v -131.533 24.01 2.238
v -96.437 -21.432 -5.186
v -131.51 23.335 1.04
v -131.699 22.46 -0.005
v -122.019 10.537 -5.534
v -131.86 20.221 -1.727
v -138.601 25.06 3.457
v -138.778 24.711 2.245
v -132.187 17.815 -3.273
v -138.779 24.192 1.208
v -122.722 4.653 -7.095
v -138.931 23.342 0.181
v -139.11 21.264 -1.55
v -132.92 12.255 -5.541
v -139.448 18.85 -3.102
v -149.671 26.263 3.625
v -159.662 27.15 3.296
v -159.676 27.313 4.153
v -149.653 25.929 2.597
v -159.875 26.776 2.238
v -149.845 25.398 1.378
v -133.432 6.384 -6.92
v -149.822 24.549 0.525
v -160.045 25.395 0.339
v -140.15 13.485 -5.527
v -150.159 22.655 -1.372
v -161.053 21.095 -2.93
v -133.911 1.918 -7.592
v -123.2 0.188 -7.594
v -150.353 20.22 -2.938
v -134.273 -1.031 -7.6
v -123.403 -2.772 -7.781
v -123.739 -5.876 -7.604
v -140.679 7.602 -6.915
v -134.471 -3.987 -7.44
v -134.642 -5.54 -7.266
v -123.903 -7.425 -7.427
v -141.176 3.123 -7.422
v -150.88 15.03 -5.188
v -163.159 10.876 -6.403
v -134.792 -7.598 -6.909
v -124.076 -9.499 -7.081
v -141.358 0.179 -7.427
v -134.982 -8.993 -6.399
v -124.239 -11.048 -6.731
v -124.447 -12.454 -6.23
v -135.159 -10.379 -6.055
v -124.406 -13.636 -5.691
v -141.734 -2.78 -7.269
v -135.168 -11.595 -5.369
v -151.559 9.335 -6.738
v -163.15 10.882 -6.398
v -141.883 -4.146 -7.084
v -135.338 -12.629 -4.676
v -124.596 -14.685 -5.008
v -135.33 -13.488 -3.808
v -124.598 -15.55 -4.145
v -142.037 -6.38 -6.729
v -142.236 -7.608 -6.224
v -152.1 4.999 -7.095
v -164.352 5.53 -6.74
v -142.236 -8.99 -5.706
v -142.393 -10.189 -5.006
v -152.257 2.073 -7.259
v -142.407 -11.235 -4.322
v -142.581 -11.928 -3.459
v -152.614 -0.874 -7.092
v -165.408 0.16 -6.404
v -152.783 -2.253 -6.745
v -152.93 -4.309 -6.386
v -152.931 -5.52 -5.869
v -166.435 -4.845 -4.498
v -153.109 -6.906 -5.352
v -153.272 -7.936 -4.656
v -153.286 -8.983 -3.972
v -166.925 -6.553 -3.101
v -153.302 -9.685 -3.116
v -166.965 -7.1 -2.084
v -166.942 -6.911 -2.591
v -101.423 -13.292 -7.766
v -104.724 -15.896 -6.91
v -104.536 -14.503 -7.248
v -104.727 -16.589 -6.739
v -104.894 -17.622 -6.218
v -104.911 -18.325 -5.88
v -110.801 -10.558 -7.616
v -120.305 -9.866 -7.269
v -118.558 -11.927 -6.915
v -118.74 -13.316 -6.574
v -118.75 -14.014 -6.233
v -118.902 -14.864 -5.704
v -112.352 -15.567 -6.231
v 27.472 -0.004 15.723
v -27.457 0.015 15.738
v -27.487 3.796 15.377
v 27.463 5.693 14.682
v -27.485 7.254 13.995
v 27.491 10.551 11.758
v -27.501 11.736 10.531
v 27.458 13.984 7.248
v -27.482 14.687 5.701
v 27.47 15.375 3.798
v -27.454 15.744 0.012
v 27.474 15.724 -0.002
v -27.456 15.397 -3.791
v 27.467 14.681 -5.709
v -27.494 13.988 -7.266
v 27.497 11.765 -10.533
v -27.477 10.543 -11.751
v 27.494 7.269 -13.991
v -27.503 5.686 -14.702
v 27.486 3.808 -15.377
v -27.496 -0.012 -15.735
v 27.457 -0.015 -15.738
v -52.553 2.409 10.88
v -51.476 2.61 11.073
v -51.864 2.061 11.052
v -52.729 1.888 10.706
v -52.699 1.563 10.375
v -52.17 1.052 10.034
v -53.58 1.551 9.848
v -53.945 2.921 10.703
v -54.093 2.419 10.542
v -54.075 2.086 10.205
v -55.494 3.27 10.533
v -57.718 4.151 10.371
v -55.664 2.754 10.361
v -56.318 3.471 10.38
v -57.89 3.633 10.199
v -55.673 2.402 9.839
v -57.881 2.602 8.994
v -56.356 2.926 10.188
v -57.918 3.094 10.012
v -56.362 2.576 9.839
v -57.888 2.77 9.509
v -47.02 -2.429 12.091
v -47.689 -3.968 11.757
v -48.587 -2.955 11.048
v -48.213 -3.972 11.408
v -48.552 -3.968 11.066
v -47.881 -2.772 11.747
v -48.926 -2.087 11.051
v -48.223 -1.56 11.749
v -47.548 -0.88 12.086
v -48.909 -0.692 11.578
v -49.262 1.204 11.575
v -49.788 -0.875 10.707
v -50.47 0.86 11.23
v -50.82 0.165 10.364
v -51.347 1.369 11.051
v -52.17 1.052 10.034
v -52.02 1.382 10.714
v -49.936 -11.746 10.201
v -50.799 -12.263 9.856
v -51.145 -11.572 9.856
v -50.812 -10.89 9.849
v -51.495 -10.884 9.508
v -51.854 -10.202 8.983
v -50.114 -10.194 10.198
v -50.132 -8.997 9.671
v -49.417 -9.671 10.547
v -48.041 -9.676 10.889
v -49.943 -8.985 10.025
v -49.412 -8.112 10.204
v -48.737 -8.47 10.887
v -48.372 -7.937 11.07
v -48.552 -7.251 11.066
v -47.888 -7.443 11.398
v -47.359 -7.608 11.576
v -49.269 -8.133 10.361
v -49.056 -7.587 10.554
v -49.083 -7.087 10.541
v -47.686 -7.077 11.412
v -47.705 -6.572 11.576
v -48.583 -6.754 11.05
v -49.083 -7.087 10.541
v -47.504 -5.861 11.763
v -47.865 -3.971 11.582
v -47.335 -4.136 11.933
v -48.556 -6.389 11.064
v -48.389 -5.53 11.234
v -48.546 -3.963 11.069
v -47.353 -26.269 -0.346
v -49.951 -28.519 -3.805
v -49.921 -28.153 -1.37
v -49.925 -26.946 0.701
v -44.579 -24.189 0.35
v -42.001 -22.471 -2.077
v -47.348 -24.191 2.94
v -50.133 -24.205 3.795
v -44.753 -22.288 3.46
v -39.762 -20.057 1.376
v -37.654 -18.996 -1.027
v -47.716 -18.85 7.25
v -50.305 -20.403 6.56
v -39.74 -18.658 4.671
v -44.955 -17.47 8.112
v -47.875 -15.383 9.158
v -50.817 -12.276 9.847
v -50.448 -12.087 10.031
v -50.117 -11.924 10.024
v -49.581 -11.393 10.205
v -48.553 -10.362 10.72
v -34.042 -16.761 2.248
v -33.71 -16.944 -0.524
v -44.927 -14.167 9.854
v -34.062 -15.738 5.522
v -39.742 -14.512 9.336
v -29.195 -15.719 2.771
v -27.467 -15.373 3.808
v -27.474 -15.724 0.002
v -45.279 -8.814 11.752
v -47.687 -9.151 11.066
v -39.941 -11.592 11.397
v -29.201 -14.686 5.879
v -27.454 -13.981 7.271
v -34.033 -12.261 10.548
v -45.301 -4.854 12.432
v -47.008 -5.876 11.924
v -46.856 -4.163 12.087
v -46.859 -2.955 12.085
v -47.185 -1.905 12.095
v -39.907 -6.384 13.314
v -34.042 -9.503 12.617
v -29.211 -11.409 11.058
v -27.467 -10.534 11.757
v -39.932 -2.6 13.993
v -48.758 4.823 11.222
v -48.222 0.169 11.922
v -49.755 1.568 11.415
v -29.198 -8.635 13.312
v -27.462 -5.692 14.698
v -34.05 -4.496 14.688
v -48.905 7.779 10.544
v -51.868 10.008 9.494
v -45.615 5.537 11.584
v -47.691 -0.859 11.928
v -34.069 -0.881 15.196
v -45.781 8.307 10.723
v -29.224 -3.814 15.372
v -49.096 12.951 8.288
v -52.197 13.994 7.774
v -39.915 7.09 12.273
v -29.223 -0.184 15.718
v -49.267 15.717 6.215
v -52.174 16.258 5.885
v -52.181 17.117 4.671
v -52.37 17.624 3.108
v -52.366 17.627 2.246
v -45.992 13.119 8.112
v -39.939 9.666 11.052
v -46.167 15.537 5.864
v -33.856 8.48 12.797
v -39.933 13.645 7.598
v -33.879 10.71 11.057
v -29.206 8.987 12.962
v -39.9 15.396 5.023
v -29.23 11.044 11.221
v -33.89 13.987 7.25
v -33.876 15.379 4.319
v -29.195 14.179 6.919
v -29.227 15.367 3.965
v -29.217 15.719 0.513
v -49.403 16.607 -0.852
v -52.2 17.103 -0.004
v -52.374 17.621 1.205
v -52.371 17.623 2.244
v -49.269 14.679 -3.637
v -52.186 14.175 -4.145
v -46.152 16.412 -1.041
v -45.974 14.687 -3.977
v -39.899 15.916 -1.717
v -48.92 8.978 -8.301
v -51.867 8.108 -8.479
v -39.925 14.688 -4.668
v -45.793 9.508 -8.811
v -48.715 3.643 -11.05
v -51.5 1.902 -11.233
v -33.71 15.72 -2.424
v -33.889 14.678 -5.366
v -45.638 4.139 -11.585
v -40.082 10.378 -9.845
v -29.211 15.551 -2.767
v -27.472 14.694 -5.7
v -48.404 -3.985 -13.314
v -50.813 -10.026 -13.482
v -51.167 -4.675 -12.968
v -29.209 14.688 -5.704
v -27.497 11.739 -10.551
v -40.092 5.532 -12.788
v -33.875 11.059 -10.716
v -45.439 -3.275 -13.646
v -29.198 11.239 -11.056
v -27.481 7.257 -14
v -34.026 6.581 -13.816
v -40.073 -1.54 -14.679
v -47.871 -16.418 -12.961
v -50.447 -18.134 -12.78
v -29.214 6.735 -14.175
v -27.486 3.797 -15.385
v -47.529 -20.395 -11.581
v -50.309 -21.961 -11.588
v -34.042 -0.343 -15.552
v -44.74 -18.823 -11.223
v -44.948 -15.391 -12.796
v -47.369 -23.515 -9.513
v -49.926 -26.946 -8.113
v -50.094 -24.87 -10.012
v -29.229 -0.016 -15.738
v -27.493 -5.714 -14.697
v -39.911 -12.782 -12.611
v -44.576 -21.767 -8.981
v -47.374 -26.802 -4.504
v -49.922 -28.499 -5
v -49.962 -28.009 -6.576
v -39.739 -15.893 -10.537
v -34.029 -10.876 -12.262
v -44.584 -24.711 -3.973
v -39.771 -18.334 -7.961
v -34.062 -13.664 -9.859
v -29.185 -10.354 -12.087
v -27.456 -10.526 -11.74
v -39.748 -20.392 -2.765
v -34.034 -15.546 -6.907
v -29.195 -12.781 -9.327
v -27.495 -14.01 -7.267
v -29.214 -14.522 -6.398
v -27.469 -15.375 -3.798
v -34.065 -17.123 -1.738
v -29.229 -15.915 -1.221
v -42.691 -8.472 -14.174
v -27.479 -14.69 -5.703
v -10.217 -15.741 -1.911
v -10.387 -15.739 1.028
v -10.198 -15.728 1.9
v 27.468 -14.006 -7.264
v 9.676 -15.555 -2.766
v 10.219 -15.711 -1.89
v 27.476 -15.383 -3.803
v 10.393 -15.71 -1.025
v 27.454 -15.744 -0.012
v 10.532 -15.734 -0.005
v 10.389 -15.713 1.047
v 27.49 -14.682 5.709
v 10.182 -15.737 1.894
v 9.693 -15.543 2.773
v 27.487 -11.746 10.546
v -8.991 -5.706 -14.692
v -27.457 -3.787 -15.37
v -27.481 -7.26 -14
v -5.551 -5.717 -14.7
v -9.004 -10.555 -11.761
v -27.476 -11.75 -10.541
v -5.537 -10.547 -11.755
v -8.997 -14.006 -7.264
v -8.313 -15.221 -4.157
v -7.414 -15.023 -4.657
v -6.561 -15.031 -4.836
v -5.54 -14.006 -7.264
v 5.554 -15.019 -5
v -8.968 -15.368 -3.793
v 7.436 -5.699 -14.687
v 27.497 -5.69 -14.68
v 7.422 -10.548 -11.756
v 27.465 -10.551 -11.759
v -8.997 -14.005 7.253
v -6.373 -15.021 4.849
v -7.432 -15.036 4.666
v 7.44 -13.993 -7.254
v 6.379 -15.046 -4.847
v 7.432 -15.035 -4.666
v 8.277 -15.221 -4.157
v 8.967 -15.395 -3.466
v -5.517 -13.989 7.265
v 5.521 -15.042 5.007
v -8.994 -10.548 11.748
v -5.553 -10.558 11.74
v -8.994 -5.708 14.686
v -5.522 -5.697 14.694
v 7.424 -14.004 7.255
v 8.99 -15.379 3.458
v 8.282 -15.218 4.141
v 7.432 -15.035 4.666
v 6.574 -15.03 4.843
v 7.448 -10.53 11.76
v 27.477 -7.086 13.998
v 7.416 -5.714 14.682
v 27.46 -3.642 15.372
v -51.521 2.232 9.495
v -51.336 2.414 9.674
v -51.521 2.233 9.495
v -51.524 2.23 9.493
v -51.49 2.254 9.51
v -51.479 2.089 9.516
v -51.857 2.585 9.5
v -51.312 2.431 9.686
v -51.85 2.589 9.503
v -51.837 2.426 9.51
v -52.706 2.941 9.507
v -55.132 3.628 9.158
v -52.866 2.95 9.341
v -52.871 2.773 9.338
v -54.262 3.286 9.161
v -54.285 3.27 9.15
v -54.281 3.273 9.152
v -55.121 3.636 9.164
v -55.153 3.613 9.148
v -55.108 3.645 9.17
v -58.076 -13.14 7.082
v -58.575 -13.126 7.091
v -57.547 -13.133 7.26
v -55.797 -13.118 7.443
v -57.563 -13.144 7.251
v -54.949 -12.783 7.435
v -55.491 -12.973 7.423
v -55.499 -12.978 7.42
v -53.561 -12.779 7.784
v -53.069 -12.798 7.943
v -53.587 -12.625 7.77
v -52.891 -12.103 7.773
v -51.697 -12.114 8.284
v -50.816 -11.584 8.465
v -50.643 -11.757 8.465
v -51.688 -11.935 8.115
v -50.961 -11.046 8.133
v -50.976 -11.229 8.299
v -46.835 -2.939 10.542
v -47.376 -3.991 10.012
v -47.537 -2.427 10.191
v -46.679 -2.432 10.706
v -46.505 -3.987 10.534
v -46.837 -3.977 10.541
v -47.161 -3.961 10.379
v -47.331 -2.058 10.38
v -48.049 -1.213 10.021
v -47.196 -0.875 10.534
v -48.413 -0.362 10.012
v -49.277 0.502 9.666
v -48.913 1.033 10.194
v -49.584 1.393 10.031
v -50.288 1.385 9.507
v -50.449 1.911 9.858
v -51.497 2.076 9.507
v -51.521 2.232 9.495
v -50.635 -11.405 8.469
v -49.774 -11.407 8.64
v -50.617 -11.738 8.478
v -50.814 -11.064 8.293
v -50.962 -11.047 8.133
v -49.778 -10.719 8.811
v -49.958 -10.379 8.634
v -49.257 -9.508 8.812
v -48.745 -9.685 9.154
v -48.395 -8.299 9.157
v -47.683 -9.321 9.513
v -47.882 -8.476 9.5
v -48.219 -8.297 9.331
v -47.687 -7.942 9.684
v -47.51 -7.075 9.858
v -47.368 -7.269 10.016
v -47.024 -7.27 10.015
v -47.887 -7.788 9.497
v -47.872 -7.086 9.678
v -47.191 -6.921 10.018
v -46.997 -7.251 10.029
v -47.158 -6.379 10.207
v -47.519 -6.735 9.854
v -47.512 -6.385 9.858
v -46.988 -5.689 10.379
v -47.333 -5.517 10.033
v -47.343 -3.968 10.028
v -49.949 -26.963 -3.631
v -50.646 -27.312 -3.807
v -50.642 -27.31 -3.805
v -49.445 -26.454 -2.429
v -48.048 -25.58 -3.286
v -49.268 -26.451 -3.463
v -50.47 -26.792 -1.904
v -49.234 -25.909 -1.027
v -50.444 -25.391 0.528
v -46.814 -24.526 -1.891
v -45.633 -23.51 -2.597
v -46.844 -24.547 -2.943
v -47.353 -25.059 -3.111
v -49.248 -24.537 0.867
v -46.813 -24.007 -0.335
v -49.084 -23.505 2.073
v -50.315 -22.138 3.617
v -44.423 -22.473 -1.214
v -49.103 -22.309 3.273
v -46.643 -22.799 1.565
v -44.239 -21.946 0.174
v -43.226 -21.445 -0.875
v -40.613 -19.183 -1.555
v -46.484 -21.772 2.767
v -49.066 -20.383 4.673
v -50.47 -17.287 6.564
v -43.19 -20.901 0.526
v -46.478 -20.731 3.807
v -44.22 -20.896 2.257
v -40.606 -19.179 -0.342
v -44.051 -20.034 3.466
v -43.054 -20.063 2.581
v -49.085 -17.457 6.393
v -46.474 -18.827 5.365
v -40.611 -18.836 1.038
v -44.074 -19.014 4.491
v -42.864 -19.187 3.8
v -49.09 -15.906 7.081
v -38.56 -17.642 -0.01
v -36.632 -16.586 -0.861
v -42.878 -18.159 4.83
v -49.088 -14.349 7.773
v -50.627 -11.745 8.473
v -50.481 -11.764 8.46
v -50.308 -11.591 8.459
v -49.964 -11.42 8.631
v -40.435 -17.97 3.113
v -38.521 -17.269 1.565
v -46.297 -16.232 7.095
v -43.881 -17.271 6.056
v -40.433 -17.277 4.324
v -46.326 -14.697 7.945
v -42.687 -16.591 6.394
v -38.385 -16.604 3.447
v -34.566 -15.555 0.69
v -32.325 -15.041 -0.35
v -49.258 -11.063 8.812
v -49.424 -11.058 8.815
v -48.224 -10.029 9.329
v -40.29 -16.434 5.519
v -46.328 -13.143 8.462
v -43.701 -14.674 7.961
v -38.39 -15.916 4.827
v -34.413 -15.396 2.063
v -43.707 -13.295 8.649
v -42.533 -14.012 8.286
v -31.958 -14.853 0.871
v -40.279 -14.871 7.08
v -38.214 -15.05 6.038
v -46.33 -10.034 9.671
v -47.515 -8.806 9.683
v -43.718 -11.921 9.335
v -34.388 -14.86 4.15
v -42.526 -12.625 8.98
v -31.977 -14.693 2.244
v -30.239 -14.514 1.039
v -27.467 -13.991 2.943
v -27.464 -14.334 0.007
v -38.181 -13.644 7.61
v -34.415 -14.188 5.345
v -42.526 -11.242 9.672
v -30.221 -14.328 2.431
v -40.097 -12.617 8.986
v -31.792 -14.166 4.324
v -46.465 -6.896 10.381
v -46.997 -7.251 10.029
v -46.668 -5.707 10.366
v -43.734 -8.994 10.364
v -34.236 -13.492 6.558
v -39.913 -11.227 9.855
v -31.786 -13.643 5.71
v -30.228 -13.815 4.501
v -27.495 -12.973 5.867
v -38.01 -11.571 9.51
v -42.352 -8.303 10.882
v -39.916 -10.02 10.545
v -34.224 -12.274 8.293
v -31.803 -12.965 6.911
v -30.064 -13.303 5.706
v -37.87 -10.385 10.358
v -43.735 -5.884 11.055
v -46.505 -3.987 10.534
v -30.071 -12.616 7.085
v -37.847 -8.986 11.061
v -46.637 -1.884 10.727
v -46.489 -2.938 10.715
v -46.819 -1.89 10.723
v -47.37 -0.876 10.534
v -42.364 -5.2 11.568
v -31.783 -11.741 8.649
v -39.732 -7.074 11.588
v -34.062 -10.208 10.188
v -30.054 -11.394 8.822
v -27.467 -9.843 10.375
v -34.032 -8.977 11.068
v -37.692 -6.233 12.262
v -46.844 1.376 10.537
v -47.863 0.006 10.373
v -49.411 1.566 10.031
v -43.737 -1.047 11.399
v -31.632 -9.682 10.539
v -39.725 -4.131 12.282
v -34.064 -7.79 11.915
v -50.137 5.69 9.323
v -50.31 2.061 9.841
v -50.805 2.249 9.68
v -50.98 2.421 9.679
v -51.163 2.413 9.674
v -51.851 9.847 7.947
v -42.331 -0.511 11.757
v -31.644 -8.481 11.397
v -30.055 -9.321 10.896
v -50.297 7.254 8.983
v -37.67 -3.28 12.791
v -43.881 2.258 11.068
v -31.645 -7.271 12.261
v -29.918 -8.309 11.742
v -27.463 -5.346 13.315
v -33.853 -5.171 12.971
v -47.188 6.216 9.674
v -42.491 2.608 11.418
v -50.47 9.673 8.119
v -29.896 -7.084 12.444
v -39.734 0.529 12.45
v -47.17 7.784 9.164
v -31.434 -4.652 13.317
v -33.881 -2.252 13.649
v -50.656 11.911 7.249
v -52.195 14.515 5.529
v -37.523 1.195 12.951
v -44.09 6.726 9.84
v -29.906 -4.499 13.476
v -39.741 3.462 11.929
v -47.353 9.85 8.295
v -50.833 13.291 6.383
v -44.255 8.114 9.326
v -42.698 7.078 10.018
v -31.472 -1.914 13.989
v -37.504 4.146 12.269
v -47.549 11.908 7.247
v -42.855 8.471 9.507
v -50.968 15.045 5.019
v -52.348 15.565 4.329
v -29.88 -1.543 14.18
v -27.491 -0.009 14.338
v -44.402 10.206 8.302
v -33.856 2.086 13.488
v -47.691 13.14 6.398
v -50.995 15.718 3.969
v -52.559 16.23 2.754
v -52.541 16.242 2.245
v -39.765 7.766 10.361
v -42.87 10.362 8.29
v -44.572 12.109 7.094
v -31.461 2.414 13.822
v -39.928 8.982 9.675
v -47.881 14.683 4.834
v -33.686 4.849 12.796
v -37.651 8.139 10.554
v -44.601 13.125 6.215
v -43.049 12.086 7.077
v -29.901 2.59 13.997
v -27.455 2.955 14.01
v -47.88 15.375 3.625
v -45.473 15.366 1.718
v -39.91 10.723 8.474
v -37.692 9.321 9.842
v -43.22 13.124 6.041
v -31.454 5.184 13.134
v -44.774 14.508 4.487
v -29.911 5.348 13.128
v -27.492 5.866 12.955
v -40.074 12.284 6.923
v -37.666 10.894 8.473
v -44.774 15.026 3.45
v -33.897 8.624 10.876
v -43.202 14.519 4.495
v -40.073 13.149 5.886
v -33.859 9.861 9.858
v -43.391 15.026 3.277
v -37.693 12.43 6.904
v -31.47 8.975 10.879
v -40.269 14.342 4.147
v -37.86 13.125 5.697
v -33.886 11.224 8.462
v -31.431 10.039 10.035
v -29.881 8.999 10.896
v -27.489 10.362 9.845
v -40.274 14.685 2.934
v -29.903 10.193 10.021
v -37.865 14.159 3.966
v -33.877 12.613 6.738
v -31.439 11.416 8.475
v -40.114 14.849 1.373
v -40.074 15.05 1.22
v -40.082 14.871 1.043
v -37.838 14.523 2.597
v -33.874 13.306 5.529
v -29.897 11.58 8.469
v -27.48 13.306 5.357
v -31.472 12.603 6.558
v -33.849 14.015 3.641
v -31.467 13.298 5.351
v -29.909 12.608 6.562
v -33.856 14.356 2.255
v -29.908 13.3 5.352
v -31.456 13.997 3.455
v -31.459 14.167 2.071
v -29.917 13.985 3.274
v -27.488 14.337 -0.005
v -29.899 14.171 1.9
v -29.877 14.359 0.356
v -50.962 15.913 1.22
v -52.381 16.061 1.202
v -52.541 16.242 2.245
v -50.959 15.397 -0.161
v -52.351 15.563 0.007
v -47.894 15.538 1.025
v -50.83 13.984 -2.084
v -52.211 13.639 -2.429
v -47.869 15.037 -0.345
v -50.643 12.265 -3.806
v -44.766 15.204 0.516
v -47.687 13.834 -2.241
v -50.458 11.064 -4.836
v -51.686 7.422 -7.092
v -44.765 14.859 -0.694
v -43.182 15.224 0.357
v -47.517 12.276 -4.144
v -43.188 14.701 -0.856
v -44.604 13.814 -2.773
v -47.328 11.25 -5.172
v -40.117 14.847 -0.011
v -43.019 13.835 -2.931
v -50.1 6.753 -7.768
v -44.435 12.429 -4.504
v -40.088 14.521 -1.38
v -37.867 14.676 -0.355
v -44.439 11.216 -5.715
v -42.864 12.44 -4.841
v -39.928 13.648 -3.46
v -37.694 14.33 -1.738
v -49.94 3.633 -9.157
v -51.352 1.538 -9.863
v -47.017 7.079 -8.127
v -42.867 11.401 -5.88
v -39.943 12.428 -5.195
v -37.684 13.646 -3.807
v -33.885 14.336 -0.87
v -49.748 0.536 -10.357
v -50.974 -5.007 -11.402
v -47.023 4.136 -9.686
v -44.073 7.602 -8.643
v -39.941 11.565 -6.404
v -33.885 14.163 -2.253
v -37.68 12.612 -5.533
v -31.437 14.355 -1.029
v -42.668 7.79 -8.977
v -37.652 11.768 -6.728
v -46.835 1.036 -10.888
v -33.859 13.662 -4.141
v -31.446 14.176 -2.416
v -44.077 4.661 -10.2
v -29.883 14.355 -1.029
v -49.586 -4.484 -11.572
v -50.803 -9.5 -11.921
v -29.916 14.159 -2.428
v -27.492 13.298 -5.364
v -42.494 5.026 -10.532
v -39.727 8.31 -9.495
v -33.707 12.611 -6.052
v -31.432 13.495 -4.483
v -43.892 1.731 -11.404
v -33.711 11.917 -7.264
v -29.902 13.477 -4.495
v -37.515 8.632 -9.857
v -46.67 -3.808 -11.929
v -31.447 12.793 -6.391
v -42.523 2.067 -11.756
v -39.754 5.7 -11.063
v -31.43 11.941 -7.592
v -29.913 12.778 -6.402
v -37.485 6.061 -11.57
v -49.239 -11.396 -12.09
v -50.45 -17.791 -11.227
v -43.911 -3.121 -12.45
v -29.913 11.914 -7.785
v -27.499 10.355 -9.861
v -39.764 2.755 -12.278
v -33.712 8.978 -10.548
v -42.509 -2.589 -12.786
v -37.517 3.273 -12.796
v -46.495 -10.547 -12.274
v -31.472 9.146 -10.724
v -33.708 6.561 -12.102
v -49.253 -16.417 -11.578
v -29.909 9.152 -10.893
v -27.48 5.875 -12.963
v -39.739 -1.722 -13.302
v -31.449 6.743 -12.441
v -43.886 -9.498 -12.438
v -33.89 3.963 -13.316
v -37.696 -1.225 -13.663
v -49.259 -19.705 -10.544
v -50.488 -22.311 -9.69
v -46.664 -15.383 -11.58
v -29.886 6.748 -12.437
v -42.704 -8.999 -12.624
v -31.458 4.145 -13.482
v -49.24 -22.63 -9.153
v -46.678 -18.331 -10.378
v -44.048 -13.984 -11.396
v -29.887 4.155 -13.647
v -27.49 2.93 -14.004
v -40.101 -7.782 -12.792
v -33.854 -0.333 -13.989
v -49.428 -23.85 -8.296
v -50.442 -25.216 -7.766
v -42.841 -13.467 -11.397
v -38.002 -7.073 -12.953
v -46.682 -21.098 -8.997
v -31.602 -0.156 -14.159
v -44.227 -16.926 -10.189
v -49.409 -25.565 -6.731
v -50.627 -26.78 -5.871
v -46.825 -22.287 -7.945
v -29.922 -0.017 -14.356
v -27.472 0.005 -14.341
v -27.464 -5.347 -13.3
v -43.05 -16.084 -10.205
v -40.268 -12.098 -11.406
v -49.433 -26.273 -5.361
v -50.657 -27.32 -3.812
v -50.614 -27.117 -4.828
v -44.242 -19.356 -8.641
v -46.834 -23.849 -6.221
v -34.049 -6.051 -13.136
v -38.201 -11.066 -11.41
v -44.407 -20.56 -7.6
v -43.028 -18.489 -8.293
v -40.458 -14.529 -9.86
v -46.844 -24.374 -5.017
v -31.651 -5.72 -13.319
v -43.193 -19.52 -7.253
v -44.414 -21.775 -5.703
v -38.376 -13.487 -9.683
v -30.067 -5.527 -13.132
v -40.604 -16.757 -7.945
v -34.202 -9.839 -11.225
v -44.419 -22.297 -4.323
v -43.207 -20.74 -5.531
v -40.631 -17.641 -6.749
v -44.438 -22.656 -2.95
v -43.203 -21.256 -4.147
v -38.387 -15.396 -7.614
v -31.815 -9.517 -11.069
v -34.406 -12.108 -9.34
v -43.212 -21.434 -2.596
v -42.863 -21.259 -2.076
v -40.598 -18.654 -4.831
v -38.528 -16.238 -6.389
v -43.192 -21.42 -2.067
v -30.095 -9.349 -11.073
v -27.463 -9.84 -10.362
v -40.626 -19.193 -3.463
v -38.388 -17.643 -1.048
v -31.809 -11.586 -9.165
v -38.559 -17.123 -4.503
v -34.395 -13.829 -7.088
v -30.053 -11.221 -8.978
v -27.484 -12.966 -5.879
v -38.547 -17.633 -3.115
v -34.576 -14.525 -5.882
v -31.949 -13.118 -6.901
v -38.562 -17.644 -1.567
v -34.588 -15.225 -3.814
v -31.981 -13.832 -5.535
v -30.246 -12.964 -6.741
v -34.567 -15.556 -2.421
v -30.256 -13.489 -5.364
v -27.492 -14.008 -2.945
v -31.978 -14.521 -3.632
v -34.588 -15.743 -1.049
v -33.85 -15.538 -0.507
v -31.963 -14.856 -2.069
v -30.231 -14.162 -3.45
v -30.219 -14.5 -2.062
v 27.469 -0.007 14.339
v 27.501 5.373 13.319
v 27.474 9.848 10.367
v 27.458 12.947 5.865
v 27.455 13.982 2.926
v 27.464 14.334 -0.007
v -27.485 13.994 -2.941
v 27.467 13.299 -5.363
v -27.459 12.975 -5.866
v 27.467 10.361 -9.857
v -27.472 9.855 -10.366
v 27.465 5.866 -12.968
v -27.457 5.372 -13.297
v 27.497 2.951 -13.989
v 27.454 -0.017 -14.356
v -6.587 -13.494 4.829
v -5.537 -15.04 5.008
v -5.551 -13.495 5.001
v -8.621 -13.811 3.812
v -8.308 -13.661 4.142
v -8.295 -15.208 4.148
v -9.666 -13.99 2.771
v -9.34 -15.559 3.107
v -9.701 -15.57 2.753
v -9.677 -13.998 -2.765
v -9.687 -15.56 -2.77
v -9.341 -15.56 -3.115
v -8.287 -13.647 -4.144
v -8.622 -13.812 -3.793
v -6.579 -13.488 -4.845
v -5.527 -15.033 -5.01
v -5.54 -13.487 -5.017
v -7.416 -15.024 4.674
v -7.446 -14.182 4.659
v -7.408 -13.809 4.678
v -7.436 -13.483 4.664
v -8.963 -15.192 3.468
v -8.663 -15.397 3.791
v -8.983 -15.378 3.458
v -8.97 -15.023 3.465
v -9.338 -14.002 3.108
v -8.987 -14.172 3.456
v -8.978 -13.82 3.461
v -9.006 -13.839 3.447
v -10.194 -15.552 1.902
v -10.196 -15.208 1.901
v -10.186 -15.028 1.906
v -10.392 -14.36 1.025
v -10.187 -14.165 1.906
v -10.212 -14.182 1.893
v -10.535 -15.549 0.004
v -10.559 -15.739 -0.009
v -10.367 -15.725 -1.036
v -10.563 -15.223 -0.011
v -10.561 -15.049 -0.01
v -10.378 -14.35 -1.041
v -10.556 -14.354 -0.007
v -10.196 -15.553 -1.901
v -10.212 -15.219 -1.909
v -10.182 -15.025 -1.894
v -10.192 -14.168 -1.899
v -8.977 -15.201 -3.451
v -8.987 -15.381 -3.457
v -8.662 -15.396 -3.813
v -8.997 -15.043 -3.462
v -9.354 -14.014 -3.122
v -9.003 -14.183 -3.465
v -9.005 -13.838 -3.465
v -7.415 -15.024 -4.658
v -7.455 -14.188 -4.678
v -7.438 -13.831 -4.67
v -7.408 -13.464 -4.655
v -10.192 -14.168 -1.899
v -9.677 -13.998 -2.765
v -27.473 -13.303 -5.355
v -10.378 -14.35 -1.041
v -27.464 -14.334 0.007
v -10.556 -14.354 -0.007
v -10.392 -14.36 1.025
v -27.467 -13.991 2.943
v 27.467 -12.969 -5.881
v 27.465 -9.86 -10.376
v 9.675 -14 -2.766
v 27.471 -14.003 -2.941
v 27.488 -14.337 0.005
v 10.563 -14.33 0.01
v -9.008 -5.373 -13.318
v -27.499 -2.953 -14.009
v -27.484 -5.88 -12.964
v -27.472 0.005 -14.341
v -5.536 -5.361 -13.31
v 27.454 -0.017 -14.356
v -8.981 -9.847 -10.367
v -27.492 -10.379 -9.858
v -7.408 -13.464 -4.655
v -6.579 -13.488 -4.845
v -5.536 -9.855 -10.372
v 5.51 -13.494 -5.022
v -8.99 -13.655 -4.149
v -9.005 -13.838 -3.465
v -8.287 -13.647 -4.144
v 7.445 -5.348 -13.3
v 27.471 -5.362 -13.311
v 7.431 -9.851 -10.369
v 6.567 -13.48 -4.839
v 7.412 -13.493 -4.676
v 8.287 -13.659 -4.152
v 8.973 -13.835 -3.463
v -8.994 -10.375 9.847
v -6.587 -13.494 4.829
v -7.436 -13.483 4.664
v -5.527 -10.367 9.852
v 7.416 -10.38 9.843
v -18.301 -5.691 13.143
v -27.463 -5.346 13.315
v -27.491 -0.009 14.338
v -27.467 -9.843 10.375
v -16.426 -5.708 13.131
v -13.984 -7.248 12.278
v -1.902 -3.803 13.825
v 27.469 -0.007 14.339
v 9.834 -7.271 12.262
v 11.076 -5.693 13.142
v 17.464 -5.697 13.139
v 27.475 -2.941 13.997
v 27.456 -5.891 12.951
v -11.221 -12.78 6.228
v -8.308 -13.661 4.142
v -9.006 -13.839 3.447
v -9.666 -13.99 2.771
v -10.212 -14.182 1.893
v -12.097 -11.925 7.95
v -27.495 -12.973 5.867
v -11.758 -11.756 8.292
v 9.507 -11.405 8.469
v 8.32 -13.636 4.16
v 7.431 -13.48 4.666
v 12.098 -12.27 7.259
v 10.219 -14.155 1.912
v 9.699 -13.984 2.776
v 8.986 -13.826 3.456
v 13.328 -10.873 9.343
v 13.468 -11.069 8.981
v 12.08 -9.863 10.36
v 18.144 -11.926 7.776
v 27.474 -13.31 5.355
v 10.366 -14.347 1.035
v 22.485 -10.184 10.033
v 27.48 -10.368 9.852
v 46.992 -2.43 12.09
v 47.514 -4.156 11.919
v 48.553 -2.945 11.056
v 48.033 -3.983 11.573
v 48.564 -3.974 11.061
v 47.88 -2.759 11.756
v 48.907 -1.902 11.06
v 48.217 -1.555 11.752
v 47.518 -0.869 12.094
v 48.905 -0.693 11.578
v 49.069 1.201 11.573
v 49.797 -0.847 10.727
v 50.441 0.848 11.222
v 50.818 0.179 10.374
v 51.313 1.372 11.053
v 51.508 2.597 11.064
v 52.191 1.036 10.023
v 52.017 1.381 10.714
v 49.937 -11.757 10.192
v 50.808 -12.271 9.85
v 51.132 -11.595 9.839
v 50.808 -10.889 9.85
v 51.48 -10.902 9.495
v 51.836 -10.204 8.981
v 50.103 -10.207 10.189
v 50.106 -8.995 9.672
v 49.415 -9.686 10.536
v 48.058 -9.668 10.895
v 49.964 -8.974 10.033
v 49.414 -8.132 10.19
v 48.729 -8.473 10.885
v 48.382 -7.955 11.056
v 48.578 -7.248 11.068
v 47.868 -7.433 11.405
v 47.341 -7.613 11.573
v 49.241 -8.131 10.363
v 49.076 -7.608 10.539
v 49.093 -7.077 10.548
v 47.706 -7.081 11.41
v 47.699 -6.567 11.579
v 48.547 -6.751 11.053
v 47.549 -5.859 11.764
v 48.576 -6.385 11.067
v 48.368 -5.546 11.222
v 49.404 16.575 -0.875
v 52.175 17.098 -0.008
v 52.381 17.639 1.218
v 52.384 17.641 2.256
v 49.27 14.701 -3.621
v 52.174 14.159 -4.157
v 46.167 16.435 -1.025
v 45.976 14.694 -3.972
v 39.922 15.9 -1.728
v 27.474 15.724 -0.002
v 48.904 8.984 -8.297
v 51.837 8.116 -8.473
v 39.928 14.694 -4.663
v 45.788 9.498 -8.819
v 48.739 3.632 -11.059
v 51.482 1.888 -11.243
v 33.699 15.726 -2.42
v 33.897 14.707 -5.345
v 45.639 4.158 -11.572
v 40.096 10.37 -9.85
v 29.197 15.547 -2.77
v 27.467 14.681 -5.709
v 48.412 -3.959 -13.296
v 50.79 -10.037 -13.489
v 51.139 -4.677 -12.969
v 29.223 14.701 -5.695
v 27.497 11.765 -10.533
v 40.082 5.522 -12.795
v 33.848 11.043 -10.727
v 45.473 -3.269 -13.642
v 29.225 11.246 -11.051
v 27.494 7.269 -13.991
v 34.037 6.561 -13.83
v 40.111 -1.544 -14.681
v 47.881 -16.411 -12.957
v 50.454 -18.153 -12.794
v 29.186 6.726 -14.181
v 27.486 3.808 -15.377
v 47.549 -20.376 -11.567
v 50.3 -21.942 -11.574
v 44.924 -15.388 -12.794
v 34.035 -0.353 -15.559
v 44.771 -18.83 -11.228
v 47.33 -23.519 -9.516
v 49.928 -26.972 -8.131
v 50.122 -24.883 -10.021
v 29.185 -0.015 -15.737
v 27.457 -0.015 -15.738
v 27.497 -5.69 -14.68
v 44.58 -21.781 -8.991
v 47.374 -26.772 -4.483
v 49.925 -28.529 -3.812
v 49.97 -28.498 -5
v 49.926 -28.01 -6.577
v 39.746 -15.901 -10.543
v 39.912 -12.795 -12.621
v 34.061 -10.877 -12.263
v 44.583 -24.717 -3.977
v 41.994 -22.468 -2.074
v 39.754 -18.316 -7.947
v 34.063 -13.641 -9.842
v 29.189 -10.382 -12.106
v 27.465 -10.551 -11.759
v 39.773 -20.376 -2.753
v 37.697 -18.995 -1.026
v 34.026 -15.568 -6.923
v 29.224 -12.777 -9.324
v 27.468 -14.006 -7.264
v 29.221 -14.507 -6.387
v 27.476 -15.383 -3.803
v 34.032 -17.119 -1.735
v 33.678 -16.952 -0.529
v 29.207 -15.899 -1.209
v 27.454 -15.744 -0.012
v 42.684 -8.47 -14.172
v 37.172 -6.556 -14.682
v 52.532 2.416 10.885
v 51.485 2.582 11.053
v 51.828 2.061 11.051
v 52.699 1.893 10.709
v 52.708 1.554 10.368
v 53.555 1.542 9.841
v 53.927 2.943 10.718
v 54.081 2.411 10.536
v 54.099 2.078 10.2
v 55.478 3.286 10.543
v 57.704 4.135 10.36
v 55.628 2.751 10.359
v 56.358 3.469 10.379
v 57.919 3.646 10.209
v 55.641 2.414 9.847
v 57.873 2.577 8.976
v 56.364 2.955 10.209
v 57.884 3.103 10.018
v 56.339 2.592 9.851
v 57.897 2.766 9.506
v 47.343 -26.276 -0.351
v 49.927 -28.528 -3.811
v 49.936 -28.176 -1.387
v 49.938 -26.965 0.861
v 44.577 -24.203 0.34
v 47.335 -24.207 2.929
v 50.124 -24.191 3.805
v 44.783 -22.278 3.468
v 39.725 -20.063 1.371
v 47.681 -18.849 7.25
v 50.276 -20.403 6.56
v 39.77 -18.65 4.677
v 44.956 -17.439 8.134
v 47.878 -15.376 9.163
v 50.805 -12.273 9.849
v 50.473 -12.091 10.028
v 50.106 -11.933 10.017
v 49.604 -11.403 10.199
v 48.584 -10.354 10.726
v 34.066 -16.749 2.257
v 44.928 -14.175 9.848
v 34.048 -15.725 5.531
v 39.747 -14.518 9.331
v 29.217 -15.72 2.77
v 27.454 -15.398 3.617
v 45.256 -8.83 11.74
v 47.707 -9.153 11.065
v 39.93 -11.573 11.41
v 29.223 -14.679 5.884
v 27.481 -14.17 7.087
v 34.067 -12.256 10.553
v 45.282 -4.837 12.445
v 47.01 -5.874 11.926
v 46.835 -4.147 12.098
v 46.847 -2.929 12.104
v 47.167 -1.91 12.091
v 39.944 -6.379 13.318
v 34.045 -9.506 12.616
v 29.213 -11.401 11.064
v 27.47 -10.721 11.747
v 39.899 -2.608 13.987
v 48.748 4.848 11.24
v 48.218 0.173 11.925
v 49.771 1.555 11.406
v 29.196 -8.648 13.302
v 27.48 -5.702 14.69
v 34.039 -4.498 14.686
v 48.896 7.768 10.536
v 51.823 10.353 9.493
v 45.633 5.536 11.583
v 47.708 -0.857 11.93
v 34.051 -0.86 15.211
v 45.807 8.302 10.72
v 29.21 -3.799 15.383
v 27.472 -0.004 15.723
v 49.067 12.952 8.289
v 52.197 15.212 6.916
v 39.9 7.07 12.259
v 29.197 -0.179 15.722
v 27.465 3.62 15.374
v 49.251 15.725 6.22
v 52.215 16.78 5.196
v 52.355 17.275 4.143
v 52.357 17.622 3.107
v 45.977 13.139 8.126
v 39.922 9.678 11.061
v 46.157 15.564 5.883
v 33.882 8.475 12.793
v 27.462 7.247 13.99
v 39.943 13.668 7.615
v 33.877 10.718 11.063
v 29.218 8.995 12.967
v 27.458 11.737 10.532
v 39.944 15.397 5.023
v 29.193 11.051 11.226
v 33.872 13.998 7.258
v 33.848 15.364 4.308
v 29.213 14.176 6.916
v 27.493 14.7 5.711
v 29.224 15.394 3.984
v 29.192 15.717 0.511
v 58.078 -13.127 7.091
v 58.569 -13.146 7.077
v 57.548 -13.135 7.258
v 55.799 -13.15 7.42
v 57.528 -13.149 7.248
v 54.981 -12.772 7.443
v 55.465 -12.969 7.426
v 55.487 -12.953 7.437
v 53.588 -12.779 7.784
v 53.038 -12.801 7.941
v 53.555 -12.63 7.767
v 52.904 -12.083 7.787
v 51.653 -12.112 8.285
v 50.794 -11.59 8.461
v 50.617 -11.765 8.459
v 51.651 -11.94 8.112
v 51.002 -11.047 8.132
v 46.851 -2.926 10.551
v 46.653 -2.425 10.711
v 46.513 -3.958 10.554
v 46.834 -3.975 10.542
v 47.187 -3.97 10.373
v 47.351 -3.976 10.023
v 47.513 -2.428 10.19
v 47.347 -2.078 10.367
v 47.198 -0.851 10.551
v 48.021 -1.226 10.012
v 48.396 -0.341 10.027
v 48.898 1.03 10.191
v 49.246 0.34 9.847
v 49.578 1.367 10.013
v 50.279 1.201 9.499
v 50.445 1.888 9.841
v 51.341 2.429 9.685
v 51.503 2.075 9.506
v 51.484 2.235 9.497
v 51.491 2.24 9.5
v 51.321 2.415 9.674
v 50.65 -11.397 8.475
v 49.766 -11.41 8.638
v 50.621 -11.763 8.46
v 50.982 -11.233 8.296
v 50.799 -11.068 8.29
v 49.752 -10.729 8.804
v 49.965 -10.355 8.651
v 49.085 -9.502 8.816
v 48.721 -9.688 9.152
v 48.368 -8.311 9.148
v 47.689 -9.339 9.5
v 47.888 -8.456 9.513
v 48.204 -8.304 9.326
v 47.677 -7.965 9.667
v 47.535 -7.079 9.855
v 47.37 -7.247 10.032
v 47.026 -7.245 10.033
v 47.892 -7.762 9.516
v 47.851 -7.1 9.668
v 47.194 -6.903 10.031
v 47.203 -6.378 10.208
v 47.53 -6.737 9.853
v 47.849 -7.101 9.667
v 47.537 -6.386 9.857
v 47.01 -5.701 10.371
v 47.338 -5.54 10.016
v 47.359 -3.971 10.026
v 50.275 -27.144 -3.637
v 50.632 -27.309 -3.804
v 50.641 -27.13 -4.837
v 49.762 -26.794 -3.634
v 51.001 16.086 2.256
v 52.539 16.247 2.248
v 52.532 16.241 2.244
v 51.004 15.915 1.221
v 52.377 16.081 1.216
v 50.969 15.372 -0.179
v 52.353 15.546 -0.006
v 47.861 15.719 2.069
v 45.469 15.566 1.737
v 47.851 15.54 1.027
v 50.821 14.006 -2.068
v 52.207 13.664 -2.412
v 47.89 15.049 -0.336
v 50.621 12.26 -3.81
v 44.784 15.225 0.53
v 47.691 13.82 -2.25
v 50.439 11.043 -4.851
v 51.689 7.443 -7.078
v 44.747 14.853 -0.698
v 43.222 15.22 0.354
v 40.079 14.852 1.029
v 47.521 12.267 -4.15
v 43.224 14.703 -0.855
v 44.582 13.822 -2.768
v 47.346 11.228 -5.188
v 40.107 14.871 0.006
v 43.044 13.834 -2.932
v 50.114 6.737 -7.779
v 44.436 12.458 -4.483
v 40.116 14.532 -1.372
v 37.831 14.678 -0.354
v 44.392 11.217 -5.714
v 42.864 12.446 -4.837
v 39.922 13.653 -3.456
v 37.699 14.361 -1.716
v 49.924 3.615 -9.17
v 51.315 1.547 -9.857
v 47.168 7.077 -8.129
v 42.839 11.391 -5.886
v 39.909 12.434 -5.191
v 37.693 13.666 -3.793
v 33.849 14.328 -0.876
v 27.464 14.334 -0.007
v 49.77 0.517 -10.37
v 50.998 -5.001 -11.398
v 46.982 4.13 -9.69
v 44.071 7.605 -8.64
v 39.926 11.582 -6.392
v 33.882 14.177 -2.242
v 37.685 12.623 -5.525
v 31.473 14.358 -1.027
v 42.703 7.788 -8.979
v 37.664 11.744 -6.745
v 46.816 1.024 -10.897
v 33.897 13.67 -4.136
v 31.439 14.161 -2.427
v 44.058 4.659 -10.202
v 29.89 14.339 -1.041
v 49.576 -4.509 -11.59
v 50.654 -9.493 -11.916
v 29.91 14.179 -2.414
v 42.502 5.003 -10.548
v 28.345 14.173 -1.208
v 39.748 8.295 -9.505
v 33.708 12.622 -6.045
v 31.441 13.471 -4.5
v 43.882 1.718 -11.413
v 28.327 13.988 -2.6
v 27.467 13.299 -5.363
v 33.72 11.939 -7.249
v 29.891 13.475 -4.497
v 37.514 8.649 -9.845
v 46.673 -3.794 -11.919
v 31.464 12.796 -6.389
v 42.515 2.074 -11.751
v 39.768 5.717 -11.051
v 28.362 13.493 -4.657
v 31.446 11.92 -7.608
v 29.92 12.804 -6.383
v 37.479 6.032 -11.591
v 49.265 -11.398 -12.092
v 50.487 -17.784 -11.221
v 43.901 -3.108 -12.441
v 29.881 11.913 -7.785
v 28.367 12.806 -6.555
v 39.757 2.771 -12.266
v 33.678 8.971 -10.553
v 42.519 -2.589 -12.786
v 28.343 11.925 -7.777
v 27.467 10.361 -9.857
v 37.511 3.29 -12.784
v 46.504 -10.531 -12.263
v 31.443 9.153 -10.72
v 33.719 6.58 -12.088
v 49.268 -16.408 -11.572
v 29.917 9.173 -10.878
v 39.754 -1.725 -13.305
v 31.475 6.755 -12.432
v 43.906 -9.499 -12.439
v 33.894 3.99 -13.296
v 37.668 -1.214 -13.656
v 49.242 -19.71 -10.548
v 50.45 -22.303 -9.685
v 46.645 -15.393 -11.587
v 29.913 6.75 -12.436
v 42.702 -8.976 -12.608
v 31.436 4.135 -13.489
v 28.357 6.923 -12.609
v 27.465 5.866 -12.968
v 49.255 -22.639 -9.159
v 50.442 -25.247 -7.788
v 46.67 -18.313 -10.365
v 44.051 -14.011 -11.415
v 29.881 4.136 -13.661
v 40.102 -7.772 -12.785
v 33.852 -0.36 -14.009
v 49.435 -23.843 -8.291
v 42.864 -13.477 -11.404
v 28.318 4.131 -13.665
v 27.497 2.951 -13.989
v 38.029 -7.08 -12.958
v 46.665 -21.082 -8.985
v 31.649 -0.157 -14.16
v 44.225 -16.948 -10.205
v 49.442 -25.566 -6.732
v 50.646 -26.781 -5.871
v 46.846 -22.286 -7.944
v 29.876 -0.015 -14.355
v 43.038 -16.068 -10.194
v 40.255 -12.106 -11.412
v 49.413 -26.279 -5.364
v 47.544 -25.219 -3.101
v 49.082 -26.268 -3.456
v 44.23 -19.364 -8.474
v 28.359 0.012 -14.336
v 49.428 -26.614 -3.974
v 46.852 -23.837 -6.213
v 34.035 -6.056 -13.14
v 38.171 -11.076 -11.417
v 44.403 -20.574 -7.61
v 43.022 -18.499 -8.301
v 40.435 -14.52 -9.853
v 46.846 -24.36 -4.833
v 31.616 -5.71 -13.14
v 43.192 -19.538 -7.265
v 46.849 -24.703 -3.449
v 45.957 -24.031 -2.772
v 44.409 -21.78 -5.706
v 38.345 -13.495 -9.688
v 30.058 -5.712 -13.141
v 40.632 -16.75 -7.94
v 34.216 -9.853 -11.235
v 44.416 -22.293 -4.32
v 43.204 -20.739 -5.531
v 28.355 -5.521 -13.128
v 40.592 -17.642 -6.75
v 44.428 -22.631 -2.932
v 44.586 -22.64 -2.42
v 43.206 -21.256 -4.147
v 38.385 -15.368 -7.595
v 31.787 -9.514 -11.067
v 34.401 -12.09 -9.327
v 40.612 -18.665 -4.839
v 38.561 -16.229 -6.383
v 30.086 -9.322 -11.053
v 40.623 -19.176 -3.451
v 38.363 -17.63 -1.039
v 31.804 -11.575 -9.157
v 28.329 -9.169 -11.067
v 38.555 -17.098 -4.485
v 34.367 -13.842 -7.098
v 30.085 -11.224 -8.98
v 38.556 -17.616 -3.102
v 34.588 -14.5 -5.864
v 31.979 -13.129 -6.909
v 38.558 -17.615 -1.546
v 34.548 -15.22 -3.81
v 31.949 -13.842 -5.542
v 30.265 -12.946 -6.729
v 34.563 -15.555 -2.42
v 33.188 -15.203 -0.342
v 30.23 -13.49 -5.364
v 28.32 -12.805 -6.579
v 31.97 -14.518 -3.63
v 28.516 -13.307 -5.357
v 31.988 -14.851 -2.066
v 30.258 -14.161 -3.449
v 30.23 -14.527 -2.081
v 28.512 -14.001 -3.285
v 28.532 -14.159 -1.893
v 28.5 -14.355 -0.526
v 51.48 2.232 9.495
v 51.493 2.241 9.501
v 51.832 2.582 9.498
v 51.309 2.406 9.668
v 51.85 2.595 9.507
v 52.688 2.922 9.494
v 55.151 3.644 9.17
v 52.884 2.939 9.333
v 54.247 3.27 9.15
v 54.27 3.286 9.161
v 49.423 -26.271 -2.249
v 50.621 -27.317 -3.81
v 50.487 -26.771 -1.889
v 49.237 -25.762 -0.872
v 50.462 -25.233 0.518
v 46.825 -24.374 -1.56
v 42.867 -21.252 -2.07
v 49.257 -24.366 1.038
v 46.852 -23.837 -0.164
v 49.082 -22.812 2.765
v 50.308 -22.282 3.465
v 44.416 -22.466 -0.863
v 46.648 -22.649 1.721
v 49.092 -21.422 3.807
v 44.256 -21.939 0.525
v 43.183 -21.272 -0.702
v 46.507 -21.071 3.466
v 43.024 -20.917 0.687
v 44.233 -20.917 2.415
v 46.487 -20.048 4.492
v 40.617 -19.18 0.002
v 38.361 -17.632 -1.04
v 43.056 -19.857 2.777
v 49.071 -17.289 6.562
v 50.466 -17.28 6.396
v 44.065 -19.359 4.146
v 40.605 -18.843 1.379
v 38.523 -17.639 0.337
v 44.055 -18.329 5.177
v 42.853 -18.496 4.49
v 49.09 -15.029 7.608
v 50.617 -11.765 8.459
v 40.447 -17.796 3.287
v 46.305 -16.08 7.253
v 38.558 -17.268 1.738
v 42.856 -17.457 5.528
v 49.073 -12.622 8.291
v 50.458 -11.756 8.465
v 50.274 -11.591 8.46
v 49.939 -11.41 8.638
v 49.45 -11.044 8.825
v 48.241 -10.007 9.344
v 40.44 -16.764 5.185
v 46.308 -13.831 8.291
v 38.36 -16.422 3.626
v 34.553 -15.562 0.859
v 33.885 -15.545 -0.512
v 43.725 -14.689 7.951
v 40.262 -15.73 6.219
v 34.406 -15.37 2.254
v 46.325 -11.572 9.164
v 47.525 -8.814 9.678
v 38.174 -15.394 5.521
v 42.518 -13.995 8.297
v 31.984 -14.854 1.216
v 43.741 -12.603 8.996
v 38.194 -14.517 6.74
v 34.402 -14.682 4.326
v 31.97 -14.691 2.591
v 30.223 -14.531 1.372
v 27.467 -14.006 2.932
v 42.51 -11.927 9.503
v 46.325 -8.462 10.028
v 47.026 -7.245 10.033
v 46.641 -5.717 10.359
v 43.733 -10.363 10.028
v 40.108 -12.433 9.166
v 30.245 -14.343 2.593
v 34.204 -13.836 6.041
v 31.802 -13.996 4.495
v 42.328 -9.86 10.363
v 34.242 -12.945 7.27
v 39.903 -10.555 10.187
v 30.05 -13.667 4.656
v 27.473 -12.965 5.873
v 38 -11.421 9.668
v 43.741 -7.246 10.897
v 31.782 -13.146 6.386
v 42.328 -6.749 11.227
v 31.791 -12.449 7.6
v 39.739 -8.475 11.228
v 30.08 -12.782 6.572
v 37.841 -9.51 10.711
v 43.718 -4.152 11.23
v 46.513 -3.958 10.554
v 46.49 -2.937 10.716
v 30.095 -12.08 7.789
v 27.466 -9.86 10.363
v 34.064 -10.183 10.378
v 46.673 -0.337 10.721
v 46.812 -1.917 10.704
v 47.362 -0.857 10.547
v 47.875 0.003 10.371
v 37.683 -7.598 11.756
v 42.329 -3.638 11.746
v 39.761 -5.522 12.104
v 49.968 3.991 9.689
v 49.448 1.57 10.034
v 50.272 2.061 9.842
v 50.802 2.242 9.674
v 51.001 2.433 9.688
v 51.159 2.422 9.68
v 51.323 2.416 9.676
v 34.025 -8.31 11.568
v 31.618 -9.511 10.711
v 37.686 -4.831 12.622
v 43.904 0.524 11.237
v 39.735 -2.602 12.436
v 30.051 -9.346 10.878
v 33.85 -6.41 12.432
v 50.27 7.071 8.976
v 51.854 9.683 8.126
v 31.636 -7.77 11.929
v 47.028 4.508 10.034
v 42.537 1.053 11.59
v 29.883 -7.614 12.09
v 27.473 -5.361 13.304
v 37.503 -1.9 12.962
v 50.454 9.499 8.291
v 31.648 -6.034 12.972
v 33.868 -3.632 13.305
v 47.177 7.602 9.158
v 44.082 5.193 10.376
v 39.751 1.903 12.272
v 29.902 -5.7 13.136
v 50.655 11.765 7.268
v 42.697 5.537 10.72
v 31.445 -3.29 13.648
v 47.37 9.69 8.304
v 33.891 -0.852 13.835
v 50.803 13.13 6.564
v 52.177 14.334 5.523
v 37.506 2.595 12.618
v 44.263 8.137 9.516
v 29.874 -2.955 13.813
v 47.539 11.761 7.265
v 42.851 8.289 9.501
v 50.96 14.847 5.174
v 52.346 15.541 4.311
v 31.454 -0.345 13.999
v 39.754 6.225 11.063
v 44.406 10.018 8.464
v 47.688 12.954 6.389
v 50.977 15.551 4.145
v 52.379 15.91 3.637
v 52.523 16.235 2.758
v 52.532 16.241 2.244
v 29.882 -0.184 14.163
v 27.483 2.941 14.001
v 42.861 10.198 8.469
v 33.868 3.453 13.305
v 37.503 6.74 11.234
v 44.589 11.926 7.259
v 39.899 8.798 9.667
v 47.851 14.676 5.002
v 44.575 12.952 6.215
v 43.015 11.912 7.25
v 31.468 3.812 13.487
v 47.885 15.391 3.982
v 39.923 10.543 8.469
v 37.693 9.172 9.86
v 43.186 12.948 6.212
v 29.915 3.987 13.661
v 27.495 5.887 12.97
v 44.771 14.351 4.844
v 33.712 7.44 11.585
v 40.094 12.097 7.085
v 37.654 10.873 8.458
v 44.782 15.051 3.64
v 43.209 14.347 4.668
v 31.449 7.774 11.75
v 40.084 13.127 6.043
v 43.367 14.855 3.451
v 33.884 9.685 10.029
v 37.665 12.263 6.908
v 29.892 7.773 11.922
v 27.472 10.364 9.847
v 40.085 14.165 4.316
v 37.857 13.141 5.88
v 33.863 11.227 8.463
v 31.474 9.865 10.034
v 40.244 14.673 3.099
v 29.918 10.038 10.034
v 37.829 13.985 4.138
v 33.867 12.439 6.91
v 31.435 11.393 8.459
v 37.86 14.525 2.771
v 33.87 13.133 5.702
v 29.877 11.392 8.458
v 27.466 13.298 5.351
v 31.436 12.604 6.731
v 33.879 14.003 3.805
v 31.453 13.134 5.53
v 29.896 12.615 6.739
v 33.865 14.339 2.416
v 29.879 13.121 5.521
v 31.474 13.84 3.64
v 33.895 14.532 1.048
v 31.446 14.166 2.243
v 29.89 13.82 3.625
v 31.468 14.354 0.871
v 29.892 14.167 2.244
v 29.92 14.36 0.703
v -5.54 -13.487 -5.017
v 5.554 -15.019 -5
v -5.527 -15.033 -5.01
v 6.379 -15.046 -4.847
v 8.638 -13.828 -3.803
v 8.277 -15.221 -4.157
v 9.345 -15.545 -3.104
v 9.676 -15.555 -2.766
v 9.693 -15.543 2.773
v 9.344 -15.546 3.116
v 8.648 -13.821 3.805
v 8.282 -15.218 4.141
v 6.557 -13.487 4.834
v 6.574 -15.03 4.843
v 7.443 -15.027 -4.66
v 7.432 -15.035 -4.666
v 7.436 -14.168 -4.664
v 7.422 -13.832 -4.671
v 8.966 -15.223 -3.467
v 8.645 -15.378 -3.8
v 8.967 -15.395 -3.466
v 9.004 -15.023 -3.448
v 9.335 -13.997 -3.109
v 8.997 -14.164 -3.451
v 8.971 -13.837 -3.464
v 10.219 -15.538 -1.89
v 10.219 -15.711 -1.89
v 10.393 -15.71 -1.025
v 10.175 -15.223 -1.912
v 10.209 -15.027 -1.895
v 10.377 -14.339 -1.033
v 10.179 -14.183 -1.91
v 10.211 -14.161 -1.894
v 10.554 -15.546 0.006
v 10.532 -15.734 -0.005
v 10.389 -15.713 1.047
v 10.554 -15.2 0.006
v 10.544 -15.034 0.001
v 10.212 -15.543 1.909
v 10.182 -15.737 1.894
v 10.202 -15.204 1.904
v 10.196 -15.035 1.901
v 8.995 -15.202 3.461
v 8.99 -15.379 3.458
v 8.65 -15.375 3.807
v 8.977 -15.042 3.452
v 9.314 -14.011 3.102
v 8.991 -14.168 3.459
v 7.444 -15.027 4.672
v 7.432 -15.035 4.666
v 7.418 -14.181 4.659
v 7.448 -13.814 4.674
v 5.55 -13.466 5.022
v -5.551 -13.495 5.001
v -5.537 -15.04 5.008
v 5.521 -15.042 5.007
v 75.89 6.064 6.578
v 75.887 6.234 7.786
v 75.162 6.039 6.041
v 77.232 4.48 7.94
v 78.113 3.973 7.603
v 78.438 3.786 7.766
v 75.891 4.682 7.961
v 76.366 4.479 6.557
v 68.245 -5.717 1.373
v 72.22 -6.062 1.201
v 68.596 -8.65 2.067
v 68.795 -10.188 4.672
v 75.183 -8.637 2.595
v 76.911 -8.983 3.805
v 72.226 -5.712 1.203
v 68.098 0.177 2.077
v 68.605 0.342 2.071
v 71.562 2.257 2.6
v 67.045 3.104 4.316
v 72.229 3.277 3.279
v 67.045 3.45 5.698
v 72.744 3.62 3.795
v 73.297 3.99 4.158
v 73.432 4.136 4.312
v 73.775 4.134 4.657
v 74.313 4.321 5.012
v 69.452 0.503 2.063
v 71.368 0.859 2.243
v 69.498 0.535 2.086
v 71.39 1.566 2.254
v 62.891 -5.887 1.893
v 67.42 0.014 2.084
v 62.239 -1.021 2.604
v 57.543 -3.46 4.145
v 57.206 -2.072 4.321
v 52.538 -2.937 7.086
v 53.075 -6.554 6.577
v 57.714 -4.672 3.971
v 57.739 -5.519 3.81
v 57.893 -6.222 3.629
v 48.742 -5.525 10.718
v 48.564 -3.974 11.061
v 48.758 -5.514 10.899
v 48.916 -6.216 10.719
v 48.932 -6.551 10.554
v 48.899 -6.574 10.71
v 60.641 -6.062 2.583
v 68.44 -7.256 1.384
v 68.773 -9.685 3.279
v 49.447 -7.935 10.207
v 49.093 -7.077 10.548
v 54.593 -6.407 5.521
v 49.942 -8.816 9.849
v 53.929 -11.227 8.472
v 50.815 -9.501 9.508
v 51.31 -9.863 9.324
v 56.145 -10.384 6.211
v 59.106 -11.578 7.432
v 58.403 -11.759 7.599
v 57.73 -11.747 7.781
v 56.34 -11.578 7.95
v 61.189 -9.498 3.634
v 65.648 -10.732 6.555
v 65.151 -10.717 5.529
v 69.48 -10.192 6.225
v 73.28 -9.675 6.051
v 77.265 -9.15 5.71
v 78.462 -8.812 5.877
v 79.481 -7.961 6.04
v 77.953 -8.979 5.709
v 78.449 -8.649 5.006
v 77.789 -8.8 4.503
v 78.443 -8.826 5.694
v 75.877 4.5 6.226
v 75.891 4.682 7.961
v 75.529 4.671 7.953
v 75.358 4.499 5.88
v 78.799 1.032 7.428
v 78.479 3.815 7.786
v 79.161 2.772 8.127
v 79.515 2.259 8.304
v 80.556 -6.207 7.096
v 59.986 2.777 7.786
v 57.873 2.577 8.976
v 60.161 2.779 8.824
v 62.222 3.116 8.645
v 62.197 2.925 6.731
v 64.656 3.126 6.06
v 66.719 3.637 8.301
v 71.029 4.148 8.123
v 48.74 -2.416 11.063
v 48.557 -3.287 11.058
v 48.577 -2.755 11.068
v 49.587 -1.046 10.709
v 54.088 -2.769 6.046
v 52.191 1.036 10.023
v 67.239 1.391 2.598
v 60.677 -1.371 3.119
v 67.238 2.427 3.289
v 62.231 2.949 6.748
v 54.094 0.692 7.777
v 52.867 1.371 10.015
v 53.421 1.569 9.861
v 54.953 2.071 9.676
v 55.653 2.25 9.507
v 56.355 2.431 9.34
v 60.503 1.394 4.501
v 61.351 -12.616 8.295
v 62.212 -12.618 8.294
v 61.331 -12.111 8.113
v 61.165 -11.588 7.598
v 61.873 -11.404 6.915
v 59.284 -12.957 8.472
v 56.326 -13.489 8.807
v 59.271 -12.448 8.292
v 59.124 -11.911 7.959
v 56.34 -11.578 7.95
v 57.888 -12.967 8.637
v 57.88 -12.454 8.461
v 57.718 -11.927 8.121
v 54.935 -12.977 9.148
v 53.247 -13.122 9.341
v 55.106 -12.287 8.975
v 53.944 -11.217 8.48
v 55.125 -11.755 8.639
v 52.366 -12.27 9.678
v 51.132 -11.595 9.839
v 52.514 -11.769 9.493
v 51.48 -10.902 9.495
v 52.716 -11.229 9.162
v 51.836 -10.204 8.981
v 69.628 -10.9 7.249
v 62.2 -13.145 8.115
v 77.228 -9.694 6.729
v 77.245 -9.337 6.219
v 65.859 -11.396 7.611
v 63.934 -11.758 7.772
v 63.092 -11.916 7.956
v 61.873 -11.404 7.433
v 62.055 -11.743 7.783
v 62.065 -12.254 8.134
v 81.918 -6.567 7.777
v 81.398 -5.531 7.949
v 80.547 -5.867 7.265
v 80.887 -5.525 7.608
v 80.541 -5.525 7.262
v 78.995 -8.457 5.884
v 79.513 -7.939 6.057
v 79.507 -7.77 6.054
v 77.437 -10.532 7.093
v 79.327 -10.367 7.087
v 78.114 -8.987 5.703
v 80.876 -6.225 7.429
v 80.353 -6.4 6.908
v 80.719 -7.077 7.265
v 81.584 -7.595 7.611
v 80.383 -6.725 6.751
v 80.526 -7.61 7.081
v 80.699 -9.165 7.254
v 80.024 -7.253 6.398
v 80.029 -8.113 7.092
v 79.647 -7.793 6.037
v 79.5 -8.812 6.914
v 78.973 -9.164 6.91
v 78.457 -9.507 6.738
v 77.785 -9.667 6.748
v 77.439 -10.013 6.921
v 79.683 -0.164 7.956
v 80.358 1.726 8.812
v 79.497 1.728 8.122
v 81.913 -5.36 7.948
v 80.205 -3.618 7.439
v 80.553 -1.888 8.305
v 80.019 -1.899 7.606
v 76.385 6.22 9.159
v 75.333 6.21 9.324
v 75.337 5.694 9.153
v 78.47 3.636 7.782
v 78.479 3.815 7.786
v 77.605 4.327 7.781
v 80.87 1.722 8.982
v 80.354 3.624 8.983
v 79.829 1.718 8.634
v 79.504 2.078 8.299
v 76.392 5.188 8.817
v 77.438 6.059 9.167
v 75.513 5.178 8.809
v 76.908 4.668 7.951
v 77.102 5.028 8.826
v 78.107 4.488 8.81
v 79.156 5.188 9.162
v 78.797 3.969 8.809
v 78.823 3.296 7.958
v 79.346 3.299 8.652
v 79.687 2.258 8.649
v 60.117 3.267 9.839
v 57.704 4.135 10.36
v 57.919 3.646 10.209
v 57.884 3.103 10.018
v 57.897 2.766 9.506
v 62.223 3.635 9.682
v 66.706 4.146 9.331
v 75.501 4.824 8.458
v 60.64 16.922 -1.393
v 52.357 17.622 3.107
v 52.384 17.641 2.256
v 52.347 17.27 0.51
v 52.197 16.422 -1.38
v 60.985 14.33 -3.812
v 52 13.813 -4.503
v 52.687 3.095 -10.554
v 51.833 8.113 -8.475
v 51.484 1.889 -11.242
v 51.17 -4.656 -12.954
v 61.371 9.864 -6.73
v 70.496 17.617 -1.217
v 70.851 15.031 -3.459
v 61.88 3.118 -9.5
v 71.396 10.557 -6.038
v 53.25 -11.91 -13.296
v 50.808 -11.753 -13.481
v 72.053 4.139 -8.475
v 53.599 -19.339 -12.431
v 50.453 -18.154 -12.794
v 63.103 -11.563 -12.086
v 53.896 -24.384 -10.899
v 50.132 -24.531 -10.19
v 54.115 -27.29 -9.321
v 49.965 -27.119 -7.767
v 63.601 -18.835 -11.75
v 54.083 -29.559 -6.918
v 57.372 -30.765 -5.36
v 49.934 -28.005 -6.573
v 49.937 -28.348 -5.707
v 49.948 -28.513 -5.01
v 73.622 -9.505 -10.887
v 63.938 -24.026 -10.545
v 64.296 -27.128 -9.156
v 74.335 -16.402 -10.704
v 64.475 -29.716 -6.906
v 63.239 -30.599 -5.364
v 74.818 -21.439 -9.857
v 75.186 -24.707 -8.637
v 120.117 24.545 2.768
v 159.525 28.697 5.018
v 131.176 25.754 2.941
v 120.264 23.144 -0.01
v 131.365 24.555 0.184
v 131.713 22.484 -2.062
v 120.64 20.919 -2.241
v 120.973 16.935 -4.667
v 132.025 18.485 -4.498
v 147.74 27.463 3.273
v 159.513 28.688 2.938
v 159.519 28.865 4.151
v 132.739 12.798 -6.906
v 121.646 11.047 -7.095
v 147.917 26.429 0.682
v 160.022 26.435 -0.696
v 159.672 28.16 1.548
v 148.279 24.54 -1.556
v 148.614 20.903 -4.154
v 161.067 21.774 -4.321
v 133.953 0.703 -9.151
v 123.054 -1.032 -9.156
v 123.731 -7.264 -8.991
v 149.302 15.371 -6.747
v 163.326 11.068 -7.772
v 134.648 -5.516 -8.803
v 135.122 -10.04 -7.789
v 124.245 -11.933 -8.129
v 124.437 -14.858 -6.737
v 135.333 -12.779 -6.387
v 114.043 -19.887 -3.466
v 150.53 3.459 -8.812
v 164.373 5.545 -8.285
v 151.21 -2.598 -8.299
v 165.549 -0.009 -7.784
v 151.549 -6.923 -7.093
v 166.78 -5.524 -5.872
v 151.918 -9.499 -5.699
v 167.094 -7.62 -3.987
v 152.064 -11.418 -3.465
v 167.452 -8.821 -1.561
v 167.296 -8.464 -2.589
v 167.267 -8.139 -3.295
v 87.967 -15.899 -9.677
v 88.318 -19.697 -8.983
v 94.346 -15.736 -9.339
v 94.887 -19.004 -8.464
v 95.037 -21.267 -7.438
v 120.289 -10.019 -8.811
v 118.909 -14.338 -7.6
v 118.578 -11.39 -8.629
v 87.791 -0.347 -8.988
v 104.037 -10.716 -9.333
v 112.514 3.462 -8.464
v 115.44 6.046 -8.125
v 104.551 -17.977 -7.78
v 109.226 -16.243 -7.948
v 112.511 -15.55 -7.947
v 79.175 9.003 -6.555
v 92.795 14.856 -4.325
v 104.035 12.095 -5.877
v 103.69 13.652 -5.185
v 109.217 17.105 -3.978
v 106.786 9.32 -6.921
v 117.708 16.43 -4.83
v 116.32 14.007 -5.697
v 116.46 12.601 -6.232
v 106.279 20.561 -1.386
v 54.109 -30.233 -5.35
v 49.937 -28.521 -4.324
v 53.404 -13.132 9.334
v 50.445 -17.468 8.113
v 50.808 -12.271 9.85
v 51.673 6.74 10.542
v 54.612 3.63 10.715
v 53.032 3.094 10.876
v 52.168 2.921 11.049
v 51.485 2.582 11.053
v 56.147 3.961 10.532
v 52 11.047 9.15
v 54.272 -30.239 -4.317
v 49.925 -28.529 -3.812
v 58.577 -30.941 -5.535
v 54.073 -30.257 -3.293
v 49.957 -28.507 -2.932
v 49.961 -28.331 -2.239
v 49.946 -27.824 -0.864
v 54.096 -28.859 -0.517
v 49.94 -26.273 1.553
v 53.933 -26.951 1.907
v 64.465 -30.242 -3.455
v 68.443 -29.375 -5.182
v 53.761 -24.358 3.982
v 50.309 -22.281 5.366
v 64.291 -28.86 -0.69
v 63.946 -26.612 1.557
v 53.394 -18.497 7.428
v 54.935 -13.496 8.976
v 57.042 -13.472 8.82
v 57.907 -13.472 8.647
v 58.586 -13.48 8.468
v 63.784 -23.84 3.463
v 75.348 -27.998 -3.285
v 85.731 -25.915 -4.487
v 75.182 -26.438 -0.516
v 63.267 -17.79 6.574
v 59.262 -13.491 8.46
v 60.817 -13.318 8.287
v 61.517 -13.312 8.292
v 63.238 -13.144 8.115
v 64.119 -12.96 7.951
v 66.038 -12.602 7.787
v 69.814 -12.102 7.428
v 74.85 -24.009 1.737
v 74.658 -21.257 3.456
v 73.966 -15.382 6.048
v 77.599 -11.059 7.087
v 61.197 9.345 9.341
v 66.559 5.201 9.689
v 62.217 4.667 10.025
v 61 4.489 10.021
v 59.968 4.493 10.196
v 60.833 13.998 7.95
v 52.185 15.031 6.909
v 60.639 16.749 6.211
v 52.19 16.762 5.357
v 52.183 17.103 4.835
v 52.368 17.285 4.322
v 52.385 17.642 3.121
v 71.2 10.368 8.986
v 70.676 15.03 7.773
v 70.533 17.816 6.233
v 135.479 -15.562 -1.907
v 116.986 -19.365 -3.463
v 124.766 -17.808 -2.425
v 135.516 -15.364 -1.025
v 124.586 -17.64 -1.564
v 135.315 -14.174 1.553
v 124.45 -16.404 1.047
v 135.143 -12.272 3.628
v 124.237 -14.186 3.101
v 134.818 -10.011 5.366
v 123.895 -11.764 4.658
v 134.304 -4.823 7.961
v 123.41 -6.383 7.094
v 122.349 1.896 9.328
v 152.08 -12.099 -1.211
v 167.453 -8.821 -0.696
v 151.905 -11.927 -0.348
v 167.309 -8.282 1.91
v 151.905 -10.891 2.417
v 167.095 -7.101 4.309
v 121.473 10.529 10.014
v 80.725 2.778 8.996
v 151.559 -9.162 4.664
v 166.408 -3.987 8.114
v 133.435 3.468 10.205
v 151.367 -7.102 6.556
v 165.578 0.011 11.069
v 120.804 16.42 9.679
v 80.337 3.612 8.974
v 150.868 -2.249 9.503
v 164.179 5.53 13.307
v 164.35 5.01 13.306
v 164.545 4.508 13.144
v 120.44 20.727 8.46
v 79.677 4.498 9.163
v 132.402 12.113 10.898
v 120.097 23.148 6.906
v 131.885 17.99 10.208
v 149.838 5.878 12.099
v 162.782 12.605 14.164
v 163.15 10.202 14.175
v 163.499 8.13 13.831
v 163.82 6.212 13.473
v 131.502 21.938 8.807
v 131.17 24.367 7.258
v 131.173 25.406 5.704
v 148.988 14.529 12.451
v 161.752 18.486 13.303
v 162.616 14.338 13.994
v 162.603 14.156 14.161
v 162.637 13.835 14.178
v 148.442 20.04 11.228
v 160.919 22.483 11.59
v 148.085 23.834 9.494
v 160.016 26.085 9.152
v 147.91 25.906 7.765
v 159.708 27.84 7.27
v 147.742 27.119 6.212
v 159.666 28.328 6.211
v 147.781 27.492 5.367
v 159.533 28.702 5.022
v 80.349 -25.932 -1.216
v 80.384 -24.87 0.011
v 80.382 -20.379 3.294
v 82.458 -16.402 4.85
v 83.134 -19.869 3.115
v 78.443 -10.9 6.904
v 83.469 -19.531 3.282
v 83.662 -19.171 3.465
v 82.778 -15.901 5.01
v 79.303 -10.384 7.075
v 80.173 -9.862 7.078
v 80.893 -9.15 7.265
v 81.383 -8.306 7.424
v 93.817 -13.151 5.173
v 81.725 -7.444 7.595
v 81.896 -6.409 7.767
v 95.219 -20.223 1.553
v 99.713 -15.902 3.8
v 99.896 -15.55 3.978
v 74.313 11.925 8.641
v 74.638 11.738 8.631
v 78.994 5.195 9.167
v 78.105 5.696 9.155
v 77.243 6.043 9.156
v 76.364 6.205 9.148
v 107.648 -12.456 5.002
v 120.643 -16.753 1.217
v 120.259 -14.534 3.099
v 121.515 -13.637 3.64
v 84.511 -24.194 -0.172
v 84.67 -24.03 -0.006
v 84.162 -22.813 1.209
v 106.29 -20.734 -0.861
v 108.52 -19.191 0.686
v 108.355 -17.112 2.418
v 112.521 -17.444 1.736
v 115.076 -16.606 2.236
v 118.711 -17.985 0.165
v 70.181 -5.519 -0.165
v 70.158 -5.535 -0.176
v 70.144 -5.718 -0.183
v 70.145 -5.89 -0.183
v 68.287 -6.551 -0.161
v 70.338 -6.221 -0.173
v 70.524 -6.731 -0.166
v 68.431 -7.781 -0.003
v 71.198 -7.78 -0.002
v 68.586 -9.695 1.025
v 72.048 -8.653 0.337
v 72.774 -9.839 1.564
v 68.794 -11.052 2.598
v 72.951 -9.318 0.875
v 73.443 -9.682 1.207
v 73.954 -9.86 1.549
v 72.95 -10.528 2.257
v 74.508 -10.008 1.912
v 72.91 -10.902 3.274
v 74.99 -10.206 2.24
v 76.052 -10.361 2.944
v 76.556 -10.372 3.282
v 76.752 -10.528 3.466
v 76.893 -10.55 3.451
v 76.881 -10.559 3.617
v 69.286 0.681 0.684
v 69.296 0.688 0.689
v 68.586 0.502 0.679
v 69.284 0.852 0.683
v 69.318 0.876 0.7
v 68.087 1.207 0.862
v 67.9 0.333 0.682
v 67.032 2.231 1.371
v 68.973 1.395 0.873
v 69.295 1.724 0.861
v 69.283 1.197 0.682
v 67.923 2.941 1.558
v 67.053 3.283 2.073
v 68.78 2.937 1.554
v 70.179 3.466 1.908
v 69.632 2.582 1.375
v 67.767 4.162 2.949
v 66.899 3.987 3.12
v 66.865 4.655 4.312
v 68.613 4.323 2.939
v 67.742 4.836 4.664
v 66.894 4.848 5.536
v 67.757 5.019 5.363
v 68.625 5.022 4.674
v 70.315 4.478 2.927
v 71.375 4.839 2.938
v 70.674 4.141 2.415
v 68.606 5.182 5.355
v 70.32 5.172 4.485
v 72.405 5.353 3.972
v 72.047 5.172 3.62
v 70.331 5.353 5.181
v 73.817 5.719 5.023
v 73.626 5.706 4.841
v 73.447 5.702 4.838
v 73.284 5.709 4.67
v 72.932 5.531 4.321
v 62.582 -5.688 0.529
v 67.424 0.19 0.703
v 61.877 -0.859 1.214
v 68.089 -5.532 -0.174
v 56.859 -3.283 2.766
v 56.674 -1.908 2.933
v 51.662 -2.946 5.87
v 52.213 -6.552 5.368
v 57.01 -4.508 2.582
v 57.185 -5.544 2.41
v 57.209 -6.045 2.249
v 47.681 -5.542 9.842
v 47.359 -3.971 10.026
v 47.512 -5.54 9.844
v 47.686 -6.23 9.672
v 47.868 -6.742 9.676
v 47.702 -6.737 9.68
v 47.849 -7.101 9.667
v 60.846 -5.866 1.044
v 68.413 -7.621 -0.012
v 60.312 -8.297 1.381
v 53.733 -6.404 4.314
v 60.475 -9.514 1.722
v 68.619 -9.499 0.869
v 60.992 -10.551 2.413
v 61.335 -11.418 3.275
v 68.759 -10.904 2.408
v 61.863 -12.102 4.317
v 62.03 -12.797 6.734
v 60.649 -12.969 6.908
v 58.58 -13.138 7.083
v 68.939 -11.418 3.448
v 55.116 -8.823 3.795
v 55.669 -10.182 4.331
v 56.17 -11.231 4.841
v 52.714 -9.157 5.532
v 56.863 -12.094 5.706
v 53.224 -10.546 5.873
v 57.545 -12.792 6.565
v 58.39 -13.151 7.074
v 57.554 -13.131 7.261
v 56.493 -12.975 7.249
v 53.899 -11.594 6.557
v 54.452 -12.606 7.438
v 53.575 -12.27 7.605
v 52.526 -11.933 7.771
v 50.443 -9.519 7.421
v 50.454 -10.722 8.29
v 49.924 -10.211 8.458
v 48.918 -9.325 8.819
v 48.235 -8.283 9.341
v 47.851 -7.1 9.668
v 51.167 -10.88 7.783
v 51.002 -11.047 8.132
v 64.282 -12.448 6.564
v 62.031 -12.797 6.734
v 65.349 -12.081 5.369
v 68.969 -11.569 4.5
v 69.657 -11.745 6.054
v 73.634 -11.225 5.882
v 77.097 -10.528 3.639
v 77.25 -10.369 3.802
v 78.443 -10.381 5.522
v 78.466 -10.193 4.669
v 77.932 -10.549 4.661
v 77.42 -10.717 5.528
v 77.751 -10.382 4.139
v 77.401 6.033 7.766
v 71.897 2.768 2.94
v 70.674 4.141 2.415
v 71.375 4.839 2.938
v 69.632 2.582 1.375
v 70.153 3.448 1.895
v 72.047 5.172 3.62
v 69.295 1.724 0.861
v 72.932 5.531 4.321
v 76.714 6.036 7.077
v 77.092 4.503 7.093
v 77.608 4.328 7.437
v 70.338 -6.221 -0.173
v 70.848 -7.264 -0.177
v 70.524 -6.731 -0.166
v 72.408 -6.57 1.208
v 71.198 -7.78 -0.002
v 72.936 -7.254 1.385
v 72.073 -8.636 0.349
v 73.44 -7.783 1.724
v 72.948 -9.32 0.873
v 74.122 -8.308 2.065
v 73.954 -9.86 1.549
v 74.834 -8.639 2.421
v 74.99 -10.206 2.24
v 75.508 -8.824 2.931
v 76.052 -10.361 2.944
v 76.229 -8.976 3.291
v 77.077 -8.988 3.974
v 79.649 -9.866 5.52
v 78.984 -8.292 5.533
v 59.795 4.147 7.604
v 57.718 3.972 8.812
v 59.782 4.311 8.634
v 62.065 4.509 8.48
v 62.039 4.318 6.566
v 64.463 4.667 5.876
v 66.537 5.185 8.123
v 70.869 5.712 7.956
v 75.354 6.225 7.779
v 51.507 -1.897 6.225
v 53.241 -2.583 4.845
v 47.351 -3.976 10.023
v 47.361 -2.932 10.2
v 47.507 -2.087 10.187
v 48.379 -0.526 9.845
v 52.038 0.532 6.922
v 51.503 2.075 9.506
v 53.939 -1.369 4.503
v 53.078 2.435 8.306
v 52.002 2.408 9.324
v 52.387 2.608 9.344
v 53.249 2.952 9.343
v 55.128 3.628 9.159
v 54.257 0.858 5.353
v 55.141 2.601 6.746
v 55.113 3.618 9.151
v 59.11 -0.342 2.076
v 60.154 -1.201 1.561
v 59.255 1.54 2.927
v 61.863 -0.005 1.379
v 67.204 1.539 1.025
v 59.642 3.124 4.503
v 62.056 4.33 6.574
v 61.867 1.899 2.245
v 66.886 3.632 2.422
v 67.071 2.604 1.564
v 62.043 3.457 3.803
v 66.877 4.317 3.454
v 62.386 4.319 5.529
v 52.891 16.25 1.732
v 52.541 16.248 2.249
v 52.375 15.907 1.042
v 53.07 15.737 0.526
v 52.37 15.212 -0.516
v 53.063 15.04 -0.688
v 53.074 14.184 -1.892
v 52.025 12.793 -3.28
v 58.401 16.755 1.895
v 59.818 16.952 1.912
v 58.416 16.247 0.693
v 53.219 11.745 -4.153
v 61.176 17.108 1.9
v 59.773 16.402 0.68
v 58.589 15.556 -0.517
v 62.067 17.126 1.913
v 61.203 16.608 0.703
v 59.986 15.566 -0.51
v 58.595 14.523 -1.724
v 53.209 8.973 -6.059
v 51.67 7.429 -7.087
v 62.206 16.584 0.686
v 61.344 15.722 -0.522
v 59.976 14.522 -1.724
v 62.226 15.734 -0.513
v 61.367 14.701 -1.547
v 58.763 11.928 -3.8
v 62.376 14.681 -1.561
v 60.126 12.087 -3.81
v 61.503 12.083 -3.64
v 58.926 8.983 -5.533
v 53.594 2.433 -9.15
v 51.34 1.564 -9.844
v 62.538 12.081 -3.641
v 60.463 9.143 -5.542
v 61.889 9.173 -5.348
v 62.714 9.318 -5.367
v 73.098 18.315 2.071
v 59.462 2.428 -8.462
v 73.111 17.633 1.041
v 53.905 -4.85 -11.068
v 50.96 -5.027 -11.417
v 60.812 2.405 -8.306
v 73.281 16.767 -0.17
v 62.364 2.575 -8.135
v 73.289 15.736 -1.203
v 63.235 2.753 -7.959
v 54.111 -10.529 -11.57
v 50.626 -11.586 -11.93
v 59.982 -4.83 -10.19
v 73.601 12.947 -3.121
v 61.347 -4.669 -10.026
v 54.432 -14.176 -11.582
v 50.454 -17.807 -11.238
v 62.885 -4.509 -9.862
v 73.953 10.186 -4.501
v 63.748 -4.336 -9.689
v 84.002 19.364 2.425
v 60.31 -10.372 -10.89
v 54.592 -17.814 -11.243
v 83.966 18.82 1.197
v 61.693 -10.199 -10.717
v 51.144 -22.474 -9.856
v 50.468 -23.846 -8.984
v 54.773 -19.536 -10.893
v 84.179 17.984 0.181
v 63.25 -9.852 -10.543
v 60.492 -13.995 -10.885
v 51.167 -23.841 -9.154
v 64.308 -9.665 -10.36
v 84.357 16.778 -0.854
v 54.945 -21.956 -10.375
v 62.021 -13.841 -10.726
v 74.64 3.789 -6.922
v 51.321 -25.063 -8.298
v 50.642 -26.092 -6.91
v 55.111 -23.516 -9.86
v 63.594 -13.482 -10.544
v 60.815 -17.64 -10.724
v 51.481 -26.283 -7.441
v 64.611 -13.324 -10.554
v 84.695 14.18 -2.586
v 55.115 -25.069 -9.167
v 91.244 20.044 2.59
v 62.408 -17.441 -10.532
v 60.845 -19.347 -10.536
v 51.662 -27.141 -6.4
v 50.629 -26.793 -5.88
v 50.632 -27.136 -5.359
v 50.659 -27.117 -4.828
v 55.317 -26.259 -8.461
v 91.439 19.541 1.391
v 63.771 -17.109 -10.369
v 62.383 -19.187 -10.372
v 61.167 -21.956 -10.029
v 64.809 -16.762 -10.368
v 85.014 11.224 -3.981
v 55.466 -27.485 -7.609
v 91.411 18.657 0.34
v 63.927 -18.849 -10.204
v 75.335 -2.602 -8.303
v 62.582 -21.588 -9.84
v 61.165 -23.513 -9.512
v 64.987 -18.487 -10.193
v 55.66 -28.334 -6.561
v 57.049 -29.194 -5.176
v 91.579 17.616 -0.699
v 64.127 -21.249 -9.672
v 62.719 -23.341 -9.513
v 61.331 -25.073 -8.997
v 65.176 -21.068 -9.667
v 64.278 -22.993 -9.338
v 62.9 -24.718 -8.817
v 61.519 -26.445 -8.298
v 91.946 15.039 -2.417
v 65.341 -22.629 -9.325
v 76.032 -7.61 -8.991
v 64.465 -24.366 -8.813
v 62.903 -26.271 -8.297
v 61.522 -27.653 -7.432
v 85.739 5.199 -6.211
v 65.512 -24.185 -8.634
v 64.634 -25.924 -8.123
v 63.057 -27.494 -7.442
v 61.684 -28.697 -6.573
v 62.926 -29.02 -5.175
v 92.3 12.107 -3.795
v 65.692 -25.564 -8.113
v 76.396 -10.881 -9.155
v 64.657 -27.117 -7.247
v 63.069 -28.35 -6.4
v 65.677 -26.957 -7.256
v 64.624 -28.177 -6.4
v 63.086 -29.03 -5.527
v 65.681 -27.818 -6.39
v 76.719 -14.354 -9.166
v 86.563 -1.051 -7.614
v 76.904 -15.9 -9.16
v 93.165 6.232 -5.868
v 77.249 -18.32 -8.815
v 77.263 -20.039 -8.462
v 87.262 -5.712 -8.129
v 77.438 -21.592 -7.942
v 77.592 -22.988 -7.434
v 87.625 -8.81 -8.466
v 93.821 0.158 -7.269
v 77.79 -24.353 -6.73
v 77.784 -25.394 -5.868
v 87.98 -12.087 -8.461
v 88.136 -13.655 -8.47
v 94.511 -4.509 -7.961
v 88.492 -16.067 -8.119
v 94.871 -7.609 -8.126
v 120.457 23.159 3.111
v 159.691 27.309 4.841
v 88.652 -17.631 -7.952
v 120.476 22.827 1.911
v 88.839 -19.177 -7.427
v 95.236 -10.706 -8.116
v 120.632 22.124 0.866
v 89.009 -20.561 -6.909
v 95.379 -12.282 -8.131
v 120.797 21.081 -0.175
v 88.986 -21.96 -6.23
v 89.181 -22.981 -5.355
v 113.549 -18.488 -3.281
v 95.732 -14.697 -7.782
v 120.962 18.829 -1.907
v 95.913 -16.247 -7.605
v 96.084 -17.803 -7.261
v 121.312 16.239 -3.461
v 96.271 -19.176 -6.735
v 131.325 24.355 3.274
v 96.284 -20.376 -6.037
v 131.498 24.009 2.238
v 96.431 -21.431 -5.186
v 131.494 23.315 1.026
v 131.675 22.457 -0.007
v 121.995 10.531 -5.538
v 131.883 20.235 -1.718
v 138.625 25.075 3.468
v 138.77 24.71 2.244
v 132.199 17.795 -3.288
v 138.788 24.204 1.216
v 122.712 4.673 -7.081
v 138.967 23.344 0.182
v 139.12 21.256 -1.556
v 132.908 12.276 -5.526
v 139.471 18.841 -3.108
v 149.681 26.282 3.639
v 159.674 27.298 4.142
v 159.687 27.134 3.284
v 149.681 25.936 2.602
v 159.864 26.791 2.249
v 149.815 25.39 1.372
v 133.439 6.409 -6.902
v 149.832 24.538 0.517
v 160.03 25.403 0.345
v 140.178 13.494 -5.52
v 150.175 22.635 -1.386
v 161.088 21.097 -2.928
v 133.957 1.916 -7.594
v 123.241 0.187 -7.594
v 150.361 20.225 -2.934
v 134.27 -1.045 -7.61
v 123.372 -2.78 -7.788
v 140.668 7.599 -6.917
v 134.47 -3.964 -7.423
v 123.718 -5.891 -7.615
v 134.647 -5.516 -7.249
v 123.888 -7.448 -7.443
v 141.179 3.1 -7.439
v 150.888 15.047 -5.177
v 163.125 10.876 -6.403
v 134.798 -7.606 -6.914
v 124.105 -9.491 -7.076
v 124.255 -11.062 -6.741
v 141.346 0.158 -7.442
v 134.995 -8.971 -6.383
v 135.165 -10.356 -6.039
v 124.418 -12.452 -6.228
v 124.448 -13.641 -5.694
v 141.71 -2.767 -7.26
v 135.154 -11.573 -5.353
v 124.582 -14.705 -5.023
v 151.567 9.334 -6.738
v 141.867 -4.161 -7.095
v 135.319 -12.615 -4.666
v 135.328 -13.473 -3.797
v 124.607 -15.552 -4.146
v 142.043 -6.405 -6.748
v 142.233 -7.603 -6.221
v 152.076 5.007 -7.089
v 164.358 5.534 -6.737
v 142.231 -8.987 -5.703
v 142.401 -10.198 -5.013
v 152.269 2.084 -7.251
v 142.419 -11.223 -4.313
v 142.589 -11.916 -3.45
v 167.111 -7.263 -1.213
v 152.61 -0.857 -7.081
v 165.394 0.177 -6.392
v 152.772 -2.248 -6.741
v 152.928 -4.333 -6.404
v 152.96 -5.521 -5.869
v 166.403 -4.855 -4.505
v 153.123 -6.91 -5.355
v 153.272 -7.963 -4.676
v 153.277 -8.997 -3.982
v 166.963 -6.554 -3.102
v 153.306 -9.668 -3.104
v 166.924 -7.1 -2.084
v 166.947 -6.911 -2.591
v 101.422 -13.324 -7.789
v 104.752 -15.884 -6.902
v 104.56 -14.515 -7.257
v 104.712 -16.602 -6.748
v 104.921 -17.614 -6.212
v 104.923 -18.304 -5.865
v 110.774 -10.544 -7.606
v 120.263 -9.864 -7.268
v 118.558 -11.923 -6.911
v 118.732 -13.304 -6.565
v 118.708 -14.012 -6.231
v 118.884 -14.874 -5.711
v 112.33 -15.556 -6.223
v 139.788 15.365 9.839
v 140.156 12.442 10.196
v 132.531 14.329 9.321
v 131.668 21.933 7.075
v 131.875 20.748 7.784
v 120.793 19.522 7.427
v 120.805 20.741 6.742
v 151.929 6.408 10.897
v 152.269 2.084 9.685
v 141.363 0.516 8.466
v 162.624 10.196 12.616
v 162.772 9.488 12.431
v 163.467 7.59 12.26
v 140.826 4.823 9.494
v 131.498 22.973 6.385
v 120.626 21.946 6.047
v 120.648 22.826 5.194
v 139.446 18.305 9.322
v 132.221 17.292 8.821
v 131.501 23.839 5.523
v 139.283 19.695 8.982
v 132.044 18.844 8.473
v 151.391 10.888 11.234
v 140.527 9.349 10.035
v 52.365 -12.616 7.95
v 50.465 -16.762 6.741
v 50.617 -11.765 8.459
v 50.617 -11.765 8.459
v 162.642 11.937 12.625
v 162.453 11.58 12.617
v 162.431 11.047 12.606
v 139.114 21.598 8.119
v 138.953 22.816 7.434
v 151.037 13.82 11.229
v 162.777 16.922 12.26
v 162.809 13.834 12.622
v 162.622 12.269 12.615
v 162.613 12.09 12.611
v 162.628 12.1 12.618
v 138.957 23.856 6.572
v 138.794 24.554 5.712
v 150.677 16.748 10.877
v 162.11 19.877 11.408
v 162.28 19.184 11.58
v 162.447 18.835 11.75
v 162.611 18.31 11.745
v 138.774 25.059 4.839
v 91.415 19.697 4.49
v 52.515 16.23 2.754
v 150.375 19.544 10.034
v 161.251 22.819 9.855
v 150.364 20.919 9.51
v 150.017 22.646 8.645
v 160.381 25.407 7.779
v 150.031 23.865 7.961
v 149.822 24.877 7.079
v 160.019 26.778 6.042
v 149.817 25.564 6.039
v 159.68 27.302 4.836
v 149.846 26.104 5.017
v 149.812 26.252 4.654
v 106.622 -19.362 -1.387
v 116.668 -17.79 -3.104
v 96.431 -21.777 -2.248
v 52.175 2.754 9.497
v 51.309 2.406 9.668
v 51.323 2.416 9.676
v 96.251 -20.918 -1.215
v 106.479 -18.822 -0.853
v 106.468 -18.312 -0.34
v 96.269 -19.869 -0.169
v 106.285 -17.282 0.692
v 95.935 -17.268 1.738
v 95.741 -15.9 2.419
v 95.41 -12.953 3.636
v 94.884 -9.847 4.669
v 96.094 -18.66 0.867
v 112.174 -14.162 2.253
v 123.581 -5.175 5.883
v 123.9 -7.958 4.833
v 122.722 2.26 7.786
v 123.198 -2.263 6.901
v 94.54 -6.735 5.534
v 94.028 -2.064 6.574
v 51.683 6.401 8.992
v 120.625 -15.556 0.344
v 124.588 -14.355 1.029
v 124.613 -15.201 0.005
v 124.781 -16.242 -2.071
v 124.621 -15.888 -1.028
v 120.445 -14.524 1.204
v 124.422 -13.314 1.896
v 124.1 -10.705 3.636
v 124.239 -12.111 2.756
v 114.572 -17.288 -0.522
v 163.327 8.995 12.449
v 51.663 -27.831 -3.634
v 54.609 -28.69 -5.013
v 50.63 -27.31 -4.324
v 50.621 -27.317 -3.81
v 50.633 -27.135 -3.112
v 50.46 -27.135 -2.594
v 51.683 -27.472 -2.415
v 50.471 -26.609 -1.552
v 51.518 -26.775 -1.201
v 50.458 -25.235 0.689
v 55.637 -29.041 -3.98
v 58.769 -29.372 -5.179
v 51.351 -25.907 0.012
v 55.487 -28.68 -2.759
v 51.177 -24.87 1.221
v 55.462 -28.006 -1.562
v 50.97 -23.858 2.241
v 50.306 -21.419 4.155
v 55.313 -27.126 -0.341
v 50.792 -22.479 3.275
v 55.144 -26.086 0.871
v 63.231 -29.049 -4.158
v 61.673 -29.396 -4.16
v 68.268 -27.994 -5.01
v 61.68 -29.046 -3.119
v 54.95 -24.891 1.897
v 64.794 -28.698 -4.155
v 63.076 -28.691 -3.113
v 61.511 -28.352 -1.735
v 54.795 -23.496 2.943
v 65.852 -28.51 -4.144
v 64.637 -28.341 -2.937
v 63.074 -28.001 -1.731
v 61.368 -27.294 -0.683
v 65.656 -28.181 -2.946
v 64.623 -27.66 -1.734
v 62.91 -26.958 -0.69
v 61.341 -26.103 0.513
v 54.605 -20.397 4.663
v 65.669 -27.481 -1.73
v 64.469 -26.61 -0.688
v 62.918 -25.742 0.524
v 61.201 -24.698 1.566
v 65.499 -26.441 -0.691
v 64.444 -25.417 0.509
v 62.741 -24.536 1.559
v 60.983 -23.347 2.408
v 54.438 -17.11 6.221
v 55.475 -13.134 7.431
v 56.018 -13.117 7.443
v 56.507 -13.138 7.429
v 57.214 -13.127 7.264
v 65.488 -25.24 0.513
v 64.285 -24.025 1.553
v 62.551 -22.992 2.414
v 65.338 -23.841 1.389
v 64.129 -22.631 2.426
v 60.823 -20.227 4.143
v 54.098 -13.649 7.434
v 53.421 -12.775 7.787
v 54.442 -12.959 7.606
v 65.174 -22.452 2.43
v 62.382 -19.879 4.144
v 63.944 -19.528 3.975
v 60.495 -16.931 5.534
v 57.747 -13.117 7.271
v 58.244 -13.132 7.087
v 58.409 -13.137 7.084
v 58.569 -13.146 7.077
v 58.58 -13.138 7.083
v 59.473 -13.119 6.924
v 77.955 -25.914 -3.796
v 85.371 -24.369 -4.322
v 64.822 -19.346 3.982
v 62.019 -16.607 5.519
v 77.759 -25.585 -2.77
v 63.59 -16.251 5.353
v 62.543 -12.801 6.731
v 63.076 -12.618 6.565
v 63.947 -12.613 6.569
v 60.334 -13.293 6.75
v 60.335 -12.947 6.923
v 61.195 -12.95 6.749
v 77.752 -24.898 -1.564
v 64.613 -16.088 5.346
v 69.657 -11.745 6.054
v 65.829 -12.281 6.386
v 61.683 -13.144 6.733
v 61.691 -12.793 6.737
v 62.031 -12.797 6.734
v 77.596 -23.677 -0.519
v 77.404 -22.48 0.509
v 77.238 -21.093 1.376
v 77.083 -19.698 2.249
v 76.747 -16.581 3.637
v 73.634 -11.225 5.882
v 78.443 -10.381 5.522
v 53.41 4.845 9.164
v 54.611 3.456 9.159
v 53.903 3.272 9.324
v 53.228 3.11 9.332
v 76.408 -13.465 4.849
v 77.42 -10.717 5.528
v 53.237 8.301 8.472
v 51.865 10.555 7.787
v 89.022 -21.416 -0.336
v 53.074 9.864 7.959
v 88.818 -20.055 0.685
v 59.127 5.027 8.652
v 59.782 4.311 8.634
v 88.651 -18.669 1.552
v 53.032 12.081 7.074
v 52.212 14.185 5.886
v 60.507 5.199 8.478
v 60.989 4.482 8.633
v 88.472 -17.29 2.241
v 53.032 13.463 6.21
v 61.892 5.373 8.479
v 62.065 4.509 8.48
v 58.927 8.638 8.12
v 62.913 5.534 8.298
v 66.537 5.185 8.123
v 52.885 14.691 5.358
v 52.379 15.564 4.501
v 60.298 8.63 7.942
v 58.759 10.196 7.604
v 87.972 -14.34 3.632
v 52.893 15.56 4.498
v 52.362 15.725 4.146
v 52.378 15.909 3.809
v 61.712 8.824 7.957
v 60.142 10.369 7.604
v 58.6 12.626 6.92
v 62.581 9 7.96
v 52.896 16.081 3.463
v 52.523 16.235 2.758
v 61.544 10.556 7.614
v 52.862 16.231 2.928
v 59.956 12.78 6.733
v 58.595 14.005 6.226
v 62.559 10.541 7.603
v 87.613 -11.238 4.663
v 61.364 12.797 6.746
v 59.965 14.169 6.22
v 58.411 15.207 5.357
v 62.372 12.95 6.732
v 61.347 14.341 6.047
v 59.797 15.382 5.358
v 58.432 16.258 4.33
v 87.268 -8.127 5.527
v 62.229 14.354 6.056
v 61.158 15.54 5.347
v 59.799 16.42 4.322
v 62.238 15.57 5.369
v 61.199 16.433 4.331
v 62.022 16.577 4.31
v 74.148 6.745 7.781
v 86.561 -3.299 6.556
v 79.513 -4.828 6.748
v 79.133 -1.914 7.076
v 73.817 10.039 7.442
v 76.752 6.236 7.787
v 73.633 11.76 7.264
v 86.075 1.563 7.264
v 78.799 1.032 7.428
v 73.442 13.994 6.564
v 73.255 15.539 6.038
v 85.568 4.854 7.442
v 73.095 16.758 5.181
v 73.09 17.791 4.314
v 85.189 7.942 7.598
v 93.325 2.594 7.26
v 84.834 11.219 7.248
v 84.698 12.973 7.094
v 92.998 5.718 7.442
v 84.321 15.198 6.56
v 92.463 8.99 7.606
v 84.329 16.759 6.045
v 84.176 17.982 5.364
v 92.118 12.274 7.434
v 83.977 19 4.486
v 91.96 13.84 7.096
v 91.772 16.075 6.569
v 91.612 17.467 6.058
v 135.479 -14.007 -1.561
v 91.413 18.831 5.353
v 135.323 -13.65 -0.516
v 135.32 -13.134 0.519
v 135.326 -12.265 1.559
v 135.168 -11.218 2.604
v 134.974 -10.023 3.457
v 142.579 -12.442 -1.382
v 134.955 -8.826 4.312
v 142.601 -12.081 -0.161
v 142.598 -11.564 0.875
v 134.639 -6.213 5.709
v 142.386 -10.9 1.892
v 142.401 -9.853 2.936
v 134.451 -3.458 6.911
v 142.219 -8.822 3.969
v 122.378 6.928 8.479
v 142.217 -7.614 4.832
v 134.115 -0.687 7.78
v 122.008 9.849 8.64
v 153.44 -10.214 -0.876
v 167.099 -7.444 -0.7
v 141.908 -4.996 6.233
v 153.456 -9.857 0.341
v 167.093 -6.584 2.062
v 121.684 12.974 8.65
v 153.301 -9.326 1.56
v 133.611 3.816 8.824
v 141.718 -2.416 7.607
v 153.295 -8.639 2.594
v 166.938 -5.017 4.663
v 121.327 15.904 8.299
v 153.271 -7.791 3.619
v 121.123 17.438 7.938
v 153.104 -6.75 4.659
v 133.068 8.293 9.33
v 153.118 -5.704 5.703
v 166.613 -1.546 8.302
v 132.916 11.418 9.513
v 152.769 -3.286 7.256
v 166.269 1.048 10.031
v 166.449 -0.33 9.171
v 166.406 -1.051 8.631
v 152.585 -0.702 8.633
v 165.388 3.801 11.233
v 163.836 7.087 12.098
v 164.022 6.751 12.105
v 164.022 6.578 12.105
v 164.01 6.57 12.099
v 164.176 6.392 12.096
v 164.715 11.246 12.797
v 164.502 11.39 12.95
v 164.859 10.361 12.783
v 165.037 10.192 12.786
v 165.38 6.734 12.784
v 166.062 6.381 12.261
v 165.396 8.3 12.619
v 165.383 8.464 12.613
v 165.405 8.825 12.624
v 165.218 9.161 12.789
v 165.411 6.583 12.8
v 165.398 6.573 12.793
v 165.365 6.377 12.777
v 165.392 6.223 12.79
v 165.585 6.065 12.8
v 165.569 5.881 12.792
v 165.727 5.697 12.612
v 165.717 5.518 12.607
v 166.785 4.675 11.931
v 165.899 5.351 12.439
v 165.903 5.354 12.441
v 166.1 5.371 12.453
v 166.451 4.856 12.11
v 166.098 5.197 12.279
v 166.247 5.007 12.267
v 165.394 6.225 12.791
v 165.899 5.351 12.439
v 165.554 5.179 12.957
v 165.063 6.581 13.317
v 164.892 5.891 13.318
v 163.82 6.212 13.473
v 164.524 6.394 13.48
v 165.218 4.84 13.135
v 164.877 4.671 13.138
v 164.545 4.508 13.144
v 164.693 6.391 13.478
v 168.668 4.144 11.058
v 169.89 4.153 11.237
v 169.872 4.14 11.574
v 167.636 4.148 11.579
v 167.639 4.323 11.235
v 168.175 4.162 11.244
v 169.007 1.893 12.265
v 170.056 2.42 12.443
v 170.218 2.067 12.265
v 169.011 3.797 11.748
v 169.869 3.792 12.091
v 168.692 3.816 11.761
v 168.689 3.814 11.76
v 169.858 3.439 12.258
v 169.881 3.455 12.269
v 170.073 2.951 12.452
v 169.169 3.268 12.259
v 168.685 3.292 12.276
v 168.519 3.297 12.28
v 169.213 2.608 12.454
v 167.967 3.965 11.745
v 167.485 3.817 12.108
v 167.618 4.135 11.743
v 168.661 2.584 12.437
v 168.508 2.598 12.447
v 167.819 2.081 12.276
v 167.967 3.446 12.263
v 167.299 3.463 12.448
v 167.829 2.779 12.453
v 166.968 2.263 12.455
v 167.12 2.767 12.444
v 166.969 4.51 11.764
v 167.658 4.163 11.763
v 167.476 3.639 12.277
v 167.314 3.3 12.455
v 165.739 5.36 12.791
v 165.899 5.351 12.439
v 166.611 4.847 12.103
v 165.896 2.93 12.61
v 167.106 2.757 12.437
v 167.118 2.593 12.443
v 165.558 5.182 12.959
v 165.37 3.443 12.779
v 165.063 4.853 13.144
v 164.518 4.488 13.131
v 164.002 8.811 12.614
v 163.822 8.805 12.61
v 163.858 9.004 12.628
v 164.169 8.807 12.611
v 163.657 9.329 12.614
v 164.363 8.822 12.621
v 165.218 9.161 12.789
v 165.032 9.152 12.61
v 164.886 10.726 12.796
v 164.547 11.248 12.799
v 163.481 9.846 12.613
v 163.333 9.863 12.625
v 163.126 10.358 12.608
v 163.65 9.843 12.611
v 163.32 10.373 12.618
v 163.15 10.375 12.62
v 163.119 10.526 12.604
v 163.165 10.558 12.627
v 163.123 10.529 12.606
v 163.15 10.72 12.619
v 164.156 10.007 12.777
v 164.869 8.986 12.615
v 164.886 8.997 12.624
v 164.719 9.002 12.627
v 164.546 8.829 12.627
v 163.51 10.557 12.627
v 163.323 10.721 12.62
v 163.15 10.72 12.62
v 163.313 10.886 12.615
v 163.496 10.72 12.62
v 163.486 10.886 12.788
v 163.487 10.887 12.788
v 163.504 10.899 12.797
v 163.682 10.902 12.799
v 163.982 10.525 12.777
v 164.849 10.527 12.778
v 163.984 10.872 12.778
v 163.994 11.051 12.782
v 164.361 9.338 13.83
v 163.82 6.212 13.473
v 162.637 13.835 14.178
v 164.502 11.39 12.95
v 165.38 6.734 12.784
v 165.063 6.581 13.317
v 164.524 6.394 13.48
v 163.999 11.573 13.995
v 163.67 13.314 13.83
v 163.118 13.981 14.159
v 163.469 13.985 13.816
v 163.993 13.989 13.473
v 164.187 14.004 13.138
v 164.689 16.412 12.439
v 165.586 17.126 12.282
v 165.228 16.944 11.93
v 166.61 17.808 11.239
v 166.765 17.796 10.538
v 166.413 17.618 10.881
v 166.585 17.791 12.091
v 166.439 17.637 11.24
v 166.266 17.637 11.067
v 166.238 17.617 11.226
v 165.721 17.272 11.572
v 166.614 17.811 11.932
v 166.403 17.784 11.913
v 165.892 17.444 12.09
v 166.081 17.628 11.752
v 165.551 17.274 11.746
v 164.548 13.842 12.8
v 164.193 14.354 13.141
v 164.199 14.185 13.144
v 164.52 16.069 12.613
v 164.365 15.735 12.795
v 164.168 15.2 12.956
v 164.193 15.045 12.968
v 164.177 14.861 12.96
v 164.195 14.873 12.969
v 164.197 14.702 12.971
v 164.18 14.69 12.962
v 164.177 14.515 13.133
v 164.187 14.004 13.138
v 164.692 11.402 12.959
v 164.502 11.39 12.95
v 165.229 16.946 12.277
v 164.674 16.401 12.431
v 164.705 16.423 12.965
v 165.391 17.111 12.271
v 165.75 17.293 12.278
v 165.739 17.285 12.1
v 165.03 17.273 13.128
v 164.332 16.75 13.297
v 165.91 17.456 12.098
v 166.583 17.962 12.608
v 166.585 17.791 12.091
v 164.711 17.81 13.487
v 164.02 16.946 13.659
v 163.853 17.123 13.662
v 165.578 17.639 12.97
v 165.733 17.799 12.961
v 166.591 18.314 12.958
v 164.349 18.317 13.651
v 163.471 17.27 13.644
v 163.306 17.448 13.648
v 164.188 18.671 13.484
v 165.239 18.162 13.491
v 165.553 18.313 13.476
v 166.241 19.175 13.474
v 166.414 18.656 13.301
v 164.867 18.662 13.478
v 164.868 19.181 13.479
v 165.226 19.017 13.485
v 166.092 19.71 13.313
v 166.076 19.18 11.231
v 166.239 19.173 10.88
v 166.264 19.19 10.893
v 165.895 19.001 11.054
v 166.241 19.175 11.919
v 165.901 19.179 11.23
v 165.549 19.001 11.4
v 166.082 19.184 11.753
v 166.075 19.179 11.922
v 166.101 19.197 11.935
v 165.925 19.195 11.588
v 165.894 19.173 11.918
v 165.578 19.021 11.587
v 164.89 18.678 12.107
v 165.573 19.018 11.93
v 164.024 14.356 13.316
v 164.193 14.354 13.141
v 164.187 14.004 13.138
v 163.993 13.989 13.473
v 163.851 14.356 13.661
v 163.469 13.985 13.816
v 164.001 14.34 13.477
v 164.029 14.36 13.491
v 163.83 14.341 13.478
v 163.502 14.354 13.832
v 163.118 13.981 14.159
v 163.121 14.329 13.988
v 163.476 14.336 13.82
v 163.512 14.361 13.837
v 162.975 14.348 14.001
v 162.947 14.328 13.987
v 162.776 14.33 14.161
v 162.637 13.835 14.178
v 162.616 14.338 13.994
v 162.797 14.344 14.171
v 164.029 14.878 13.491
v 163.851 14.356 13.662
v 164.008 15.037 13.481
v 164.185 15.039 12.964
v 164.026 15.394 13.317
v 163.469 15.022 13.816
v 163.652 14.338 13.821
v 163.317 14.345 13.999
v 164.17 15.547 13.302
v 164.338 15.544 12.781
v 163.647 15.371 13.646
v 163.141 15.207 13.998
v 162.972 14.346 14
v 163.637 15.71 13.641
v 164.347 16.069 13.132
v 164.52 16.069 12.613
v 162.784 15.027 13.992
v 162.803 14.349 14.175
v 163.145 15.555 14
v 162.817 15.222 14.009
v 162.616 14.338 13.994
v 162.983 15.563 14.005
v 163.302 15.89 13.819
v 164.023 16.256 13.661
v 162.981 15.908 14.004
v 162.971 16.592 13.827
v 164.531 16.422 12.965
v 164.503 16.576 13.124
v 164.714 16.429 12.797
v 164.699 16.419 12.444
v 163.47 16.405 13.816
v 163.146 16.593 13.827
v 164.164 16.58 13.472
v 164.349 16.761 13.478
v 163.989 16.924 13.644
v 164.339 16.754 13.473
v 163.668 16.941 13.656
v 163.817 17.097 13.644
v 163.681 17.296 13.663
v 163.468 17.095 13.816
v 163.306 17.448 13.648
v 163.495 17.287 13.829
v 220.861 -21.951 102.308
v 225.026 -49.072 103.008
v 224.503 -48.556 99.376
v 222.574 -48.23 95.733
v 217.768 -11.569 101.28
v 220.331 -11.935 105.067
v 221.186 -12.633 109.383
v 216.379 -21.424 97.475
v 219.131 -48.048 92.802
v 214.83 -48.207 91.256
v 213.952 -11.406 98.681
v 209.971 -21.952 95.913
v 210.676 -48.557 91.426
v 204.953 -12.451 98.502
v 209.435 -11.768 97.632
v 204.635 -22.629 97.306
v 207.377 -49.259 92.801
v 204.459 -49.937 95.057
v 201.149 -13.144 100.92
v 200.661 -23.837 101.108
v 202.363 -50.816 98.33
v 201.692 -51.493 102.661
v 197.696 -15.042 109.045
v 198.559 -14.179 104.551
v 223.297 -48.035 101.452
v 223.643 -49.244 103.008
v 223.091 -48.749 99.88
v 222.762 -47.874 99.716
v 221.747 -48.377 97.134
v 222.956 -44.575 102.146
v 221.879 -47.541 97.805
v 222.416 -44.418 100.234
v 220.684 -47.358 96.085
v 219.468 -48.227 94.871
v 221.556 -44.069 98.508
v 218.942 -47.367 94.695
v 220.358 -43.888 96.785
v 217.085 -47.337 93.68
v 216.721 -48.387 93.325
v 218.602 -43.907 95.216
v 214.998 -47.519 92.982
v 213.611 -48.559 92.634
v 216.741 -43.879 94.199
v 212.907 -47.704 92.801
v 214.656 -44.06 93.675
v 210.836 -47.875 93.148
v 210.51 -48.898 92.985
v 212.387 -44.249 93.491
v 221.534 -30.777 104.545
v 219.646 -12.795 109.391
v 209.107 -48.221 93.666
v 207.576 -49.413 94.369
v 208.072 -48.392 94.185
v 210.495 -44.415 93.669
v 221.029 -30.422 102.651
v 206.869 -48.733 94.88
v 205.334 -50.101 96.446
v 208.79 -44.744 94.199
v 220.179 -30.239 100.93
v 205.489 -49.077 96.091
v 207.534 -44.95 94.694
v 218.805 -30.061 99.206
v 206.528 -45.101 95.574
v 220.681 -23.857 105.761
v 204.432 -49.437 97.636
v 203.751 -50.812 99.197
v 217.074 -30.062 97.822
v 205.15 -45.616 96.786
v 220.187 -23.494 103.872
v 220.505 -21.439 106.105
v 203.598 -49.934 99.553
v 203.216 -51.169 100.917
v 215.167 -30.067 96.609
v 204.088 -45.979 98.329
v 219.329 -23.317 102.147
v 219.996 -21.26 104.381
v 203.054 -50.297 101.614
v 203.085 -51.486 102.666
v 213.083 -30.247 96.086
v 203.088 -46.299 100.248
v 218.111 -23.15 100.415
v 219.157 -20.897 102.493
v 211.028 -30.407 95.922
v 216.39 -22.972 99.036
v 217.754 -20.738 100.755
v 209.126 -30.58 96.095
v 219.851 -14.5 107.333
v 219.289 -12.285 106.793
v 214.451 -23.171 97.98
v 216.175 -20.755 99.36
v 207.234 -30.919 96.618
v 219.303 -14.175 105.59
v 212.414 -23.145 97.307
v 214.112 -20.747 98.329
v 206.198 -31.091 97.31
v 218.454 -13.992 103.697
v 205.162 -31.263 98.001
v 210.308 -23.341 97.118
v 212.061 -20.904 97.649
v 218.253 -12.284 104.028
v 218.084 -11.936 104.03
v 217.084 -13.811 101.975
v 215.342 -11.746 101.104
v 203.756 -31.626 99.199
v 208.233 -23.688 97.29
v 209.991 -21.074 97.478
v 215.324 -13.833 100.576
v 202.551 -32.141 100.757
v 206.527 -23.844 97.82
v 208.091 -21.246 97.824
v 215.145 -12.109 100.919
v 213.411 -13.841 99.534
v 205.462 -24.21 98.497
v 201.696 -32.48 102.663
v 206.346 -21.604 98.334
v 204.296 -24.352 99.21
v 213.265 -12.094 99.892
v 211.722 -11.74 99.38
v 211.351 -13.832 98.849
v 205.156 -21.763 98.862
v 202.87 -24.728 100.398
v 204.093 -22.126 99.541
v 209.263 -14.187 98.669
v 207.924 -12.256 99.209
v 201.863 -25.225 101.969
v 202.694 -22.484 100.742
v 207.232 -14.33 99.036
v 200.975 -25.588 103.858
v 201.505 -22.815 102.308
v 205.498 -14.679 99.552
v 204.626 -12.784 100.239
v 204.468 -14.848 100.074
v 200.493 -25.908 105.95
v 199.274 -14.854 109.056
v 200.667 -23.315 104.222
v 203.416 -15.031 100.757
v 204.277 -13.132 100.41
v 200.31 -23.668 106.463
v 203.228 -13.486 101.096
v 202.014 -13.316 102.131
v 202.043 -15.37 101.972
v 201.839 -13.836 102.302
v 200.823 -15.895 103.695
v 200.635 -14.178 103.86
v 199.957 -14.168 105.25
v 199.956 -16.243 105.595
v 199.434 -16.764 107.667
v 203.051 -50.645 103.859
v 203.085 -51.486 102.666
v 203.589 -51.842 105.769
v 203.565 -50.994 105.93
v 202.704 -47.19 104.549
v 204.429 -51.34 108.004
v 204.959 -52.196 108.528
v 203.067 -47.524 106.631
v 205.481 -51.329 109.567
v 207.196 -52.375 110.77
v 204.103 -47.87 108.532
v 206.868 -51.499 110.779
v 205.119 -47.885 110.077
v 208.254 -51.496 111.645
v 209.971 -52.369 112.33
v 209.136 -51.484 112.172
v 206.538 -48.032 111.478
v 210.833 -51.506 112.848
v 213.105 -52.18 113.033
v 207.714 -48.055 112.325
v 208.752 -48.054 112.844
v 212.916 -51.327 113.025
v 210.493 -48.046 113.369
v 215 -50.974 113.03
v 216.182 -51.858 112.671
v 201.185 -33.339 106.987
v 199.274 -14.854 109.056
v 212.381 -47.882 113.708
v 217.085 -50.621 112.517
v 218.985 -51.313 111.307
v 201.672 -33.707 109.045
v 214.628 -47.536 113.536
v 218.975 -50.283 111.475
v 202.563 -33.86 110.96
v 216.696 -47.194 113.014
v 220.674 -49.957 110.078
v 221.405 -50.621 109.234
v 203.76 -34.042 112.682
v 218.612 -46.839 112.157
v 200.494 -26.426 108.197
v 221.913 -49.418 108.537
v 222.931 -49.95 106.627
v 205.146 -34.04 113.893
v 220.343 -46.491 110.776
v 200.973 -26.799 110.251
v 200.284 -24.032 108.524
v 222.758 -49.086 106.626
v 206.33 -34.23 114.744
v 221.57 -45.96 109.057
v 207.195 -34.057 115.263
v 201.871 -26.948 112.169
v 200.648 -24.365 110.78
v 223.267 -48.747 104.894
v 223.437 -49.613 104.892
v 223.643 -49.244 103.008
v 222.396 -45.641 107.31
v 209.108 -34.049 115.788
v 202.886 -27.136 113.886
v 201.531 -24.698 112.69
v 222.914 -45.296 105.408
v 210.998 -33.884 116.128
v 204.275 -27.132 115.099
v 202.696 -24.902 114.223
v 199.435 -17.109 109.741
v 199.607 -15.381 111.987
v 205.647 -27.312 115.958
v 213.084 -33.702 116.134
v 204.123 -24.87 115.628
v 206.535 -27.123 116.488
v 199.951 -17.457 111.986
v 215.172 -33.347 115.622
v 205.305 -24.89 116.305
v 208.233 -27.144 117.164
v 199.775 -15.731 112.158
v 206.329 -24.899 116.817
v 200.823 -17.796 113.892
v 217.081 -32.996 114.589
v 210.319 -26.962 117.343
v 200.645 -15.899 114.234
v 200.807 -15.734 114.747
v 208.056 -24.9 117.508
v 202.036 -17.967 115.449
v 202.899 -15.894 117.003
v 218.788 -32.492 113.196
v 212.41 -26.778 117.352
v 209.966 -24.721 117.858
v 203.406 -17.976 116.825
v 220.187 -32.135 111.476
v 214.48 -26.434 116.832
v 204.612 -17.978 117.687
v 203.248 -16.237 117.005
v 212.035 -24.378 117.683
v 221.013 -31.643 109.729
v 205.47 -17.983 118.03
v 204.44 -16.25 117.86
v 205.13 -15.905 118.378
v 216.362 -26.102 115.785
v 214.118 -24.199 117.169
v 221.539 -31.292 108.005
v 219.646 -12.795 109.391
v 205.314 -16.243 118.383
v 207.387 -17.971 118.729
v 218.084 -25.588 114.399
v 216.184 -23.686 116.128
v 207.019 -16.086 119.063
v 207.882 -15.741 119.236
v 209.282 -17.803 119.071
v 211.036 -15.366 119.257
v 219.309 -25.232 112.679
v 217.762 -23.325 114.757
v 211.337 -17.47 118.889
v 220.154 -24.727 110.941
v 219.118 -22.825 113.188
v 211.198 -15.719 119.252
v 213.427 -17.286 118.379
v 220.698 -24.363 109.226
v 219.988 -22.476 111.29
v 213.248 -15.389 118.722
v 214.133 -14.857 118.386
v 215.342 -16.758 117.349
v 220.508 -22.129 109.562
v 217.069 -16.413 115.966
v 216.874 -14.701 116.3
v 217.076 -14.162 116.142
v 218.437 -15.905 114.403
v 219.287 -15.569 112.495
v 219.135 -13.827 112.851
v 219.16 -13.29 112.864
v 219.829 -15.207 110.779
v 220.531 -48.381 95.748
v 223.09 -48.232 96.596
v 221.567 -48.036 94.711
v 218.957 -48.222 94.529
v 219.833 -48.04 93.326
v 221.887 -48.572 97.291
v 224.152 -48.387 98.509
v 217.253 -48.377 93.505
v 217.751 -48.046 92.112
v 222.744 -48.75 99.015
v 224.86 -48.721 100.765
v 215.357 -48.374 92.989
v 215.656 -48.061 91.41
v 223.457 -48.908 100.927
v 213.27 -48.556 92.637
v 213.28 -48.376 91.259
v 225.026 -49.072 103.008
v 211.338 -48.75 92.794
v 210.998 -48.574 91.414
v 223.446 -49.607 104.897
v 224.851 -49.591 105.253
v 209.445 -49.09 93.316
v 208.78 -48.899 91.947
v 222.79 -50.101 106.815
v 224.139 -50.124 107.49
v 207.746 -49.416 94.195
v 206.85 -49.265 92.969
v 221.881 -50.478 108.521
v 223.097 -50.474 109.388
v 206.183 -49.766 95.574
v 220.542 -50.793 110.098
v 204.985 -49.758 94.37
v 221.558 -50.981 111.124
v 204.798 -50.287 96.955
v 218.983 -51.314 111.306
v 203.605 -50.275 96.272
v 219.834 -51.323 112.682
v 203.91 -50.649 98.671
v 217.248 -51.665 112.34
v 202.538 -50.642 98.158
v 217.743 -51.853 113.711
v 203.257 -50.968 100.591
v 215.353 -51.833 112.861
v 201.855 -51.154 100.409
v 215.658 -52.207 114.223
v 213.256 -52.195 113.022
v 201.692 -51.493 102.661
v 213.256 -52.368 114.405
v 211.356 -52.367 112.677
v 201.844 -52.026 104.897
v 203.225 -51.682 104.55
v 211.008 -52.542 114.231
v 209.448 -52.372 112.155
v 202.539 -52.197 106.972
v 203.918 -52.026 106.452
v 208.761 -52.714 113.54
v 207.753 -52.349 111.135
v 203.588 -52.533 109.053
v 204.776 -52.203 108.35
v 206.874 -52.705 112.337
v 206.156 -52.378 109.904
v 204.974 -52.704 110.955
v 202.014 -39.239 111.117
v 202.359 -52.201 106.969
v 204.598 -52.725 110.422
v 200.137 -31.273 110.611
v 197.696 -15.042 109.045
v 215.312 -43.22 115.606
v 210.834 -52.715 114.058
v 214.815 -52.192 114.407
v 218.979 -51.49 113.032
v 213.456 -39.041 116.665
v 211.353 -39.235 116.823
v 200.128 -21.083 114.408
v 204.947 -16.085 119.928
v 201.177 -16.062 117.352
v 198.577 -15.722 113.546
v 204.642 -26.253 117.529
v 215.184 -30.746 117.529
v 208.79 -21.068 119.949
v 209.455 -15.901 120.8
v 212.039 -19.018 120.104
v 217.775 -14.329 117.701
v 213.935 -15.22 120.102
v 211.198 -20.903 119.943
v 206.018 -39.565 115.106
v 207.372 -52.719 112.673
v 221.037 -46.661 112.161
v 222.435 -50.799 110.267
v 222.742 -47.542 109.902
v 224.471 -49.961 106.792
v 221.722 -46.32 111.293
v 219.805 -41.32 113.705
v 223.268 -43.043 109.042
v 224.84 -49.426 104.902
v 221.555 -40.095 111.987
v 222.051 -39.938 111.112
v 209.481 -28.845 118.566
v 222.24 -30.767 110.429
v 221.186 -12.633 109.383
v 218.598 -22.135 116.125
v 220.175 -21.601 114.235
v 220.329 -18.849 114.053
v 220.322 -13.497 113.876
v 219.64 -30.772 114.572
v 214.32 -25.562 118.566
v 173.157 9.845 6.044
v 173.148 8.802 6.04
v 173.165 9.85 6.048
v 172.474 5.876 7.777
v 171.076 5 8.287
v 171.274 5.191 8.127
v 171.618 5.363 7.781
v 172.139 5.883 7.264
v 172.493 6.58 6.922
v 172.833 7.267 6.574
v 176.799 7.779 8.297
v 178.508 9.84 7.596
v 178.695 9.158 8.467
v 178.867 8.64 9.85
v 176.425 8.624 7.246
v 173.185 8.136 6.231
v 177.852 10.902 6.923
v 175.917 9.668 6.56
v 177.301 11.916 6.734
v 169.363 4.32 9.678
v 170.043 4.484 9.153
v 170.051 4.49 9.157
v 168.157 4.149 10.716
v 168.667 4.144 11.058
v 168.148 4.143 11.23
v 167.63 4.316 11.23
v 167.639 4.323 11.235
v 169.387 4.164 10.553
v 169.89 4.153 11.237
v 169.204 4.157 11.067
v 168.852 4.152 10.2
v 168.996 4.305 10.012
v 168.864 4.161 10.551
v 169.382 4.333 9.86
v 188.359 18.308 15.719
v 187.852 17.452 14.169
v 189.781 20.928 16.257
v 186.137 14.869 15.04
v 185.246 14.332 12.262
v 186.636 15.892 13.129
v 182.867 11.422 14.01
v 180.62 9.867 10.208
v 182.319 11.229 10.712
v 178.373 7.966 12.8
v 174.734 6.403 9.166
v 175.218 6.206 12.087
v 173.012 5.198 11.761
v 170.405 4.669 8.816
v 170.043 4.484 9.153
v 170.387 4.656 8.807
v 171.592 4.826 11.57
v 170.91 3.277 8.636
v 174.185 4.999 7.249
v 170.918 3.283 8.64
v 171.07 3.268 8.457
v 171.277 3.465 8.302
v 171.627 3.641 7.958
v 172.118 3.967 7.599
v 172.469 4.316 7.255
v 172.803 4.654 6.904
v 173.161 5.008 6.564
v 173.873 5.887 5.884
v 174.352 6.896 5.345
v 177.489 6.742 7.606
v 179.579 8.136 7.786
v 179.74 7.609 8.644
v 177.148 7.955 6.052
v 174.717 8.12 5.01
v 178.344 10.537 5.527
v 179.235 9.001 6.577
v 176.26 9.493 5.176
v 174.738 9.344 4.847
v 174.556 10.547 4.843
v 177.494 12.103 5.188
v 169.869 2.929 9.499
v 170.422 3.125 8.997
v 170.224 2.762 11.058
v 168.16 2.597 10.891
v 168.665 2.587 10.365
v 169.207 2.603 10.896
v 169.017 2.764 10.196
v 169.343 2.751 10.013
v 189.054 16.755 13.992
v 191.141 20.394 16.073
v 189.78 17.644 15.566
v 188.048 14.876 15.045
v 187.858 15.037 12.962
v 181.463 8.296 13.308
v 179.573 7.44 9.684
v 181.454 8.809 10.02
v 178.856 6.558 12.61
v 174.742 4.335 11.762
v 175.433 5.026 8.997
v 176.081 4.996 12.086
v 187.529 14.53 13.662
v 186.141 12.452 14.524
v 186.472 13.307 12.097
v 185.114 11.768 12.455
v 183.353 10.19 10.537
v 183.895 10.207 13.833
v 185.248 11.741 13.472
v 182.506 9.338 11.41
v 182.649 9.316 12.432
v 178.169 6.388 10.365
v 178.178 6.222 11.406
v 177.51 5.719 12.282
v 173.507 3.971 10.885
v 173.16 3.798 11.576
v 171.763 3.27 11.223
v 170.907 3.275 8.635
v 170.922 3.112 9.506
v 170.422 3.125 8.997
v 170.73 3.272 8.633
v 170.902 3.098 10.533
v 170.935 2.949 11.068
v 185.796 13.49 15.734
v 189.604 17.469 17.119
v 184.746 10.715 15.554
v 184.235 12.622 14.521
v 188.359 18.308 15.719
v 188.548 18.147 16.246
v 188.709 17.966 16.585
v 188.905 17.809 16.77
v 189.263 17.645 16.949
v 180.403 8.453 14.333
v 179.9 6.563 14.168
v 176.992 7.103 12.628
v 183.212 10.73 15.046
v 178.502 7.243 13.987
v 175.229 5.35 13.302
v 170.218 2.067 12.265
v 173.686 4.667 12.962
v 169.89 4.153 11.237
v 171.77 3.965 12.609
v 170.035 2.405 12.433
v 170.052 2.936 12.441
v 169.869 3.792 12.091
v 169.872 4.14 11.574
v 170.217 3.449 12.438
v 169.881 3.455 12.269
v 184.232 11.929 15.384
v 190.621 31.28 17.109
v 190.818 31.125 17.122
v 190.794 30.935 17.282
v 190.47 31.296 16.947
v 190.279 31.456 16.765
v 190.296 31.468 16.947
v 190.96 30.93 17.279
v 191.118 30.575 17.444
v 190.089 31.444 16.584
v 191.128 30.409 17.449
v 189.588 31.456 16.247
v 191.498 29.561 17.461
v 180.079 10.888 7.95
v 182.686 11.589 10.895
v 178.867 8.64 9.85
v 178.695 9.158 8.467
v 178.508 9.84 7.596
v 177.852 10.902 6.923
v 177.301 11.916 6.734
v 181.462 12.271 8.468
v 183.343 17.441 8.804
v 184.246 14.876 9.687
v 185.971 15.047 12.624
v 188.549 21.259 12.963
v 187.171 24.2 12.101
v 189.781 20.928 16.257
v 188.882 21.768 13.302
v 189.074 22.3 13.657
v 189.767 23.856 14.349
v 190.624 22.987 16.765
v 190.267 25.226 15.204
v 191.296 25.393 17.101
v 190.814 26.802 16.255
v 191.495 28.004 17.46
v 191.332 28.356 17.119
v 185.254 30.755 13.129
v 183.733 29.915 11.937
v 183.89 30.423 12.275
v 183.541 29.383 11.582
v 189.252 30.08 15.388
v 188.04 31.288 15.214
v 189.049 29.541 15.027
v 186.653 30.94 14.175
v 188.901 28.867 14.694
v 188.391 27.49 13.834
v 182.993 28.326 11.049
v 187.84 26.085 13.127
v 182.482 27.294 10.707
v 186.805 23.321 11.745
v 181.966 26.259 10.189
v 185.427 20.732 10.364
v 179.399 22.302 8.474
v 183.879 18.318 9.158
v 177.641 20.553 7.768
v 181.975 15.896 8.12
v 175.783 18.855 7.271
v 179.725 13.82 7.427
v 178.525 12.789 7.086
v 172.474 12.615 6.394
v 171.627 16.257 6.748
v 173.165 9.85 6.048
v 182.844 29.553 11.406
v 181.831 29.224 11.073
v 182.822 29.883 11.568
v 182.339 28.352 10.894
v 181.134 28.874 10.897
v 180.602 27.655 10.372
v 179.19 27.288 10.53
v 180.578 28.329 10.705
v 181.827 27.147 10.379
v 180.958 24.551 9.513
v 178.689 25.745 9.847
v 176.817 25.075 10.899
v 179.375 25.396 9.499
v 176.259 24.01 10.015
v 175.564 23.834 10.877
v 180.411 24.877 9.326
v 176.786 23.843 9.501
v 180.965 24.556 9.516
v 177.328 23.686 8.994
v 174.353 22.278 10.358
v 172.975 21.244 10.533
v 174.706 22.802 11.053
v 177.842 23.338 8.646
v 174.702 22.28 9.323
v 173.495 21.591 10.015
v 175.069 21.949 8.815
v 173.833 21.413 9.147
v 175.581 21.772 8.293
v 172.653 20.742 9.853
v 170.919 19.701 10.196
v 174.184 21.071 8.459
v 176.09 21.247 7.943
v 172.805 20.555 8.806
v 174.562 20.748 8.129
v 176.796 20.739 7.777
v 176.947 19.86 7.594
v 173.165 20.219 8.295
v 175.067 20.393 7.777
v 173.52 19.88 7.781
v 170.765 19.369 9.514
v 170.558 19.517 10.016
v 175.761 19.704 7.433
v 174.02 19.521 7.426
v 169.701 19.004 10.019
v 168.661 18.138 8.981
v 168.153 18.145 9.504
v 167.8 18.14 9.674
v 167.633 17.971 9.849
v 170.911 19.177 8.637
v 169.719 18.844 9.51
v 169.207 18.33 8.476
v 174.548 18.837 7.258
v 171.617 16.25 6.743
v 171.083 18.831 8.118
v 169.859 18.648 8.629
v 169.896 18.155 7.956
v 171.416 18.476 7.593
v 170.909 17.448 7.253
v 170.399 17.972 7.603
v 170.069 18.329 7.957
v 171.768 17.963 7.251
v 171.265 16.936 6.913
v 172.309 17.287 6.916
v 173.177 21.437 10.547
v 173.335 21.6 11.577
v 174.015 22.284 11.399
v 174.743 22.827 11.071
v 171.808 20.41 11.764
v 171.414 20.03 10.184
v 169.56 19.026 11.936
v 169.551 18.847 10.03
v 168.134 18.305 12.087
v 167.468 17.977 9.853
v 166.769 17.799 10.541
v 166.585 17.791 12.091
v 176.121 24.898 11.415
v 177.854 26.111 10.726
v 174.742 23 11.589
v 174.566 23.343 11.933
v 175.773 25.415 11.759
v 174.361 23.666 12.263
v 174.028 24.02 12.442
v 175.244 25.926 11.754
v 173.684 24.367 12.443
v 173.317 24.698 12.259
v 177.463 28.672 10.53
v 177.156 26.107 11.068
v 176.803 26.62 11.41
v 177.809 26.598 11.049
v 176.447 27.131 11.405
v 177.507 27.147 11.244
v 176.981 27.661 11.067
v 178.717 27.493 10.898
v 178.354 27.999 11.062
v 178.166 28.507 10.882
v 179.733 28.343 10.888
v 181.649 29.044 11.068
v 179.384 28.859 10.886
v 179.228 29.216 10.721
v 180.231 30.229 10.359
v 180.933 29.2 11.056
v 180.753 29.54 10.879
v 180.595 30.069 10.714
v 182.172 31.121 10.897
v 182.672 30.59 11.58
v 182.831 30.235 11.573
v 183.356 30.584 11.921
v 183.893 30.425 12.104
v 183.89 30.423 12.275
v 182.693 30.95 11.417
v 183.371 30.941 11.756
v 183.882 31.281 12.098
v 183.872 30.928 12.266
v 183.902 30.777 12.108
v 183.175 31.271 11.745
v 183.864 31.614 11.916
v 166.409 18.826 13.299
v 166.591 18.314 12.958
v 166.414 18.656 13.301
v 166.241 19.175 13.474
v 167.995 18.674 12.968
v 166.583 17.962 12.608
v 167.821 19.364 13.313
v 166.092 19.71 13.313
v 169.378 21.267 13.314
v 171.601 20.386 11.92
v 171.604 20.733 12.785
v 171.289 21.274 13.147
v 171.593 22.973 12.78
v 173.172 22.125 12.446
v 172.805 22.628 12.781
v 174.552 22.642 11.235
v 173.873 22.65 12.278
v 173.499 23.149 12.61
v 174.379 23.16 12.099
v 173.864 23.681 12.447
v 173.34 24.196 12.444
v 173.317 24.698 12.259
v 204.253 54.424 3.792
v 208.943 58.761 6.569
v 206.523 58.761 5.704
v 163.326 11.068 -7.772
v 165.22 1.731 -8.121
v 171.977 13.149 -7.421
v 215.528 47.368 10.553
v 215.698 41.49 11.588
v 215.852 55.82 16.417
v 214.801 57.194 12.436
v 213.425 49.076 6.909
v 212.388 58.235 8.81
v 215.013 42.358 8.826
v 214.306 34.57 9.51
v 211.89 49.781 5.363
v 204.118 50.302 2.255
v 212.905 44.235 5.18
v 213.598 35.595 6.736
v 211.707 27.48 7.433
v 211.345 45.096 3.622
v 202.358 41.985 -0.526
v 211.34 37.834 3.101
v 209.812 38.89 1.559
v 200.974 38.009 -1.736
v 199.08 34.039 -2.943
v 205.489 18.496 1.731
v 204.45 14.692 4.15
v 203.393 21.591 -1.737
v 202.213 14.008 0.525
v 202.043 23.342 -2.93
v 194.054 26.944 -4.851
v 200.113 17.273 -2.945
v 198.073 9.347 -0.508
v 194.939 4.665 1.9
v 198.745 19.184 -3.974
v 193.396 26.103 -5.007
v 193.03 25.743 -5.19
v 192.689 25.4 -5.188
v 191.806 24.524 -5.37
v 191.467 24.182 -5.539
v 191.335 23.866 -5.519
v 194.788 6.235 -1.2
v 195.989 12.969 -3.797
v 194.759 15.028 -5.017
v 189.251 22.13 -5.869
v 187.679 20.909 -6.223
v 192.715 10.211 -4.483
v 188.9 1.733 -2.07
v 191.499 12.28 -5.523
v 184.037 18.307 -6.748
v 187.67 1.028 -2.253
v 181.974 -3.806 0.343
v 187.141 6.032 -5.369
v 185.948 5.18 -5.534
v 185.973 8.308 -6.212
v 180.244 16.239 -7.09
v 184.724 7.589 -6.405
v 177.838 0.177 -6.046
v 173.838 -3.124 -5.713
v 166.408 -4.333 -6.576
v 167.139 -7.07 -4.655
v 167.281 -8.129 -3.115
v 167.452 -8.821 -1.561
v 167.453 -8.821 -0.696
v 191.482 45.45 12.96
v 192.353 53.231 16.247
v 192.351 53.23 16.419
v 203.945 49.611 2.082
v 204.102 58.587 5.358
v 199.591 57.883 5.868
v 163.321 11.064 -7.774
v 176.604 14.676 -7.268
v 161.428 20.23 -5.005
v 192.862 47.521 8.811
v 193.237 55.146 11.591
v 192.523 54.267 13.826
v 195.65 48.229 5.02
v 201.867 40.449 -1.031
v 195.826 56.699 8.133
v 190.605 40.602 5.523
v 188.038 38.545 9.337
v 193.362 40.423 1.889
v 199.617 35.262 -2.588
v 186.149 34.752 2.603
v 182.664 33.868 6.563
v 188.696 33.338 -0.876
v 196.147 29.549 -4.15
v 179.22 30.247 0.521
v 177.814 31.613 5.348
v 181.656 27.494 -2.927
v 187.663 20.897 -6.232
v 174.046 28.526 -0.165
v 171.437 30.07 4.666
v 170.745 27.651 -0.519
v 159.524 28.869 4.153
v 159.698 28.351 2.253
v 159.866 27.311 0.349
v 160.368 24.361 -2.597
v 176.111 25.064 -3.626
v 172.643 23.846 -3.804
v 166.968 2.263 12.455
v 165.412 1.226 11.763
v 165.918 2.945 12.621
v 167.303 2.083 12.277
v 165.918 -1.721 10.029
v 167.797 2.065 12.264
v 164.545 4.508 13.144
v 168.519 1.915 12.28
v 168.856 1.908 12.275
v 169.207 1.912 12.278
v 169.517 1.887 12.261
v 177.311 -5.359 2.591
v 167.276 -8.651 0.857
v 167.289 -7.951 2.764
v 180.254 -4.664 0.174
v 176.795 -4.148 5.53
v 166.777 -5.354 6.57
v 186.319 -1.542 0.7
v 175.408 -0.695 10.194
v 170.218 2.067 12.265
v 170.589 2.258 12.451
v 170.731 2.236 12.436
v 171.264 2.419 12.443
v 172.138 2.599 12.621
v 173.685 3.284 12.962
v 175.939 4.153 13.311
v 179.213 6.048 13.998
v 192.163 2.583 4.314
v 197.011 6.564 2.417
v 194.574 4.306 1.89
v 191.995 2.241 1.551
v 189.217 0.158 1.026
v 191.467 3.098 7.25
v 189.389 5.515 11.914
v 181.809 7.951 14.691
v 200.627 10.011 5.694
v 201.683 11.407 3.284
v 199.947 10.192 8.638
v 186.64 9.155 14.86
v 184.057 9.853 15.383
v 185.769 11.743 15.893
v 187.335 13.652 16.244
v 197.529 11.921 13.305
v 207.392 18.67 7.781
v 209.301 22.304 6.056
v 206.7 18.669 10.545
v 194.075 14.688 16.244
v 189.604 17.469 17.119
v 193.237 20.582 17.812
v 203.94 19.537 14.868
v 212.215 28.337 10.365
v 213.276 31.291 8.476
v 211.698 28.165 12.958
v 200.291 21.424 17.624
v 194.921 22.279 18.309
v 196.517 24.209 18.675
v 197.86 26.082 19.173
v 199.245 28.158 19.866
v 208.962 28.358 17.12
v 215.34 38.716 13.31
v 215.517 40.62 11.411
v 214.62 38.177 15.715
v 204.959 29.375 19.698
v 200.283 30.233 20.558
v 201.333 32.315 21.256
v 211.865 37.666 19.695
v 216.017 49.421 16.586
v 215.494 54.775 19.177
v 215.875 55.837 16.602
v 215.321 48.726 18.831
v 214.458 53.739 21.769
v 207.745 37.858 22.301
v 202.89 36.81 22.639
v 203.938 41.311 24.2
v 212.753 47.36 22.645
v 212.224 52.538 24.541
v 208.772 46.492 25.061
v 204.297 45.987 25.762
v 204.077 50.447 27.467
v 208.593 51.327 26.787
v 168.16 2.597 10.891
v 166.277 1.053 10.035
v 165.394 3.805 11.236
v 166.969 4.51 11.764
v 163.333 8.999 12.452
v 163.47 7.592 12.261
v 163.295 8.972 12.433
v 165.396 8.3 12.619
v 163.666 7.089 12.1
v 168.154 -6.913 0.346
v 167.096 -7.446 -0.702
v 167.114 -7.434 -0.693
v 167.1 -7.098 0.51
v 167.982 -6.566 1.729
v 167.097 -6.755 1.718
v 167.991 -6.042 2.943
v 166.969 -5.34 4.16
v 172.151 -5.861 0.702
v 179.723 -3.291 0.168
v 167.622 -4.503 5.351
v 172.121 -5.536 1.897
v 167.469 -3.452 6.397
v 166.623 -1.539 8.307
v 171.948 -5.018 3.28
v 176.101 -4.668 0.863
v 167.11 -1.906 7.946
v 166.429 -1.035 8.643
v 171.599 -3.464 5.697
v 176.125 -4.306 2.257
v 166.748 -0.189 9.32
v 166.402 -0.362 9.148
v 166.429 0.002 9.334
v 166.249 0.343 9.503
v 171.254 -2.6 6.735
v 175.949 -3.789 3.638
v 170.905 -1.047 8.288
v 175.408 -2.423 6.046
v 170.384 0.507 9.67
v 169.207 2.603 10.896
v 170.224 2.762 11.058
v 175.063 -1.558 7.256
v 181.27 -2.087 2.756
v 185.453 -0.334 1.045
v 180.962 -1.715 4.157
v 174.549 -0.173 8.814
v 165.2 6.383 12.089
v 166.062 6.381 12.261
v 164.03 6.411 12.109
v 163.833 6.567 12.097
v 163.856 6.756 12.109
v 174.042 1.391 10.029
v 173.16 3.798 11.576
v 176.081 4.996 12.086
v 180.42 -0.522 6.565
v 180.067 0.164 7.771
v 187.491 0.851 2.237
v 188.354 1.541 1.373
v 187.361 1.053 3.641
v 179.55 1.548 9.327
v 187.143 1.367 4.828
v 178.687 2.932 10.71
v 178.856 6.558 12.61
v 190.965 3.282 2.764
v 190.968 3.285 1.729
v 186.456 2.234 7.422
v 190.77 3.44 4.136
v 186.142 2.948 8.475
v 190.643 3.645 5.368
v 193.235 5.027 3.122
v 196.129 7.589 2.581
v 193.563 5.36 2.249
v 193.043 5.014 4.495
v 185.284 4.162 10.034
v 189.942 4.502 7.956
v 192.716 5.199 5.714
v 184.403 5.36 11.408
v 189.4 5.004 8.981
v 192.02 6.06 8.304
v 188.568 6.063 10.552
v 183.191 7.26 12.79
v 181.463 8.296 13.308
v 183.864 10.184 13.817
v 191.666 6.573 9.336
v 197.189 8.642 5.185
v 187.693 7.266 11.757
v 197.002 8.805 6.561
v 190.804 7.438 10.893
v 200.136 11.586 4.671
v 200.637 12.265 3.626
v 186.286 8.976 13.127
v 184.932 11.416 14.178
v 189.747 8.461 12.093
v 196.144 9.327 8.983
v 200.104 11.564 5.865
v 195.617 9.839 10.015
v 199.796 11.763 7.094
v 188.386 10.205 13.486
v 186.141 12.452 14.524
v 188.048 14.876 15.045
v 202.904 14.872 5.364
v 194.76 10.536 11.575
v 199.075 12.087 9.498
v 202.699 14.849 6.558
v 193.738 11.584 12.792
v 198.563 12.61 10.538
v 202.569 14.879 7.789
v 204.446 17.109 5.875
v 207.921 22.997 6.403
v 204.456 16.943 7.09
v 197.549 13.318 12.105
v 192.195 12.974 14.18
v 201.699 15.221 10.205
v 204.125 16.953 8.308
v 196.516 14.012 13.317
v 201.174 15.389 11.239
v 203.403 17.278 10.712
v 200.127 16.073 12.789
v 189.743 15.544 15.201
v 189.756 17.627 15.554
v 189.753 17.625 15.552
v 194.918 15.364 14.678
v 202.708 17.448 11.747
v 199.086 16.761 13.997
v 208.765 24.021 7.776
v 211.722 31.638 8.823
v 201.86 17.977 13.137
v 208.584 24.015 8.982
v 192.347 17.626 15.725
v 193.371 20.901 16.41
v 197.377 17.984 15.216
v 200.653 18.671 14.348
v 208.431 23.856 10.201
v 198.898 19.689 15.545
v 207.551 24.017 12.267
v 194.581 19.864 16.238
v 207.045 24.026 13.31
v 211.874 31.623 9.849
v 206.017 24.379 14.697
v 196.166 21.613 16.598
v 194.952 22.647 16.769
v 196.655 24.53 17.275
v 211.864 31.444 11.054
v 204.813 24.728 15.737
v 211.531 31.28 12.097
v 213.106 35.441 11.07
v 213.95 40.785 11.578
v 202.896 25.581 16.939
v 210.842 31.108 14.172
v 212.904 35.248 12.092
v 210.13 31.094 15.198
v 212.766 35.099 13.146
v 213.969 39.416 12.106
v 209.098 31.27 16.411
v 200.148 26.803 17.984
v 200.491 30.603 19.02
v 198.031 26.427 17.79
v 199.255 28.511 18.316
v 211.873 34.906 15.206
v 213.771 39.225 13.303
v 207.919 31.465 17.636
v 211.335 34.72 16.233
v 213.584 38.869 14.333
v 210.303 34.723 17.445
v 206.012 31.806 18.67
v 212.746 38.715 16.42
v 214.278 43.191 14.507
v 214.49 43.392 13.317
v 208.937 34.908 18.49
v 212.215 38.533 17.278
v 214.112 42.851 15.548
v 214.649 47.357 14.693
v 214.304 55.653 16.421
v 211.02 38.371 18.495
v 202.885 32.659 19.699
v 201.336 32.836 19.702
v 207.016 35.067 19.69
v 213.236 42.497 17.443
v 214.475 47.184 15.729
v 209.787 38.354 19.52
v 212.747 42.344 18.321
v 214.282 46.823 16.756
v 214.648 50.122 15.557
v 214.149 54.974 18.677
v 214.287 55.641 16.586
v 214.469 49.772 16.59
v 211.538 41.999 19.704
v 204.087 35.591 20.559
v 202.88 37.148 21.251
v 207.89 38.357 20.732
v 213.441 46.322 18.669
v 214.302 49.43 17.63
v 213.448 54.103 20.573
v 210.338 41.833 20.746
v 212.938 45.987 19.54
v 213.429 48.732 19.526
v 211.893 45.635 20.746
v 204.816 38.729 21.615
v 203.919 41.816 22.808
v 208.417 41.82 21.773
v 212.901 48.553 20.386
v 211.163 52.694 23.492
v 210.675 45.457 21.779
v 211.867 48.037 21.597
v 205.459 41.805 22.627
v 208.786 45.119 22.995
v 210.657 47.69 22.634
v 207.919 51.685 25.585
v 208.744 47.337 23.665
v 205.662 44.937 23.852
v 204.272 46.488 24.367
v 205.845 47.018 24.548
v 204.091 50.975 26.091
v 170.909 17.448 7.253
v 172.284 18.998 5.867
v 171.426 19.52 6.561
v 170.399 17.972 7.603
v 170.768 19.889 7.096
v 171.265 16.936 6.913
v 173.16 17.105 5.354
v 172.814 18.141 5.527
v 169.896 18.155 7.956
v 169.005 20.038 8.462
v 169.195 18.322 8.47
v 173.854 13.824 5.183
v 168.656 18.134 8.978
v 168.171 19.886 9.168
v 168.153 18.145 9.504
v 167.485 19.544 9.862
v 166.264 19.19 10.893
v 174.529 10.528 4.829
v 166.266 17.637 11.067
v 165.549 19.001 11.4
v 165.721 17.272 11.572
v 164.89 18.678 12.107
v 174.74 9.345 4.848
v 174.703 10.011 4.83
v 165.228 16.944 11.93
v 173.148 8.802 6.04
v 174.707 8.113 5.005
v 164.697 16.418 12.443
v 164.7 16.246 12.444
v 164.699 16.419 12.444
v 164.691 16.241 12.44
v 164.52 16.069 12.613
v 173.185 8.136 6.231
v 174.378 6.915 5.359
v 172.807 7.249 6.56
v 173.859 5.877 5.877
v 172.491 6.579 6.921
v 173.149 5 6.558
v 172.141 5.884 7.264
v 172.469 4.316 7.255
v 171.618 5.363 7.781
v 171.627 3.641 7.958
v 171.076 5 8.287
v 171.287 3.472 8.307
v 170.387 4.656 8.807
v 170.73 3.272 8.633
v 170.043 4.484 9.153
v 170.422 3.125 8.997
v 169.363 4.32 9.678
v 169.343 2.751 10.013
v 168.852 4.152 10.2
v 167.633 4.319 11.232
v 168.157 4.149 10.716
v 167.63 4.316 11.23
v 167.295 4.324 11.408
v 181.104 8.979 8.29
v 183.545 10.549 10.72
v 179.573 7.44 9.684
v 179.541 8.109 7.767
v 180.583 10.187 6.733
v 179.031 9.152 6.389
v 178.348 10.54 5.529
v 183.185 10.712 8.812
v 179.741 11.585 5.88
v 178.027 11.422 5.369
v 184.38 11.911 9.323
v 182.649 11.909 7.42
v 179.203 12.262 5.697
v 177.494 12.103 5.188
v 185.601 13.129 10.02
v 186.831 13.834 12.276
v 183.897 13.146 7.958
v 181.814 13.139 6.398
v 181.264 13.809 6.209
v 183.533 17.453 7.43
v 185.085 14.34 8.465
v 183.02 14.347 6.915
v 187.336 15.207 10.887
v 182.519 15.05 6.751
v 184.227 15.554 7.431
v 186.814 16.242 9.503
v 183.702 16.241 7.255
v 188.707 17.1 12.091
v 191.141 20.394 16.073
v 185.784 17.629 8.469
v 188.222 18.334 10.552
v 185.262 18.145 8.122
v 189.91 19.169 13.125
v 187.178 19.538 9.512
v 189.419 20.398 11.756
v 186.491 20.233 9.168
v 187.836 24.699 10.878
v 191.483 22.119 14.861
v 191.827 21.946 16.243
v 188.391 21.614 10.551
v 187.665 22.281 10.188
v 191.99 23.494 15.72
v 192.361 23.512 16.424
v 190.806 23.339 13.313
v 192.516 24.882 16.415
v 192.699 25.235 16.593
v 191.498 24.722 14.178
v 189.745 24.532 12.091
v 189.087 25.074 11.762
v 191.827 26.093 14.861
v 190.259 25.912 12.954
v 192.18 26.963 15.556
v 192.852 26.776 16.756
v 189.572 26.433 12.437
v 192.372 27.667 15.911
v 192.862 28.511 16.761
v 190.769 27.116 13.641
v 190.088 27.641 13.127
v 190.272 31.969 15.034
v 190.96 28.165 14.168
v 191.299 28.852 14.683
v 192.536 30.253 16.598
v 190.296 28.703 13.663
v 190.434 29.37 14.164
v 191.833 30.936 15.901
v 191.675 31.638 16.081
v 192.198 30.95 16.429
v 191.124 31.442 15.373
v 190.959 31.967 15.55
v 191.144 31.802 15.729
v 191.32 31.804 15.903
v 186.116 31.099 11.919
v 184.553 30.23 10.705
v 184.746 30.763 10.888
v 189.921 30.583 14.34
v 188.875 31.787 13.99
v 190.272 31.969 15.034
v 189.753 29.895 13.824
v 187.521 31.461 12.967
v 186.817 30.934 12.442
v 186.492 29.911 11.761
v 184.208 29.712 10.36
v 189.562 29.191 13.469
v 189.064 27.823 12.615
v 185.77 28.162 10.882
v 183.702 28.511 9.847
v 183.882 28.862 10.024
v 188.545 26.44 11.924
v 185.447 26.968 10.375
v 182.86 26.971 8.995
v 183.204 27.316 9.339
v 183.338 27.98 9.493
v 187.531 23.864 10.38
v 183.881 23.849 8.814
v 180.411 23.322 7.425
v 186.114 21.075 8.98
v 181.31 20.062 7.269
v 177.983 20.723 6.383
v 178.859 21.423 6.735
v 184.41 18.672 7.782
v 182.339 16.255 6.747
v 179.203 17.793 6.216
v 177.292 20.205 6.211
v 180.091 14.007 5.882
v 178.185 16.769 5.88
v 175.237 18.49 5.702
v 178.7 12.964 5.532
v 174.354 13.983 5.174
v 183.884 29.9 10.198
v 182.5 30.072 9.852
v 183.206 30.428 10.205
v 184.034 30.575 10.532
v 184.4 30.763 10.715
v 184.584 30.77 10.894
v 184.572 30.762 10.888
v 184.746 30.763 10.888
v 182.323 29.032 9.504
v 180.943 29.379 9.505
v 181.822 29.735 9.685
v 180.579 28.33 8.978
v 178.677 28.156 9.495
v 180.261 29.041 9.51
v 180.6 29.208 9.506
v 183.189 28.515 9.677
v 174.888 25.227 10.193
v 174.731 25.066 10.547
v 175.417 25.58 10.371
v 181.641 27.829 8.99
v 174.015 24.357 10.707
v 173.67 24.012 10.88
v 173.869 24.203 10.894
v 174.207 24.543 10.717
v 178.328 26.425 8.63
v 175.934 26.098 10.025
v 175.585 25.058 9.332
v 182.663 27.473 8.983
v 180.954 24.03 7.782
v 174.379 24.37 9.852
v 179.397 26.102 8.127
v 176.261 24.875 8.46
v 173.011 23.17 10.205
v 173.522 23.857 11.066
v 174.87 24.178 8.974
v 180.261 25.584 7.954
v 176.984 24.551 7.785
v 173.363 23.175 9.344
v 175.432 24.035 8.132
v 172.125 22.464 10.022
v 170.743 21.427 10.194
v 181.303 25.069 8.13
v 177.844 24.03 7.437
v 173.665 22.971 8.458
v 176.271 23.672 7.428
v 172.482 22.472 9.163
v 178.694 23.502 7.085
v 174.224 22.654 7.787
v 170.913 21.425 9.675
v 169.005 20.038 8.462
v 176.962 23.154 7.083
v 172.813 22.116 8.292
v 174.887 22.289 7.082
v 171.076 21.419 8.806
v 169.871 20.039 7.771
v 177.851 22.48 6.749
v 177.495 20.226 6.226
v 173.327 21.767 7.425
v 175.61 21.619 6.579
v 171.44 21.085 7.951
v 170.768 19.889 7.096
v 173.846 21.422 6.735
v 176.263 21.074 6.214
v 171.943 20.729 7.252
v 171.426 19.52 6.561
v 174.558 20.745 6.226
v 168.342 19.885 9.512
v 168.669 19.872 8.812
v 168.171 19.886 9.168
v 167.799 19.695 9.5
v 167.485 19.544 9.862
v 176.975 20.398 6.225
v 172.302 20.22 6.567
v 172.284 18.998 5.867
v 175.22 20.033 6.039
v 172.845 19.546 6.061
v 175.772 19.365 5.883
v 173.157 17.103 5.353
v 173.501 18.83 5.698
v 172.814 18.141 5.527
v 174.012 18.133 5.521
v 173.168 17.283 5.358
v 173.19 17.299 5.369
v 173.176 17.289 5.363
v 173.001 17.46 5.361
v 172.972 17.613 5.52
v 172.818 23.156 11.232
v 173.527 23.86 11.068
v 172.309 22.644 10.546
v 170.743 21.427 10.194
v 170.216 21.076 11.746
v 171.099 21.78 11.582
v 166.237 19.171 11.916
v 167.281 19.695 11.92
v 171.933 22.45 11.395
v 171.957 22.467 11.406
v 171.952 22.291 10.712
v 169.691 20.726 11.224
v 169.182 20.559 11.92
v 169.685 20.721 10.53
v 169.21 20.406 10.033
v 168.132 20.032 11.222
v 168.335 20.053 11.928
v 168.344 20.059 10.551
v 214.107 53.908 13.125
v 213.444 56.865 12.794
v 213.608 54.44 11.753
v 214.104 51.313 12.26
v 214.107 42.156 11.916
v 212.548 54.942 10.186
v 211.372 57.731 9.857
v 213.604 51.845 10.887
v 214.123 47.525 10.887
v 211.2 55.485 8.82
v 212.545 52.521 9.32
v 214.111 42.677 11.572
v 213.453 48.058 9.515
v 209.613 55.809 7.595
v 208.254 58.244 7.607
v 211.164 53.04 7.766
v 213.623 43.562 9.686
v 212.372 48.719 7.938
v 207.891 55.986 6.734
v 206.196 58.255 6.923
v 209.639 53.407 6.744
v 213.084 44.239 8.293
v 213.278 40.971 8.823
v 210.996 49.414 6.558
v 207.895 53.742 5.872
v 212.065 45.116 6.574
v 212.73 41.642 7.425
v 205.122 55.983 6.041
v 204.09 58.06 6.735
v 204.297 53.937 5.197
v 209.46 49.947 5.359
v 212.549 37.142 7.594
v 210.645 45.781 5.173
v 211.516 42.503 5.695
v 205.159 53.935 5.195
v 207.897 50.287 4.663
v 204.283 53.926 5.189
v 211.859 37.835 6.212
v 209.128 46.499 4.155
v 210.301 43.363 4.483
v 211.371 33.363 6.4
v 210.995 29.885 7.767
v 210.647 28.846 8.112
v 210.65 38.872 4.484
v 204.96 50.806 4.145
v 204.119 49.785 3.638
v 207.399 47.017 3.464
v 208.756 44.235 3.451
v 210.674 34.05 5.015
v 210.485 30.755 5.698
v 209.457 39.92 3.283
v 207.047 44.766 2.769
v 209.616 35.245 3.449
v 209.816 31.635 4.327
v 204.627 47.531 2.942
v 207.899 40.783 2.244
v 208.241 36.287 2.07
v 208.743 32.819 2.753
v 204.271 45.45 2.245
v 202.355 41.464 0.855
v 206.164 41.469 1.55
v 206.71 37.341 1.218
v 207.389 34.049 1.385
v 206.161 20.21 5.178
v 203.941 16.427 4.673
v 203.589 42.345 1.213
v 205.118 38.179 0.509
v 205.813 35.071 0.511
v 205.668 21.265 2.944
v 204.791 17.973 4.493
v 204.296 36.135 0.011
v 204.986 22.309 1.566
v 202.563 39.243 0.182
v 200.824 37.507 -0.342
v 204.253 18.996 2.409
v 203.937 23.683 0.178
v 203.572 20.04 1.032
v 201.673 37.15 -0.35
v 198.915 33.699 -1.556
v 201.507 13.652 3.456
v 199.593 11.05 3.449
v 200.974 37.491 -0.353
v 202.715 25.23 -1.038
v 202.564 21.615 -0.509
v 200.972 14.677 1.201
v 201.352 26.625 -1.72
v 201.319 23.146 -1.564
v 200.464 15.722 -0.176
v 199.805 27.841 -2.235
v 199.946 24.535 -2.25
v 199.448 17.464 -1.549
v 197.365 10.545 0.348
v 198.555 25.912 -2.773
v 198.213 19.174 -2.598
v 196.856 11.761 -1.03
v 195.467 8.646 0.004
v 194.075 5.702 2.246
v 193.903 5.875 1.728
v 196.839 20.736 -3.285
v 195.8 13.649 -2.422
v 194.958 9.862 -1.374
v 196.142 27.818 -2.942
v 194.07 26.61 -3.287
v 193.371 6.902 -0.526
v 195.478 22.307 -3.62
v 194.788 15.395 -3.447
v 193.884 11.737 -2.776
v 192.892 8.14 -1.716
v 191.296 5.173 -0.872
v 193.577 17.122 -3.966
v 192.887 13.666 -3.792
v 191.983 10.009 -3.121
v 190.783 6.387 -2.079
v 193.211 24.366 -3.803
v 193.398 25.759 -3.623
v 193.059 25.59 -3.62
v 192.706 25.067 -3.796
v 191.85 24.209 -3.965
v 191.498 23.858 -3.969
v 191.123 23.665 -4.156
v 192.173 18.835 -4.495
v 191.651 15.549 -4.324
v 188.012 2.754 -1.218
v 190.978 12.106 -4.142
v 189.921 8.462 -3.461
v 187.507 4.145 -2.594
v 190.461 17.291 -4.66
v 189.747 13.992 -4.671
v 188.891 10.541 -4.321
v 190.103 21.257 -4.493
v 189.221 21.763 -4.502
v 182.487 -1.736 -0.005
v 181.455 -2.424 0.515
v 186.66 6.231 -3.968
v 188.559 15.735 -5.006
v 187.688 12.446 -5.009
v 188.368 19.87 -4.842
v 182.157 -0.688 -2.072
v 185.63 8.31 -4.828
v 187.678 20.562 -4.669
v 187.666 20.554 -4.675
v 186.483 14.351 -5.18
v 181.649 0.529 -3.276
v 186.469 18.489 -5.014
v 184.049 18.143 -5.187
v 184.575 10.371 -5.356
v 180.954 2.773 -4.488
v 184.57 17.281 -5.358
v 183.539 12.446 -5.528
v 184.064 18.153 -5.18
v 180.06 5.171 -5.367
v 181.637 15.556 -5.529
v 180.057 16.057 -5.541
v 179.032 7.424 -5.881
v 172.108 -5.027 -2.949
v 167.096 -7.446 -0.702
v 166.755 -5.887 -3.637
v 166.929 -6.924 -2.6
v 178.171 9.846 -6.052
v 171.965 12.795 -6.044
v 171.787 -3.627 -4.146
v 166.073 -3.116 -5.361
v 171.094 -1.382 -5.357
v 170.591 1.222 -6.04
v 165.21 1.378 -6.57
v 169.907 3.819 -6.382
v 169.012 6.563 -6.57
v 163.147 10.891 -6.392
v 193.914 49.087 13.657
v 194.081 54.268 14.173
v 193.739 53.407 16.249
v 193.74 53.407 16.422
v 193.051 45.114 12.967
v 194.053 49.409 12.604
v 193.553 47.694 12.959
v 193.884 47.857 11.914
v 194.593 49.943 10.713
v 194.609 54.966 12.104
v 193.411 46.16 12.283
v 193.577 46.501 11.242
v 194.413 48.383 10.019
v 195.645 50.472 8.82
v 196.845 56.341 9.161
v 194.268 46.847 9.341
v 195.468 48.914 8.127
v 192.711 43.562 9.859
v 195.284 47.178 7.43
v 198.581 51.335 6.054
v 200.107 57.363 7.249
v 193.407 43.738 7.96
v 191.125 40.603 9.671
v 189.257 37.861 9.514
v 198.39 49.421 5.353
v 191.483 40.784 8.64
v 194.439 43.908 6.057
v 198.238 47.708 4.673
v 192.185 40.792 6.571
v 202.198 51.845 4.665
v 203.908 48.894 3.447
v 189.562 38.005 8.457
v 189.779 38.209 7.442
v 202.017 49.765 3.97
v 193.234 40.8 4.85
v 197.383 44.085 3.295
v 190.631 38.027 5.362
v 201.841 47.689 3.104
v 186.482 34.743 6.745
v 183.697 32.655 6.735
v 191.654 37.845 3.454
v 196.152 40.613 2.074
v 186.807 34.556 5.524
v 185.633 33.89 6.234
v 201.009 43.909 1.737
v 201.835 39.908 0.336
v 185.979 33.89 5.197
v 187.504 34.214 3.626
v 184.059 32.667 5.706
v 194.581 37.146 0.857
v 186.631 33.344 3.276
v 184.208 32.65 4.657
v 199.773 39.916 0.515
v 188.705 33.862 1.894
v 182.176 31.642 5.196
v 187.86 32.839 1.558
v 185.098 32.15 2.596
v 182.52 31.469 4.159
v 181.273 31.27 4.831
v 178.52 30.241 5.356
v 181.46 31.107 3.801
v 198.043 36.286 -0.696
v 196.317 29.548 -2.596
v 186.285 31.443 0.857
v 183.346 30.923 2.066
v 191.502 32.675 -0.683
v 182.348 30.432 1.913
v 190.608 31.444 -1.043
v 184.379 30.057 0.336
v 183.545 29.386 0.178
v 189.076 29.733 -1.55
v 194.926 31.097 -2.254
v 175.228 29.198 3.969
v 171.787 28.69 4.668
v 193.894 29.718 -2.598
v 175.597 28.869 2.944
v 187.14 27.98 -2.086
v 186.277 27.289 -2.431
v 176.256 27.81 0.854
v 192.351 27.826 -3.11
v 172.121 28.51 3.625
v 172.279 28.154 2.581
v 170.551 28.327 3.618
v 177.299 26.432 -0.698
v 190.283 25.756 -3.625
v 188.214 21.093 -4.66
v 170.762 28.008 2.6
v 173.146 26.946 0.681
v 189.42 24.893 -3.797
v 169.029 28.177 3.462
v 169.182 27.645 2.415
v 171.629 26.627 0.528
v 174.019 25.57 -1.042
v 179.895 23.496 -3.289
v 169.882 26.441 0.518
v 172.454 25.044 -1.22
v 170.749 24.715 -1.208
v 176.264 21.939 -3.636
v 182.653 20.034 -4.848
v 177.161 14.704 -5.693
v 162.78 27.467 3.275
v 159.701 27.316 4.155
v 159.698 26.968 2.598
v 174.568 21.443 -3.62
v 162.972 27.135 2.248
v 160.053 26.111 1.047
v 172.842 20.926 -3.791
v 163.322 25.582 0.349
v 160.375 24.539 -0.519
v 178.852 18.134 -5.193
v 176.961 17.277 -5.188
v 164.028 23.691 -1.372
v 161.23 20.212 -3.462
v 174.884 16.584 -5.362
v 165.365 19.166 -3.987
v 166.752 14.33 -5.713
v 163.149 10.892 -6.391
v 189.255 19.54 16.426
v 189.781 20.928 16.257
v 189.937 20.744 16.767
v 188.359 18.308 15.719
v 189.562 19.34 16.925
v 190.117 20.749 17.116
v 190.274 20.565 17.281
v 188.899 18.842 16.421
v 188.744 17.99 16.603
v 188.559 18.155 16.079
v 189.925 19.007 17.28
v 190.628 20.398 17.459
v 190.774 20.206 17.445
v 190.99 20.237 17.467
v 189.585 17.456 17.11
v 189.063 18.663 16.762
v 188.907 17.811 16.771
v 189.578 18.315 17.106
v 189.06 17.624 16.934
v 189.435 31.816 16.257
v 190.263 31.445 16.93
v 189.945 31.464 16.599
v 189.588 31.456 16.247
v 190.285 31.979 16.941
v 189.419 31.977 16.249
v 189.419 32.15 16.249
v 191.119 31.439 17.445
v 190.258 31.614 16.928
v 190.809 31.118 17.117
v 191.144 31.111 17.457
v 191.159 30.603 17.465
v 191.321 30.595 17.632
v 191.836 30.42 17.976
v 191.634 29.535 17.788
v 191.5 29.217 17.462
v 192.163 29.024 18.139
v 191.822 26.09 17.796
v 191.119 24.872 17.099
v 192.156 25.045 18.136
v 191.477 24.708 17.624
v 189.781 20.928 16.257
v 190.451 20.395 17.284
v 190.118 20.577 17.117
v 189.919 20.731 16.931
v 189.943 20.92 16.597
v 189.76 20.913 16.419
v 184.224 31.106 12.442
v 183.89 30.423 12.275
v 183.872 30.928 12.266
v 183.882 31.281 12.098
v 183.864 31.614 11.916
v 185.09 31.28 13.134
v 187.855 31.799 15.208
v 189.419 32.15 16.249
v 189.423 31.807 16.251
v 189.572 31.618 16.239
v 203.414 39.233 23.506
v 199.268 50.468 26.444
v 201.698 50.302 27.141
v 204.077 50.447 27.467
v 192.34 28.336 18.142
v 199.438 28.345 19.876
v 192.37 28.012 18.157
v 192.342 25.227 18.143
v 194.958 22.479 18.327
v 192.194 28.873 18.155
v 192.021 29.737 18.155
v 191.835 22.47 17.803
v 191.635 30.573 17.789
v 181.107 33.002 6.217
v 182.488 31.273 11.055
v 181.124 30.768 10.546
v 161.428 20.057 12.796
v 165.052 19.189 13.484
v 164.331 18.65 13.469
v 163.848 18.156 13.66
v 163.306 17.448 13.648
v 163.292 17.438 13.641
v 163.292 17.265 13.641
v 163.155 17.291 13.659
v 163.16 17.121 13.834
v 162.981 16.599 13.831
v 162.616 14.338 13.994
v 160.376 25.058 10.023
v 166.092 19.71 13.313
v 195.799 44.756 21.945
v 195.823 50.821 23.858
v 193.397 46.151 19.016
v 193.201 51.838 20.387
v 192.537 47.018 17.117
v 190.259 42.329 11.398
v 192.009 47.53 14.001
v 192.351 53.23 16.419
v 193.749 37.341 19.192
v 191.15 39.41 16.25
v 191.291 33.167 17.445
v 191.505 30.949 17.811
v 191.31 31.279 17.626
v 191.12 31.44 17.445
v 191.116 31.437 17.443
v 190.955 31.618 17.449
v 190.782 31.791 17.276
v 190.789 31.796 17.28
v 190.638 31.983 17.118
v 190.434 31.962 17.102
v 190.467 31.985 16.946
v 190.264 32.137 16.931
v 190.105 32.146 16.765
v 189.953 32.161 16.603
v 189.778 32.16 16.602
v 190.265 40.433 14.166
v 188.57 39.419 9.862
v 188.916 35.79 14.529
v 186.498 31.989 14.011
v 188.017 36.975 12.437
v 185.8 36.132 7.959
v 186.129 36.466 8.296
v 187.335 37.846 8.986
v 183.54 33.012 10.372
v 183.012 34.043 6.738
v 185.288 35.791 7.789
v 185.276 31.808 12.968
v 183.864 31.614 11.916
v 178.531 30.422 9.163
v 175.937 31.112 5.015
v 179.724 30.064 10.364
v 178.155 29.018 10.531
v 173.175 26.793 10.719
v 175.419 26.792 11.409
v 174.379 25.753 11.926
v 173.863 25.236 12.1
v 173.317 24.698 12.259
v 172.128 23.33 12.788
v 172.323 28.876 8.479
v 167.097 25.909 10.359
v 170.596 22.137 13.146
v 166.431 28.001 8.125
v 159.533 28.702 5.022
v 159.519 28.865 4.151
v 159.882 27.322 7.961
v 159.688 28.171 6.568
v 190.126 18.335 15.738
v 190.445 19.008 15.898
v 194.939 22.638 16.762
v 189.928 17.972 15.726
v 189.929 17.8 15.553
v 189.741 17.616 15.546
v 189.78 17.644 15.566
v 172.818 23.156 11.232
v 173.519 23.854 11.064
v 173.527 23.86 11.068
v 165.032 9.152 12.61
v 165.218 9.161 12.789
v 165.405 8.825 12.624
v 164.869 8.986 12.615
v 164.886 8.997 12.624
v 165.383 8.464 12.613
v 164.719 9.002 12.627
v 165.368 8.454 12.605
v 164.546 8.829 12.627
v 165.396 8.3 12.619
v 164.363 8.822 12.621
v 164.169 8.807 12.611
v 164.002 8.811 12.614
v 163.32 8.99 12.446
v 163.657 9.329 12.614
v 163.858 9.004 12.628
v 163.822 8.805 12.61
v 163.333 8.999 12.452
v 163.994 11.051 12.782
v 164.692 11.402 12.959
v 164.547 11.248 12.799
v 162.947 9.489 12.432
v 163.333 9.863 12.625
v 162.599 10.179 12.604
v 163.123 10.529 12.606
v 163.165 10.558 12.627
v 163.15 10.375 12.62
v 163.126 10.358 12.608
v 162.605 11.047 12.606
v 163.15 10.72 12.62
v 163.15 10.72 12.619
v 162.602 11.736 12.605
v 163.504 10.899 12.797
v 163.487 10.887 12.788
v 163.486 10.886 12.788
v 163.313 10.886 12.615
v 162.809 12.106 12.622
v 163.682 10.902 12.799
v 162.812 12.108 12.624
v 162.776 12.256 12.606
v 162.775 12.428 12.605
v 164.526 13.826 12.789
v 162.973 13.828 12.617
v 162.818 16.951 12.281
v 164.89 18.678 12.107
v 164.52 16.069 12.613
v 162.621 18.49 11.75
v 162.301 19.199 11.59
v 203.388 45.955 24.184
v 201.836 50.796 25.741
v 204.091 50.975 26.091
v 203.414 39.579 21.951
v 203.403 43.892 23.5
v 200.479 46.321 23.68
v 199.929 50.965 25.047
v 202.895 40.961 22.469
v 200.459 44.406 22.979
v 198.746 46.49 22.813
v 196.841 51.327 22.985
v 198.58 44.767 22.126
v 199.936 41.637 21.939
v 196.305 47.167 20.902
v 198.051 42.167 21.084
v 196.161 45.631 20.398
v 195.101 47.862 19.349
v 194.582 52.182 19.868
v 200.278 32.303 19.518
v 199.272 28.523 18.324
v 194.749 48.203 18.482
v 198.58 36.299 20.052
v 194.945 46.319 18.839
v 195.63 43.203 19.355
v 194.226 48.718 17.097
v 193.74 53.407 16.422
v 194.444 46.676 17.984
v 198.915 29.551 18.664
v 196.657 37.147 19.349
v 193.905 49.081 16.245
v 197.353 33.695 19.006
v 198.417 28.701 18.328
v 194.415 43.891 17.797
v 193.922 47.192 16.599
v 193.88 44.398 16.924
v 193.724 47.52 15.55
v 195.641 34.742 18.323
v 196.173 31.123 18.157
v 193.735 47.873 14.518
v 193.543 47.514 13.99
v 193.381 44.93 15.551
v 194.096 38.552 17.637
v 195.638 30.42 17.976
v 192.852 26.776 16.756
v 192.862 28.511 16.761
v 192.536 30.253 16.598
v 193.193 45.265 14.68
v 191.659 41.651 11.407
v 195.471 24.375 17.115
v 192.363 23.513 16.425
v 192.699 25.235 16.593
v 194.264 32.327 17.462
v 192.854 39.566 16.066
v 193.041 36.293 16.764
v 193.751 31.639 17.292
v 192.198 30.95 16.429
v 191.675 31.638 16.081
v 192.333 40.083 15.2
v 193.216 22.123 16.592
v 191.141 20.394 16.073
v 191.827 21.946 16.243
v 191.806 37.485 15.196
v 191.843 40.794 13.659
v 191.816 34.208 15.892
v 191.319 38.025 14.175
v 191.327 33.538 15.561
v 190.959 31.967 15.55
v 190.272 31.969 15.034
v 191.662 41.134 12.791
v 190.467 35.441 14.354
v 191.473 41.295 11.573
v 190.8 38.716 12.792
v 190.104 34.911 13.999
v 188.875 31.787 13.99
v 189.938 36.126 13.312
v 190.448 39.23 11.752
v 189.604 35.442 13.144
v 190.452 39.406 10.717
v 189.747 38.532 9.846
v 189.417 36.815 11.928
v 188.883 36.285 11.574
v 189.231 37.324 10.884
v 188.727 36.816 10.546
v 187.188 35.445 8.134
v 187.529 31.985 12.625
v 187.521 31.461 12.967
v 186.116 31.099 11.919
v 188.565 36.996 9.341
v 188.554 36.988 8.99
v 187.008 32.674 11.76
v 186.317 33.539 10.205
v 185.098 31.113 11.064
v 185.432 30.932 11.404
v 184.746 30.763 10.888
v 186.133 34.049 8.989
v 186.285 34.553 7.769
v 186.669 34.926 7.961
v 184.394 32.141 9.502
v 184.034 30.575 10.532
v 183.206 30.428 10.205
v 184.04 32.481 8.289
v 181.829 31.641 6.232
v 183.886 32.839 7.088
v 183.864 32.652 6.732
v 180.963 30.085 8.478
v 181.822 29.735 9.685
v 180.261 29.041 9.51
v 180.616 30.775 7.441
v 177.847 29.044 7.957
v 178.677 28.156 9.495
v 177.334 27.147 9.688
v 176.089 27.123 9.325
v 175.934 26.098 10.025
v 177.468 29.539 6.731
v 174.205 25.579 10.025
v 175.417 25.58 10.371
v 174.731 25.066 10.547
v 174.207 24.543 10.717
v 177.323 29.905 5.708
v 176.289 29.561 5.191
v 175.422 28.349 7.609
v 173.317 25.389 10.012
v 173.671 26.605 9.153
v 175.089 29.049 6.578
v 172.455 25.218 10.014
v 171.957 22.467 11.406
v 172.825 26.445 8.989
v 173.155 27.817 7.426
v 172.11 26.256 8.977
v 172.286 27.813 7.423
v 172.823 28.517 6.396
v 171.452 27.662 7.266
v 168.318 21.942 11.229
v 170.216 21.076 11.746
v 169.182 20.559 11.92
v 168.335 20.053 11.928
v 167.303 19.71 11.931
v 171.932 28.325 6.209
v 171.085 28.338 6.218
v 162.953 13.987 12.608
v 167.464 24.368 9.678
v 167.104 25.568 8.634
v 164.874 21.432 10.889
v 166.241 19.175 11.919
v 165.573 19.018 11.93
v 163.488 21.257 10.888
v 162.127 19.889 11.244
v 160.876 24.008 8.977
v 166.585 26.95 7.078
v 164.196 24.034 9.514
v 166.447 27.666 5.886
v 163.812 25.043 8.457
v 162.956 23.84 9.326
v 162.606 25.046 8.459
v 160.203 26.095 7.085
v 163.476 26.606 6.907
v 163.128 27.295 5.869
v 162.124 26.454 6.922
v 161.925 27.127 5.872
v 161.78 27.492 4.676
v 160.038 26.965 5.706
v 159.88 26.975 5.887
v 159.666 27.291 4.829
v 159.837 27.291 4.655
v 159.706 27.32 4.331
v 159.837 27.291 4.31
v 218.62 0.001 105.421
v 221.186 -12.633 109.383
v 220.331 -11.935 105.067
v 217.768 -11.569 101.28
v 219.497 2.776 111.131
v 214.121 -0.175 100.753
v 213.952 -11.406 98.681
v 207.729 -0.692 99.026
v 209.435 -11.768 97.632
v 204.953 -12.451 98.502
v 202.363 -1.39 100.404
v 201.149 -13.144 100.92
v 198.219 -2.078 104.38
v 198.559 -14.179 104.551
v 197.696 -15.042 109.045
v 195.475 6.405 110.785
v 213.261 51.846 96.952
v 210.856 55.832 91.948
v 213.265 57.725 95.399
v 213.774 59.792 99.369
v 209.094 49.586 92.449
v 207.212 54.266 89.521
v 202.886 48.386 90.901
v 198.214 53.394 89.343
v 202.899 53.407 88.661
v 197.351 48.383 92.281
v 194.228 54.077 91.584
v 193.031 49.42 95.738
v 191.84 42.866 104.907
v 190.295 57.217 99.036
v 191.492 55.48 95.055
v 217.576 8.811 105.764
v 217.947 18.333 110.788
v 216.021 13.477 103.863
v 216.354 20.554 105.066
v 216.195 23.501 104.728
v 211.701 22.464 99.888
v 197.858 2.231 104.545
v 215.312 30.747 103.336
v 215.832 39.562 106.966
v 198.378 8.627 102.991
v 213.61 37.332 99.892
v 196.66 13.992 104.379
v 193.202 27.816 108.699
v 195.783 21.241 103.508
v 200.141 21.095 99.725
v 213.961 44.94 99.549
v 195.635 24.023 103.175
v 193.929 30.088 103.877
v 194.774 31.284 101.621
v 193.404 45.292 97.48
v 212.403 6.227 100.412
v 207.033 6.909 99.196
v 211.162 17.611 99.878
v 205.472 21.595 98.329
v 206.178 14.346 99.028
v 211.376 25.935 99.38
v 212.247 29.742 99.556
v 210.138 29.198 98.156
v 204.097 29.204 96.95
v 199.604 26.093 98.851
v 211.03 43.389 95.751
v 203.084 38.207 94.543
v 208.786 42.7 94.542
v 209.443 46.305 93.834
v 198.24 39.759 95.404
v 203.259 33.025 96.099
v 197.544 46.323 92.983
v 211.862 12.086 100.228
v 206.509 10.88 99.193
v 199.974 12.285 101.11
v 200.834 14.01 100.417
v 208.916 34.893 96.595
v 208.923 37.49 95.907
v 207.031 35.941 95.566
v 198.562 31.966 97.812
v 193.929 40.802 99.038
v 218.292 -1.023 109.232
v 218.102 2.594 111.125
v 219.646 -12.795 109.391
v 219.149 -12.261 106.118
v 217.935 -1.031 107.326
v 217.046 -1.048 105.412
v 217.077 -11.741 102.663
v 215.673 -1.041 103.689
v 214.141 -1.026 102.318
v 214.114 -11.759 100.403
v 217.216 5.69 107.658
v 216.566 17.816 110.789
v 212.029 -1.225 101.262
v 211.002 -11.933 99.193
v 216.37 5.702 105.765
v 209.969 -1.388 100.577
v 214.973 5.519 104.03
v 207.882 -1.57 100.398
v 207.923 -12.256 99.209
v 213.429 5.355 102.653
v 205.981 -1.743 100.744
v 205.116 -12.631 100.052
v 211.372 5.193 101.624
v 204.273 -1.901 101.273
v 209.306 5.026 100.937
v 203.04 -2.09 101.779
v 202.914 -13.119 101.457
v 207.203 4.833 100.75
v 202.036 -2.24 102.487
v 205.288 4.477 100.916
v 200.637 -2.598 103.688
v 200.8 -13.665 103.511
v 203.583 4.321 101.446
v 199.427 -2.771 105.416
v 199.592 -14.355 106.104
v 202.378 4.324 102.139
v 215.318 23.665 106.622
v 215.32 28.678 109.388
v 198.579 -3.105 107.325
v 199.274 -14.854 109.056
v 201.313 4.132 102.817
v 214.468 23.329 104.728
v 199.965 3.983 104.044
v 196.819 6.724 110.939
v 195.82 17.638 110.267
v 213.257 22.983 102.999
v 198.756 3.811 105.773
v 211.543 22.647 101.624
v 197.87 3.622 107.662
v 209.627 22.291 100.579
v 197.37 3.636 109.746
v 207.581 21.965 99.902
v 205.505 21.791 99.728
v 203.567 21.592 99.882
v 201.876 21.445 100.593
v 200.621 21.413 101.088
v 199.603 21.427 101.789
v 198.028 21.413 102.989
v 196.834 21.597 104.552
v 213.089 50.464 101.446
v 212.38 59.612 99.364
v 214.292 39.227 106.973
v 213.454 46.157 103.011
v 195.975 21.6 106.456
v 194.786 28.354 108.713
v 212.745 49.774 99.719
v 213.102 45.462 101.28
v 212.728 53.565 100.229
v 212.032 58.4 96.943
v 211.878 48.908 97.989
v 212.38 44.749 99.536
v 212.388 52.878 98.504
v 211.015 57.032 94.533
v 210.676 48.223 96.438
v 211.199 44.078 97.996
v 209.434 43.534 96.594
v 211.538 52.023 96.782
v 209.088 47.509 95.039
v 210.488 51.323 95.221
v 208.605 55.483 91.773
v 207.234 47.023 94.025
v 207.577 42.873 95.579
v 205.49 42.519 95.055
v 208.765 50.635 93.841
v 205.152 46.499 93.503
v 206.862 49.942 92.803
v 204.974 54.445 90.217
v 203.079 46.327 93.331
v 203.406 42.338 94.877
v 204.776 49.588 92.278
v 201.144 46.13 93.486
v 201.497 42.16 95.045
v 199.783 42.17 95.571
v 202.714 49.251 92.111
v 201.185 53.935 90.05
v 199.267 46.147 94.017
v 200.795 49.066 92.275
v 198.231 46.32 94.536
v 198.592 42.183 96.099
v 197.371 42.348 96.785
v 197.038 46.505 95.236
v 199.075 49.244 92.797
v 197.9 54.107 90.914
v 197.869 49.247 93.318
v 195.634 46.663 96.434
v 195.999 42.701 98
v 194.775 43.036 99.548
v 196.653 49.415 94.006
v 195.09 54.594 92.619
v 193.209 44.239 103.345
v 193.735 43.553 101.275
v 193.2 43.196 104.895
v 194.429 47.184 97.992
v 195.27 49.76 95.215
v 193.4 47.881 99.725
v 194.055 50.275 96.596
v 192.863 55.818 95.567
v 192.844 48.546 101.779
v 191.837 57.381 99.029
v 193.059 50.995 98.517
v 192.518 51.671 100.407
v 214.123 30.761 104.383
v 213.089 41.651 101.619
v 196.683 24.55 104.045
v 196.348 24.557 104.568
v 195.632 35.255 101.618
v 211.729 26.286 101.458
v 210.82 26.081 100.744
v 208.446 31.47 98.693
v 209.784 36.451 98.325
v 199.964 28.177 99.896
v 199.112 38.555 97.309
v 213.437 37.85 102.484
v 205.486 35.257 97.126
v 204.112 37.164 96.439
v 198.057 -3.453 111.644
v 197.525 0.34 110.774
v 199.274 -14.854 109.056
v 199.974 -15.366 113.035
v 198.39 -3.635 113.712
v 199.284 -3.613 115.801
v 202.045 -15.714 116.144
v 200.456 -3.64 117.337
v 201.853 -3.63 118.727
v 204.625 -15.895 118.212
v 197.716 3.636 114.066
v 195.995 15.739 110.441
v 203.062 -3.63 119.591
v 204.122 -3.442 120.12
v 207.889 -15.736 119.239
v 198.555 3.618 116.128
v 205.838 -3.278 120.633
v 199.786 3.806 117.694
v 207.715 -3.121 120.967
v 211.721 -15.197 119.254
v 200.966 3.785 119.061
v 202.184 3.964 119.929
v 209.789 -2.948 120.794
v 203.246 3.981 120.46
v 211.864 -2.775 120.276
v 215.348 -14.68 117.698
v 204.975 4.155 120.979
v 213.953 -2.418 119.247
v 206.844 4.478 121.309
v 215.515 -2.068 117.867
v 218.093 -13.83 114.75
v 208.918 4.651 121.136
v 216.894 -1.898 116.31
v 211.204 4.851 120.637
v 217.75 -1.558 114.405
v 219.303 -13.312 112.157
v 195.83 22.484 113.037
v 194.956 26.451 109.057
v 213.066 4.997 119.581
v 218.295 -1.366 112.69
v 219.646 -12.795 109.391
v 217.431 8.83 111.308
v 214.793 5.341 118.198
v 216.203 5.534 116.656
v 217.041 5.515 114.742
v 217.571 5.696 113.02
v 192.69 49.25 103.863
v 191.837 57.381 99.029
v 193.928 37.173 106.642
v 193.057 44.945 105.429
v 215.67 24.361 111.81
v 216.209 19.709 110.61
v 215.159 30.415 109.049
v 215.161 24.54 113.715
v 193.049 50.124 105.771
v 193.375 45.617 107.489
v 192.366 52.549 102.491
v 192.19 58.769 101.798
v 193.712 50.968 107.657
v 194.265 46.326 109.23
v 192.712 53.414 104.392
v 194.919 51.658 109.212
v 195.267 46.993 110.768
v 193.386 54.266 106.285
v 193.203 59.962 104.206
v 196.152 52.193 110.433
v 196.683 47.535 112.167
v 194.608 54.966 107.846
v 194.947 61.182 106.287
v 197.345 52.699 111.116
v 197.886 48.049 112.855
v 198.233 52.889 111.646
v 198.743 48.216 113.37
v 195.783 55.633 109.039
v 199.942 53.394 112.155
v 200.455 48.551 113.88
v 197.01 56.163 109.738
v 197.21 62.058 107.505
v 197.877 56.338 110.258
v 202.038 53.582 112.511
v 202.35 48.893 114.223
v 204.446 49.081 114.234
v 199.63 56.874 110.789
v 199.79 62.741 108.363
v 204.083 53.735 112.497
v 201.679 57.029 111.122
v 203.072 63.085 108.362
v 206.195 53.761 111.998
v 206.687 49.077 113.713
v 203.75 57.2 110.948
v 208.232 53.563 110.943
v 208.609 49.092 112.686
v 205.815 57.194 110.598
v 206.34 62.901 107.49
v 209.955 53.386 109.73
v 210.335 48.744 111.475
v 213.263 47.182 106.286
v 212.739 47.869 108.011
v 213.773 45.275 105.245
v 207.913 57.038 109.573
v 209.299 62.225 105.427
v 211.342 52.871 108.177
v 211.68 48.373 109.729
v 209.627 56.682 108.356
v 212.406 52.371 106.462
v 210.994 56.153 106.793
v 211.508 60.989 102.471
v 212.934 51.687 104.739
v 212.38 59.612 99.364
v 212.04 55.641 105.069
v 212.545 54.94 103.335
v 197.714 9.856 115.621
v 198.073 14.359 116.664
v 196.661 19.522 114.921
v 197.694 23.149 116.475
v 196.494 22.81 114.924
v 196.134 25.047 114.053
v 195.1 29.197 111.808
v 196.848 28.519 115.447
v 199.093 23.506 117.865
v 200.291 23.844 118.724
v 195.452 30.584 113.194
v 195.998 30.949 113.899
v 196.482 36.627 114.054
v 194.404 42.328 110.077
v 194.745 42.67 110.939
v 195.275 44.234 111.463
v 214.295 27.996 114.06
v 212.75 24.892 117.176
v 214.121 24.711 115.442
v 212.745 34.912 114.236
v 213.066 39.734 111.458
v 201.861 9.51 119.941
v 202.73 14.525 120.462
v 200.818 19.356 119.419
v 201.153 24.015 119.241
v 202.891 24.195 119.765
v 204.287 32.499 118.734
v 204.779 24.359 120.104
v 209.282 30.068 118.38
v 207.022 24.702 120.102
v 209.099 24.704 119.412
v 210.997 24.875 118.547
v 203.4 40.779 116.822
v 203.925 36.636 117.862
v 206.866 44.587 115.271
v 208.07 42.164 115.614
v 209.467 44.766 113.72
v 207.708 9.662 121.309
v 208.94 14.863 120.802
v 206.69 19.699 120.627
v 199.426 31.793 117.341
v 208.744 36.104 116.988
v 215.516 9.857 117.004
v 215.168 11.929 117.003
v 216.046 14.704 114.936
v 214.471 17.628 116.654
v 214.458 20.039 116.302
v 202.194 -2.942 120.799
v 201.177 -16.062 117.352
v 204.947 -16.085 119.928
v 207.533 -2.436 122.518
v 209.455 -15.901 120.8
v 213.935 -15.22 120.102
v 213.946 -1.732 121.144
v 217.775 -14.329 117.701
v 218.444 -0.865 116.481
v 220.322 -13.497 113.876
v 221.186 -12.633 109.383
v 218.947 8.803 111.288
v 198.231 -6.218 116.138
v 196.131 0.331 110.768
v 197.696 -15.042 109.045
v 198.577 -15.722 113.546
v 198.034 -1.395 116.991
v 196.317 4.488 115.268
v 194.417 15.722 110.429
v 197.18 6.734 117.168
v 197.706 12.443 118.728
v 203.242 10.891 122.187
v 199.445 23.856 119.943
v 195.797 19.696 116.304
v 210.82 7.071 122.347
v 194.256 25.754 113.546
v 192.347 36.982 106.629
v 209.263 11.39 122.518
v 217.94 3.984 116.661
v 207.709 15.885 122.519
v 204.804 24.722 121.672
v 211.175 25.051 120.105
v 216.044 10.9 118.564
v 197.344 29.022 118.028
v 194.61 30.945 114.587
v 196.493 31.624 116.825
v 216.559 16.947 116.488
v 216.36 19.521 116.13
v 216.739 30.259 109.234
v 215.841 24.878 115.611
v 203.418 38.026 119.077
v 192.184 49.087 107.844
v 190.295 57.217 99.036
v 215.483 27.98 115.087
v 212.206 32.651 117.682
v 193.207 53.743 109.047
v 193.237 61.195 106.642
v 190.986 59.291 103.184
v 193.229 49.956 109.749
v 194.59 50.632 111.466
v 195.284 54.782 110.777
v 201.355 63.611 109.923
v 196.827 62.723 109.042
v 214.658 35.957 113.551
v 212.718 36.449 116.124
v 215.691 34.054 112.166
v 215.168 45.284 105.251
v 202.195 50.978 115.096
v 209.295 58.075 110.091
v 209.797 62.902 106.973
v 205.827 63.596 109.221
v 212.386 54.777 108.353
v 213.774 59.792 99.369
v 211.716 57.384 107.845
v 212.573 61.527 103.521
v 210.817 55.286 110.075
v 211.891 14.872 121.326
v 213.583 14.328 120.271
v 193.57 34.572 112.339
v 212.937 16.607 120.467
v 212.731 17.966 120.45
v 214.301 17.631 119.248
v 195.823 38.033 115.453
v 202.741 44.604 117.184
v 192.698 43.898 109.742
v 195.454 41.3 114.577
v 195.093 44.4 113.533
v 208.26 37.51 118.561
v 208.066 40.779 117.686
v 212.052 42.861 114.408
v 207.045 50.468 114.756
v 211.714 45.976 113.375
v 206.696 53.576 113.544
v 211.374 49.092 112.341
v 207.536 45.61 116.298
v 189.4 68.256 91.589
v 191.492 55.48 95.055
v 190.295 57.217 99.036
v 215.494 54.775 19.177
v 215.875 55.837 16.602
v 214.451 67.387 22.803
v 192.351 53.23 16.419
v 193.198 51.836 20.385
v 191.486 61.006 19.875
v 192.353 53.231 16.247
v 211.724 69.487 85.21
v 212.037 79.315 81.046
v 212.754 71.902 90.737
v 213.238 66.175 95.559
v 207.577 65.513 82.099
v 210.856 55.832 91.948
v 207.212 54.266 89.521
v 211.369 73.974 78.984
v 211.857 84.149 68.772
v 201.334 63.77 80.879
v 202.899 53.407 88.661
v 198.214 53.394 89.343
v 207.192 69.46 76.549
v 195.819 64.299 81.751
v 194.228 54.077 91.584
v 201.152 67.565 75.69
v 210.995 79.139 64.626
v 211.894 85.212 57.039
v 195.445 68.253 76.379
v 207.036 74.138 63.769
v 200.794 71.877 63.413
v 211.365 78.464 49.257
v 212.411 82.618 43.904
v 207.386 73.45 50.292
v 201.159 71.199 50.634
v 212.42 71.91 35.44
v 213.249 76.552 32.312
v 208.232 67.734 38.185
v 213.454 63.958 27.316
v 212.224 52.538 24.541
v 214.458 53.739 21.769
v 202.019 65.839 38.881
v 209.098 60.649 30.927
v 208.593 51.327 26.787
v 202.912 58.946 32.155
v 200.978 50.282 26.954
v 204.077 50.447 27.467
v 197.36 59.277 30.762
v 198.418 50.478 25.933
v 196.51 66.545 37.854
v 213.098 61.013 94.192
v 213.774 59.792 99.369
v 213.265 57.725 95.399
v 191.474 65.491 85.713
v 192.515 68.605 79.667
v 190.273 68.781 84.854
v 188.696 75.851 82.25
v 191.295 68.943 81.736
v 191.14 71.03 78.634
v 189.742 74.475 76.206
v 188.389 81.236 69.827
v 190.946 73.607 73.438
v 192.175 73.448 69.991
v 195.299 72.766 63.604
v 190.775 75.855 66.181
v 189.601 78.126 63.779
v 188.382 82.787 57.899
v 190.797 76.562 61.18
v 192.348 75.176 57.203
v 195.642 72.246 50.123
v 190.967 76.387 53.574
v 189.916 77.76 50.802
v 188.878 80.697 44.753
v 191.322 75.184 47.876
v 192.888 72.426 44.252
v 191.659 72.413 40.959
v 190.631 73.456 38.717
v 189.56 75.506 33.688
v 191.995 69.813 36.288
v 191.133 69.47 32.66
v 190.598 67.902 24.874
v 192.34 66.702 32.485
v 193.91 63.947 31.802
v 192.863 62.558 28.513
v 193.237 59.639 26.28
v 195.612 50.968 23.666
v 191.99 62.206 25.743
v 212.05 61.696 96.433
v 211.72 66.028 95.577
v 212.38 59.612 99.364
v 211.872 58.064 96.431
v 211.724 60.673 94.715
v 210.82 59.608 93.14
v 210.162 56.348 93.329
v 211.682 65.483 93.83
v 209.619 58.75 91.589
v 211.518 66.872 92.797
v 211.202 71.732 90.911
v 211.36 64.462 92.286
v 208.091 57.905 90.393
v 207.362 55.114 91.065
v 211.19 65.674 91.424
v 210.514 63.265 90.74
v 206.191 57.215 89.529
v 204.272 54.264 90.038
v 210.484 64.454 89.861
v 209.469 62.223 89.354
v 204.118 56.697 88.838
v 209.275 63.245 88.652
v 207.753 61.195 88.323
v 202.033 56.344 88.66
v 201.173 53.927 90.045
v 207.746 62.226 87.455
v 210.824 70.153 87.266
v 206.024 60.329 87.285
v 211.01 73.619 86.235
v 210.684 79.163 81.233
v 200.127 56.34 89.003
v 198.384 54.083 90.724
v 205.812 61.339 86.575
v 210.15 68.783 86.065
v 203.943 59.806 86.936
v 210.662 72.062 85.025
v 198.4 56.341 89.349
v 203.762 60.838 86.068
v 208.931 67.394 84.85
v 201.866 59.458 86.762
v 209.996 70.697 83.827
v 197.183 56.509 89.864
v 195.957 54.424 91.93
v 201.694 60.496 85.898
v 207.402 66.202 83.826
v 199.761 59.437 86.919
v 195.97 56.852 90.554
v 208.785 69.141 82.79
v 199.76 60.473 86.054
v 205.507 65.169 83.138
v 198.051 59.622 87.274
v 194.596 57.376 91.595
v 193.887 55.117 94.005
v 207.215 67.921 81.746
v 196.851 59.802 87.797
v 197.877 60.658 86.582
v 203.386 64.446 82.596
v 193.382 57.892 92.975
v 192.532 56.173 96.266
v 205.32 66.888 81.057
v 195.807 60.143 88.312
v 196.842 60.832 86.928
v 201.336 64.289 82.435
v 192.36 58.766 94.711
v 191.837 57.381 99.029
v 195.648 61.189 87.628
v 203.434 66.207 80.719
v 210.485 80.008 75.344
v 210.335 83.827 68.962
v 194.235 60.649 89.341
v 199.417 64.277 82.599
v 194.255 61.873 88.487
v 201.17 65.85 80.538
v 210.163 78.297 74.665
v 193.043 61.526 90.732
v 197.546 64.471 82.96
v 192.882 62.744 89.874
v 199.245 65.833 80.699
v 209.454 76.556 73.965
v 191.983 62.547 92.276
v 196.482 64.798 83.465
v 191.825 63.767 91.246
v 195.292 65.157 83.82
v 197.545 66.198 81.058
v 208.444 74.847 73.287
v 196.345 66.55 81.409
v 191.159 65.167 92.987
v 190.807 68.446 91.601
v 193.717 66.007 84.675
v 206.843 73.26 72.573
v 195.119 67.058 81.919
v 192.5 67.039 85.881
v 204.985 72.253 72.249
v 193.713 67.733 82.599
v 210.144 80.876 65.842
v 191.463 68.249 87.09
v 202.9 71.381 71.898
v 210.329 83.132 63.083
v 210.515 85.041 57.04
v 192.351 68.957 83.646
v 190.108 76.736 81.228
v 209.455 78.977 65.497
v 200.823 71.033 71.896
v 210.171 81.241 62.918
v 191.309 70.336 84.853
v 208.235 77.068 65.146
v 198.922 71.033 71.896
v 209.448 79.318 62.729
v 206.671 75.507 64.969
v 197.027 71.383 72.072
v 208.255 77.601 62.564
v 204.964 74.312 64.807
v 195.818 71.902 72.418
v 206.691 75.866 62.387
v 194.775 72.416 72.588
v 202.894 73.623 64.636
v 204.978 74.667 62.222
v 193.193 73.435 73.093
v 200.837 73.29 64.645
v 202.899 73.972 62.046
v 191.817 74.822 73.615
v 198.727 73.264 64.627
v 200.798 73.608 62.033
v 190.785 76.553 74.308
v 189.935 81.402 69.995
v 197.027 73.629 64.64
v 198.748 73.625 62.045
v 195.805 74.14 64.635
v 194.576 74.644 64.798
v 197.008 73.962 62.039
v 211.035 80.895 44.253
v 211.873 76.383 32.315
v 210.999 82.425 43.716
v 195.811 74.49 62.045
v 193.227 75.878 64.987
v 210.666 78.978 44.932
v 194.581 74.994 62.035
v 191.852 77.266 65.337
v 209.977 77.251 45.452
v 193.236 76.23 62.227
v 190.811 79.164 65.508
v 208.765 75.521 46.142
v 191.812 77.756 62.379
v 189.927 82.952 58.066
v 207.227 73.978 46.496
v 190.803 79.504 62.566
v 205.327 72.769 46.842
v 203.428 72.079 47.016
v 211.687 74.991 33.172
v 212.894 67.212 22.802
v 201.316 71.707 46.997
v 211.371 73.457 34.224
v 199.282 71.735 46.845
v 210.659 71.887 35.251
v 197.551 72.078 46.67
v 209.472 70.347 36.299
v 196.323 72.584 46.488
v 207.909 69.133 37.16
v 195.106 73.097 46.139
v 206.021 68.104 37.684
v 193.745 74.149 45.631
v 203.931 67.402 38.022
v 212.928 66.026 24.201
v 192.343 75.519 45.103
v 190.457 80.886 44.938
v 201.856 67.055 38.021
v 212.577 64.986 25.754
v 191.328 77.262 44.423
v 191.127 75.687 33.867
v 199.933 67.04 37.838
v 211.695 63.764 27.128
v 190.605 79.314 43.716
v 198.242 67.239 37.511
v 210.494 62.56 28.515
v 197.028 67.582 37.163
v 208.925 61.514 29.545
v 195.808 68.093 36.639
v 213.768 57.888 19.351
v 214.287 55.641 16.586
v 207.022 60.821 30.408
v 194.406 68.943 35.765
v 213.458 57.221 21.096
v 214.146 55.836 18.502
v 214.149 54.974 18.677
v 204.945 60.128 30.752
v 193.027 70.156 34.903
v 212.591 56.355 22.651
v 213.606 55.129 20.22
v 213.448 54.103 20.573
v 202.902 59.803 30.94
v 192.013 71.727 33.705
v 192.178 67.056 24.023
v 211.34 55.462 24.185
v 200.793 59.779 30.577
v 209.609 54.768 25.566
v 211.526 53.57 23.5
v 211.163 52.694 23.492
v 199.094 59.972 30.073
v 207.737 54.098 26.445
v 209.82 52.895 24.722
v 207.919 51.685 25.585
v 197.883 60.144 29.554
v 196.863 60.501 29.044
v 205.673 53.586 26.968
v 207.927 52.382 25.763
v 195.276 61.171 27.991
v 203.587 53.405 26.962
v 205.853 51.863 26.281
v 204.091 50.975 26.091
v 194.06 62.03 26.606
v 201.695 53.238 26.794
v 203.74 51.663 26.261
v 201.836 50.796 25.741
v 193.212 63.079 25.058
v 193.038 60.485 19.527
v 199.793 53.238 26.102
v 201.85 51.497 25.921
v 198.763 53.415 25.587
v 200.104 51.485 25.394
v 199.929 50.965 25.047
v 197.54 53.579 24.889
v 198.906 51.666 24.881
v 196.841 51.327 22.985
v 196.141 53.913 23.671
v 197.855 51.656 24.183
v 194.935 54.607 22.118
v 196.512 52.03 22.993
v 194.582 52.182 19.868
v 194.059 55.29 20.384
v 195.27 52.526 21.421
v 193.73 53.919 17.454
v 193.739 53.407 16.249
v 193.74 53.407 16.422
v 191.666 61.53 99.376
v 191.291 63.928 95.213
v 191.837 57.381 99.029
v 192.352 59.279 102.657
v 192.157 62.547 101.263
v 193.065 63.442 102.84
v 194.26 60.84 105.598
v 191.306 65.84 96.603
v 194.267 64.301 104.046
v 191.843 67.063 98.168
v 195.628 64.977 105.073
v 196.652 61.857 107.313
v 196.343 65.339 105.43
v 192.687 68.258 99.713
v 190.946 69.805 93.313
v 190.772 69.631 90.374
v 197.867 65.836 106.106
v 199.967 62.744 108.365
v 193.9 69.298 100.925
v 191.292 71.361 94.696
v 199.772 66.185 106.626
v 195.106 69.987 101.787
v 195.788 70.326 102.128
v 192.354 72.588 96.091
v 201.685 66.538 106.632
v 203.761 63.083 108.361
v 190.6 73.434 89.51
v 190.11 76.91 80.711
v 197.351 71.022 102.823
v 193.389 73.796 97.299
v 203.93 66.537 106.458
v 191.127 74.995 90.897
v 199.261 71.374 103.174
v 194.76 74.652 97.985
v 206.022 66.377 105.776
v 207.556 62.733 106.975
v 195.466 75.008 98.338
v 191.994 76.553 92.109
v 201.322 71.711 103.34
v 207.898 66.014 104.727
v 197.037 75.71 99.037
v 193.021 77.755 93.14
v 203.407 71.718 102.999
v 209.459 65.326 103.347
v 210.511 61.708 104.391
v 198.764 76.228 99.382
v 194.4 78.79 93.83
v 205.506 71.391 102.494
v 190.094 78.455 82.431
v 195.134 79.165 94.197
v 210.668 64.635 101.791
v 211.855 60.644 101.78
v 200.805 76.378 99.366
v 207.36 70.839 101.433
v 190.631 80.368 83.477
v 196.673 79.845 94.707
v 211.521 63.763 100.23
v 203.086 76.402 99.21
v 211.694 63.244 99.366
v 212.38 59.612 99.364
v 209.129 70.176 100.244
v 191.476 81.911 84.505
v 198.375 80.346 94.867
v 205.123 76.03 98.673
v 210.338 69.139 98.861
v 192.684 83.292 85.195
v 200.461 80.527 95.046
v 207.024 75.339 97.636
v 211.208 68.106 97.308
v 193.923 84.522 85.901
v 202.719 80.535 94.879
v 211.348 67.738 96.601
v 211.341 70.498 91.931
v 208.614 74.5 96.617
v 194.587 84.848 86.06
v 204.804 80.197 94.366
v 210 73.465 95.236
v 196.153 85.72 86.411
v 206.707 79.507 93.503
v 210.688 72.253 94.024
v 198.062 86.244 86.761
v 211.01 71.718 93.321
v 189.923 83.813 69.643
v 189.946 81.756 68.618
v 208.245 78.458 92.457
v 199.947 86.578 86.753
v 190.282 85.896 70.168
v 209.622 77.245 91.418
v 202.179 86.396 86.573
v 191.138 87.619 70.51
v 210.482 75.859 90.206
v 204.265 85.885 86.233
v 210.646 75.162 89.51
v 210.86 75.191 87.111
v 192.334 89.165 70.849
v 206.168 85.023 85.716
v 189.947 84.867 62.742
v 189.914 82.77 56.677
v 193.579 90.399 71.212
v 207.913 83.998 84.86
v 194.255 90.907 71.377
v 190.29 87.112 62.914
v 209.106 82.43 83.987
v 195.802 91.765 71.546
v 191.146 89.007 63.083
v 209.978 81.054 83.127
v 197.725 92.472 71.73
v 192.333 90.547 63.244
v 210.321 80.187 82.607
v 210.672 78.809 81.573
v 210.299 83.628 70.326
v 199.615 92.637 71.724
v 193.555 91.765 63.423
v 194.256 92.29 63.428
v 201.878 92.649 71.732
v 195.821 93.161 63.606
v 203.928 91.94 71.548
v 197.712 93.846 63.601
v 205.843 90.914 71.209
v 190.272 84.162 48.907
v 190.444 80.358 43.376
v 199.608 94.015 63.771
v 207.565 89.699 70.86
v 190.61 86.229 48.557
v 201.874 93.855 63.781
v 208.762 87.962 70.508
v 191.464 88.124 48.206
v 203.937 93.33 63.603
v 209.645 86.247 70.172
v 192.702 89.699 47.875
v 209.993 85.384 69.827
v 205.833 92.289 63.6
v 193.911 90.908 47.702
v 207.556 90.903 63.425
v 194.612 91.434 47.707
v 208.744 89.16 63.241
v 210.301 85.012 58.402
v 196.167 92.124 47.533
v 209.806 87.448 63.253
v 198.047 92.801 47.523
v 209.967 86.576 63.075
v 190.971 79.5 35.949
v 191.318 74.317 31.802
v 200.143 93.162 47.534
v 191.476 81.219 34.905
v 202.184 92.966 47.518
v 192.326 82.937 34.034
v 204.252 92.444 47.86
v 193.563 84.339 33.356
v 206.326 91.407 48.033
v 191.469 75.684 30.063
v 192.511 64.973 22.461
v 194.774 85.55 32.839
v 207.882 90.025 48.379
v 195.464 85.894 32.665
v 191.996 77.418 28.857
v 209.092 88.296 48.725
v 210.852 82.962 45.284
v 197.027 86.764 32.323
v 192.889 78.994 27.835
v 210.001 86.6 49.266
v 198.923 87.279 32.148
v 194.055 80.173 26.949
v 210.314 85.713 49.422
v 200.987 87.618 32.143
v 195.454 81.222 26.266
v 196.165 81.753 26.103
v 203.046 87.435 32.481
v 197.71 82.438 25.579
v 205.157 86.942 32.846
v 199.45 82.965 25.412
v 207.045 86.069 33.53
v 201.522 83.309 25.411
v 208.778 84.863 34.224
v 193.197 67.043 18.657
v 192.688 65.84 20.389
v 203.563 83.113 25.568
v 209.959 83.46 35.074
v 194.275 68.281 17.294
v 205.633 82.764 26.084
v 210.825 81.905 36.111
v 195.483 69.317 16.084
v 211.027 81.062 36.472
v 211.525 77.764 34.215
v 207.745 81.927 26.967
v 196.849 69.997 15.211
v 209.302 80.892 28.005
v 197.51 70.321 14.851
v 193.755 56.875 15.22
v 194.081 54.268 14.173
v 193.739 53.407 16.249
v 210.517 79.512 29.045
v 212.757 69.139 24.375
v 199.108 71.042 14.353
v 194.438 57.732 13.315
v 194.609 54.966 12.104
v 211.36 78.115 30.071
v 200.81 71.37 13.995
v 211.527 77.42 30.759
v 195.278 58.58 11.575
v 196.845 56.341 9.161
v 202.911 71.734 14.008
v 196.508 59.285 10.375
v 205.129 71.714 14.34
v 197.862 59.784 9.324
v 207.225 71.384 15.042
v 198.746 60.143 8.988
v 200.107 57.363 7.249
v 208.959 70.87 16.082
v 200.288 60.48 8.29
v 210.658 70.158 17.45
v 202.176 60.989 7.938
v 204.09 58.06 6.735
v 211.703 69.3 18.837
v 204.084 61.166 7.941
v 206.196 58.255 6.923
v 212.552 68.252 20.384
v 213.443 62.741 19.879
v 206.355 61.184 8.299
v 208.254 58.244 7.607
v 212.756 67.755 21.091
v 208.403 61.166 9.15
v 210.169 60.847 10.379
v 211.372 57.731 9.857
v 211.701 60.312 11.75
v 212.931 59.807 13.488
v 213.444 56.865 12.794
v 213.596 59.098 15.203
v 213.756 58.743 15.888
v 214.295 55.646 16.59
v 214.304 55.653 16.421
v 192.524 54.267 13.481
v 192.353 53.231 16.247
v 190.98 64.817 22.473
v 215.875 55.837 16.602
v 215.852 55.82 16.417
v 214.803 63.416 20.214
v 190.256 76.028 92.795
v 188.537 76.898 80.529
v 189.225 69.637 90.206
v 189.939 81.923 84.687
v 193.559 85.719 86.756
v 194.095 79.337 95.578
v 189.575 86.231 75.691
v 188.397 81.76 68.276
v 193.236 90.401 77.089
v 189.401 88.65 66.012
v 188.552 82.784 56.688
v 193.216 92.979 66.537
v 189.563 89.16 55.983
v 193.217 93.499 55.823
v 189.931 87.621 45.971
v 188.915 80.204 43.389
v 193.754 91.956 45.117
v 190.44 84.331 36.634
v 189.77 74.149 31.806
v 194.255 88.315 35.085
v 191.118 79.31 27.986
v 194.921 82.767 25.74
v 192.523 68.783 17.455
v 196.305 56.844 7.767
v 193.548 55.295 11.055
v 196.331 71.552 14.347
v 190.794 63.08 101.446
v 189.775 63.784 95.233
v 190.295 57.217 99.036
v 190.986 59.291 103.184
v 193.237 61.195 106.642
v 191.471 68.946 100.575
v 190.637 72.077 96.787
v 193.709 70.84 102.125
v 197.02 69.131 105.596
v 196.827 62.723 109.042
v 201.355 63.611 109.923
v 190.607 73.439 95.563
v 195.295 71.726 103.005
v 199.762 69.807 106.275
v 205.827 63.596 109.221
v 197.2 72.42 103.698
v 199.284 72.946 104.049
v 210.827 66.872 103.167
v 209.797 62.902 106.973
v 212.573 61.527 103.521
v 205.817 74.305 101.958
v 211.003 68.775 101.267
v 212.232 67.752 99.549
v 213.774 59.792 99.369
v 212.731 70.676 91.935
v 209.288 79.672 92.633
v 205.477 83.64 91.937
v 205.819 78.799 97.466
v 200.828 89.356 84.86
v 201.168 85.55 91.079
v 205.304 86.578 87.444
v 205.135 89.173 82.779
v 200.456 94.003 72.577
v 204.949 92.275 74.996
v 208.582 88.303 78.454
v 204.774 93.656 69.81
v 200.647 95.744 60.315
v 204.951 94.696 62.554
v 208.595 91.768 65.672
v 211.855 83.802 70.326
v 211.877 85.2 58.413
v 200.803 95.387 52.876
v 204.981 94.717 57.039
v 205.151 94.369 51.68
v 201.316 92.618 40.257
v 205.508 92.649 43.736
v 208.915 91.232 49.069
v 205.674 90.916 38.548
v 202.031 87.45 29.036
v 206.188 87.802 31.806
v 209.639 87.28 36.469
v 212.411 83.137 45.286
v 213.09 77.944 34.22
v 206.541 85.042 27.316
v 203.229 78.628 17.969
v 207.187 80.517 21.59
v 210.499 80.537 25.752
v 214.124 70.337 25.404
v 207.91 74.663 16.076
v 199.938 65.661 8.979
v 199.624 57.906 5.884
v 202.039 63.434 7.437
v 204.102 58.587 5.358
v 200.969 65.83 8.803
v 202.18 66.004 8.631
v 203.604 63.786 7.442
v 208.943 58.761 6.569
v 206.523 58.761 5.704
v 211.523 71.196 16.759
v 208.4 70.496 12.951
v 208.596 66.71 10.543
v 213.618 62.051 12.968
v 214.801 57.194 12.436
v 213.275 60.843 11.586
v 212.388 58.235 8.81
v 199.269 77.947 99.894
v 199.424 80.181 97.638
v 199.967 82.099 95.577
v 210.998 73.092 97.29
v 210.833 75.172 95.22
v 210.481 76.722 94.353
v 212.224 78.461 82.608
v 209.99 82.099 87.799
v 210.314 82.948 85.369
v 209.828 84.872 83.139
v 209.454 88.654 74.656
v 209.963 88.647 72.578
v 209.473 89.877 70.345
v 209.481 91.092 60.326
v 209.984 90.563 57.899
v 209.632 90.904 54.957
v 209.987 89.356 45.803
v 210.509 88.321 44.249
v 210.166 88.15 41.658
v 202.01 75.683 15.2
v 201.521 73.976 14.005
v 201.853 71.893 12.27
v 203.936 73.109 13.311
v 201.857 69.994 11.062
f 1 2 3
f 4 3 5
f 4 1 3
f 6 2 1
f 6 1 4
f 7 5 8
f 7 4 5
f 9 6 4
f 10 7 8
f 11 4 7
f 11 7 10
f 11 9 4
f 12 8 13
f 12 10 8
f 14 11 10
f 15 12 13
f 16 14 10
f 16 10 12
f 17 13 18
f 17 15 13
f 19 12 15
f 19 16 12
f 20 18 21
f 20 17 18
f 22 15 17
f 22 19 15
f 22 17 20
f 23 20 21
f 24 25 2
f 24 2 6
f 26 22 20
f 27 21 28
f 27 23 21
f 29 27 28
f 30 6 9
f 30 24 6
f 31 20 23
f 31 26 20
f 32 28 33
f 32 29 28
f 34 30 9
f 34 9 11
f 35 31 23
f 35 23 27
f 36 27 29
f 36 35 27
f 37 33 38
f 37 32 33
f 39 11 14
f 39 34 11
f 40 41 25
f 40 25 24
f 42 29 32
f 42 36 29
f 42 32 37
f 43 37 38
f 44 39 14
f 44 14 16
f 44 16 19
f 45 46 41
f 45 40 24
f 45 24 30
f 45 41 40
f 47 42 37
f 47 37 43
f 48 38 49
f 48 49 50
f 48 43 38
f 51 44 19
f 52 53 46
f 52 46 45
f 52 45 30
f 52 30 34
f 54 47 43
f 55 51 19
f 55 19 22
f 55 22 26
f 56 53 52
f 56 52 34
f 56 34 39
f 57 48 50
f 57 43 48
f 57 54 43
f 58 55 26
f 59 60 53
f 59 44 51
f 59 53 56
f 59 39 44
f 59 56 39
f 61 26 31
f 61 58 26
f 62 60 59
f 62 59 51
f 63 35 36
f 63 31 35
f 63 61 31
f 64 65 60
f 64 60 62
f 64 51 55
f 64 62 51
f 66 63 36
f 67 65 64
f 67 55 58
f 67 64 55
f 68 36 42
f 68 66 36
f 69 70 65
f 69 58 61
f 69 67 58
f 69 65 67
f 69 61 63
f 71 42 47
f 71 47 54
f 71 68 42
f 72 70 69
f 72 69 63
f 73 71 54
f 74 75 70
f 74 63 66
f 74 72 63
f 74 70 72
f 76 50 77
f 76 57 50
f 76 54 57
f 76 73 54
f 78 74 66
f 78 66 68
f 78 75 74
f 79 75 78
f 79 78 68
f 79 80 75
f 79 68 71
f 81 71 73
f 81 79 71
f 81 73 76
f 81 80 79
f 82 77 80
f 82 81 76
f 82 80 81
f 82 76 77
f 83 84 85
f 83 85 86
f 83 86 87
f 83 87 88
f 83 88 89
f 90 91 84
f 90 89 92
f 90 92 93
f 90 83 89
f 90 84 83
f 94 95 96
f 94 96 91
f 94 93 97
f 94 91 90
f 94 90 93
f 98 99 95
f 98 97 100
f 98 100 101
f 98 95 94
f 98 94 97
f 102 103 104
f 102 104 99
f 102 101 105
f 102 105 106
f 102 106 103
f 102 98 101
f 102 99 98
f 107 108 109
f 107 109 110
f 111 112 108
f 111 108 107
f 113 114 115
f 113 115 116
f 117 118 113
f 119 120 121
f 119 121 122
f 119 122 112
f 119 123 120
f 119 112 111
f 119 111 123
f 124 118 117
f 125 126 120
f 125 120 123
f 127 128 129
f 127 129 126
f 127 126 125
f 127 125 130
f 131 110 132
f 131 132 114
f 131 107 110
f 131 111 107
f 131 113 118
f 131 114 113
f 131 123 111
f 133 116 134
f 133 113 116
f 135 134 136
f 135 133 134
f 137 133 135
f 138 117 113
f 138 113 133
f 138 133 137
f 139 136 140
f 139 140 141
f 139 135 136
f 139 137 135
f 142 138 137
f 142 137 139
f 143 142 139
f 144 125 123
f 144 118 124
f 144 131 118
f 144 123 131
f 145 141 146
f 145 139 141
f 145 143 139
f 145 142 143
f 147 128 127
f 147 127 130
f 148 145 146
f 149 146 150
f 149 150 128
f 149 147 148
f 149 128 147
f 149 148 146
f 151 148 147
f 151 145 148
f 151 124 117
f 151 117 138
f 151 138 142
f 151 142 145
f 152 147 130
f 152 151 147
f 152 125 144
f 152 130 125
f 152 124 151
f 152 144 124
f 153 154 155
f 156 155 157
f 156 153 155
f 158 159 154
f 158 154 153
f 160 157 161
f 160 156 157
f 162 163 159
f 162 159 158
f 164 161 165
f 164 160 161
f 166 163 162
f 167 165 168
f 167 164 165
f 169 141 163
f 169 163 166
f 170 168 171
f 170 167 168
f 172 173 141
f 172 141 169
f 174 170 171
f 174 171 175
f 176 173 172
f 176 177 173
f 178 175 179
f 178 174 175
f 180 177 176
f 180 181 177
f 182 178 179
f 183 181 180
f 184 182 179
f 185 181 183
f 186 182 184
f 187 185 183
f 188 186 184
f 189 185 187
f 190 186 188
f 191 189 187
f 192 190 188
f 193 189 191
f 194 190 192
f 195 193 191
f 196 194 192
f 197 193 195
f 215 194 196
f 198 197 195
f 108 215 196
f 199 197 198
f 200 199 198
f 201 215 108
f 201 202 215
f 203 200 204
f 203 199 200
f 205 206 202
f 205 202 201
f 207 204 208
f 207 203 204
f 209 210 206
f 209 206 205
f 211 208 212
f 211 207 208
f 213 212 210
f 213 211 212
f 213 210 209
f 214 215 216
f 217 214 216
f 218 215 214
f 219 216 220
f 219 217 216
f 221 218 214
f 221 214 217
f 222 220 223
f 222 219 220
f 224 221 217
f 224 217 219
f 225 222 223
f 226 224 219
f 226 219 222
f 227 223 228
f 227 225 223
f 229 227 228
f 230 222 225
f 230 226 222
f 230 225 227
f 231 228 232
f 231 229 228
f 233 230 227
f 234 227 229
f 234 233 227
f 235 231 232
f 236 229 231
f 236 234 229
f 237 232 238
f 237 235 232
f 239 240 215
f 239 215 218
f 241 231 235
f 241 236 231
f 242 238 243
f 242 237 238
f 244 218 221
f 244 239 218
f 245 241 235
f 245 237 242
f 245 235 237
f 246 242 243
f 247 221 224
f 247 244 221
f 248 245 242
f 249 243 250
f 249 246 243
f 251 247 224
f 251 224 226
f 251 226 230
f 252 253 240
f 252 240 239
f 254 248 242
f 254 242 246
f 255 250 256
f 255 249 250
f 257 251 230
f 258 239 244
f 258 253 252
f 258 252 239
f 259 246 249
f 259 254 246
f 259 249 255
f 260 255 256
f 261 257 230
f 261 230 233
f 262 244 247
f 262 263 253
f 262 247 251
f 262 253 258
f 262 258 244
f 264 261 233
f 264 233 234
f 264 234 236
f 265 259 255
f 266 260 256
f 266 256 267
f 266 267 169
f 268 269 263
f 268 263 262
f 268 262 251
f 270 236 241
f 270 264 236
f 271 255 260
f 271 265 255
f 272 251 257
f 272 268 251
f 272 269 268
f 273 270 241
f 274 260 266
f 274 271 260
f 274 266 169
f 275 276 269
f 275 257 261
f 275 272 257
f 275 269 272
f 277 241 245
f 277 273 241
f 278 264 270
f 278 276 275
f 278 261 264
f 278 275 261
f 279 245 248
f 279 248 254
f 279 277 245
f 280 276 278
f 280 281 276
f 280 278 270
f 282 279 254
f 283 284 281
f 283 281 280
f 283 270 273
f 283 273 277
f 283 280 270
f 285 282 254
f 285 254 259
f 286 284 283
f 286 283 277
f 287 259 265
f 287 285 259
f 288 284 286
f 288 286 277
f 288 289 284
f 288 277 279
f 290 287 265
f 290 265 271
f 290 271 274
f 291 289 288
f 291 288 279
f 291 292 289
f 291 282 285
f 291 279 282
f 293 169 294
f 293 290 274
f 293 274 169
f 295 292 291
f 295 291 285
f 296 285 287
f 296 297 292
f 296 295 285
f 296 292 295
f 298 287 290
f 298 290 293
f 298 296 287
f 298 297 296
f 299 294 297
f 299 297 298
f 299 298 293
f 299 293 294
f 300 301 302
f 303 304 305
f 303 305 301
f 303 301 300
f 306 307 308
f 306 308 304
f 306 304 303
f 309 310 307
f 309 307 306
f 311 310 309
f 312 311 309
f 313 311 312
f 333 311 313
f 314 315 333
f 316 314 333
f 317 333 313
f 317 316 333
f 318 316 317
f 319 320 316
f 321 322 323
f 324 323 325
f 324 321 323
f 326 318 327
f 326 328 329
f 330 327 322
f 330 321 328
f 330 326 327
f 330 322 321
f 330 328 326
f 331 316 318
f 331 329 319
f 331 318 326
f 331 319 316
f 331 326 329
f 332 333 334
f 332 334 335
f 332 335 336
f 332 336 337
f 332 337 338
f 332 338 339
f 340 341 342
f 340 342 310
f 340 310 333
f 340 333 332
f 340 332 339
f 343 339 344
f 343 344 345
f 343 346 341
f 343 340 339
f 343 341 340
f 347 345 348
f 347 348 349
f 347 349 346
f 347 346 343
f 347 343 345
f 350 351 352
f 353 354 350
f 353 350 352
f 355 401 356
f 357 401 355
f 358 359 360
f 361 353 362
f 361 363 354
f 361 354 353
f 361 362 363
f 364 365 363
f 364 363 362
f 364 366 365
f 367 362 366
f 367 364 362
f 367 366 364
f 368 356 365
f 368 365 366
f 368 355 356
f 369 366 355
f 369 355 368
f 369 368 366
f 370 359 401
f 370 360 359
f 371 357 372
f 371 372 360
f 371 370 401
f 371 360 370
f 371 401 357
f 373 358 374
f 373 374 375
f 373 376 359
f 373 359 358
f 377 378 379
f 377 379 380
f 377 380 376
f 377 373 375
f 377 376 373
f 381 375 382
f 381 382 378
f 381 378 377
f 381 377 375
f 383 384 378
f 385 386 387
f 388 387 386
f 389 378 387
f 389 383 378
f 389 387 388
f 390 391 392
f 390 392 393
f 390 393 394
f 395 376 396
f 395 396 397
f 395 397 398
f 395 398 391
f 395 394 399
f 395 399 400
f 395 401 376
f 395 391 390
f 395 390 394
f 402 400 403
f 402 403 404
f 402 395 400
f 405 406 407
f 405 407 401
f 405 401 395
f 408 409 406
f 408 406 405
f 408 402 404
f 408 395 402
f 408 405 395
f 410 404 411
f 410 411 412
f 410 413 409
f 410 408 404
f 410 409 408
f 414 412 415
f 414 415 416
f 414 416 417
f 414 417 413
f 414 410 412
f 414 413 410
f 418 419 420
f 418 421 422
f 418 422 423
f 418 423 424
f 418 424 425
f 418 425 426
f 418 426 419
f 427 420 428
f 427 429 421
f 427 421 430
f 427 430 420
f 431 429 427
f 431 427 428
f 432 428 433
f 432 431 428
f 432 429 431
f 434 435 429
f 434 429 432
f 434 432 433
f 436 433 437
f 436 437 438
f 436 439 440
f 436 440 435
f 436 434 433
f 436 435 434
f 441 438 442
f 441 442 439
f 441 439 436
f 441 436 438
f 443 430 421
f 443 420 430
f 443 418 420
f 443 421 418
f 444 445 446
f 447 444 446
f 448 449 447
f 448 446 450
f 448 450 451
f 448 447 446
f 452 451 453
f 452 448 451
f 454 453 455
f 454 452 453
f 456 457 458
f 456 458 459
f 456 459 460
f 456 460 461
f 456 461 462
f 463 462 464
f 463 456 462
f 463 457 456
f 465 466 457
f 465 463 464
f 465 464 466
f 465 457 463
f 467 464 468
f 467 469 466
f 467 466 464
f 470 467 468
f 470 469 467
f 471 469 470
f 471 470 468
f 472 473 469
f 472 471 468
f 472 469 471
f 474 475 473
f 474 473 472
f 474 472 468
f 476 477 475
f 476 468 454
f 476 475 474
f 476 474 468
f 478 455 477
f 478 477 476
f 478 476 454
f 478 454 455
f 479 480 481
f 479 481 482
f 483 480 479
f 484 483 479
f 485 483 484
f 486 487 485
f 486 485 484
f 488 487 486
f 489 490 487
f 489 487 488
f 491 492 493
f 494 492 491
f 495 496 454
f 497 498 496
f 497 496 495
f 499 498 497
f 500 501 494
f 500 491 498
f 500 494 491
f 500 498 499
f 502 503 501
f 502 501 500
f 504 505 503
f 504 503 502
f 506 507 505
f 506 505 504
f 508 509 507
f 508 507 506
f 510 511 509
f 510 509 508
f 512 511 510
f 513 511 512
f 514 515 511
f 462 511 513
f 462 514 511
f 516 514 462
f 517 518 519
f 517 519 520
f 521 522 518
f 523 522 521
f 523 521 518
f 523 518 517
f 523 517 520
f 524 525 526
f 524 526 522
f 527 520 528
f 527 523 520
f 527 522 523
f 527 524 522
f 529 530 525
f 531 529 525
f 531 525 524
f 532 533 530
f 534 527 528
f 534 531 524
f 534 524 527
f 534 528 531
f 535 532 530
f 535 530 529
f 536 535 529
f 537 538 539
f 540 531 528
f 540 529 531
f 540 536 529
f 541 539 533
f 541 533 532
f 541 532 535
f 541 537 539
f 542 537 541
f 542 538 537
f 543 540 528
f 544 541 535
f 545 542 541
f 546 535 536
f 546 544 535
f 547 548 538
f 547 538 542
f 549 541 544
f 549 545 541
f 550 536 540
f 550 546 536
f 551 547 542
f 551 542 545
f 552 549 544
f 552 544 546
f 553 550 540
f 553 528 554
f 553 543 528
f 553 540 543
f 555 551 545
f 555 545 549
f 556 552 546
f 556 546 550
f 557 555 549
f 557 549 552
f 558 559 548
f 558 548 547
f 560 550 553
f 560 556 550
f 561 552 556
f 561 557 552
f 562 563 564
f 562 564 565
f 562 565 566
f 562 566 548
f 562 548 559
f 567 553 554
f 567 560 553
f 568 558 547
f 568 547 551
f 569 570 563
f 569 563 562
f 569 559 558
f 569 562 559
f 571 554 572
f 571 556 560
f 571 561 556
f 571 567 554
f 571 560 567
f 573 568 551
f 573 551 555
f 573 555 557
f 574 575 570
f 574 558 568
f 574 569 558
f 574 568 573
f 574 570 569
f 576 577 578
f 576 557 561
f 576 578 573
f 576 573 557
f 579 578 575
f 579 573 578
f 579 574 573
f 579 575 574
f 580 581 577
f 580 577 576
f 580 576 561
f 582 572 581
f 582 581 580
f 582 561 571
f 582 571 572
f 582 580 561
f 583 539 584
f 583 584 585
f 583 586 539
f 587 585 588
f 587 588 589
f 587 583 585
f 590 589 591
f 590 591 592
f 590 592 593
f 590 587 589
f 594 586 583
f 595 583 587
f 595 587 590
f 595 594 583
f 596 586 594
f 597 595 590
f 597 590 593
f 598 596 594
f 598 594 595
f 599 597 593
f 599 595 597
f 599 598 595
f 600 586 596
f 601 596 598
f 601 600 596
f 602 599 593
f 602 598 599
f 602 601 598
f 603 604 586
f 603 600 601
f 603 586 600
f 605 603 601
f 606 593 607
f 606 602 593
f 606 601 602
f 606 605 601
f 608 604 603
f 609 603 605
f 609 604 608
f 609 608 603
f 610 607 611
f 610 611 609
f 610 606 607
f 610 609 605
f 610 605 606
f 612 609 611
f 612 604 609
f 612 613 604
f 614 613 612
f 615 616 604
f 615 604 613
f 615 613 614
f 617 612 611
f 618 619 620
f 618 614 612
f 621 620 616
f 621 616 615
f 621 618 620
f 621 615 614
f 621 614 618
f 622 611 623
f 622 623 619
f 622 617 611
f 622 619 618
f 622 612 617
f 622 618 612
f 624 625 626
f 624 626 627
f 628 629 630
f 628 630 631
f 628 631 625
f 628 625 624
f 632 633 634
f 632 627 633
f 632 628 624
f 632 634 628
f 632 624 627
f 635 629 628
f 636 635 628
f 636 628 634
f 637 634 638
f 637 636 634
f 639 635 636
f 639 629 635
f 640 636 637
f 640 639 636
f 640 637 638
f 641 584 642
f 641 642 629
f 641 629 639
f 643 641 639
f 644 640 638
f 644 639 640
f 644 643 639
f 645 588 585
f 645 585 584
f 645 584 641
f 645 641 643
f 646 591 589
f 646 589 588
f 646 588 645
f 646 643 644
f 646 645 643
f 647 638 592
f 647 592 591
f 647 591 646
f 647 644 638
f 647 646 644
f 648 649 650
f 651 652 649
f 651 649 648
f 653 652 651
f 654 650 649
f 655 652 653
f 656 652 655
f 657 652 656
f 658 652 657
f 659 660 661
f 659 661 662
f 659 663 660
f 664 663 659
f 664 662 665
f 664 666 663
f 664 659 662
f 667 665 652
f 667 664 665
f 667 658 668
f 667 668 669
f 667 669 670
f 667 670 671
f 667 671 672
f 667 672 673
f 667 673 674
f 667 674 675
f 667 652 658
f 676 677 678
f 676 678 679
f 676 679 680
f 681 666 664
f 681 676 680
f 681 680 666
f 681 677 676
f 682 675 683
f 682 664 667
f 682 681 664
f 682 667 675
f 684 685 677
f 686 684 677
f 686 677 681
f 687 683 688
f 687 688 689
f 687 689 690
f 687 682 683
f 691 686 681
f 691 681 682
f 692 693 685
f 692 685 684
f 694 684 686
f 694 692 684
f 694 693 692
f 694 686 691
f 695 687 690
f 695 690 696
f 695 696 697
f 695 691 682
f 695 682 687
f 698 694 691
f 699 700 693
f 701 699 693
f 701 700 699
f 701 693 694
f 702 691 695
f 702 695 697
f 702 697 703
f 702 703 704
f 702 704 705
f 702 705 706
f 702 698 691
f 707 701 694
f 707 694 698
f 707 698 702
f 708 709 700
f 710 700 701
f 710 708 700
f 711 707 702
f 711 706 712
f 711 712 713
f 711 702 706
f 714 701 707
f 714 710 701
f 715 708 710
f 715 709 708
f 715 716 717
f 715 717 718
f 715 718 709
f 719 715 710
f 719 720 716
f 719 716 715
f 721 713 722
f 721 722 723
f 721 707 711
f 721 711 713
f 721 714 707
f 724 710 714
f 724 725 720
f 724 719 710
f 724 720 719
f 726 723 727
f 726 727 728
f 726 728 729
f 726 729 725
f 726 725 724
f 726 721 723
f 726 724 714
f 726 714 721
f 730 731 732
f 730 732 733
f 734 735 736
f 737 738 718
f 737 718 739
f 740 737 739
f 740 739 741
f 742 738 737
f 742 743 738
f 742 737 740
f 744 741 731
f 744 730 745
f 744 740 741
f 744 731 730
f 746 742 740
f 747 748 743
f 747 743 742
f 749 745 750
f 749 746 740
f 749 744 745
f 749 740 744
f 751 742 746
f 751 747 742
f 751 748 747
f 751 746 749
f 752 750 753
f 752 753 754
f 752 751 749
f 752 749 750
f 755 756 748
f 757 748 751
f 757 755 748
f 758 756 755
f 759 757 751
f 759 754 760
f 759 751 752
f 759 752 754
f 761 757 759
f 761 758 755
f 761 755 757
f 762 763 756
f 762 756 758
f 764 760 765
f 764 765 766
f 764 766 767
f 764 767 768
f 764 768 769
f 764 769 770
f 764 759 760
f 764 761 759
f 771 763 762
f 772 762 758
f 772 758 761
f 773 772 761
f 773 770 774
f 773 774 775
f 773 761 764
f 773 764 770
f 776 771 762
f 776 762 772
f 777 763 771
f 778 773 775
f 778 776 772
f 778 775 779
f 778 772 773
f 780 781 763
f 780 763 777
f 782 771 776
f 782 777 771
f 783 777 782
f 783 780 777
f 784 776 778
f 784 782 776
f 784 778 779
f 784 779 785
f 786 785 736
f 786 782 784
f 786 783 782
f 786 784 785
f 787 736 735
f 787 781 780
f 787 786 736
f 787 780 783
f 787 783 786
f 788 735 789
f 788 781 787
f 788 789 790
f 788 790 791
f 788 791 792
f 788 792 660
f 788 660 781
f 788 787 735
f 793 794 795
f 796 733 797
f 734 798 799
f 800 801 802
f 800 802 794
f 800 794 793
f 803 804 796
f 803 797 805
f 803 805 801
f 803 796 797
f 803 801 800
f 806 793 807
f 806 800 793
f 808 809 804
f 808 800 806
f 808 803 800
f 808 804 803
f 810 807 811
f 810 806 807
f 812 813 809
f 812 809 808
f 812 808 806
f 812 806 810
f 814 811 815
f 814 810 811
f 816 812 810
f 816 810 814
f 816 813 812
f 817 815 818
f 817 814 815
f 817 816 814
f 819 820 821
f 819 821 822
f 819 822 823
f 819 818 820
f 819 817 818
f 824 798 813
f 824 816 817
f 824 813 816
f 825 823 799
f 825 819 823
f 825 817 819
f 825 798 824
f 825 799 798
f 825 824 817
f 826 827 828
f 829 828 830
f 829 826 828
f 831 832 833
f 831 833 827
f 831 827 826
f 834 830 835
f 834 829 830
f 515 832 831
f 836 834 835
f 837 832 515
f 838 835 839
f 838 836 835
f 840 839 841
f 840 838 839
f 488 841 842
f 488 840 841
f 514 837 515
f 843 837 514
f 489 488 842
f 844 842 845
f 844 489 842
f 846 845 847
f 846 844 845
f 516 848 849
f 516 849 843
f 516 843 514
f 850 846 847
f 851 848 516
f 851 852 848
f 853 850 847
f 854 853 847
f 854 855 853
f 856 854 847
f 857 856 847
f 858 852 851
f 858 859 852
f 860 859 858
f 861 859 860
f 862 861 860
f 863 861 862
f 864 863 862
f 865 864 866
f 865 863 864
f 867 866 868
f 867 865 866
f 869 868 870
f 869 867 868
f 871 870 872
f 871 869 870
f 873 872 874
f 873 871 872
f 875 874 876
f 875 873 874
f 877 878 879
f 880 878 877
f 880 876 878
f 880 877 881
f 880 881 882
f 880 875 876
f 883 884 885
f 883 885 886
f 887 886 888
f 887 888 889
f 887 883 886
f 890 884 883
f 891 889 892
f 891 887 889
f 893 884 890
f 894 890 883
f 894 883 887
f 895 892 896
f 895 891 892
f 897 898 884
f 897 884 893
f 899 890 894
f 899 893 890
f 900 899 894
f 900 894 887
f 900 887 891
f 901 896 902
f 901 900 891
f 901 895 896
f 901 891 895
f 903 893 899
f 903 897 893
f 904 899 900
f 905 898 897
f 906 900 901
f 906 901 902
f 906 904 900
f 907 903 899
f 907 899 904
f 908 897 903
f 908 903 907
f 908 905 897
f 909 906 902
f 909 904 906
f 909 907 904
f 910 911 898
f 910 898 905
f 912 908 907
f 913 905 908
f 913 910 905
f 914 909 902
f 914 907 909
f 914 912 907
f 915 911 910
f 916 913 908
f 916 908 912
f 917 910 913
f 917 915 910
f 918 902 919
f 918 916 912
f 918 912 914
f 918 914 902
f 920 911 915
f 920 921 911
f 922 916 918
f 922 917 913
f 922 913 916
f 923 918 919
f 923 919 922
f 923 922 918
f 924 921 920
f 924 925 921
f 926 917 922
f 926 924 920
f 926 915 917
f 926 920 915
f 927 928 925
f 927 925 924
f 929 924 926
f 930 922 919
f 930 926 922
f 931 930 919
f 932 927 924
f 932 928 927
f 932 924 929
f 933 929 926
f 933 926 930
f 934 935 928
f 934 928 932
f 936 931 919
f 936 933 930
f 936 930 931
f 937 938 935
f 937 935 934
f 939 929 933
f 939 932 929
f 940 919 941
f 940 936 919
f 940 933 936
f 940 939 933
f 942 934 932
f 942 932 939
f 943 944 938
f 943 938 937
f 943 937 934
f 943 934 942
f 945 940 941
f 945 939 940
f 945 942 939
f 945 943 942
f 946 945 941
f 946 943 945
f 947 948 949
f 947 949 944
f 947 944 943
f 950 941 951
f 950 946 941
f 950 948 947
f 950 943 946
f 950 947 943
f 952 951 953
f 952 953 948
f 952 948 950
f 952 950 951
f 954 955 1043
f 956 954 1043
f 957 958 959
f 842 960 961
f 842 961 962
f 842 962 841
f 963 959 964
f 963 964 954
f 965 956 957
f 965 954 956
f 965 957 959
f 965 963 954
f 965 959 963
f 966 967 958
f 968 957 969
f 968 958 957
f 968 966 958
f 970 962 971
f 970 971 967
f 970 967 966
f 972 969 841
f 972 968 969
f 972 966 968
f 972 962 970
f 972 970 966
f 972 841 962
f 973 974 975
f 976 977 978
f 979 980 977
f 979 977 976
f 981 973 980
f 982 983 974
f 982 979 984
f 982 984 985
f 982 981 980
f 982 974 973
f 982 973 981
f 982 980 979
f 986 987 988
f 986 988 983
f 986 985 989
f 986 983 982
f 986 982 985
f 990 991 992
f 990 992 993
f 990 993 987
f 990 989 994
f 990 987 986
f 990 986 989
f 995 996 991
f 995 994 997
f 995 990 994
f 995 991 990
f 998 999 1000
f 998 1000 996
f 998 997 1001
f 998 1001 1002
f 998 995 997
f 998 996 995
f 1003 1004 999
f 1003 1002 1005
f 1003 998 1002
f 1003 999 998
f 1006 1007 1004
f 1006 1005 1008
f 1006 1003 1005
f 1006 1004 1003
f 1009 832 1007
f 1009 1008 896
f 1009 896 843
f 1009 843 837
f 1009 837 832
f 1009 1007 1006
f 1009 1006 1008
f 1010 1011 1012
f 1010 1012 1013
f 1010 1013 1014
f 1010 1014 1015
f 1010 1015 1016
f 1010 1016 1017
f 1018 1019 1020
f 1018 1020 1011
f 1021 1022 1023
f 1021 1023 1024
f 1021 1024 1019
f 1025 1018 1011
f 1025 1011 1010
f 1025 1010 1017
f 1026 1027 1028
f 1029 1021 1019
f 1029 1019 1018
f 1030 1031 1032
f 1030 1032 1033
f 1034 1035 1022
f 1036 1028 1035
f 1036 1026 1028
f 1037 1017 1038
f 1037 1029 1018
f 1037 1018 1025
f 1037 1025 1017
f 1039 1033 1027
f 1039 1027 1026
f 1039 1030 1033
f 1039 1031 1030
f 1040 1034 1022
f 1040 1022 1021
f 1041 1035 1034
f 1041 1036 1035
f 1042 1043 1031
f 1044 1026 1036
f 1044 1039 1026
f 1045 1021 1029
f 1045 1029 1037
f 1045 1040 1021
f 1046 1041 1034
f 1047 1042 1031
f 1047 1031 1039
f 1048 1036 1041
f 1048 1041 1046
f 1048 1044 1036
f 1049 1050 1043
f 1049 1043 1042
f 1051 1045 1037
f 1051 1038 1045
f 1051 1037 1038
f 1052 1046 1034
f 1052 1034 1040
f 1053 1047 1039
f 1053 1039 1044
f 1054 1048 1046
f 1055 1049 1042
f 1055 1042 1047
f 1055 1047 1053
f 1056 1052 1040
f 1056 1045 1038
f 1056 1040 1045
f 1057 1053 1044
f 1057 1048 1054
f 1057 1044 1048
f 1058 1050 1049
f 1058 1059 1050
f 1060 1046 1052
f 1060 1054 1046
f 1061 1055 1053
f 1061 1053 1057
f 1062 1057 1054
f 1063 1064 1059
f 1063 1049 1055
f 1063 1058 1049
f 1063 1055 1061
f 1063 1059 1058
f 1065 1060 1052
f 1065 1052 1056
f 1066 1061 1057
f 1067 1062 1054
f 1067 1054 1060
f 1068 1069 1064
f 1068 1064 1063
f 1068 1063 1061
f 1070 1038 1071
f 1070 1056 1038
f 1070 1065 1056
f 1072 1057 1062
f 1072 1066 1057
f 1073 1060 1065
f 1073 1067 1060
f 1074 1075 1069
f 1074 1069 1068
f 1074 1061 1066
f 1074 1068 1061
f 1076 1062 1067
f 1076 1072 1062
f 1076 1067 1073
f 1077 1059 1078
f 1077 1078 1079
f 1077 1079 1080
f 1077 1080 1081
f 1077 1081 1050
f 1077 1050 1059
f 1082 1073 1065
f 1082 1070 1071
f 1082 1065 1070
f 1083 1084 1075
f 1083 1075 1074
f 1083 1066 1072
f 1083 1072 1076
f 1083 1074 1066
f 1085 1076 1073
f 1086 1083 1076
f 1086 1084 1083
f 1087 1071 1088
f 1087 1085 1073
f 1087 1082 1071
f 1087 1073 1082
f 1089 1076 1085
f 1089 1084 1086
f 1089 1090 1084
f 1089 1086 1076
f 1091 1087 1088
f 1091 1088 1092
f 1091 1092 1093
f 1091 1093 1094
f 1091 1094 1095
f 1091 1095 1096
f 1091 1085 1087
f 1091 1096 1097
f 1091 1097 1090
f 1091 1089 1085
f 1091 1090 1089
f 880 1098 1099
f 882 880 1099
f 1100 1101 1102
f 1103 1101 1100
f 1103 1104 1101
f 1105 1106 1107
f 1108 1109 1110
f 1108 1110 1111
f 1108 1111 1112
f 1108 1112 1113
f 1108 1113 1114
f 1108 1114 1115
f 1108 1115 1116
f 1117 1116 1118
f 1117 1108 1116
f 1119 1117 1118
f 1119 1118 1120
f 1121 1122 1109
f 1121 1109 1108
f 1123 1119 1120
f 1124 1121 1108
f 1124 1108 1117
f 1124 1117 1119
f 1125 1123 1120
f 1125 1120 1126
f 1127 1124 1119
f 1128 1122 1121
f 1129 1126 1130
f 1129 1125 1126
f 1131 1119 1123
f 1131 1127 1119
f 1132 1128 1121
f 1132 1121 1124
f 1133 1098 880
f 1133 1130 1134
f 1133 1134 1135
f 1133 1135 1136
f 1133 1136 1098
f 1133 1129 1130
f 1137 1123 1125
f 1137 1131 1123
f 1138 1132 1124
f 1138 1127 1131
f 1138 1124 1127
f 1139 1137 1125
f 1139 1125 1129
f 1140 1138 1131
f 1141 1122 1128
f 1141 1142 1122
f 1143 1139 1129
f 1143 1133 880
f 1143 880 1144
f 1143 1144 1145
f 1143 1129 1133
f 1146 1131 1137
f 1146 1140 1131
f 1147 1141 1128
f 1147 1142 1141
f 1147 1128 1132
f 1148 1147 1132
f 1148 1142 1147
f 1148 1132 1138
f 1149 1146 1137
f 1149 1137 1139
f 1150 1104 1103
f 1150 882 1099
f 1150 1099 1151
f 1150 1151 1152
f 1150 1152 1153
f 1150 1153 1104
f 1150 1103 1154
f 1150 1154 882
f 1155 1139 1143
f 1155 1145 1156
f 1155 1143 1145
f 1155 1156 1157
f 1155 1149 1139
f 1158 1138 1140
f 1158 1148 1138
f 1159 1140 1146
f 1159 1158 1140
f 1160 1161 1162
f 1160 1162 1142
f 1163 1160 1142
f 1164 1146 1149
f 1164 1159 1146
f 1165 1163 1142
f 1165 1148 1158
f 1165 1142 1148
f 1166 1164 1149
f 1166 1149 1155
f 1166 1155 1157
f 1166 1157 1167
f 1168 1169 1161
f 1168 1161 1160
f 1170 1165 1158
f 1171 1172 1169
f 1171 1160 1163
f 1171 1169 1168
f 1171 1168 1160
f 1173 1170 1158
f 1173 1158 1159
f 1174 1171 1163
f 1174 1163 1165
f 1175 1173 1159
f 1175 1159 1164
f 1176 1165 1170
f 1176 1170 1173
f 1176 1174 1165
f 1177 1178 1179
f 1177 1179 1172
f 1180 1164 1166
f 1180 1166 1167
f 1180 1175 1164
f 1181 1176 1173
f 1182 1172 1171
f 1182 1171 1174
f 1182 1177 1172
f 1182 1178 1177
f 1183 1182 1174
f 1184 1175 1180
f 1184 1173 1175
f 1184 1181 1173
f 1185 1180 1167
f 1185 1167 1186
f 1185 1186 1187
f 1188 1184 1180
f 1189 1183 1174
f 1189 1174 1176
f 1190 1191 1178
f 1192 1176 1181
f 1192 1189 1176
f 1192 1181 1184
f 1193 1178 1182
f 1193 1190 1178
f 1194 1187 1195
f 1194 1195 1196
f 1194 1180 1185
f 1194 1188 1180
f 1194 1185 1187
f 1197 1193 1182
f 1197 1182 1183
f 1197 1183 1189
f 1198 1199 1191
f 1198 1191 1190
f 1200 1192 1184
f 1201 1199 1198
f 1201 1190 1193
f 1201 1198 1190
f 1202 1200 1184
f 1202 1184 1188
f 1203 1197 1189
f 1204 1201 1193
f 1204 1193 1197
f 1205 1203 1189
f 1205 1189 1192
f 1206 1202 1188
f 1206 1194 1196
f 1206 1188 1194
f 1207 1204 1197
f 1207 1197 1203
f 1208 1201 1204
f 1208 1199 1201
f 1209 1205 1192
f 1209 1192 1200
f 1210 1207 1203
f 1210 1203 1205
f 1211 1208 1204
f 1212 1209 1200
f 1212 1200 1202
f 1213 1214 1199
f 1213 1199 1208
f 1215 1205 1209
f 1215 1210 1205
f 1216 1206 1196
f 1216 1196 1107
f 1217 1211 1204
f 1217 1204 1207
f 1218 1213 1208
f 1219 1212 1202
f 1219 1202 1206
f 1220 1215 1209
f 1220 1209 1212
f 1220 1212 1219
f 1221 1207 1210
f 1221 1217 1207
f 1222 1218 1208
f 1222 1208 1211
f 1223 1214 1213
f 1224 1221 1210
f 1224 1210 1215
f 1224 1215 1220
f 1225 1220 1219
f 1226 1211 1217
f 1226 1222 1211
f 1227 1213 1218
f 1227 1218 1222
f 1227 1223 1213
f 1227 1214 1223
f 1228 1206 1216
f 1228 1219 1206
f 1228 1216 1107
f 1228 1225 1219
f 1228 1107 1106
f 1229 1224 1220
f 1230 1217 1221
f 1230 1226 1217
f 1231 1227 1222
f 1232 1230 1221
f 1232 1221 1224
f 1233 1106 1234
f 1233 1228 1106
f 1233 1225 1228
f 1235 1220 1225
f 1235 1229 1220
f 1236 1222 1226
f 1236 1231 1222
f 1237 1214 1227
f 1238 1224 1229
f 1238 1232 1224
f 1238 1229 1235
f 1239 1236 1226
f 1239 1226 1230
f 1240 1237 1227
f 1240 1227 1231
f 1241 1214 1237
f 1241 1242 1214
f 1243 1242 1241
f 1243 1241 1237
f 1244 1239 1230
f 1244 1230 1232
f 1245 1234 1246
f 1245 1235 1225
f 1245 1233 1234
f 1245 1225 1233
f 1247 1238 1235
f 1248 1231 1236
f 1248 1236 1239
f 1248 1240 1231
f 1249 1237 1240
f 1249 1243 1237
f 1249 1242 1243
f 1250 1232 1238
f 1250 1244 1232
f 1251 1248 1239
f 1252 1249 1240
f 1252 1240 1248
f 1253 1251 1239
f 1253 1239 1244
f 1253 1244 1250
f 1254 1235 1245
f 1254 1246 1255
f 1254 1255 1256
f 1254 1247 1235
f 1254 1245 1246
f 1257 1250 1238
f 1257 1238 1247
f 1258 1252 1248
f 1258 1248 1251
f 1259 1250 1257
f 1259 1253 1250
f 1260 1251 1253
f 1260 1258 1251
f 1261 1257 1247
f 1261 1247 1254
f 1261 1256 1262
f 1261 1254 1256
f 1263 1259 1257
f 1264 1253 1259
f 1264 1260 1253
f 1265 1242 1249
f 1265 1266 1242
f 1267 1268 1242
f 1267 1242 1266
f 1269 1266 1265
f 1269 1267 1266
f 1270 1259 1263
f 1270 1264 1259
f 1271 1249 1252
f 1271 1265 1249
f 1272 1269 1265
f 1273 1257 1261
f 1273 1263 1257
f 1273 1262 1274
f 1273 1261 1262
f 1275 1271 1252
f 1275 1252 1258
f 1276 1268 1267
f 1276 1267 1269
f 1277 1265 1271
f 1277 1272 1265
f 1278 1276 1269
f 1278 1268 1276
f 1279 1258 1260
f 1279 1275 1258
f 1280 1270 1263
f 1280 1274 1281
f 1280 1263 1273
f 1280 1281 1270
f 1280 1273 1274
f 1282 1277 1271
f 1282 1271 1275
f 1283 1272 1277
f 1283 1269 1272
f 1283 1278 1269
f 1284 1260 1264
f 1284 1264 1270
f 1284 1279 1260
f 1285 1286 1268
f 1287 1282 1275
f 1287 1275 1279
f 1288 1283 1277
f 1289 1285 1268
f 1289 1268 1278
f 1290 1284 1270
f 1290 1270 1281
f 1291 1287 1279
f 1291 1279 1284
f 1292 1277 1282
f 1292 1288 1277
f 1293 1289 1278
f 1293 1278 1283
f 1294 1286 1285
f 1295 1285 1289
f 1295 1294 1285
f 1296 1292 1282
f 1296 1282 1287
f 1297 1291 1284
f 1297 1284 1290
f 1298 1283 1288
f 1298 1293 1283
f 1299 1289 1293
f 1299 1295 1289
f 1300 1290 1281
f 1300 1297 1290
f 1300 1281 1301
f 1302 1296 1287
f 1302 1287 1291
f 1303 1288 1292
f 1303 1298 1288
f 1304 1305 1306
f 1304 1286 1294
f 1304 1306 1286
f 1307 1299 1293
f 1307 1293 1298
f 1308 1294 1295
f 1308 1305 1304
f 1308 1309 1305
f 1308 1304 1294
f 1310 1303 1292
f 1310 1292 1296
f 1311 1301 1312
f 1311 1297 1300
f 1311 1300 1301
f 1313 1291 1297
f 1313 1302 1291
f 1314 1298 1303
f 1314 1307 1298
f 1315 1295 1299
f 1315 1299 1307
f 1315 1308 1295
f 1315 1309 1308
f 1316 1296 1302
f 1316 1310 1296
f 1317 1303 1310
f 1317 1314 1303
f 1318 1319 1309
f 1318 1315 1307
f 1318 1309 1315
f 1320 1311 1312
f 1320 1313 1297
f 1320 1297 1311
f 1321 1316 1302
f 1321 1302 1313
f 1321 1313 1320
f 1322 1310 1316
f 1322 1317 1310
f 1323 1314 1317
f 1323 1318 1307
f 1323 1307 1314
f 1323 1319 1318
f 1324 1319 1323
f 1324 1325 1319
f 1324 1323 1317
f 1326 1322 1316
f 1326 1316 1321
f 1327 1320 1312
f 1327 1321 1320
f 1327 1312 1328
f 1329 1324 1317
f 1329 1325 1324
f 1329 1317 1322
f 1330 1326 1321
f 1330 1321 1327
f 1330 1327 1328
f 1330 1328 1331
f 1330 1331 1332
f 1333 1330 1332
f 1333 1326 1330
f 1333 1329 1322
f 1333 1325 1329
f 1333 1322 1326
f 1333 1332 1325
f 1334 1306 1335
f 1336 1334 1335
f 1337 1338 1306
f 1337 1334 1336
f 1337 1306 1334
f 1339 1335 1340
f 1339 1336 1335
f 1341 1337 1336
f 1342 1338 1337
f 1343 1339 1340
f 1344 1336 1339
f 1344 1341 1336
f 1345 1338 1342
f 1346 1342 1337
f 1346 1337 1341
f 1347 1340 1348
f 1347 1343 1340
f 1349 1339 1343
f 1349 1344 1339
f 1349 1343 1347
f 1350 1345 1342
f 1351 1341 1344
f 1351 1346 1341
f 1352 1348 1353
f 1352 1347 1348
f 1354 1349 1347
f 1355 1342 1346
f 1355 1350 1342
f 1356 1350 1355
f 1356 1345 1350
f 1356 1338 1345
f 1357 1344 1349
f 1357 1351 1344
f 1358 1354 1347
f 1358 1347 1352
f 1359 1355 1346
f 1359 1351 1357
f 1359 1346 1351
f 1360 1356 1355
f 1361 1352 1353
f 1361 1353 1362
f 1361 1362 1363
f 1364 1349 1354
f 1364 1357 1349
f 1365 1338 1356
f 1366 1359 1357
f 1367 1360 1355
f 1367 1355 1359
f 1368 1352 1361
f 1368 1358 1352
f 1369 1354 1358
f 1369 1364 1354
f 1369 1358 1368
f 1370 1361 1363
f 1370 1368 1361
f 1371 1365 1356
f 1371 1360 1367
f 1371 1356 1360
f 1372 1357 1364
f 1372 1366 1357
f 1373 1359 1366
f 1373 1367 1359
f 1373 1366 1372
f 1374 1375 1338
f 1374 1338 1365
f 1374 1365 1376
f 1377 1371 1367
f 1378 1363 1379
f 1378 1369 1368
f 1378 1370 1363
f 1378 1368 1370
f 1380 1372 1364
f 1380 1364 1369
f 1381 1373 1372
f 1382 1365 1371
f 1382 1376 1365
f 1383 1375 1374
f 1383 1374 1376
f 1384 1367 1373
f 1384 1377 1367
f 1385 1372 1380
f 1385 1381 1372
f 1386 1382 1371
f 1386 1371 1377
f 1387 1382 1386
f 1387 1376 1382
f 1387 1383 1376
f 1388 1378 1379
f 1388 1369 1378
f 1388 1380 1369
f 1388 1385 1380
f 1389 1373 1381
f 1389 1384 1373
f 1390 1384 1389
f 1390 1377 1384
f 1390 1386 1377
f 1391 1387 1386
f 1392 1385 1388
f 1392 1379 1393
f 1392 1388 1379
f 1394 1389 1381
f 1394 1385 1392
f 1394 1381 1385
f 1395 1390 1389
f 1396 1391 1386
f 1396 1386 1390
f 1397 1398 1375
f 1399 1392 1393
f 1399 1394 1392
f 1400 1395 1389
f 1400 1389 1394
f 1401 1396 1390
f 1401 1390 1395
f 1401 1395 1400
f 1402 1375 1383
f 1402 1397 1375
f 1403 1397 1402
f 1403 1398 1397
f 1404 1401 1400
f 1405 1402 1383
f 1405 1383 1387
f 1406 1393 1407
f 1406 1399 1393
f 1406 1394 1399
f 1406 1400 1394
f 1408 1398 1403
f 1408 1403 1402
f 1409 1405 1387
f 1409 1387 1391
f 1410 1402 1405
f 1410 1408 1402
f 1410 1405 1409
f 1411 1412 1404
f 1411 1404 1400
f 1411 1400 1406
f 1413 1414 1398
f 1415 1407 1412
f 1415 1412 1411
f 1415 1411 1406
f 1415 1406 1407
f 1416 1391 1396
f 1416 1409 1391
f 1417 1410 1409
f 1418 1414 1413
f 1418 1413 1398
f 1418 1398 1408
f 1419 1396 1401
f 1419 1416 1396
f 1420 1409 1416
f 1420 1417 1409
f 1420 1416 1419
f 1421 1408 1410
f 1421 1418 1408
f 1421 1410 1417
f 1422 1419 1401
f 1422 1404 1412
f 1422 1401 1404
f 1423 1420 1419
f 1424 1421 1417
f 1425 1414 1418
f 1426 1419 1422
f 1426 1423 1419
f 1427 1417 1420
f 1427 1424 1417
f 1428 1418 1421
f 1428 1421 1424
f 1428 1425 1418
f 1429 1430 1414
f 1429 1425 1428
f 1429 1414 1425
f 1431 1430 1429
f 1432 1427 1420
f 1432 1420 1423
f 1433 1424 1427
f 1433 1428 1424
f 1434 1429 1428
f 1434 1428 1433
f 1435 1412 1436
f 1435 1436 1426
f 1435 1422 1412
f 1435 1426 1422
f 1437 1431 1429
f 1437 1429 1434
f 1438 1423 1426
f 1438 1426 1436
f 1438 1432 1423
f 1439 1433 1427
f 1439 1427 1432
f 1440 1433 1439
f 1440 1434 1433
f 1441 1437 1434
f 1442 1430 1431
f 1442 1431 1437
f 1443 1439 1432
f 1444 1440 1439
f 1445 1441 1434
f 1445 1434 1440
f 1446 1437 1441
f 1446 1442 1437
f 1447 1436 1448
f 1447 1448 1449
f 1447 1449 1450
f 1447 1450 1451
f 1447 1451 1452
f 1447 1452 1453
f 1447 1453 1438
f 1447 1438 1436
f 1454 1438 1453
f 1454 1443 1432
f 1454 1432 1438
f 1455 1444 1439
f 1455 1443 1454
f 1455 1439 1443
f 1456 1430 1442
f 1457 1440 1444
f 1457 1445 1440
f 1458 1446 1441
f 1458 1441 1445
f 1458 1445 1457
f 1459 1442 1446
f 1459 1456 1442
f 1460 1455 1454
f 1461 1444 1455
f 1461 1457 1444
f 1462 1458 1457
f 1463 1453 1464
f 1463 1454 1453
f 1465 1466 1430
f 1465 1430 1456
f 1467 1446 1458
f 1467 1459 1446
f 1468 1455 1460
f 1468 1461 1455
f 1469 1457 1461
f 1469 1462 1457
f 1469 1461 1468
f 1470 1460 1454
f 1470 1463 1464
f 1470 1454 1463
f 1471 1466 1465
f 1471 1465 1456
f 1472 1458 1462
f 1472 1467 1458
f 1473 1464 1474
f 1473 1470 1464
f 1475 1469 1468
f 1476 1456 1459
f 1476 1471 1456
f 1477 1470 1473
f 1477 1473 1474
f 1477 1468 1460
f 1477 1474 1478
f 1477 1460 1470
f 1479 1472 1462
f 1479 1462 1469
f 1479 1469 1475
f 1480 1476 1459
f 1480 1459 1467
f 1481 1475 1468
f 1481 1468 1477
f 1482 1479 1475
f 1483 1481 1477
f 1483 1477 1478
f 1484 1480 1467
f 1484 1467 1472
f 1485 1475 1481
f 1485 1478 1486
f 1485 1486 1482
f 1485 1481 1483
f 1485 1483 1478
f 1485 1482 1475
f 1487 1484 1472
f 1487 1472 1479
f 1488 1109 1466
f 1488 1466 1471
f 1488 1489 1490
f 1488 1490 1109
f 1491 1486 1492
f 1491 1482 1486
f 1491 1479 1482
f 1491 1487 1479
f 1493 1471 1476
f 1493 1476 1480
f 1493 1494 1489
f 1493 1489 1488
f 1493 1488 1471
f 1495 1493 1480
f 1495 1480 1484
f 1495 1494 1493
f 1496 1497 1494
f 1496 1495 1484
f 1496 1494 1495
f 1498 1497 1496
f 1498 1484 1487
f 1498 1496 1484
f 1499 1491 1492
f 1499 1492 1598
f 1499 1598 1497
f 1499 1497 1498
f 1499 1487 1491
f 1499 1498 1487
f 1500 1501 1502
f 1500 1502 1503
f 1500 1503 1504
f 1505 1500 1504
f 1506 1507 1501
f 1506 1500 1505
f 1506 1501 1500
f 1508 1505 1504
f 1509 1506 1505
f 1510 1511 1507
f 1510 1506 1509
f 1510 1507 1506
f 1512 1505 1508
f 1512 1509 1505
f 1513 1510 1509
f 1514 1508 1504
f 1515 1513 1509
f 1515 1509 1512
f 1516 1517 1511
f 1516 1511 1510
f 1518 1508 1514
f 1518 1512 1508
f 1519 1510 1513
f 1519 1516 1510
f 1520 1504 1521
f 1520 1518 1514
f 1520 1514 1504
f 1522 1515 1512
f 1522 1512 1518
f 1523 1515 1522
f 1523 1513 1515
f 1523 1519 1513
f 1524 1518 1520
f 1525 1526 1362
f 1525 1362 1517
f 1525 1517 1516
f 1527 1520 1521
f 1528 1526 1525
f 1528 1516 1519
f 1528 1525 1516
f 1529 1522 1518
f 1529 1518 1524
f 1530 1523 1522
f 1531 1520 1527
f 1531 1524 1520
f 1532 1526 1528
f 1532 1528 1519
f 1532 1519 1523
f 1533 1524 1531
f 1533 1529 1524
f 1534 1522 1529
f 1534 1530 1522
f 1535 1521 1536
f 1535 1527 1521
f 1537 1526 1532
f 1537 1538 1526
f 1537 1532 1523
f 1537 1523 1530
f 1539 1535 1536
f 1540 1527 1535
f 1540 1535 1539
f 1540 1531 1527
f 1541 1534 1529
f 1541 1529 1533
f 1542 1540 1539
f 1543 1544 1538
f 1543 1538 1537
f 1543 1530 1534
f 1543 1537 1530
f 1545 1533 1531
f 1545 1531 1540
f 1546 1539 1536
f 1547 1540 1542
f 1547 1545 1540
f 1548 1536 1549
f 1548 1546 1536
f 1550 1542 1539
f 1550 1539 1546
f 1550 1546 1548
f 1551 1534 1541
f 1551 1543 1534
f 1551 1544 1543
f 1552 1533 1545
f 1552 1541 1533
f 1552 1545 1547
f 1553 1548 1549
f 1553 1550 1548
f 1554 1542 1550
f 1554 1547 1542
f 1555 1552 1547
f 1556 1550 1553
f 1556 1554 1550
f 1557 1558 1544
f 1557 1544 1551
f 1557 1551 1541
f 1557 1541 1552
f 1559 1547 1554
f 1559 1555 1547
f 1560 1549 1561
f 1562 1558 1557
f 1562 1552 1555
f 1562 1557 1552
f 1563 1554 1556
f 1563 1559 1554
f 1564 1553 1549
f 1564 1549 1560
f 1565 1560 1561
f 1566 1567 1558
f 1566 1558 1562
f 1566 1555 1559
f 1566 1562 1555
f 1568 1553 1564
f 1568 1556 1553
f 1569 1565 1561
f 1570 1564 1560
f 1570 1560 1565
f 1571 1566 1559
f 1571 1567 1566
f 1571 1559 1563
f 1572 1569 1561
f 1573 1570 1565
f 1573 1565 1569
f 1574 1564 1570
f 1574 1570 1573
f 1574 1568 1564
f 1575 1556 1568
f 1575 1563 1556
f 1576 1569 1572
f 1576 1573 1569
f 1577 1574 1573
f 1578 1577 1573
f 1578 1573 1576
f 1579 1568 1574
f 1579 1575 1568
f 1580 1581 1567
f 1580 1567 1571
f 1580 1571 1563
f 1580 1563 1575
f 1580 1575 1579
f 1582 1574 1577
f 1582 1579 1574
f 1583 1572 1561
f 1583 1576 1572
f 1583 1561 1584
f 1583 1584 1585
f 1583 1585 1586
f 1587 1582 1577
f 1587 1577 1578
f 1588 1583 1586
f 1588 1586 1589
f 1588 1576 1583
f 1588 1578 1576
f 1590 1580 1579
f 1590 1579 1582
f 1590 1581 1580
f 1591 1590 1582
f 1591 1582 1587
f 1591 1581 1590
f 1592 1589 1593
f 1592 1588 1589
f 1592 1578 1588
f 1594 1595 1581
f 1594 1581 1591
f 1594 1591 1587
f 1596 1592 1593
f 1596 1587 1578
f 1596 1578 1592
f 1596 1594 1587
f 1597 1598 1595
f 1597 1593 1598
f 1597 1595 1594
f 1597 1596 1593
f 1597 1594 1596
f 1599 1600 1601
f 1599 1602 1600
f 1603 1601 1604
f 1603 1604 1605
f 1603 1599 1601
f 1606 1607 1608
f 1606 1608 1602
f 1606 1602 1599
f 1609 1605 1610
f 1609 1610 1611
f 1609 1611 1612
f 1609 1612 1613
f 1609 1603 1605
f 1614 1615 1607
f 1614 1607 1606
f 1614 1606 1599
f 1614 1599 1603
f 1616 1613 1617
f 1616 1617 1615
f 1616 1603 1609
f 1616 1615 1614
f 1616 1609 1613
f 1616 1614 1603
f 1618 1619 1620
f 1618 1620 1621
f 1622 1623 1707
f 1624 1623 1622
f 1625 1623 1624
f 1626 1618 1623
f 1626 1627 1619
f 1626 1619 1618
f 1628 1625 1629
f 1628 1630 1627
f 1628 1623 1625
f 1628 1627 1626
f 1628 1626 1623
f 1631 1629 1632
f 1631 1628 1629
f 1631 1630 1628
f 1633 1632 1634
f 1633 1635 1630
f 1633 1630 1631
f 1633 1631 1632
f 1633 1634 1635
f 1636 1634 1637
f 1636 1638 1635
f 1636 1635 1634
f 1636 1637 1638
f 1639 1637 1612
f 1639 1612 1640
f 1639 1640 1641
f 1639 1641 1642
f 1639 1642 1643
f 1639 1643 1644
f 1639 1644 1600
f 1639 1600 1638
f 1639 1638 1637
f 1645 1646 1647
f 1645 1647 1648
f 1645 1648 1720
f 1649 1645 1720
f 1649 1646 1645
f 1650 1707 1651
f 1650 1651 1652
f 1650 1652 1621
f 1650 1621 1646
f 1650 1720 1707
f 1650 1646 1649
f 1650 1649 1720
f 1653 1654 1655
f 1653 1655 1656
f 1657 1658 1659
f 1660 1658 1661
f 1660 1659 1658
f 1662 1658 1657
f 1663 1658 1662
f 1664 1660 1661
f 1665 1658 1663
f 1612 1664 1661
f 1613 1612 1661
f 1666 1667 1668
f 1669 1670 1671
f 1669 1671 1672
f 1669 1672 1673
f 1669 1673 1674
f 1669 1674 1675
f 1669 1675 1676
f 1669 1676 1677
f 1669 1677 1678
f 1669 1678 1679
f 1680 1681 1670
f 1680 1670 1669
f 1682 1683 1654
f 1682 1654 1653
f 1684 1685 1683
f 1684 1683 1682
f 1686 1685 1684
f 1686 1687 1688
f 1686 1688 1689
f 1686 1689 1685
f 1690 1658 1665
f 1690 1653 1658
f 1690 1682 1653
f 1691 1684 1682
f 1691 1682 1690
f 1692 1665 1693
f 1692 1693 1694
f 1692 1694 1695
f 1692 1695 1696
f 1692 1696 1697
f 1692 1697 1698
f 1692 1698 1699
f 1692 1699 1700
f 1692 1700 1701
f 1692 1701 1702
f 1692 1702 1703
f 1692 1690 1665
f 1692 1703 1704
f 1692 1704 1705
f 1692 1705 1706
f 1692 1706 1707
f 1708 1687 1686
f 1708 1709 1687
f 1708 1684 1691
f 1708 1686 1684
f 1710 1691 1690
f 1710 1692 1707
f 1710 1690 1692
f 1710 1707 1711
f 1712 1713 1714
f 1712 1714 1715
f 1712 1715 1709
f 1712 1691 1710
f 1712 1710 1711
f 1712 1708 1691
f 1712 1709 1708
f 1716 1666 1717
f 1716 1717 1718
f 1716 1718 1713
f 1716 1711 1719
f 1716 1719 1720
f 1716 1720 1667
f 1716 1713 1712
f 1716 1667 1666
f 1716 1712 1711
f 1721 1722 1666
f 1721 1668 1723
f 1721 1723 1724
f 1721 1666 1668
f 1721 1724 1722
f 1725 1726 1727
f 1725 1727 1728
f 1725 1728 1729
f 1725 1729 1730
f 1731 1724 1726
f 1731 1722 1724
f 1731 1726 1725
f 1732 1730 1733
f 1732 1733 1681
f 1732 1681 1680
f 1732 1725 1730
f 1734 1735 1736
f 1734 1736 1722
f 1734 1732 1680
f 1734 1731 1725
f 1734 1722 1731
f 1734 1680 1737
f 1734 1737 1738
f 1734 1738 1735
f 1734 1725 1732
f 1739 1740 1741
f 1742 1739 1741
f 1743 1742 1741
f 1744 1743 1741
f 1745 1743 1744
f 1746 1747 1748
f 1749 1750 1751
f 1752 1749 1751
f 1753 1752 1751
f 1753 1751 1754
f 1755 1753 1754
f 1755 1754 1756
f 1757 1755 1756
f 1757 1756 1758
f 1759 1757 1758
f 1760 1759 1758
f 1761 1760 1758
f 1762 1763 1764
f 1762 1764 1765
f 1766 1765 1767
f 1766 1767 1761
f 1766 1761 1758
f 1766 1762 1765
f 1768 1769 1763
f 1768 1763 1762
f 1770 1771 1772
f 1770 1772 1773
f 1770 1773 1769
f 1770 1769 1768
f 1774 1775 1776
f 1774 1776 1771
f 1774 1771 1770
f 1777 1778 1779
f 1777 1779 1780
f 1777 1780 1781
f 1777 1781 1775
f 1777 1775 1774
f 1782 1783 1778
f 1782 1778 1777
f 1784 1783 1782
f 1784 1785 1783
f 1786 1785 1784
f 1787 1785 1786
f 1787 1788 1789
f 1787 1789 1790
f 1787 1790 1785
f 1791 1788 1787
f 1792 1793 1794
f 1795 1793 1792
f 1796 1793 1795
f 1797 1798 1799
f 1797 1799 1800
f 1801 1797 1800
f 1802 1798 1797
f 1802 1803 1798
f 1804 1801 1800
f 1805 1797 1801
f 1805 1801 1804
f 1805 1802 1797
f 1806 1807 1803
f 1806 1803 1802
f 1808 1802 1805
f 1808 1806 1802
f 1809 1808 1805
f 1809 1804 1800
f 1809 1805 1804
f 1810 1807 1806
f 1811 1808 1809
f 1812 1806 1808
f 1812 1810 1806
f 1813 1807 1810
f 1813 1810 1812
f 1813 1814 1807
f 1815 1800 1816
f 1817 1814 1813
f 1818 1800 1815
f 1818 1809 1800
f 1819 1813 1812
f 1819 1817 1813
f 1820 1808 1811
f 1820 1812 1808
f 1821 1814 1817
f 1822 1817 1819
f 1823 1815 1816
f 1824 1811 1809
f 1824 1809 1818
f 1824 1820 1811
f 1825 1814 1821
f 1825 1826 1814
f 1827 1818 1815
f 1828 1823 1816
f 1829 1822 1819
f 1829 1819 1812
f 1829 1812 1820
f 1830 1817 1822
f 1830 1821 1817
f 1831 1822 1829
f 1832 1821 1830
f 1832 1825 1821
f 1833 1824 1818
f 1833 1818 1827
f 1834 1827 1815
f 1834 1815 1823
f 1835 1832 1836
f 1835 1825 1832
f 1835 1826 1825
f 1835 1836 1826
f 1837 1832 1830
f 1837 1830 1822
f 1837 1822 1831
f 1838 1829 1820
f 1838 1820 1824
f 1839 1840 1841
f 1839 1841 1842
f 1839 1834 1823
f 1839 1828 1840
f 1839 1823 1828
f 1843 1836 1832
f 1843 1832 1837
f 1843 1844 1836
f 1845 1846 1847
f 1845 1847 1840
f 1845 1828 1816
f 1845 1840 1828
f 1845 1816 1741
f 1848 1827 1834
f 1848 1833 1827
f 1848 1834 1839
f 1849 1829 1838
f 1850 1824 1833
f 1850 1838 1824
f 1851 1842 1852
f 1851 1852 1853
f 1851 1839 1842
f 1851 1853 1848
f 1851 1848 1839
f 1854 1829 1849
f 1854 1831 1829
f 1855 1856 1857
f 1855 1857 1846
f 1855 1846 1845
f 1855 1741 1740
f 1855 1845 1741
f 1855 1740 1856
f 1858 1849 1838
f 1858 1838 1850
f 1859 1837 1831
f 1859 1831 1854
f 1860 1850 1833
f 1860 1848 1853
f 1860 1833 1848
f 1861 1854 1849
f 1861 1849 1858
f 1862 1853 1863
f 1862 1863 1864
f 1862 1860 1853
f 1865 1837 1859
f 1865 1844 1843
f 1865 1843 1837
f 1866 1861 1858
f 1866 1858 1850
f 1866 1850 1860
f 1867 1844 1865
f 1868 1854 1861
f 1868 1859 1854
f 1869 1864 1870
f 1869 1866 1860
f 1869 1860 1862
f 1869 1862 1864
f 1871 1861 1866
f 1872 1865 1859
f 1872 1859 1868
f 1872 1867 1865
f 1873 1869 1870
f 1873 1866 1869
f 1873 1871 1866
f 1874 1844 1867
f 1874 1875 1844
f 1874 1867 1872
f 1874 1872 1875
f 1876 1868 1861
f 1876 1861 1871
f 1876 1871 1873
f 1877 1876 1873
f 1878 1872 1868
f 1878 1868 1876
f 1878 1875 1872
f 1879 1877 1880
f 1879 1876 1877
f 1879 1878 1876
f 1881 1870 1882
f 1881 1882 1883
f 1884 1879 1880
f 1884 1878 1879
f 1884 1880 1885
f 1884 1885 1875
f 1884 1875 1878
f 1886 1883 1887
f 1886 1873 1870
f 1886 1881 1883
f 1886 1870 1881
f 1888 1877 1873
f 1888 1873 1886
f 1888 1880 1877
f 1889 1886 1887
f 1889 1887 1890
f 1889 1888 1886
f 1891 1880 1888
f 1891 1892 1893
f 1891 1893 1880
f 1894 1890 1895
f 1894 1895 1896
f 1894 1889 1890
f 1894 1891 1888
f 1894 1888 1889
f 1897 1894 1896
f 1897 1891 1894
f 1897 1896 1898
f 1899 1892 1891
f 1899 1891 1897
f 1899 1897 1898
f 1899 1898 1900
f 1899 1900 1892
f 1901 1896 1902
f 1901 1902 1903
f 1904 1896 1901
f 1904 1901 1903
f 1904 1898 1896
f 1905 1903 1906
f 1905 1906 1907
f 1908 1907 1909
f 1910 1903 1905
f 1910 1904 1903
f 1911 1912 1913
f 1911 1913 1914
f 1915 1898 1904
f 1915 1904 1910
f 1915 1910 1916
f 1915 1916 1898
f 1917 1907 1908
f 1917 1905 1907
f 1918 1914 1747
f 1918 1911 1914
f 1919 1909 1912
f 1919 1912 1911
f 1919 1908 1909
f 1920 1910 1905
f 1920 1905 1917
f 1920 1916 1910
f 1921 1746 1922
f 1921 1747 1746
f 1921 1918 1747
f 1923 1911 1918
f 1923 1919 1911
f 1924 1920 1917
f 1924 1917 1908
f 1924 1908 1919
f 1924 1919 1923
f 1925 1918 1921
f 1925 1923 1918
f 1926 1924 1923
f 1927 1916 1920
f 1927 1920 1924
f 1928 1923 1925
f 1928 1926 1923
f 1929 1930 1931
f 1929 1931 1932
f 1929 1932 1933
f 1934 1916 1927
f 1934 1924 1926
f 1934 1927 1924
f 1935 1926 1928
f 1935 1916 1934
f 1935 1934 1926
f 1936 1788 1791
f 1936 1794 1788
f 1936 1792 1794
f 1936 1791 1792
f 1937 1922 1930
f 1937 1921 1922
f 1937 1930 1929
f 1938 1925 1921
f 1938 1921 1937
f 1939 1929 1933
f 1939 1933 1940
f 1939 1940 1941
f 1939 1937 1929
f 1942 1941 1793
f 1942 1793 1796
f 1942 1939 1941
f 1942 1796 1943
f 1942 1943 1944
f 1945 1925 1938
f 1945 1928 1925
f 1945 1935 1928
f 1946 1937 1939
f 1947 1935 1945
f 1948 1938 1937
f 1948 1937 1946
f 1949 1939 1942
f 1949 1942 1944
f 1949 1946 1939
f 1950 1948 1946
f 1950 1946 1949
f 1950 1949 1944
f 1950 1944 1951
f 1952 1938 1948
f 1952 1945 1938
f 1953 1947 1945
f 1953 1945 1952
f 1954 1952 1948
f 1954 1948 1950
f 1954 1950 1951
f 1954 1953 1952
f 1955 1953 1954
f 1956 1935 1947
f 1956 1947 1953
f 1956 1953 1955
f 1956 1957 1916
f 1956 1916 1935
f 1958 1955 1954
f 1958 1951 1959
f 1958 1959 1960
f 1958 1954 1951
f 1961 1956 1955
f 1961 1955 1958
f 1961 1957 1956
f 1961 1958 1960
f 1961 1960 1957
f 1962 1963 1964
f 1965 1962 1964
f 1966 1964 1967
f 1966 1965 1964
f 1968 1966 1967
f 1969 1970 1963
f 1969 1963 1962
f 1969 1962 1965
f 1971 1967 1972
f 1971 1968 1967
f 1973 1969 1965
f 1974 1971 1972
f 1975 1972 1976
f 1975 1974 1972
f 1977 1973 1965
f 1977 1966 1968
f 1977 1965 1966
f 1978 1970 1969
f 1979 1974 1975
f 1979 1975 1976
f 1980 1977 1968
f 1981 1969 1973
f 1981 1978 1969
f 1981 1970 1978
f 1982 1976 1983
f 1982 1979 1976
f 1984 1971 1974
f 1984 1968 1971
f 1984 1980 1968
f 1985 1973 1977
f 1985 1981 1973
f 1985 1977 1980
f 1986 1983 1987
f 1986 1982 1983
f 1988 1984 1974
f 1989 1985 1980
f 1990 1986 1987
f 1991 1988 1974
f 1991 1974 1979
f 1992 1989 1980
f 1992 1980 1984
f 1993 1987 1994
f 1993 1990 1987
f 1995 1991 1979
f 1995 1979 1982
f 1996 1993 1994
f 1997 1984 1988
f 1997 1992 1984
f 1998 1995 1982
f 1998 1982 1986
f 1998 1986 1990
f 1999 1994 2000
f 1999 1996 1994
f 2001 1997 1988
f 2001 1991 1995
f 2001 1988 1991
f 2002 1990 1993
f 2002 1998 1990
f 2003 2000 2004
f 2003 1999 2000
f 2005 2001 1995
f 2006 2002 1993
f 2007 2004 2008
f 2007 2003 2004
f 2009 1995 1998
f 2009 1998 2002
f 2009 2005 1995
f 2010 1993 1996
f 2010 2006 1993
f 2011 2009 2002
f 2012 1996 1999
f 2012 2010 1996
f 2013 2002 2006
f 2013 2011 2002
f 2014 1999 2003
f 2014 2012 1999
f 2015 2006 2010
f 2015 2013 2006
f 2016 2007 2008
f 2016 2003 2007
f 2016 2014 2003
f 2017 2010 2012
f 2017 2015 2010
f 2017 2012 2014
f 2018 2019 2020
f 2021 2014 2016
f 2021 2017 2014
f 2022 2019 2018
f 2023 2021 2016
f 2024 2019 2022
f 2025 2008 2026
f 2025 2016 2008
f 2025 2023 2016
f 2027 2028 2029
f 2030 2029 2019
f 2030 2027 2029
f 2031 2030 2019
f 2031 2019 2024
f 2032 2029 2028
f 2032 2033 2029
f 2034 2031 2024
f 2034 2024 2035
f 2036 2032 2028
f 2036 2028 2027
f 2037 2038 2039
f 2040 2035 2041
f 2040 2034 2035
f 2042 2027 2030
f 2042 2030 2031
f 2042 2036 2027
f 2043 2033 2032
f 2044 2041 2045
f 2044 2045 2046
f 2044 2040 2041
f 2047 2042 2031
f 2048 2032 2036
f 2048 2043 2032
f 2049 2050 2033
f 2049 2033 2043
f 2051 2044 2046
f 2052 2034 2040
f 2052 2031 2034
f 2052 2047 2031
f 2053 2036 2042
f 2053 2048 2036
f 2054 2055 2050
f 2054 2050 2049
f 2054 2043 2048
f 2054 2049 2043
f 2056 2051 2046
f 2056 2046 2057
f 2058 2052 2040
f 2059 2053 2042
f 2059 2042 2047
f 2060 2053 2059
f 2060 2055 2054
f 2060 2048 2053
f 2060 2054 2048
f 2061 2056 2057
f 2061 2057 2062
f 2063 2040 2044
f 2063 2058 2040
f 2064 2047 2052
f 2064 2059 2047
f 2065 2059 2064
f 2065 2066 2055
f 2065 2055 2060
f 2065 2060 2059
f 2067 2063 2044
f 2067 2044 2051
f 2068 2058 2063
f 2068 2052 2058
f 2068 2064 2052
f 2069 2066 2065
f 2069 2064 2068
f 2069 2065 2064
f 2070 2067 2051
f 2070 2051 2056
f 2071 2068 2063
f 2072 2073 2066
f 2072 2069 2068
f 2072 2066 2069
f 2074 2070 2056
f 2074 2056 2061
f 2075 2076 2039
f 2077 2063 2067
f 2077 2071 2063
f 2078 2068 2071
f 2078 2073 2072
f 2078 2072 2068
f 2078 2071 2077
f 2079 2061 2080
f 2079 2074 2061
f 2081 2039 2082
f 2081 2075 2039
f 2083 2067 2070
f 2083 2077 2067
f 2084 2085 2073
f 2084 2073 2078
f 2084 2078 2077
f 2086 2087 2076
f 2086 2079 2080
f 2086 2080 2087
f 2088 2070 2074
f 2088 2083 2070
f 2089 2085 2084
f 2089 2083 2088
f 2089 2077 2083
f 2089 2084 2077
f 2090 2086 2076
f 2091 2074 2079
f 2091 2088 2074
f 2092 2093 2085
f 2092 2089 2088
f 2092 2085 2089
f 2092 2088 2091
f 2094 2076 2075
f 2094 2090 2076
f 2095 2091 2079
f 2095 2079 2086
f 2096 2093 2092
f 2096 2092 2091
f 2097 2094 2075
f 2097 2081 2082
f 2097 2075 2081
f 2098 2095 2086
f 2098 2086 2090
f 2099 2100 2093
f 2099 2093 2096
f 2099 2091 2095
f 2099 2096 2091
f 2101 2098 2090
f 2101 2090 2094
f 2102 2098 2101
f 2102 2100 2099
f 2102 2095 2098
f 2102 2099 2095
f 2103 2094 2097
f 2103 2101 2094
f 2104 2100 2102
f 2104 2101 2103
f 2104 2105 2100
f 2104 2102 2101
f 2106 2104 2103
f 2106 2105 2104
f 2107 2103 2097
f 2107 2106 2103
f 2107 2105 2106
f 2107 2082 2108
f 2107 2108 2105
f 2107 2097 2082
f 2109 1981 1985
f 2109 2020 1970
f 2109 1970 1981
f 2110 2024 2022
f 2110 2018 2020
f 2110 2022 2018
f 2111 2015 2017
f 2111 2017 2021
f 2112 2025 2026
f 2112 2023 2025
f 2112 2111 2021
f 2112 2021 2023
f 2113 2026 2038
f 2113 2114 2115
f 2113 2038 2037
f 2113 2037 2114
f 2116 2062 2117
f 2116 2080 2061
f 2116 2039 2076
f 2116 2117 2118
f 2116 2076 2087
f 2116 2118 2115
f 2116 2115 2114
f 2116 2087 2080
f 2116 2037 2039
f 2116 2114 2037
f 2116 2061 2062
f 2119 1989 1992
f 2119 2109 1985
f 2119 1985 1989
f 2120 1997 2001
f 2120 1992 1997
f 2120 2119 1992
f 2121 2109 2119
f 2121 2119 2120
f 2122 2024 2110
f 2122 2109 2121
f 2122 2035 2024
f 2123 2041 2035
f 2123 2035 2122
f 2123 2122 2121
f 2124 2015 2111
f 2124 2011 2013
f 2124 2013 2015
f 2125 2117 2062
f 2125 2113 2115
f 2125 2062 2057
f 2125 2118 2117
f 2125 2115 2118
f 2125 2124 2113
f 2126 2122 2110
f 2126 2110 2020
f 2126 2109 2122
f 2126 2020 2109
f 2127 2120 2001
f 2127 2011 2124
f 2127 2005 2009
f 2127 2001 2005
f 2127 2009 2011
f 2128 2120 2127
f 2128 2127 2124
f 2128 2121 2120
f 2129 2123 2121
f 2129 2124 2125
f 2129 2128 2124
f 2129 2121 2128
f 2130 2045 2041
f 2130 2057 2046
f 2130 2041 2123
f 2130 2123 2129
f 2130 2046 2045
f 2130 2129 2125
f 2130 2125 2057
f 2131 2026 2113
f 2131 2112 2026
f 2131 2111 2112
f 2131 2124 2111
f 2131 2113 2124
f 2132 2133 2134
f 2132 2134 2135
f 2132 2135 2136
f 2137 2136 2138
f 2137 2132 2136
f 2139 2138 2140
f 2139 2140 2141
f 2139 2137 2138
f 2142 2141 2143
f 2142 2139 2141
f 2144 2143 2145
f 2144 2145 2146
f 2144 2146 2147
f 2144 2142 2143
f 2148 2149 2150
f 2148 2150 2151
f 2152 2153 2149
f 2152 2149 2148
f 2154 2155 2156
f 2154 2156 2153
f 2154 2153 2152
f 2157 2158 2155
f 2157 2155 2154
f 2159 2160 2161
f 2159 2161 2158
f 2159 2162 2160
f 2159 2158 2157
f 2163 2164 2133
f 2163 2133 2132
f 2165 2164 2163
f 2166 2167 2164
f 2166 2164 2165
f 2166 2168 2167
f 2169 2142 2144
f 2169 2144 2147
f 2170 2171 2164
f 2170 2164 2167
f 2172 2142 2169
f 2172 2169 2147
f 2173 2171 2170
f 2174 2172 2147
f 2174 2147 2175
f 2174 2176 2177
f 2174 2175 2176
f 2178 2151 2171
f 2178 2148 2151
f 2178 2171 2173
f 2179 2177 2176
f 2179 2176 2175
f 2180 2162 2181
f 2180 2175 2162
f 2180 2179 2175
f 2180 2181 2179
f 2182 2162 2159
f 2183 2137 2139
f 2183 2132 2137
f 2183 2163 2132
f 2184 2142 2172
f 2184 2139 2142
f 2184 2183 2139
f 2185 2186 2168
f 2185 2166 2165
f 2185 2168 2166
f 2187 2186 2185
f 2188 2168 2186
f 2188 2167 2168
f 2188 2170 2167
f 2189 2170 2188
f 2189 2173 2170
f 2190 2189 2188
f 2191 2188 2186
f 2191 2190 2188
f 2192 2177 2179
f 2192 2186 2177
f 2192 2191 2186
f 2192 2179 2181
f 2193 2178 2173
f 2194 2154 2195
f 2196 2178 2193
f 2196 2148 2178
f 2196 2193 2195
f 2196 2195 2154
f 2196 2152 2148
f 2196 2154 2152
f 2197 2194 2198
f 2199 2197 2182
f 2199 2182 2159
f 2199 2154 2194
f 2199 2194 2197
f 2199 2157 2154
f 2199 2159 2157
f 2200 2163 2183
f 2200 2183 2184
f 2200 2201 2187
f 2200 2185 2165
f 2200 2187 2185
f 2200 2184 2201
f 2200 2165 2163
f 2202 2184 2172
f 2202 2172 2174
f 2202 2201 2184
f 2203 2174 2177
f 2203 2202 2174
f 2203 2187 2201
f 2203 2177 2186
f 2203 2186 2187
f 2203 2201 2202
f 2204 2173 2189
f 2204 2189 2190
f 2204 2190 2191
f 2204 2191 2198
f 2205 2193 2173
f 2205 2173 2204
f 2205 2195 2193
f 2205 2194 2195
f 2206 2198 2194
f 2206 2204 2198
f 2206 2205 2204
f 2206 2194 2205
f 2207 2191 2192
f 2207 2192 2181
f 2207 2198 2191
f 2207 2197 2198
f 2208 2181 2162
f 2208 2182 2197
f 2208 2162 2182
f 2208 2207 2181
f 2208 2197 2207
f 2209 2210 2211
f 2212 2211 2213
f 2212 2213 2214
f 2212 2209 2211
f 2215 2214 2216
f 2215 2212 2214
f 2217 2218 2219
f 2217 2216 2220
f 2217 2220 2218
f 2217 2215 2216
f 2221 2222 2223
f 2221 2223 2224
f 2221 2224 2210
f 2221 2210 2209
f 2225 2222 2221
f 2225 2221 2209
f 2226 2227 2222
f 2226 2222 2225
f 2228 2225 2209
f 2228 2227 2226
f 2228 2226 2225
f 2229 2227 2228
f 2230 2209 2212
f 2230 2228 2209
f 2230 2231 2229
f 2230 2229 2228
f 2232 2229 2231
f 2232 2227 2229
f 2233 2212 2215
f 2233 2230 2212
f 2234 2235 2227
f 2234 2227 2232
f 2234 2232 2231
f 2236 2230 2233
f 2237 2217 2219
f 2237 2215 2217
f 2237 2233 2215
f 2238 2239 2231
f 2238 2240 2239
f 2238 2231 2230
f 2238 2230 2236
f 2241 2233 2237
f 2241 2236 2233
f 2241 2237 2219
f 2242 2243 2234
f 2242 2231 2239
f 2242 2234 2231
f 2244 2243 2242
f 2245 2241 2219
f 2246 2219 2247
f 2246 2245 2219
f 2246 2247 2248
f 2246 2248 2240
f 2249 2242 2239
f 2249 2244 2242
f 2250 2251 2235
f 2252 2248 2247
f 2252 2240 2248
f 2253 2240 2252
f 2253 2239 2240
f 2254 2255 2256
f 2254 2256 2251
f 2254 2251 2250
f 2254 2250 2257
f 2254 2257 2258
f 2259 2260 2261
f 2259 2261 2255
f 2259 2254 2258
f 2259 2255 2254
f 2262 2263 2253
f 2264 2247 2265
f 2264 2253 2252
f 2264 2252 2247
f 2264 2265 2262
f 2264 2262 2253
f 2266 2259 2258
f 2266 2260 2259
f 2267 2268 2269
f 2267 2269 2260
f 2270 2265 2271
f 2272 2271 2273
f 2272 2273 2268
f 2272 2267 2274
f 2272 2274 2270
f 2272 2270 2271
f 2272 2268 2267
f 2275 2238 2236
f 2276 2236 2241
f 2276 2241 2245
f 2276 2275 2236
f 2277 2234 2243
f 2277 2235 2234
f 2277 2243 2244
f 2278 2275 2276
f 2279 2240 2238
f 2279 2238 2275
f 2279 2275 2278
f 2279 2246 2240
f 2280 2245 2246
f 2280 2276 2245
f 2280 2278 2276
f 2280 2246 2279
f 2280 2279 2278
f 2281 2277 2244
f 2281 2244 2249
f 2281 2249 2282
f 2283 2250 2235
f 2283 2257 2250
f 2284 2277 2281
f 2284 2281 2282
f 2284 2235 2277
f 2284 2283 2235
f 2285 2266 2258
f 2285 2258 2257
f 2285 2282 2266
f 2285 2284 2282
f 2285 2257 2283
f 2285 2283 2284
f 2286 2239 2253
f 2286 2253 2263
f 2286 2249 2239
f 2287 2249 2286
f 2287 2286 2263
f 2287 2282 2249
f 2288 2287 2263
f 2288 2262 2265
f 2288 2263 2262
f 2289 2266 2282
f 2290 2288 2265
f 2291 2266 2289
f 2291 2260 2266
f 2291 2267 2260
f 2291 2274 2267
f 2292 2290 2265
f 2292 2274 2291
f 2292 2265 2270
f 2292 2291 2289
f 2292 2270 2274
f 2293 2287 2288
f 2293 2288 2290
f 2293 2290 2292
f 2293 2292 2289
f 2293 2289 2282
f 2293 2282 2287
f 2294 2295 2296
f 2297 2296 2298
f 2297 2294 2296
f 2299 2297 2298
f 2300 2301 2295
f 2300 2295 2294
f 2302 2298 2303
f 2302 2299 2298
f 2304 2300 2294
f 2305 2302 2303
f 2306 2303 2307
f 2306 2305 2303
f 2308 2294 2297
f 2308 2304 2294
f 2308 2297 2299
f 2309 2301 2300
f 2310 2306 2307
f 2311 2308 2299
f 2312 2301 2309
f 2312 2300 2304
f 2312 2309 2300
f 2312 2304 2308
f 2313 2307 2314
f 2313 2310 2307
f 2315 2302 2305
f 2315 2299 2302
f 2315 2311 2299
f 2316 2312 2308
f 2317 2315 2305
f 2318 2313 2314
f 2319 2316 2308
f 2319 2311 2315
f 2319 2308 2311
f 2320 2305 2306
f 2320 2317 2305
f 2321 2314 2322
f 2321 2318 2314
f 2323 2319 2315
f 2324 2320 2306
f 2324 2306 2310
f 2325 2321 2322
f 2326 2315 2317
f 2326 2323 2315
f 2326 2317 2320
f 2327 2324 2310
f 2327 2313 2318
f 2327 2310 2313
f 2328 2326 2320
f 2329 2325 2322
f 2329 2322 2330
f 2331 2327 2318
f 2332 2320 2324
f 2332 2324 2327
f 2332 2328 2320
f 2333 2329 2330
f 2334 2318 2321
f 2334 2321 2325
f 2334 2331 2318
f 2335 2332 2327
f 2336 2330 2337
f 2336 2333 2330
f 2338 2334 2325
f 2339 2335 2327
f 2339 2327 2331
f 2340 2337 2341
f 2340 2336 2337
f 2342 2325 2329
f 2342 2338 2325
f 2343 2331 2334
f 2343 2339 2331
f 2344 2329 2333
f 2344 2333 2336
f 2344 2342 2329
f 2345 2334 2338
f 2345 2343 2334
f 2346 2344 2336
f 2347 2338 2342
f 2347 2342 2344
f 2347 2345 2338
f 2348 2341 2349
f 2348 2340 2341
f 2348 2336 2340
f 2348 2346 2336
f 2350 2347 2344
f 2351 2352 2353
f 2354 2344 2346
f 2354 2350 2344
f 2355 2348 2349
f 2355 2346 2348
f 2355 2354 2346
f 2356 2357 2358
f 2356 2358 2359
f 2360 2361 2362
f 2360 2363 2361
f 2364 2359 2365
f 2364 2356 2359
f 2366 2367 2357
f 2366 2357 2356
f 2368 2365 2369
f 2368 2364 2365
f 2370 2356 2364
f 2370 2366 2356
f 2370 2367 2366
f 2371 2369 2372
f 2371 2368 2369
f 2371 2372 2373
f 2374 2375 2367
f 2374 2367 2370
f 2374 2364 2368
f 2374 2370 2364
f 2376 2371 2373
f 2377 2378 2375
f 2377 2368 2371
f 2377 2375 2374
f 2377 2374 2368
f 2377 2371 2376
f 2379 2373 2380
f 2379 2376 2373
f 2381 2379 2380
f 2381 2380 2382
f 2381 2382 2383
f 2384 2378 2377
f 2384 2377 2376
f 2385 2383 2386
f 2385 2381 2383
f 2387 2388 2378
f 2387 2378 2384
f 2387 2376 2379
f 2387 2384 2376
f 2389 2387 2379
f 2389 2388 2387
f 2389 2379 2381
f 2390 2385 2386
f 2391 2389 2381
f 2391 2381 2385
f 2391 2388 2389
f 2391 2392 2388
f 2393 2386 2394
f 2393 2390 2386
f 2395 2391 2385
f 2395 2396 2392
f 2395 2392 2391
f 2395 2385 2390
f 2397 2394 2398
f 2397 2393 2394
f 2399 2395 2390
f 2399 2390 2393
f 2399 2396 2395
f 2400 2398 2401
f 2400 2397 2398
f 2400 2401 2402
f 2403 2404 2396
f 2403 2399 2393
f 2403 2393 2397
f 2403 2396 2399
f 2405 2400 2402
f 2406 2407 2408
f 2409 2410 2404
f 2409 2404 2403
f 2409 2397 2400
f 2409 2403 2397
f 2411 2402 2412
f 2411 2412 2407
f 2411 2405 2402
f 2413 2410 2409
f 2413 2400 2405
f 2413 2409 2400
f 2414 2411 2407
f 2415 2416 2410
f 2415 2410 2413
f 2415 2405 2411
f 2415 2413 2405
f 2417 2408 2418
f 2417 2406 2408
f 2417 2407 2406
f 2417 2414 2407
f 2419 2416 2415
f 2419 2411 2414
f 2419 2415 2411
f 2420 2418 2416
f 2420 2416 2419
f 2420 2417 2418
f 2420 2414 2417
f 2420 2419 2414
f 2421 2312 2316
f 2421 2301 2312
f 2422 2323 2326
f 2422 2421 2316
f 2422 2319 2323
f 2422 2316 2319
f 2423 2353 2301
f 2423 2301 2421
f 2424 2421 2422
f 2424 2423 2421
f 2425 2353 2423
f 2425 2423 2424
f 2426 2353 2425
f 2426 2351 2353
f 2426 2427 2351
f 2428 2429 2427
f 2428 2430 2429
f 2428 2431 2430
f 2428 2427 2426
f 2428 2425 2431
f 2428 2426 2425
f 2432 2345 2347
f 2432 2347 2350
f 2433 2427 2429
f 2433 2352 2351
f 2433 2351 2427
f 2434 2354 2355
f 2434 2432 2350
f 2434 2435 2432
f 2434 2350 2354
f 2434 2355 2349
f 2436 2358 2352
f 2436 2352 2433
f 2437 2434 2349
f 2437 2435 2434
f 2438 2429 2430
f 2438 2430 2431
f 2438 2436 2433
f 2438 2433 2429
f 2439 2358 2436
f 2439 2436 2438
f 2440 2439 2438
f 2441 2437 2349
f 2441 2349 2361
f 2441 2442 2437
f 2443 2441 2361
f 2443 2442 2441
f 2443 2444 2445
f 2443 2361 2363
f 2443 2363 2444
f 2446 2439 2440
f 2446 2358 2439
f 2447 2358 2446
f 2447 2369 2365
f 2447 2365 2359
f 2447 2359 2358
f 2448 2447 2446
f 2449 2448 2446
f 2449 2447 2448
f 2449 2372 2369
f 2449 2373 2372
f 2449 2380 2373
f 2449 2369 2447
f 2450 2445 2444
f 2450 2444 2363
f 2450 2360 2362
f 2450 2363 2360
f 2451 2450 2362
f 2452 2362 2408
f 2452 2451 2362
f 2452 2408 2407
f 2452 2407 2412
f 2453 2422 2326
f 2453 2332 2335
f 2453 2326 2328
f 2453 2328 2332
f 2453 2335 2339
f 2454 2422 2453
f 2454 2424 2422
f 2454 2425 2424
f 2455 2454 2453
f 2456 2345 2432
f 2456 2432 2435
f 2456 2435 2437
f 2456 2339 2343
f 2456 2453 2339
f 2456 2455 2453
f 2456 2343 2345
f 2457 2454 2455
f 2458 2459 2460
f 2458 2460 2431
f 2458 2461 2459
f 2458 2425 2454
f 2458 2454 2457
f 2458 2431 2425
f 2462 2442 2443
f 2462 2437 2442
f 2463 2443 2445
f 2463 2464 2461
f 2463 2465 2464
f 2463 2466 2465
f 2463 2445 2466
f 2463 2458 2467
f 2463 2462 2443
f 2463 2467 2462
f 2463 2461 2458
f 2468 2459 2461
f 2469 2468 2461
f 2469 2461 2464
f 2469 2464 2465
f 2469 2465 2466
f 2469 2466 2445
f 2469 2445 2450
f 2469 2450 2451
f 2470 2386 2383
f 2470 2449 2446
f 2470 2380 2449
f 2470 2382 2380
f 2470 2383 2382
f 2470 2446 2471
f 2472 2398 2394
f 2472 2386 2470
f 2472 2394 2386
f 2472 2470 2473
f 2474 2401 2398
f 2474 2472 2473
f 2474 2402 2401
f 2474 2412 2402
f 2474 2473 2452
f 2474 2452 2412
f 2474 2398 2472
f 2475 2456 2437
f 2475 2455 2456
f 2475 2457 2455
f 2476 2457 2475
f 2476 2475 2437
f 2476 2458 2457
f 2476 2467 2458
f 2476 2462 2467
f 2476 2437 2462
f 2477 2460 2459
f 2477 2440 2438
f 2477 2446 2440
f 2477 2431 2460
f 2477 2438 2431
f 2477 2459 2468
f 2477 2468 2471
f 2477 2471 2446
f 2478 2468 2469
f 2478 2452 2473
f 2478 2451 2452
f 2478 2471 2468
f 2478 2469 2451
f 2478 2470 2471
f 2478 2473 2470
f 2479 2480 2481
f 2482 2483 2484
f 2482 2485 2483
f 2486 2482 2484
f 2487 2485 2482
f 2488 2484 2489
f 2488 2486 2484
f 2490 2487 2482
f 2490 2482 2486
f 2491 2488 2489
f 2492 2493 2485
f 2492 2485 2487
f 2494 2490 2486
f 2494 2486 2488
f 2495 2489 2496
f 2495 2491 2489
f 2497 2487 2490
f 2497 2490 2494
f 2497 2492 2487
f 2498 2494 2488
f 2498 2488 2491
f 2498 2491 2495
f 2499 2496 2500
f 2499 2495 2496
f 2501 2497 2494
f 2502 2495 2499
f 2502 2498 2495
f 2503 2504 2493
f 2503 2493 2492
f 2505 2499 2500
f 2506 2494 2498
f 2506 2501 2494
f 2507 2502 2499
f 2508 2503 2492
f 2508 2492 2497
f 2509 2500 2510
f 2509 2505 2500
f 2511 2506 2498
f 2511 2498 2502
f 2512 2507 2499
f 2512 2499 2505
f 2513 2508 2497
f 2513 2497 2501
f 2514 2509 2510
f 2514 2510 2515
f 2516 2502 2507
f 2516 2511 2502
f 2517 2505 2509
f 2517 2512 2505
f 2518 2501 2506
f 2518 2513 2501
f 2519 2514 2515
f 2520 2507 2512
f 2520 2516 2507
f 2521 2504 2503
f 2522 2517 2509
f 2522 2509 2514
f 2523 2518 2506
f 2523 2506 2511
f 2524 2515 2525
f 2524 2519 2515
f 2526 2520 2512
f 2526 2512 2517
f 2526 2517 2522
f 2527 2503 2508
f 2527 2504 2521
f 2527 2521 2503
f 2528 2514 2519
f 2528 2522 2514
f 2528 2519 2524
f 2529 2523 2511
f 2529 2516 2520
f 2529 2511 2516
f 2530 2524 2525
f 2531 2528 2524
f 2532 2526 2522
f 2533 2508 2513
f 2533 2527 2508
f 2534 2529 2520
f 2535 2525 2536
f 2535 2530 2525
f 2537 2524 2530
f 2537 2531 2524
f 2538 2522 2528
f 2538 2532 2522
f 2539 2513 2518
f 2539 2533 2513
f 2540 2520 2526
f 2540 2534 2520
f 2541 2536 2542
f 2541 2535 2536
f 2543 2530 2535
f 2543 2535 2541
f 2543 2537 2530
f 2544 2531 2537
f 2544 2538 2528
f 2544 2528 2531
f 2545 2518 2523
f 2545 2539 2518
f 2546 2540 2526
f 2546 2526 2532
f 2547 2542 2548
f 2547 2541 2542
f 2549 2537 2543
f 2549 2544 2537
f 2550 2543 2541
f 2551 2545 2523
f 2551 2523 2529
f 2551 2529 2534
f 2552 2532 2538
f 2552 2546 2532
f 2553 2549 2543
f 2554 2541 2547
f 2554 2550 2541
f 2555 2552 2538
f 2555 2538 2544
f 2556 2551 2534
f 2557 2558 2504
f 2559 2543 2550
f 2559 2553 2543
f 2560 2548 2561
f 2560 2547 2548
f 2560 2554 2547
f 2562 2544 2549
f 2562 2555 2544
f 2563 2540 2546
f 2563 2556 2534
f 2563 2534 2540
f 2564 2504 2527
f 2564 2557 2504
f 2565 2559 2550
f 2565 2550 2554
f 2566 2549 2553
f 2566 2562 2549
f 2566 2553 2559
f 2567 2563 2546
f 2568 2527 2533
f 2568 2564 2527
f 2568 2533 2539
f 2569 2570 2558
f 2569 2558 2557
f 2571 2560 2561
f 2571 2554 2560
f 2571 2565 2554
f 2572 2566 2559
f 2573 2546 2552
f 2573 2567 2546
f 2574 2568 2539
f 2575 2557 2564
f 2575 2569 2557
f 2576 2561 2577
f 2576 2559 2565
f 2576 2565 2571
f 2576 2571 2561
f 2576 2572 2559
f 2578 2552 2555
f 2578 2573 2552
f 2579 2539 2545
f 2579 2574 2539
f 2580 2564 2568
f 2580 2575 2564
f 2581 2578 2555
f 2581 2555 2562
f 2582 2545 2551
f 2582 2579 2545
f 2583 2568 2574
f 2583 2580 2568
f 2584 2581 2562
f 2584 2566 2572
f 2584 2562 2566
f 2585 2551 2556
f 2585 2582 2551
f 2586 2570 2569
f 2587 2579 2582
f 2587 2583 2574
f 2587 2574 2579
f 2588 2584 2572
f 2589 2556 2563
f 2589 2585 2556
f 2590 2569 2575
f 2590 2586 2569
f 2591 2587 2582
f 2591 2582 2585
f 2592 2577 2593
f 2592 2588 2572
f 2592 2572 2576
f 2594 2589 2563
f 2594 2563 2567
f 2594 2567 2573
f 2595 2580 2583
f 2595 2590 2575
f 2595 2575 2580
f 2596 2591 2585
f 2597 2577 2592
f 2597 2592 2576
f 2597 2576 2577
f 2598 2594 2573
f 2599 2595 2583
f 2600 2585 2589
f 2600 2596 2585
f 2601 2573 2578
f 2601 2598 2573
f 2602 2583 2587
f 2602 2599 2583
f 2603 2589 2594
f 2603 2600 2589
f 2604 2581 2584
f 2604 2601 2578
f 2604 2578 2581
f 2605 2602 2587
f 2605 2591 2596
f 2605 2587 2591
f 2606 2594 2598
f 2606 2603 2594
f 2606 2598 2601
f 2607 2584 2588
f 2607 2604 2584
f 2608 2606 2601
f 2609 2605 2596
f 2610 2607 2588
f 2611 2601 2604
f 2611 2608 2601
f 2612 2596 2600
f 2612 2609 2596
f 2613 2592 2593
f 2613 2588 2592
f 2613 2610 2588
f 2614 2611 2604
f 2614 2604 2607
f 2615 2612 2600
f 2615 2600 2603
f 2615 2603 2606
f 2616 2613 2593
f 2617 2607 2610
f 2617 2614 2607
f 2618 2615 2606
f 2619 2610 2613
f 2619 2617 2610
f 2619 2593 2620
f 2619 2613 2616
f 2619 2616 2593
f 2621 2618 2606
f 2621 2606 2608
f 2622 2608 2611
f 2622 2621 2608
f 2623 2622 2611
f 2623 2614 2617
f 2623 2611 2614
f 2624 2617 2619
f 2624 2623 2617
f 2625 2619 2620
f 2625 2624 2619
f 2626 2620 2627
f 2626 2625 2620
f 2628 2570 2586
f 2628 2629 2570
f 2628 2586 2590
f 2630 2590 2595
f 2630 2629 2628
f 2630 2628 2590
f 2631 2630 2595
f 2632 2595 2599
f 2632 2631 2595
f 2633 2632 2599
f 2633 2599 2602
f 2633 2602 2605
f 2633 2605 2609
f 2634 2621 2622
f 2634 2622 2623
f 2634 2618 2621
f 2634 2612 2615
f 2634 2615 2618
f 2635 2609 2612
f 2635 2633 2609
f 2635 2612 2634
f 2636 2635 2634
f 2637 2634 2623
f 2637 2636 2634
f 2638 2637 2623
f 2638 2623 2624
f 2639 2624 2625
f 2639 2626 2627
f 2639 2625 2626
f 2639 2638 2624
f 2640 2635 2636
f 2640 2636 2637
f 2640 2641 2635
f 2642 2637 2638
f 2642 2640 2637
f 2642 2639 2627
f 2642 2638 2639
f 2643 2644 2641
f 2645 2646 2647
f 2645 2647 2648
f 2645 2648 2649
f 2650 2651 2643
f 2652 2646 2645
f 2653 2646 2652
f 2653 2654 2655
f 2653 2655 2646
f 2656 2657 2651
f 2656 2653 2657
f 2658 2654 2653
f 2658 2659 2660
f 2658 2660 2654
f 2658 2653 2656
f 2661 2659 2658
f 2661 2662 2659
f 2663 2664 2481
f 2663 2665 2664
f 2666 2661 2667
f 2666 2481 2480
f 2666 2662 2661
f 2666 2667 2665
f 2666 2480 2668
f 2666 2668 2669
f 2666 2669 2662
f 2666 2663 2481
f 2666 2665 2663
f 2670 2671 2629
f 2670 2629 2630
f 2670 2630 2631
f 2672 2670 2644
f 2672 2671 2670
f 2673 2672 2644
f 2674 2649 2671
f 2674 2671 2672
f 2674 2672 2673
f 2675 2645 2649
f 2675 2653 2652
f 2675 2657 2653
f 2675 2674 2657
f 2675 2652 2645
f 2675 2649 2674
f 2676 2677 2678
f 2676 2678 2664
f 2679 2650 2677
f 2679 2665 2667
f 2679 2664 2665
f 2679 2676 2664
f 2679 2677 2676
f 2680 2644 2670
f 2680 2670 2631
f 2680 2632 2633
f 2680 2631 2632
f 2680 2633 2635
f 2680 2635 2641
f 2680 2641 2644
f 2681 2673 2644
f 2681 2644 2643
f 2682 2651 2657
f 2682 2674 2673
f 2682 2657 2674
f 2682 2673 2681
f 2682 2681 2643
f 2682 2643 2651
f 2683 2641 2640
f 2683 2643 2641
f 2684 2677 2650
f 2684 2650 2643
f 2684 2643 2683
f 2685 2651 2650
f 2685 2667 2661
f 2685 2661 2658
f 2685 2658 2656
f 2685 2650 2679
f 2685 2679 2667
f 2685 2656 2651
f 2686 2678 2677
f 2686 2627 2678
f 2686 2677 2684
f 2686 2683 2640
f 2686 2684 2683
f 2686 2642 2627
f 2686 2640 2642
f 2687 2688 2689
f 2690 2687 2689
f 2691 2692 2693
f 2694 2695 2696
f 2697 2698 2699
f 2700 2697 2699
f 2701 2702 2703
f 2701 2703 2687
f 2701 2687 2690
f 2704 2701 2690
f 2704 2690 2705
f 2706 2702 2701
f 2706 2707 2702
f 2708 2705 2709
f 2708 2709 2710
f 2708 2704 2705
f 2711 2706 2701
f 2711 2701 2704
f 2711 2704 2708
f 2712 2710 2713
f 2712 2708 2710
f 2714 2711 2708
f 2715 2716 2707
f 2715 2707 2706
f 2717 2708 2712
f 2717 2714 2708
f 2718 2706 2711
f 2718 2715 2706
f 2719 2714 2717
f 2719 2718 2711
f 2719 2711 2714
f 2720 2721 2716
f 2720 2716 2715
f 2722 2719 2717
f 2723 2718 2719
f 2723 2720 2715
f 2723 2715 2718
f 2724 2723 2719
f 2725 2696 2726
f 2725 2726 2721
f 2725 2721 2720
f 2725 2720 2723
f 2727 2724 2719
f 2727 2719 2722
f 2728 2723 2724
f 2728 2725 2723
f 2729 2730 2731
f 2729 2731 2694
f 2729 2696 2725
f 2729 2694 2696
f 2732 2728 2724
f 2733 2734 2730
f 2733 2725 2728
f 2733 2729 2725
f 2733 2730 2729
f 2735 2724 2727
f 2735 2732 2724
f 2736 2737 2738
f 2736 2738 2734
f 2736 2728 2732
f 2736 2734 2733
f 2736 2733 2728
f 2739 2740 2741
f 2739 2741 2737
f 2739 2732 2735
f 2739 2736 2732
f 2739 2737 2736
f 2742 2713 2692
f 2742 2692 2691
f 2742 2712 2713
f 2743 2717 2712
f 2744 2691 2745
f 2744 2742 2691
f 2746 2743 2712
f 2746 2744 2745
f 2746 2742 2744
f 2746 2712 2742
f 2747 2743 2746
f 2747 2746 2745
f 2747 2717 2743
f 2748 2745 2749
f 2748 2747 2745
f 2750 2748 2749
f 2750 2717 2747
f 2750 2747 2748
f 2750 2722 2717
f 2751 2750 2749
f 2751 2722 2750
f 2752 2749 2753
f 2752 2751 2749
f 2754 2752 2753
f 2754 2722 2751
f 2754 2751 2752
f 2755 2727 2722
f 2755 2754 2753
f 2755 2722 2754
f 2756 2753 2757
f 2756 2755 2753
f 2758 2756 2757
f 2758 2727 2755
f 2758 2755 2756
f 2759 2735 2727
f 2759 2758 2757
f 2759 2727 2758
f 2760 2757 2761
f 2760 2759 2757
f 2762 2735 2759
f 2762 2760 2761
f 2762 2759 2760
f 2763 2762 2761
f 2763 2761 2764
f 2765 2739 2735
f 2765 2735 2762
f 2765 2762 2763
f 2765 2763 2764
f 2766 2739 2765
f 2766 2765 2764
f 2767 2698 2740
f 2767 2740 2739
f 2767 2699 2698
f 2767 2739 2766
f 2768 2767 2766
f 2768 2764 2699
f 2768 2766 2764
f 2768 2699 2767
f 2769 2770 2771
f 2772 2773 2774
f 2775 2776 2777
f 2778 2779 2780
f 2781 2779 2778
f 2782 2781 2778
f 2782 2778 2783
f 2784 2774 2785
f 2786 2787 2788
f 2786 2788 2772
f 2786 2774 2784
f 2786 2772 2774
f 2789 2784 2790
f 2789 2787 2786
f 2789 2786 2784
f 2791 2771 2792
f 2791 2769 2771
f 2793 2780 2769
f 2793 2769 2791
f 2794 2791 2792
f 2794 2792 2795
f 2794 2793 2791
f 2794 2783 2793
f 2796 2778 2780
f 2796 2793 2783
f 2796 2780 2793
f 2796 2783 2778
f 2797 2794 2795
f 2797 2795 2798
f 2797 2798 2799
f 2800 2783 2794
f 2800 2794 2797
f 2801 2800 2797
f 2802 2799 2803
f 2802 2803 2804
f 2805 2797 2799
f 2805 2799 2802
f 2805 2801 2797
f 2806 2805 2802
f 2806 2804 2807
f 2806 2802 2804
f 2806 2807 2808
f 2809 2782 2783
f 2810 2811 2812
f 2810 2812 2779
f 2810 2779 2781
f 2810 2813 2811
f 2810 2781 2782
f 2814 2808 2815
f 2814 2816 2817
f 2818 2809 2816
f 2819 2812 2811
f 2819 2820 2812
f 2819 2811 2813
f 2821 2819 2813
f 2821 2820 2819
f 2822 2823 2818
f 2824 2820 2821
f 2825 2820 2824
f 2826 2827 2820
f 2826 2828 2827
f 2826 2825 2829
f 2826 2829 2828
f 2826 2820 2825
f 2830 2831 2832
f 2833 2790 2784
f 2833 2785 2827
f 2833 2827 2828
f 2833 2784 2785
f 2833 2828 2829
f 2834 2835 2836
f 2837 2833 2829
f 2838 2837 2834
f 2839 2840 2841
f 2842 2838 2839
f 2843 2789 2790
f 2844 2839 2841
f 2844 2845 2842
f 2844 2841 2846
f 2844 2842 2839
f 2847 2843 2845
f 2848 2849 2787
f 2848 2787 2789
f 2850 2851 2852
f 2850 2852 2853
f 2850 2853 2849
f 2850 2848 2854
f 2850 2849 2848
f 2855 2845 2844
f 2855 2844 2846
f 2855 2847 2845
f 2855 2856 2847
f 2855 2846 2777
f 2857 2858 2851
f 2857 2851 2850
f 2857 2850 2854
f 2857 2856 2855
f 2859 2776 2860
f 2859 2860 2858
f 2859 2855 2777
f 2859 2857 2855
f 2859 2777 2776
f 2859 2858 2857
f 2861 2800 2801
f 2861 2805 2817
f 2861 2801 2805
f 2861 2817 2816
f 2861 2816 2809
f 2861 2783 2800
f 2861 2809 2783
f 2862 2805 2806
f 2862 2817 2805
f 2862 2806 2808
f 2862 2808 2814
f 2862 2814 2817
f 2863 2809 2818
f 2863 2782 2809
f 2863 2818 2823
f 2864 2810 2782
f 2864 2863 2823
f 2864 2782 2863
f 2865 2810 2864
f 2865 2864 2823
f 2865 2866 2810
f 2865 2823 2866
f 2867 2814 2815
f 2867 2816 2814
f 2867 2818 2816
f 2867 2815 2822
f 2867 2822 2818
f 2868 2813 2810
f 2868 2810 2866
f 2868 2866 2832
f 2869 2831 2870
f 2869 2813 2868
f 2871 2831 2869
f 2871 2868 2832
f 2871 2869 2868
f 2871 2832 2831
f 2872 2866 2823
f 2872 2832 2866
f 2873 2815 2874
f 2873 2822 2815
f 2873 2823 2822
f 2873 2872 2823
f 2875 2821 2813
f 2875 2869 2870
f 2875 2813 2869
f 2875 2824 2821
f 2875 2825 2824
f 2875 2829 2825
f 2876 2873 2874
f 2876 2832 2872
f 2876 2872 2873
f 2876 2874 2830
f 2876 2830 2832
f 2877 2875 2870
f 2877 2829 2875
f 2877 2870 2835
f 2878 2874 2879
f 2878 2830 2874
f 2878 2831 2830
f 2880 2870 2831
f 2880 2831 2878
f 2880 2835 2870
f 2881 2835 2834
f 2881 2877 2835
f 2882 2834 2837
f 2882 2837 2829
f 2882 2829 2877
f 2882 2881 2834
f 2882 2877 2881
f 2883 2879 2840
f 2883 2878 2879
f 2883 2840 2836
f 2883 2835 2880
f 2883 2880 2878
f 2883 2836 2835
f 2884 2833 2837
f 2884 2837 2838
f 2885 2838 2834
f 2885 2840 2839
f 2885 2836 2840
f 2885 2839 2838
f 2885 2834 2836
f 2886 2790 2833
f 2886 2833 2884
f 2887 2838 2842
f 2887 2884 2838
f 2887 2886 2884
f 2888 2790 2886
f 2888 2887 2842
f 2888 2886 2887
f 2889 2842 2845
f 2889 2790 2888
f 2889 2888 2842
f 2889 2845 2843
f 2889 2843 2790
f 2890 2789 2843
f 2891 2848 2789
f 2891 2854 2848
f 2891 2857 2854
f 2891 2856 2857
f 2891 2789 2890
f 2892 2843 2847
f 2892 2856 2891
f 2892 2847 2856
f 2892 2890 2843
f 2892 2891 2890
f 2893 2894 2895
f 2893 2895 2896
f 2897 2893 2896
f 2898 2899 2894
f 2898 2894 2893
f 2900 2896 2901
f 2900 2897 2896
f 2902 2893 2897
f 2902 2899 2898
f 2902 2898 2893
f 2903 2900 2901
f 2904 2897 2900
f 2904 2902 2897
f 2905 2901 2906
f 2905 2903 2901
f 2907 2905 2906
f 2908 2900 2903
f 2908 2904 2900
f 2909 2907 2906
f 2909 2906 2910
f 2911 2903 2905
f 2911 2908 2903
f 2912 2905 2907
f 2912 2911 2905
f 2913 2899 2902
f 2914 2909 2910
f 2915 2916 2899
f 2915 2899 2913
f 2917 2907 2909
f 2917 2912 2907
f 2918 2902 2904
f 2918 2913 2902
f 2919 2910 2920
f 2919 2914 2910
f 2921 2915 2913
f 2922 2909 2914
f 2922 2917 2909
f 2922 2914 2919
f 2923 2918 2904
f 2923 2904 2908
f 2924 2919 2920
f 2925 2921 2913
f 2925 2918 2923
f 2925 2913 2918
f 2926 2922 2919
f 2926 2919 2924
f 2927 2908 2911
f 2927 2923 2908
f 2928 2920 2929
f 2928 2924 2920
f 2930 2911 2912
f 2930 2927 2911
f 2931 2925 2923
f 2932 2926 2924
f 2933 2928 2929
f 2934 2912 2917
f 2934 2930 2912
f 2935 2923 2927
f 2935 2931 2923
f 2936 2924 2928
f 2936 2932 2924
f 2937 2929 2938
f 2937 2933 2929
f 2939 2927 2930
f 2939 2935 2927
f 2939 2930 2934
f 2940 2922 2926
f 2940 2917 2922
f 2940 2934 2917
f 2941 2936 2928
f 2941 2928 2933
f 2942 2938 2943
f 2942 2937 2938
f 2944 2939 2934
f 2945 2940 2926
f 2945 2926 2932
f 2946 2933 2937
f 2946 2941 2933
f 2947 2942 2943
f 2948 2934 2940
f 2948 2944 2934
f 2949 2945 2932
f 2950 2943 2951
f 2950 2951 2952
f 2950 2947 2943
f 2953 2942 2947
f 2953 2937 2942
f 2953 2946 2937
f 2954 2948 2940
f 2954 2940 2945
f 2955 2949 2932
f 2955 2932 2936
f 2956 2957 2916
f 2958 2953 2947
f 2959 2954 2945
f 2959 2949 2955
f 2959 2945 2949
f 2960 2947 2950
f 2960 2958 2947
f 2960 2952 2958
f 2960 2950 2952
f 2961 2955 2936
f 2961 2936 2941
f 2961 2941 2946
f 2962 2956 2916
f 2963 2959 2955
f 2964 2961 2946
f 2965 2955 2961
f 2965 2963 2955
f 2966 2946 2953
f 2966 2964 2946
f 2967 2961 2964
f 2967 2965 2961
f 2968 2935 2939
f 2968 2969 2935
f 2970 2958 2952
f 2970 2966 2953
f 2970 2953 2958
f 2971 2970 2952
f 2971 2952 2972
f 2973 2974 2967
f 2973 2964 2966
f 2973 2967 2964
f 2973 2966 2970
f 2975 2968 2939
f 2975 2944 2948
f 2975 2939 2944
f 2976 2977 2957
f 2976 2957 2956
f 2978 2974 2973
f 2978 2973 2970
f 2979 2975 2948
f 2980 2974 2978
f 2980 2972 2974
f 2980 2971 2972
f 2980 2970 2971
f 2980 2978 2970
f 2981 2956 2962
f 2981 2976 2956
f 2982 2954 2959
f 2982 2979 2948
f 2982 2948 2954
f 2983 2962 2984
f 2983 2981 2962
f 2985 2982 2959
f 2986 2983 2984
f 2986 2984 2969
f 2987 2959 2963
f 2987 2985 2959
f 2988 2969 2968
f 2988 2986 2969
f 2989 2963 2965
f 2989 2987 2963
f 2990 2991 2977
f 2990 2977 2976
f 2992 2988 2968
f 2992 2968 2975
f 2993 2989 2965
f 2993 2967 2974
f 2993 2965 2967
f 2994 2990 2976
f 2994 2976 2981
f 2995 2992 2975
f 2995 2975 2979
f 2996 2993 2974
f 2997 2994 2981
f 2998 2995 2979
f 2998 2979 2982
f 2998 2982 2985
f 2999 2996 2974
f 2999 3000 2996
f 3001 2997 2981
f 3001 2981 2983
f 3002 2985 2987
f 3002 2998 2985
f 3003 2974 3000
f 3003 2999 2974
f 3003 3000 2999
f 3004 2986 2988
f 3004 3001 2983
f 3004 2983 2986
f 3005 3002 2987
f 3006 3004 2988
f 3007 2987 2989
f 3007 3005 2987
f 3007 2989 2993
f 3008 2988 2992
f 3008 3006 2988
f 3009 2993 2996
f 3009 3007 2993
f 3010 2992 2995
f 3010 3008 2992
f 3011 3012 2991
f 3011 2991 2990
f 3013 2996 3000
f 3013 3009 2996
f 3014 2995 2998
f 3014 3010 2995
f 3015 2990 2994
f 3015 3011 2990
f 3016 3013 3000
f 3016 3017 3013
f 3018 2998 3002
f 3018 3014 2998
f 3019 3000 3017
f 3019 3016 3000
f 3019 3017 3016
f 3020 3015 2994
f 3020 2994 2997
f 3021 3018 3002
f 3021 3002 3005
f 3022 2997 3001
f 3022 3020 2997
f 3023 3007 3009
f 3023 3005 3007
f 3023 3021 3005
f 3024 3022 3001
f 3024 3001 3004
f 3025 3023 3009
f 3026 3004 3006
f 3026 3024 3004
f 3027 3025 3009
f 3027 3013 3017
f 3027 3009 3013
f 3028 3006 3008
f 3028 3008 3010
f 3028 3026 3006
f 3029 3027 3017
f 3029 3030 3027
f 3031 3028 3010
f 3032 3029 3017
f 3032 3030 3029
f 3032 3017 3030
f 3033 3034 3012
f 3033 3012 3011
f 3035 3031 3010
f 3035 3010 3014
f 3035 3014 3018
f 3036 3033 3011
f 3036 3011 3015
f 3037 3035 3018
f 3038 3015 3020
f 3038 3036 3015
f 3039 3037 3018
f 3039 3018 3021
f 3040 3038 3020
f 3040 3020 3022
f 3040 3022 3024
f 3041 3039 3021
f 3041 3021 3023
f 3042 3040 3024
f 3043 3041 3023
f 3043 3023 3025
f 3043 3025 3027
f 3044 3042 3024
f 3044 3024 3026
f 3045 3027 3030
f 3045 3043 3027
f 3046 3044 3026
f 3046 3026 3028
f 3047 3045 3030
f 3047 3048 3045
f 3049 3028 3031
f 3049 3031 3035
f 3049 3046 3028
f 3050 3030 3048
f 3050 3047 3030
f 3050 3048 3047
f 3051 3034 3033
f 3052 3049 3035
f 3053 3033 3036
f 3053 3051 3033
f 3054 3052 3035
f 3054 3035 3037
f 3055 3036 3038
f 3055 3038 3040
f 3055 3053 3036
f 3056 3037 3039
f 3056 3039 3041
f 3056 3054 3037
f 3057 3055 3040
f 3058 3056 3041
f 3059 3060 3034
f 3059 3034 3051
f 3059 3061 3060
f 3062 3057 3040
f 3062 3040 3042
f 3062 3042 3044
f 3063 3043 3045
f 3063 3058 3041
f 3063 3041 3043
f 3064 3062 3044
f 3065 3059 3051
f 3065 3066 3061
f 3065 3061 3059
f 3065 3051 3053
f 3067 3063 3045
f 3067 3045 3048
f 3068 3046 3049
f 3068 3044 3046
f 3068 3064 3044
f 3069 3065 3053
f 3069 3070 3066
f 3069 3055 3057
f 3069 3053 3055
f 3069 3066 3065
f 3071 3067 3048
f 3071 3072 3067
f 3073 3068 3049
f 3074 3069 3057
f 3074 3070 3069
f 3075 3071 3048
f 3075 3072 3071
f 3075 3048 3072
f 3076 3049 3052
f 3076 3073 3049
f 3077 3074 3057
f 3077 3070 3074
f 3077 3057 3062
f 3078 3070 3077
f 3078 3077 3062
f 3078 3079 3070
f 3078 3062 3064
f 3080 3076 3052
f 3080 3052 3054
f 3080 3054 3056
f 3081 3064 3068
f 3081 3078 3064
f 3081 3079 3078
f 3082 3080 3056
f 3083 3081 3068
f 3083 3068 3073
f 3083 3084 3079
f 3083 3079 3081
f 3085 3058 3063
f 3085 3082 3056
f 3085 3056 3058
f 3086 3073 3076
f 3086 3087 3084
f 3086 3083 3073
f 3086 3084 3083
f 3088 3063 3067
f 3088 3085 3063
f 3089 3076 3080
f 3089 3090 3087
f 3089 3087 3086
f 3089 3086 3076
f 3089 3080 3082
f 3091 3067 3072
f 3091 3088 3067
f 3092 3090 3089
f 3092 3089 3082
f 3093 3091 3072
f 3094 3072 3095
f 3094 3093 3072
f 3094 3095 3093
f 3096 3092 3082
f 3096 3097 3090
f 3096 3082 3085
f 3096 3090 3092
f 3098 3099 3097
f 3098 3085 3088
f 3098 3096 3085
f 3098 3097 3096
f 3100 3098 3088
f 3100 3088 3091
f 3100 3099 3098
f 3101 3093 3095
f 3101 3091 3093
f 3101 3099 3100
f 3101 3100 3091
f 3102 3099 3101
f 3102 3095 3103
f 3102 3103 3104
f 3102 3104 3099
f 3102 3101 3095
f 3105 2984 2962
f 3105 2915 2921
f 3105 2921 2925
f 3105 2969 2984
f 3105 2962 2916
f 3105 2916 2915
f 3105 2931 2935
f 3105 2925 2931
f 3105 2935 2969
f 3106 3107 3108
f 3109 3110 3111
f 3112 3113 3114
f 3115 3108 3116
f 3117 3108 3115
f 3117 3115 3116
f 3117 3106 3108
f 3118 3111 3106
f 3118 3106 3117
f 3119 3116 3120
f 3119 3120 3121
f 3122 3119 3121
f 3122 3116 3119
f 3123 3122 3121
f 3123 3117 3116
f 3123 3116 3122
f 3124 3117 3123
f 3124 3118 3117
f 3125 3121 3113
f 3126 3127 3128
f 3126 3128 3109
f 3126 3109 3111
f 3126 3111 3118
f 3129 3125 3113
f 3129 3121 3125
f 3129 3113 3112
f 3129 3123 3121
f 3130 3112 3131
f 3130 3129 3112
f 3130 3124 3123
f 3130 3123 3129
f 3132 3133 3134
f 3132 3134 3127
f 3132 3118 3124
f 3132 3126 3118
f 3132 3127 3126
f 3135 3131 3136
f 3135 3136 3137
f 3135 3137 3133
f 3135 3130 3131
f 3135 3133 3132
f 3135 3132 3124
f 3135 3124 3130
f 3138 3110 3139
f 3138 3139 3140
f 3138 3140 3141
f 3142 3138 3141
f 3143 3144 3145
f 3146 3142 3147
f 3146 3147 3148
f 3146 3148 3149
f 3146 3145 3138
f 3146 3138 3142
f 3150 3143 3145
f 3151 3145 3146
f 3151 3150 3145
f 3152 3150 3151
f 3153 3152 3151
f 3154 3155 3156
f 3157 3154 3156
f 3158 3157 3156
f 3159 3160 3161
f 3159 3161 3162
f 3159 3162 3163
f 3159 3163 3164
f 3165 3160 3159
f 3166 3160 3165
f 3167 3160 3166
f 3168 3160 3167
f 3169 3160 3168
f 3170 3160 3169
f 3171 3160 3170
f 3172 3160 3171
f 3173 3138 3160
f 3174 3160 3172
f 3175 3160 3174
f 3176 3160 3175
f 3177 3173 3160
f 3178 3160 3176
f 3179 3177 3160
f 3179 3160 3178
f 3156 3159 3158
f 3158 3159 3164
f 3180 3181 3182
f 3183 3159 3180
f 3184 3185 3186
f 3184 3186 3187
f 3184 3182 3188
f 3184 3188 3189
f 3184 3189 3185
f 3184 3180 3182
f 3190 3187 3183
f 3190 3184 3187
f 3190 3183 3180
f 3190 3180 3184
f 3191 3192 3193
f 3194 3192 3191
f 3195 3194 3191
f 3196 3191 3197
f 3196 3195 3191
f 3198 3196 3197
f 3158 3199 3200
f 3201 3202 3203
f 3155 3201 3203
f 3204 3205 3206
f 3207 3197 3205
f 3207 3205 3204
f 3208 3204 3206
f 3209 3204 3208
f 3209 3207 3204
f 3210 3206 3211
f 3210 3211 3212
f 3210 3212 3213
f 3210 3213 3214
f 3210 3214 3215
f 3210 3215 3216
f 3210 3216 3217
f 3210 3208 3206
f 3218 3200 3219
f 3218 3219 3220
f 3218 3220 3221
f 3218 3221 3198
f 3218 3197 3207
f 3218 3198 3197
f 3218 3158 3200
f 3222 3217 3223
f 3222 3223 3224
f 3222 3224 3225
f 3222 3225 3226
f 3222 3208 3210
f 3222 3210 3217
f 3222 3209 3208
f 3227 3202 3228
f 3227 3228 3158
f 3227 3158 3218
f 3227 3207 3209
f 3227 3218 3207
f 3229 3226 3230
f 3229 3230 3203
f 3229 3222 3226
f 3229 3227 3209
f 3229 3202 3227
f 3229 3209 3222
f 3229 3203 3202
f 3231 3232 3233
f 3231 3234 3235
f 3231 3235 3236
f 3231 3236 3237
f 3231 3237 3232
f 3238 3234 3231
f 3238 3231 3233
f 3239 3233 3240
f 3239 3240 3241
f 3239 3241 3242
f 3239 3242 3243
f 3239 3243 3234
f 3239 3234 3238
f 3239 3238 3233
f 3244 3245 3246
f 3244 3246 3247
f 3244 3248 3249
f 3244 3249 3250
f 3244 3250 3251
f 3244 3251 3252
f 3244 3252 3253
f 3244 3253 3254
f 3244 3254 3255
f 3244 3255 3256
f 3244 3256 3245
f 3257 3258 3244
f 3257 3244 3247
f 3259 3260 3261
f 3262 3263 3264
f 3262 3265 3263
f 3266 3264 3267
f 3266 3262 3264
f 3268 3267 3269
f 3268 3266 3267
f 3270 3265 3262
f 3271 3272 3265
f 3271 3262 3266
f 3271 3265 3270
f 3271 3270 3262
f 3273 3271 3266
f 3273 3268 3269
f 3273 3266 3268
f 3273 3272 3271
f 3274 3269 3261
f 3274 3260 3272
f 3274 3261 3260
f 3274 3273 3269
f 3274 3272 3273
f 3275 3276 3277
f 3275 3278 3276
f 3279 3280 3278
f 3281 3277 3282
f 3281 3275 3277
f 3281 3278 3275
f 3283 3284 3285
f 3283 3285 3280
f 3283 3280 3279
f 3286 3282 3287
f 3286 3287 3288
f 3286 3281 3282
f 3289 3278 3281
f 3289 3279 3278
f 3290 3291 3284
f 3290 3284 3283
f 3290 3279 3289
f 3290 3283 3279
f 3292 3288 3293
f 3292 3293 3294
f 3292 3294 3295
f 3292 3286 3288
f 3296 3289 3281
f 3296 3281 3286
f 3297 3298 3299
f 3297 3299 3291
f 3297 3291 3290
f 3297 3290 3289
f 3297 3289 3296
f 3300 3295 3301
f 3300 3292 3295
f 3300 3297 3296
f 3300 3286 3292
f 3300 3296 3286
f 3302 3301 3303
f 3302 3303 3298
f 3302 3300 3301
f 3302 3298 3297
f 3302 3297 3300
f 3304 3305 3306
f 3304 3306 3307
f 3308 3307 3309
f 3308 3304 3307
f 3310 3311 3312
f 3310 3312 3305
f 3310 3305 3304
f 3313 3314 3311
f 3313 3308 3309
f 3313 3304 3308
f 3313 3311 3310
f 3313 3310 3304
f 3315 3309 3316
f 3315 3316 3317
f 3315 3317 3314
f 3315 3313 3309
f 3315 3314 3313
f 3318 3319 3320
f 3321 3322 3319
f 3321 3318 3320
f 3321 3319 3318
f 3323 3321 3320
f 3323 3322 3321
f 3324 3325 3326
f 3327 3328 3322
f 3327 3322 3323
f 3329 3320 3325
f 3329 3325 3324
f 3329 3324 3326
f 3329 3323 3320
f 3330 3326 3331
f 3332 3323 3329
f 3332 3327 3323
f 3333 3334 3328
f 3333 3328 3327
f 3335 3331 3336
f 3337 3329 3326
f 3337 3326 3330
f 3338 3336 3339
f 3338 3330 3331
f 3338 3331 3335
f 3338 3335 3336
f 3340 3339 3341
f 3340 3337 3330
f 3340 3338 3339
f 3340 3330 3338
f 3342 3329 3337
f 3342 3332 3329
f 3343 3327 3332
f 3343 3333 3327
f 3344 3342 3337
f 3344 3340 3341
f 3344 3337 3340
f 3345 3346 3347
f 3345 3347 3348
f 3345 3348 3334
f 3345 3334 3333
f 3349 3332 3342
f 3349 3343 3332
f 3350 3341 3351
f 3350 3351 3349
f 3350 3344 3341
f 3350 3342 3344
f 3350 3349 3342
f 3352 3346 3345
f 3352 3333 3343
f 3352 3345 3333
f 3353 3354 3355
f 3353 3355 3346
f 3353 3346 3352
f 3353 3352 3354
f 3356 3349 3351
f 3356 3343 3349
f 3356 3354 3352
f 3356 3352 3343
f 3357 3358 3354
f 3357 3354 3356
f 3359 3357 3356
f 3359 3351 3360
f 3359 3356 3351
f 3361 3358 3357
f 3361 3360 3358
f 3361 3359 3360
f 3361 3357 3359
f 3362 3319 3363
f 3362 3363 3364
f 3365 3364 3366
f 3367 3368 3362
f 3367 3362 3364
f 3367 3364 3365
f 3369 3365 3368
f 3369 3367 3365
f 3369 3368 3367
f 3370 3366 3371
f 3370 3372 3373
f 3370 3365 3366
f 3374 3373 3365
f 3374 3370 3373
f 3374 3365 3370
f 3375 3372 3370
f 3375 3370 3371
f 3376 3372 3375
f 3377 3371 3378
f 3377 3378 3379
f 3377 3375 3371
f 3380 3379 3372
f 3380 3372 3376
f 3380 3376 3375
f 3380 3377 3379
f 3380 3375 3377
f 3381 3905 3382
f 3383 3381 3382
f 3384 3385 3386
f 3384 3386 3387
f 3450 3388 3451
f 3389 3388 3450
f 3390 3454 3453
f 3391 3390 3453
f 3392 3453 3422
f 3392 3391 3453
f 3393 3392 3422
f 3394 3393 3422
f 3395 3394 3422
f 3396 3395 3422
f 3917 3396 3422
f 3397 3390 3913
f 3397 3913 3441
f 3397 3441 3398
f 3397 3398 3389
f 3397 3450 3454
f 3397 3389 3450
f 3397 3454 3390
f 3399 3934 3935
f 3400 3935 3936
f 3400 3399 3935
f 3401 3402 3403
f 3404 3402 3400
f 3404 3936 3403
f 3404 3400 3936
f 3404 3403 3402
f 3918 3384 3405
f 3919 3405 3406
f 3919 3918 3405
f 3407 3919 3406
f 3408 3407 3406
f 3409 3410 3526
f 3409 3526 3528
f 3409 3528 3530
f 3409 3407 3410
f 3513 3409 3530
f 3411 3409 3513
f 3412 3409 3411
f 3508 3412 3411
f 3413 3412 3508
f 4307 3412 3413
f 3414 4307 3413
f 3482 4307 3414
f 3487 4307 3482
f 3415 4307 3487
f 3495 4307 3415
f 3416 3417 3418
f 3419 3416 3418
f 3455 3416 3419
f 3420 3419 3421
f 3420 3455 3419
f 3422 3420 3421
f 3423 3422 3421
f 3917 3423 3386
f 3917 3422 3423
f 3385 3917 3386
f 3440 3442 3424
f 3425 3424 3924
f 3425 3440 3424
f 3426 3924 3427
f 3426 3425 3924
f 3428 3427 3429
f 3428 3429 3928
f 3428 3426 3427
f 3438 3928 3930
f 3438 3930 3430
f 3438 3430 3932
f 3438 3932 3431
f 3438 3431 3432
f 3438 3428 3928
f 3433 3434 3435
f 3433 3435 3436
f 3437 3436 3438
f 3437 3433 3436
f 3439 3437 3438
f 3432 3439 3438
f 3399 3432 3934
f 3399 3439 3432
f 3440 3451 3441
f 3442 3440 3441
f 3443 3444 3445
f 3443 3445 3446
f 3447 3444 3443
f 3448 3444 3447
f 3449 3448 3447
f 3450 3451 3452
f 3453 3454 3455
f 3422 3453 3455
f 3456 3449 3457
f 3456 3457 3458
f 3456 3458 3459
f 3456 3459 3460
f 3456 3460 3461
f 3456 3461 3417
f 3456 3448 3449
f 3462 3417 3455
f 3462 3454 3450
f 3462 3452 3448
f 3462 3448 3456
f 3462 3456 3417
f 3462 3450 3452
f 3462 3455 3454
f 3463 3464 3465
f 3463 3465 3483
f 3463 3483 3503
f 3466 3503 3502
f 3466 3463 3503
f 3467 3502 3468
f 3467 3468 3399
f 3467 3399 3434
f 3467 3466 3502
f 3469 3464 3463
f 3470 3463 3466
f 3470 3469 3463
f 3471 3472 3473
f 3471 3473 3474
f 3471 3474 3464
f 3471 3464 3469
f 3475 3466 3467
f 3475 3470 3466
f 3475 3467 3434
f 3476 3477 3472
f 3476 3469 3470
f 3476 3471 3469
f 3476 3472 3471
f 3478 3434 3479
f 3478 3479 3477
f 3478 3477 3476
f 3478 3475 3434
f 3478 3470 3475
f 3478 3476 3470
f 3480 3505 3481
f 3482 3506 3414
f 3483 3465 3484
f 3399 3468 3485
f 3486 3481 3506
f 3486 3482 3487
f 3486 3487 3488
f 3486 3480 3481
f 3486 3506 3482
f 3489 3490 3480
f 3489 3488 3415
f 3489 3480 3486
f 3489 3486 3488
f 3491 3415 3492
f 3491 3490 3489
f 3491 3489 3415
f 3493 3494 3490
f 3493 3492 3495
f 3493 3495 3496
f 3493 3490 3491
f 3493 3491 3492
f 3497 3496 3498
f 3497 3484 3494
f 3497 3493 3496
f 3497 3494 3493
f 3499 3498 3485
f 3499 3484 3497
f 3499 3497 3498
f 3500 3484 3499
f 3500 3499 3485
f 3501 3468 3502
f 3501 3502 3503
f 3501 3503 3483
f 3501 3483 3484
f 3501 3484 3500
f 3501 3500 3485
f 3501 3485 3468
f 3411 3504 3511
f 3411 3511 3514
f 3411 3514 3513
f 3481 3505 3413
f 3506 3481 3413
f 3414 3506 3413
f 3507 3505 3504
f 3507 3411 3508
f 3507 3508 3413
f 3507 3504 3411
f 3507 3413 3505
f 3509 3537 3538
f 3387 3510 3386
f 3511 3504 3512
f 3513 3514 3515
f 3516 3538 3517
f 3516 3517 3510
f 3516 3387 3518
f 3516 3509 3538
f 3516 3510 3387
f 3519 3520 3509
f 3519 3518 3521
f 3519 3509 3516
f 3519 3516 3518
f 3522 3523 3520
f 3522 3521 3524
f 3522 3520 3519
f 3522 3519 3521
f 3525 3524 3526
f 3525 3512 3523
f 3525 3522 3524
f 3525 3523 3522
f 3527 3526 3528
f 3527 3512 3525
f 3527 3525 3526
f 3529 3528 3530
f 3529 3530 3515
f 3529 3514 3511
f 3529 3512 3527
f 3529 3511 3512
f 3529 3527 3528
f 3529 3515 3514
f 3531 3606 3532
f 3531 3532 3533
f 3531 3533 3534
f 3531 3534 3417
f 3535 3606 3531
f 3535 3531 3417
f 3536 3537 3606
f 3536 3417 3386
f 3536 3386 3510
f 3536 3510 3517
f 3536 3517 3538
f 3536 3538 3537
f 3536 3606 3535
f 3536 3535 3417
f 3539 3464 3540
f 3539 3540 3541
f 3542 3541 3543
f 3542 3539 3541
f 3544 3543 3545
f 3544 3545 3546
f 3544 3546 3434
f 3544 3542 3543
f 3547 3625 3464
f 3547 3464 3539
f 3548 3539 3542
f 3548 3547 3539
f 3549 3434 3574
f 3549 3548 3542
f 3549 3542 3544
f 3549 3544 3434
f 3550 3625 3547
f 3551 3547 3548
f 3551 3550 3547
f 3551 3625 3550
f 3551 3548 3549
f 3551 3574 3625
f 3552 3549 3574
f 3552 3551 3549
f 3552 3574 3551
f 3553 3554 3625
f 3555 3556 3554
f 3555 3625 3574
f 3555 3554 3553
f 3555 3553 3625
f 3557 3574 3556
f 3557 3555 3574
f 3557 3556 3555
f 3558 3559 3554
f 3558 3560 3559
f 3561 3562 3560
f 3561 3554 3556
f 3561 3558 3554
f 3561 3560 3558
f 3563 3556 3567
f 3563 3567 3562
f 3563 3561 3556
f 3563 3562 3561
f 3564 3585 3565
f 3566 3564 3565
f 3567 3565 3568
f 3569 3566 3565
f 3570 3565 3567
f 3570 3569 3565
f 3571 3572 3573
f 3571 3573 3574
f 3571 3574 3568
f 3571 3568 3565
f 3575 3576 3440
f 3575 3440 3425
f 3575 3425 3426
f 3575 3426 3428
f 3575 3428 3438
f 3575 3438 3434
f 3577 3575 3434
f 3577 3576 3575
f 3578 3565 3576
f 3578 3571 3565
f 3578 3576 3577
f 3579 3434 3580
f 3579 3580 3572
f 3579 3571 3578
f 3579 3578 3577
f 3579 3577 3434
f 3579 3572 3571
f 3581 3582 3583
f 3581 3583 3444
f 3584 3585 3586
f 3584 3586 3582
f 3584 3582 3581
f 3587 3588 3451
f 3440 3587 3451
f 3589 3581 3590
f 3589 3590 3588
f 3589 3584 3581
f 3591 3589 3588
f 3591 3584 3589
f 3591 3588 3587
f 3592 3587 3593
f 3592 3593 3584
f 3592 3591 3587
f 3592 3584 3591
f 3594 3595 3596
f 3597 3598 3559
f 3599 3600 3601
f 3599 3601 3602
f 3599 3602 3603
f 3604 3600 3599
f 3605 3606 3604
f 3605 3604 3599
f 3607 3596 3608
f 3607 3609 3594
f 3607 3594 3596
f 3610 3608 3611
f 3610 3611 3612
f 3610 3612 3613
f 3610 3609 3607
f 3610 3607 3608
f 3614 3613 3615
f 3614 3610 3613
f 3614 3609 3610
f 3616 3614 3615
f 3617 3618 3609
f 3619 3615 3620
f 3619 3616 3615
f 3621 3617 3609
f 3621 3618 3617
f 3621 3609 3614
f 3622 3621 3614
f 3622 3614 3616
f 3623 3620 3598
f 3623 3597 3624
f 3623 3598 3597
f 3623 3624 3625
f 3623 3625 3626
f 3623 3626 3627
f 3623 3627 3628
f 3623 3619 3620
f 3629 3616 3619
f 3629 3622 3616
f 3630 3631 3618
f 3632 3618 3621
f 3632 3630 3618
f 3633 3619 3623
f 3633 3629 3619
f 3633 3628 3634
f 3633 3634 3635
f 3633 3635 3636
f 3633 3636 3464
f 3633 3464 3637
f 3633 3637 3638
f 3633 3638 3639
f 3633 3639 3640
f 3633 3623 3628
f 3641 3621 3622
f 3641 3632 3621
f 3642 3622 3629
f 3642 3641 3622
f 3643 3633 3640
f 3643 3629 3633
f 3643 3640 3465
f 3643 3642 3629
f 3644 3645 3646
f 3644 3646 3647
f 3644 3647 3648
f 3644 3648 3606
f 3644 3606 3605
f 3649 3644 3605
f 3649 3605 3650
f 3651 3650 3652
f 3651 3652 3653
f 3651 3653 3654
f 3651 3654 3655
f 3651 3649 3650
f 3656 3537 3645
f 3656 3645 3644
f 3657 3644 3649
f 3657 3649 3651
f 3657 3656 3644
f 3658 3651 3655
f 3658 3657 3651
f 3659 3660 3661
f 3659 3662 3660
f 3663 3661 3664
f 3663 3659 3661
f 3665 3663 3664
f 3665 3664 3666
f 3667 3665 3666
f 3667 3666 3668
f 3669 3668 3670
f 3669 3667 3668
f 3671 3670 3672
f 3671 3669 3670
f 3673 3662 3659
f 3673 3674 3662
f 3675 3659 3663
f 3675 3673 3659
f 3675 3663 3665
f 3675 3674 3673
f 3675 3676 3674
f 3677 3675 3665
f 3677 3676 3675
f 3677 3678 3676
f 3679 3504 3680
f 3681 3665 3667
f 3681 3667 3669
f 3681 3682 3678
f 3681 3677 3665
f 3681 3678 3677
f 3683 3672 3684
f 3683 3671 3672
f 3685 3681 3669
f 3685 3686 3682
f 3685 3682 3681
f 3687 3680 3688
f 3687 3679 3680
f 3689 3671 3683
f 3689 3669 3671
f 3689 3690 3691
f 3689 3691 3692
f 3689 3692 3686
f 3689 3685 3669
f 3689 3686 3685
f 3693 3688 3694
f 3693 3687 3688
f 3695 3684 3679
f 3695 3683 3684
f 3696 3693 3694
f 3697 3679 3687
f 3697 3695 3679
f 3698 3699 3700
f 3698 3700 3701
f 3698 3701 3702
f 3698 3689 3683
f 3698 3702 3690
f 3698 3690 3689
f 3703 3697 3687
f 3703 3687 3693
f 3704 3703 3693
f 3704 3693 3696
f 3705 3658 3655
f 3705 3704 3696
f 3705 3696 3658
f 3706 3683 3695
f 3706 3698 3683
f 3706 3699 3698
f 3706 3707 3708
f 3706 3708 3709
f 3706 3709 3710
f 3706 3710 3699
f 3711 3695 3697
f 3711 3707 3706
f 3711 3697 3703
f 3711 3712 3707
f 3711 3706 3695
f 3713 3711 3703
f 3713 3712 3711
f 3713 3714 3712
f 3715 3704 3705
f 3715 3703 3704
f 3715 3713 3703
f 3715 3714 3713
f 3715 3716 3714
f 3717 3715 3705
f 3717 3716 3715
f 3717 3718 3716
f 3719 3705 3655
f 3719 3717 3705
f 3719 3718 3717
f 3719 3655 3720
f 3719 3720 3718
f 3721 3631 3630
f 3721 3630 3632
f 3722 3721 3632
f 3722 3632 3641
f 3723 3722 3641
f 3723 3641 3642
f 3723 3642 3643
f 3724 3465 3725
f 3724 3726 3723
f 3724 3723 3643
f 3724 3727 3726
f 3724 3728 3727
f 3724 3643 3465
f 3729 3725 3730
f 3729 3730 3731
f 3729 3731 3732
f 3729 3732 3733
f 3729 3728 3724
f 3729 3724 3725
f 3734 3733 3735
f 3734 3735 3736
f 3734 3736 3505
f 3734 3505 3504
f 3734 3729 3733
f 3734 3728 3729
f 3734 3737 3728
f 3738 3737 3734
f 3739 3738 3734
f 3740 3657 3658
f 3740 3656 3657
f 3741 3696 3694
f 3741 3537 3656
f 3741 3694 3742
f 3741 3742 3743
f 3741 3743 3744
f 3741 3744 3745
f 3741 3745 3537
f 3741 3656 3740
f 3741 3658 3696
f 3741 3740 3658
f 3746 3684 3672
f 3746 3734 3504
f 3746 3679 3684
f 3746 3739 3734
f 3746 3504 3679
f 3747 3666 3664
f 3747 3668 3666
f 3748 3746 3672
f 3749 3672 3670
f 3749 3670 3668
f 3749 3747 3748
f 3749 3668 3747
f 3749 3748 3672
f 3750 3721 3722
f 3750 3631 3721
f 3751 3737 3631
f 3751 3631 3750
f 3752 3722 3723
f 3752 3723 3726
f 3752 3726 3727
f 3752 3750 3722
f 3752 3727 3728
f 3752 3728 3737
f 3752 3751 3750
f 3752 3737 3751
f 3753 3631 3737
f 3753 3737 3738
f 3753 3660 3631
f 3754 3660 3753
f 3755 3753 3738
f 3755 3754 3753
f 3755 3738 3739
f 3755 3739 3746
f 3756 3754 3755
f 3756 3755 3746
f 3756 3660 3754
f 3757 3660 3756
f 3757 3756 3746
f 3757 3746 3748
f 3758 3664 3661
f 3758 3661 3660
f 3758 3660 3757
f 3758 3757 3748
f 3758 3747 3664
f 3758 3748 3747
f 3759 3655 3760
f 3759 3760 3761
f 3759 3761 3762
f 3763 3762 3764
f 3763 3759 3762
f 3765 3766 3767
f 3765 3767 3768
f 3769 3764 3766
f 3769 3763 3764
f 3770 3655 3759
f 3771 3770 3759
f 3771 3759 3763
f 3772 3769 3766
f 3772 3765 3768
f 3772 3766 3765
f 3773 3771 3763
f 3773 3763 3769
f 3774 3768 3775
f 3776 3773 3769
f 3776 3769 3772
f 3777 3775 3778
f 3777 3774 3775
f 3779 3768 3774
f 3779 3774 3777
f 3779 3772 3768
f 3780 3778 3781
f 3780 3777 3778
f 3782 3781 3783
f 3782 3780 3781
f 3784 3779 3777
f 3785 3786 3782
f 3785 3783 3787
f 3785 3787 3788
f 3785 3788 3595
f 3785 3595 3786
f 3785 3782 3783
f 3789 3776 3772
f 3789 3772 3779
f 3790 3780 3782
f 3790 3777 3780
f 3790 3784 3777
f 3791 3782 3786
f 3791 3790 3782
f 3792 3779 3784
f 3792 3789 3779
f 3793 3791 3786
f 3793 3786 3794
f 3795 3784 3790
f 3795 3792 3784
f 3796 3790 3791
f 3796 3791 3793
f 3796 3793 3794
f 3796 3795 3790
f 3797 3798 3655
f 3797 3655 3770
f 3799 3798 3797
f 3799 3797 3800
f 3801 3799 3800
f 3802 3801 3800
f 3802 3800 3803
f 3802 3803 3804
f 3805 3802 3804
f 3806 3807 3808
f 3806 3808 3798
f 3806 3798 3799
f 3809 3804 3810
f 3809 3805 3804
f 3811 3812 3813
f 3811 3813 3807
f 3811 3799 3801
f 3811 3807 3806
f 3811 3806 3799
f 3814 3811 3801
f 3814 3801 3802
f 3814 3812 3811
f 3815 3816 3812
f 3815 3802 3805
f 3815 3814 3802
f 3815 3812 3814
f 3817 3809 3810
f 3817 3810 3818
f 3817 3818 3819
f 3820 3821 3816
f 3820 3805 3809
f 3820 3816 3815
f 3820 3815 3805
f 3822 3817 3819
f 3823 3819 3824
f 3823 3824 3825
f 3823 3822 3819
f 3826 3825 3827
f 3826 3823 3825
f 3828 3829 3821
f 3828 3809 3817
f 3828 3821 3820
f 3828 3820 3809
f 3830 3831 3829
f 3830 3829 3828
f 3830 3828 3817
f 3830 3817 3822
f 3832 3833 3831
f 3832 3831 3830
f 3832 3822 3823
f 3832 3830 3822
f 3834 3832 3823
f 3834 3835 3833
f 3834 3823 3826
f 3834 3833 3832
f 3836 3835 3834
f 3836 3834 3826
f 3836 3827 3662
f 3836 3662 3837
f 3836 3837 3838
f 3836 3838 3835
f 3836 3826 3827
f 3839 3789 3792
f 3839 3792 3795
f 3840 3795 3796
f 3840 3839 3795
f 3841 3839 3840
f 3842 3841 3840
f 3843 3840 3796
f 3843 3796 3794
f 3843 3794 3827
f 3843 3842 3840
f 3844 3819 3818
f 3844 3824 3819
f 3845 3844 3846
f 3845 3824 3844
f 3845 3825 3824
f 3845 3827 3825
f 3847 3776 3789
f 3847 3839 3841
f 3847 3841 3848
f 3847 3789 3839
f 3849 3846 3844
f 3849 3844 3818
f 3849 3848 3846
f 3850 3849 3818
f 3850 3818 3810
f 3851 3848 3841
f 3851 3841 3842
f 3851 3843 3827
f 3851 3842 3843
f 3852 3848 3851
f 3852 3851 3827
f 3853 3827 3845
f 3853 3845 3846
f 3853 3848 3852
f 3853 3852 3827
f 3853 3846 3848
f 3854 3776 3847
f 3854 3773 3776
f 3854 3770 3771
f 3854 3771 3773
f 3855 3770 3854
f 3855 3854 3847
f 3856 3855 3847
f 3856 3857 3855
f 3858 3803 3800
f 3858 3857 3856
f 3859 3847 3848
f 3859 3856 3847
f 3859 3848 3849
f 3859 3849 3850
f 3859 3858 3856
f 3860 3804 3803
f 3860 3803 3858
f 3861 3810 3804
f 3861 3804 3860
f 3861 3858 3859
f 3861 3860 3858
f 3862 3850 3810
f 3862 3810 3861
f 3862 3859 3850
f 3862 3861 3859
f 3863 3857 3858
f 3863 3797 3770
f 3863 3770 3855
f 3863 3858 3800
f 3863 3855 3857
f 3863 3800 3797
f 3864 3916 3865
f 3866 3864 3865
f 3867 3866 3865
f 3868 3865 3869
f 3868 3869 3870
f 3868 3870 3871
f 3872 3873 3874
f 3872 3874 3867
f 3872 3865 3868
f 3872 3867 3865
f 3875 3871 3876
f 3875 3868 3871
f 3877 3878 3879
f 3877 3879 3873
f 3877 3868 3875
f 3877 3872 3868
f 3877 3873 3872
f 3880 3876 3881
f 3880 3881 3882
f 3880 3875 3876
f 3883 3877 3875
f 3883 3878 3877
f 3883 3875 3880
f 3884 3882 3885
f 3884 3880 3882
f 3886 3884 3885
f 3887 3883 3880
f 3887 3880 3884
f 3888 3889 3890
f 3888 3890 3878
f 3888 3878 3883
f 3891 3886 3885
f 3891 3887 3884
f 3891 3884 3886
f 3892 3893 3894
f 3892 3894 3889
f 3892 3889 3888
f 3892 3888 3883
f 3892 3883 3887
f 3895 3885 3896
f 3895 3896 3897
f 3895 3897 3898
f 3895 3898 3899
f 3895 3899 3900
f 3895 3900 3893
f 3895 3887 3891
f 3895 3891 3885
f 3895 3892 3887
f 3895 3893 3892
f 3981 3982 3901
f 3902 3981 3901
f 3903 3981 3902
f 3904 3903 3902
f 3905 3906 3907
f 3905 3907 3382
f 3391 3908 3909
f 3390 3910 3911
f 3390 3911 3908
f 3390 3908 3391
f 3392 3391 3909
f 3393 3909 3912
f 3393 3392 3909
f 3913 3914 3910
f 3913 3910 3390
f 3394 3912 3915
f 3394 3393 3912
f 3441 3916 3914
f 3441 3914 3913
f 3396 3915 3896
f 3396 3394 3915
f 3917 3896 3906
f 3917 3396 3896
f 3385 3917 3906
f 3384 3385 3906
f 3384 3906 3905
f 3918 3384 3905
f 3918 3905 3381
f 3947 3916 3441
f 3919 3918 3381
f 3919 3381 3383
f 3920 3919 3383
f 3407 3920 3383
f 3442 3921 3947
f 3442 3947 3441
f 3424 3922 3923
f 3424 3923 3921
f 3424 3921 3442
f 3924 3925 3922
f 3924 3922 3424
f 3427 3925 3924
f 3926 3925 3427
f 3429 3926 3427
f 3927 3926 3429
f 3928 3927 3429
f 3929 3927 3928
f 3929 3928 3930
f 3931 3929 3930
f 3931 3930 3932
f 3933 3931 3932
f 3933 3932 3431
f 3980 3431 3432
f 3980 3432 3934
f 3980 3933 3431
f 3982 3934 3935
f 3982 3980 3934
f 3902 3935 3936
f 3902 3982 3935
f 3904 3937 3495
f 3904 3936 3403
f 3904 3403 3937
f 3904 3902 3936
f 3938 3939 3940
f 3941 3938 3940
f 3942 3938 3941
f 3943 3941 3944
f 3943 3942 3941
f 3885 3943 3944
f 3945 3885 3944
f 3896 3945 3907
f 3896 3885 3945
f 3906 3896 3907
f 3946 3947 3948
f 3946 3948 3949
f 3946 3949 3950
f 3951 3950 3952
f 3951 3952 3953
f 3951 3946 3950
f 3954 3953 3955
f 3954 3951 3953
f 3956 3955 3957
f 3956 3954 3955
f 3958 3959 3956
f 3958 3957 3960
f 3958 3960 3961
f 3958 3961 3962
f 3958 3956 3957
f 3963 3962 3964
f 3963 3958 3962
f 3963 3959 3958
f 3965 3980 3978
f 3965 3978 3959
f 3965 3964 3966
f 3965 3966 3967
f 3965 3967 3968
f 3965 3968 3969
f 3965 3969 3970
f 3965 3970 3971
f 3965 3971 3980
f 3965 3963 3964
f 3965 3959 3963
f 3972 3973 3974
f 3975 3974 3976
f 3975 3972 3974
f 3977 3976 3978
f 3977 3975 3976
f 3979 3977 3978
f 3980 3979 3978
f 3981 3980 3982
f 3981 3979 3980
f 3946 3870 3916
f 3947 3946 3916
f 3983 3984 3985
f 3983 3985 3986
f 3983 3986 3987
f 3983 3987 3988
f 3989 3988 3990
f 3989 3983 3988
f 3991 3984 3983
f 3992 3990 3993
f 3992 3993 3994
f 3992 3994 3995
f 3992 3995 3996
f 3992 3989 3990
f 3997 3983 3989
f 3997 3991 3983
f 3998 3996 3999
f 3998 3999 3939
f 3998 3989 3992
f 3998 3992 3996
f 3998 3997 3989
f 4000 4001 3984
f 4000 3984 3991
f 4002 3991 3997
f 4002 4000 3991
f 4003 4004 3870
f 4003 3870 4001
f 4003 4001 4000
f 4005 3939 4006
f 4005 3997 3998
f 4005 3998 3939
f 4005 4002 3997
f 4007 4008 4009
f 4007 4009 4004
f 4007 4004 4003
f 4007 4000 4002
f 4007 4003 4000
f 4010 4011 4008
f 4010 4008 4007
f 4010 4002 4005
f 4010 4007 4002
f 4012 4006 3885
f 4012 3885 4011
f 4012 4005 4006
f 4012 4011 4010
f 4012 4010 4005
f 4013 3946 4014
f 4015 4016 4013
f 4015 4013 4014
f 4017 4014 4018
f 4017 4015 4014
f 4019 4017 4018
f 4020 4018 4021
f 4020 4019 4018
f 4022 4023 4024
f 4022 4021 4025
f 4022 4025 3978
f 4022 3978 4023
f 4022 4020 4021
f 4022 4024 4020
f 4026 4016 4015
f 4027 4015 4017
f 4027 4026 4015
f 4028 4017 4019
f 4028 4027 4017
f 4029 4016 4026
f 4029 4026 4027
f 4030 4024 4031
f 4030 4028 4019
f 4030 4020 4024
f 4030 4019 4020
f 4032 4029 4027
f 4033 4031 4034
f 4033 4034 4035
f 4033 4035 4036
f 4033 4030 4031
f 4033 4036 4030
f 4037 4036 4038
f 4037 4038 4039
f 4037 4039 4040
f 4037 4027 4028
f 4037 4028 4030
f 4037 4030 4036
f 4037 4040 4032
f 4037 4032 4027
f 4041 4042 4043
f 4041 4043 4044
f 4041 4044 4045
f 4041 4045 4046
f 4041 4046 4016
f 4041 4016 4029
f 4047 4040 4048
f 4047 4048 4042
f 4047 4042 4041
f 4047 4032 4040
f 4047 4029 4032
f 4047 4041 4029
f 4049 4050 4051
f 4049 4051 4052
f 4053 4054 4055
f 4053 4055 4050
f 4053 4050 4049
f 3870 4056 4057
f 3946 4056 3870
f 4058 4049 4059
f 4058 4059 4057
f 4058 4053 4049
f 4060 4058 4057
f 4060 4053 4058
f 4060 4057 4056
f 4061 4056 4062
f 4061 4062 4053
f 4061 4060 4056
f 4061 4053 4060
f 4063 4064 4065
f 4063 4065 4066
f 4063 4066 4067
f 4063 4068 4069
f 4063 4070 4068
f 4063 4067 4071
f 4072 4073 4074
f 4072 4075 4076
f 4072 4074 4075
f 4077 4072 4076
f 4078 4079 4080
f 4078 4080 4081
f 4078 4081 4082
f 4078 4082 4064
f 4078 4063 4069
f 4078 4064 4063
f 4083 4076 4084
f 4083 4077 4076
f 4085 4084 4086
f 4085 4083 4084
f 4087 4088 4089
f 4087 4089 4090
f 4087 4090 4091
f 4087 4091 4092
f 4087 4092 4079
f 4087 4079 4078
f 4087 4078 4069
f 4087 4069 4093
f 4094 4086 4095
f 4094 4095 4096
f 4094 4085 4086
f 4094 4096 4097
f 4098 4088 4087
f 4098 4093 4099
f 4098 4100 4088
f 4098 4087 4093
f 4101 4102 4103
f 4104 4073 4072
f 4104 4098 4099
f 4104 4100 4098
f 4104 4099 4073
f 4105 4100 4104
f 4105 4106 4100
f 4105 4104 4072
f 4107 4072 4077
f 4107 4106 4105
f 4107 4077 4083
f 4107 4105 4072
f 4108 4109 4106
f 4108 4106 4107
f 4108 4107 4083
f 4110 4111 4109
f 4110 4083 4085
f 4110 4109 4108
f 4110 4108 4083
f 4112 4085 4094
f 4112 4111 4110
f 4112 4110 4085
f 4113 4097 4111
f 4113 4094 4097
f 4113 4112 4094
f 4113 4111 4112
f 4114 4115 4116
f 4114 4116 4117
f 4118 4119 4120
f 4121 4114 4117
f 4122 4117 4123
f 4122 4121 4117
f 4124 4125 4126
f 4124 4126 4127
f 4124 4128 4125
f 4124 4123 4129
f 4124 4129 4128
f 4124 4122 4123
f 4130 4131 4132
f 4130 4133 4134
f 4130 4135 4136
f 4130 4127 4133
f 4130 4136 4131
f 4130 4122 4124
f 4130 4124 4127
f 4130 4134 4135
f 4137 4138 4139
f 4137 4140 4115
f 4137 4139 4140
f 4137 4141 4138
f 4142 4132 4143
f 4142 4144 4145
f 4142 4143 4144
f 4142 4145 4141
f 4142 4141 4137
f 4142 4130 4132
f 4146 4121 4122
f 4146 4114 4121
f 4146 4122 4130
f 4146 4115 4114
f 4146 4137 4115
f 4146 4142 4137
f 4146 4130 4142
f 4147 4148 4149
f 4150 4151 4152
f 4153 4154 4155
f 4153 4155 4156
f 4153 4156 4157
f 4153 4157 4158
f 4153 4158 4159
f 4160 4159 4161
f 4160 4153 4159
f 4162 4161 4163
f 4162 4160 4161
f 4164 4154 4153
f 4164 4165 4154
f 4166 4162 4163
f 4167 4165 4164
f 4167 4164 4153
f 4167 4153 4160
f 4168 4166 4163
f 4169 4167 4160
f 4169 4160 4162
f 4170 4163 4171
f 4170 4168 4163
f 4172 4169 4162
f 4172 4162 4166
f 4172 4166 4168
f 4173 4170 4171
f 4174 4172 4168
f 4174 4168 4170
f 4175 4176 4165
f 4175 4165 4177
f 4178 4165 4167
f 4178 4177 4165
f 4179 4174 4170
f 4180 4176 4175
f 4181 4175 4177
f 4181 4177 4178
f 4182 4178 4167
f 4182 4167 4169
f 4183 4179 4170
f 4183 4170 4173
f 4183 4173 4171
f 4184 4176 4180
f 4185 4175 4181
f 4185 4180 4175
f 4186 4178 4182
f 4186 4181 4178
f 4187 4182 4169
f 4187 4169 4172
f 4187 4172 4174
f 4188 4176 4184
f 4188 4180 4185
f 4188 4184 4180
f 4189 4185 4181
f 4189 4188 4185
f 4189 4181 4186
f 4190 4182 4187
f 4190 4186 4182
f 4191 4187 4174
f 4192 4171 4102
f 4192 4183 4171
f 4193 4188 4189
f 4193 4176 4188
f 4194 4186 4190
f 4194 4189 4186
f 4195 4187 4191
f 4195 4194 4190
f 4195 4190 4187
f 4196 4174 4179
f 4196 4191 4174
f 4197 4193 4189
f 4197 4189 4194
f 4198 4197 4194
f 4198 4194 4195
f 4199 4191 4196
f 4199 4195 4191
f 4200 4196 4179
f 4200 4199 4196
f 4200 4179 4183
f 4201 4102 4101
f 4201 4192 4102
f 4201 4202 4203
f 4201 4203 4204
f 4201 4204 4205
f 4206 4197 4198
f 4207 4198 4195
f 4207 4195 4199
f 4207 4206 4198
f 4208 4199 4200
f 4209 4206 4207
f 4210 4199 4208
f 4210 4207 4199
f 4211 4200 4183
f 4211 4192 4201
f 4211 4183 4192
f 4212 4201 4101
f 4212 4101 4213
f 4212 4213 4214
f 4212 4214 4202
f 4212 4202 4201
f 4215 4209 4207
f 4215 4207 4210
f 4216 4200 4211
f 4216 4208 4200
f 4217 4210 4208
f 4217 4215 4210
f 4217 4208 4216
f 4218 4211 4201
f 4218 4201 4205
f 4218 4119 4118
f 4218 4205 4219
f 4218 4219 4220
f 4218 4220 4221
f 4218 4221 4119
f 4222 4223 4176
f 4224 4215 4217
f 4225 4211 4218
f 4225 4216 4211
f 4225 4217 4216
f 4226 4223 4222
f 4226 4222 4176
f 4227 4217 4225
f 4227 4228 4229
f 4227 4229 4230
f 4231 4218 4118
f 4231 4225 4218
f 4231 4118 4232
f 4231 4232 4233
f 4234 4226 4176
f 4234 4176 4193
f 4234 4223 4226
f 4235 4224 4217
f 4235 4236 4224
f 4235 4217 4227
f 4235 4227 4230
f 4235 4230 3975
f 4235 3975 4236
f 4237 4227 4225
f 4237 4228 4227
f 4237 4225 4231
f 4237 4231 4233
f 4237 4233 4238
f 4237 4238 4239
f 4237 4239 4228
f 4240 4193 4197
f 4240 4234 4193
f 4240 4223 4234
f 4241 4206 4209
f 4241 4197 4206
f 4241 4240 4197
f 4242 4241 4209
f 4243 4209 4215
f 4243 4242 4209
f 4244 4215 4224
f 4244 4224 4236
f 4244 4243 4215
f 4244 4236 4245
f 4244 4246 3904
f 4247 3999 4248
f 4247 4248 4249
f 4247 4249 4250
f 4247 4250 4148
f 4247 4148 4147
f 4251 4244 4245
f 4251 4245 4252
f 4251 4252 4246
f 4251 4246 4244
f 4253 3939 3999
f 4253 4147 4254
f 4253 3999 4247
f 4253 4247 4147
f 4255 4223 4240
f 4256 4253 4254
f 4257 4240 4241
f 4257 4255 4240
f 4258 4259 3939
f 4260 4241 4242
f 4260 4242 4243
f 4260 4257 4241
f 4261 4254 4262
f 4261 4256 4254
f 4263 4259 4258
f 4263 4264 4259
f 4265 4260 4243
f 4116 4223 4255
f 4116 4115 4223
f 4266 4261 4262
f 4267 4264 4263
f 4267 4268 4264
f 4269 4253 4256
f 4269 3939 4253
f 4269 4258 3939
f 4270 4268 4267
f 4270 4271 4268
f 4117 4116 4255
f 4272 4262 4273
f 4272 4266 4262
f 4274 4258 4269
f 4274 4263 4258
f 4275 4269 4256
f 4275 4274 4269
f 4275 4256 4261
f 4276 4265 4243
f 4276 4243 4244
f 4276 4244 3904
f 4123 4255 4257
f 4123 4117 4255
f 4277 4273 4278
f 4277 4278 4279
f 4277 4272 4273
f 4280 4267 4263
f 4280 4263 4274
f 4280 4270 4267
f 4281 4280 4274
f 4281 4274 4275
f 4282 4275 4261
f 4283 4271 4270
f 4283 4270 4280
f 4129 4123 4257
f 4284 4279 4097
f 4284 4277 4279
f 4285 4280 4281
f 4286 4284 4097
f 4287 4275 4282
f 4287 4281 4275
f 4288 4261 4266
f 4288 4287 4282
f 4288 4266 4272
f 4288 4282 4261
f 4289 4271 4283
f 4289 4280 4285
f 4289 4283 4280
f 4290 4276 3904
f 4128 4260 4265
f 4128 4257 4260
f 4128 4129 4257
f 4291 4281 4287
f 4291 4289 4285
f 4291 4285 4281
f 4292 4287 4288
f 4292 4291 4287
f 4293 4292 4288
f 4293 4272 4277
f 4293 4288 4272
f 4125 4128 4265
f 4294 4289 4291
f 4295 4294 4291
f 4295 4291 4292
f 4296 4292 4293
f 4297 4293 4277
f 4297 4277 4284
f 4297 4284 4286
f 4298 4290 3904
f 4298 3904 3495
f 4299 4294 4295
f 4300 4295 4292
f 4300 4292 4296
f 4301 4293 4297
f 4301 4296 4293
f 4301 4297 4286
f 4126 4125 4265
f 4126 4265 4276
f 4302 4295 4300
f 4302 4299 4295
f 4303 4302 4300
f 4303 4296 4301
f 4303 4301 4286
f 4303 4300 4296
f 4304 4286 4097
f 4304 4303 4286
f 4304 4302 4303
f 4305 3907 4271
f 4306 4298 3495
f 4306 3495 4307
f 4306 4307 3412
f 4127 4126 4276
f 4127 4276 4290
f 4308 3907 4305
f 4308 3383 4309
f 4308 4309 3382
f 4308 3382 3907
f 4308 4305 4271
f 4133 4127 4290
f 4133 4290 4298
f 4310 3383 4308
f 4310 4308 4271
f 4310 4271 4289
f 4311 4306 3412
f 4311 3412 4312
f 4313 4310 4289
f 4313 4289 4294
f 4314 4294 4299
f 4314 4299 4302
f 4314 4313 4294
f 4315 4311 4312
f 4315 4312 3407
f 4134 4133 4298
f 4134 4298 4306
f 4134 4306 4311
f 4316 4314 4302
f 4317 4304 4097
f 4317 4302 4304
f 4317 4316 4302
f 4318 4315 3407
f 4318 3407 3383
f 4319 4134 4311
f 4320 4318 3383
f 4321 3383 4310
f 4321 4310 4313
f 4321 4320 3383
f 4322 4311 4315
f 4322 4319 4311
f 4323 4321 4313
f 4324 4322 4315
f 4324 4315 4318
f 4325 4313 4314
f 4325 4314 4316
f 4325 4323 4313
f 4326 4325 4316
f 4326 4316 4317
f 4327 4324 4318
f 4327 4318 4320
f 4328 4326 4317
f 4328 4317 4097
f 4329 4327 4320
f 4329 4320 4321
f 4330 4321 4323
f 4330 4323 4325
f 4330 4329 4321
f 4331 4330 4325
f 4332 4115 4140
f 4333 4325 4326
f 4333 4331 4325
f 4333 4326 4328
f 4334 4332 4140
f 4334 4140 4139
f 4096 4328 4097
f 4096 4333 4328
f 4335 4139 4138
f 4335 4334 4139
f 4336 4335 4138
f 4336 4138 4141
f 4337 4336 4141
f 4337 4141 4145
f 4338 4145 4144
f 4338 4337 4145
f 4339 4115 4332
f 4339 4340 4115
f 4339 4332 4334
f 4341 4143 4132
f 4341 4144 4143
f 4341 4338 4144
f 4342 4339 4334
f 4343 4342 4334
f 4343 4334 4335
f 4344 4341 4132
f 4345 4335 4336
f 4345 4336 4337
f 4345 4343 4335
f 4346 4345 4337
f 4347 4344 4132
f 4347 4132 4131
f 4348 4337 4338
f 4348 4346 4337
f 4349 4134 4319
f 4349 4135 4134
f 4349 4319 4322
f 4350 4348 4338
f 4350 4338 4341
f 4351 4347 4131
f 4351 4131 4136
f 4352 4322 4324
f 4352 4349 4322
f 4353 4354 4340
f 4353 4340 4339
f 4355 4341 4344
f 4355 4350 4341
f 4356 4357 4354
f 4356 4353 4339
f 4356 4354 4353
f 4356 4339 4342
f 4358 4352 4324
f 4359 4356 4342
f 4359 4342 4343
f 4359 4343 4345
f 4359 4357 4356
f 4360 4351 4136
f 4360 4136 4135
f 4361 4347 4351
f 4361 4355 4344
f 4361 4344 4347
f 4362 4357 4359
f 4362 4359 4345
f 4362 4363 4357
f 4364 4358 4324
f 4364 4324 4327
f 4365 4346 4348
f 4365 4362 4345
f 4365 4363 4362
f 4365 4345 4346
f 4366 4351 4360
f 4366 4361 4351
f 4367 4329 4330
f 4367 4327 4329
f 4367 4364 4327
f 4368 4365 4348
f 4368 4363 4365
f 4369 4360 4135
f 4369 4135 4349
f 4370 4348 4350
f 4370 4363 4368
f 4370 4350 4355
f 4370 4371 4363
f 4370 4368 4348
f 4372 4367 4330
f 4373 4330 4331
f 4373 4372 4330
f 4374 4369 4349
f 4374 4349 4352
f 4070 4366 4360
f 4375 4370 4355
f 4375 4376 4377
f 4375 4377 4378
f 4375 4378 4371
f 4375 4371 4370
f 4379 4373 4331
f 4379 4331 4333
f 4095 4333 4096
f 4095 4379 4333
f 4380 4374 4352
f 4380 4352 4358
f 4381 4375 4355
f 4381 4376 4375
f 4381 4382 4376
f 4381 4355 4361
f 4068 4360 4369
f 4068 4070 4360
f 4383 4358 4364
f 4383 4364 4367
f 4383 4380 4358
f 4384 4152 4385
f 4384 4385 4386
f 4384 4386 4387
f 4384 4387 4388
f 4384 4388 4389
f 4384 4389 4382
f 4384 4361 4366
f 4384 4382 4381
f 4384 4381 4361
f 4074 4383 4367
f 4069 4369 4374
f 4069 4068 4369
f 4075 4367 4372
f 4075 4074 4367
f 4093 4374 4380
f 4093 4069 4374
f 4093 4380 4383
f 4076 4075 4372
f 4076 4372 4373
f 4071 4067 4150
f 4071 4384 4366
f 4071 4366 4070
f 4071 4152 4384
f 4071 4150 4152
f 4084 4076 4373
f 4084 4373 4379
f 4099 4093 4383
f 4086 4084 4379
f 4086 4379 4095
f 4073 4099 4383
f 4073 4383 4074
f 4063 4071 4070
f 4390 4097 4391
f 4390 4391 4392
f 4393 4392 4394
f 4393 4390 4392
f 4395 4393 4394
f 4396 4394 4397
f 4396 4395 4394
f 4398 4097 4390
f 4399 4097 4398
f 4400 4398 4390
f 4400 4390 4393
f 4400 4393 4395
f 4401 4396 4397
f 4402 4097 4399
f 4403 4399 4398
f 4403 4398 4400
f 4404 4400 4395
f 4405 4097 4402
f 4406 4402 4399
f 4406 4399 4403
f 4407 4400 4404
f 4407 4403 4400
f 4408 4395 4396
f 4408 4404 4395
f 4408 4396 4401
f 4409 4397 4410
f 4409 4401 4397
f 4411 4405 4402
f 4411 4402 4406
f 4412 4403 4407
f 4412 4406 4403
f 4413 4404 4408
f 4413 4407 4404
f 4414 4411 4406
f 4414 4406 4412
f 4415 4407 4413
f 4415 4412 4407
f 4416 4401 4409
f 4416 4408 4401
f 4417 4412 4415
f 4417 4414 4412
f 4418 4408 4416
f 4418 4413 4408
f 4419 4415 4413
f 4419 4413 4418
f 4420 4416 4409
f 4420 4418 4416
f 4421 4410 4422
f 4421 4409 4410
f 4423 4417 4415
f 4423 4415 4419
f 4424 4418 4420
f 4425 4419 4418
f 4425 4418 4424
f 4426 4419 4425
f 4426 4423 4419
f 4427 4405 4411
f 4427 4097 4405
f 4428 4420 4409
f 4428 4409 4421
f 4429 4427 4411
f 4430 4422 4431
f 4430 4421 4422
f 4432 4424 4420
f 4432 4420 4428
f 4433 4411 4414
f 4433 4429 4411
f 4434 4425 4424
f 4434 4424 4432
f 4435 4414 4417
f 4435 4433 4414
f 4436 4425 4434
f 4436 4426 4425
f 4437 4431 4438
f 4437 4430 4431
f 4439 4432 4428
f 4439 4430 4437
f 4439 4428 4421
f 4439 4421 4430
f 4440 4417 4423
f 4440 4435 4417
f 4441 4432 4439
f 4442 4438 4443
f 4442 4437 4438
f 4444 4434 4432
f 4444 4432 4441
f 4445 4423 4426
f 4445 4440 4423
f 4445 4426 4436
f 4446 4436 4434
f 4446 4434 4444
f 4447 4097 4427
f 4447 4427 4429
f 4448 4439 4437
f 4449 4442 4443
f 4450 4429 4433
f 4450 4447 4429
f 4451 4439 4448
f 4451 4441 4439
f 4452 4443 4453
f 4454 4449 4443
f 4455 4450 4433
f 4456 4446 4444
f 4456 4441 4451
f 4456 4444 4441
f 4457 4448 4437
f 4457 4437 4442
f 4458 4452 4453
f 4459 4446 4456
f 4460 4455 4433
f 4460 4433 4435
f 4460 4435 4440
f 4461 4454 4443
f 4461 4443 4452
f 4462 4451 4448
f 4462 4448 4457
f 4463 4445 4436
f 4463 4436 4446
f 4464 4453 4465
f 4464 4458 4453
f 4466 4461 4452
f 4467 4456 4451
f 4467 4451 4462
f 4468 4442 4449
f 4468 4457 4442
f 4468 4449 4454
f 4469 4464 4465
f 4470 4459 4456
f 4470 4456 4467
f 4471 4460 4440
f 4472 4452 4458
f 4472 4466 4452
f 4472 4458 4464
f 4473 4097 4447
f 4474 4457 4468
f 4474 4462 4457
f 4475 4468 4454
f 4475 4474 4468
f 4476 4465 4477
f 4476 4477 4478
f 4476 4478 4479
f 4476 4469 4465
f 4480 4472 4464
f 4481 4447 4450
f 4481 4473 4447
f 4481 4450 4455
f 4482 4467 4462
f 4482 4462 4474
f 4483 4474 4475
f 4484 4454 4461
f 4484 4461 4466
f 4484 4475 4454
f 4485 4467 4482
f 4485 4470 4467
f 4486 4440 4445
f 4486 4471 4440
f 4486 4445 4463
f 4487 4464 4469
f 4487 4469 4476
f 4487 4480 4464
f 4488 4481 4455
f 4489 4474 4483
f 4489 4482 4474
f 4490 4463 4446
f 4490 4446 4459
f 4491 4475 4484
f 4491 4489 4483
f 4491 4483 4475
f 4492 4484 4466
f 4492 4466 4472
f 4492 4491 4484
f 4493 4485 4482
f 4493 4482 4489
f 4494 4487 4476
f 4494 4479 4495
f 4494 4476 4479
f 4496 4488 4455
f 4496 4455 4460
f 4497 4489 4491
f 4498 4497 4491
f 4498 4491 4492
f 4499 4492 4472
f 4500 4493 4489
f 4500 4489 4497
f 4501 4497 4498
f 4502 4498 4492
f 4502 4501 4498
f 4502 4492 4499
f 4503 4480 4487
f 4503 4472 4480
f 4503 4499 4472
f 4504 4496 4460
f 4504 4460 4471
f 4505 4500 4497
f 4505 4497 4501
f 4506 4490 4459
f 4507 4501 4502
f 4507 4505 4501
f 4508 4502 4499
f 4508 4499 4503
f 4509 4503 4487
f 4509 4508 4503
f 4510 4486 4463
f 4511 4505 4507
f 4512 4507 4502
f 4512 4502 4508
f 4513 4508 4509
f 4514 4495 4515
f 4514 4494 4495
f 4514 4509 4487
f 4514 4487 4494
f 4516 4471 4486
f 4516 4504 4471
f 4516 4486 4510
f 4517 4511 4507
f 4517 4507 4512
f 4518 4459 4470
f 4518 4506 4459
f 4519 4512 4508
f 4519 4508 4513
f 4520 4513 4509
f 4520 4509 4514
f 4521 4517 4512
f 4521 4512 4519
f 4522 4519 4513
f 4522 4521 4519
f 4522 4513 4520
f 4523 4520 4514
f 4523 4522 4520
f 4523 4514 4515
f 4524 4521 4522
f 4524 4523 4515
f 4524 4522 4523
f 4525 4470 4485
f 4525 4485 4493
f 4525 4518 4470
f 4526 4463 4490
f 4526 4510 4463
f 4527 4525 4493
f 4528 4510 4526
f 4528 4516 4510
f 4529 4527 4493
f 4529 4493 4500
f 4529 4500 4505
f 4530 4529 4505
f 4531 4506 4518
f 4531 4490 4506
f 4531 4526 4490
f 4532 4530 4505
f 4532 4505 4511
f 4533 4511 4517
f 4533 4517 4521
f 4533 4532 4511
f 4534 4531 4518
f 4535 4528 4526
f 4536 4521 4524
f 4536 4533 4521
f 4537 4524 4515
f 4537 4536 4524
f 4538 4525 4527
f 4538 4534 4518
f 4538 4518 4525
f 4539 4538 4527
f 4540 4526 4531
f 4540 4535 4526
f 4541 4527 4529
f 4541 4539 4527
f 4542 4531 4534
f 4542 4534 4538
f 4542 4540 4531
f 4543 4111 4097
f 4543 4097 4473
f 4544 4529 4530
f 4544 4541 4529
f 4544 4530 4532
f 4545 4543 4473
f 4545 4473 4481
f 4545 4481 4488
f 4546 4544 4532
f 4547 4542 4538
f 4548 4545 4488
f 4548 4488 4496
f 4549 4532 4533
f 4549 4546 4532
f 4550 4538 4539
f 4550 4547 4538
f 4551 4548 4496
f 4552 4533 4536
f 4552 4549 4533
f 4553 4515 4554
f 4553 4552 4536
f 4553 4537 4515
f 4553 4536 4537
f 4555 4539 4541
f 4555 4550 4539
f 4556 4496 4504
f 4556 4504 4516
f 4556 4551 4496
f 4557 4544 4546
f 4557 4541 4544
f 4557 4555 4541
f 4558 4557 4546
f 4559 4556 4516
f 4560 4558 4546
f 4560 4546 4549
f 4561 4111 4543
f 4561 4543 4545
f 4562 4560 4549
f 4562 4549 4552
f 4563 4561 4545
f 4564 4562 4552
f 4564 4552 4553
f 4564 4553 4554
f 4565 4563 4545
f 4565 4545 4548
f 4565 4548 4551
f 4566 4551 4556
f 4566 4565 4551
f 4567 4516 4528
f 4567 4559 4516
f 4568 4566 4556
f 4569 4561 4563
f 4569 4111 4561
f 4570 4569 4563
f 4570 4563 4565
f 4571 4559 4567
f 4571 4568 4556
f 4571 4556 4559
f 4572 4570 4565
f 4573 4567 4528
f 4573 4528 4535
f 4574 4565 4566
f 4574 4566 4568
f 4574 4572 4565
f 4575 4574 4568
f 4576 4571 4567
f 4577 4568 4571
f 4577 4575 4568
f 4578 4579 4580
f 4578 4580 4111
f 4578 4111 4569
f 4581 4582 4579
f 4581 4569 4570
f 4581 4579 4578
f 4581 4578 4569
f 4583 4581 4570
f 4583 4570 4572
f 4583 4582 4581
f 4584 4567 4573
f 4584 4576 4567
f 4585 4586 4582
f 4585 4572 4574
f 4585 4583 4572
f 4585 4582 4583
f 4587 4577 4571
f 4587 4571 4576
f 4588 4589 4586
f 4588 4574 4575
f 4588 4575 4577
f 4588 4585 4574
f 4588 4586 4585
f 4590 4573 4591
f 4590 4584 4573
f 4592 4589 4588
f 4592 4588 4577
f 4593 4590 4591
f 4593 4594 4595
f 4593 4591 4594
f 4596 4576 4584
f 4596 4587 4576
f 4597 4593 4595
f 4598 4597 4595
f 4598 4595 4599
f 4600 4584 4590
f 4600 4596 4584
f 4600 4590 4593
f 4601 4589 4592
f 4601 4602 4589
f 4601 4592 4577
f 4601 4577 4587
f 4603 4599 4604
f 4603 4598 4599
f 4605 4600 4593
f 4606 4603 4604
f 4606 4607 4608
f 4606 4604 4607
f 4609 4608 4610
f 4609 4606 4608
f 4611 4593 4597
f 4611 4605 4593
f 4612 4609 4610
f 4613 4614 4602
f 4613 4602 4601
f 4613 4587 4596
f 4613 4601 4587
f 4615 4611 4597
f 4615 4597 4598
f 4615 4598 4603
f 4616 4610 4617
f 4616 4612 4610
f 4618 4617 4619
f 4618 4619 4554
f 4618 4616 4617
f 4620 4615 4603
f 4621 4620 4603
f 4621 4603 4606
f 4622 4623 4614
f 4622 4596 4600
f 4622 4614 4613
f 4622 4613 4596
f 4624 4606 4609
f 4624 4621 4606
f 4625 4609 4612
f 4625 4612 4616
f 4625 4624 4609
f 4626 4622 4600
f 4626 4600 4605
f 4626 4623 4622
f 4627 4625 4616
f 4628 4554 4340
f 4628 4618 4554
f 4628 4616 4618
f 4628 4627 4616
f 4629 4630 4623
f 4629 4605 4611
f 4629 4626 4605
f 4629 4623 4626
f 4631 4611 4615
f 4631 4615 4620
f 4631 4630 4629
f 4631 4629 4611
f 4632 4630 4631
f 4632 4620 4621
f 4632 4631 4620
f 4633 4634 4630
f 4633 4632 4621
f 4633 4630 4632
f 4635 4621 4624
f 4635 4634 4633
f 4635 4633 4621
f 4636 4635 4624
f 4636 4634 4635
f 4636 4624 4625
f 4637 4638 4634
f 4637 4634 4636
f 4637 4636 4625
f 4637 4625 4627
f 4639 4340 4640
f 4639 4640 4641
f 4639 4641 4638
f 4639 4638 4637
f 4639 4637 4627
f 4639 4628 4340
f 4639 4627 4628
f 4642 4555 4557
f 4642 4550 4555
f 4642 4558 4560
f 4642 4540 4542
f 4642 4542 4547
f 4642 4557 4558
f 4642 4547 4550
f 4643 4644 4642
f 4645 4643 4642
f 4645 4642 4560
f 4646 4645 4560
f 4647 4560 4562
f 4647 4564 4554
f 4647 4562 4564
f 4647 4646 4560
f 4648 4642 4644
f 4648 4535 4540
f 4648 4591 4573
f 4648 4540 4642
f 4648 4573 4535
f 4648 4594 4591
f 4649 4604 4599
f 4649 4608 4607
f 4649 4594 4648
f 4649 4648 4650
f 4649 4607 4604
f 4649 4595 4594
f 4649 4599 4595
f 4651 4649 4650
f 4651 4608 4649
f 4652 4608 4651
f 4652 4610 4608
f 4653 4610 4652
f 4653 4617 4610
f 4653 4619 4617
f 4653 4554 4619
f 4654 4651 4650
f 4654 4644 4643
f 4654 4648 4644
f 4654 4643 4645
f 4654 4645 4646
f 4654 4647 4554
f 4654 4646 4647
f 4654 4653 4652
f 4654 4650 4648
f 4654 4652 4651
f 4654 4554 4653
f 4655 4656 4657
f 4658 4657 4659
f 4658 4655 4657
f 4660 4659 4661
f 4660 4658 4659
f 4662 4661 4663
f 4662 4660 4661
f 4664 4663 4665
f 4664 4662 4663
f 4666 4665 4667
f 4666 4664 4665
f 4668 4667 4669
f 4668 4666 4667
f 4670 4669 4671
f 4670 4668 4669
f 4672 4671 4673
f 4672 4670 4671
f 4674 4673 4675
f 4674 4672 4673
f 4676 4674 4675
f 4677 4678 4679
f 4680 4679 4714
f 4680 4677 4679
f 4681 4714 4682
f 4681 4682 4683
f 4681 4683 4680
f 4681 4680 4714
f 4684 4678 4677
f 4685 4680 4683
f 4685 4677 4680
f 4685 4684 4677
f 4686 4685 4683
f 4687 4688 4678
f 4687 4678 4684
f 4689 4684 4685
f 4689 4687 4684
f 4690 4691 4688
f 4690 4688 4687
f 4690 4687 4689
f 4692 4683 4693
f 4692 4686 4683
f 4692 4685 4686
f 4692 4689 4685
f 4694 4695 4691
f 4694 4691 4690
f 4694 4690 4689
f 4696 4693 4697
f 4696 4697 4695
f 4696 4695 4694
f 4696 4692 4693
f 4696 4689 4692
f 4696 4694 4689
f 4698 4782 4699
f 4700 4701 4702
f 4703 4699 4701
f 4703 4700 4704
f 4703 4698 4699
f 4703 4701 4700
f 4705 4706 4698
f 4705 4698 4703
f 4705 4703 4704
f 4707 4708 4706
f 4707 4704 4709
f 4707 4706 4705
f 4707 4705 4704
f 4710 4709 4711
f 4710 4708 4707
f 4710 4707 4709
f 4712 4678 4708
f 4712 4711 4713
f 4712 4713 4714
f 4712 4714 4679
f 4712 4679 4678
f 4712 4708 4710
f 4712 4710 4711
f 4715 4716 4717
f 4718 4717 4719
f 4718 4719 4720
f 4718 4715 4717
f 4721 4720 4722
f 4721 4718 4720
f 4721 4715 4718
f 4723 4724 4715
f 4723 4715 4721
f 4725 4722 4726
f 4725 4723 4721
f 4725 4721 4722
f 4727 4724 4723
f 4727 4723 4725
f 4728 4729 4730
f 4728 4730 4731
f 4728 4731 4724
f 4728 4724 4727
f 4732 4727 4725
f 4732 4725 4726
f 4733 4726 4734
f 4733 4734 4729
f 4733 4732 4726
f 4733 4729 4728
f 4733 4728 4727
f 4733 4727 4732
f 4735 4731 4730
f 4735 4730 4729
f 4736 4731 4735
f 4737 4729 4738
f 4737 4735 4729
f 4739 4740 4741
f 4739 4741 4782
f 4739 4782 4731
f 4739 4731 4736
f 4742 4735 4737
f 4742 4737 4738
f 4742 4736 4735
f 4743 4744 4740
f 4743 4738 4744
f 4743 4742 4738
f 4743 4739 4736
f 4743 4736 4742
f 4743 4740 4739
f 4745 4746 4747
f 4745 4747 4748
f 4749 4750 4746
f 4749 4746 4745
f 4751 4748 4752
f 4751 4745 4748
f 4753 4745 4751
f 4753 4749 4745
f 4754 4755 4750
f 4754 4750 4749
f 4756 4751 4752
f 4756 4752 4757
f 4758 4754 4749
f 4758 4749 4753
f 4759 4753 4751
f 4759 4751 4756
f 4760 4757 4761
f 4760 4761 4762
f 4760 4762 4763
f 4760 4763 4764
f 4760 4764 4765
f 4760 4756 4757
f 4766 4755 4754
f 4766 4767 4755
f 4766 4754 4758
f 4768 4759 4756
f 4768 4756 4760
f 4769 4766 4758
f 4770 4758 4753
f 4770 4753 4759
f 4771 4772 4773
f 4771 4773 4767
f 4771 4767 4766
f 4774 4765 4775
f 4774 4775 4731
f 4774 4768 4760
f 4774 4760 4765
f 4776 4768 4774
f 4776 4770 4759
f 4776 4759 4768
f 4777 4778 4772
f 4777 4772 4771
f 4777 4766 4769
f 4777 4771 4766
f 4779 4769 4758
f 4779 4758 4770
f 4780 4731 4781
f 4780 4781 4782
f 4780 4782 4783
f 4780 4783 4784
f 4780 4774 4731
f 4785 4776 4774
f 4786 4779 4770
f 4786 4770 4776
f 4787 4769 4779
f 4787 4777 4769
f 4787 4788 4778
f 4787 4778 4777
f 4789 4780 4784
f 4789 4774 4780
f 4789 4785 4774
f 4790 4791 4792
f 4790 4792 4678
f 4793 4787 4779
f 4793 4794 4788
f 4793 4779 4786
f 4793 4788 4787
f 4795 4776 4785
f 4795 4786 4776
f 4795 4785 4789
f 4796 4678 4797
f 4796 4790 4678
f 4798 4784 4799
f 4798 4799 4791
f 4798 4790 4796
f 4798 4791 4790
f 4800 4795 4789
f 4801 4798 4796
f 4802 4656 4794
f 4802 4794 4793
f 4802 4793 4786
f 4802 4786 4795
f 4803 4797 4804
f 4803 4796 4797
f 4803 4801 4796
f 4805 4789 4784
f 4805 4784 4798
f 4806 4657 4656
f 4806 4656 4802
f 4806 4795 4800
f 4806 4802 4795
f 4806 4800 4657
f 4807 4803 4804
f 4807 4804 4808
f 4807 4808 4809
f 4807 4809 4810
f 4807 4810 4811
f 4812 4801 4803
f 4813 4798 4801
f 4813 4805 4798
f 4813 4801 4812
f 4814 4803 4807
f 4814 4807 4811
f 4814 4812 4803
f 4815 4789 4805
f 4815 4659 4657
f 4815 4800 4789
f 4815 4657 4800
f 4816 4813 4812
f 4817 4805 4813
f 4817 4815 4805
f 4818 4661 4659
f 4818 4659 4815
f 4819 4814 4811
f 4819 4812 4814
f 4819 4816 4812
f 4820 4818 4815
f 4820 4815 4817
f 4820 4661 4818
f 4821 4816 4819
f 4821 4813 4816
f 4821 4817 4813
f 4822 4821 4819
f 4823 4661 4820
f 4823 4820 4817
f 4823 4663 4661
f 4823 4817 4821
f 4824 4821 4822
f 4824 4823 4821
f 4824 4663 4823
f 4824 4665 4663
f 4825 4822 4819
f 4825 4824 4822
f 4825 4665 4824
f 4825 4811 4665
f 4825 4819 4811
f 4826 4827 4828
f 4826 4828 4829
f 4830 4831 4827
f 4830 4827 4826
f 4832 4826 4829
f 4833 4830 4826
f 4833 4826 4832
f 4834 4829 4665
f 4834 4832 4829
f 4835 4836 4831
f 4835 4831 4830
f 4837 4833 4832
f 4837 4832 4834
f 4838 4835 4830
f 4838 4830 4833
f 4839 4840 4836
f 4839 4836 4835
f 4841 4834 4665
f 4842 4834 4841
f 4842 4837 4834
f 4843 4839 4835
f 4843 4835 4838
f 4844 4837 4842
f 4844 4833 4837
f 4844 4838 4833
f 4845 4665 4846
f 4845 4842 4841
f 4845 4841 4665
f 4847 4848 4849
f 4847 4849 4840
f 4847 4840 4839
f 4850 4846 4851
f 4850 4845 4846
f 4850 4842 4845
f 4852 4843 4838
f 4852 4838 4844
f 4853 4844 4842
f 4854 4843 4852
f 4854 4848 4847
f 4854 4839 4843
f 4854 4847 4839
f 4855 4850 4851
f 4855 4842 4850
f 4855 4851 4856
f 4855 4853 4842
f 4857 4844 4853
f 4857 4852 4844
f 4858 4852 4857
f 4858 4854 4852
f 4859 4860 4848
f 4861 4857 4853
f 4861 4855 4856
f 4861 4853 4855
f 4861 4862 4857
f 4861 4856 4862
f 4863 4864 4860
f 4863 4860 4859
f 4865 4857 4862
f 4865 4858 4857
f 4866 4859 4867
f 4866 4863 4859
f 4868 4869 4870
f 4868 4870 4864
f 4868 4864 4863
f 4871 4865 4862
f 4871 4872 4865
f 4871 4862 4675
f 4871 4675 4872
f 4873 4866 4867
f 4874 4863 4866
f 4874 4868 4863
f 4875 4746 4876
f 4875 4876 4877
f 4875 4877 4869
f 4875 4869 4868
f 4878 4866 4873
f 4878 4874 4866
f 4879 4865 4872
f 4879 4878 4873
f 4880 4750 4746
f 4880 4874 4750
f 4880 4875 4868
f 4880 4746 4875
f 4880 4868 4874
f 4881 4750 4874
f 4881 4874 4878
f 4882 4878 4879
f 4883 4872 4884
f 4883 4879 4872
f 4885 4755 4750
f 4885 4750 4881
f 4885 4881 4755
f 4886 4881 4878
f 4886 4878 4882
f 4886 4755 4881
f 4887 4884 4888
f 4887 4883 4884
f 4887 4882 4879
f 4887 4879 4883
f 4889 4888 4890
f 4889 4887 4888
f 4889 4886 4882
f 4889 4882 4887
f 4891 4767 4755
f 4891 4755 4886
f 4892 4890 4773
f 4892 4773 4767
f 4892 4889 4890
f 4892 4886 4889
f 4892 4891 4886
f 4892 4767 4891
f 4893 4854 4858
f 4893 4865 4879
f 4893 4867 4859
f 4893 4873 4867
f 4893 4858 4865
f 4893 4879 4873
f 4893 4859 4848
f 4893 4848 4854
f 5493 4894 4773
f 5493 4895 4894
f 5492 5493 4773
f 4896 4773 4772
f 4896 5492 4773
f 4897 4772 4778
f 4897 4896 4772
f 4898 4899 4900
f 4901 4898 4900
f 4901 4900 4902
f 4903 4902 4904
f 4903 4904 4905
f 4903 4901 4902
f 4906 4905 4907
f 4906 4907 4908
f 4906 4903 4905
f 4909 4906 4908
f 4910 4911 4912
f 4910 4675 4911
f 4913 4676 4675
f 4913 4675 4910
f 4914 4912 4915
f 4914 4913 4910
f 4914 4910 4912
f 4916 4913 4914
f 4917 4915 4894
f 4917 4914 4915
f 4917 4895 5466
f 4917 4918 4919
f 4917 4919 4920
f 4917 4894 4895
f 4921 4914 4917
f 4921 4922 4916
f 4921 4917 4920
f 4921 5471 4922
f 4921 4920 5471
f 4921 4916 4914
f 4923 4917 5466
f 4923 4918 4917
f 4923 5466 5503
f 4923 5503 4918
f 4924 4925 4676
f 4924 4676 4913
f 4926 4927 4925
f 4926 4916 4922
f 4926 4924 4913
f 4926 4925 4924
f 4926 4913 4916
f 4928 4929 4930
f 4928 4930 5461
f 4928 5461 5479
f 4928 5479 5464
f 4928 5464 4897
f 4928 4897 4778
f 4931 4898 4927
f 4931 4922 4932
f 4931 4932 4933
f 4931 4933 4934
f 4931 4934 4935
f 4931 4935 4899
f 4931 4899 4898
f 4931 4926 4922
f 4931 4927 4926
f 4936 4929 4928
f 4936 4937 5457
f 4936 5457 4929
f 4938 4778 4788
f 4938 4928 4778
f 4939 4928 4938
f 4939 4937 4936
f 4939 4936 4928
f 4940 4938 4788
f 4940 4794 4656
f 4940 4788 4794
f 4941 4939 4938
f 4941 4938 4940
f 4941 4656 4655
f 4941 4940 4656
f 4942 4908 4943
f 4942 4943 4944
f 4942 4944 4945
f 4942 4945 4946
f 4942 4946 4937
f 4942 4909 4908
f 4947 4948 4909
f 4947 4942 4937
f 4947 4909 4942
f 4947 4937 4939
f 4949 4948 4947
f 4949 4950 4948
f 4949 4655 4950
f 4949 4941 4655
f 4949 4947 4939
f 4949 4939 4941
f 4951 4952 4953
f 4954 4953 4955
f 4954 4955 4956
f 4954 4951 4953
f 4957 4958 4952
f 4957 4952 4951
f 4959 4957 4951
f 4960 4954 4956
f 4960 4951 4954
f 4960 4959 4951
f 4961 4962 4958
f 4961 4958 4957
f 4963 4957 4959
f 4963 4961 4957
f 4964 4956 4962
f 4964 4960 4956
f 4964 4959 4960
f 4964 4963 4959
f 4965 4962 4961
f 4966 4961 4963
f 4966 4965 4961
f 4967 4964 4962
f 4967 4963 4964
f 4967 4962 4966
f 4967 4966 4963
f 4968 4962 4965
f 4969 4966 4962
f 4969 4965 4966
f 4969 4962 4968
f 4969 4968 4965
f 4970 4969 4962
f 4970 4962 4969
f 4973 4974 4972
f 4973 4972 4971
f 4975 4972 4976
f 4975 4973 4971
f 4975 4974 4973
f 4975 4971 4972
f 4977 4975 4976
f 4977 4974 4975
f 4977 4976 4978
f 4977 4978 4974
f 4979 4980 4974
f 4979 4978 4976
f 4979 4974 4978
f 4981 4976 4982
f 4981 4979 4976
f 4981 4982 4980
f 4981 4980 4979
f 4983 4984 4985
f 4983 4985 4980
f 4983 4980 4982
f 4986 4982 4987
f 4986 4987 4988
f 4986 4988 4984
f 4986 4983 4982
f 4986 4984 4983
f 4989 4990 4991
f 4989 4992 4993
f 4989 4993 4994
f 4989 4994 4995
f 4989 4995 4990
f 4989 4991 4992
f 4996 4991 4997
f 4996 4998 4992
f 4996 4992 4991
f 4996 4997 4998
f 4999 4997 5000
f 4999 5001 4998
f 4999 4998 4997
f 4999 5000 5001
f 5002 5000 5003
f 5002 5001 5000
f 5004 5003 5005
f 5004 5005 5006
f 5004 5006 4953
f 5004 4953 4952
f 5004 4952 4958
f 5004 4958 5001
f 5004 5002 5003
f 5004 5001 5002
f 5007 5008 5009
f 5007 5009 4984
f 5007 4984 4988
f 5010 4988 5011
f 5010 5007 4988
f 5012 5008 5007
f 5013 5011 5014
f 5013 5007 5010
f 5013 5012 5007
f 5013 5014 5012
f 5013 5010 5011
f 5015 5014 5016
f 5015 5017 5008
f 5015 5008 5012
f 5015 5012 5014
f 5015 5016 5017
f 5018 5017 5016
f 5019 5018 5016
f 5020 5021 5022
f 5020 5022 5023
f 5020 5023 5017
f 5020 5017 5018
f 5024 5016 5025
f 5024 5025 5021
f 5024 5019 5016
f 5024 5021 5020
f 5024 5018 5019
f 5024 5020 5018
f 5026 5027 5022
f 5026 5022 5021
f 5028 5027 5026
f 5029 5021 5025
f 5029 5026 5021
f 5030 5026 5029
f 5030 5028 5026
f 5030 5029 5025
f 5031 4993 5027
f 5031 4995 4994
f 5031 4994 4993
f 5031 5027 5028
f 5032 5025 5033
f 5032 5033 4995
f 5032 5030 5025
f 5032 4995 5031
f 5032 5028 5030
f 5032 5031 5028
f 5034 5035 5036
f 5037 5038 5039
f 5037 5039 5034
f 5037 5036 5040
f 5037 5034 5036
f 5041 5040 5042
f 5041 5037 5040
f 5043 5038 5037
f 5043 5044 5045
f 5043 5045 5046
f 5043 5046 5038
f 5047 5041 5042
f 5048 5037 5041
f 5048 5043 5037
f 5049 5042 5050
f 5049 5047 5042
f 5051 5043 5048
f 5051 5044 5043
f 5052 5049 5050
f 5053 5048 5041
f 5053 5041 5047
f 5054 5051 5048
f 5055 5056 5044
f 5055 5044 5051
f 5057 5047 5049
f 5057 5053 5047
f 5058 5050 5059
f 5058 5052 5050
f 5060 5051 5054
f 5060 5055 5051
f 5061 5052 5058
f 5061 5049 5052
f 5061 5057 5049
f 5062 5048 5053
f 5062 5054 5048
f 5063 5056 5055
f 5064 5053 5057
f 5064 5062 5053
f 5065 5060 5054
f 5065 5054 5062
f 5066 5058 5059
f 5067 5061 5058
f 5067 5058 5066
f 5068 5060 5065
f 5068 5055 5060
f 5068 5063 5055
f 5069 5064 5057
f 5069 5057 5061
f 5070 5064 5069
f 5070 5065 5062
f 5070 5062 5064
f 5071 5066 5059
f 5072 5073 5056
f 5072 5056 5063
f 5074 5070 5069
f 5075 5059 5076
f 5075 5076 5077
f 5075 5077 5078
f 5075 5078 5079
f 5075 5071 5059
f 5080 5068 5065
f 5081 5073 5072
f 5081 5063 5068
f 5081 5072 5063
f 5082 5067 5066
f 5083 5067 5082
f 5083 5069 5061
f 5083 5061 5067
f 5084 5080 5065
f 5084 5065 5070
f 5084 5070 5074
f 5085 5082 5066
f 5085 5066 5071
f 5086 5074 5069
f 5086 5069 5083
f 5087 5068 5080
f 5087 5081 5068
f 5088 5089 5073
f 5090 5079 5091
f 5090 5091 5092
f 5090 5075 5079
f 5093 5084 5074
f 5094 5085 5071
f 5094 5075 5090
f 5094 5071 5075
f 5095 5083 5082
f 5095 5082 5085
f 5096 5080 5084
f 5096 5087 5080
f 5097 5081 5087
f 5097 5088 5073
f 5097 5073 5081
f 5098 5095 5085
f 5099 5083 5095
f 5099 5086 5083
f 5100 5089 5088
f 5101 5074 5086
f 5101 5093 5074
f 5102 5084 5093
f 5102 5096 5084
f 5103 5094 5090
f 5103 5090 5092
f 5103 5092 5104
f 5105 5098 5085
f 5105 5085 5094
f 5106 5097 5087
f 5107 5099 5095
f 5107 5095 5098
f 5108 5088 5097
f 5108 5097 5106
f 5108 5100 5088
f 5109 5110 5111
f 5109 5111 5089
f 5109 5089 5100
f 5112 5093 5101
f 5112 5102 5093
f 5113 5087 5096
f 5113 5096 5102
f 5113 5106 5087
f 5114 5098 5105
f 5114 5107 5098
f 5115 5110 5109
f 5115 5100 5108
f 5115 5109 5100
f 5116 5086 5099
f 5116 5099 5107
f 5116 5101 5086
f 5117 5108 5106
f 5118 5104 5119
f 5118 5119 5120
f 5118 5103 5104
f 5121 5105 5094
f 5121 5094 5103
f 5122 5113 5102
f 5123 5116 5107
f 5124 5106 5113
f 5124 5117 5106
f 5125 5126 5110
f 5125 5110 5115
f 5125 5115 5108
f 5125 5108 5117
f 5127 5112 5101
f 5127 5101 5116
f 5128 5114 5105
f 5128 5105 5121
f 5129 5107 5114
f 5129 5123 5107
f 5130 5102 5112
f 5130 5122 5102
f 5131 5122 5130
f 5131 5113 5122
f 5131 5124 5113
f 5132 5124 5131
f 5132 5126 5125
f 5132 5117 5124
f 5132 5125 5117
f 5133 5127 5116
f 5133 5116 5123
f 5134 5103 5118
f 5134 5121 5103
f 5134 5120 5135
f 5134 5118 5120
f 5136 5126 5132
f 5136 5132 5131
f 5137 5133 5123
f 5137 5123 5129
f 5138 5139 5140
f 5138 5140 5141
f 5142 5128 5121
f 5142 5121 5134
f 5143 5131 5130
f 5144 5114 5128
f 5144 5137 5129
f 5144 5129 5114
f 5145 5112 5127
f 5145 5130 5112
f 5146 5147 5126
f 5146 5136 5131
f 5146 5131 5143
f 5146 5126 5136
f 5148 5133 5137
f 5148 5127 5133
f 5148 5145 5127
f 5149 5137 5144
f 5150 5138 5141
f 5150 5141 5151
f 5150 5151 5152
f 5153 5139 5138
f 5153 5135 5139
f 5153 5134 5135
f 5154 5146 5143
f 5154 5143 5130
f 5154 5130 5145
f 5154 5145 5148
f 5155 5128 5142
f 5155 5144 5128
f 5156 5148 5137
f 5157 5152 5158
f 5157 5158 5159
f 5157 5159 5160
f 5157 5160 5161
f 5157 5161 4958
f 5157 4958 5162
f 5163 5142 5134
f 5163 5134 5153
f 5164 5154 5148
f 5165 5146 5154
f 5165 5147 5146
f 5166 5157 5162
f 5167 5149 5144
f 5167 5144 5155
f 5168 5138 5150
f 5168 5153 5138
f 5169 5148 5156
f 5169 5164 5148
f 5170 5171 5147
f 5170 5147 5165
f 5170 5154 5164
f 5170 5165 5154
f 5172 5169 5156
f 5172 5149 5167
f 5172 5137 5149
f 5172 5156 5137
f 5173 5150 5152
f 5173 5152 5157
f 5174 5163 5153
f 5174 5153 5168
f 5175 5166 5162
f 5176 5171 5170
f 5176 5164 5169
f 5176 5170 5164
f 5177 5155 5142
f 5177 5142 5163
f 5178 5157 5166
f 5178 5173 5157
f 5179 5169 5172
f 5180 5179 5172
f 5180 5172 5167
f 5181 5175 5162
f 5181 5162 5182
f 5183 5155 5177
f 5183 5167 5155
f 5184 5150 5173
f 5184 5168 5150
f 5184 5173 5178
f 5185 5176 5169
f 5185 5171 5176
f 5185 5169 5179
f 5186 5177 5163
f 5186 5163 5174
f 5186 5183 5177
f 5187 5166 5175
f 5187 5178 5166
f 5187 5175 5181
f 5188 5181 5182
f 5189 5184 5178
f 5190 5168 5184
f 5190 5186 5174
f 5190 5174 5168
f 5191 5179 5180
f 5192 5183 5186
f 5193 5187 5181
f 5194 5184 5189
f 5194 5190 5184
f 5195 5188 5182
f 5195 5182 5196
f 5197 5198 5171
f 5197 5185 5179
f 5197 5179 5191
f 5197 5171 5185
f 5199 5178 5187
f 5199 5189 5178
f 5199 5194 5189
f 5200 5180 5167
f 5200 5167 5183
f 5200 5191 5180
f 5201 5181 5188
f 5201 5188 5195
f 5201 5193 5181
f 5202 5196 5203
f 5202 5203 5204
f 5202 5195 5196
f 5205 5186 5190
f 5206 5194 5199
f 5207 5187 5193
f 5207 5199 5187
f 5208 5191 5200
f 5209 5205 5190
f 5209 5190 5194
f 5210 5201 5195
f 5211 5200 5183
f 5211 5183 5192
f 5212 5192 5186
f 5212 5211 5192
f 5212 5186 5205
f 5213 5207 5193
f 5213 5193 5201
f 5213 5201 5210
f 5214 5199 5207
f 5214 5206 5199
f 5215 5216 5198
f 5215 5198 5197
f 5215 5197 5191
f 5215 5191 5208
f 5217 5204 5218
f 5217 5202 5204
f 5217 5195 5202
f 5217 5210 5195
f 5219 5194 5206
f 5219 5209 5194
f 5220 5205 5209
f 5220 5212 5205
f 5221 5207 5213
f 5221 5214 5207
f 5222 5200 5211
f 5222 5208 5200
f 5223 5213 5210
f 5224 5225 5216
f 5224 5215 5208
f 5224 5208 5222
f 5224 5216 5215
f 5226 5206 5214
f 5226 5219 5206
f 5227 5220 5209
f 5227 5209 5219
f 5228 5210 5217
f 5228 5217 5218
f 5228 5223 5210
f 5229 5211 5212
f 5230 5221 5213
f 5230 5213 5223
f 5231 5214 5221
f 5231 5221 5230
f 5231 5226 5214
f 5232 5212 5220
f 5232 5229 5212
f 5233 5223 5228
f 5233 5230 5223
f 5233 5228 5218
f 5234 5219 5226
f 5234 5227 5219
f 5235 5222 5211
f 5235 5211 5229
f 5236 5231 5230
f 5237 5234 5226
f 5237 5226 5231
f 5238 5220 5227
f 5238 5232 5220
f 5238 5227 5234
f 5239 5229 5232
f 5239 5235 5229
f 5240 5241 5225
f 5240 5224 5222
f 5240 5222 5235
f 5240 5225 5224
f 5242 5230 5233
f 5242 5236 5230
f 5243 5241 5240
f 5243 5235 5239
f 5243 5240 5235
f 5244 5231 5236
f 5244 5237 5231
f 5244 5236 5242
f 5245 5238 5234
f 5246 5232 5238
f 5246 5239 5232
f 5246 5238 5245
f 5247 5242 5233
f 5248 5218 5249
f 5248 5247 5233
f 5248 5233 5218
f 5248 5249 5247
f 5250 5244 5242
f 5250 5247 5249
f 5250 5242 5247
f 5251 5234 5237
f 5251 5237 5244
f 5251 5245 5234
f 5252 5253 5241
f 5252 5241 5243
f 5252 5243 5239
f 5252 5239 5246
f 5254 5246 5245
f 5255 5251 5244
f 5256 5245 5251
f 5256 5254 5245
f 5257 5246 5254
f 5257 5252 5246
f 5257 5254 5256
f 5257 5253 5252
f 5258 5255 5244
f 5258 5244 5250
f 5258 5250 5249
f 5259 5257 5256
f 5259 5253 5257
f 5260 5251 5255
f 5260 5256 5251
f 5260 5255 5258
f 5261 5260 5258
f 5262 5263 5253
f 5262 5253 5259
f 5262 5259 5256
f 5262 5256 5260
f 5262 5260 5261
f 5264 5263 5262
f 5264 5262 5261
f 5265 5249 5263
f 5265 5261 5258
f 5265 5263 5264
f 5265 5264 5261
f 5265 5258 5249
f 5266 5267 5268
f 5269 5270 5267
f 5269 5267 5266
f 5271 5266 5268
f 5272 5273 5270
f 5272 5270 5269
f 5274 5269 5266
f 5274 5266 5271
f 5275 5273 5272
f 5276 5271 5268
f 5277 5272 5269
f 5277 5269 5274
f 5278 5279 5273
f 5278 5273 5275
f 5280 5274 5271
f 5280 5271 5276
f 5280 5277 5274
f 5281 5276 5268
f 5282 5272 5277
f 5282 5275 5272
f 5283 5276 5281
f 5283 5280 5276
f 5284 5277 5280
f 5285 5278 5275
f 5285 5275 5282
f 5286 5268 5263
f 5286 5283 5281
f 5286 5281 5268
f 5287 5280 5283
f 5287 5284 5280
f 5288 5279 5278
f 5289 5282 5277
f 5289 5277 5284
f 5290 5283 5286
f 5291 5286 5263
f 5292 5282 5289
f 5292 5285 5282
f 5293 5284 5287
f 5293 5289 5284
f 5294 5283 5290
f 5294 5287 5283
f 5295 5294 5290
f 5295 5290 5286
f 5295 5286 5291
f 5296 5297 5279
f 5296 5279 5288
f 5298 5288 5278
f 5298 5278 5285
f 5299 5289 5293
f 5299 5292 5289
f 5300 5287 5294
f 5300 5293 5287
f 5301 5294 5295
f 5302 5291 5263
f 5303 5304 5297
f 5303 5297 5296
f 5305 5296 5288
f 5305 5288 5298
f 5306 5298 5285
f 5306 5285 5292
f 5307 5299 5293
f 5307 5293 5300
f 5308 5295 5291
f 5308 5291 5302
f 5309 5300 5294
f 5309 5294 5301
f 5309 5307 5300
f 5310 5302 5263
f 5311 5306 5292
f 5311 5292 5299
f 5311 5299 5307
f 5312 5307 5309
f 5313 5296 5305
f 5313 5303 5296
f 5314 5301 5295
f 5314 5295 5308
f 5315 5308 5302
f 5315 5302 5310
f 5316 5298 5306
f 5316 5305 5298
f 5316 5313 5305
f 5317 5310 5263
f 5318 5319 5304
f 5318 5304 5303
f 5320 5263 5321
f 5320 5315 5310
f 5320 5317 5263
f 5320 5310 5317
f 5322 5306 5311
f 5322 5316 5306
f 5323 5322 5311
f 5323 5311 5307
f 5323 5307 5312
f 5324 5309 5301
f 5324 5301 5314
f 5325 5314 5308
f 5325 5308 5315
f 5325 5324 5314
f 5326 5313 5316
f 5327 5309 5324
f 5327 5312 5309
f 5328 5325 5315
f 5328 5320 5321
f 5328 5315 5320
f 5329 5323 5312
f 5330 5319 5318
f 5330 5303 5313
f 5330 5318 5303
f 5331 5324 5325
f 5332 5326 5316
f 5332 5316 5322
f 5333 5322 5323
f 5334 5324 5331
f 5334 5327 5324
f 5335 5328 5321
f 5335 5331 5325
f 5335 5334 5331
f 5335 5325 5328
f 5336 5333 5323
f 5336 5323 5329
f 5337 5338 5319
f 5339 5313 5326
f 5339 5330 5313
f 5340 5321 5341
f 5340 5335 5321
f 5340 5334 5335
f 5342 5332 5322
f 5342 5333 5336
f 5342 5322 5333
f 5343 5312 5327
f 5343 5336 5329
f 5343 5329 5312
f 5344 5326 5332
f 5344 5339 5326
f 5345 5342 5336
f 5346 5337 5319
f 5346 5330 5339
f 5346 5319 5330
f 5347 5327 5334
f 5347 5334 5340
f 5347 5343 5327
f 5348 5345 5336
f 5348 5336 5343
f 5349 5338 5337
f 5350 5341 5351
f 5350 5340 5341
f 5350 5347 5340
f 5352 5332 5342
f 5352 5344 5332
f 5353 5343 5347
f 5353 5348 5343
f 5354 5346 5339
f 5355 5345 5348
f 5356 5352 5342
f 5356 5342 5345
f 5357 5358 5338
f 5357 5338 5349
f 5359 5337 5346
f 5359 5349 5337
f 5360 5350 5351
f 5360 5347 5350
f 5360 5353 5347
f 5361 5354 5339
f 5361 5339 5344
f 5362 5348 5353
f 5362 5355 5348
f 5363 5358 5357
f 5364 5357 5349
f 5364 5349 5359
f 5365 5354 5361
f 5365 5359 5346
f 5365 5346 5354
f 5366 5362 5353
f 5366 5351 5367
f 5366 5360 5351
f 5366 5353 5360
f 5368 5344 5352
f 5368 5361 5344
f 5369 5345 5355
f 5369 5356 5345
f 5370 5371 5358
f 5370 5358 5363
f 5372 5365 5361
f 5373 5352 5356
f 5373 5368 5352
f 5373 5356 5369
f 5374 5363 5357
f 5374 5357 5364
f 5375 5355 5362
f 5375 5369 5355
f 5375 5362 5366
f 5376 5364 5359
f 5376 5359 5365
f 5377 5378 5371
f 5377 5371 5370
f 5379 5370 5363
f 5379 5363 5374
f 5380 5366 5367
f 5380 5367 5381
f 5380 5381 5382
f 5380 5375 5366
f 5383 5376 5365
f 5383 5365 5372
f 5384 5372 5361
f 5384 5361 5368
f 5385 5386 5387
f 5385 5387 5378
f 5385 5378 5377
f 5388 5376 5383
f 5388 5374 5364
f 5388 5364 5376
f 5388 5379 5374
f 5389 5377 5370
f 5389 5370 5379
f 5390 5373 5369
f 5391 5384 5368
f 5391 5368 5373
f 5392 5379 5388
f 5393 5388 5383
f 5393 5392 5388
f 5394 5383 5372
f 5394 5372 5384
f 5395 5386 5385
f 5395 5377 5389
f 5395 5385 5377
f 5396 5369 5375
f 5396 5375 5380
f 5396 5390 5369
f 5397 5392 5393
f 5398 5389 5379
f 5398 5379 5392
f 5398 5395 5389
f 5399 5384 5391
f 5399 5394 5384
f 5400 5380 5382
f 5400 5396 5380
f 5401 5393 5383
f 5401 5383 5394
f 5401 5397 5393
f 5402 5373 5390
f 5402 5391 5373
f 5402 5399 5391
f 5403 5395 5398
f 5404 5392 5397
f 5404 5398 5392
f 5405 5397 5401
f 5406 5395 5403
f 5406 5386 5395
f 5407 5403 5398
f 5407 5398 5404
f 5408 5394 5399
f 5408 5401 5394
f 5409 5402 5390
f 5409 5390 5396
f 5409 5396 5400
f 5410 5399 5402
f 5411 5403 5407
f 5411 5407 5412
f 5411 5406 5403
f 5413 5404 5397
f 5413 5397 5405
f 5414 5405 5401
f 5414 5401 5408
f 5415 5386 5406
f 5415 5411 5412
f 5415 5406 5411
f 5415 5412 5386
f 5416 5409 5400
f 5416 5382 5417
f 5416 5400 5382
f 5418 5404 5413
f 5418 5412 5407
f 5418 5419 5412
f 5418 5407 5404
f 5420 5410 5402
f 5420 5402 5409
f 5421 5413 5405
f 5421 5405 5414
f 5422 5408 5399
f 5422 5414 5408
f 5422 5399 5410
f 5423 5417 5424
f 5423 5416 5417
f 5423 5420 5409
f 5423 5409 5416
f 5425 5418 5413
f 5425 5413 5421
f 5426 5421 5414
f 5426 5414 5422
f 5427 5410 5420
f 5427 5422 5410
f 5428 5419 5418
f 5428 5418 5425
f 5429 5421 5426
f 5430 5426 5422
f 5430 5422 5427
f 5431 5423 5424
f 5431 5420 5423
f 5431 5427 5420
f 5431 5430 5427
f 5432 5421 5429
f 5432 5425 5421
f 5433 5431 5424
f 5433 5424 5434
f 5433 5430 5431
f 5435 5429 5426
f 5435 5426 5430
f 5436 5437 5419
f 5436 5419 5428
f 5436 5428 5425
f 5436 5432 5437
f 5436 5425 5432
f 5438 5432 5429
f 5438 5437 5432
f 5438 5429 5435
f 5439 5433 5434
f 5439 5430 5433
f 5439 5435 5430
f 5440 5434 5111
f 5440 5111 5437
f 5440 5437 5438
f 5440 5438 5435
f 5440 5439 5434
f 5440 5435 5439
f 5441 5198 5216
f 5442 5216 5225
f 5442 5441 5216
f 5443 5225 5241
f 5443 5442 5225
f 5444 5241 5253
f 5444 5443 5241
f 5445 5253 5263
f 5445 5444 5253
f 5446 5263 5447
f 5446 5445 5263
f 5448 5447 5449
f 5448 5446 5447
f 5450 5449 5451
f 5450 5448 5449
f 5452 5451 5453
f 5452 5450 5451
f 5454 5453 5381
f 5454 5452 5453
f 5455 5454 5381
f 5456 5457 4929
f 5456 5458 5457
f 5459 5460 5461
f 5462 5463 5464
f 5465 5466 5467
f 5468 5469 4918
f 5470 4920 5471
f 5472 5470 5471
f 5473 4929 4930
f 5473 4930 5461
f 5474 5456 4929
f 5474 4929 5473
f 5474 5473 5461
f 5474 5461 5460
f 5475 5460 5476
f 5475 5476 5456
f 5475 5474 5460
f 5475 5456 5474
f 5477 5478 5479
f 5477 5479 5463
f 5480 5461 5478
f 5480 5477 5463
f 5480 5478 5477
f 5480 5462 5481
f 5480 5463 5462
f 5482 5461 5480
f 5482 5459 5461
f 5482 5480 5481
f 5483 5481 5484
f 5483 5484 5459
f 5483 5459 5482
f 5483 5482 5481
f 5485 5464 4897
f 5485 4897 4896
f 5486 5464 5485
f 5486 5485 4896
f 5487 5464 5486
f 5487 5462 5464
f 5487 5486 4896
f 5487 4896 5488
f 5489 5488 5490
f 5489 5490 5462
f 5489 5462 5487
f 5489 5487 5488
f 5491 4896 5492
f 5491 5492 5493
f 5494 5491 5493
f 5494 4896 5491
f 5495 5496 5497
f 5495 5497 5488
f 5495 4896 5494
f 5495 5494 5493
f 5495 5488 4896
f 5495 5493 5496
f 5498 5493 4895
f 5498 4895 5466
f 5499 5493 5498
f 5499 5498 5466
f 5500 5466 5465
f 5500 5465 5501
f 5500 5501 5496
f 5500 5499 5466
f 5500 5493 5499
f 5500 5496 5493
f 5502 5467 5503
f 5502 5503 5504
f 5505 5465 5467
f 5505 5467 5502
f 5505 5504 4918
f 5505 5506 5465
f 5505 5502 5504
f 5507 4918 5469
f 5507 5505 4918
f 5507 5469 5508
f 5507 5508 5506
f 5507 5506 5505
f 5509 4918 4919
f 5509 4919 4920
f 5510 4918 5509
f 5510 5468 4918
f 5510 4920 5470
f 5510 5509 4920
f 5511 5468 5510
f 5511 5470 5512
f 5511 5512 5468
f 5511 5510 5470
f 5513 5514 5515
f 5516 5515 5517
f 5516 5513 5515
f 5518 5516 5517
f 5519 5517 5520
f 5519 5518 5517
f 5521 5522 5523
f 5521 5523 6316
f 5524 6316 6314
f 5524 5521 6316
f 5525 6314 5526
f 5525 5524 6314
f 5527 5528 5529
f 5527 5530 5528
f 5531 5532 5530
f 5531 5530 5527
f 5533 5534 5515
f 5533 5529 5534
f 5533 5535 5536
f 5533 5527 5529
f 5537 5527 5533
f 5537 5536 6284
f 5537 6284 5538
f 5537 5531 5527
f 5537 5533 5536
f 5539 5533 5515
f 5539 5514 5540
f 5539 5540 5541
f 5539 5541 5535
f 5539 5535 5533
f 5539 5515 5514
f 5542 5543 5532
f 5542 5531 5537
f 5542 5532 5531
f 5544 5543 5542
f 5544 5522 5543
f 5544 5542 5537
f 5544 5537 5538
f 5544 5523 5522
f 5544 5538 5545
f 5544 5545 5546
f 5544 5546 5547
f 5544 5547 5548
f 5544 5548 5523
f 5549 5550 5551
f 5552 6336 6337
f 5552 6337 5550
f 5552 5550 5549
f 5553 6336 5552
f 5553 6296 6336
f 5554 5555 5556
f 5554 5557 5555
f 5558 5554 5556
f 5559 5554 5558
f 5560 5559 5558
f 5560 5556 5561
f 5560 5558 5556
f 5560 5549 5559
f 5560 5553 5552
f 5560 5552 5549
f 5562 5553 5560
f 5563 5560 5561
f 5563 5562 5560
f 5564 5565 5566
f 5564 5561 5565
f 5564 5563 5561
f 5567 5551 5568
f 5567 5568 5569
f 5567 5569 5570
f 5567 5570 5571
f 5567 5571 5519
f 5567 5549 5551
f 5567 5519 5520
f 5572 5573 5557
f 5572 5520 5573
f 5572 5557 5554
f 5572 5554 5559
f 5572 5567 5520
f 5574 5559 5549
f 5574 5567 5572
f 5574 5549 5567
f 5574 5572 5559
f 5575 6296 5553
f 5575 5576 5577
f 5575 5577 6296
f 5578 5579 5580
f 5578 5580 5581
f 5578 5581 5576
f 5578 5576 5575
f 5582 5564 5583
f 5582 5583 5578
f 5582 5578 5575
f 5584 5563 5564
f 5584 5562 5563
f 5584 5575 5553
f 5584 5564 5582
f 5584 5582 5575
f 5584 5553 5562
f 5585 5586 5525
f 5585 5525 5526
f 5585 5583 5564
f 5585 5526 5587
f 5585 5587 5579
f 5585 5579 5578
f 5585 5578 5583
f 5588 5589 5586
f 5588 5566 5589
f 5588 5585 5564
f 5588 5586 5585
f 5588 5564 5566
f 5590 5763 5591
f 5592 5593 5594
f 5595 5591 5593
f 5595 5592 5596
f 5595 5590 5591
f 5595 5593 5592
f 5597 5598 5590
f 5597 5590 5595
f 5597 5595 5596
f 5599 5600 5598
f 5599 5596 5601
f 5599 5598 5597
f 5599 5597 5596
f 5602 5601 5603
f 5602 5600 5599
f 5602 5599 5601
f 5604 5605 5600
f 5604 5603 5606
f 5604 5606 5607
f 5604 5607 5712
f 5604 5712 5605
f 5604 5600 5602
f 5604 5602 5603
f 5608 5609 5610
f 5611 5610 5612
f 5611 5612 5613
f 5611 5608 5610
f 5614 5613 5615
f 5614 5611 5613
f 5614 5608 5611
f 5616 5617 5608
f 5616 5608 5614
f 5618 5615 5619
f 5618 5616 5614
f 5618 5614 5615
f 5620 5617 5616
f 5620 5616 5618
f 5621 5622 5623
f 5621 5623 5624
f 5621 5624 5617
f 5621 5617 5620
f 5625 5620 5618
f 5625 5618 5619
f 5626 5619 5627
f 5626 5627 5622
f 5626 5625 5619
f 5626 5622 5621
f 5626 5621 5620
f 5626 5620 5625
f 5628 5624 5623
f 5628 5623 5622
f 5629 5624 5628
f 5630 5622 5627
f 5630 5628 5622
f 5631 5593 5591
f 5631 5591 5763
f 5631 5763 5624
f 5631 5624 5629
f 5632 5630 5627
f 5632 5628 5630
f 5632 5629 5628
f 5633 5594 5593
f 5633 5627 5594
f 5633 5632 5627
f 5633 5629 5632
f 5633 5631 5629
f 5633 5593 5631
f 5634 5635 5636
f 5634 5636 5637
f 5638 5639 5635
f 5638 5635 5634
f 5640 5634 5637
f 5641 5638 5634
f 5641 5634 5640
f 5642 5637 5643
f 5642 5640 5637
f 5644 5645 5639
f 5644 5639 5638
f 5646 5641 5640
f 5646 5640 5642
f 5647 5644 5638
f 5647 5641 5646
f 5647 5638 5641
f 5648 5649 5645
f 5648 5645 5644
f 5650 5642 5643
f 5651 5642 5650
f 5651 5646 5642
f 5652 5648 5644
f 5652 5644 5647
f 5653 5647 5646
f 5654 5643 5655
f 5654 5650 5643
f 5656 5657 5658
f 5656 5658 5649
f 5656 5649 5648
f 5659 5655 5660
f 5659 5651 5650
f 5659 5654 5655
f 5659 5650 5654
f 5661 5652 5647
f 5661 5647 5653
f 5662 5651 5659
f 5662 5646 5651
f 5662 5653 5646
f 5662 5661 5653
f 5663 5657 5656
f 5663 5648 5652
f 5663 5656 5648
f 5664 5660 5665
f 5664 5662 5659
f 5664 5659 5660
f 5666 5661 5662
f 5666 5662 5664
f 5667 5652 5661
f 5667 5663 5652
f 5668 5669 5657
f 5670 5664 5665
f 5670 5671 5666
f 5670 5665 5671
f 5670 5666 5664
f 5672 5673 5669
f 5672 5668 5674
f 5672 5669 5668
f 5675 5666 5671
f 5675 5667 5661
f 5675 5661 5666
f 5676 5672 5674
f 5677 5678 5679
f 5677 5679 5673
f 5677 5673 5672
f 5680 5671 5681
f 5680 5681 5682
f 5680 5682 5675
f 5680 5675 5671
f 5683 5672 5676
f 5683 5677 5672
f 5684 5685 5686
f 5684 5686 5687
f 5684 5687 5678
f 5684 5678 5677
f 5688 5674 5689
f 5688 5676 5674
f 5690 5688 5689
f 5691 5692 5685
f 5691 5683 5692
f 5691 5677 5683
f 5691 5684 5677
f 5691 5685 5684
f 5693 5692 5683
f 5693 5683 5676
f 5693 5676 5688
f 5694 5688 5690
f 5695 5690 5682
f 5695 5682 5696
f 5695 5694 5690
f 5697 5693 5698
f 5697 5698 5692
f 5697 5692 5693
f 5699 5698 5693
f 5699 5693 5688
f 5699 5688 5694
f 5700 5696 5701
f 5700 5695 5696
f 5700 5694 5695
f 5702 5701 5703
f 5702 5700 5701
f 5702 5699 5694
f 5702 5694 5700
f 5704 5705 5698
f 5704 5698 5699
f 5706 5703 5707
f 5706 5707 5705
f 5706 5702 5703
f 5706 5699 5702
f 5706 5704 5699
f 5706 5705 5704
f 5708 5689 5674
f 5708 5674 5668
f 5708 5663 5667
f 5708 5668 5657
f 5708 5657 5663
f 5709 5682 5690
f 5709 5708 5667
f 5709 5675 5682
f 5709 5667 5675
f 5709 5689 5708
f 5709 5690 5689
f 5710 5711 5712
f 5713 5712 5607
f 5713 5710 5712
f 5714 5607 5606
f 5714 5606 5715
f 5714 5715 5713
f 5714 5713 5607
f 5716 5711 5710
f 5717 5713 5715
f 5717 5710 5713
f 5717 5716 5710
f 5718 5717 5715
f 5719 5720 5711
f 5719 5711 5716
f 5721 5716 5717
f 5721 5719 5716
f 5722 5723 5720
f 5722 5720 5719
f 5722 5719 5721
f 5724 5715 5725
f 5724 5718 5715
f 5724 5717 5718
f 5724 5721 5717
f 5726 5727 5723
f 5726 5723 5722
f 5726 5722 5721
f 5728 5725 5729
f 5728 5729 5727
f 5728 5727 5726
f 5728 5724 5725
f 5728 5721 5724
f 5728 5726 5721
f 5730 5731 5732
f 5730 5732 5733
f 5734 5692 5731
f 5734 5731 5730
f 5735 5733 5736
f 5735 5730 5733
f 5737 5734 5730
f 5737 5730 5735
f 5738 5698 5692
f 5738 5692 5734
f 5739 5735 5736
f 5739 5736 5740
f 5741 5734 5737
f 5741 5738 5734
f 5742 5735 5739
f 5742 5741 5737
f 5742 5737 5735
f 5743 5744 5745
f 5743 5745 5746
f 5743 5746 5747
f 5743 5747 5748
f 5743 5740 5744
f 5743 5739 5740
f 5749 5698 5738
f 5749 5705 5698
f 5750 5739 5743
f 5750 5742 5739
f 5751 5738 5741
f 5751 5749 5738
f 5752 5741 5742
f 5753 5754 5707
f 5753 5707 5705
f 5753 5705 5749
f 5755 5748 5756
f 5755 5756 5624
f 5755 5750 5743
f 5755 5743 5748
f 5757 5752 5742
f 5757 5742 5750
f 5758 5759 5754
f 5758 5754 5753
f 5758 5749 5751
f 5758 5753 5749
f 5760 5752 5757
f 5760 5751 5741
f 5760 5741 5752
f 5761 5755 5624
f 5761 5624 5762
f 5761 5762 5763
f 5761 5763 5764
f 5761 5764 5765
f 5766 5750 5755
f 5766 5757 5750
f 5767 5760 5757
f 5768 5758 5751
f 5768 5769 5759
f 5768 5760 5767
f 5768 5751 5760
f 5768 5759 5758
f 5770 5761 5765
f 5770 5766 5755
f 5770 5755 5761
f 5771 5772 5773
f 5771 5773 5605
f 5774 5775 5769
f 5774 5768 5767
f 5774 5769 5768
f 5776 5757 5766
f 5776 5767 5757
f 5776 5766 5770
f 5776 5774 5767
f 5777 5605 5778
f 5777 5771 5605
f 5779 5765 5780
f 5779 5780 5772
f 5779 5772 5771
f 5781 5776 5770
f 5782 5771 5777
f 5782 5779 5771
f 5783 5784 5775
f 5783 5775 5774
f 5783 5774 5776
f 5785 5778 5786
f 5785 5777 5778
f 5787 5770 5765
f 5787 5765 5779
f 5787 5779 5782
f 5787 5781 5770
f 5788 5789 5784
f 5788 5784 5783
f 5788 5781 5789
f 5788 5776 5781
f 5788 5783 5776
f 5790 5785 5786
f 5790 5786 5791
f 5790 5791 5792
f 5790 5792 5793
f 5790 5793 5637
f 5794 5785 5790
f 5794 5782 5777
f 5794 5777 5785
f 5795 5787 5782
f 5795 5782 5794
f 5796 5790 5637
f 5796 5794 5790
f 5797 5781 5787
f 5797 5798 5789
f 5797 5789 5781
f 5799 5795 5794
f 5800 5787 5795
f 5800 5797 5787
f 5801 5802 5798
f 5801 5798 5797
f 5801 5797 5800
f 5803 5796 5637
f 5803 5794 5796
f 5803 5799 5794
f 5804 5801 5800
f 5804 5802 5801
f 5805 5795 5799
f 5805 5800 5795
f 5806 5799 5803
f 5806 5805 5799
f 5807 5804 5800
f 5807 5802 5804
f 5807 5805 5806
f 5807 5808 5802
f 5807 5800 5805
f 5809 5807 5806
f 5809 5808 5807
f 5809 5643 5808
f 5810 5809 5806
f 5810 5643 5809
f 5810 5637 5643
f 5810 5806 5803
f 5810 5803 5637
f 5813 5814 5812
f 5813 5812 5811
f 5815 5812 5816
f 5815 5813 5811
f 5815 5814 5813
f 5815 5811 5812
f 5817 5815 5816
f 5817 5814 5815
f 5817 5816 5818
f 5817 5818 5814
f 5819 5820 5814
f 5819 5818 5816
f 5819 5814 5818
f 5821 5816 5822
f 5821 5819 5816
f 5821 5822 5820
f 5821 5820 5819
f 5823 5824 5825
f 5823 5825 5820
f 5823 5820 5822
f 5826 5822 5827
f 5826 5827 5852
f 5826 5852 5824
f 5826 5823 5822
f 5826 5824 5823
f 5828 5829 5830
f 5828 5830 5831
f 5828 5831 5832
f 5828 5832 5833
f 5828 5833 5834
f 5828 5834 5829
f 5835 5836 5829
f 5835 5834 5837
f 5835 5829 5834
f 5835 5837 5836
f 5838 5839 5836
f 5838 5837 5840
f 5838 5836 5837
f 5838 5840 5839
f 5841 5840 5842
f 5841 5839 5840
f 5843 5844 5839
f 5843 5842 5845
f 5843 5845 5846
f 5843 5846 5847
f 5843 5847 5848
f 5843 5848 5844
f 5843 5839 5841
f 5843 5841 5842
f 5849 5850 5851
f 5849 5851 5824
f 5849 5824 5852
f 5853 5852 5827
f 5853 5849 5852
f 5854 5850 5849
f 5855 5827 5856
f 5855 5849 5853
f 5855 5854 5849
f 5855 5856 5854
f 5855 5853 5827
f 5857 5856 5858
f 5857 5859 5850
f 5857 5850 5854
f 5857 5854 5856
f 5857 5858 5859
f 5860 5859 5858
f 5861 5860 5858
f 5862 5863 5864
f 5862 5864 5865
f 5862 5865 5859
f 5862 5859 5860
f 5866 5858 5867
f 5866 5867 5863
f 5866 5861 5858
f 5866 5863 5862
f 5866 5860 5861
f 5866 5862 5860
f 5868 5865 5864
f 5868 5864 5863
f 5869 5865 5868
f 5870 5863 5871
f 5870 5868 5863
f 5872 5868 5870
f 5872 5869 5868
f 5872 5870 5871
f 5873 5830 5865
f 5873 5832 5831
f 5873 5831 5830
f 5873 5865 5869
f 5874 5871 5875
f 5874 5875 5832
f 5874 5872 5871
f 5874 5832 5873
f 5874 5869 5872
f 5874 5873 5869
f 5876 5877 5878
f 5879 5876 5878
f 5880 5881 5882
f 5883 5884 5881
f 5883 5881 5880
f 5885 5886 5884
f 5885 5884 5883
f 5887 5882 5888
f 5887 5880 5882
f 5889 5883 5880
f 5889 5887 5888
f 5889 5880 5887
f 5890 5891 5886
f 5890 5886 5885
f 5892 5883 5889
f 5892 5885 5883
f 5893 5891 5890
f 5894 5889 5888
f 5895 5885 5892
f 5895 5890 5885
f 5896 5897 5891
f 5896 5891 5893
f 5898 5892 5889
f 5898 5889 5894
f 5899 5888 5900
f 5899 5894 5888
f 5901 5893 5890
f 5901 5890 5895
f 5902 5898 5894
f 5902 5894 5899
f 5903 5892 5898
f 5903 5898 5902
f 5903 5895 5892
f 5904 5893 5901
f 5904 5896 5893
f 5905 5899 5900
f 5906 5903 5902
f 5907 5897 5896
f 5908 5895 5903
f 5908 5901 5895
f 5909 5902 5899
f 5909 5899 5905
f 5910 5909 5905
f 5910 5905 5900
f 5911 5904 5901
f 5911 5901 5908
f 5912 5903 5906
f 5912 5908 5903
f 5913 5906 5902
f 5913 5902 5909
f 5914 5909 5910
f 5915 5916 5897
f 5915 5897 5907
f 5917 5896 5904
f 5917 5907 5896
f 5918 5911 5908
f 5918 5908 5912
f 5919 5906 5913
f 5919 5912 5906
f 5919 5918 5912
f 5920 5919 5913
f 5920 5913 5909
f 5920 5909 5914
f 5921 5900 5922
f 5921 5910 5900
f 5923 5924 5916
f 5923 5916 5915
f 5925 5915 5907
f 5925 5907 5917
f 5925 5923 5915
f 5926 5904 5911
f 5926 5917 5904
f 5927 5918 5919
f 5928 5914 5910
f 5928 5910 5921
f 5929 5919 5920
f 5930 5921 5922
f 5931 5911 5918
f 5931 5926 5911
f 5932 5927 5919
f 5932 5919 5929
f 5933 5923 5925
f 5934 5920 5914
f 5934 5914 5928
f 5935 5928 5921
f 5935 5921 5930
f 5936 5925 5917
f 5936 5917 5926
f 5936 5926 5931
f 5936 5933 5925
f 5937 5935 5930
f 5937 5930 5922
f 5938 5939 5924
f 5938 5924 5923
f 5940 5935 5937
f 5941 5936 5931
f 5942 5937 5922
f 5942 5940 5937
f 5943 5931 5918
f 5943 5918 5927
f 5943 5927 5932
f 5944 5920 5934
f 5944 5929 5920
f 5945 5928 5935
f 5945 5944 5934
f 5945 5934 5928
f 5946 5933 5936
f 5947 5922 5948
f 5947 5942 5922
f 5947 5940 5942
f 5949 5929 5944
f 5949 5932 5929
f 5950 5935 5940
f 5950 5945 5935
f 5951 5943 5932
f 5952 5938 5923
f 5952 5939 5938
f 5952 5923 5933
f 5953 5944 5945
f 5954 5946 5936
f 5954 5936 5941
f 5955 5931 5943
f 5955 5943 5951
f 5955 5941 5931
f 5956 5947 5948
f 5956 5940 5947
f 5956 5950 5940
f 5957 5949 5944
f 5957 5944 5953
f 5958 5945 5950
f 5958 5953 5945
f 5958 5950 5956
f 5959 5955 5951
f 5960 5961 5939
f 5962 5933 5946
f 5962 5952 5933
f 5963 5957 5953
f 5963 5953 5958
f 5964 5958 5956
f 5964 5956 5948
f 5965 5954 5941
f 5965 5941 5955
f 5965 5955 5959
f 5966 5932 5949
f 5966 5951 5932
f 5966 5949 5957
f 5967 5962 5946
f 5967 5946 5954
f 5968 5948 5969
f 5968 5958 5964
f 5968 5963 5958
f 5968 5964 5948
f 5968 5969 5963
f 5970 5965 5959
f 5971 5939 5952
f 5971 5960 5939
f 5972 5966 5957
f 5973 5959 5951
f 5973 5951 5966
f 5974 5961 5960
f 5975 5957 5963
f 5975 5963 5969
f 5975 5972 5957
f 5976 5954 5965
f 5976 5967 5954
f 5977 5973 5966
f 5977 5972 5975
f 5977 5966 5972
f 5978 5971 5952
f 5978 5952 5962
f 5979 5973 5977
f 5979 5959 5973
f 5979 5970 5959
f 5980 5976 5965
f 5980 5970 5979
f 5980 5965 5970
f 5981 5982 5961
f 5981 5961 5974
f 5983 5974 5960
f 5983 5971 5978
f 5983 5960 5971
f 5984 5977 5975
f 5985 5962 5967
f 5985 5978 5962
f 5986 5979 5977
f 5987 5969 5988
f 5987 5984 5975
f 5987 5988 5984
f 5987 5975 5969
f 5989 5990 5982
f 5989 5982 5981
f 5991 5974 5983
f 5991 5981 5974
f 5992 5983 5978
f 5993 5986 5977
f 5993 5977 5984
f 5993 5984 5988
f 5994 5967 5976
f 5994 5985 5967
f 5995 5980 5979
f 5996 5990 5989
f 5997 5992 5978
f 5997 5985 5994
f 5997 5978 5985
f 5998 5988 5999
f 5998 5993 5988
f 5998 5999 5993
f 6000 5994 5976
f 6000 5976 5980
f 6001 5989 5981
f 6001 5981 5991
f 6002 5979 5986
f 6002 5995 5979
f 6002 5986 5993
f 6003 5983 5992
f 6003 5992 5997
f 6003 5991 5983
f 6004 6005 5990
f 6004 5990 5996
f 6006 5989 6001
f 6006 5996 5989
f 6007 5993 5999
f 6007 6002 5993
f 6008 6003 5997
f 6009 5997 5994
f 6010 5878 6005
f 6010 6011 6012
f 6010 6005 6004
f 6013 6001 5991
f 6013 5991 6003
f 6014 5999 5532
f 6014 5532 5543
f 6014 6007 5999
f 6015 6012 5879
f 6015 5878 6010
f 6015 5879 5878
f 6015 6010 6012
f 6016 6004 5996
f 6016 5996 6006
f 6017 5995 6002
f 6017 5980 5995
f 6017 6000 5980
f 6018 5994 6000
f 6018 6009 5994
f 6019 6006 6001
f 6019 6001 6013
f 6020 6013 6003
f 6020 6003 6008
f 6021 6008 5997
f 6021 5997 6009
f 6022 6004 6016
f 6022 6011 6010
f 6022 6010 6004
f 6023 6017 6002
f 6024 6019 6013
f 6024 6013 6020
f 6025 6022 6026
f 6025 6011 6022
f 6025 6026 6011
f 6027 6006 6019
f 6027 6019 6024
f 6027 6016 6006
f 6028 6009 6018
f 6028 6021 6009
f 6029 6007 6014
f 6029 6023 6002
f 6029 6002 6007
f 6030 6008 6021
f 6030 6020 6008
f 6031 6000 6017
f 6031 6018 6000
f 6032 6022 6016
f 6032 6026 6022
f 6032 6016 6027
f 6033 6027 6024
f 6034 6014 5543
f 6034 6029 6014
f 6035 6024 6020
f 6035 6020 6030
f 6036 6037 6026
f 6036 6026 6032
f 6038 6027 6033
f 6038 6037 6036
f 6038 6032 6027
f 6038 6036 6032
f 6039 6030 6021
f 6039 6035 6030
f 6039 6021 6028
f 6040 6031 6017
f 6040 6017 6023
f 6041 6018 6031
f 6041 6028 6018
f 6042 6033 6024
f 6042 6038 6033
f 6042 6024 6035
f 6043 6035 6039
f 6043 6042 6035
f 6044 6040 6023
f 6044 6023 6029
f 6045 6046 6037
f 6045 6038 6042
f 6045 6037 6038
f 6047 6031 6040
f 6047 6041 6031
f 6048 5543 5522
f 6048 6034 5543
f 6048 6029 6034
f 6048 6044 6029
f 6048 5522 6044
f 6049 6042 6043
f 6050 6039 6028
f 6050 6028 6041
f 6051 6040 6044
f 6051 6044 5522
f 6051 6047 6040
f 6052 6045 6042
f 6052 6042 6049
f 6053 6039 6050
f 6053 6043 6039
f 6054 6050 6041
f 6054 6047 6051
f 6054 6041 6047
f 6055 6045 6052
f 6055 6046 6045
f 6056 6052 6049
f 6056 6043 6053
f 6056 6049 6043
f 6057 6053 6050
f 6057 6050 6054
f 6058 6054 6051
f 6058 6057 6054
f 6059 6055 6052
f 6059 6046 6055
f 6059 6060 6046
f 6059 6052 6056
f 6061 6057 6058
f 6062 6058 6051
f 6062 5522 5521
f 6062 6051 5522
f 6063 6056 6053
f 6063 6059 6056
f 6063 6053 6057
f 6064 6058 6062
f 6064 5521 5524
f 6064 6061 6058
f 6064 6062 5521
f 6065 6060 6059
f 6065 6059 6063
f 6066 6057 6061
f 6066 6061 6064
f 6066 6063 6057
f 6067 6060 6065
f 6067 6065 6063
f 6067 6063 6066
f 6068 6064 5524
f 6068 6066 6064
f 6069 5524 5525
f 6069 6067 6066
f 6069 6068 5524
f 6069 6066 6068
f 6070 5525 6060
f 6070 6060 6067
f 6070 6067 6069
f 6070 6069 5525
f 6071 5848 5847
f 6071 5847 6072
f 6073 6074 5848
f 6073 5848 6071
f 6075 6072 5845
f 6075 6071 6072
f 6075 6073 6071
f 6076 6077 6074
f 6076 6074 6073
f 6078 5845 6077
f 6078 6075 5845
f 6078 6076 6073
f 6078 6073 6075
f 6079 6077 6076
f 6080 6077 6079
f 6080 6076 6078
f 6080 6078 6077
f 6080 6079 6076
f 6081 6082 6083
f 6084 6083 6085
f 6084 6081 6083
f 6086 6087 6082
f 6086 6082 6081
f 6088 6084 6085
f 6089 6084 6088
f 6089 6081 6084
f 6089 6086 6081
f 6090 6085 6091
f 6090 6088 6085
f 6092 6087 6086
f 6093 6089 6088
f 6094 6090 6091
f 6095 6092 6086
f 6095 6089 6093
f 6095 6086 6089
f 6096 6087 6092
f 6096 6092 6095
f 6097 6093 6088
f 6097 6088 6090
f 6098 6096 6095
f 6099 6095 6093
f 6100 6097 6090
f 6100 6090 6094
f 6101 6087 6096
f 6101 6102 6087
f 6103 6095 6099
f 6103 6098 6095
f 6104 6091 6105
f 6104 6094 6091
f 6106 6099 6093
f 6106 6103 6099
f 6106 6093 6097
f 6107 6101 6096
f 6107 6096 6098
f 6108 6102 6101
f 6109 6097 6100
f 6109 6106 6097
f 6110 6103 6106
f 6111 6105 6112
f 6111 6104 6105
f 6113 6107 6098
f 6113 6103 6110
f 6113 6098 6103
f 6114 6094 6104
f 6114 6109 6100
f 6114 6100 6094
f 6115 6101 6107
f 6115 6108 6101
f 6116 6106 6109
f 6116 6110 6106
f 6117 6112 6118
f 6117 6118 6119
f 6117 6119 6120
f 6117 6120 6121
f 6117 6121 6122
f 6117 6111 6112
f 6123 6113 6110
f 6123 6110 6116
f 6124 6104 6111
f 6124 6114 6104
f 6125 6107 6113
f 6125 6113 6123
f 6125 6115 6107
f 6126 6127 6102
f 6126 6102 6108
f 6126 6108 6115
f 6128 6109 6114
f 6129 6123 6116
f 6130 6115 6125
f 6130 6126 6115
f 6131 6122 6132
f 6131 6117 6122
f 6131 6111 6117
f 6131 6124 6111
f 6133 6125 6123
f 6134 6116 6109
f 6134 6109 6128
f 6135 6127 6126
f 6136 6114 6124
f 6136 6128 6114
f 6137 6123 6129
f 6137 6133 6123
f 6138 6130 6125
f 6139 6135 6126
f 6139 6126 6130
f 6140 6127 6135
f 6140 6135 6139
f 6140 6141 5525
f 6140 5525 6127
f 6142 6128 6136
f 6142 6134 6128
f 6143 6132 6144
f 6143 6144 6145
f 6143 6131 6132
f 6146 6136 6124
f 6146 6131 6143
f 6146 6124 6131
f 6147 6116 6134
f 6147 6129 6116
f 6148 6140 6139
f 6148 6141 6140
f 6149 6138 6125
f 6149 6125 6133
f 6150 6139 6130
f 6150 6138 6149
f 6150 6130 6138
f 6151 6142 6136
f 6151 6136 6146
f 6152 6133 6137
f 6152 6149 6133
f 6153 6147 6134
f 6153 6134 6142
f 6153 6142 6151
f 6154 6139 6150
f 6154 6148 6139
f 6154 6141 6148
f 6154 6155 6141
f 6156 6129 6147
f 6156 6137 6129
f 6156 6147 6153
f 6157 6146 6143
f 6158 6150 6149
f 6159 6146 6157
f 6159 6151 6146
f 6160 6149 6152
f 6160 6158 6149
f 6161 6153 6151
f 6162 6154 6150
f 6162 6150 6158
f 6162 6155 6154
f 6163 6156 6153
f 6163 6153 6161
f 6164 6145 6165
f 6164 6165 6166
f 6164 6143 6145
f 6164 6157 6143
f 6167 6168 6155
f 6167 6158 6160
f 6167 6155 6162
f 6167 6162 6158
f 6169 6152 6137
f 6169 6137 6156
f 6169 6160 6152
f 6170 6171 6172
f 6170 6172 6173
f 6174 6163 6161
f 6175 6159 6157
f 6175 6157 6164
f 6176 6151 6159
f 6176 6174 6161
f 6176 6159 6175
f 6176 6161 6151
f 6177 6178 6179
f 6177 6179 6180
f 6177 6180 6181
f 6177 6181 6182
f 6177 6182 6183
f 6184 6156 6163
f 6184 6169 6156
f 6185 6167 6160
f 6185 6160 6169
f 6186 6174 6176
f 6187 6171 6170
f 6187 6166 6171
f 6187 6164 6166
f 6188 6176 6175
f 6189 6167 6185
f 6189 6168 6167
f 6190 6184 6163
f 6190 6174 6186
f 6190 6163 6174
f 6191 6183 6192
f 6191 6177 6183
f 6193 6169 6184
f 6193 6185 6169
f 6194 6187 6170
f 6194 6170 6173
f 6194 6173 6178
f 6194 6178 6177
f 6194 6177 6191
f 6195 6164 6187
f 6195 6175 6164
f 6196 6168 6189
f 6196 6185 6193
f 6196 6197 6168
f 6196 6189 6185
f 6198 6176 6188
f 6198 6186 6176
f 6199 6191 6192
f 6200 6193 6184
f 6200 6184 6190
f 6201 6190 6186
f 6201 6186 6198
f 6202 6194 6191
f 6203 6187 6194
f 6204 6175 6195
f 6204 6188 6175
f 6205 6196 6193
f 6205 6197 6196
f 6205 6193 6200
f 6206 6199 6192
f 6207 6195 6187
f 6207 6187 6203
f 6208 6200 6190
f 6208 6190 6201
f 6209 6191 6199
f 6209 6202 6191
f 6209 6199 6206
f 6210 6201 6198
f 6211 6192 6212
f 6211 6206 6192
f 6213 6198 6188
f 6213 6188 6204
f 6214 6194 6202
f 6214 6203 6194
f 6214 6207 6203
f 6215 5561 6197
f 6215 6205 6200
f 6215 6197 6205
f 6215 6200 6208
f 6216 6209 6206
f 6217 6207 6214
f 6218 6212 6219
f 6218 6211 6212
f 6220 6208 6201
f 6220 6201 6210
f 6221 6204 6195
f 6221 6195 6207
f 6221 6213 6204
f 6221 6207 6217
f 6222 6202 6209
f 6222 6214 6202
f 6223 6206 6211
f 6223 6216 6206
f 6223 6211 6218
f 6224 6219 6225
f 6224 6225 6226
f 6224 6226 6227
f 6224 6218 6219
f 6228 5561 6215
f 6228 6229 5561
f 6228 6215 6208
f 6228 6208 6220
f 6230 6214 6222
f 6230 6217 6214
f 6231 6198 6213
f 6231 6210 6198
f 6232 6213 6221
f 6233 6222 6209
f 6233 6209 6216
f 6234 6221 6217
f 6235 6223 6218
f 6236 6233 6216
f 6236 6216 6223
f 6237 6222 6233
f 6237 6230 6222
f 6238 6228 6220
f 6238 6210 6231
f 6238 6220 6210
f 6239 6224 6227
f 6239 6235 6218
f 6239 6218 6224
f 6240 6217 6230
f 6240 6234 6217
f 6241 6232 6221
f 6241 6221 6234
f 6242 6233 6236
f 6242 6237 6233
f 6243 6229 6228
f 6243 6228 6238
f 6243 6244 6229
f 6245 6236 6223
f 6245 6223 6235
f 6245 6242 6236
f 6246 6213 6232
f 6246 6231 6213
f 6247 6240 6230
f 6247 6230 6237
f 6248 6234 6240
f 6248 6241 6234
f 6249 6239 6227
f 6249 6245 6235
f 6249 6235 6239
f 6250 6242 6245
f 6251 6231 6246
f 6251 6238 6231
f 6252 6247 6237
f 6252 6237 6242
f 6253 6249 6227
f 6253 6245 6249
f 6253 6250 6245
f 6254 6232 6241
f 6254 6246 6232
f 6254 6241 6248
f 6254 6251 6246
f 6255 6248 6240
f 6255 6240 6247
f 6255 6247 6252
f 6256 6257 6244
f 6256 6243 6238
f 6256 6244 6243
f 6256 6238 6251
f 6258 6242 6250
f 6258 6250 6253
f 6258 6252 6242
f 6259 6255 6252
f 6260 6254 6248
f 6261 6251 6254
f 6261 6254 6260
f 6262 6258 6253
f 6263 6251 6261
f 6263 6257 6256
f 6263 6256 6251
f 6264 6252 6258
f 6264 6259 6252
f 6265 6248 6255
f 6265 6260 6248
f 6266 6261 6260
f 6267 6264 6258
f 6267 6258 6262
f 6268 6265 6255
f 6268 6255 6259
f 6269 6257 6263
f 6269 6261 6266
f 6269 6270 6257
f 6269 6263 6261
f 6271 6266 6260
f 6271 6260 6265
f 6272 6259 6264
f 6272 6268 6259
f 6273 6265 6268
f 6273 6271 6265
f 6273 6268 6272
f 6274 6266 6271
f 6274 6270 6269
f 6274 6269 6266
f 6275 6272 6264
f 6275 6264 6267
f 6276 6271 6273
f 6276 6274 6271
f 6276 6270 6274
f 6277 6273 6272
f 6277 6276 6273
f 6278 6262 6253
f 6278 6267 6262
f 6278 6275 6267
f 6278 6227 5922
f 6278 6253 6227
f 6279 6272 6275
f 6279 6277 6272
f 6280 6270 6276
f 6280 6276 6277
f 6281 6278 5922
f 6281 6279 6275
f 6281 6275 6278
f 6282 5922 6270
f 6282 6270 6280
f 6282 6277 6279
f 6282 6280 6277
f 6282 6279 6281
f 6283 6281 5922
f 6283 5922 6282
f 6283 6282 6281
f 6284 5538 6285
f 6284 6285 6286
f 5545 6285 6287
f 5545 5538 6285
f 6288 5547 6289
f 5523 6290 6291
f 5580 6292 6293
f 5576 6294 6295
f 6296 6297 6339
f 6336 6296 6339
f 6298 6287 6299
f 6298 6299 6289
f 6300 5545 6287
f 6300 6287 6298
f 6300 6298 6289
f 6300 6289 5547
f 6301 5547 5546
f 6301 5546 5545
f 6301 6300 5547
f 6301 5545 6300
f 6302 6303 6304
f 6302 6304 6290
f 6305 6289 6303
f 6305 6302 6290
f 6305 6303 6302
f 6305 5523 6306
f 6305 6290 5523
f 6307 6289 6305
f 6307 6288 6289
f 6307 6305 6306
f 6308 6306 5548
f 6308 5548 6288
f 6308 6288 6307
f 6308 6307 6306
f 6309 6291 6310
f 6309 6310 6311
f 6312 6291 6309
f 6312 6309 6311
f 6313 6291 6312
f 6313 5523 6291
f 6313 6312 6311
f 6313 6311 6314
f 6315 6314 6316
f 6315 6316 5523
f 6315 5523 6313
f 6315 6313 6314
f 6317 6311 6318
f 6317 6318 6319
f 6320 6317 6319
f 6320 6311 6317
f 6321 5587 5526
f 6321 5526 6314
f 6321 6311 6320
f 6321 6320 6319
f 6321 6314 6311
f 6321 6319 5587
f 6322 6319 6323
f 6322 6323 6292
f 6324 6319 6322
f 6324 6322 6292
f 6325 6292 5580
f 6325 5580 5579
f 6325 5579 5587
f 6325 6324 6292
f 6325 6319 6324
f 6325 5587 6319
f 6326 6293 6327
f 6326 6327 6328
f 6329 5580 6293
f 6329 6293 6326
f 6329 6328 6295
f 6329 6330 5580
f 6329 6326 6328
f 6331 6295 6294
f 6331 6329 6295
f 6331 6294 5581
f 6331 5581 6330
f 6331 6330 6329
f 6332 6295 6333
f 6332 6333 6297
f 6334 6295 6332
f 6334 5576 6295
f 6334 6297 6296
f 6334 6332 6297
f 6335 5576 6334
f 6335 6296 5577
f 6335 5577 5576
f 6335 6334 6296
f 6336 6337 6338
f 6336 6338 6339
f 6340 6341 6982
f 6342 6340 6982
f 6343 6344 6345
f 6953 6344 6343
f 6346 6953 6343
f 6347 6953 6346
f 6413 6347 6346
f 6348 6354 6349
f 6387 6349 6958
f 6387 6348 6349
f 6350 6958 6960
f 6350 6387 6958
f 6388 6960 6962
f 6388 6962 6964
f 6388 6350 6960
f 6351 6964 6966
f 6351 6966 6352
f 6351 6352 6968
f 6351 6968 6970
f 6351 6970 6353
f 6351 6388 6964
f 6348 6371 6367
f 6354 6348 6367
f 6436 6355 6371
f 6356 6355 6436
f 6357 6438 6358
f 6944 6357 6358
f 6359 6358 6360
f 6359 6944 6358
f 6361 6359 6360
f 6362 6361 6360
f 6363 6362 6360
f 6364 6363 6360
f 6365 6364 6360
f 6366 6367 6368
f 6366 6368 6356
f 6366 6436 6438
f 6366 6357 6369
f 6366 6369 6367
f 6366 6356 6436
f 6366 6438 6357
f 6370 6348 6371
f 6370 6371 6372
f 6373 6372 6374
f 6373 6374 6375
f 6373 6375 6376
f 6377 6372 6373
f 6377 6370 6372
f 6377 6373 6376
f 6378 6376 6379
f 6378 6379 6370
f 6378 6370 6377
f 6378 6377 6376
f 6380 6375 6381
f 6380 6381 6382
f 6380 6382 6383
f 6380 6376 6375
f 6384 6383 6385
f 6384 6385 6390
f 6384 6390 6376
f 6384 6376 6380
f 6384 6380 6383
f 6386 6348 6387
f 6451 6388 6351
f 6389 6390 6391
f 6392 6389 6391
f 6470 6391 6393
f 6394 6392 6391
f 6395 6391 6470
f 6395 6394 6391
f 6396 6397 6398
f 6396 6398 6399
f 6396 6399 6400
f 6396 6400 6393
f 6396 6393 6391
f 6401 6391 6386
f 6401 6387 6350
f 6401 6350 6388
f 6401 6451 6397
f 6401 6386 6387
f 6401 6388 6451
f 6401 6396 6391
f 6401 6397 6396
f 6402 6451 6403
f 6351 6402 6403
f 6404 6402 6351
f 6405 6404 6351
f 6353 6405 6351
f 6406 6353 6971
f 6406 6405 6353
f 6407 6408 6973
f 6409 6410 6411
f 6406 6411 6971
f 6406 6409 6411
f 6412 6973 6410
f 6412 6409 6407
f 6412 6407 6973
f 6412 6410 6409
f 6413 6414 6415
f 6416 6413 6415
f 6417 6418 6532
f 6417 6532 6419
f 6417 6419 6420
f 6417 6344 6418
f 6509 6417 6420
f 6507 6417 6509
f 7534 6417 6507
f 6513 7534 6507
f 6511 7534 6513
f 7533 7534 6511
f 6485 7533 6511
f 6483 7533 6485
f 6421 7533 6483
f 6496 7533 6421
f 6501 7533 6496
f 6422 6423 6424
f 6425 6422 6424
f 6426 6422 6425
f 6427 6425 6428
f 6427 6426 6425
f 6360 6427 6428
f 6429 6360 6428
f 6365 6429 6415
f 6365 6360 6429
f 6416 6365 6415
f 6430 6381 6431
f 6430 6431 6432
f 6433 6381 6430
f 6434 6381 6433
f 6435 6434 6433
f 6436 6371 6437
f 6358 6438 6439
f 6360 6358 6439
f 6440 6435 6441
f 6440 6441 6442
f 6440 6442 6443
f 6440 6443 6444
f 6440 6444 6445
f 6440 6445 6423
f 6440 6434 6435
f 6446 6423 6439
f 6446 6438 6436
f 6446 6437 6434
f 6446 6434 6440
f 6446 6440 6423
f 6446 6436 6437
f 6446 6439 6438
f 6447 6472 6448
f 6447 6448 6480
f 6449 6480 6479
f 6449 6447 6480
f 6450 6479 6478
f 6450 6478 6451
f 6450 6449 6479
f 6452 6453 6472
f 6452 6472 6447
f 6454 6447 6449
f 6454 6452 6447
f 6455 6451 6456
f 6455 6454 6449
f 6455 6450 6451
f 6455 6449 6450
f 6457 6453 6452
f 6458 6453 6457
f 6458 6454 6455
f 6458 6452 6454
f 6458 6456 6453
f 6458 6457 6452
f 6459 6455 6456
f 6459 6458 6455
f 6459 6456 6458
f 6460 6461 6453
f 6462 6463 6461
f 6462 6453 6456
f 6462 6461 6460
f 6462 6460 6453
f 6464 6456 6463
f 6464 6462 6456
f 6464 6463 6462
f 6465 6466 6655
f 6465 6655 6461
f 6467 6468 6466
f 6467 6461 6463
f 6467 6466 6465
f 6467 6465 6461
f 6469 6470 6468
f 6469 6463 6470
f 6469 6468 6467
f 6469 6467 6463
f 6471 6472 6699
f 6471 6699 6489
f 6471 6489 6506
f 6471 6506 6473
f 6471 6473 6474
f 6471 6474 6406
f 6471 6406 6451
f 6475 6471 6451
f 6475 6472 6471
f 6476 6475 6451
f 6476 6472 6475
f 6477 6451 6478
f 6477 6478 6479
f 6477 6479 6480
f 6477 6480 6448
f 6477 6448 6472
f 6477 6476 6451
f 6477 6472 6476
f 6481 6510 6482
f 6483 6484 6485
f 6486 6487 6488
f 6489 6699 6490
f 6406 6474 6491
f 6492 6482 6484
f 6492 6483 6421
f 6492 6421 6493
f 6492 6481 6482
f 6492 6484 6483
f 6494 6495 6481
f 6494 6493 6496
f 6494 6481 6492
f 6494 6492 6493
f 6497 6498 6495
f 6497 6496 6499
f 6497 6495 6494
f 6497 6494 6496
f 6500 6499 6501
f 6500 6501 6487
f 6500 6498 6497
f 6500 6497 6499
f 6502 6490 6498
f 6502 6500 6487
f 6502 6498 6500
f 6502 6487 6486
f 6503 6486 6491
f 6503 6502 6486
f 6503 6490 6502
f 6504 6503 6491
f 6504 6490 6503
f 6505 6474 6473
f 6505 6473 6506
f 6505 6506 6489
f 6505 6490 6504
f 6505 6504 6491
f 6505 6489 6490
f 6505 6491 6474
f 6507 6520 6508
f 6507 6508 6522
f 6507 6522 6509
f 6482 6510 6511
f 6484 6482 6511
f 6485 6484 6511
f 6512 6510 6520
f 6512 6507 6513
f 6512 6513 6511
f 6512 6520 6507
f 6512 6511 6510
f 6514 6515 6516
f 6414 6542 6415
f 6517 6518 6519
f 6508 6520 6521
f 6509 6522 6523
f 6524 6525 6514
f 6524 6516 6526
f 6524 6526 6542
f 6524 6414 6527
f 6524 6514 6516
f 6524 6542 6414
f 6528 6527 6519
f 6528 6525 6524
f 6528 6524 6527
f 6529 6530 6525
f 6529 6525 6528
f 6529 6528 6519
f 6529 6519 6518
f 6531 6518 6532
f 6531 6521 6530
f 6531 6529 6518
f 6531 6530 6529
f 6533 6532 6419
f 6533 6521 6531
f 6533 6531 6532
f 6534 6419 6420
f 6534 6420 6523
f 6534 6522 6508
f 6534 6521 6533
f 6534 6508 6521
f 6534 6533 6419
f 6534 6523 6522
f 6535 6536 6537
f 6535 6537 6538
f 6535 6538 6539
f 6535 6539 6423
f 6540 6535 6423
f 6540 6536 6535
f 6541 6415 6542
f 6541 6542 6526
f 6541 6526 6516
f 6541 6516 6515
f 6541 6515 6536
f 6541 6423 6415
f 6541 6536 6540
f 6541 6540 6423
f 6543 6544 6545
f 6543 6545 6546
f 6543 6546 6547
f 6548 6547 6549
f 6548 6543 6547
f 6550 6551 6552
f 6550 6552 6553
f 6554 6549 6551
f 6554 6548 6549
f 6555 6544 6543
f 6556 6555 6543
f 6556 6543 6548
f 6557 6554 6551
f 6557 6550 6553
f 6557 6551 6550
f 6558 6556 6548
f 6558 6548 6554
f 6559 6553 6560
f 6561 6558 6554
f 6561 6554 6557
f 6562 6560 6563
f 6562 6559 6560
f 6564 6553 6559
f 6564 6559 6562
f 6564 6557 6553
f 6565 6563 6566
f 6565 6562 6563
f 6567 6566 6568
f 6567 6565 6566
f 6569 6564 6562
f 6570 6571 6567
f 6570 6568 6572
f 6570 6572 6573
f 6570 6573 6574
f 6570 6574 6571
f 6570 6567 6568
f 6575 6561 6557
f 6575 6557 6564
f 6576 6565 6567
f 6576 6562 6565
f 6576 6569 6562
f 6577 6567 6571
f 6577 6576 6567
f 6578 6564 6569
f 6578 6575 6564
f 6579 6577 6571
f 6579 6571 6580
f 6581 6569 6576
f 6581 6578 6569
f 6582 6576 6577
f 6582 6577 6579
f 6582 6579 6580
f 6582 6581 6576
f 6583 6584 6544
f 6583 6544 6555
f 6585 6584 6583
f 6585 6583 6586
f 6587 6585 6586
f 6588 6587 6586
f 6588 6586 6589
f 6588 6589 6590
f 6591 6588 6590
f 6592 6593 6594
f 6592 6594 6584
f 6592 6584 6585
f 6595 6590 6596
f 6595 6591 6590
f 6597 6598 6599
f 6597 6599 6593
f 6597 6585 6587
f 6597 6593 6592
f 6597 6592 6585
f 6600 6597 6587
f 6600 6587 6588
f 6600 6598 6597
f 6601 6602 6598
f 6601 6588 6591
f 6601 6600 6588
f 6601 6598 6600
f 6603 6595 6596
f 6603 6596 6604
f 6603 6604 6605
f 6606 6607 6602
f 6606 6591 6595
f 6606 6602 6601
f 6606 6601 6591
f 6608 6603 6605
f 6609 6605 6610
f 6609 6610 6611
f 6609 6608 6605
f 6612 6611 6613
f 6612 6609 6611
f 6614 6615 6607
f 6614 6595 6603
f 6614 6607 6606
f 6614 6606 6595
f 6616 6617 6615
f 6616 6615 6614
f 6616 6614 6603
f 6616 6603 6608
f 6618 6619 6617
f 6618 6617 6616
f 6618 6608 6609
f 6618 6616 6608
f 6620 6618 6609
f 6620 6621 6619
f 6620 6609 6612
f 6620 6619 6618
f 6622 6621 6620
f 6622 6620 6612
f 6622 6613 6623
f 6622 6623 6624
f 6622 6624 6625
f 6622 6625 6621
f 6622 6612 6613
f 6626 6575 6578
f 6626 6578 6581
f 6627 6581 6582
f 6627 6626 6581
f 6628 6626 6627
f 6629 6628 6627
f 6630 6627 6582
f 6630 6582 6580
f 6630 6580 6613
f 6630 6629 6627
f 6631 6605 6604
f 6631 6610 6605
f 6632 6631 6633
f 6632 6610 6631
f 6632 6611 6610
f 6632 6613 6611
f 6634 6561 6575
f 6634 6626 6628
f 6634 6628 6635
f 6634 6575 6626
f 6636 6633 6631
f 6636 6631 6604
f 6636 6635 6633
f 6637 6636 6604
f 6637 6604 6596
f 6638 6635 6628
f 6638 6628 6629
f 6638 6630 6613
f 6638 6629 6630
f 6639 6635 6638
f 6639 6638 6613
f 6640 6613 6632
f 6640 6632 6633
f 6640 6635 6639
f 6640 6639 6613
f 6640 6633 6635
f 6641 6561 6634
f 6641 6558 6561
f 6641 6555 6556
f 6641 6556 6558
f 6642 6555 6641
f 6642 6641 6634
f 6643 6642 6634
f 6643 6644 6642
f 6645 6589 6586
f 6645 6644 6643
f 6646 6634 6635
f 6646 6643 6634
f 6646 6635 6636
f 6646 6636 6637
f 6646 6645 6643
f 6647 6590 6589
f 6647 6589 6645
f 6648 6596 6590
f 6648 6590 6647
f 6648 6645 6646
f 6648 6647 6645
f 6649 6637 6596
f 6649 6596 6648
f 6649 6646 6637
f 6649 6648 6646
f 6650 6644 6645
f 6650 6583 6555
f 6650 6555 6642
f 6650 6645 6586
f 6650 6642 6644
f 6650 6586 6583
f 6651 6574 6652
f 6653 6654 6655
f 6656 6657 6658
f 6656 6658 6659
f 6656 6659 6660
f 6661 6657 6656
f 6662 6536 6661
f 6662 6661 6656
f 6663 6652 6664
f 6663 6665 6651
f 6663 6651 6652
f 6666 6664 6667
f 6666 6667 6668
f 6666 6668 6669
f 6666 6665 6663
f 6666 6663 6664
f 6670 6669 6671
f 6670 6666 6669
f 6670 6665 6666
f 6672 6670 6671
f 6673 6674 6665
f 6675 6671 6676
f 6675 6672 6671
f 6677 6673 6665
f 6677 6674 6673
f 6677 6665 6670
f 6678 6677 6670
f 6678 6672 6675
f 6678 6670 6672
f 6679 6676 6654
f 6679 6653 6680
f 6679 6654 6653
f 6679 6680 6453
f 6679 6453 6681
f 6679 6681 6682
f 6679 6682 6683
f 6679 6675 6676
f 6684 6678 6675
f 6685 6686 6674
f 6687 6674 6677
f 6687 6677 6678
f 6687 6685 6674
f 6688 6675 6679
f 6688 6684 6675
f 6688 6683 6689
f 6688 6689 6690
f 6688 6690 6691
f 6688 6691 6472
f 6688 6472 6692
f 6688 6692 6693
f 6688 6693 6694
f 6688 6694 6695
f 6688 6679 6683
f 6696 6687 6678
f 6697 6678 6684
f 6697 6696 6678
f 6698 6697 6684
f 6698 6688 6695
f 6698 6695 6699
f 6698 6684 6688
f 6700 6701 6702
f 6700 6702 6703
f 6700 6703 6704
f 6700 6704 6536
f 6700 6536 6662
f 6705 6662 6706
f 6705 6700 6662
f 6707 6705 6706
f 6707 6706 6708
f 6707 6708 6709
f 6707 6709 6710
f 6707 6710 6711
f 6712 6515 6701
f 6712 6701 6700
f 6713 6712 6700
f 6713 6705 6707
f 6713 6700 6705
f 6714 6707 6711
f 6714 6713 6707
f 6715 6716 6717
f 6715 6623 6716
f 6718 6715 6717
f 6718 6717 6719
f 6720 6719 6721
f 6720 6718 6719
f 6722 6720 6721
f 6722 6721 6723
f 6724 6723 6725
f 6724 6722 6723
f 6726 6727 6728
f 6726 6724 6725
f 6726 6725 6727
f 6729 6623 6715
f 6729 6730 6623
f 6731 6715 6718
f 6731 6729 6715
f 6731 6730 6729
f 6731 6732 6730
f 6733 6718 6720
f 6733 6731 6718
f 6733 6732 6731
f 6733 6734 6732
f 6735 6520 6736
f 6737 6720 6722
f 6737 6733 6720
f 6737 6738 6734
f 6737 6734 6733
f 6739 6726 6728
f 6740 6722 6724
f 6740 6737 6722
f 6740 6741 6738
f 6740 6738 6737
f 6742 6736 6743
f 6742 6735 6736
f 6744 6740 6724
f 6744 6741 6740
f 6744 6745 6746
f 6744 6746 6747
f 6744 6747 6741
f 6744 6724 6726
f 6748 6743 6749
f 6748 6742 6743
f 6750 6728 6735
f 6750 6735 6742
f 6750 6739 6728
f 6751 6748 6749
f 6752 6750 6742
f 6753 6754 6755
f 6753 6755 6756
f 6753 6756 6757
f 6753 6757 6745
f 6753 6726 6739
f 6753 6745 6744
f 6753 6744 6726
f 6758 6742 6748
f 6758 6752 6742
f 6759 6748 6751
f 6759 6758 6748
f 6760 6751 6714
f 6760 6759 6751
f 6760 6714 6711
f 6761 6753 6739
f 6761 6739 6750
f 6761 6762 6763
f 6761 6763 6764
f 6761 6764 6765
f 6761 6765 6754
f 6761 6754 6753
f 6766 6750 6752
f 6766 6761 6750
f 6766 6762 6761
f 6766 6767 6762
f 6768 6766 6752
f 6768 6752 6758
f 6768 6767 6766
f 6768 6769 6767
f 6770 6758 6759
f 6770 6768 6758
f 6770 6769 6768
f 6770 6771 6769
f 6772 6759 6760
f 6772 6770 6759
f 6772 6771 6770
f 6772 6773 6771
f 6774 6773 6772
f 6774 6711 6775
f 6774 6775 6773
f 6774 6760 6711
f 6774 6772 6760
f 6776 6686 6685
f 6776 6685 6687
f 6777 6687 6696
f 6777 6776 6687
f 6778 6696 6697
f 6778 6697 6698
f 6778 6777 6696
f 6779 6780 6778
f 6779 6698 6699
f 6779 6699 6781
f 6779 6778 6698
f 6779 6782 6780
f 6779 6783 6782
f 6784 6781 6785
f 6784 6785 6786
f 6784 6786 6787
f 6784 6787 6788
f 6784 6779 6781
f 6784 6783 6779
f 6789 6784 6788
f 6789 6788 6790
f 6789 6790 6791
f 6789 6791 6510
f 6789 6510 6520
f 6789 6783 6784
f 6789 6792 6783
f 6793 6792 6789
f 6794 6793 6789
f 6795 6713 6714
f 6795 6712 6713
f 6796 6714 6751
f 6796 6751 6749
f 6796 6515 6712
f 6796 6749 6797
f 6796 6797 6798
f 6796 6798 6799
f 6796 6799 6800
f 6796 6800 6515
f 6796 6795 6714
f 6796 6712 6795
f 6801 6728 6727
f 6801 6789 6520
f 6801 6735 6728
f 6801 6520 6735
f 6801 6794 6789
f 6802 6721 6719
f 6802 6723 6721
f 6803 6801 6727
f 6804 6727 6725
f 6804 6725 6723
f 6804 6803 6727
f 6804 6723 6802
f 6804 6802 6803
f 6805 6686 6776
f 6805 6776 6777
f 6806 6792 6686
f 6806 6686 6805
f 6807 6778 6780
f 6807 6805 6777
f 6807 6777 6778
f 6807 6780 6782
f 6807 6782 6783
f 6807 6783 6792
f 6807 6792 6806
f 6807 6806 6805
f 6808 6686 6792
f 6808 6792 6793
f 6808 6716 6686
f 6809 6716 6808
f 6810 6808 6793
f 6810 6809 6808
f 6810 6793 6794
f 6810 6794 6801
f 6811 6810 6801
f 6811 6716 6809
f 6811 6809 6810
f 6812 6716 6811
f 6812 6811 6801
f 6812 6801 6803
f 6813 6717 6716
f 6813 6716 6812
f 6813 6812 6803
f 6813 6802 6719
f 6813 6719 6717
f 6813 6803 6802
f 6879 6814 6815
f 6879 6815 6816
f 6879 6816 6817
f 6818 6817 6819
f 6818 6819 6820
f 6818 6879 6817
f 6821 6820 6822
f 6821 6818 6820
f 6823 6822 6824
f 6823 6821 6822
f 6825 6826 6823
f 6825 6824 6827
f 6825 6827 6828
f 6825 6828 6829
f 6825 6823 6824
f 6830 6829 6831
f 6830 6825 6829
f 6830 6826 6825
f 6832 6936 6933
f 6832 6933 6826
f 6832 6831 6833
f 6832 6833 6834
f 6832 6834 6835
f 6832 6835 6836
f 6832 6836 6837
f 6832 6837 6838
f 6832 6838 6936
f 6832 6830 6831
f 6832 6826 6830
f 6879 6877 6840
f 6814 6879 6840
f 6839 6840 6841
f 6842 6839 6841
f 6843 6842 6841
f 6844 6841 6845
f 6844 6845 6877
f 6844 6877 6846
f 6847 6848 6849
f 6847 6849 6843
f 6847 6843 6841
f 6847 6841 6844
f 6850 6846 6851
f 6850 6844 6846
f 6852 6853 6854
f 6852 6854 6848
f 6852 6847 6844
f 6852 6844 6850
f 6852 6848 6847
f 6855 6851 6856
f 6855 6856 6857
f 6855 6850 6851
f 6855 6852 6850
f 6858 6853 6852
f 6858 6852 6855
f 6859 6857 6860
f 6859 6855 6857
f 6861 6859 6860
f 6862 6858 6855
f 6862 6855 6859
f 6863 6864 6865
f 6863 6865 6853
f 6863 6853 6858
f 6863 6858 6862
f 6866 6862 6859
f 6866 6861 6860
f 6866 6859 6861
f 6867 6868 6869
f 6867 6869 6864
f 6867 6863 6862
f 6867 6864 6863
f 6870 6871 6872
f 6870 6872 6873
f 6870 6873 6874
f 6870 6874 6875
f 6870 6875 6868
f 6870 6860 6871
f 6870 6868 6867
f 6870 6866 6860
f 6870 6862 6866
f 6870 6867 6862
f 6876 6877 6878
f 6876 6879 6877
f 6880 6878 6881
f 6880 6881 6882
f 6880 6882 6883
f 6884 6876 6878
f 6884 6878 6880
f 6884 6880 6883
f 6885 6883 6886
f 6885 6886 6876
f 6885 6876 6884
f 6885 6884 6883
f 6887 6882 6888
f 6887 6888 6889
f 6887 6889 6890
f 6887 6883 6882
f 6891 6890 6892
f 6891 6892 6893
f 6891 6893 6883
f 6891 6883 6887
f 6891 6887 6890
f 6894 6879 6895
f 6896 6897 6894
f 6896 6894 6895
f 6898 6895 6899
f 6898 6896 6895
f 6900 6898 6899
f 6901 6899 6902
f 6901 6900 6899
f 6903 6904 6905
f 6903 6905 6906
f 6903 6902 6907
f 6903 6907 6933
f 6903 6933 6904
f 6903 6906 6901
f 6903 6901 6902
f 6908 6897 6896
f 6909 6896 6898
f 6909 6908 6896
f 6910 6898 6900
f 6910 6909 6898
f 6911 6897 6908
f 6911 6908 6909
f 6912 6910 6900
f 6912 6901 6906
f 6912 6900 6901
f 6913 6911 6909
f 6914 6906 6915
f 6914 6915 6916
f 6914 6916 6917
f 6914 6917 6912
f 6914 6912 6906
f 6918 6917 6919
f 6918 6919 6920
f 6918 6920 6921
f 6918 6909 6910
f 6918 6910 6912
f 6918 6912 6917
f 6918 6921 6913
f 6918 6913 6909
f 6922 6923 6924
f 6922 6924 6925
f 6922 6925 6926
f 6922 6926 6927
f 6922 6927 6897
f 6922 6897 6911
f 6928 6921 6929
f 6928 6929 6923
f 6928 6923 6922
f 6928 6913 6921
f 6928 6911 6913
f 6928 6922 6911
f 6930 6931 6932
f 7461 6930 6932
f 6933 7461 6932
f 6934 7461 6933
f 6935 6934 6933
f 6936 6935 6933
f 6941 6936 6937
f 6941 6935 6936
f 6938 6972 6939
f 6940 6941 6938
f 6940 6939 6942
f 6940 6942 6937
f 6940 6937 6941
f 6940 6938 6939
f 6341 6952 6943
f 6340 6952 6341
f 6944 6945 6946
f 6357 6947 6948
f 6357 6948 6945
f 6357 6945 6944
f 6359 6944 6946
f 6361 6946 6949
f 6361 6359 6946
f 6369 6950 6947
f 6369 6947 6357
f 6362 6949 6951
f 6362 6361 6949
f 6367 6840 6950
f 6367 6950 6369
f 6364 6951 6871
f 6364 6362 6951
f 6365 6871 6342
f 6365 6364 6871
f 6416 6365 6342
f 6413 6416 6342
f 6413 6342 6340
f 6347 6413 6340
f 6347 6340 6952
f 6814 6840 6367
f 6953 6347 6952
f 6953 6952 6943
f 6954 6953 6943
f 6344 6954 6943
f 6354 6955 6814
f 6354 6814 6367
f 6349 6956 6957
f 6349 6957 6955
f 6349 6955 6354
f 6958 6959 6956
f 6958 6956 6349
f 6960 6959 6958
f 6961 6959 6960
f 6962 6961 6960
f 6963 6961 6962
f 6964 6963 6962
f 6965 6963 6964
f 6965 6964 6966
f 6967 6965 6966
f 6967 6966 6968
f 6969 6967 6968
f 6969 6968 6970
f 6936 6970 6353
f 6936 6353 6971
f 6936 6969 6970
f 6937 6971 6411
f 6937 6936 6971
f 6939 6411 6410
f 6939 6937 6411
f 6972 6487 6501
f 6972 6410 6973
f 6972 6973 6487
f 6972 6939 6410
f 6974 6975 6976
f 6977 6974 6976
f 6978 6974 6977
f 6979 6977 6980
f 6979 6978 6977
f 6860 6979 6980
f 6981 6860 6980
f 6871 6981 6982
f 6871 6860 6981
f 6342 6871 6982
f 6983 6984 6985
f 6983 6985 6986
f 6983 6986 6987
f 6983 6987 6988
f 6989 6988 6990
f 6989 6983 6988
f 6991 6984 6983
f 6992 6990 6993
f 6992 6993 6994
f 6992 6994 6995
f 6992 6995 6996
f 6992 6989 6990
f 6997 6983 6989
f 6997 6991 6983
f 6998 6996 6999
f 6998 6999 6975
f 6998 6989 6992
f 6998 6992 6996
f 6998 6997 6989
f 7000 7001 6984
f 7000 6984 6991
f 7002 6991 6997
f 7002 7000 6991
f 7003 7004 6877
f 7003 6877 7001
f 7003 7001 7000
f 7003 7000 7002
f 7005 6975 7006
f 7005 6997 6998
f 7005 6998 6975
f 7005 7002 6997
f 7007 7008 7009
f 7007 7009 7004
f 7007 7004 7003
f 7007 7003 7002
f 7010 7011 7008
f 7010 7008 7007
f 7010 7002 7005
f 7010 7007 7002
f 7012 7006 6860
f 7012 6860 7011
f 7012 7005 7006
f 7012 7011 7010
f 7012 7010 7005
f 7013 7327 7014
f 7013 7014 7015
f 7016 7015 7017
f 7016 7013 7015
f 7018 7016 7017
f 7019 7017 7020
f 7019 7018 7017
f 7021 7327 7013
f 7021 7013 7016
f 7022 7327 7021
f 7023 7021 7016
f 7024 7019 7020
f 7025 7327 7022
f 7026 7021 7023
f 7026 7022 7021
f 7026 7025 7022
f 7027 7023 7016
f 7027 7016 7018
f 7028 7327 7025
f 7029 7028 7025
f 7029 7025 7026
f 7030 7023 7027
f 7030 7026 7023
f 7031 7019 7024
f 7031 7030 7027
f 7031 7027 7018
f 7031 7018 7019
f 7032 7020 7033
f 7032 7024 7020
f 7034 7028 7029
f 7035 7026 7030
f 7035 7029 7026
f 7036 7030 7031
f 7037 7029 7035
f 7037 7034 7029
f 7038 7037 7035
f 7038 7035 7030
f 7038 7030 7036
f 7039 7031 7024
f 7040 7037 7038
f 7041 7031 7039
f 7041 7036 7031
f 7042 7038 7036
f 7042 7036 7041
f 7043 7024 7032
f 7043 7039 7024
f 7044 7033 7045
f 7044 7032 7033
f 7046 7040 7038
f 7046 7038 7042
f 7047 7041 7039
f 7047 7039 7043
f 7048 7042 7041
f 7048 7041 7047
f 7048 7046 7042
f 7049 7046 7048
f 7050 7327 7028
f 7051 7043 7032
f 7051 7032 7044
f 7052 7028 7034
f 7052 7050 7028
f 7053 7045 7054
f 7053 7044 7045
f 7053 7051 7044
f 7055 7043 7051
f 7055 7047 7043
f 7055 7048 7047
f 7056 7034 7037
f 7056 7052 7034
f 7057 7048 7055
f 7058 7056 7037
f 7058 7037 7040
f 7059 7049 7048
f 7059 7048 7057
f 7060 7054 7061
f 7060 7053 7054
f 7062 7055 7051
f 7062 7051 7053
f 7063 7040 7046
f 7063 7058 7040
f 7064 7055 7062
f 7065 7061 7066
f 7065 7060 7061
f 7067 7057 7055
f 7067 7055 7064
f 7068 7046 7049
f 7068 7063 7046
f 7069 7057 7067
f 7069 7059 7057
f 7070 7327 7050
f 7071 7053 7060
f 7071 7062 7053
f 7071 7060 7065
f 7072 7065 7066
f 7073 7070 7050
f 7073 7050 7052
f 7074 7062 7071
f 7074 7064 7062
f 7075 7066 7076
f 7077 7072 7066
f 7078 7073 7052
f 7078 7052 7056
f 7079 7069 7067
f 7079 7064 7074
f 7079 7067 7064
f 7080 7065 7072
f 7080 7071 7065
f 7081 7075 7076
f 7082 7069 7079
f 7083 7056 7058
f 7083 7078 7056
f 7083 7058 7063
f 7084 7077 7066
f 7084 7066 7075
f 7085 7071 7080
f 7085 7074 7071
f 7086 7049 7059
f 7086 7068 7049
f 7087 7076 7088
f 7087 7081 7076
f 7089 7075 7081
f 7089 7084 7075
f 7090 7074 7085
f 7090 7079 7074
f 7091 7080 7072
f 7091 7085 7080
f 7092 7087 7088
f 7093 7082 7079
f 7093 7079 7090
f 7094 7083 7063
f 7095 7081 7087
f 7095 7089 7081
f 7096 7327 7070
f 7097 7085 7091
f 7098 7072 7077
f 7098 7091 7072
f 7099 7088 7100
f 7099 7100 7101
f 7099 7101 7102
f 7099 7092 7088
f 7103 7095 7087
f 7104 7096 7070
f 7104 7070 7073
f 7105 7090 7085
f 7105 7093 7090
f 7105 7085 7097
f 7106 7097 7091
f 7106 7091 7098
f 7107 7084 7089
f 7107 7098 7077
f 7107 7077 7084
f 7108 7093 7105
f 7109 7068 7086
f 7109 7094 7063
f 7109 7063 7068
f 7110 7087 7092
f 7110 7092 7099
f 7110 7103 7087
f 7111 7073 7078
f 7111 7104 7073
f 7112 7105 7097
f 7112 7097 7106
f 7113 7059 7069
f 7113 7069 7082
f 7113 7086 7059
f 7114 7098 7107
f 7114 7106 7098
f 7115 7107 7089
f 7116 7108 7105
f 7116 7105 7112
f 7117 7110 7099
f 7117 7102 7118
f 7117 7099 7102
f 7119 7078 7083
f 7119 7111 7078
f 7120 7106 7114
f 7120 7116 7112
f 7120 7112 7106
f 7121 7107 7115
f 7121 7114 7107
f 7122 7089 7095
f 7122 7115 7089
f 7122 7121 7115
f 7123 7116 7120
f 7124 7120 7114
f 7124 7114 7121
f 7125 7121 7122
f 7125 7124 7121
f 7126 7103 7110
f 7126 7122 7095
f 7126 7095 7103
f 7127 7083 7094
f 7127 7119 7083
f 7128 7123 7120
f 7128 7120 7124
f 7129 7113 7082
f 7130 7124 7125
f 7131 7125 7122
f 7131 7122 7126
f 7132 7131 7126
f 7132 7126 7110
f 7133 7109 7086
f 7134 7128 7124
f 7134 7124 7130
f 7135 7130 7125
f 7135 7125 7131
f 7136 7131 7132
f 7137 7118 7138
f 7137 7117 7118
f 7137 7132 7110
f 7137 7110 7117
f 7139 7094 7109
f 7139 7127 7094
f 7139 7109 7133
f 7140 7130 7135
f 7140 7134 7130
f 7141 7093 7108
f 7141 7082 7093
f 7141 7129 7082
f 7142 7135 7131
f 7142 7131 7136
f 7143 7136 7132
f 7143 7132 7137
f 7144 7140 7135
f 7144 7135 7142
f 7145 7136 7143
f 7145 7144 7142
f 7145 7142 7136
f 7146 7137 7138
f 7146 7143 7137
f 7146 7145 7143
f 7147 7144 7145
f 7147 7146 7138
f 7147 7145 7146
f 7148 7141 7108
f 7149 7133 7086
f 7149 7086 7113
f 7149 7113 7129
f 7150 7148 7108
f 7150 7108 7116
f 7151 7139 7133
f 7152 7150 7116
f 7152 7116 7123
f 7153 7152 7123
f 7153 7128 7134
f 7153 7123 7128
f 7154 7149 7129
f 7155 7153 7134
f 7155 7134 7140
f 7156 7155 7140
f 7157 7141 7148
f 7157 7129 7141
f 7157 7154 7129
f 7158 7149 7154
f 7158 7151 7133
f 7158 7133 7149
f 7159 7140 7144
f 7159 7156 7140
f 7160 7159 7144
f 7160 7144 7147
f 7160 7147 7138
f 7161 7157 7148
f 7162 7161 7148
f 7162 7148 7150
f 7163 7158 7154
f 7164 7150 7152
f 7164 7162 7150
f 7165 7154 7157
f 7165 7163 7154
f 7166 7167 7327
f 7166 7327 7096
f 7166 7096 7104
f 7168 7152 7153
f 7168 7153 7155
f 7168 7164 7152
f 7169 7166 7104
f 7170 7168 7155
f 7171 7157 7161
f 7171 7165 7157
f 7172 7111 7119
f 7172 7104 7111
f 7172 7169 7104
f 7173 7155 7156
f 7173 7170 7155
f 7174 7161 7162
f 7174 7162 7164
f 7174 7171 7161
f 7175 7172 7119
f 7176 7156 7159
f 7176 7173 7156
f 7177 7138 7178
f 7177 7159 7160
f 7177 7160 7138
f 7177 7176 7159
f 7179 7174 7164
f 7180 7119 7127
f 7180 7175 7119
f 7181 7179 7164
f 7181 7164 7168
f 7182 7168 7170
f 7182 7181 7168
f 7183 7127 7139
f 7183 7180 7127
f 7184 7182 7170
f 7184 7170 7173
f 7184 7173 7176
f 7185 7167 7166
f 7186 7184 7176
f 7187 7185 7166
f 7187 7166 7169
f 7188 7186 7176
f 7188 7177 7178
f 7188 7176 7177
f 7189 7187 7169
f 7189 7169 7172
f 7190 7175 7180
f 7190 7189 7172
f 7190 7172 7175
f 7191 7183 7139
f 7191 7139 7151
f 7192 7190 7180
f 7193 7167 7185
f 7194 7193 7185
f 7194 7185 7187
f 7195 7180 7183
f 7195 7192 7180
f 7196 7187 7189
f 7196 7194 7187
f 7197 7151 7158
f 7197 7191 7151
f 7198 7196 7189
f 7198 7189 7190
f 7199 7190 7192
f 7199 7198 7190
f 7200 7183 7191
f 7200 7195 7183
f 7201 7192 7195
f 7201 7199 7192
f 7202 7203 7167
f 7202 7167 7193
f 7202 7204 7203
f 7205 7206 7204
f 7205 7202 7193
f 7205 7193 7194
f 7205 7194 7196
f 7205 7204 7202
f 7207 7205 7196
f 7207 7206 7205
f 7208 7191 7197
f 7208 7200 7191
f 7209 7210 7206
f 7209 7196 7198
f 7209 7198 7199
f 7209 7207 7196
f 7209 7206 7207
f 7211 7195 7200
f 7211 7201 7195
f 7212 7213 7210
f 7212 7210 7209
f 7212 7209 7199
f 7214 7208 7197
f 7214 7197 7215
f 7216 7212 7199
f 7216 7213 7212
f 7216 7199 7201
f 7216 7201 7211
f 7217 7214 7215
f 7217 7215 7218
f 7219 7211 7200
f 7219 7200 7208
f 7220 7217 7218
f 7220 7218 7221
f 7222 7220 7221
f 7222 7221 7223
f 7224 7219 7208
f 7224 7208 7214
f 7225 7213 7216
f 7225 7216 7211
f 7225 7226 7213
f 7225 7211 7219
f 7227 7223 7228
f 7227 7222 7223
f 7227 7228 7229
f 7230 7214 7217
f 7230 7224 7214
f 7231 7227 7229
f 7232 7229 7233
f 7232 7231 7229
f 7232 7233 7234
f 7235 7230 7217
f 7235 7217 7220
f 7236 7234 7237
f 7236 7232 7234
f 7238 7226 7225
f 7238 7225 7219
f 7239 7220 7222
f 7239 7235 7220
f 7239 7222 7227
f 7240 7236 7237
f 7241 7242 7178
f 7241 7237 7242
f 7241 7240 7237
f 7243 7239 7227
f 7244 7227 7231
f 7244 7243 7227
f 7245 7246 7226
f 7245 7226 7238
f 7245 7238 7219
f 7245 7219 7224
f 7247 7244 7231
f 7247 7231 7232
f 7248 7232 7236
f 7248 7236 7240
f 7248 7247 7232
f 7249 7224 7230
f 7249 7246 7245
f 7249 7245 7224
f 7250 7248 7240
f 7251 7178 7252
f 7251 7241 7178
f 7251 7240 7241
f 7251 7250 7240
f 7253 7254 7246
f 7253 7230 7235
f 7253 7235 7239
f 7253 7246 7249
f 7253 7249 7230
f 7255 7253 7239
f 7255 7254 7253
f 7256 7254 7255
f 7256 7255 7239
f 7256 7243 7244
f 7256 7239 7243
f 7257 7258 7254
f 7257 7256 7244
f 7257 7254 7256
f 7259 7258 7257
f 7259 7244 7247
f 7259 7257 7244
f 7259 7247 7248
f 7260 7258 7259
f 7260 7259 7248
f 7261 7260 7248
f 7261 7258 7260
f 7261 7262 7258
f 7261 7248 7250
f 7261 7250 7251
f 7263 7262 7261
f 7263 7261 7251
f 7263 7252 7264
f 7263 7264 7265
f 7263 7265 7262
f 7263 7251 7252
f 7266 7174 7179
f 7266 7179 7181
f 7266 7181 7182
f 7266 7182 7184
f 7266 7163 7165
f 7266 7165 7171
f 7266 7171 7174
f 7267 7268 7266
f 7269 7267 7266
f 7269 7266 7184
f 7270 7269 7184
f 7271 7270 7184
f 7271 7184 7186
f 7271 7188 7178
f 7271 7186 7188
f 7272 7266 7268
f 7272 7158 7163
f 7272 7215 7197
f 7272 7218 7215
f 7272 7197 7158
f 7272 7163 7266
f 7273 7228 7223
f 7273 7233 7229
f 7273 7229 7228
f 7273 7218 7272
f 7273 7272 7274
f 7273 7221 7218
f 7273 7223 7221
f 7275 7273 7274
f 7275 7233 7273
f 7276 7234 7233
f 7276 7233 7275
f 7277 7237 7234
f 7277 7178 7242
f 7277 7242 7237
f 7277 7234 7276
f 7278 7276 7275
f 7278 7268 7267
f 7278 7267 7269
f 7278 7270 7271
f 7278 7269 7270
f 7278 7271 7178
f 7278 7275 7274
f 7278 7274 7272
f 7278 7178 7277
f 7278 7277 7276
f 7278 7272 7268
f 7279 7280 7281
f 7282 7283 7284
f 7282 7284 7285
f 7286 7287 7288
f 7286 7289 7290
f 7286 7291 7287
f 7286 7288 7292
f 7286 7290 7291
f 7293 7282 7285
f 7293 7285 7294
f 7293 7294 7295
f 7296 7279 7281
f 7296 7281 7297
f 7298 7293 7295
f 7299 7296 7297
f 7299 7297 7300
f 7301 7292 7302
f 7301 7286 7292
f 7301 7289 7286
f 7303 7304 7305
f 7303 7305 7306
f 7301 7307 7308
f 7301 7308 7309
f 7301 7309 7289
f 7310 7299 7300
f 7310 7300 7283
f 7311 7283 7282
f 7311 7310 7283
f 7312 7301 7302
f 7312 7313 7314
f 7312 7314 7315
f 7312 7315 7316
f 7312 7316 7317
f 7312 7317 7307
f 7312 7307 7301
f 7312 7302 7280
f 7318 7311 7282
f 7318 7282 7293
f 7319 7293 7298
f 7319 7318 7293
f 7320 7280 7279
f 7320 7312 7280
f 7320 7321 7322
f 7320 7322 7323
f 7320 7323 7324
f 7320 7324 7313
f 7320 7313 7312
f 7325 7326 7327
f 7325 7298 7295
f 7325 7319 7298
f 7325 7295 7326
f 7328 7279 7296
f 7328 7329 7321
f 7328 7320 7279
f 7328 7321 7320
f 7330 7296 7299
f 7330 7299 7310
f 7330 7329 7328
f 7330 7328 7296
f 7331 7330 7310
f 7331 7332 7329
f 7331 7329 7330
f 7333 7310 7311
f 7333 7331 7310
f 7333 7332 7331
f 7334 7311 7318
f 7334 7335 7332
f 7334 7332 7333
f 7334 7333 7311
f 7336 7337 7335
f 7336 7318 7319
f 7336 7335 7334
f 7336 7334 7318
f 7338 7319 7325
f 7338 7337 7336
f 7338 7336 7319
f 7339 7327 7167
f 7339 7167 7337
f 7339 7337 7338
f 7339 7338 7325
f 7339 7325 7327
f 7340 7341 7342
f 7343 7344 7345
f 7340 7342 7346
f 7347 7340 7346
f 7348 7346 7349
f 7348 7347 7346
f 7350 7351 7352
f 7350 7353 7354
f 7350 7352 7353
f 7350 7355 7351
f 7350 7349 7355
f 7350 7348 7349
f 7356 7357 7358
f 7356 7359 7360
f 7356 7354 7361
f 7356 7360 7357
f 7356 7361 7362
f 7363 7343 7345
f 7356 7350 7354
f 7356 7348 7350
f 7356 7362 7359
f 7364 7365 7366
f 7364 7367 7341
f 7364 7366 7368
f 7364 7368 7367
f 7369 7370 7365
f 7369 7358 7371
f 7369 7365 7364
f 7369 7371 7372
f 7369 7356 7358
f 7369 7372 7370
f 7373 7369 7364
f 7373 7356 7369
f 7373 7340 7347
f 7373 7347 7348
f 7373 7348 7356
f 7373 7364 7341
f 7373 7341 7340
f 7290 7374 7291
f 7375 7376 7102
f 7375 7102 7377
f 7375 7377 7378
f 7375 7378 7379
f 7375 7379 7380
f 7381 7375 7380
f 7381 7380 7382
f 7383 7382 7384
f 7383 7381 7382
f 7385 7376 7375
f 7385 7386 7376
f 7387 7383 7384
f 7388 7375 7381
f 7388 7386 7385
f 7388 7385 7375
f 7389 7387 7384
f 7390 7388 7381
f 7390 7381 7383
f 7391 7384 7392
f 7391 7389 7384
f 7393 7383 7387
f 7393 7390 7383
f 7394 7391 7392
f 7395 7393 7387
f 7395 7387 7389
f 7396 7386 7397
f 7396 7398 7386
f 7399 7386 7388
f 7399 7397 7386
f 7400 7389 7391
f 7400 7395 7389
f 7401 7398 7396
f 7402 7396 7397
f 7402 7397 7399
f 7403 7402 7399
f 7403 7388 7390
f 7403 7399 7388
f 7404 7391 7394
f 7404 7394 7392
f 7404 7400 7391
f 7405 7398 7401
f 7406 7396 7402
f 7406 7401 7396
f 7407 7402 7403
f 7408 7390 7393
f 7408 7403 7390
f 7409 7405 7401
f 7409 7398 7405
f 7409 7401 7406
f 7410 7402 7407
f 7410 7406 7402
f 7411 7403 7408
f 7411 7407 7403
f 7412 7393 7395
f 7412 7408 7393
f 7412 7411 7408
f 7413 7392 7304
f 7413 7404 7392
f 7414 7409 7406
f 7414 7398 7409
f 7414 7406 7410
f 7415 7407 7411
f 7415 7410 7407
f 7416 7411 7412
f 7416 7415 7411
f 7417 7412 7395
f 7417 7416 7412
f 7417 7395 7400
f 7418 7414 7410
f 7418 7410 7415
f 7419 7418 7415
f 7419 7415 7416
f 7420 7416 7417
f 7421 7400 7404
f 7421 7404 7413
f 7421 7417 7400
f 7422 7304 7303
f 7422 7423 7424
f 7422 7424 7425
f 7422 7425 7426
f 7422 7413 7304
f 7427 7418 7419
f 7428 7427 7419
f 7428 7416 7420
f 7428 7419 7416
f 7429 7417 7421
f 7429 7420 7417
f 7430 7427 7428
f 7431 7428 7420
f 7431 7420 7429
f 7432 7421 7413
f 7432 7429 7421
f 7433 7422 7303
f 7433 7423 7422
f 7433 7303 7434
f 7433 7434 7435
f 7433 7435 7423
f 7436 7428 7431
f 7436 7430 7428
f 7437 7429 7432
f 7438 7431 7429
f 7438 7436 7431
f 7438 7429 7437
f 7439 7422 7426
f 7439 7432 7413
f 7439 7426 7440
f 7439 7440 7441
f 7439 7441 7442
f 7439 7442 7443
f 7439 7443 7444
f 7439 7444 7445
f 7439 7413 7422
f 7446 7447 7398
f 7448 7436 7438
f 7449 7432 7439
f 7449 7438 7437
f 7449 7437 7432
f 7450 7446 7398
f 7450 7447 7446
f 7451 7448 7438
f 7451 7438 7449
f 7451 7452 7453
f 7451 7453 7454
f 7455 7439 7445
f 7455 7445 7456
f 7455 7456 7457
f 7458 7398 7414
f 7458 7450 7398
f 7458 7447 7450
f 7459 7448 7451
f 7459 7460 7448
f 7459 7451 7454
f 7459 7454 7461
f 7459 7461 7460
f 7462 7449 7439
f 7462 7451 7449
f 7462 7452 7451
f 7462 7439 7455
f 7462 7455 7457
f 7462 7457 7463
f 7462 7463 7464
f 7462 7464 7452
f 7465 7458 7414
f 7465 7418 7427
f 7465 7447 7458
f 7465 7414 7418
f 7466 7465 7427
f 7467 7427 7430
f 7467 7466 7427
f 7468 7430 7436
f 7468 7467 7430
f 7469 7436 7448
f 7469 7448 7460
f 7469 7468 7436
f 7469 7460 7470
f 7469 7471 6972
f 7472 6999 7473
f 7472 7473 7474
f 7472 7474 7475
f 7472 7475 7343
f 7472 7343 7363
f 7476 7469 7470
f 7476 7470 7477
f 7476 7477 7471
f 7476 7471 7469
f 7478 6975 6999
f 7478 7363 7479
f 7478 6999 7472
f 7478 7472 7363
f 7480 7447 7465
f 7481 7478 7479
f 7482 7465 7466
f 7482 7480 7465
f 7483 7484 6975
f 7485 7482 7466
f 7485 7466 7467
f 7486 7479 7487
f 7486 7481 7479
f 7488 7484 7483
f 7488 7489 7484
f 7490 7485 7467
f 7490 7467 7468
f 7490 7468 7469
f 7342 7341 7447
f 7342 7447 7480
f 7491 7486 7487
f 7492 7493 7489
f 7492 7489 7488
f 7494 7483 6975
f 7494 6975 7478
f 7495 7496 7493
f 7495 7493 7492
f 7346 7342 7480
f 7497 7487 7498
f 7497 7491 7487
f 7499 7488 7483
f 7499 7483 7494
f 7500 7478 7481
f 7500 7481 7486
f 7500 7499 7494
f 7500 7494 7478
f 7501 7490 7469
f 7501 7469 6972
f 7349 7346 7480
f 7502 7498 7503
f 7502 7503 7504
f 7502 7497 7498
f 7505 7492 7488
f 7505 7488 7499
f 7506 7499 7500
f 7507 7500 7486
f 7508 7496 7495
f 7508 7495 7492
f 7508 7492 7505
f 7355 7482 7485
f 7355 7480 7482
f 7355 7349 7480
f 7509 7504 7510
f 7509 7502 7504
f 7511 7505 7499
f 7511 7499 7506
f 7512 7510 7327
f 7512 7509 7510
f 7513 7506 7500
f 7513 7500 7507
f 7514 7486 7491
f 7514 7507 7486
f 7515 7496 7508
f 7515 7505 7511
f 7515 7508 7505
f 7516 7501 6972
f 7351 7355 7485
f 7517 7506 7513
f 7517 7511 7506
f 7517 7515 7511
f 7518 7507 7514
f 7518 7513 7507
f 7518 7517 7513
f 7519 7491 7497
f 7519 7514 7491
f 7352 7485 7490
f 7352 7351 7485
f 7520 7515 7517
f 7521 7517 7518
f 7522 7518 7514
f 7522 7514 7519
f 7523 7497 7502
f 7523 7502 7509
f 7523 7509 7512
f 7523 7519 7497
f 7524 7516 6972
f 7524 6972 6501
f 7525 7517 7521
f 7525 7520 7517
f 7526 7521 7518
f 7526 7518 7522
f 7527 7523 7512
f 7527 7526 7522
f 7527 7519 7523
f 7527 7522 7519
f 7353 7490 7501
f 7353 7352 7490
f 7528 7521 7526
f 7528 7525 7521
f 7529 7527 7512
f 7529 7526 7527
f 7530 7529 7512
f 7530 7528 7526
f 7530 7512 7327
f 7530 7526 7529
f 7531 6982 7496
f 7532 7524 6501
f 7532 6501 7533
f 7532 7533 7534
f 7354 7353 7501
f 7354 7501 7516
f 7535 7531 7496
f 7535 6982 7531
f 7535 6943 7536
f 7535 7536 6341
f 7535 6341 6982
f 7361 7524 7532
f 7361 7516 7524
f 7361 7354 7516
f 7537 7535 7496
f 7537 6943 7535
f 7537 7496 7515
f 7538 7532 7534
f 7538 7534 7539
f 7540 7537 7515
f 7540 7515 7520
f 7541 7520 7525
f 7541 7540 7520
f 7542 7538 7539
f 7542 7539 6344
f 7362 7361 7532
f 7543 7525 7528
f 7543 7541 7525
f 7543 7528 7530
f 7544 7530 7327
f 7544 7543 7530
f 7545 7542 6344
f 7545 6344 6943
f 7546 7532 7538
f 7546 7362 7532
f 7547 7545 6943
f 7548 6943 7537
f 7548 7547 6943
f 7549 7546 7538
f 7549 7538 7542
f 7550 7537 7540
f 7550 7548 7537
f 7551 7549 7542
f 7551 7542 7545
f 7551 7545 7547
f 7552 7550 7540
f 7552 7540 7541
f 7553 7552 7541
f 7553 7541 7543
f 7553 7543 7544
f 7554 7551 7547
f 7555 7553 7544
f 7555 7544 7327
f 7556 7548 7550
f 7556 7554 7547
f 7556 7547 7548
f 7557 7556 7550
f 7558 7552 7553
f 7558 7557 7550
f 7558 7550 7552
f 7559 7341 7367
f 7560 7558 7553
f 7561 7559 7367
f 7561 7367 7368
f 7326 7555 7327
f 7326 7553 7555
f 7326 7560 7553
f 7562 7368 7366
f 7562 7561 7368
f 7563 7365 7370
f 7563 7366 7365
f 7563 7562 7366
f 7564 7563 7370
f 7565 7564 7370
f 7565 7370 7372
f 7566 7252 7341
f 7566 7341 7559
f 7567 7372 7371
f 7567 7565 7372
f 7568 7559 7561
f 7568 7561 7562
f 7568 7566 7559
f 7569 7568 7562
f 7359 7362 7546
f 7570 7371 7358
f 7570 7567 7371
f 7571 7562 7563
f 7571 7569 7562
f 7572 7563 7564
f 7572 7564 7565
f 7572 7571 7563
f 7573 7358 7357
f 7573 7357 7360
f 7573 7570 7358
f 7574 7572 7565
f 7575 7359 7546
f 7576 7574 7565
f 7576 7565 7567
f 7577 7573 7360
f 7578 7575 7546
f 7578 7546 7549
f 7579 7252 7566
f 7579 7580 7252
f 7581 7570 7573
f 7581 7576 7567
f 7581 7567 7570
f 7582 7579 7566
f 7582 7580 7579
f 7582 7583 7580
f 7582 7566 7568
f 7584 7578 7549
f 7584 7549 7551
f 7584 7551 7554
f 7585 7568 7569
f 7585 7583 7582
f 7585 7582 7568
f 7586 7360 7359
f 7586 7577 7360
f 7587 7581 7573
f 7588 7585 7569
f 7588 7589 7583
f 7588 7583 7585
f 7588 7569 7571
f 7590 7584 7554
f 7591 7589 7588
f 7591 7588 7571
f 7591 7571 7572
f 7288 7587 7573
f 7288 7573 7577
f 7592 7554 7556
f 7592 7590 7554
f 7593 7572 7574
f 7593 7589 7591
f 7593 7591 7572
f 7594 7586 7359
f 7594 7359 7575
f 7595 7589 7593
f 7595 7593 7574
f 7595 7596 7589
f 7595 7574 7576
f 7595 7576 7581
f 7284 7556 7557
f 7284 7557 7558
f 7284 7592 7556
f 7285 7284 7558
f 7597 7575 7578
f 7597 7594 7575
f 7292 7577 7586
f 7292 7288 7577
f 7598 7595 7581
f 7598 7599 7600
f 7598 7600 7601
f 7598 7601 7596
f 7598 7596 7595
f 7294 7285 7558
f 7294 7558 7560
f 7295 7560 7326
f 7295 7294 7560
f 7281 7578 7584
f 7281 7597 7578
f 7602 7599 7598
f 7602 7603 7599
f 7602 7581 7587
f 7602 7598 7581
f 7302 7292 7586
f 7302 7586 7594
f 7297 7281 7584
f 7297 7584 7590
f 7287 7603 7602
f 7287 7291 7604
f 7287 7604 7605
f 7287 7605 7606
f 7287 7606 7607
f 7287 7607 7608
f 7287 7608 7603
f 7287 7587 7288
f 7287 7602 7587
f 7300 7590 7592
f 7300 7297 7590
f 7280 7302 7594
f 7280 7597 7281
f 7280 7594 7597
f 7283 7300 7592
f 7283 7592 7284
f 7698 7609 7610
f 7611 7698 7610
f 7612 7611 7610
f 7613 7614 7615
f 7613 7615 7616
f 7613 7616 7617
f 7613 7617 7618
f 7619 7614 7613
f 7620 7614 7619
f 7621 7614 7620
f 7622 7614 7621
f 7623 7614 7622
f 7624 7614 7623
f 7625 7614 7624
f 7626 7614 7625
f 7627 7676 7614
f 7628 7614 7626
f 7629 7614 7628
f 7630 7614 7629
f 7631 7627 7614
f 7632 7614 7630
f 7633 7631 7614
f 7633 7614 7632
f 7610 7613 7612
f 7612 7613 7618
f 7634 7635 7636
f 7637 7613 7634
f 7638 7639 7640
f 7638 7636 7641
f 7638 7641 7642
f 7638 7642 7643
f 7638 7643 7639
f 7638 7634 7636
f 7644 7640 7637
f 7644 7638 7640
f 7644 7637 7634
f 7644 7634 7638
f 7645 7646 7647
f 7648 7649 7650
f 7651 7652 7653
f 7654 7647 7655
f 7656 7645 7647
f 7656 7654 7655
f 7656 7647 7654
f 7657 7650 7645
f 7657 7645 7656
f 7658 7655 7659
f 7658 7659 7660
f 7661 7658 7660
f 7661 7655 7658
f 7662 7656 7655
f 7662 7655 7661
f 7662 7661 7660
f 7663 7656 7662
f 7663 7657 7656
f 7664 7660 7652
f 7665 7666 7667
f 7665 7667 7648
f 7665 7650 7657
f 7665 7648 7650
f 7668 7660 7664
f 7668 7662 7660
f 7668 7652 7651
f 7668 7664 7652
f 7669 7651 7670
f 7669 7668 7651
f 7669 7663 7662
f 7669 7662 7668
f 7671 7672 7666
f 7671 7657 7663
f 7671 7666 7665
f 7671 7665 7657
f 7673 7670 7674
f 7673 7674 7675
f 7673 7675 7672
f 7673 7672 7671
f 7673 7669 7670
f 7673 7671 7663
f 7673 7663 7669
f 7676 7649 7677
f 7676 7677 7678
f 7676 7678 7679
f 7680 7681 7682
f 7683 7679 7684
f 7683 7684 7685
f 7683 7685 7674
f 7683 7682 7676
f 7683 7676 7679
f 7686 7680 7682
f 7687 7682 7683
f 7687 7686 7682
f 7688 7686 7687
f 7689 7688 7687
f 7690 7691 7692
f 7693 7690 7692
f 7694 7693 7692
f 7695 7693 7694
f 7612 7696 7697
f 7609 7698 7699
f 7700 7701 7702
f 7703 7694 7701
f 7703 7701 7700
f 7704 7702 7705
f 7704 7705 7706
f 7704 7706 7707
f 7704 7707 7708
f 7704 7708 7709
f 7704 7700 7702
f 7710 7697 7711
f 7710 7711 7712
f 7710 7712 7713
f 7710 7713 7714
f 7710 7714 7695
f 7710 7694 7703
f 7710 7695 7694
f 7710 7612 7697
f 7715 7700 7704
f 7715 7703 7700
f 7716 7709 7717
f 7716 7717 7718
f 7716 7704 7709
f 7719 7718 7720
f 7719 7720 7721
f 7719 7721 7722
f 7719 7722 7723
f 7719 7704 7716
f 7719 7723 7715
f 7719 7716 7718
f 7719 7715 7704
f 7724 7698 7725
f 7724 7725 7612
f 7724 7715 7723
f 7724 7612 7710
f 7724 7703 7715
f 7724 7710 7703
f 7726 7723 7727
f 7726 7727 7699
f 7726 7724 7723
f 7726 7698 7724
f 7726 7699 7698
f 7728 7729 7730
f 7728 7731 7732
f 7728 7732 7733
f 7728 7733 7734
f 7728 7734 7729
f 7735 7731 7728
f 7735 7728 7730
f 7736 7730 7737
f 7736 7737 7738
f 7736 7738 7739
f 7736 7739 7740
f 7736 7740 7731
f 7736 7731 7735
f 7736 7735 7730
f 7741 7742 7743
f 7744 7745 7746
f 7744 7747 7745
f 7748 7746 7749
f 7748 7744 7746
f 7750 7749 7751
f 7750 7748 7749
f 7752 7747 7744
f 7753 7754 7747
f 7753 7744 7748
f 7753 7747 7752
f 7753 7752 7744
f 7755 7753 7748
f 7755 7750 7751
f 7755 7748 7750
f 7755 7754 7753
f 7756 7751 7743
f 7756 7742 7754
f 7756 7743 7742
f 7756 7755 7751
f 7756 7754 7755
f 7757 7758 7759
f 7757 7760 7761
f 7757 7761 7762
f 7757 7762 7763
f 7757 7763 7764
f 7757 7764 7765
f 7757 7765 7766
f 7757 7766 7767
f 7757 7767 7768
f 7757 7768 7758
f 7769 7757 7759
f 7770 7757 7769
f 7771 7770 7769
f 7772 7773 7774
f 7772 7775 7773
f 7776 7777 7775
f 7778 7774 7779
f 7778 7772 7774
f 7778 7775 7772
f 7780 7781 7782
f 7780 7782 7777
f 7780 7777 7776
f 7783 7779 7784
f 7783 7784 7785
f 7783 7778 7779
f 7786 7775 7778
f 7786 7776 7775
f 7787 7788 7781
f 7787 7781 7780
f 7787 7776 7786
f 7787 7780 7776
f 7789 7785 7790
f 7789 7790 7791
f 7789 7791 7792
f 7789 7783 7785
f 7793 7786 7778
f 7793 7778 7783
f 7794 7795 7796
f 7794 7796 7788
f 7794 7788 7787
f 7794 7787 7786
f 7794 7786 7793
f 7797 7792 7798
f 7797 7789 7792
f 7797 7794 7793
f 7797 7783 7789
f 7797 7793 7783
f 7799 7798 7800
f 7799 7800 7795
f 7799 7797 7798
f 7799 7795 7794
f 7799 7794 7797
f 7801 7802 7803
f 7801 7803 7804
f 7801 7805 7802
f 7806 7804 7807
f 7806 7801 7804
f 7808 7809 7810
f 7808 7810 7805
f 7808 7805 7801
f 7811 7812 7809
f 7811 7806 7807
f 7811 7801 7806
f 7811 7808 7801
f 7811 7809 7808
f 7813 7807 7814
f 7813 7814 7815
f 7813 7815 7812
f 7813 7811 7807
f 7813 7812 7811
f 7816 7817 7818
f 7816 7818 7819
f 7820 7819 7821
f 7822 7823 7816
f 7822 7816 7819
f 7822 7819 7820
f 7824 7820 7823
f 7824 7822 7820
f 7824 7823 7822
f 7825 7821 7826
f 7825 7827 7828
f 7825 7820 7821
f 7829 7828 7820
f 7829 7825 7828
f 7829 7820 7825
f 7830 7827 7825
f 7830 7825 7826
f 7831 7827 7830
f 7832 7826 7833
f 7832 7833 7834
f 7832 7830 7826
f 7835 7834 7827
f 7835 7827 7831
f 7835 7831 7830
f 7835 7832 7834
f 7835 7830 7832
f 7836 7817 7837
f 7838 7839 7817
f 7838 7836 7837
f 7838 7817 7836
f 7840 7838 7837
f 7840 7839 7838
f 7841 7842 7843
f 7844 7845 7839
f 7844 7839 7840
f 7846 7837 7842
f 7846 7842 7841
f 7846 7841 7843
f 7846 7840 7837
f 7847 7843 7848
f 7849 7840 7846
f 7849 7844 7840
f 7850 7851 7845
f 7850 7845 7844
f 7852 7848 7853
f 7854 7846 7843
f 7854 7843 7847
f 7855 7853 7856
f 7855 7847 7848
f 7855 7848 7852
f 7855 7852 7853
f 7857 7847 7855
f 7857 7854 7847
f 7857 7855 7856
f 7858 7849 7846
f 7858 7846 7854
f 7859 7844 7849
f 7859 7850 7844
f 7860 7856 7861
f 7860 7857 7856
f 7860 7854 7857
f 7860 7858 7854
f 7862 7863 7864
f 7862 7864 7865
f 7862 7865 7851
f 7862 7851 7850
f 7866 7849 7858
f 7866 7859 7849
f 7867 7860 7861
f 7867 7866 7858
f 7867 7858 7860
f 7868 7863 7862
f 7868 7850 7859
f 7868 7862 7850
f 7869 7870 7871
f 7869 7871 7863
f 7869 7868 7870
f 7869 7863 7868
f 7872 7870 7868
f 7872 7859 7866
f 7872 7868 7859
f 7873 7874 7870
f 7873 7870 7872
f 7875 7873 7872
f 7875 7861 7876
f 7875 7867 7861
f 7875 7866 7867
f 7875 7872 7866
f 7877 7876 7874
f 7877 7875 7876
f 7877 7873 7875
f 7877 7874 7873
f 7878 7879 7880
f 7878 7880 7881
f 7878 7882 7883
f 7878 7883 7884
f 7878 7884 7879
f 7885 7881 7886
f 7885 7886 7887
f 7885 7888 7882
f 7885 7878 7881
f 7885 7882 7878
f 7889 7887 7890
f 7889 7891 7892
f 7889 7892 7888
f 7889 7885 7887
f 7889 7888 7885
f 7893 7890 7894
f 7893 7894 7895
f 7893 7896 7891
f 7893 7891 7889
f 7893 7889 7890
f 7897 7895 7898
f 7897 7898 7899
f 7897 7899 7900
f 7897 7900 7901
f 7897 7901 7896
f 7897 7896 7893
f 7897 7893 7895
f 7902 7903 7904
f 7905 7904 7906
f 7905 7902 7904
f 7907 7903 7902
f 7908 7905 7906
f 7909 7902 7905
f 7909 7907 7902
f 7910 7906 7911
f 7910 7908 7906
f 7912 7909 7905
f 7912 7905 7908
f 7913 7910 7911
f 7914 7908 7910
f 7914 7912 7908
f 7915 7911 7916
f 7915 7913 7911
f 7917 7910 7913
f 7917 7914 7910
f 7918 7916 7919
f 7918 7915 7916
f 7920 7913 7915
f 7920 7917 7913
f 7921 7918 7919
f 7922 7915 7918
f 7922 7920 7915
f 7923 7919 7924
f 7923 7921 7919
f 7925 7918 7921
f 7925 7922 7918
f 7926 7927 7903
f 7926 7903 7907
f 7928 7924 7929
f 7928 7923 7924
f 7930 7928 7929
f 7931 7921 7923
f 7931 7925 7921
f 7932 7926 7907
f 7932 7907 7909
f 7933 7929 7934
f 7933 7930 7929
f 7935 7931 7923
f 7935 7923 7928
f 7936 7909 7912
f 7936 7932 7909
f 7937 7933 7934
f 7938 7928 7930
f 7938 7930 7933
f 7938 7935 7928
f 7939 7936 7912
f 7939 7912 7914
f 7940 7938 7933
f 7941 7927 7926
f 7942 7937 7934
f 7942 7934 7943
f 7944 7939 7914
f 7944 7914 7917
f 7945 7933 7937
f 7945 7940 7933
f 7945 7937 7942
f 7946 7941 7926
f 7946 7926 7932
f 7947 7927 7941
f 7948 7942 7943
f 7948 7943 7949
f 7950 7944 7917
f 7950 7917 7920
f 7951 7945 7942
f 7952 7946 7932
f 7952 7932 7936
f 7953 7941 7946
f 7953 7947 7941
f 7953 7946 7952
f 7954 7949 7955
f 7954 7948 7949
f 7956 7950 7920
f 7956 7922 7925
f 7956 7920 7922
f 7957 7942 7948
f 7957 7954 7955
f 7957 7951 7942
f 7957 7948 7954
f 7958 7936 7939
f 7958 7952 7936
f 7959 7953 7952
f 7960 7956 7925
f 7961 7958 7939
f 7961 7939 7944
f 7962 7952 7958
f 7962 7959 7952
f 7962 7958 7961
f 7963 7925 7931
f 7963 7960 7925
f 7964 7965 7927
f 7964 7927 7947
f 7966 7961 7944
f 7966 7944 7950
f 7967 7962 7961
f 7968 7963 7931
f 7968 7931 7935
f 7969 7965 7964
f 7969 7947 7953
f 7969 7964 7947
f 7970 7950 7956
f 7970 7966 7950
f 7971 7966 7970
f 7971 7961 7966
f 7971 7967 7961
f 7972 7935 7938
f 7972 7968 7935
f 7973 7953 7959
f 7973 7969 7953
f 7974 7938 7940
f 7974 7972 7938
f 7974 7940 7945
f 7975 7956 7960
f 7975 7970 7956
f 7975 7960 7963
f 7976 7971 7970
f 7977 7978 7965
f 7977 7969 7973
f 7977 7965 7969
f 7979 7977 7973
f 7979 7980 7978
f 7979 7978 7977
f 7979 7973 7959
f 7979 7959 7962
f 7981 7974 7945
f 7982 7975 7963
f 7983 7975 7982
f 7983 7976 7970
f 7983 7970 7975
f 7984 7967 7971
f 7984 7979 7962
f 7984 7962 7967
f 7985 7945 7951
f 7985 7951 7957
f 7985 7981 7945
f 7986 7963 7968
f 7986 7982 7963
f 7987 7982 7986
f 7987 7983 7982
f 7988 7980 7979
f 7988 7979 7984
f 7989 7984 7971
f 7990 7986 7968
f 7990 7968 7972
f 7990 7972 7974
f 7991 7957 7955
f 7991 7985 7957
f 7992 7987 7986
f 7993 7990 7974
f 7994 7995 7980
f 7994 7980 7988
f 7994 7984 7989
f 7994 7988 7984
f 7996 7989 7971
f 7996 7971 7976
f 7996 7976 7983
f 7996 7995 7994
f 7996 7994 7989
f 7997 7986 7990
f 7997 7992 7986
f 7998 7974 7981
f 7998 7993 7974
f 7998 7981 7985
f 7999 7990 7993
f 7999 7997 7990
f 7999 7993 7998
f 8000 8001 7995
f 8000 7995 7996
f 8000 7996 7983
f 8002 7985 7991
f 8002 7998 7985
f 8003 7999 7998
f 8004 7983 7987
f 8004 8000 7983
f 8004 8001 8000
f 8005 8002 7991
f 8006 7998 8002
f 8006 8003 7998
f 8007 8008 8001
f 8007 8004 7987
f 8007 7987 7992
f 8007 8001 8004
f 8009 8007 7992
f 8009 7992 7997
f 8010 7955 8011
f 8010 7991 7955
f 8010 8005 7991
f 8012 8002 8005
f 8012 8006 8002
f 8013 8009 7997
f 8013 7997 7999
f 8014 8007 8009
f 8014 8009 8013
f 8014 8008 8007
f 8015 8005 8010
f 8015 8010 8011
f 8015 8012 8005
f 8016 8017 8008
f 8016 8008 8014
f 8016 8014 8013
f 8018 8013 7999
f 8018 7999 8003
f 8019 8017 8016
f 8019 8016 8013
f 8019 8013 8018
f 8020 8006 8012
f 8020 8018 8003
f 8020 8019 8018
f 8020 8003 8006
f 8021 8022 8017
f 8021 8020 8022
f 8021 8017 8019
f 8021 8019 8020
f 8023 8022 8020
f 8023 8020 8012
f 8023 8012 8015
f 8024 8011 8022
f 8024 8015 8011
f 8024 8022 8023
f 8024 8023 8015
f 8025 8026 8027
f 8028 8025 8027
f 8029 8026 8025
f 8030 8027 8031
f 8030 8028 8027
f 8032 8025 8028
f 8032 8029 8025
f 8033 8031 8034
f 8033 8030 8031
f 8035 8032 8028
f 8035 8028 8030
f 8036 8033 8034
f 8037 8035 8030
f 8037 8030 8033
f 8038 8034 8039
f 8038 8036 8034
f 8040 8038 8039
f 8041 8037 8033
f 8041 8033 8036
f 8042 8039 8043
f 8042 8040 8039
f 8044 8036 8038
f 8044 8041 8036
f 8045 8038 8040
f 8045 8040 8042
f 8045 8044 8038
f 8046 8042 8043
f 8047 8045 8042
f 8048 8043 8049
f 8048 8046 8043
f 8050 8051 8026
f 8050 8026 8029
f 8052 8042 8046
f 8052 8047 8042
f 8053 8049 8054
f 8053 8048 8049
f 8055 8029 8032
f 8055 8050 8029
f 8056 8052 8046
f 8056 8048 8053
f 8056 8046 8048
f 8057 8053 8054
f 8058 8055 8032
f 8058 8032 8035
f 8059 8056 8053
f 8060 8057 8054
f 8060 8054 8061
f 8062 8058 8035
f 8062 8035 8037
f 8063 8059 8053
f 8063 8053 8057
f 8064 8050 8055
f 8064 8051 8050
f 8065 8061 8066
f 8065 8060 8061
f 8067 8037 8041
f 8067 8062 8037
f 8067 8041 8044
f 8068 8057 8060
f 8068 8063 8057
f 8069 8064 8055
f 8070 8051 8064
f 8071 8065 8066
f 8072 8067 8044
f 8073 8060 8065
f 8073 8068 8060
f 8074 8072 8044
f 8074 8044 8045
f 8074 8045 8047
f 8075 8058 8062
f 8075 8069 8055
f 8075 8055 8058
f 8076 8064 8069
f 8076 8070 8064
f 8076 8069 8075
f 8077 8066 8078
f 8077 8078 8079
f 8077 8071 8066
f 8080 8065 8071
f 8080 8073 8065
f 8081 8047 8052
f 8081 8074 8047
f 8082 8062 8067
f 8082 8075 8062
f 8083 8076 8075
f 8084 8077 8079
f 8084 8071 8077
f 8084 8080 8071
f 8085 8081 8052
f 8086 8082 8067
f 8087 8075 8082
f 8087 8083 8075
f 8088 8089 8051
f 8088 8051 8070
f 8090 8067 8072
f 8090 8072 8074
f 8090 8086 8067
f 8091 8056 8059
f 8091 8085 8052
f 8091 8052 8056
f 8092 8082 8086
f 8092 8087 8082
f 8093 8090 8074
f 8093 8074 8081
f 8094 8070 8076
f 8094 8088 8070
f 8095 8091 8059
f 8096 8092 8086
f 8096 8086 8090
f 8097 8093 8081
f 8098 8088 8094
f 8098 8089 8088
f 8099 8096 8090
f 8099 8090 8093
f 8099 8093 8097
f 8100 8094 8076
f 8100 8076 8083
f 8101 8059 8063
f 8101 8095 8059
f 8102 8097 8081
f 8102 8081 8085
f 8102 8085 8091
f 8103 8104 8089
f 8103 8098 8094
f 8103 8089 8098
f 8103 8100 8104
f 8103 8094 8100
f 8105 8099 8097
f 8106 8107 8104
f 8106 8100 8083
f 8106 8083 8087
f 8106 8104 8100
f 8108 8063 8068
f 8108 8068 8073
f 8108 8101 8063
f 8109 8102 8091
f 8110 8097 8102
f 8110 8105 8097
f 8111 8106 8087
f 8111 8087 8092
f 8112 8108 8073
f 8112 8073 8080
f 8113 8091 8095
f 8113 8109 8091
f 8114 8092 8096
f 8114 8111 8092
f 8115 8107 8106
f 8115 8106 8111
f 8116 8102 8109
f 8116 8110 8102
f 8117 8112 8080
f 8118 8114 8096
f 8118 8096 8099
f 8119 8120 8107
f 8119 8107 8115
f 8119 8111 8114
f 8119 8115 8111
f 8121 8101 8108
f 8121 8095 8101
f 8121 8113 8095
f 8122 8109 8113
f 8122 8116 8109
f 8123 8079 8124
f 8123 8084 8079
f 8123 8117 8080
f 8123 8080 8084
f 8125 8120 8119
f 8125 8114 8118
f 8125 8119 8114
f 8126 8099 8105
f 8126 8118 8099
f 8127 8121 8108
f 8128 8113 8121
f 8128 8122 8113
f 8129 8130 8120
f 8129 8126 8130
f 8129 8120 8125
f 8129 8125 8118
f 8129 8118 8126
f 8131 8126 8105
f 8131 8132 8130
f 8131 8110 8116
f 8131 8105 8110
f 8131 8130 8126
f 8133 8127 8108
f 8133 8108 8112
f 8133 8112 8117
f 8134 8121 8127
f 8134 8127 8133
f 8134 8128 8121
f 8135 8131 8116
f 8136 8133 8117
f 8137 8134 8133
f 8138 8131 8135
f 8138 8132 8131
f 8139 8135 8116
f 8139 8138 8135
f 8139 8116 8122
f 8140 8136 8117
f 8140 8123 8124
f 8140 8117 8123
f 8141 8137 8133
f 8141 8136 8140
f 8141 8133 8136
f 8142 8143 8132
f 8142 8139 8143
f 8142 8132 8138
f 8142 8138 8139
f 8144 8143 8139
f 8144 8139 8122
f 8144 8122 8128
f 8145 8140 8124
f 8145 8141 8140
f 8146 8128 8134
f 8146 8144 8128
f 8147 8148 8143
f 8147 8143 8144
f 8147 8144 8146
f 8149 8137 8141
f 8149 8134 8137
f 8149 8147 8146
f 8149 8146 8134
f 8149 8148 8147
f 8150 8149 8141
f 8151 8152 8148
f 8151 8149 8150
f 8151 8148 8149
f 8153 8124 8152
f 8153 8145 8124
f 8153 8141 8145
f 8153 8152 8151
f 8153 8150 8141
f 8153 8151 8150
f 8154 8155 8156
f 8157 8156 8158
f 8157 8154 8156
f 8159 8160 8155
f 8159 8155 8154
f 8161 8158 8162
f 8161 8157 8158
f 8163 8164 8160
f 8163 8160 8159
f 8165 8162 8166
f 8165 8161 8162
f 8167 8164 8163
f 8168 8166 8169
f 8168 8165 8166
f 8079 8170 8164
f 8079 8164 8167
f 8171 8169 8172
f 8171 8168 8169
f 8173 8170 8079
f 8173 8174 8170
f 8175 8171 8172
f 8175 8172 8176
f 8177 8178 8174
f 8177 8174 8173
f 8179 8175 8176
f 8179 8176 8180
f 8181 8182 8178
f 8181 8178 8177
f 8183 8179 8180
f 8184 8182 8181
f 8185 8183 8180
f 8186 8182 8184
f 8187 8183 8185
f 8188 8186 8184
f 8189 8187 8185
f 8190 8186 8188
f 8191 8187 8189
f 8192 8190 8188
f 8193 8191 8189
f 8194 8190 8192
f 8195 8191 8193
f 8196 8194 8192
f 8197 8195 8193
f 8198 8194 8196
f 8026 8195 8197
f 8199 8198 8196
f 8200 8026 8197
f 8201 8198 8199
f 8202 8201 8199
f 8203 8204 8026
f 8203 8026 8200
f 8205 8202 8206
f 8205 8201 8202
f 8207 8208 8204
f 8207 8204 8203
f 8209 8206 8210
f 8209 8205 8206
f 8211 8212 8208
f 8211 8208 8207
f 8213 8210 8214
f 8213 8209 8210
f 8215 8214 8212
f 8215 8213 8214
f 8215 8212 8211
f 8216 8200 8217
f 8216 8217 8218
f 8219 8220 8200
f 8219 8200 8216
f 8221 8222 8223
f 8221 8223 8224
f 8225 8226 8221
f 8227 8228 8229
f 8227 8229 8230
f 8227 8230 8220
f 8227 8220 8219
f 8227 8219 8231
f 8227 8231 8228
f 8232 8226 8225
f 8233 8234 8228
f 8233 8228 8231
f 8235 8236 8237
f 8235 8237 8234
f 8235 8234 8233
f 8235 8233 8238
f 8239 8218 8240
f 8239 8240 8222
f 8239 8221 8226
f 8239 8216 8218
f 8239 8222 8221
f 8239 8231 8219
f 8239 8219 8216
f 8241 8224 8242
f 8241 8221 8224
f 8243 8242 8244
f 8243 8241 8242
f 8245 8241 8243
f 8246 8225 8221
f 8246 8221 8241
f 8246 8241 8245
f 8247 8244 8248
f 8247 8248 8170
f 8247 8243 8244
f 8247 8245 8243
f 8249 8246 8245
f 8249 8245 8247
f 8250 8249 8247
f 8251 8226 8232
f 8251 8233 8231
f 8251 8239 8226
f 8251 8231 8239
f 8252 8170 8253
f 8252 8247 8170
f 8252 8250 8247
f 8252 8249 8250
f 8254 8236 8235
f 8254 8235 8238
f 8255 8252 8253
f 8256 8255 8253
f 8256 8253 8257
f 8256 8257 8236
f 8256 8254 8255
f 8256 8236 8254
f 8258 8255 8254
f 8258 8232 8225
f 8258 8252 8255
f 8258 8225 8246
f 8258 8246 8249
f 8258 8249 8252
f 8259 8258 8254
f 8259 8254 8238
f 8259 8251 8232
f 8259 8232 8258
f 8259 8233 8251
f 8259 8238 8233
f 8260 8261 8262
f 8263 8307 8264
f 8263 8264 8265
f 8263 8265 8266
f 8263 8266 8267
f 8263 8267 8268
f 8263 8268 8269
f 8270 8271 8272
f 8270 8272 8273
f 8270 8273 8307
f 8270 8307 8263
f 8270 8263 8269
f 8274 8269 8275
f 8274 8275 8261
f 8274 8276 8271
f 8274 8271 8270
f 8274 8270 8269
f 8277 8260 8278
f 8277 8278 8276
f 8277 8276 8274
f 8277 8261 8260
f 8277 8274 8261
f 8279 8280 8281
f 8282 8283 8284
f 8285 8284 8286
f 8285 8282 8284
f 8287 8288 8289
f 8287 8290 8291
f 8292 8289 8283
f 8292 8282 8290
f 8292 8287 8289
f 8292 8283 8282
f 8292 8290 8287
f 8293 8281 8288
f 8293 8291 8279
f 8293 8288 8287
f 8293 8279 8281
f 8293 8287 8291
f 8294 8295 8296
f 8297 8298 8299
f 8297 8299 8295
f 8297 8295 8294
f 8300 8301 8302
f 8300 8302 8298
f 8300 8298 8297
f 8303 8273 8301
f 8303 8301 8300
f 8304 8273 8303
f 8305 8304 8303
f 8306 8304 8305
f 8307 8304 8306
f 8308 8309 8307
f 8281 8308 8307
f 8310 8307 8306
f 8310 8281 8307
f 8288 8281 8310
f 8348 8369 8311
f 8312 8311 8313
f 8312 8313 8314
f 8312 8314 8315
f 8312 8315 8316
f 8312 8316 8317
f 8312 8317 8318
f 8312 8318 8319
f 8312 8319 8320
f 8312 8320 8321
f 8312 8321 8322
f 8312 8348 8311
f 8323 8324 8325
f 8323 8325 8348
f 8323 8348 8312
f 8323 8312 8322
f 8326 8322 8327
f 8326 8328 8329
f 8326 8329 8324
f 8326 8323 8322
f 8326 8324 8323
f 8330 8327 8331
f 8330 8331 8332
f 8330 8332 8333
f 8330 8333 8328
f 8330 8326 8327
f 8330 8328 8326
f 8334 8335 8336
f 8337 8338 8339
f 8340 8339 8338
f 8341 8336 8339
f 8341 8334 8336
f 8341 8339 8340
f 8342 8343 8344
f 8345 8346 8342
f 8345 8342 8344
f 8347 8348 8349
f 8350 8348 8347
f 8351 8352 8353
f 8354 8345 8355
f 8354 8356 8346
f 8354 8346 8345
f 8354 8355 8356
f 8357 8358 8356
f 8357 8356 8355
f 8357 8359 8358
f 8360 8355 8359
f 8360 8357 8355
f 8360 8359 8357
f 8361 8349 8358
f 8361 8358 8359
f 8361 8347 8349
f 8362 8359 8347
f 8362 8347 8361
f 8362 8361 8359
f 8363 8352 8348
f 8363 8353 8352
f 8364 8350 8365
f 8364 8365 8353
f 8364 8363 8348
f 8364 8353 8363
f 8364 8348 8350
f 8366 8351 8367
f 8366 8367 8368
f 8366 8369 8352
f 8366 8352 8351
f 8370 8336 8371
f 8370 8371 8372
f 8370 8372 8369
f 8370 8366 8368
f 8370 8369 8366
f 8373 8368 8374
f 8373 8374 8336
f 8373 8336 8370
f 8373 8370 8368
f 8375 8376 8377
f 8375 8378 8379
f 8375 8379 8380
f 8375 8380 8381
f 8375 8381 8382
f 8375 8382 8383
f 8375 8383 8376
f 8384 8377 8385
f 8384 8386 8378
f 8384 8378 8387
f 8384 8387 8377
f 8388 8386 8384
f 8388 8384 8385
f 8389 8385 8390
f 8389 8388 8385
f 8389 8386 8388
f 8391 8392 8386
f 8391 8386 8389
f 8391 8389 8390
f 8393 8390 8394
f 8393 8394 8395
f 8393 8396 8397
f 8393 8397 8392
f 8393 8391 8390
f 8393 8392 8391
f 8398 8395 8399
f 8398 8399 8396
f 8398 8396 8393
f 8398 8393 8395
f 8400 8387 8378
f 8400 8377 8387
f 8400 8375 8377
f 8400 8378 8375
f 8401 8402 8403
f 8404 8401 8403
f 8405 8406 8404
f 8405 8403 8407
f 8405 8407 8408
f 8405 8404 8403
f 8409 8408 8410
f 8409 8405 8408
f 8411 8410 8412
f 8411 8409 8410
f 8413 8414 8415
f 8413 8415 8416
f 8413 8416 8417
f 8413 8417 8418
f 8413 8418 8419
f 8420 8419 8421
f 8420 8414 8413
f 8420 8413 8419
f 8422 8423 8414
f 8422 8414 8420
f 8422 8420 8421
f 8422 8421 8423
f 8424 8421 8425
f 8424 8426 8423
f 8424 8423 8421
f 8427 8426 8424
f 8427 8424 8425
f 8428 8427 8425
f 8428 8426 8427
f 8429 8430 8426
f 8429 8428 8425
f 8429 8426 8428
f 8431 8432 8430
f 8431 8430 8429
f 8431 8429 8425
f 8433 8425 8411
f 8433 8434 8432
f 8433 8431 8425
f 8433 8432 8431
f 8435 8412 8434
f 8435 8433 8411
f 8435 8434 8433
f 8435 8411 8412
f 8436 8437 8438
f 8439 8437 8436
f 8440 8441 8411
f 8442 8443 8441
f 8442 8441 8440
f 8444 8443 8442
f 8445 8446 8439
f 8445 8436 8443
f 8445 8439 8436
f 8445 8443 8444
f 8447 8448 8446
f 8447 8446 8445
f 8449 8450 8448
f 8449 8448 8447
f 8451 8452 8450
f 8451 8450 8449
f 8453 8454 8452
f 8453 8452 8451
f 8455 8456 8454
f 8455 8454 8453
f 8457 8456 8455
f 8458 8456 8457
f 8459 8460 8456
f 8419 8456 8458
f 8419 8459 8456
f 8461 8459 8419
f 8462 8463 8464
f 8462 8464 8438
f 8465 8466 8463
f 8465 8463 8462
f 8465 8462 8438
f 8467 8468 8469
f 8467 8469 8466
f 8470 8438 8471
f 8470 8467 8466
f 8470 8465 8438
f 8470 8466 8465
f 8472 8473 8468
f 8474 8472 8468
f 8474 8468 8467
f 8475 8476 8473
f 8477 8474 8467
f 8477 8467 8470
f 8478 8475 8473
f 8478 8473 8472
f 8479 8477 8470
f 8479 8471 8477
f 8479 8470 8471
f 8480 8478 8472
f 8481 8482 8483
f 8484 8477 8471
f 8484 8474 8477
f 8484 8472 8474
f 8484 8480 8472
f 8485 8483 8476
f 8485 8481 8483
f 8485 8476 8475
f 8486 8481 8485
f 8486 8482 8481
f 8487 8485 8475
f 8487 8475 8478
f 8487 8478 8480
f 8488 8486 8485
f 8489 8487 8480
f 8490 8491 8482
f 8490 8482 8486
f 8492 8485 8487
f 8492 8488 8485
f 8493 8480 8484
f 8493 8489 8480
f 8494 8486 8488
f 8494 8490 8486
f 8495 8492 8487
f 8495 8487 8489
f 8496 8493 8484
f 8496 8471 8497
f 8496 8484 8471
f 8498 8488 8492
f 8498 8494 8488
f 8499 8495 8489
f 8499 8489 8493
f 8500 8492 8495
f 8500 8498 8492
f 8501 8490 8494
f 8501 8502 8491
f 8501 8491 8490
f 8503 8496 8497
f 8503 8499 8493
f 8503 8493 8496
f 8504 8495 8499
f 8504 8499 8503
f 8504 8500 8495
f 8505 8506 8507
f 8505 8507 8508
f 8505 8508 8509
f 8505 8509 8491
f 8505 8491 8502
f 8505 8502 8501
f 8510 8501 8494
f 8511 8512 8506
f 8511 8506 8505
f 8511 8505 8501
f 8513 8497 8514
f 8513 8503 8497
f 8513 8504 8503
f 8515 8510 8494
f 8515 8494 8498
f 8516 8517 8512
f 8516 8511 8501
f 8516 8510 8515
f 8516 8512 8511
f 8516 8501 8510
f 8518 8519 8520
f 8518 8498 8500
f 8518 8520 8515
f 8518 8515 8498
f 8521 8520 8517
f 8521 8515 8520
f 8521 8516 8515
f 8521 8517 8516
f 8522 8523 8519
f 8522 8500 8504
f 8522 8519 8518
f 8522 8518 8500
f 8524 8514 8523
f 8524 8513 8514
f 8524 8504 8513
f 8524 8523 8522
f 8524 8522 8504
f 8525 8526 8527
f 8525 8527 8528
f 8529 8526 8525
f 8530 8529 8525
f 8531 8529 8530
f 8532 8533 8531
f 8532 8531 8530
f 8534 8533 8532
f 8535 8536 8533
f 8535 8533 8534
f 8537 8538 8483
f 8537 8483 8539
f 8537 8539 8540
f 8541 8540 8542
f 8541 8542 8543
f 8541 8537 8540
f 8544 8543 8545
f 8544 8545 8546
f 8544 8546 8547
f 8544 8541 8543
f 8548 8538 8537
f 8549 8537 8541
f 8549 8541 8544
f 8549 8548 8537
f 8550 8538 8548
f 8551 8549 8544
f 8551 8544 8547
f 8552 8550 8548
f 8552 8548 8549
f 8553 8549 8551
f 8553 8551 8547
f 8553 8552 8549
f 8554 8538 8550
f 8555 8550 8552
f 8555 8554 8550
f 8556 8553 8547
f 8556 8552 8553
f 8556 8555 8552
f 8557 8558 8538
f 8557 8538 8554
f 8557 8554 8555
f 8559 8557 8555
f 8560 8547 8561
f 8560 8556 8547
f 8560 8555 8556
f 8560 8559 8555
f 8562 8558 8557
f 8563 8557 8559
f 8563 8558 8562
f 8563 8562 8557
f 8564 8561 8565
f 8564 8560 8561
f 8564 8559 8560
f 8564 8565 8563
f 8564 8563 8559
f 8566 8558 8563
f 8566 8567 8558
f 8566 8563 8565
f 8568 8567 8566
f 8569 8570 8558
f 8569 8558 8567
f 8569 8567 8568
f 8571 8566 8565
f 8572 8573 8574
f 8572 8568 8566
f 8575 8574 8570
f 8575 8572 8574
f 8575 8570 8569
f 8575 8569 8568
f 8575 8568 8572
f 8576 8565 8577
f 8576 8577 8573
f 8576 8571 8565
f 8576 8573 8572
f 8576 8566 8571
f 8576 8572 8566
f 8578 8579 8580
f 8578 8580 8581
f 8582 8529 8536
f 8582 8536 8583
f 8582 8583 8579
f 8582 8579 8578
f 8584 8585 8586
f 8584 8581 8585
f 8584 8582 8578
f 8584 8586 8582
f 8584 8578 8581
f 8587 8529 8582
f 8588 8587 8582
f 8588 8582 8586
f 8589 8586 8590
f 8589 8588 8586
f 8591 8587 8588
f 8591 8529 8587
f 8592 8588 8589
f 8592 8591 8588
f 8592 8589 8590
f 8593 8539 8528
f 8593 8528 8529
f 8593 8529 8591
f 8594 8593 8591
f 8595 8592 8590
f 8595 8591 8592
f 8595 8594 8591
f 8596 8542 8540
f 8596 8540 8539
f 8596 8539 8593
f 8596 8593 8594
f 8597 8545 8543
f 8597 8543 8542
f 8597 8542 8596
f 8597 8594 8595
f 8597 8596 8594
f 8598 8590 8599
f 8598 8599 8545
f 8598 8545 8597
f 8598 8595 8590
f 8598 8597 8595
f 8600 8601 8602
f 8600 8602 8668
f 8603 8604 8605
f 8606 8607 8608
f 8606 8608 8609
f 8610 8606 8609
f 8610 8609 8611
f 8612 8607 8606
f 8612 8613 8607
f 8614 8611 8601
f 8614 8600 8615
f 8614 8610 8611
f 8614 8601 8600
f 8616 8612 8606
f 8616 8606 8610
f 8616 8610 8614
f 8617 8618 8613
f 8617 8613 8612
f 8619 8615 8620
f 8619 8616 8614
f 8619 8614 8615
f 8621 8612 8616
f 8621 8616 8619
f 8621 8617 8612
f 8621 8618 8617
f 8622 8620 8623
f 8622 8623 8624
f 8622 8621 8619
f 8622 8619 8620
f 8625 8626 8618
f 8627 8618 8621
f 8627 8621 8622
f 8627 8625 8618
f 8628 8625 8627
f 8628 8626 8625
f 8629 8627 8622
f 8629 8624 8630
f 8629 8622 8624
f 8631 8628 8627
f 8632 8633 8626
f 8632 8626 8628
f 8634 8630 8635
f 8634 8635 8636
f 8634 8636 8637
f 8634 8637 8638
f 8634 8638 8639
f 8634 8639 8640
f 8634 8629 8630
f 8634 8627 8629
f 8634 8631 8627
f 8641 8633 8632
f 8642 8632 8628
f 8642 8628 8631
f 8643 8642 8631
f 8643 8640 8644
f 8643 8644 8645
f 8643 8631 8634
f 8643 8634 8640
f 8646 8641 8632
f 8646 8632 8642
f 8647 8641 8646
f 8647 8633 8641
f 8648 8646 8642
f 8648 8642 8643
f 8648 8643 8645
f 8648 8645 8649
f 8650 8651 8633
f 8650 8633 8647
f 8652 8647 8646
f 8653 8647 8652
f 8653 8650 8647
f 8654 8652 8646
f 8654 8646 8648
f 8654 8648 8649
f 8654 8649 8655
f 8656 8655 8605
f 8656 8652 8654
f 8656 8653 8652
f 8656 8654 8655
f 8657 8650 8653
f 8657 8605 8604
f 8657 8651 8650
f 8657 8656 8605
f 8657 8653 8656
f 8658 8604 8659
f 8658 8659 8660
f 8658 8660 8661
f 8658 8661 8662
f 8658 8662 8663
f 8658 8663 8651
f 8658 8657 8604
f 8658 8651 8657
f 8664 8665 8666
f 8667 8668 8669
f 8670 8671 8672
f 8673 8674 8675
f 8673 8675 8665
f 8673 8665 8664
f 8676 8677 8667
f 8676 8669 8678
f 8676 8678 8674
f 8676 8667 8669
f 8676 8674 8673
f 8679 8664 8680
f 8679 8673 8664
f 8681 8682 8677
f 8681 8673 8679
f 8681 8677 8676
f 8681 8676 8673
f 8683 8680 8684
f 8683 8679 8680
f 8685 8686 8682
f 8685 8682 8681
f 8685 8681 8679
f 8685 8679 8683
f 8687 8684 8688
f 8687 8683 8684
f 8687 8685 8683
f 8689 8690 8686
f 8689 8686 8685
f 8689 8685 8687
f 8691 8688 8692
f 8691 8687 8688
f 8693 8692 8694
f 8693 8694 8695
f 8693 8695 8696
f 8693 8696 8697
f 8693 8691 8692
f 8698 8671 8690
f 8698 8689 8687
f 8698 8690 8689
f 8698 8687 8691
f 8698 8691 8693
f 8699 8697 8672
f 8699 8693 8697
f 8699 8671 8698
f 8699 8672 8671
f 8699 8698 8693
f 8700 8701 8702
f 8703 8704 8701
f 8703 8701 8700
f 8705 8704 8703
f 8706 8702 8701
f 8707 8704 8705
f 8708 8704 8707
f 8709 8704 8708
f 8710 8704 8709
f 8711 8663 8712
f 8711 8712 8713
f 8711 8714 8663
f 8715 8714 8711
f 8715 8713 8716
f 8715 8717 8714
f 8715 8711 8713
f 8718 8716 8704
f 8718 8715 8716
f 8718 8710 8719
f 8718 8719 8720
f 8718 8720 8721
f 8718 8721 8722
f 8718 8722 8723
f 8718 8723 8724
f 8718 8724 8725
f 8718 8725 8726
f 8718 8704 8710
f 8727 8728 8729
f 8727 8729 8730
f 8727 8730 8731
f 8732 8717 8715
f 8732 8727 8731
f 8732 8731 8717
f 8732 8728 8727
f 8733 8726 8734
f 8733 8715 8718
f 8733 8732 8715
f 8733 8718 8726
f 8735 8736 8728
f 8737 8735 8728
f 8737 8728 8732
f 8738 8734 8739
f 8738 8739 8740
f 8738 8740 8741
f 8738 8733 8734
f 8742 8737 8732
f 8742 8733 8738
f 8742 8732 8733
f 8743 8744 8736
f 8743 8736 8735
f 8745 8735 8737
f 8745 8743 8735
f 8745 8744 8743
f 8746 8742 8738
f 8746 8738 8741
f 8746 8741 8747
f 8746 8747 8748
f 8749 8745 8737
f 8749 8737 8742
f 8750 8751 8744
f 8752 8745 8749
f 8752 8750 8744
f 8752 8751 8750
f 8752 8744 8745
f 8753 8742 8746
f 8753 8746 8748
f 8753 8748 8754
f 8753 8754 8755
f 8753 8755 8756
f 8753 8756 8757
f 8753 8749 8742
f 8758 8752 8749
f 8759 8760 8751
f 8761 8751 8752
f 8761 8759 8751
f 8761 8752 8758
f 8762 8757 8763
f 8762 8763 8764
f 8762 8753 8757
f 8762 8758 8749
f 8762 8749 8753
f 8765 8761 8758
f 8766 8759 8761
f 8766 8767 8768
f 8766 8768 8608
f 8766 8608 8760
f 8766 8760 8759
f 8769 8761 8765
f 8769 8770 8767
f 8769 8767 8766
f 8769 8766 8761
f 8771 8764 8772
f 8771 8772 8773
f 8771 8762 8764
f 8771 8758 8762
f 8771 8765 8758
f 8774 8770 8769
f 8774 8775 8770
f 8774 8769 8765
f 8776 8771 8773
f 8776 8773 8777
f 8776 8777 8778
f 8776 8778 8779
f 8776 8779 8775
f 8776 8765 8771
f 8776 8775 8774
f 8776 8774 8765
f 8780 8781 8782
f 8783 8780 8782
f 8784 8785 8786
f 8787 8785 8784
f 8787 8788 8785
f 8789 8790 8791
f 8789 8791 8792
f 8793 8789 8792
f 8793 8792 8794
f 8795 8793 8794
f 8795 8794 8796
f 8797 8790 8789
f 8797 8798 8790
f 8799 8795 8796
f 8800 8789 8793
f 8800 8797 8789
f 8801 8796 8802
f 8801 8799 8796
f 8803 8793 8795
f 8803 8800 8793
f 8804 8798 8797
f 8805 8802 8806
f 8805 8801 8802
f 8807 8795 8799
f 8807 8803 8795
f 8807 8799 8801
f 8808 8798 8804
f 8808 8804 8797
f 8808 8797 8800
f 8809 8806 8810
f 8809 8810 8811
f 8809 8811 8812
f 8809 8812 8781
f 8809 8781 8780
f 8809 8805 8806
f 8813 8807 8801
f 8814 8800 8803
f 8814 8808 8800
f 8815 8813 8801
f 8815 8801 8805
f 8815 8805 8809
f 8816 8807 8813
f 8816 8814 8803
f 8816 8803 8807
f 8817 8780 8818
f 8817 8818 8819
f 8817 8809 8780
f 8817 8815 8809
f 8820 8813 8815
f 8820 8816 8813
f 8821 8822 8798
f 8821 8798 8808
f 8823 8821 8808
f 8823 8808 8814
f 8823 8822 8821
f 8824 8820 8815
f 8825 8787 8826
f 8825 8826 8783
f 8825 8788 8787
f 8825 8782 8827
f 8825 8827 8828
f 8825 8828 8829
f 8825 8829 8788
f 8825 8783 8782
f 8830 8819 8831
f 8830 8831 8832
f 8830 8817 8819
f 8830 8815 8817
f 8830 8824 8815
f 8833 8823 8814
f 8833 8814 8816
f 8834 8816 8820
f 8834 8833 8816
f 8835 8836 8822
f 8837 8835 8822
f 8838 8820 8824
f 8838 8834 8820
f 8839 8822 8823
f 8839 8837 8822
f 8840 8832 8841
f 8840 8830 8832
f 8840 8838 8824
f 8840 8824 8830
f 8842 8843 8836
f 8842 8836 8835
f 8844 8839 8823
f 8844 8823 8833
f 8844 8833 8834
f 8845 8835 8837
f 8845 8842 8835
f 8846 8844 8834
f 8847 8845 8837
f 8847 8837 8839
f 8848 8843 8842
f 8848 8849 8850
f 8848 8850 8843
f 8851 8842 8845
f 8851 8848 8842
f 8851 8849 8848
f 8852 8846 8834
f 8852 8834 8838
f 8852 8838 8840
f 8853 8839 8844
f 8853 8847 8839
f 8854 8847 8853
f 8854 8851 8845
f 8854 8845 8847
f 8855 8840 8841
f 8855 8852 8840
f 8856 8844 8846
f 8856 8853 8844
f 8857 8854 8853
f 8858 8856 8846
f 8858 8846 8852
f 8858 8852 8855
f 8859 8841 8860
f 8859 8860 8861
f 8859 8855 8841
f 8862 8853 8856
f 8862 8857 8853
f 8863 8851 8854
f 8863 8849 8851
f 8864 8858 8855
f 8865 8863 8854
f 8866 8856 8858
f 8866 8862 8856
f 8867 8849 8863
f 8867 8868 8849
f 8869 8861 8870
f 8869 8859 8861
f 8869 8855 8859
f 8869 8864 8855
f 8871 8858 8864
f 8871 8866 8858
f 8871 8864 8869
f 8872 8854 8857
f 8872 8865 8854
f 8873 8863 8865
f 8873 8867 8863
f 8874 8857 8862
f 8874 8872 8857
f 8875 8873 8865
f 8876 8870 8877
f 8876 8877 8878
f 8876 8869 8870
f 8876 8871 8869
f 8879 8868 8867
f 8879 8867 8873
f 8880 8862 8866
f 8880 8874 8862
f 8881 8865 8872
f 8881 8872 8874
f 8881 8875 8865
f 8882 8879 8873
f 8883 8880 8866
f 8883 8866 8871
f 8883 8871 8876
f 8884 8881 8874
f 8885 8882 8873
f 8885 8873 8875
f 8886 8879 8882
f 8886 8887 8868
f 8886 8868 8879
f 8888 8887 8886
f 8888 8886 8882
f 8889 8880 8883
f 8889 8884 8874
f 8889 8874 8880
f 8890 8883 8876
f 8890 8876 8878
f 8891 8875 8881
f 8891 8885 8875
f 8892 8888 8882
f 8892 8882 8885
f 8893 8889 8883
f 8894 8881 8884
f 8894 8891 8881
f 8895 8892 8885
f 8895 8885 8891
f 8896 8884 8889
f 8896 8894 8884
f 8896 8889 8893
f 8897 8878 8898
f 8897 8898 8899
f 8897 8890 8878
f 8900 8893 8883
f 8900 8890 8897
f 8900 8883 8890
f 8901 8891 8894
f 8901 8895 8891
f 8902 8896 8893
f 8903 8904 8887
f 8905 8894 8896
f 8905 8901 8894
f 8906 8887 8888
f 8906 8903 8887
f 8907 8899 8908
f 8907 8897 8899
f 8907 8900 8897
f 8909 8902 8893
f 8909 8900 8907
f 8909 8893 8900
f 8910 8902 8909
f 8910 8905 8896
f 8910 8896 8902
f 8911 8888 8892
f 8911 8906 8888
f 8912 8910 8909
f 8913 8895 8901
f 8913 8892 8895
f 8913 8911 8892
f 8914 8907 8908
f 8914 8909 8907
f 8915 8913 8901
f 8916 8904 8903
f 8917 8901 8905
f 8917 8905 8910
f 8917 8915 8901
f 8918 8908 8919
f 8918 8919 8920
f 8918 8914 8908
f 8918 8920 8912
f 8918 8912 8909
f 8918 8909 8914
f 8921 8903 8906
f 8921 8916 8903
f 8922 8917 8910
f 8923 8911 8913
f 8923 8906 8911
f 8923 8921 8906
f 8924 8925 8904
f 8924 8904 8916
f 8926 8922 8910
f 8926 8912 8920
f 8926 8910 8912
f 8927 8923 8913
f 8927 8913 8915
f 8928 8924 8916
f 8928 8916 8921
f 8929 8927 8915
f 8930 8921 8923
f 8930 8928 8921
f 8931 8925 8924
f 8932 8929 8915
f 8932 8915 8917
f 8933 8934 8926
f 8933 8920 8935
f 8933 8935 8936
f 8933 8936 8934
f 8933 8926 8920
f 8937 8923 8927
f 8937 8930 8923
f 8937 8927 8929
f 8938 8931 8924
f 8938 8924 8928
f 8938 8925 8931
f 8939 8917 8922
f 8939 8932 8917
f 8940 8937 8929
f 8941 8938 8928
f 8941 8928 8930
f 8942 8929 8932
f 8942 8940 8929
f 8943 8926 8934
f 8943 8939 8922
f 8943 8922 8926
f 8944 8930 8937
f 8944 8941 8930
f 8945 8925 8938
f 8945 8946 8925
f 8947 8932 8939
f 8947 8942 8932
f 8948 8937 8940
f 8948 8944 8937
f 8949 8945 8938
f 8949 8938 8941
f 8950 8951 8925
f 8950 8925 8946
f 8952 8948 8940
f 8952 8940 8942
f 8953 8934 8954
f 8953 8943 8934
f 8955 8947 8939
f 8955 8939 8943
f 8956 8944 8948
f 8956 8941 8944
f 8956 8949 8941
f 8957 8946 8945
f 8957 8950 8946
f 8958 8942 8947
f 8958 8952 8942
f 8959 8956 8948
f 8960 8945 8949
f 8960 8957 8945
f 8961 8962 8963
f 8961 8963 8951
f 8961 8951 8950
f 8961 8950 8957
f 8964 8961 8957
f 8964 8962 8961
f 8965 8948 8952
f 8965 8952 8958
f 8965 8959 8948
f 8966 8954 8967
f 8966 8953 8954
f 8966 8943 8953
f 8966 8955 8943
f 8968 8955 8966
f 8968 8947 8955
f 8968 8958 8947
f 8969 8960 8949
f 8969 8949 8956
f 8970 8962 8964
f 8970 8971 8962
f 8970 8964 8957
f 8970 8957 8960
f 8972 8965 8958
f 8973 8969 8956
f 8973 8956 8959
f 8974 8971 8970
f 8974 8970 8960
f 8974 8969 8973
f 8974 8960 8969
f 8975 8973 8959
f 8975 8959 8965
f 8976 8967 8977
f 8976 8968 8966
f 8976 8966 8967
f 8978 8958 8968
f 8978 8972 8958
f 8979 8971 8974
f 8979 8974 8973
f 8979 8980 8971
f 8979 8973 8975
f 8981 8975 8965
f 8981 8965 8972
f 8982 8975 8981
f 8982 8980 8979
f 8982 8979 8975
f 8983 8976 8977
f 8983 8968 8976
f 8983 8978 8968
f 8984 8972 8978
f 8984 8981 8972
f 8985 8986 8980
f 8985 8982 8981
f 8985 8980 8982
f 8985 8981 8984
f 8987 8986 8985
f 8987 8985 8984
f 8988 8977 8989
f 8988 8983 8977
f 8988 8984 8978
f 8988 8978 8983
f 8990 8988 8989
f 8990 8989 8991
f 8990 8991 8986
f 8990 8987 8984
f 8990 8986 8987
f 8990 8984 8988
f 8992 8993 8994
f 8995 8994 8996
f 8995 8992 8994
f 8997 8998 8999
f 8997 8999 8993
f 8997 8993 8992
f 9000 8996 9001
f 9000 8995 8996
f 8460 8998 8997
f 9002 9000 9001
f 9003 8998 8460
f 9004 9001 9005
f 9004 9002 9001
f 9006 9005 9007
f 9006 9004 9005
f 8534 9007 9008
f 8534 9006 9007
f 8459 9003 8460
f 9009 9003 8459
f 8535 8534 9008
f 9010 9008 9011
f 9010 8535 9008
f 9012 9011 9013
f 9012 9010 9011
f 8461 9014 9015
f 8461 9015 9009
f 8461 9009 8459
f 9016 9012 9013
f 9017 9014 8461
f 9017 9018 9014
f 9019 9016 9013
f 9020 9019 9013
f 9020 9021 9019
f 9022 9020 9013
f 9023 9022 9013
f 9024 9018 9017
f 9024 9025 9018
f 9026 9025 9024
f 9027 9025 9026
f 9028 9027 9026
f 9029 9027 9028
f 9030 9029 9028
f 9031 9030 9032
f 9031 9029 9030
f 9033 9032 9034
f 9033 9031 9032
f 9035 9034 9036
f 9035 9033 9034
f 9037 9036 9038
f 9037 9035 9036
f 9039 9038 9040
f 9039 9037 9038
f 9041 9040 9042
f 9041 9039 9040
f 9043 9044 9045
f 8780 9044 9043
f 8780 9042 9044
f 8780 9043 9046
f 8780 9046 8783
f 8780 9041 9042
f 9047 9048 9049
f 9047 9049 9050
f 9051 9050 9052
f 9051 9052 9053
f 9051 9047 9050
f 9054 9048 9047
f 9054 9047 9051
f 9055 9053 9056
f 9055 9051 9053
f 9057 9048 9054
f 9058 9054 9051
f 9059 9056 9060
f 9059 9055 9056
f 9061 9062 9048
f 9061 9048 9057
f 9063 9054 9058
f 9063 9057 9054
f 9064 9058 9051
f 9064 9051 9055
f 9065 9060 9066
f 9065 9059 9060
f 9065 9055 9059
f 9065 9064 9055
f 9067 9061 9057
f 9067 9057 9063
f 9068 9063 9058
f 9068 9058 9064
f 9068 9064 9065
f 9069 9062 9061
f 9070 9065 9066
f 9070 9068 9065
f 9071 9063 9068
f 9071 9067 9063
f 9072 9061 9067
f 9072 9067 9071
f 9072 9069 9061
f 9073 9071 9068
f 9073 9070 9066
f 9073 9068 9070
f 9074 9075 9062
f 9074 9062 9069
f 9076 9072 9071
f 9077 9069 9072
f 9077 9074 9069
f 9078 9076 9071
f 9078 9071 9073
f 9078 9073 9066
f 9079 9075 9074
f 9080 9077 9072
f 9080 9072 9076
f 9081 9074 9077
f 9081 9079 9074
f 9081 9077 9080
f 9082 9066 9083
f 9082 9080 9076
f 9082 9076 9078
f 9082 9078 9066
f 9084 9075 9079
f 9084 9085 9075
f 9086 9081 9080
f 9087 9082 9083
f 9087 9080 9082
f 9087 9083 9086
f 9087 9086 9080
f 9088 9085 9084
f 9088 9089 9085
f 9090 9088 9084
f 9090 9079 9081
f 9090 9084 9079
f 9091 9092 9089
f 9091 9089 9088
f 9093 9088 9090
f 9094 9093 9090
f 9094 9086 9083
f 9094 9081 9086
f 9094 9090 9081
f 9095 9094 9083
f 9096 9088 9093
f 9096 9092 9091
f 9096 9091 9088
f 9097 9093 9094
f 9098 9099 9092
f 9098 9092 9096
f 9100 9094 9095
f 9100 9095 9083
f 9100 9097 9094
f 9101 9102 9099
f 9101 9099 9098
f 9103 9096 9093
f 9103 9093 9097
f 9103 9098 9096
f 9104 9083 9105
f 9104 9100 9083
f 9104 9103 9097
f 9104 9097 9100
f 9106 9098 9103
f 9107 9108 9102
f 9107 9102 9101
f 9107 9101 9098
f 9107 9098 9106
f 9109 9104 9105
f 9109 9103 9104
f 9109 9106 9103
f 9110 9109 9105
f 9110 9107 9106
f 9110 9106 9109
f 9111 9112 9113
f 9111 9113 9108
f 9111 9108 9107
f 9114 9105 9115
f 9114 9112 9111
f 9114 9110 9105
f 9114 9107 9110
f 9114 9111 9107
f 9116 9115 9117
f 9116 9117 9112
f 9116 9112 9114
f 9116 9114 9115
f 9118 9119 9120
f 9121 9122 9123
f 9124 9125 9122
f 9124 9122 9121
f 9126 9118 9125
f 9127 9128 9119
f 9127 9124 9129
f 9127 9129 9130
f 9127 9119 9118
f 9127 9126 9125
f 9127 9118 9126
f 9127 9125 9124
f 9131 9132 9133
f 9131 9133 9128
f 9131 9130 9134
f 9131 9128 9127
f 9131 9127 9130
f 9135 9136 9137
f 9135 9137 9138
f 9135 9138 9132
f 9135 9134 9139
f 9135 9132 9131
f 9135 9131 9134
f 9140 9141 9136
f 9140 9139 9142
f 9140 9135 9139
f 9140 9136 9135
f 9143 9144 9145
f 9143 9145 9141
f 9143 9142 9146
f 9143 9146 9147
f 9143 9140 9142
f 9143 9141 9140
f 9148 9149 9144
f 9148 9147 9150
f 9148 9143 9147
f 9148 9144 9143
f 9151 9152 9149
f 9151 9150 9153
f 9151 9148 9150
f 9151 9149 9148
f 9154 9009 9003
f 9154 9003 8998
f 9154 8998 9152
f 9154 9153 9060
f 9154 9060 9009
f 9154 9152 9151
f 9154 9151 9153
f 9155 9156 9157
f 9155 9157 9158
f 9155 9158 9159
f 9155 9159 9160
f 9155 9160 9161
f 9155 9161 9162
f 9163 9164 9165
f 9163 9165 9156
f 9166 9167 9168
f 9166 9168 9169
f 9166 9169 9164
f 9170 9156 9155
f 9170 9155 9162
f 9170 9163 9156
f 9171 9172 9173
f 9174 9163 9170
f 9174 9166 9164
f 9174 9164 9163
f 9175 9176 9177
f 9175 9177 9178
f 9179 9180 9167
f 9181 9171 9173
f 9181 9173 9180
f 9182 9174 9170
f 9182 9162 9183
f 9182 9170 9162
f 9184 9178 9172
f 9184 9176 9175
f 9184 9172 9171
f 9184 9175 9178
f 9185 9166 9174
f 9185 9179 9167
f 9185 9167 9166
f 9186 9180 9179
f 9186 9181 9180
f 9187 9188 9176
f 9189 9184 9171
f 9189 9171 9181
f 9190 9185 9174
f 9191 9186 9179
f 9192 9176 9184
f 9192 9187 9176
f 9193 9189 9181
f 9193 9181 9186
f 9194 9195 9188
f 9194 9187 9192
f 9194 9188 9187
f 9196 9183 9190
f 9196 9190 9174
f 9196 9182 9183
f 9196 9174 9182
f 9197 9185 9190
f 9197 9191 9179
f 9197 9179 9185
f 9198 9192 9184
f 9198 9189 9193
f 9198 9184 9189
f 9199 9193 9186
f 9199 9186 9191
f 9200 9194 9192
f 9201 9190 9183
f 9201 9197 9190
f 9202 9198 9193
f 9203 9195 9194
f 9203 9204 9195
f 9205 9199 9191
f 9205 9191 9197
f 9206 9200 9192
f 9206 9192 9198
f 9207 9193 9199
f 9207 9202 9193
f 9208 9209 9204
f 9208 9194 9200
f 9208 9203 9194
f 9208 9200 9206
f 9208 9204 9203
f 9210 9201 9183
f 9210 9183 9211
f 9210 9197 9201
f 9210 9205 9197
f 9212 9198 9202
f 9212 9206 9198
f 9213 9207 9199
f 9213 9199 9205
f 9214 9215 9209
f 9214 9209 9208
f 9214 9208 9206
f 9216 9207 9213
f 9216 9202 9207
f 9216 9212 9202
f 9217 9205 9210
f 9217 9213 9205
f 9218 9219 9215
f 9218 9215 9214
f 9218 9212 9216
f 9218 9206 9212
f 9218 9214 9206
f 9220 9216 9213
f 9220 9213 9217
f 9221 9204 9222
f 9221 9222 9223
f 9221 9223 9224
f 9221 9224 9225
f 9221 9225 9195
f 9221 9195 9204
f 9226 9210 9211
f 9226 9217 9210
f 9227 9228 9219
f 9227 9219 9218
f 9227 9218 9216
f 9229 9220 9217
f 9230 9227 9216
f 9230 9228 9227
f 9230 9216 9220
f 9231 9229 9217
f 9231 9211 9232
f 9231 9226 9211
f 9231 9217 9226
f 9233 9220 9229
f 9233 9228 9230
f 9233 9234 9228
f 9233 9230 9220
f 9235 9232 9236
f 9235 9236 9237
f 9235 9237 9238
f 9235 9238 9239
f 9235 9229 9231
f 9235 9239 9240
f 9235 9240 9234
f 9235 9231 9232
f 9235 9233 9229
f 9235 9234 9233
f 9241 9242 9188
f 9243 9241 9188
f 9244 9245 9246
f 9008 9247 9248
f 9008 9248 9007
f 9249 9246 9250
f 9249 9250 9241
f 9251 9243 9244
f 9251 9241 9243
f 9251 9249 9241
f 9251 9244 9246
f 9251 9246 9249
f 9252 9253 9245
f 9254 9244 9255
f 9254 9245 9244
f 9254 9252 9245
f 9256 9248 9257
f 9256 9257 9253
f 9256 9253 9252
f 9258 9255 9007
f 9258 9254 9255
f 9258 9252 9254
f 9258 9256 9252
f 9258 9248 9256
f 9258 9007 9248
f 9259 8951 9260
f 9261 9259 9260
f 9262 9263 8951
f 9262 9259 9261
f 9262 8951 9259
f 9264 9260 9265
f 9264 9261 9260
f 9266 9262 9261
f 9267 9263 9262
f 9268 9264 9265
f 9269 9264 9268
f 9269 9261 9264
f 9269 9266 9261
f 9270 9263 9267
f 9271 9267 9262
f 9271 9262 9266
f 9272 9265 9273
f 9272 9268 9265
f 9274 9269 9268
f 9275 9270 9267
f 9275 9267 9271
f 9276 9269 9274
f 9276 9266 9269
f 9276 9271 9266
f 9277 9273 9278
f 9277 9272 9273
f 9279 9274 9268
f 9279 9268 9272
f 9280 9275 9271
f 9281 9270 9275
f 9281 9263 9270
f 9282 9276 9274
f 9283 9279 9272
f 9283 9272 9277
f 9284 9280 9271
f 9284 9276 9282
f 9284 9271 9276
f 9285 9275 9280
f 9285 9281 9275
f 9286 9277 9278
f 9286 9278 9287
f 9286 9287 9288
f 9286 9283 9277
f 9289 9274 9279
f 9289 9282 9274
f 9290 9263 9281
f 9291 9284 9282
f 9292 9280 9284
f 9292 9285 9280
f 9293 9283 9286
f 9294 9289 9279
f 9294 9279 9283
f 9295 9286 9288
f 9295 9293 9286
f 9296 9281 9285
f 9296 9290 9281
f 9297 9291 9282
f 9297 9282 9289
f 9298 9291 9297
f 9298 9292 9284
f 9298 9284 9291
f 9299 9290 9296
f 9300 9301 9263
f 9300 9263 9290
f 9300 9290 9299
f 9302 9292 9298
f 9302 9285 9292
f 9302 9296 9285
f 9303 9288 9304
f 9303 9295 9288
f 9303 9283 9293
f 9303 9294 9283
f 9303 9293 9295
f 9305 9289 9294
f 9305 9297 9289
f 9306 9298 9297
f 9307 9299 9296
f 9307 9296 9302
f 9308 9301 9300
f 9308 9300 9299
f 9308 9299 9307
f 9309 9302 9298
f 9310 9297 9305
f 9310 9306 9297
f 9311 9307 9302
f 9312 9308 9307
f 9313 9310 9305
f 9313 9303 9304
f 9313 9305 9294
f 9313 9294 9303
f 9314 9298 9306
f 9314 9309 9298
f 9315 9302 9309
f 9315 9311 9302
f 9316 9312 9307
f 9316 9311 9315
f 9316 9307 9311
f 9317 9304 9318
f 9317 9313 9304
f 9317 9310 9313
f 9319 9314 9306
f 9319 9306 9310
f 9320 9309 9314
f 9320 9315 9309
f 9321 9316 9315
f 9322 9323 9301
f 9324 9317 9318
f 9324 9310 9317
f 9324 9319 9310
f 9325 9320 9314
f 9325 9319 9324
f 9325 9314 9319
f 9326 9320 9325
f 9326 9321 9315
f 9326 9315 9320
f 9327 9301 9308
f 9327 9322 9301
f 9328 9323 9322
f 9329 9326 9325
f 9330 9327 9308
f 9330 9308 9312
f 9331 9318 9332
f 9331 9324 9318
f 9331 9325 9324
f 9331 9329 9325
f 9333 9322 9327
f 9333 9323 9328
f 9333 9328 9322
f 9334 9312 9316
f 9334 9330 9312
f 9335 9330 9334
f 9335 9333 9327
f 9335 9327 9330
f 9336 9337 9329
f 9336 9329 9331
f 9338 9339 9323
f 9340 9332 9337
f 9340 9331 9332
f 9340 9337 9336
f 9340 9336 9331
f 9341 9334 9316
f 9341 9316 9321
f 9342 9335 9334
f 9343 9323 9333
f 9343 9339 9338
f 9343 9338 9323
f 9344 9321 9326
f 9344 9341 9321
f 9345 9334 9341
f 9345 9342 9334
f 9345 9341 9344
f 9346 9333 9335
f 9346 9335 9342
f 9346 9343 9333
f 9347 9329 9337
f 9347 9326 9329
f 9347 9344 9326
f 9348 9345 9344
f 9349 9346 9342
f 9350 9339 9343
f 9351 9344 9347
f 9351 9348 9344
f 9352 9349 9342
f 9352 9342 9345
f 9353 9343 9346
f 9353 9350 9343
f 9354 9355 9339
f 9354 9350 9353
f 9354 9339 9350
f 9356 9355 9354
f 9357 9348 9351
f 9357 9352 9345
f 9357 9345 9348
f 9358 9353 9346
f 9358 9346 9349
f 9359 9354 9353
f 9360 9337 9361
f 9360 9347 9337
f 9360 9361 9351
f 9360 9351 9347
f 9362 9356 9354
f 9362 9354 9359
f 9363 9357 9351
f 9363 9351 9361
f 9364 9349 9352
f 9364 9358 9349
f 9364 9352 9357
f 9365 9359 9353
f 9365 9358 9364
f 9365 9353 9358
f 9366 9362 9359
f 9367 9355 9356
f 9367 9356 9362
f 9368 9364 9357
f 9369 9365 9364
f 9370 9359 9365
f 9370 9366 9359
f 9371 9362 9366
f 9371 9367 9362
f 9372 9361 9373
f 9372 9373 9374
f 9372 9374 9375
f 9372 9375 9376
f 9372 9376 9377
f 9372 9377 9378
f 9372 9378 9363
f 9372 9363 9361
f 9379 9363 9378
f 9379 9368 9357
f 9379 9357 9363
f 9380 9369 9364
f 9380 9364 9368
f 9380 9368 9379
f 9381 9355 9367
f 9382 9365 9369
f 9382 9370 9365
f 9383 9366 9370
f 9383 9371 9366
f 9383 9370 9382
f 9384 9367 9371
f 9384 9381 9367
f 9385 9380 9379
f 9386 9369 9380
f 9386 9382 9369
f 9386 9380 9385
f 9387 9383 9382
f 9388 9378 9389
f 9388 9379 9378
f 9390 9391 9355
f 9390 9355 9381
f 9392 9371 9383
f 9392 9384 9371
f 9392 9383 9387
f 9393 9386 9385
f 9394 9382 9386
f 9394 9387 9382
f 9395 9388 9389
f 9395 9385 9379
f 9395 9379 9388
f 9396 9391 9390
f 9396 9390 9381
f 9397 9392 9387
f 9398 9389 9399
f 9398 9395 9389
f 9400 9386 9393
f 9400 9394 9386
f 9401 9381 9384
f 9401 9396 9381
f 9402 9385 9395
f 9402 9398 9399
f 9402 9395 9398
f 9402 9399 9403
f 9402 9393 9385
f 9404 9397 9387
f 9404 9387 9394
f 9405 9401 9384
f 9405 9384 9392
f 9406 9400 9393
f 9406 9393 9402
f 9407 9404 9394
f 9407 9394 9400
f 9408 9402 9403
f 9408 9406 9402
f 9409 9405 9392
f 9409 9392 9397
f 9410 9403 9411
f 9410 9407 9400
f 9410 9406 9408
f 9410 9408 9403
f 9410 9400 9406
f 9410 9411 9407
f 9412 9404 9407
f 9412 9409 9397
f 9412 9397 9404
f 9413 9414 9391
f 9413 9391 9396
f 9413 9415 9416
f 9413 9416 9414
f 9417 9411 9418
f 9417 9412 9407
f 9417 9407 9411
f 9419 9396 9401
f 9419 9420 9415
f 9419 9415 9413
f 9419 9413 9396
f 9421 9401 9405
f 9421 9405 9409
f 9421 9419 9401
f 9421 9420 9419
f 9422 9423 9420
f 9422 9421 9409
f 9422 9420 9421
f 9424 9423 9422
f 9424 9422 9409
f 9424 9409 9412
f 9425 9417 9418
f 9425 9418 9426
f 9425 9426 9423
f 9425 9423 9424
f 9425 9412 9417
f 9425 9424 9412
f 9427 9428 9429
f 9427 9429 9430
f 9427 9430 9431
f 9432 9428 9427
f 9433 9432 9427
f 9433 9427 9431
f 9434 9432 9433
f 9435 9436 9428
f 9435 9432 9434
f 9435 9428 9432
f 9437 9433 9431
f 9438 9434 9433
f 9438 9433 9437
f 9438 9437 9431
f 9439 9435 9434
f 9440 9441 9436
f 9440 9436 9435
f 9440 9435 9439
f 9442 9439 9434
f 9442 9434 9438
f 9443 9440 9439
f 9444 9438 9431
f 9445 9439 9442
f 9445 9443 9439
f 9446 9447 9441
f 9446 9441 9440
f 9448 9442 9438
f 9448 9438 9444
f 9449 9431 9450
f 9449 9444 9431
f 9451 9440 9443
f 9451 9446 9440
f 9452 9448 9444
f 9452 9444 9449
f 9453 9445 9442
f 9453 9442 9448
f 9454 9445 9453
f 9454 9443 9445
f 9454 9451 9443
f 9455 9448 9452
f 9456 9457 9287
f 9456 9287 9447
f 9456 9447 9446
f 9458 9449 9450
f 9458 9452 9449
f 9459 9452 9458
f 9460 9456 9446
f 9460 9457 9456
f 9460 9446 9451
f 9461 9448 9455
f 9461 9453 9448
f 9462 9454 9453
f 9463 9455 9452
f 9463 9452 9459
f 9464 9451 9454
f 9464 9457 9460
f 9464 9460 9451
f 9465 9450 9466
f 9465 9458 9450
f 9467 9461 9455
f 9467 9455 9463
f 9468 9453 9461
f 9468 9462 9453
f 9469 9459 9458
f 9469 9458 9465
f 9470 9465 9466
f 9471 9472 9457
f 9471 9464 9454
f 9471 9457 9464
f 9471 9454 9462
f 9473 9469 9465
f 9473 9465 9470
f 9474 9463 9459
f 9474 9469 9473
f 9474 9459 9469
f 9475 9470 9466
f 9476 9461 9467
f 9476 9468 9461
f 9477 9474 9473
f 9478 9473 9470
f 9478 9470 9475
f 9479 9462 9468
f 9479 9471 9462
f 9479 9472 9471
f 9480 9467 9463
f 9480 9463 9474
f 9481 9475 9466
f 9482 9474 9477
f 9482 9480 9474
f 9483 9477 9473
f 9483 9473 9478
f 9484 9475 9481
f 9484 9478 9475
f 9485 9466 9486
f 9485 9481 9466
f 9487 9484 9481
f 9487 9485 9486
f 9487 9481 9485
f 9488 9489 9472
f 9488 9472 9479
f 9488 9468 9476
f 9488 9479 9468
f 9490 9477 9483
f 9490 9482 9477
f 9491 9478 9484
f 9491 9483 9478
f 9492 9476 9467
f 9492 9467 9480
f 9492 9480 9482
f 9493 9491 9484
f 9493 9487 9486
f 9493 9484 9487
f 9494 9482 9490
f 9494 9492 9482
f 9495 9490 9483
f 9495 9483 9491
f 9496 9495 9491
f 9496 9491 9493
f 9497 9494 9490
f 9498 9489 9488
f 9498 9476 9492
f 9498 9488 9476
f 9499 9486 9500
f 9501 9492 9494
f 9501 9498 9492
f 9501 9489 9498
f 9502 9486 9499
f 9503 9497 9490
f 9503 9490 9495
f 9504 9503 9495
f 9504 9495 9496
f 9505 9486 9502
f 9505 9493 9486
f 9506 9494 9497
f 9506 9501 9494
f 9506 9489 9501
f 9507 9499 9500
f 9508 9502 9499
f 9508 9499 9507
f 9509 9507 9500
f 9510 9496 9493
f 9510 9493 9505
f 9511 9512 9489
f 9511 9506 9497
f 9511 9497 9503
f 9511 9489 9506
f 9513 9508 9507
f 9513 9507 9509
f 9514 9505 9502
f 9514 9502 9508
f 9515 9503 9504
f 9515 9512 9511
f 9515 9511 9503
f 9516 9509 9500
f 9517 9513 9509
f 9517 9509 9516
f 9518 9508 9513
f 9518 9514 9508
f 9519 9505 9514
f 9519 9510 9505
f 9519 9514 9518
f 9520 9504 9496
f 9520 9496 9510
f 9521 9513 9517
f 9521 9518 9513
f 9522 9519 9518
f 9523 9518 9521
f 9523 9522 9518
f 9524 9510 9519
f 9524 9520 9510
f 9525 9515 9504
f 9525 9526 9512
f 9525 9504 9520
f 9525 9512 9515
f 9525 9520 9524
f 9527 9500 9528
f 9527 9528 9529
f 9527 9516 9500
f 9530 9519 9522
f 9530 9524 9519
f 9531 9529 9532
f 9531 9521 9517
f 9531 9517 9516
f 9531 9527 9529
f 9531 9516 9527
f 9533 9522 9523
f 9533 9530 9522
f 9534 9532 9535
f 9534 9531 9532
f 9534 9521 9531
f 9534 9523 9521
f 9536 9526 9525
f 9536 9525 9524
f 9536 9524 9530
f 9537 9530 9533
f 9537 9526 9536
f 9537 9536 9530
f 9538 9523 9534
f 9538 9535 9539
f 9538 9534 9535
f 9540 9537 9533
f 9540 9526 9537
f 9541 9533 9523
f 9541 9523 9538
f 9541 9538 9539
f 9541 9540 9533
f 9542 9543 9526
f 9542 9541 9539
f 9542 9540 9541
f 9542 9539 9543
f 9542 9526 9540
f 9544 9545 9546
f 9544 9547 9545
f 9548 9546 9549
f 9548 9549 9550
f 9548 9544 9546
f 9551 9552 9553
f 9551 9553 9547
f 9551 9547 9544
f 9554 9550 9555
f 9554 9555 9556
f 9554 9556 9557
f 9554 9557 9558
f 9554 9548 9550
f 9559 9560 9552
f 9559 9552 9551
f 9559 9551 9544
f 9559 9544 9548
f 9561 9558 9562
f 9561 9562 9560
f 9561 9548 9554
f 9561 9560 9559
f 9561 9554 9558
f 9561 9559 9548
f 9563 9564 9565
f 9563 9565 9566
f 9567 9568 9569
f 9570 9568 9567
f 9571 9572 9564
f 9571 9563 9568
f 9571 9564 9563
f 9573 9574 9572
f 9573 9572 9571
f 9573 9568 9570
f 9573 9571 9568
f 9575 9570 9576
f 9575 9574 9573
f 9575 9573 9570
f 9577 9578 9574
f 9577 9576 9579
f 9577 9574 9575
f 9577 9575 9576
f 9577 9579 9578
f 9580 9581 9578
f 9580 9579 9582
f 9580 9578 9579
f 9583 9584 9581
f 9583 9582 9557
f 9583 9557 9585
f 9583 9585 9586
f 9583 9586 9587
f 9583 9587 9588
f 9583 9588 9589
f 9583 9589 9584
f 9583 9581 9580
f 9583 9580 9582
f 9590 9591 9592
f 9590 9592 9593
f 9590 9593 9594
f 9595 9590 9594
f 9595 9591 9590
f 9596 9597 9598
f 9596 9598 9599
f 9596 9599 9566
f 9596 9566 9591
f 9596 9594 9597
f 9596 9591 9595
f 9596 9595 9594
f 9600 9601 9602
f 9600 9602 9603
f 9604 9605 9606
f 9607 9605 9608
f 9607 9606 9605
f 9609 9605 9604
f 9610 9605 9609
f 9611 9607 9608
f 9612 9605 9610
f 9557 9611 9608
f 9558 9557 9608
f 9613 9614 9615
f 9616 9617 9618
f 9616 9618 9619
f 9616 9619 9620
f 9616 9620 9621
f 9616 9621 9622
f 9616 9622 9623
f 9616 9623 9624
f 9616 9624 9625
f 9616 9625 9626
f 9627 9628 9617
f 9627 9617 9616
f 9629 9630 9601
f 9629 9601 9600
f 9631 9632 9630
f 9631 9630 9629
f 9633 9632 9631
f 9633 9634 9635
f 9633 9635 9636
f 9633 9636 9632
f 9637 9605 9612
f 9637 9600 9605
f 9637 9631 9629
f 9637 9629 9600
f 9638 9631 9637
f 9639 9612 9640
f 9639 9640 9641
f 9639 9641 9642
f 9639 9642 9643
f 9639 9643 9644
f 9639 9644 9645
f 9639 9645 9646
f 9639 9646 9647
f 9639 9647 9648
f 9639 9648 9649
f 9639 9649 9650
f 9639 9637 9612
f 9639 9650 9651
f 9639 9651 9652
f 9639 9652 9653
f 9639 9653 9569
f 9654 9634 9633
f 9654 9655 9634
f 9654 9631 9638
f 9654 9633 9631
f 9656 9638 9637
f 9656 9637 9639
f 9656 9639 9569
f 9656 9569 9657
f 9656 9654 9638
f 9658 9659 9660
f 9658 9660 9661
f 9658 9661 9655
f 9658 9654 9656
f 9658 9656 9657
f 9658 9655 9654
f 9662 9613 9663
f 9662 9663 9664
f 9662 9664 9659
f 9662 9657 9665
f 9662 9665 9666
f 9662 9666 9614
f 9662 9659 9658
f 9662 9614 9613
f 9662 9658 9657
f 9667 9668 9613
f 9667 9615 9669
f 9667 9669 9670
f 9667 9613 9615
f 9667 9670 9668
f 9671 9672 9673
f 9671 9673 9674
f 9671 9674 9675
f 9671 9675 9676
f 9677 9672 9671
f 9677 9670 9672
f 9677 9668 9670
f 9678 9676 9679
f 9678 9679 9628
f 9678 9628 9627
f 9678 9671 9676
f 9680 9681 9682
f 9680 9682 9668
f 9680 9668 9677
f 9680 9671 9678
f 9680 9627 9683
f 9680 9683 9684
f 9680 9684 9681
f 9680 9677 9671
f 9680 9678 9627
f 9685 9686 9687
f 9688 9685 9687
f 9689 9688 9687
f 9690 9689 9687
f 9691 9689 9690
f 9692 9693 9694
f 9695 9696 9697
f 9698 9695 9697
f 9699 9698 9697
f 9699 9697 9700
f 9701 9699 9700
f 9701 9700 9702
f 9703 9701 9702
f 9703 9702 9704
f 9705 9703 9704
f 9706 9705 9704
f 9707 9706 9704
f 9708 9709 9710
f 9708 9710 9711
f 9712 9711 9707
f 9712 9707 9704
f 9712 9708 9711
f 9713 9714 9715
f 9716 9717 9709
f 9716 9709 9708
f 9718 9719 9720
f 9718 9720 9721
f 9718 9721 9722
f 9718 9722 9717
f 9718 9717 9716
f 9723 9724 9725
f 9723 9725 9719
f 9723 9719 9718
f 9726 9724 9723
f 9726 9727 9728
f 9726 9728 9729
f 9726 9729 9730
f 9726 9730 9724
f 9731 9727 9726
f 9731 9732 9727
f 9733 9732 9731
f 9733 9713 9732
f 9734 9713 9733
f 9735 9736 9714
f 9735 9714 9713
f 9735 9713 9734
f 9737 9736 9735
f 9738 9739 9740
f 9741 9739 9738
f 9742 9739 9741
f 9743 9744 9745
f 9743 9745 9746
f 9747 9743 9746
f 9748 9744 9743
f 9748 9749 9744
f 9750 9747 9746
f 9751 9743 9747
f 9751 9748 9743
f 9752 9748 9751
f 9752 9753 9749
f 9752 9749 9748
f 9754 9752 9751
f 9755 9747 9750
f 9755 9751 9747
f 9755 9750 9746
f 9756 9753 9752
f 9757 9751 9755
f 9757 9754 9751
f 9758 9752 9754
f 9758 9754 9757
f 9758 9756 9752
f 9759 9756 9758
f 9759 9753 9756
f 9759 9760 9753
f 9761 9746 9762
f 9763 9760 9759
f 9764 9746 9761
f 9764 9755 9746
f 9765 9759 9758
f 9766 9758 9757
f 9767 9760 9763
f 9767 9768 9760
f 9769 9763 9759
f 9769 9759 9765
f 9769 9767 9763
f 9770 9761 9762
f 9771 9757 9755
f 9771 9755 9764
f 9772 9768 9767
f 9773 9764 9761
f 9774 9770 9762
f 9775 9765 9758
f 9775 9758 9766
f 9776 9767 9769
f 9777 9765 9775
f 9777 9769 9765
f 9777 9776 9769
f 9778 9772 9767
f 9778 9767 9776
f 9779 9764 9773
f 9779 9771 9764
f 9780 9761 9770
f 9780 9773 9761
f 9781 9778 9782
f 9781 9772 9778
f 9781 9768 9772
f 9781 9782 9768
f 9783 9776 9777
f 9783 9778 9776
f 9784 9766 9757
f 9784 9757 9771
f 9785 9770 9774
f 9785 9786 9787
f 9785 9787 9788
f 9785 9780 9770
f 9785 9774 9786
f 9789 9782 9778
f 9789 9778 9783
f 9789 9790 9782
f 9791 9792 9793
f 9791 9793 9786
f 9791 9774 9762
f 9791 9786 9774
f 9791 9762 9687
f 9794 9773 9780
f 9794 9780 9785
f 9794 9779 9773
f 9795 9775 9766
f 9795 9766 9784
f 9796 9784 9771
f 9796 9771 9779
f 9796 9779 9794
f 9797 9788 9798
f 9797 9798 9799
f 9797 9799 9794
f 9797 9794 9785
f 9797 9785 9788
f 9800 9775 9795
f 9800 9777 9775
f 9801 9802 9803
f 9801 9803 9792
f 9801 9792 9791
f 9801 9791 9687
f 9801 9687 9686
f 9801 9686 9802
f 9804 9795 9784
f 9804 9784 9796
f 9805 9783 9777
f 9805 9777 9800
f 9806 9796 9794
f 9806 9794 9799
f 9806 9804 9796
f 9807 9800 9795
f 9807 9795 9804
f 9808 9799 9809
f 9808 9809 9810
f 9808 9806 9799
f 9811 9790 9789
f 9811 9783 9805
f 9811 9789 9783
f 9812 9804 9806
f 9812 9806 9808
f 9813 9790 9811
f 9814 9805 9800
f 9814 9800 9807
f 9815 9810 9816
f 9815 9812 9808
f 9815 9808 9810
f 9817 9807 9804
f 9817 9804 9812
f 9817 9814 9807
f 9818 9811 9805
f 9818 9805 9814
f 9819 9815 9816
f 9819 9817 9812
f 9819 9812 9815
f 9820 9790 9813
f 9820 9813 9811
f 9820 9811 9818
f 9820 9821 9790
f 9820 9818 9821
f 9822 9814 9817
f 9823 9817 9819
f 9823 9822 9817
f 9824 9814 9822
f 9824 9821 9818
f 9824 9818 9814
f 9825 9824 9822
f 9825 9823 9826
f 9825 9822 9823
f 9827 9816 9828
f 9827 9828 9829
f 9830 9825 9826
f 9830 9824 9825
f 9830 9826 9831
f 9830 9831 9821
f 9830 9821 9824
f 9832 9819 9816
f 9832 9827 9829
f 9832 9816 9827
f 9833 9823 9819
f 9833 9819 9832
f 9833 9826 9823
f 9834 9832 9829
f 9834 9829 9835
f 9834 9835 9836
f 9837 9826 9833
f 9837 9838 9839
f 9837 9839 9826
f 9840 9834 9836
f 9840 9836 9841
f 9840 9841 9842
f 9840 9832 9834
f 9840 9837 9833
f 9840 9833 9832
f 9843 9837 9840
f 9843 9840 9842
f 9843 9842 9844
f 9845 9838 9837
f 9845 9837 9843
f 9845 9843 9844
f 9845 9844 9846
f 9845 9846 9838
f 9847 9842 9848
f 9847 9848 9849
f 9850 9842 9847
f 9850 9847 9849
f 9850 9844 9842
f 9851 9849 9852
f 9851 9852 9853
f 9854 9853 9855
f 9856 9849 9851
f 9856 9850 9849
f 9857 9858 9859
f 9857 9859 9860
f 9861 9844 9850
f 9861 9850 9856
f 9861 9856 9862
f 9861 9862 9844
f 9863 9853 9854
f 9863 9851 9853
f 9863 9856 9851
f 9864 9860 9693
f 9864 9857 9860
f 9865 9855 9858
f 9865 9854 9855
f 9865 9863 9854
f 9865 9858 9857
f 9866 9862 9856
f 9866 9856 9863
f 9867 9692 9868
f 9867 9693 9692
f 9867 9864 9693
f 9869 9865 9857
f 9869 9864 9867
f 9869 9857 9864
f 9870 9863 9865
f 9871 9869 9867
f 9872 9869 9871
f 9872 9870 9865
f 9872 9865 9869
f 9873 9862 9866
f 9873 9866 9863
f 9873 9863 9870
f 9874 9872 9871
f 9875 9876 9877
f 9875 9877 9878
f 9875 9878 9879
f 9880 9862 9873
f 9880 9872 9874
f 9880 9870 9872
f 9880 9873 9870
f 9881 9862 9880
f 9881 9880 9874
f 9882 9738 9740
f 9882 9736 9737
f 9882 9740 9736
f 9882 9737 9738
f 9883 9868 9876
f 9883 9867 9868
f 9883 9876 9875
f 9884 9871 9867
f 9884 9867 9883
f 9885 9879 9886
f 9885 9886 9887
f 9885 9875 9879
f 9888 9739 9742
f 9888 9887 9739
f 9888 9885 9887
f 9888 9742 9889
f 9888 9889 9890
f 9891 9871 9884
f 9891 9874 9871
f 9892 9875 9885
f 9892 9883 9875
f 9893 9874 9891
f 9893 9881 9874
f 9894 9891 9884
f 9894 9884 9883
f 9894 9883 9892
f 9895 9888 9890
f 9895 9885 9888
f 9895 9892 9885
f 9896 9895 9890
f 9896 9894 9892
f 9896 9892 9895
f 9896 9890 9897
f 9898 9891 9894
f 9898 9894 9896
f 9899 9891 9898
f 9899 9893 9891
f 9900 9896 9897
f 9900 9898 9896
f 9901 9899 9898
f 9901 9898 9900
f 9902 9881 9893
f 9902 9893 9899
f 9902 9899 9901
f 9902 9862 9881
f 9903 9902 9901
f 9903 9900 9897
f 9903 9901 9900
f 9903 9897 9904
f 9903 9904 9905
f 9906 9902 9903
f 9906 9903 9905
f 9906 9905 9907
f 9908 9902 9906
f 9908 9862 9902
f 9908 9906 9907
f 9908 9907 9862
f 9909 9910 9911
f 9909 9911 9912
f 9909 9913 9910
f 9914 9912 9915
f 9914 9909 9912
f 9916 9915 9917
f 9916 9917 9918
f 9916 9914 9915
f 9919 9918 9920
f 9919 9916 9918
f 9921 9920 9922
f 9921 9922 9923
f 9921 9923 9924
f 9921 9919 9920
f 9925 9926 9927
f 9925 9927 9928
f 9929 9930 9926
f 9929 9926 9925
f 9931 9932 9933
f 9931 9933 9930
f 9931 9930 9929
f 9934 9935 9932
f 9934 9932 9931
f 9936 9937 9938
f 9936 9938 9939
f 9936 9939 9935
f 9936 9935 9934
f 9940 9941 9913
f 9940 9913 9909
f 9942 9941 9940
f 9943 9944 9941
f 9943 9945 9944
f 9943 9941 9942
f 9946 9921 9924
f 9946 9919 9921
f 9947 9948 9941
f 9947 9941 9944
f 9949 9919 9946
f 9949 9946 9924
f 9950 9948 9947
f 9951 9949 9924
f 9951 9924 9952
f 9951 9953 9954
f 9951 9952 9953
f 9955 9928 9948
f 9955 9925 9928
f 9955 9948 9950
f 9956 9954 9953
f 9956 9953 9952
f 9957 9937 9958
f 9957 9952 9937
f 9957 9958 9956
f 9957 9956 9952
f 9959 9937 9936
f 9960 9914 9916
f 9960 9909 9914
f 9960 9940 9909
f 9961 9919 9949
f 9961 9960 9916
f 9961 9916 9919
f 9962 9963 9945
f 9962 9943 9942
f 9962 9945 9943
f 9964 9963 9962
f 9965 9947 9944
f 9965 9945 9963
f 9965 9944 9945
f 9966 9947 9965
f 9966 9950 9947
f 9967 9966 9965
f 9968 9965 9963
f 9968 9967 9965
f 9969 9954 9956
f 9969 9956 9958
f 9969 9963 9954
f 9969 9968 9963
f 9970 9955 9950
f 9971 9931 9972
f 9973 9925 9955
f 9973 9955 9970
f 9973 9972 9931
f 9973 9929 9925
f 9973 9931 9929
f 9973 9970 9972
f 9974 9971 9975
f 9976 9959 9936
f 9976 9971 9974
f 9976 9931 9971
f 9976 9974 9959
f 9976 9934 9931
f 9976 9936 9934
f 9977 9940 9960
f 9977 9961 9978
f 9977 9962 9942
f 9977 9960 9961
f 9977 9964 9962
f 9977 9978 9964
f 9977 9942 9940
f 9979 9949 9951
f 9979 9978 9961
f 9979 9961 9949
f 9980 9951 9954
f 9980 9979 9951
f 9980 9963 9964
f 9980 9964 9978
f 9980 9954 9963
f 9980 9978 9979
f 9981 9966 9967
f 9981 9950 9966
f 9981 9967 9968
f 9981 9968 9975
f 9982 9970 9950
f 9982 9950 9981
f 9982 9971 9972
f 9982 9972 9970
f 9983 9975 9971
f 9983 9981 9975
f 9983 9982 9981
f 9983 9971 9982
f 9984 9968 9969
f 9984 9969 9958
f 9984 9975 9968
f 9984 9974 9975
f 9985 9958 9937
f 9985 9984 9958
f 9985 9974 9984
f 9985 9959 9974
f 9985 9937 9959
f 9986 9987 9988
f 9986 9988 9989
f 9990 9986 9989
f 9990 9987 9986
f 9991 9989 9992
f 9991 9990 9989
f 9993 9991 9992
f 9994 9992 9995
f 9994 9993 9992
f 9996 9997 9987
f 9996 9987 9990
f 9998 9995 9999
f 9998 9994 9995
f 10000 9990 9991
f 10000 9997 9996
f 10000 9996 9990
f 10001 9998 9999
f 10002 9997 10000
f 10002 10000 9991
f 10002 9991 9993
f 10003 9999 10004
f 10003 10001 9999
f 10005 10002 9993
f 10005 9993 9994
f 10006 10004 10007
f 10006 10003 10004
f 10008 9998 10001
f 10008 9994 9998
f 10008 10005 9994
f 10009 10006 10007
f 10010 10008 10001
f 10011 10007 10012
f 10011 10009 10007
f 10013 10001 10003
f 10013 10010 10001
f 10014 10011 10012
f 10015 10013 10003
f 10015 10003 10006
f 10016 10014 10012
f 10016 10012 10017
f 10018 10015 10006
f 10018 10009 10011
f 10018 10006 10009
f 10019 10017 10020
f 10019 10016 10017
f 10021 10011 10014
f 10021 10018 10011
f 10022 10023 9997
f 10024 10019 10020
f 10024 10020 10025
f 10026 10021 10014
f 10027 10022 9997
f 10028 10014 10016
f 10028 10026 10014
f 10028 10029 10030
f 10031 10027 9997
f 10031 9997 10002
f 10031 10002 10005
f 10032 10016 10019
f 10032 10028 10016
f 10032 10029 10028
f 10033 10031 10005
f 10034 10019 10024
f 10034 10032 10019
f 10034 10029 10032
f 10035 10033 10005
f 10035 10005 10008
f 10036 10025 10029
f 10036 10024 10025
f 10036 10034 10024
f 10036 10029 10034
f 10037 10008 10010
f 10037 10035 10008
f 10038 10010 10013
f 10038 10037 10010
f 10039 10013 10015
f 10039 10038 10013
f 10040 10015 10018
f 10040 10039 10015
f 10041 10040 10018
f 10041 10018 10021
f 10042 10021 10026
f 10042 10041 10021
f 10043 10042 10026
f 10043 10026 10028
f 10043 10028 10030
f 10044 10043 10030
f 10045 10046 10047
f 10045 10047 10048
f 10049 10030 10050
f 10049 10044 10030
f 10051 10048 10052
f 10051 10045 10048
f 10053 10045 10051
f 10053 10054 10046
f 10053 10046 10045
f 10055 10051 10052
f 10055 10052 10056
f 10057 10054 10053
f 10057 10058 10054
f 10057 10053 10051
f 10059 10056 10060
f 10059 10055 10056
f 10059 10060 10061
f 10062 10058 10057
f 10062 10057 10051
f 10062 10055 10059
f 10062 10051 10055
f 10063 10059 10061
f 10064 10062 10059
f 10064 10065 10058
f 10064 10058 10062
f 10066 10063 10061
f 10066 10067 10068
f 10066 10061 10067
f 10069 10064 10059
f 10069 10059 10063
f 10069 10065 10064
f 10070 10066 10068
f 10071 10072 10065
f 10071 10065 10069
f 10071 10063 10066
f 10071 10069 10063
f 10073 10068 10074
f 10073 10070 10068
f 10075 10066 10070
f 10075 10071 10066
f 10075 10072 10071
f 10076 10074 10077
f 10076 10073 10074
f 10076 10077 10078
f 10079 10080 10072
f 10079 10072 10075
f 10079 10070 10073
f 10079 10075 10070
f 10081 10076 10078
f 10082 10073 10076
f 10082 10079 10073
f 10082 10080 10079
f 10083 10081 10078
f 10083 10078 10084
f 10083 10084 10085
f 10086 10083 10085
f 10087 10088 10080
f 10087 10080 10082
f 10087 10076 10081
f 10087 10082 10076
f 10089 10081 10083
f 10089 10088 10087
f 10089 10087 10081
f 10090 10085 10091
f 10090 10086 10085
f 10090 10091 10092
f 10093 10094 10088
f 10093 10088 10089
f 10093 10083 10086
f 10093 10089 10083
f 10095 10096 10097
f 10098 10090 10092
f 10099 10086 10090
f 10099 10094 10093
f 10099 10093 10086
f 10100 10098 10092
f 10100 10092 10096
f 10101 10102 10094
f 10101 10094 10099
f 10101 10090 10098
f 10101 10099 10090
f 10103 10096 10095
f 10103 10097 10104
f 10103 10095 10097
f 10103 10100 10096
f 10105 10102 10101
f 10105 10098 10100
f 10105 10101 10098
f 10106 10104 10102
f 10106 10103 10104
f 10106 10100 10103
f 10106 10105 10100
f 10106 10102 10105
f 10107 10047 10023
f 10107 10022 10027
f 10107 10023 10022
f 10108 10060 10056
f 10108 10048 10047
f 10108 10052 10048
f 10108 10056 10052
f 10109 10042 10043
f 10109 10043 10044
f 10110 10109 10044
f 10110 10050 10109
f 10110 10049 10050
f 10110 10044 10049
f 10111 10050 10097
f 10111 10109 10050
f 10111 10092 10091
f 10111 10097 10096
f 10111 10096 10092
f 10112 10027 10031
f 10112 10031 10033
f 10112 10107 10027
f 10113 10033 10035
f 10113 10035 10037
f 10113 10037 10038
f 10113 10112 10033
f 10114 10112 10113
f 10114 10113 10038
f 10114 10107 10112
f 10115 10060 10108
f 10115 10061 10060
f 10115 10067 10061
f 10116 10114 10038
f 10116 10109 10111
f 10116 10038 10039
f 10116 10039 10040
f 10116 10040 10041
f 10116 10041 10042
f 10116 10042 10109
f 10117 10111 10091
f 10117 10084 10078
f 10117 10085 10084
f 10117 10116 10111
f 10117 10091 10085
f 10117 10078 10077
f 10118 10108 10047
f 10118 10115 10108
f 10118 10114 10115
f 10118 10107 10114
f 10118 10047 10107
f 10119 10114 10116
f 10119 10116 10117
f 10119 10115 10114
f 10120 10074 10068
f 10120 10077 10074
f 10120 10067 10115
f 10120 10115 10119
f 10120 10119 10117
f 10120 10068 10067
f 10120 10117 10077
f 10121 10122 10123
f 10121 10123 10124
f 10125 10122 10121
f 10125 10121 10124
f 10126 10124 10127
f 10126 10125 10124
f 10128 10126 10127
f 10129 10127 10130
f 10129 10128 10127
f 10131 10132 10122
f 10131 10122 10125
f 10133 10129 10130
f 10134 10130 10135
f 10134 10133 10130
f 10136 10125 10126
f 10136 10131 10125
f 10137 10134 10135
f 10138 10136 10126
f 10138 10126 10128
f 10138 10128 10129
f 10139 10135 10140
f 10139 10137 10135
f 10141 10129 10133
f 10141 10138 10129
f 10142 10141 10133
f 10143 10139 10140
f 10144 10133 10134
f 10144 10142 10133
f 10144 10134 10137
f 10145 10140 10146
f 10145 10143 10140
f 10147 10144 10137
f 10148 10145 10146
f 10149 10137 10139
f 10149 10147 10137
f 10150 10148 10146
f 10150 10146 10151
f 10152 10149 10139
f 10152 10139 10143
f 10153 10150 10151
f 10154 10152 10143
f 10154 10143 10145
f 10155 10153 10151
f 10155 10151 10156
f 10157 10158 10132
f 10159 10145 10148
f 10159 10154 10145
f 10160 10161 10162
f 10160 10156 10161
f 10160 10155 10156
f 10163 10159 10148
f 10163 10148 10150
f 10164 10150 10153
f 10164 10163 10150
f 10165 10164 10153
f 10165 10153 10155
f 10165 10155 10160
f 10166 10160 10162
f 10166 10165 10160
f 10166 10162 10165
f 10167 10168 10169
f 10167 10169 10170
f 10171 10172 10173
f 10171 10174 10172
f 10175 10170 10176
f 10175 10167 10170
f 10177 10167 10175
f 10177 10178 10168
f 10177 10168 10167
f 10179 10175 10176
f 10179 10176 10180
f 10181 10178 10177
f 10181 10177 10175
f 10182 10179 10180
f 10182 10180 10183
f 10184 10175 10179
f 10184 10185 10178
f 10184 10181 10175
f 10184 10178 10181
f 10186 10182 10183
f 10186 10183 10187
f 10188 10185 10184
f 10188 10189 10185
f 10188 10179 10182
f 10188 10184 10179
f 10190 10187 10191
f 10190 10186 10187
f 10192 10190 10191
f 10192 10191 10193
f 10194 10189 10188
f 10194 10182 10186
f 10194 10188 10182
f 10195 10192 10193
f 10195 10193 10196
f 10197 10198 10189
f 10197 10186 10190
f 10197 10189 10194
f 10197 10194 10186
f 10199 10192 10195
f 10199 10198 10197
f 10199 10190 10192
f 10199 10197 10190
f 10200 10201 10202
f 10200 10195 10196
f 10200 10196 10201
f 10203 10204 10198
f 10203 10199 10195
f 10203 10198 10199
f 10205 10200 10202
f 10206 10207 10204
f 10206 10203 10195
f 10206 10195 10200
f 10206 10204 10203
f 10208 10205 10202
f 10208 10202 10209
f 10210 10200 10205
f 10210 10207 10206
f 10210 10206 10200
f 10211 10209 10212
f 10211 10208 10209
f 10213 10214 10207
f 10213 10208 10211
f 10213 10207 10210
f 10213 10205 10208
f 10213 10210 10205
f 10215 10211 10212
f 10215 10212 10216
f 10217 10218 10219
f 10220 10221 10214
f 10220 10213 10211
f 10220 10214 10213
f 10222 10215 10216
f 10222 10216 10223
f 10224 10215 10222
f 10224 10220 10211
f 10224 10211 10215
f 10224 10221 10220
f 10225 10222 10223
f 10225 10223 10218
f 10226 10227 10221
f 10226 10224 10222
f 10226 10222 10225
f 10226 10221 10224
f 10228 10219 10229
f 10228 10217 10219
f 10228 10218 10217
f 10228 10225 10218
f 10230 10226 10225
f 10230 10225 10228
f 10230 10227 10226
f 10231 10229 10227
f 10231 10227 10230
f 10231 10228 10229
f 10231 10230 10228
f 10232 10136 10138
f 10232 10131 10136
f 10232 10132 10131
f 10233 10132 10232
f 10234 10157 10132
f 10234 10235 10236
f 10234 10132 10233
f 10234 10236 10157
f 10237 10158 10157
f 10237 10236 10235
f 10237 10157 10236
f 10238 10169 10158
f 10238 10158 10237
f 10239 10238 10237
f 10239 10237 10235
f 10239 10235 10240
f 10239 10240 10241
f 10242 10169 10238
f 10242 10238 10239
f 10243 10242 10239
f 10244 10169 10242
f 10244 10242 10243
f 10245 10169 10244
f 10245 10176 10170
f 10245 10180 10176
f 10245 10170 10169
f 10246 10245 10244
f 10247 10191 10187
f 10247 10246 10244
f 10247 10180 10245
f 10247 10245 10246
f 10247 10183 10180
f 10247 10187 10183
f 10248 10171 10173
f 10248 10174 10171
f 10248 10249 10250
f 10248 10250 10174
f 10251 10248 10173
f 10252 10173 10219
f 10252 10251 10173
f 10252 10219 10218
f 10252 10218 10223
f 10253 10144 10147
f 10253 10142 10144
f 10253 10233 10232
f 10253 10232 10138
f 10253 10138 10141
f 10253 10141 10142
f 10254 10233 10253
f 10255 10235 10234
f 10255 10240 10235
f 10255 10234 10233
f 10255 10241 10240
f 10255 10233 10254
f 10255 10256 10241
f 10255 10257 10256
f 10258 10257 10259
f 10260 10259 10261
f 10260 10248 10251
f 10260 10249 10248
f 10260 10261 10262
f 10260 10262 10263
f 10260 10263 10249
f 10260 10258 10259
f 10264 10193 10191
f 10264 10244 10265
f 10264 10247 10244
f 10264 10191 10247
f 10264 10201 10196
f 10264 10196 10193
f 10266 10201 10264
f 10266 10202 10201
f 10266 10209 10202
f 10266 10264 10267
f 10268 10266 10267
f 10268 10209 10266
f 10268 10212 10209
f 10268 10267 10252
f 10268 10252 10223
f 10268 10216 10212
f 10268 10223 10216
f 10269 10152 10154
f 10269 10147 10149
f 10269 10149 10152
f 10269 10254 10253
f 10269 10154 10159
f 10269 10253 10147
f 10270 10254 10269
f 10271 10261 10259
f 10271 10254 10270
f 10271 10255 10254
f 10271 10259 10257
f 10271 10262 10261
f 10271 10263 10262
f 10271 10257 10255
f 10272 10239 10241
f 10272 10265 10244
f 10272 10244 10243
f 10272 10243 10239
f 10272 10258 10265
f 10272 10241 10256
f 10272 10256 10257
f 10272 10257 10258
f 10273 10264 10265
f 10273 10265 10258
f 10273 10252 10267
f 10273 10251 10252
f 10273 10258 10260
f 10273 10267 10264
f 10273 10260 10251
f 10274 10159 10163
f 10274 10163 10164
f 10274 10164 10165
f 10274 10165 10162
f 10274 10269 10159
f 10275 10269 10274
f 10275 10270 10269
f 10276 10162 10172
f 10276 10275 10274
f 10276 10274 10162
f 10277 10276 10172
f 10277 10270 10275
f 10277 10275 10276
f 10277 10271 10270
f 10278 10271 10277
f 10278 10277 10172
f 10278 10249 10263
f 10278 10263 10271
f 10278 10250 10249
f 10278 10172 10174
f 10278 10174 10250
f 10279 10280 10281
f 10282 10281 10283
f 10282 10283 10284
f 10282 10279 10281
f 10285 10284 10286
f 10285 10282 10284
f 10287 10286 10288
f 10287 10288 10289
f 10287 10289 10290
f 10287 10285 10286
f 10291 10292 10293
f 10291 10293 10294
f 10291 10294 10280
f 10291 10280 10279
f 10295 10291 10279
f 10295 10292 10291
f 10296 10297 10292
f 10296 10292 10295
f 10298 10295 10279
f 10298 10297 10296
f 10298 10296 10295
f 10299 10297 10298
f 10300 10279 10282
f 10300 10298 10279
f 10300 10299 10298
f 10300 10301 10299
f 10302 10299 10301
f 10302 10297 10299
f 10303 10282 10285
f 10303 10300 10282
f 10304 10305 10297
f 10304 10297 10302
f 10304 10302 10301
f 10306 10300 10303
f 10307 10287 10290
f 10307 10285 10287
f 10307 10303 10285
f 10308 10301 10300
f 10308 10309 10301
f 10308 10310 10309
f 10308 10300 10306
f 10311 10303 10307
f 10311 10307 10290
f 10311 10306 10303
f 10312 10313 10304
f 10312 10301 10309
f 10312 10304 10301
f 10314 10313 10312
f 10315 10311 10290
f 10316 10290 10317
f 10316 10318 10310
f 10316 10317 10318
f 10316 10315 10290
f 10319 10312 10309
f 10319 10314 10312
f 10320 10321 10305
f 10322 10310 10318
f 10322 10318 10317
f 10323 10310 10322
f 10323 10309 10310
f 10324 10325 10326
f 10324 10326 10321
f 10324 10320 10327
f 10324 10327 10328
f 10324 10321 10320
f 10329 10330 10331
f 10329 10331 10325
f 10329 10324 10328
f 10329 10325 10324
f 10332 10333 10323
f 10334 10317 10335
f 10334 10322 10317
f 10334 10323 10322
f 10334 10335 10332
f 10334 10332 10323
f 10336 10329 10328
f 10336 10330 10329
f 10337 10338 10339
f 10337 10339 10330
f 10340 10335 10341
f 10342 10341 10343
f 10342 10343 10338
f 10342 10337 10344
f 10342 10344 10340
f 10342 10340 10341
f 10342 10338 10337
f 10345 10308 10306
f 10346 10306 10311
f 10346 10311 10315
f 10346 10345 10306
f 10347 10304 10313
f 10347 10313 10314
f 10347 10305 10304
f 10348 10345 10346
f 10349 10316 10310
f 10349 10310 10308
f 10349 10308 10345
f 10349 10345 10348
f 10350 10315 10316
f 10350 10346 10315
f 10350 10316 10349
f 10350 10348 10346
f 10350 10349 10348
f 10351 10319 10352
f 10351 10314 10319
f 10351 10347 10314
f 10353 10327 10320
f 10353 10320 10305
f 10354 10305 10347
f 10354 10351 10352
f 10354 10347 10351
f 10354 10353 10305
f 10355 10336 10328
f 10355 10328 10327
f 10355 10353 10354
f 10355 10352 10336
f 10355 10327 10353
f 10355 10354 10352
f 10356 10319 10309
f 10356 10309 10323
f 10356 10323 10333
f 10357 10356 10333
f 10357 10352 10319
f 10357 10319 10356
f 10358 10332 10335
f 10358 10333 10332
f 10358 10357 10333
f 10359 10336 10352
f 10360 10358 10335
f 10361 10330 10336
f 10361 10336 10359
f 10361 10337 10330
f 10361 10344 10337
f 10362 10361 10359
f 10362 10360 10335
f 10362 10335 10340
f 10362 10344 10361
f 10362 10340 10344
f 10363 10357 10358
f 10363 10359 10352
f 10363 10358 10360
f 10363 10360 10362
f 10363 10362 10359
f 10363 10352 10357
f 10364 10365 10366
f 10367 10368 10369
f 10370 10371 10372
f 10373 10370 10372
f 10374 10375 10376
f 10374 10376 10377
f 10378 10379 10380
f 10381 10382 10375
f 10381 10375 10374
f 10383 10380 10384
f 10383 10384 10385
f 10383 10378 10380
f 10386 10381 10374
f 10386 10374 10378
f 10387 10385 10388
f 10387 10383 10385
f 10389 10386 10378
f 10389 10378 10383
f 10389 10383 10387
f 10390 10391 10382
f 10390 10381 10386
f 10390 10382 10381
f 10392 10389 10387
f 10393 10386 10389
f 10393 10390 10386
f 10394 10393 10389
f 10395 10391 10390
f 10395 10396 10391
f 10397 10390 10393
f 10397 10393 10394
f 10397 10395 10390
f 10398 10397 10394
f 10399 10396 10395
f 10399 10369 10400
f 10399 10400 10396
f 10401 10399 10395
f 10401 10395 10397
f 10402 10403 10404
f 10402 10404 10367
f 10402 10367 10369
f 10402 10369 10399
f 10405 10401 10397
f 10405 10397 10398
f 10406 10399 10401
f 10406 10402 10399
f 10406 10407 10403
f 10406 10403 10402
f 10408 10409 10410
f 10408 10410 10407
f 10408 10401 10405
f 10408 10407 10406
f 10408 10406 10401
f 10411 10409 10408
f 10411 10412 10409
f 10411 10405 10413
f 10411 10408 10405
f 10414 10415 10416
f 10414 10416 10379
f 10414 10377 10415
f 10414 10374 10377
f 10414 10379 10378
f 10414 10378 10374
f 10417 10388 10365
f 10417 10365 10364
f 10417 10387 10388
f 10418 10392 10387
f 10419 10364 10420
f 10419 10417 10364
f 10421 10387 10417
f 10421 10418 10387
f 10421 10419 10420
f 10421 10417 10419
f 10422 10392 10418
f 10422 10418 10421
f 10422 10421 10420
f 10423 10420 10424
f 10423 10422 10420
f 10425 10423 10424
f 10425 10422 10423
f 10425 10392 10422
f 10426 10394 10389
f 10426 10427 10394
f 10426 10425 10424
f 10426 10392 10425
f 10426 10389 10392
f 10428 10426 10424
f 10428 10427 10426
f 10429 10424 10430
f 10429 10428 10424
f 10431 10429 10430
f 10431 10427 10428
f 10431 10428 10429
f 10432 10398 10394
f 10432 10433 10398
f 10432 10394 10427
f 10432 10427 10431
f 10432 10431 10430
f 10434 10432 10430
f 10434 10433 10432
f 10435 10430 10436
f 10435 10434 10430
f 10437 10433 10434
f 10437 10435 10436
f 10437 10434 10435
f 10438 10398 10433
f 10438 10413 10405
f 10438 10405 10398
f 10438 10437 10436
f 10438 10433 10437
f 10439 10438 10436
f 10439 10413 10438
f 10440 10436 10441
f 10440 10439 10436
f 10442 10413 10439
f 10442 10440 10441
f 10442 10439 10440
f 10443 10442 10441
f 10443 10441 10444
f 10445 10443 10444
f 10445 10442 10443
f 10445 10413 10442
f 10446 10413 10445
f 10446 10411 10413
f 10447 10446 10445
f 10447 10445 10444
f 10447 10411 10446
f 10448 10372 10371
f 10448 10411 10447
f 10448 10371 10449
f 10448 10449 10412
f 10448 10412 10411
f 10450 10448 10447
f 10450 10372 10448
f 10450 10444 10372
f 10450 10447 10444
f 10451 10452 10453
f 10451 10453 10454
f 10455 10451 10454
f 10456 10454 10457
f 10456 10455 10454
f 10458 10452 10451
f 10459 10456 10457
f 10460 10461 10452
f 10460 10452 10458
f 10462 10451 10455
f 10462 10458 10451
f 10463 10457 10464
f 10463 10459 10457
f 10465 10460 10458
f 10465 10458 10462
f 10466 10456 10459
f 10466 10455 10456
f 10466 10462 10455
f 10467 10464 10468
f 10467 10463 10464
f 10469 10465 10462
f 10469 10462 10466
f 10470 10466 10459
f 10471 10467 10468
f 10472 10469 10466
f 10472 10466 10470
f 10473 10470 10459
f 10473 10459 10463
f 10473 10472 10470
f 10474 10468 10475
f 10474 10471 10468
f 10476 10472 10473
f 10477 10461 10460
f 10477 10460 10465
f 10478 10473 10463
f 10478 10463 10467
f 10478 10476 10473
f 10478 10467 10471
f 10479 10480 10461
f 10479 10461 10477
f 10481 10474 10475
f 10481 10475 10482
f 10483 10476 10478
f 10484 10477 10465
f 10484 10465 10469
f 10485 10478 10471
f 10486 10479 10477
f 10486 10480 10479
f 10487 10481 10482
f 10488 10483 10478
f 10488 10478 10485
f 10489 10484 10469
f 10489 10469 10472
f 10490 10471 10474
f 10490 10474 10481
f 10490 10485 10471
f 10490 10488 10485
f 10491 10477 10484
f 10491 10484 10489
f 10491 10486 10477
f 10491 10480 10486
f 10492 10482 10493
f 10492 10487 10482
f 10494 10488 10490
f 10495 10472 10476
f 10495 10489 10472
f 10496 10490 10481
f 10496 10481 10487
f 10497 10492 10493
f 10498 10491 10489
f 10498 10489 10495
f 10499 10494 10490
f 10499 10490 10496
f 10500 10476 10483
f 10500 10495 10476
f 10501 10496 10487
f 10502 10493 10503
f 10502 10497 10493
f 10504 10498 10495
f 10505 10487 10492
f 10505 10492 10497
f 10505 10501 10487
f 10506 10499 10496
f 10506 10496 10501
f 10507 10500 10483
f 10507 10483 10488
f 10507 10488 10494
f 10508 10503 10509
f 10508 10502 10503
f 10510 10500 10507
f 10510 10495 10500
f 10510 10504 10495
f 10511 10505 10497
f 10512 10501 10505
f 10512 10506 10501
f 10513 10507 10494
f 10514 10508 10509
f 10514 10509 10515
f 10516 10512 10505
f 10516 10505 10511
f 10517 10510 10507
f 10518 10519 10480
f 10520 10511 10497
f 10520 10497 10502
f 10521 10494 10499
f 10521 10513 10494
f 10522 10511 10520
f 10522 10516 10511
f 10523 10507 10513
f 10523 10517 10507
f 10523 10513 10521
f 10524 10519 10518
f 10524 10518 10480
f 10525 10520 10502
f 10525 10502 10508
f 10526 10499 10506
f 10526 10506 10512
f 10526 10521 10499
f 10527 10522 10520
f 10527 10520 10525
f 10528 10523 10521
f 10529 10480 10491
f 10529 10524 10480
f 10530 10508 10514
f 10530 10525 10508
f 10531 10526 10512
f 10531 10512 10516
f 10532 10527 10525
f 10532 10525 10530
f 10533 10531 10516
f 10534 10526 10531
f 10534 10521 10526
f 10534 10528 10521
f 10535 10529 10491
f 10535 10491 10498
f 10535 10498 10504
f 10536 10534 10531
f 10537 10530 10514
f 10537 10515 10538
f 10537 10514 10515
f 10537 10538 10532
f 10537 10532 10530
f 10539 10516 10522
f 10539 10522 10527
f 10539 10533 10516
f 10540 10535 10504
f 10541 10531 10533
f 10541 10536 10531
f 10541 10533 10539
f 10542 10539 10527
f 10543 10504 10510
f 10543 10540 10504
f 10544 10541 10539
f 10545 10519 10524
f 10546 10532 10538
f 10546 10527 10532
f 10546 10542 10527
f 10547 10510 10517
f 10547 10517 10523
f 10547 10543 10510
f 10548 10549 10519
f 10548 10519 10545
f 10550 10551 10544
f 10550 10544 10539
f 10550 10539 10542
f 10550 10542 10546
f 10552 10545 10524
f 10552 10524 10529
f 10553 10547 10523
f 10554 10548 10545
f 10554 10545 10552
f 10554 10549 10548
f 10555 10546 10538
f 10555 10538 10551
f 10555 10550 10546
f 10555 10551 10550
f 10556 10552 10529
f 10556 10529 10535
f 10557 10553 10523
f 10557 10528 10534
f 10557 10523 10528
f 10558 10549 10554
f 10558 10554 10552
f 10558 10552 10556
f 10559 10556 10535
f 10559 10535 10540
f 10560 10557 10534
f 10561 10558 10556
f 10561 10549 10558
f 10562 10540 10543
f 10562 10559 10540
f 10563 10560 10534
f 10563 10536 10541
f 10563 10534 10536
f 10564 10561 10556
f 10564 10556 10559
f 10565 10541 10544
f 10565 10563 10541
f 10566 10543 10547
f 10566 10562 10543
f 10567 10564 10559
f 10567 10559 10562
f 10568 10544 10551
f 10568 10565 10544
f 10569 10547 10553
f 10569 10553 10557
f 10569 10566 10547
f 10570 10562 10566
f 10570 10566 10569
f 10570 10567 10562
f 10571 10568 10551
f 10572 10557 10560
f 10572 10569 10557
f 10573 10570 10569
f 10574 10551 10575
f 10574 10571 10551
f 10574 10575 10571
f 10576 10572 10560
f 10577 10569 10572
f 10577 10573 10569
f 10578 10560 10563
f 10578 10563 10565
f 10578 10576 10560
f 10579 10578 10565
f 10580 10572 10576
f 10580 10577 10572
f 10580 10576 10578
f 10581 10582 10583
f 10581 10583 10549
f 10584 10580 10578
f 10585 10565 10568
f 10585 10568 10571
f 10585 10579 10565
f 10586 10581 10549
f 10587 10579 10585
f 10587 10578 10579
f 10587 10584 10578
f 10588 10585 10571
f 10588 10571 10575
f 10589 10586 10549
f 10590 10587 10585
f 10591 10588 10575
f 10592 10589 10549
f 10592 10549 10561
f 10593 10585 10588
f 10593 10594 10590
f 10593 10590 10585
f 10595 10592 10561
f 10595 10561 10564
f 10596 10588 10591
f 10596 10575 10594
f 10596 10593 10588
f 10596 10591 10575
f 10596 10594 10593
f 10597 10595 10564
f 10597 10564 10567
f 10598 10567 10570
f 10598 10597 10567
f 10599 10600 10582
f 10599 10581 10586
f 10599 10582 10581
f 10601 10598 10570
f 10601 10573 10577
f 10601 10570 10573
f 10602 10599 10586
f 10603 10601 10577
f 10604 10586 10589
f 10604 10602 10586
f 10605 10603 10577
f 10605 10577 10580
f 10606 10592 10595
f 10606 10589 10592
f 10606 10604 10589
f 10607 10580 10584
f 10607 10605 10580
f 10607 10584 10587
f 10608 10606 10595
f 10609 10607 10587
f 10610 10595 10597
f 10610 10597 10598
f 10610 10608 10595
f 10611 10587 10590
f 10611 10590 10594
f 10611 10609 10587
f 10612 10610 10598
f 10613 10600 10599
f 10614 10611 10594
f 10614 10594 10615
f 10616 10598 10601
f 10616 10612 10598
f 10617 10599 10602
f 10617 10613 10599
f 10618 10614 10615
f 10618 10619 10614
f 10620 10601 10603
f 10620 10616 10601
f 10621 10602 10604
f 10621 10617 10602
f 10622 10618 10615
f 10622 10619 10618
f 10622 10615 10619
f 10623 10603 10605
f 10623 10620 10603
f 10624 10621 10604
f 10624 10604 10606
f 10625 10605 10607
f 10625 10623 10605
f 10626 10606 10608
f 10626 10624 10606
f 10627 10625 10607
f 10627 10607 10609
f 10627 10609 10611
f 10628 10629 10600
f 10628 10600 10613
f 10628 10613 10617
f 10630 10626 10608
f 10630 10608 10610
f 10631 10627 10611
f 10632 10628 10617
f 10633 10634 10629
f 10633 10629 10628
f 10635 10630 10610
f 10635 10610 10612
f 10636 10631 10611
f 10636 10611 10614
f 10636 10614 10619
f 10637 10617 10621
f 10637 10632 10617
f 10638 10633 10628
f 10638 10628 10632
f 10638 10639 10634
f 10638 10634 10633
f 10638 10637 10639
f 10638 10632 10637
f 10640 10635 10612
f 10640 10612 10616
f 10641 10619 10642
f 10641 10636 10619
f 10641 10642 10636
f 10643 10621 10624
f 10643 10637 10621
f 10644 10616 10620
f 10644 10640 10616
f 10645 10643 10624
f 10645 10626 10630
f 10645 10624 10626
f 10646 10647 10639
f 10646 10639 10637
f 10646 10637 10643
f 10648 10620 10623
f 10648 10644 10620
f 10648 10623 10625
f 10649 10645 10630
f 10650 10643 10645
f 10650 10651 10647
f 10650 10646 10643
f 10650 10647 10646
f 10652 10648 10625
f 10653 10625 10627
f 10653 10652 10625
f 10654 10630 10635
f 10654 10649 10630
f 10655 10651 10650
f 10655 10645 10649
f 10655 10649 10654
f 10655 10650 10645
f 10656 10627 10631
f 10656 10653 10627
f 10657 10635 10640
f 10657 10654 10635
f 10658 10651 10655
f 10658 10659 10651
f 10658 10654 10657
f 10658 10655 10654
f 10660 10631 10636
f 10660 10636 10642
f 10660 10656 10631
f 10661 10644 10648
f 10661 10640 10644
f 10661 10657 10640
f 10662 10657 10661
f 10662 10663 10659
f 10662 10659 10658
f 10662 10658 10657
f 10664 10642 10665
f 10664 10660 10642
f 10664 10665 10660
f 10666 10661 10648
f 10667 10663 10662
f 10667 10662 10661
f 10668 10648 10652
f 10668 10666 10648
f 10669 10661 10666
f 10669 10663 10667
f 10669 10667 10661
f 10669 10670 10663
f 10669 10666 10668
f 10671 10668 10652
f 10671 10652 10653
f 10672 10669 10668
f 10672 10670 10669
f 10672 10673 10670
f 10674 10656 10660
f 10674 10671 10653
f 10674 10653 10656
f 10675 10672 10668
f 10675 10668 10671
f 10675 10673 10672
f 10675 10671 10674
f 10676 10674 10660
f 10676 10660 10665
f 10677 10678 10673
f 10677 10673 10675
f 10677 10675 10674
f 10677 10674 10676
f 10679 10676 10665
f 10680 10678 10677
f 10680 10677 10676
f 10680 10679 10678
f 10680 10676 10679
f 10681 10679 10665
f 10681 10665 10682
f 10681 10682 10683
f 10681 10683 10678
f 10681 10678 10679
f 10684 10685 10686
f 10684 10686 10687
f 10688 10684 10687
f 10689 10687 10690
f 10689 10688 10687
f 10691 10685 10684
f 10692 10689 10690
f 10693 10684 10688
f 10693 10691 10684
f 10694 10690 10695
f 10694 10692 10690
f 10696 10694 10695
f 10697 10693 10688
f 10697 10688 10689
f 10698 10699 10685
f 10698 10691 10693
f 10698 10685 10691
f 10700 10695 10701
f 10700 10696 10695
f 10702 10689 10692
f 10702 10697 10689
f 10702 10692 10694
f 10703 10698 10693
f 10704 10700 10701
f 10705 10702 10694
f 10706 10694 10696
f 10706 10705 10694
f 10707 10703 10693
f 10707 10693 10697
f 10708 10701 10709
f 10708 10704 10701
f 10710 10711 10699
f 10710 10699 10698
f 10712 10706 10696
f 10712 10696 10700
f 10713 10707 10697
f 10713 10697 10702
f 10714 10708 10709
f 10715 10710 10698
f 10715 10698 10703
f 10716 10712 10700
f 10716 10700 10704
f 10717 10713 10702
f 10717 10702 10705
f 10718 10709 10719
f 10718 10714 10709
f 10720 10705 10706
f 10720 10706 10712
f 10720 10717 10705
f 10721 10703 10707
f 10721 10707 10713
f 10721 10715 10703
f 10722 10704 10708
f 10722 10716 10704
f 10723 10718 10719
f 10724 10720 10712
f 10725 10721 10713
f 10726 10708 10714
f 10726 10722 10708
f 10727 10719 10728
f 10727 10723 10719
f 10729 10712 10716
f 10729 10716 10722
f 10729 10724 10712
f 10730 10725 10713
f 10730 10713 10717
f 10731 10714 10718
f 10731 10726 10714
f 10732 10711 10710
f 10733 10720 10724
f 10733 10717 10720
f 10733 10730 10717
f 10734 10728 10735
f 10734 10727 10728
f 10736 10729 10722
f 10737 10718 10723
f 10737 10731 10718
f 10737 10723 10727
f 10738 10711 10732
f 10738 10710 10715
f 10738 10732 10710
f 10738 10715 10721
f 10739 10724 10729
f 10739 10733 10724
f 10740 10734 10735
f 10741 10726 10731
f 10741 10722 10726
f 10741 10736 10722
f 10742 10735 10743
f 10742 10740 10735
f 10744 10727 10734
f 10744 10737 10727
f 10745 10738 10721
f 10746 10739 10729
f 10747 10741 10731
f 10748 10744 10734
f 10749 10721 10725
f 10749 10745 10721
f 10750 10746 10729
f 10750 10736 10741
f 10750 10729 10736
f 10751 10747 10731
f 10751 10731 10737
f 10752 10734 10740
f 10752 10748 10734
f 10753 10749 10725
f 10753 10725 10730
f 10753 10730 10733
f 10754 10741 10747
f 10754 10750 10741
f 10755 10740 10742
f 10755 10742 10743
f 10755 10743 10756
f 10755 10752 10740
f 10757 10744 10748
f 10757 10751 10737
f 10757 10737 10744
f 10758 10753 10733
f 10759 10754 10747
f 10760 10757 10748
f 10761 10758 10733
f 10761 10733 10739
f 10762 10751 10757
f 10762 10747 10751
f 10762 10759 10747
f 10763 10760 10748
f 10763 10748 10752
f 10763 10752 10755
f 10764 10739 10746
f 10764 10761 10739
f 10765 10755 10756
f 10765 10763 10755
f 10766 10767 10711
f 10768 10762 10757
f 10769 10746 10750
f 10769 10750 10754
f 10769 10764 10746
f 10770 10766 10711
f 10770 10711 10738
f 10771 10757 10760
f 10771 10760 10763
f 10771 10768 10757
f 10772 10769 10754
f 10773 10738 10745
f 10773 10770 10738
f 10774 10771 10763
f 10775 10754 10759
f 10775 10772 10754
f 10776 10756 10777
f 10776 10765 10756
f 10776 10777 10774
f 10776 10763 10765
f 10776 10774 10763
f 10778 10745 10749
f 10778 10773 10745
f 10779 10759 10762
f 10779 10775 10759
f 10779 10762 10768
f 10780 10781 10767
f 10780 10767 10766
f 10782 10778 10749
f 10782 10749 10753
f 10782 10753 10758
f 10783 10779 10768
f 10784 10782 10758
f 10785 10780 10766
f 10785 10766 10770
f 10785 10781 10780
f 10786 10783 10768
f 10786 10768 10771
f 10787 10784 10758
f 10787 10758 10761
f 10788 10773 10778
f 10788 10781 10785
f 10788 10785 10770
f 10788 10770 10773
f 10789 10771 10774
f 10789 10786 10771
f 10789 10774 10777
f 10790 10761 10764
f 10790 10787 10761
f 10791 10788 10778
f 10791 10781 10788
f 10792 10777 10793
f 10792 10793 10794
f 10792 10794 10789
f 10792 10789 10777
f 10795 10790 10764
f 10795 10764 10769
f 10796 10782 10784
f 10796 10791 10778
f 10796 10778 10782
f 10797 10796 10784
f 10798 10795 10769
f 10798 10769 10772
f 10799 10787 10790
f 10799 10797 10784
f 10799 10784 10787
f 10800 10798 10772
f 10800 10772 10775
f 10801 10799 10790
f 10802 10775 10779
f 10802 10800 10775
f 10803 10804 10781
f 10805 10790 10795
f 10805 10795 10798
f 10805 10801 10790
f 10806 10779 10783
f 10806 10802 10779
f 10807 10804 10803
f 10807 10803 10781
f 10808 10805 10798
f 10809 10786 10789
f 10809 10806 10783
f 10809 10783 10786
f 10810 10807 10781
f 10810 10804 10807
f 10811 10798 10800
f 10811 10808 10798
f 10812 10789 10794
f 10812 10809 10789
f 10813 10781 10791
f 10813 10804 10810
f 10813 10791 10796
f 10813 10810 10781
f 10814 10812 10794
f 10815 10800 10802
f 10815 10811 10800
f 10816 10813 10796
f 10817 10802 10806
f 10817 10815 10802
f 10818 10796 10797
f 10818 10816 10796
f 10819 10820 10817
f 10819 10817 10806
f 10819 10806 10809
f 10821 10797 10799
f 10821 10799 10801
f 10821 10818 10797
f 10822 10819 10809
f 10822 10820 10819
f 10822 10809 10812
f 10823 10821 10801
f 10824 10812 10814
f 10824 10814 10794
f 10824 10822 10812
f 10824 10820 10822
f 10824 10794 10820
f 10825 10826 10804
f 10827 10823 10801
f 10827 10801 10805
f 10828 10825 10804
f 10829 10827 10805
f 10829 10805 10808
f 10829 10808 10811
f 10830 10828 10804
f 10831 10829 10811
f 10832 10830 10804
f 10832 10804 10813
f 10833 10811 10815
f 10833 10815 10817
f 10833 10831 10811
f 10834 10835 10826
f 10834 10826 10825
f 10836 10816 10818
f 10836 10832 10813
f 10836 10813 10816
f 10837 10817 10820
f 10837 10833 10817
f 10838 10836 10818
f 10839 10834 10825
f 10839 10825 10828
f 10839 10835 10834
f 10840 10837 10820
f 10840 10841 10837
f 10842 10818 10821
f 10842 10838 10818
f 10843 10839 10828
f 10843 10828 10830
f 10844 10840 10820
f 10844 10841 10840
f 10845 10823 10827
f 10845 10842 10821
f 10845 10821 10823
f 10846 10843 10830
f 10846 10830 10832
f 10847 10820 10841
f 10847 10844 10820
f 10847 10841 10844
f 10848 10845 10827
f 10849 10832 10836
f 10849 10846 10832
f 10850 10838 10842
f 10850 10836 10838
f 10850 10849 10836
f 10851 10827 10829
f 10851 10848 10827
f 10852 10850 10842
f 10853 10829 10831
f 10853 10831 10833
f 10853 10851 10829
f 10854 10852 10842
f 10854 10842 10845
f 10854 10845 10848
f 10855 10853 10833
f 10856 10854 10848
f 10857 10855 10833
f 10857 10837 10841
f 10857 10833 10837
f 10858 10835 10839
f 10858 10839 10843
f 10858 10859 10835
f 10860 10848 10851
f 10860 10851 10853
f 10860 10856 10848
f 10861 10857 10841
f 10862 10858 10843
f 10863 10860 10853
f 10863 10853 10855
f 10864 10861 10841
f 10865 10862 10843
f 10865 10843 10846
f 10866 10841 10867
f 10866 10867 10864
f 10866 10864 10841
f 10868 10863 10855
f 10869 10865 10846
f 10869 10846 10849
f 10870 10855 10857
f 10870 10868 10855
f 10871 10869 10849
f 10871 10849 10850
f 10872 10873 10874
f 10872 10874 10835
f 10872 10835 10859
f 10875 10857 10861
f 10875 10870 10857
f 10875 10876 10870
f 10877 10850 10852
f 10877 10871 10850
f 10878 10879 10873
f 10878 10859 10858
f 10878 10872 10859
f 10878 10873 10872
f 10880 10875 10861
f 10880 10864 10867
f 10880 10861 10864
f 10880 10876 10875
f 10881 10877 10852
f 10881 10852 10854
f 10882 10867 10876
f 10882 10880 10867
f 10882 10876 10880
f 10883 10884 10879
f 10883 10862 10865
f 10883 10858 10862
f 10883 10879 10878
f 10883 10878 10858
f 10885 10854 10856
f 10885 10881 10854
f 10886 10883 10865
f 10886 10884 10883
f 10887 10856 10860
f 10887 10885 10856
f 10888 10865 10869
f 10888 10886 10865
f 10888 10884 10886
f 10889 10860 10863
f 10889 10887 10860
f 10890 10891 10884
f 10890 10869 10871
f 10890 10888 10869
f 10890 10884 10888
f 10892 10863 10868
f 10892 10889 10863
f 10893 10891 10890
f 10893 10871 10877
f 10893 10890 10871
f 10894 10868 10870
f 10894 10870 10876
f 10894 10892 10868
f 10895 10893 10877
f 10895 10896 10891
f 10895 10891 10893
f 10895 10877 10881
f 10897 10894 10876
f 10898 10899 10896
f 10898 10881 10885
f 10898 10895 10881
f 10898 10896 10895
f 10900 10901 10897
f 10900 10897 10876
f 10902 10903 10899
f 10902 10899 10898
f 10902 10898 10885
f 10902 10885 10887
f 10902 10887 10889
f 10904 10901 10900
f 10904 10900 10876
f 10904 10876 10901
f 10905 10902 10889
f 10905 10903 10902
f 10906 10889 10892
f 10906 10907 10903
f 10906 10905 10889
f 10906 10892 10894
f 10906 10903 10905
f 10908 10907 10906
f 10908 10906 10894
f 10909 10910 10907
f 10909 10897 10901
f 10909 10894 10897
f 10909 10907 10908
f 10909 10908 10894
f 10911 10909 10901
f 10911 10910 10909
f 10912 10913 10914
f 10912 10914 10910
f 10912 10901 10913
f 10912 10910 10911
f 10912 10911 10901
f 10915 10916 10917
f 10918 10919 10920
f 10921 10922 10923
f 10924 10922 10921
f 10925 10924 10921
f 10925 10921 10926
f 10927 10928 10922
f 10927 10924 10925
f 10927 10922 10924
f 10929 10927 10925
f 10930 10931 10928
f 10930 10928 10927
f 10932 10930 10927
f 10932 10927 10929
f 10933 10930 10932
f 10933 10931 10930
f 10934 10933 10932
f 10935 10936 10931
f 10935 10931 10933
f 10937 10935 10933
f 10937 10933 10934
f 10938 10939 10936
f 10938 10936 10935
f 10940 10938 10935
f 10940 10935 10937
f 10941 10917 10939
f 10941 10939 10938
f 10942 10941 10938
f 10942 10938 10940
f 10943 10944 10945
f 10943 10945 10915
f 10943 10915 10917
f 10943 10917 10941
f 10946 10941 10942
f 10946 10943 10941
f 10947 10948 10949
f 10947 10949 10950
f 10947 10950 10951
f 10952 10947 10951
f 10952 10948 10947
f 10953 10923 10948
f 10953 10948 10952
f 10954 10952 10951
f 10954 10953 10952
f 10954 10926 10953
f 10955 10951 10956
f 10955 10956 10957
f 10955 10954 10951
f 10958 10923 10953
f 10958 10953 10926
f 10958 10921 10923
f 10958 10926 10921
f 10959 10926 10954
f 10959 10954 10955
f 10960 10957 10961
f 10960 10955 10957
f 10962 10959 10955
f 10962 10955 10960
f 10963 10962 10960
f 10964 10961 10965
f 10964 10965 10966
f 10967 10960 10961
f 10967 10961 10964
f 10967 10963 10960
f 10968 10967 10964
f 10969 10966 10970
f 10969 10970 10971
f 10969 10964 10966
f 10969 10968 10964
f 10972 10973 10974
f 10975 10929 10925
f 10975 10925 10976
f 10977 10976 10973
f 10977 10975 10976
f 10978 10975 10977
f 10979 10929 10975
f 10979 10932 10929
f 10980 10975 10978
f 10980 10979 10975
f 10980 10978 10981
f 10982 10979 10980
f 10983 10934 10932
f 10983 10932 10979
f 10983 10979 10982
f 10984 10983 10982
f 10985 10986 10987
f 10985 10984 10982
f 10988 10937 10934
f 10988 10934 10983
f 10989 10988 10983
f 10989 10983 10984
f 10990 10988 10989
f 10991 10937 10988
f 10991 10940 10937
f 10992 10988 10990
f 10992 10990 10993
f 10992 10991 10988
f 10994 10991 10992
f 10995 10940 10991
f 10995 10942 10940
f 10995 10991 10994
f 10996 10995 10994
f 10997 10998 10999
f 10997 10996 10994
f 11000 10995 10996
f 11000 10996 10997
f 11001 10946 10942
f 11001 10942 10995
f 11002 10995 11000
f 11002 11001 10995
f 11003 10999 11004
f 11003 10997 10999
f 11003 11000 10997
f 11003 11002 11000
f 11005 11001 11002
f 11006 10943 10946
f 11006 11007 10944
f 11006 10944 10943
f 11008 11009 11007
f 11008 11010 11011
f 11008 11007 11006
f 11008 11006 11010
f 11012 11013 11014
f 11012 11014 11009
f 11012 11009 11008
f 11012 11008 11011
f 11015 11005 11002
f 11015 11004 10920
f 11015 11002 11003
f 11015 11003 11004
f 11015 11016 11005
f 11017 11013 11012
f 11017 11012 11011
f 11017 11016 11015
f 11018 11015 10920
f 11018 10919 11019
f 11018 11017 11015
f 11018 10920 10919
f 11020 11019 11021
f 11020 11021 11013
f 11020 11018 11019
f 11020 11013 11017
f 11020 11017 11018
f 11022 10926 10959
f 11022 10959 10962
f 11022 10962 10963
f 11022 10963 10967
f 11022 10967 10974
f 11023 10926 11022
f 11023 11022 10974
f 11024 10973 10976
f 11024 10976 10925
f 11024 10974 10973
f 11024 10926 11023
f 11024 11023 10974
f 11024 10925 10926
f 11025 10967 10968
f 11025 10969 10971
f 11025 10968 10969
f 11025 10974 10967
f 11026 11025 10971
f 11026 10974 11025
f 11027 10971 11028
f 11027 10972 10974
f 11027 11026 10971
f 11027 10974 11026
f 11029 11027 11028
f 11029 10973 10972
f 11029 10977 10973
f 11029 10972 11027
f 11030 10977 11029
f 11030 11029 11028
f 11031 10986 10981
f 11031 11030 11028
f 11031 11028 10986
f 11031 10977 11030
f 11031 10978 10977
f 11031 10981 10978
f 11032 10981 10986
f 11032 10980 10981
f 11033 11032 10986
f 11033 10980 11032
f 11034 10986 10985
f 11034 10985 10982
f 11034 11033 10986
f 11034 10980 11033
f 11034 10982 10980
f 11035 10985 10987
f 11035 10989 10984
f 11035 10984 10985
f 11036 11035 10987
f 11036 10989 11035
f 11037 10990 10989
f 11037 10993 10990
f 11037 10998 10993
f 11037 10987 10998
f 11037 11036 10987
f 11037 10989 11036
f 11038 10992 10993
f 11038 10993 10998
f 11039 10992 11038
f 11039 11038 10998
f 11040 10994 10992
f 11040 10992 11039
f 11040 10998 10997
f 11040 11039 10998
f 11040 10997 10994
f 11041 11001 11005
f 11041 10946 11001
f 11042 10946 11041
f 11043 10946 11042
f 11044 11043 11042
f 11044 11042 11041
f 11044 11005 11016
f 11044 11041 11005
f 11045 11043 11044
f 11045 10946 11043
f 11045 11044 11016
f 11045 11011 11010
f 11045 11006 10946
f 11045 11010 11006
f 11045 11017 11011
f 11045 11016 11017
