# PUBLIC SHELL OBJ - display only, not CAD source
# Precision intentionally degraded; multi-part structure removed
o shell
v -20.314 -24.603 -7.834
v -17.308 -24.634 -7.775
v -17.307 -24.604 -7.835
v -20.374 -24.633 -7.774
v -17.304 -24.75 -7.297
v -20.847 -24.899 -7.207
v -20.849 -24.989 -7.208
v -20.879 -24.96 -7.208
v -20.911 -24.872 -7.209
v -20.817 -24.869 -7.206
v -17.309 -24.873 -7.21
v -20.876 -24.779 -7.236
v -20.849 -24.781 -7.267
v -20.819 -24.751 -7.297
v -20.847 -24.869 -7.206
v -17.303 -25.018 -7.237
v -20.824 -25.022 -7.24
v -20.373 -25.317 -7.595
v -17.309 -25.32 -7.597
v -20.343 -25.377 -7.655
v -20.31 -25.434 -7.653
v -20.314 -25.497 -7.655
v -17.303 -25.554 -7.624
v -17.308 -25.439 -7.656
v -20.311 -25.554 -7.624
v -20.372 -25.585 -7.535
v -17.302 -25.643 -7.058
v -20.821 -25.646 -7.06
v -17.307 -25.587 -7.537
v -20.853 -25.766 -6.912
v -20.852 -25.885 -6.941
v -20.879 -25.853 -6.91
v -20.914 -25.767 -6.942
v -20.816 -25.762 -6.938
v -17.308 -25.767 -6.942
v -17.308 -25.915 -6.971
v -20.878 -25.674 -6.969
v -20.852 -25.677 -7.001
v -20.848 -25.763 -6.939
v -20.824 -25.916 -6.972
v -17.301 -26.268 -7.266
v -20.347 -26.303 -7.299
v -20.37 -26.268 -7.266
v -20.313 -26.359 -7.297
v -20.311 -26.418 -7.296
v -17.306 -26.479 -7.268
v -17.304 -26.359 -7.297
v -20.313 -26.479 -7.267
v -20.348 -26.512 -7.21
v -20.369 -26.506 -7.147
v -20.82 -26.509 -6.672
v -17.306 -26.51 -7.149
v -20.853 -26.631 -6.525
v -20.819 -26.747 -6.552
v -20.848 -26.716 -6.552
v -20.878 -26.687 -6.522
v -20.906 -26.596 -6.551
v -20.822 -26.6 -6.554
v -17.307 -26.51 -6.673
v -17.308 -26.6 -6.554
v -20.876 -26.536 -6.611
v -20.849 -26.538 -6.642
v -20.854 -26.601 -6.555
v -17.302 -26.745 -6.551
v -20.376 -27.167 -6.822
v -17.305 -27.164 -6.821
v -17.303 -29.813 -3.424
v -20.373 -30.083 -3.813
v -20.821 -29.816 -3.426
v -20.346 -27.196 -6.852
v -20.315 -27.255 -6.852
v -20.318 -27.316 -6.853
v -17.306 -27.343 -6.821
v -17.302 -27.251 -6.849
v -20.316 -27.344 -6.822
v -20.31 -30.11 -3.96
v -17.309 -30.086 -4.023
v -20.31 -30.081 -4.019
v -17.303 -30.082 -3.811
v -17.304 -30.112 -3.901
v -20.316 -30.115 -3.903
v -20.34 -30.111 -3.87
v -17.307 -27.404 -6.673
v -20.345 -27.374 -6.733
v -20.346 -30.026 -4.052
v -17.306 -29.935 -4.051
v -17.307 -27.344 -6.196
v -20.369 -27.4 -6.67
v -20.822 -27.344 -6.196
v -20.82 -29.458 -4.021
v -20.377 -29.937 -4.053
v -20.847 -27.401 -6.045
v -20.846 -27.519 -6.044
v -20.876 -27.46 -6.045
v -20.91 -27.403 -6.076
v -20.819 -27.402 -6.076
v -17.308 -27.404 -6.078
v -20.878 -27.342 -6.135
v -20.853 -27.345 -6.167
v -20.846 -27.4 -6.074
v -20.846 -29.336 -4.049
v -20.849 -29.427 -4.021
v -20.88 -29.399 -4.021
v -20.91 -29.339 -4.081
v -20.82 -29.338 -4.08
v -17.301 -29.306 -4.227
v -17.302 -29.337 -4.079
v -17.308 -29.46 -4.022
v -20.878 -29.308 -4.169
v -20.846 -29.306 -4.198
v -20.821 -29.31 -4.23
v -20.846 -29.336 -4.079
v -17.309 -27.554 -6.048
v -20.818 -27.55 -6.046
v -20.342 -28.027 -6.284
v -17.304 -27.967 -6.284
v -20.372 -27.968 -6.284
v -20.317 -28.06 -6.286
v -20.313 -28.117 -6.284
v -17.309 -28.15 -6.257
v -20.316 -28.149 -6.256
v -20.31 -29.544 -4.794
v -17.303 -29.515 -4.824
v -20.316 -29.519 -4.827
v -17.302 -29.545 -4.645
v -20.316 -29.578 -4.737
v -20.347 -29.579 -4.708
v -20.37 -29.545 -4.645
v -20.344 -28.207 -6.166
v -20.377 -28.209 -6.108
v -20.347 -29.46 -4.887
v -17.303 -29.397 -4.884
v -20.818 -28.086 -5.629
v -17.301 -28.204 -6.104
v -17.309 -28.924 -4.768
v -20.823 -28.924 -4.767
v -20.375 -29.4 -4.886
v -20.851 -28.148 -5.481
v -20.819 -28.265 -5.45
v -20.853 -28.239 -5.452
v -20.879 -28.206 -5.45
v -20.912 -28.119 -5.482
v -20.82 -28.117 -5.48
v -17.302 -28.085 -5.628
v -17.302 -28.115 -5.479
v -17.302 -28.264 -5.449
v -20.883 -28.09 -5.572
v -20.852 -28.059 -5.601
v -20.85 -28.118 -5.481
v -20.85 -28.773 -4.796
v -20.85 -28.862 -4.766
v -20.881 -28.833 -4.767
v -20.912 -28.774 -4.826
v -20.82 -28.772 -4.825
v -17.304 -28.772 -4.825
v -20.88 -28.744 -4.885
v -20.851 -28.744 -4.945
v -20.816 -28.74 -4.972
v -20.854 -28.776 -4.827
v -20.369 -28.71 -5.627
v -17.302 -28.711 -5.628
v -17.305 -28.742 -4.974
v -20.313 -28.802 -5.629
v -17.31 -28.895 -5.572
v -20.314 -28.892 -5.57
v -17.309 -28.924 -5.423
v -20.314 -28.922 -5.51
v -20.369 -28.919 -5.419
v -15.995 -26.866 3.723
v -15.998 -27.941 6.224
v -15.992 -29.069 5.303
v -15.993 -27.52 2.92
v -15.999 -30.026 4.168
v -15.994 -26.062 4.379
v -15.992 -26.656 6.941
v -15.995 -27.998 1.996
v -15.996 -30.71 2.859
v -15.994 -25.168 4.855
v -15.991 -25.226 7.359
v -15.998 -28.299 1.011
v -15.998 -31.128 1.458
v -15.995 -24.186 5.153
v -15.994 -23.768 7.506
v -15.994 -23.143 5.243
v -15.994 -28.415 0
v -15.996 -31.276 -0.001
v -15.996 -31.126 -1.46
v -15.996 -22.251 5.182
v -15.997 -28.298 -1.014
v -15.998 -30.711 -2.861
v -15.999 -21.389 4.942
v -15.993 -27.997 -1.995
v -15.991 -30.021 -4.168
v -15.991 -17.988 7.508
v -15.991 -20.549 4.559
v -15.992 -27.519 -2.917
v -15.991 -19.805 4.053
v -15.995 -29.071 -5.302
v -15.995 -26.867 -3.723
v -15.994 -19.181 3.426
v -15.993 -27.938 -6.224
v -15.997 -26.064 -4.379
v -15.996 -18.647 2.71
v -15.991 -18.256 1.879
v -15.997 -26.66 -6.941
v -15.996 -25.169 -4.855
v -15.998 -25.231 -7.359
v -15.991 -24.183 -5.151
v -15.995 -23.769 -7.506
v -15.991 -21.383 -4.943
v -15.992 -22.248 -5.181
v -15.996 -23.144 -5.243
v -15.994 -17.99 -7.506
v -15.996 -18.259 -1.877
v -15.991 -18.643 -2.708
v -15.997 -19.184 -3.427
v -15.998 -19.81 -4.052
v -15.998 -20.554 -4.559
v -15.999 -17.993 -1.015
v -15.999 -17.993 1.011
v -20.816 -29.932 3.189
v -20.376 -30.205 3.573
v -17.304 -30.201 3.575
v -20.854 -29.907 3.066
v -20.847 -29.903 3.159
v -20.883 -29.907 3.126
v -20.913 -29.907 3.036
v -20.822 -29.906 3.037
v -17.303 -30.022 2.95
v -17.305 -29.904 3.038
v -17.306 -29.935 3.187
v -20.881 -29.965 2.978
v -20.852 -29.996 2.947
v -20.848 -29.904 3.039
v -20.817 -30.021 2.95
v -20.346 -30.621 2.68
v -20.309 -30.646 2.713
v -20.317 -30.651 2.798
v -17.309 -30.503 2.917
v -17.303 -30.618 2.801
v -20.315 -30.591 2.888
v -20.342 -30.559 2.89
v -20.375 -30.502 2.918
v -20.82 -30.262 2.323
v -20.372 -30.618 2.652
v -17.305 -30.619 2.651
v -20.848 -30.231 2.175
v -20.848 -30.231 2.294
v -20.878 -30.231 2.235
v -20.91 -30.233 2.174
v -20.823 -30.234 2.173
v -17.303 -30.23 2.176
v -17.305 -30.262 2.323
v -20.879 -30.291 2.085
v -20.85 -30.322 2.055
v -20.848 -30.231 2.175
v -17.308 -30.353 2.054
v -20.818 -30.35 2.056
v -17.309 -30.83 1.964
v -20.343 -30.917 1.758
v -17.303 -30.886 1.699
v -20.317 -30.95 1.785
v -20.314 -30.917 1.876
v -17.302 -30.915 1.848
v -20.343 -30.887 1.936
v -20.343 -30.857 1.966
v -20.374 -30.828 1.966
v -20.371 -30.886 1.699
v -20.373 -30.887 1.698
v -20.822 -30.502 1.399
v -17.307 -30.888 1.697
v -20.848 -30.44 1.281
v -20.852 -30.472 1.369
v -20.876 -30.438 1.342
v -20.912 -30.443 1.25
v -20.818 -30.439 1.252
v -17.304 -30.44 1.252
v -17.302 -30.498 1.402
v -20.876 -30.468 1.193
v -20.85 -30.501 1.161
v -20.851 -30.442 1.25
v -17.304 -30.529 1.133
v -20.37 -31.004 0.985
v -20.82 -30.53 1.132
v -20.316 -31.098 0.803
v -17.308 -31.068 0.743
v -20.317 -31.098 0.892
v -17.302 -31.004 0.985
v -17.305 -31.096 0.894
v -20.346 -31.068 0.952
v -20.345 -31.067 0.744
v -20.375 -31.038 0.714
v -17.304 -31.036 0.715
v -20.851 -30.561 0.357
v -20.819 -30.619 0.477
v -20.85 -30.59 0.447
v -20.876 -30.558 0.419
v -20.909 -30.53 0.328
v -20.822 -30.531 0.327
v -17.303 -30.618 0.21
v -17.309 -30.533 0.326
v -17.303 -30.618 0.478
v -20.878 -30.559 0.239
v -20.852 -30.591 0.237
v -20.853 -30.532 0.326
v -20.371 -31.065 0.001
v -20.823 -30.621 0.207
v -20.315 -31.157 -0.18
v -17.302 -31.094 -0.237
v -20.341 -31.094 -0.237
v -17.306 -31.156 -0.119
v -20.311 -31.154 -0.118
v -17.307 -31.067 -0.001
v -20.34 -31.124 -0.028
v -20.372 -31.065 -0.267
v -17.303 -31.065 -0.267
v -20.851 -30.531 -0.567
v -20.817 -30.618 -0.475
v -20.85 -30.59 -0.477
v -20.879 -30.56 -0.506
v -20.91 -30.531 -0.596
v -20.822 -30.532 -0.597
v -17.305 -30.53 -0.596
v -17.307 -30.621 -0.477
v -20.884 -30.563 -0.687
v -20.847 -30.558 -0.714
v -20.853 -30.532 -0.597
v -17.303 -30.588 -0.743
v -20.369 -31.004 -0.981
v -20.818 -30.588 -0.744
v -20.315 -31.067 -1.162
v -17.307 -31.037 -1.222
v -17.307 -31.008 -0.984
v -17.301 -31.063 -1.1
v -20.311 -31.064 -1.101
v -20.342 -31.035 -1.042
v -20.315 -31.037 -1.222
v -20.371 -30.975 -1.28
v -20.824 -30.503 -1.402
v -17.308 -30.979 -1.282
v -20.849 -30.411 -1.489
v -20.846 -30.468 -1.428
v -20.875 -30.438 -1.428
v -20.913 -30.383 -1.521
v -20.818 -30.38 -1.518
v -17.303 -30.379 -1.518
v -17.309 -30.503 -1.402
v -20.879 -30.411 -1.608
v -20.848 -30.41 -1.637
v -20.846 -30.378 -1.517
v -17.309 -30.443 -1.67
v -20.821 -30.441 -1.668
v -17.307 -30.829 -1.967
v -20.315 -30.858 -2.145
v -17.303 -30.827 -2.203
v -20.31 -30.826 -2.202
v -17.307 -30.859 -2.086
v -20.314 -30.858 -2.085
v -20.342 -30.857 -2.025
v -20.377 -30.83 -1.968
v -17.305 -30.738 -2.234
v -20.374 -30.739 -2.234
v -20.822 -30.263 -2.324
v -20.853 -30.145 -2.385
v -20.846 -30.23 -2.321
v -20.884 -30.205 -2.355
v -20.912 -30.145 -2.414
v -20.824 -30.145 -2.414
v -17.304 -30.171 -2.561
v -17.304 -30.142 -2.412
v -17.302 -30.26 -2.322
v -20.88 -30.143 -2.502
v -20.847 -30.141 -2.53
v -20.821 -30.174 -2.562
v -20.853 -30.145 -2.414
v -20.315 -30.531 -3.069
v -17.302 -30.498 -3.126
v -17.309 -30.503 -2.921
v -17.303 -30.558 -3.007
v -20.312 -30.558 -3.007
v -20.343 -30.529 -2.978
v -20.377 -30.503 -2.921
v -20.343 -30.44 -3.157
v -20.37 -30.408 -3.155
v -17.304 -30.41 -3.157
v -20.851 -29.816 -3.247
v -20.821 -29.935 -3.187
v -20.846 -29.872 -3.185
v -20.881 -29.846 -3.217
v -20.905 -29.783 -3.274
v -20.823 -29.787 -3.278
v -17.303 -29.813 -3.424
v -17.307 -29.787 -3.277
v -17.302 -29.932 -3.185
v -20.877 -29.783 -3.364
v -20.853 -29.787 -3.397
v -20.851 -29.786 -3.277
v -17.308 -26.749 -3.486
v -14.294 -27.341 -2.709
v -14.301 -26.75 -3.487
v -17.309 -27.792 -1.849
v -14.293 -27.817 -1.785
v -17.306 -28.118 -0.566
v -14.298 -28.148 -0.12
v -17.305 -28.087 0.715
v -14.295 -27.907 1.55
v -17.309 -27.793 1.845
v -14.299 -27.166 2.977
v -17.303 -27.252 2.86
v -17.301 -26.476 3.725
v -14.299 -26.094 4.05
v -17.303 -25.524 4.38
v -14.3 -24.665 4.764
v -17.304 -24.453 4.826
v -17.308 -23.324 5.002
v -14.297 -22.964 5.004
v -17.304 -22.16 4.915
v -14.3 -21.15 4.585
v -17.302 -21.056 4.529
v -17.301 -20.281 4.083
v -14.301 -19.572 3.483
v -17.305 -19.569 3.485
v -20.823 -18.022 5.449
v -20.882 -18.112 5.449
v -21.294 -18.137 4.886
v -20.905 -18.196 5.482
v -20.374 -17.574 5.629
v -20.312 -17.423 5.571
v -20.312 -17.513 5.63
v -21.295 -18.942 5.6
v -20.88 -18.229 5.57
v -20.816 -18.226 5.631
v -20.817 -18.763 6.048
v -20.377 -18.112 6.104
v -20.882 -18.856 6.045
v -20.908 -18.942 6.077
v -20.878 -18.972 6.137
v -20.374 -18.318 6.284
v -20.312 -18.109 6.166
v -20.314 -18.259 6.284
v -20.313 -18.169 6.255
v -21.296 -19.985 6.225
v -20.88 -19.629 6.523
v -20.823 -19.541 6.551
v -20.824 -18.976 6.193
v -20.369 -18.911 6.674
v -20.88 -19.748 6.582
v -20.822 -19.779 6.671
v -20.374 -19.152 6.82
v -20.318 -18.917 6.759
v -20.314 -19.063 6.85
v -20.317 -18.976 6.819
v -20.818 -20.402 6.971
v -20.88 -20.493 6.91
v -20.907 -20.55 6.941
v -20.372 -19.777 7.149
v -20.371 -20.044 7.269
v -20.312 -19.806 7.239
v -20.316 -19.958 7.296
v -20.311 -19.865 7.299
v -21.299 -21.745 6.849
v -20.876 -20.609 6.972
v -20.883 -21.388 7.206
v -20.821 -21.297 7.237
v -20.821 -20.642 7.058
v -20.905 -21.443 7.21
v -20.37 -20.698 7.537
v -20.883 -21.508 7.236
v -20.371 -20.967 7.596
v -20.315 -20.731 7.595
v -20.313 -20.909 7.655
v -20.312 -20.819 7.655
v -20.817 -22.218 7.418
v -20.822 -21.566 7.296
v -20.909 -22.309 7.357
v -20.911 -22.4 7.356
v -20.372 -21.683 7.775
v -20.375 -21.953 7.833
v -20.31 -21.711 7.835
v -20.316 -21.894 7.862
v -20.311 -21.801 7.894
v -20.878 -23.201 7.447
v -20.883 -22.461 7.385
v -20.906 -23.26 7.388
v -20.818 -23.142 7.477
v -20.824 -22.491 7.444
v -21.295 -23.946 6.941
v -20.881 -23.323 7.416
v -20.849 -23.381 7.447
v -20.377 -22.669 7.891
v -20.37 -22.932 7.925
v -20.317 -22.699 7.951
v -20.312 -22.874 7.983
v -20.31 -22.783 7.984
v -20.876 -24.124 7.359
v -20.906 -24.183 7.329
v -20.816 -24.094 7.419
v -20.823 -23.414 7.475
v -20.88 -24.275 7.327
v -20.376 -23.652 7.892
v -20.37 -23.915 7.865
v -20.31 -23.707 7.954
v -20.314 -23.888 7.952
v -20.311 -23.796 7.984
v -20.882 -25.052 7.177
v -20.852 -24.336 7.356
v -20.913 -25.111 7.147
v -20.822 -25.021 7.237
v -20.822 -24.366 7.386
v -20.373 -24.632 7.774
v -20.374 -24.901 7.714
v -20.317 -24.694 7.832
v -20.313 -24.87 7.774
v -20.311 -24.78 7.835
v -21.301 -26.303 6.253
v -20.877 -25.941 6.882
v -20.877 -25.197 7.15
v -20.818 -25.257 7.179
v -20.909 -26.002 6.821
v -20.822 -25.915 6.939
v -20.821 -25.259 7.178
v -20.881 -26.093 6.82
v -20.377 -25.618 7.534
v -20.37 -25.851 7.448
v -20.316 -25.677 7.564
v -20.313 -25.824 7.506
v -20.316 -25.766 7.564
v -20.884 -26.78 6.491
v -20.824 -26.154 6.849
v -20.912 -26.838 6.432
v -20.818 -26.746 6.554
v -20.88 -26.926 6.404
v -20.37 -26.536 7.15
v -20.375 -26.778 7.029
v -20.314 -26.599 7.178
v -20.316 -26.749 7.117
v -20.313 -26.688 7.178
v -20.878 -27.55 5.988
v -20.819 -26.985 6.434
v -20.912 -27.613 5.896
v -20.824 -27.554 6.045
v -20.373 -27.402 6.672
v -20.376 -27.613 6.521
v -20.312 -27.61 6.613
v -20.316 -27.464 6.7
v -20.313 -27.551 6.672
v -21.301 -28.358 4.674
v -20.879 -28.266 5.391
v -20.88 -27.701 5.867
v -20.824 -27.763 5.896
v -20.907 -28.324 5.303
v -20.822 -28.268 5.45
v -20.879 -28.385 5.272
v -20.373 -28.207 6.106
v -20.373 -28.415 5.927
v -20.313 -28.415 5.987
v -20.31 -28.264 6.108
v -20.311 -28.353 6.078
v -20.884 -28.895 4.704
v -20.911 -28.953 4.616
v -20.817 -28.919 4.767
v -20.819 -28.474 5.273
v -20.376 -29.102 5.211
v -20.37 -28.919 5.422
v -20.315 -29.131 5.301
v -20.312 -29.01 5.422
v -20.314 -29.071 5.361
v -20.878 -29.457 3.932
v -20.883 -29.013 4.555
v -20.905 -29.455 3.844
v -20.823 -29.46 4.019
v -20.82 -29.07 4.557
v -20.373 -29.726 4.438
v -20.376 -29.549 4.645
v -20.316 -29.728 4.496
v -20.316 -29.638 4.645
v -20.316 -29.698 4.586
v -21.299 -29.698 2.501
v -20.883 -29.907 3.126
v -20.876 -29.544 3.785
v -20.913 -29.907 3.036
v -20.816 -29.604 3.785
v -20.881 -29.965 2.978
v -20.37 -30.081 3.814
v -20.318 -30.235 3.632
v -20.315 -30.174 3.782
v -20.312 -30.231 3.724
v -20.878 -30.231 2.235
v -20.91 -30.233 2.174
v -20.373 -30.619 2.651
v -20.313 -30.589 2.89
v -20.309 -30.646 2.713
v -20.317 -30.651 2.798
v -20.876 -30.438 1.342
v -20.879 -30.291 2.085
v -20.912 -30.443 1.25
v -20.343 -30.887 1.936
v -20.318 -30.95 1.785
v -20.314 -30.917 1.876
v -21.293 -30.141 -0.028
v -20.876 -30.468 1.193
v -20.876 -30.558 0.419
v -20.91 -30.531 0.327
v -20.88 -30.56 0.238
v -20.344 -31.066 0.953
v -20.316 -31.098 0.803
v -20.315 -31.097 0.893
v -20.881 -30.561 -0.507
v -20.906 -30.528 -0.594
v -20.312 -31.154 -0.178
v -20.343 -31.126 -0.03
v -20.316 -31.157 -0.12
v -20.884 -30.443 -1.432
v -20.884 -30.563 -0.687
v -20.913 -30.383 -1.521
v -20.311 -31.064 -1.101
v -20.316 -31.068 -1.163
v -21.3 -29.669 -2.593
v -20.879 -30.411 -1.608
v -20.884 -30.205 -2.355
v -20.912 -30.145 -2.414
v -20.88 -30.143 -2.502
v -20.314 -30.858 -2.085
v -20.315 -30.858 -2.145
v -20.883 -29.847 -3.219
v -20.907 -29.784 -3.275
v -20.877 -29.783 -3.364
v -20.317 -30.562 -3.01
v -20.317 -30.502 -3.129
v -20.88 -29.399 -4.021
v -20.82 -29.458 -4.021
v -20.821 -29.816 -3.426
v -20.909 -29.338 -4.08
v -20.377 -29.937 -4.053
v -20.373 -30.083 -3.813
v -20.346 -30.026 -4.052
v -20.316 -30.115 -3.903
v -20.31 -30.081 -4.019
v -20.823 -28.924 -4.767
v -20.881 -28.833 -4.766
v -20.878 -29.308 -4.169
v -20.821 -29.31 -4.23
v -21.299 -28.179 -4.886
v -20.912 -28.774 -4.826
v -20.877 -28.741 -4.883
v -20.375 -29.4 -4.886
v -20.37 -29.545 -4.645
v -20.347 -29.46 -4.887
v -20.31 -29.574 -4.734
v -20.316 -29.519 -4.827
v -20.816 -28.74 -4.972
v -20.369 -28.919 -5.419
v -20.314 -28.892 -5.57
v -20.312 -28.921 -5.51
v -20.346 -24.903 7.743
v -20.374 -24.901 7.714
v -20.313 -24.87 7.774
v -20.312 -24.78 7.834
v -17.302 -24.63 7.776
v -17.304 -24.781 7.834
v -20.314 -24.692 7.834
v -20.345 -24.664 7.803
v -20.373 -24.632 7.774
v -17.302 -25.018 7.239
v -17.302 -24.898 7.716
v -20.822 -25.021 7.237
v -17.308 -25.111 7.147
v -20.824 -25.112 7.147
v -20.847 -25.018 7.209
v -20.881 -25.051 7.177
v -20.818 -25.257 7.179
v -17.303 -25.257 7.179
v -20.851 -25.11 7.148
v -20.913 -25.111 7.147
v -20.849 -25.138 7.119
v -20.877 -25.197 7.15
v -20.847 -25.226 7.15
v -17.306 -25.616 7.536
v -20.821 -25.259 7.178
v -20.343 -25.854 7.476
v -20.37 -25.851 7.448
v -20.313 -25.824 7.506
v -20.317 -25.766 7.564
v -17.309 -25.767 7.564
v -20.316 -25.677 7.564
v -20.347 -25.648 7.534
v -20.377 -25.618 7.534
v -20.822 -25.915 6.939
v -17.308 -25.855 7.445
v -20.853 -25.975 6.849
v -20.851 -25.914 6.91
v -20.876 -25.941 6.882
v -20.909 -26.002 6.821
v -20.82 -26.002 6.821
v -17.304 -26.002 6.821
v -17.305 -25.913 6.94
v -20.881 -26.093 6.82
v -20.849 -26.122 6.821
v -20.824 -26.154 6.849
v -20.848 -26.002 6.822
v -17.303 -26.15 6.852
v -20.347 -26.779 7.087
v -20.375 -26.778 7.029
v -20.316 -26.749 7.117
v -20.31 -26.685 7.18
v -17.306 -26.539 7.148
v -17.305 -26.688 7.178
v -20.318 -26.601 7.176
v -20.343 -26.569 7.178
v -20.37 -26.536 7.15
v -20.818 -26.746 6.554
v -17.303 -26.775 7.031
v -20.853 -26.809 6.432
v -20.851 -26.748 6.522
v -20.884 -26.78 6.491
v -20.909 -26.836 6.434
v -20.819 -26.836 6.434
v -17.303 -26.984 6.435
v -17.303 -26.835 6.435
v -17.305 -26.747 6.553
v -20.88 -26.926 6.404
v -20.853 -26.958 6.402
v -20.819 -26.985 6.434
v -20.854 -26.839 6.432
v -17.309 -27.405 6.67
v -20.341 -27.609 6.584
v -17.302 -27.609 6.524
v -20.312 -27.61 6.613
v -20.312 -27.55 6.673
v -17.306 -27.552 6.672
v -20.31 -27.459 6.704
v -20.344 -27.433 6.701
v -20.373 -27.402 6.672
v -17.305 -27.551 6.046
v -20.376 -27.613 6.521
v -20.852 -27.583 5.926
v -20.824 -27.554 6.045
v -20.854 -27.554 6.015
v -20.878 -27.55 5.988
v -20.912 -27.613 5.896
v -20.824 -27.614 5.896
v -17.303 -27.609 5.899
v -20.88 -27.701 5.867
v -20.846 -27.727 5.87
v -20.824 -27.763 5.896
v -20.848 -27.61 5.898
v -17.306 -27.76 5.897
v -20.344 -28.416 5.957
v -20.373 -28.415 5.927
v -20.313 -28.415 5.987
v -20.317 -28.358 6.074
v -17.303 -28.205 6.107
v -17.308 -28.358 6.075
v -20.316 -28.268 6.105
v -20.344 -28.237 6.106
v -20.373 -28.207 6.106
v -17.306 -28.267 5.45
v -20.822 -28.268 5.45
v -17.309 -28.418 5.925
v -20.847 -28.294 5.333
v -20.851 -28.267 5.42
v -20.879 -28.266 5.391
v -20.913 -28.329 5.3
v -20.821 -28.327 5.301
v -17.302 -28.473 5.273
v -17.304 -28.325 5.302
v -20.879 -28.385 5.272
v -20.847 -28.414 5.273
v -20.819 -28.474 5.273
v -20.854 -28.329 5.3
v -20.37 -28.919 5.422
v -20.341 -29.128 5.244
v -17.302 -29.098 5.214
v -20.315 -29.131 5.301
v -20.314 -29.071 5.361
v -17.307 -28.923 5.42
v -17.305 -29.071 5.361
v -20.313 -29.011 5.421
v -20.342 -28.95 5.422
v -17.308 -28.924 4.764
v -20.376 -29.102 5.211
v -20.851 -28.922 4.646
v -20.817 -28.919 4.767
v -20.849 -28.891 4.736
v -20.884 -28.895 4.704
v -20.91 -28.952 4.616
v -20.823 -28.954 4.615
v -17.309 -29.073 4.555
v -17.306 -28.952 4.616
v -20.88 -29.011 4.557
v -20.849 -29.04 4.558
v -20.847 -28.949 4.618
v -20.82 -29.07 4.557
v -20.343 -29.726 4.468
v -20.316 -29.728 4.496
v -20.318 -29.699 4.585
v -17.302 -29.545 4.648
v -17.309 -29.698 4.585
v -20.317 -29.639 4.645
v -20.341 -29.605 4.647
v -20.376 -29.549 4.645
v -17.302 -29.456 4.023
v -20.823 -29.46 4.019
v -20.373 -29.726 4.438
v -17.306 -29.726 4.438
v -20.846 -29.455 3.874
v -20.849 -29.457 3.962
v -20.88 -29.458 3.931
v -20.905 -29.455 3.844
v -20.821 -29.458 3.842
v -17.305 -29.606 3.783
v -17.307 -29.459 3.842
v -20.877 -29.545 3.784
v -20.852 -29.579 3.781
v -20.851 -29.458 3.842
v -20.816 -29.604 3.785
v -20.342 -30.231 3.605
v -17.304 -30.201 3.575
v -20.376 -30.205 3.573
v -20.318 -30.235 3.632
v -20.314 -30.233 3.723
v -17.307 -30.084 3.812
v -17.308 -30.234 3.722
v -20.313 -30.172 3.783
v -20.347 -30.145 3.811
v -20.37 -30.081 3.814
v -20.347 -16.057 -3.606
v -17.305 -16.084 -3.574
v -20.374 -16.085 -3.575
v -20.311 -16.052 -3.632
v -20.317 -16.086 -3.725
v -17.309 -16.087 -3.725
v -20.316 -16.145 -3.784
v -20.342 -16.172 -3.812
v -20.373 -16.203 -3.812
v -17.306 -16.204 -3.813
v -20.847 -16.856 -3.871
v -20.818 -16.828 -4.02
v -20.846 -16.856 -3.96
v -20.877 -16.857 -3.93
v -20.91 -16.829 -3.842
v -20.818 -16.827 -3.841
v -17.303 -16.708 -3.782
v -17.303 -16.827 -3.841
v -17.305 -16.828 -4.021
v -20.878 -16.768 -3.782
v -20.852 -16.741 -3.784
v -20.819 -16.709 -3.782
v -20.849 -16.828 -3.842
v -17.304 -16.589 -4.437
v -20.342 -16.559 -4.467
v -20.375 -16.592 -4.439
v -20.314 -16.561 -4.498
v -20.313 -16.59 -4.587
v -17.304 -16.59 -4.586
v -20.31 -16.677 -4.644
v -20.342 -16.708 -4.646
v -20.375 -16.741 -4.647
v -17.301 -16.737 -4.644
v -20.852 -17.396 -4.648
v -20.819 -17.394 -4.765
v -20.853 -17.397 -4.737
v -20.876 -17.392 -4.704
v -20.91 -17.365 -4.617
v -20.818 -17.363 -4.616
v -17.302 -17.214 -4.555
v -17.304 -17.364 -4.616
v -20.881 -17.306 -4.558
v -20.85 -17.276 -4.557
v -20.82 -17.216 -4.557
v -20.853 -17.367 -4.618
v -17.309 -17.397 -4.767
v -20.376 -17.188 -5.214
v -20.341 -17.184 -5.241
v -17.305 -17.186 -5.212
v -20.315 -17.187 -5.302
v -20.316 -17.218 -5.363
v -17.306 -17.217 -5.362
v -20.31 -17.303 -5.419
v -20.342 -17.334 -5.42
v -20.376 -17.367 -5.423
v -20.816 -17.839 -5.27
v -17.306 -17.366 -5.422
v -20.846 -18.017 -5.33
v -20.847 -18.048 -5.419
v -20.877 -18.018 -5.39
v -20.908 -17.989 -5.301
v -20.821 -17.991 -5.302
v -17.303 -17.84 -5.271
v -17.307 -17.991 -5.303
v -17.308 -18.022 -5.452
v -20.881 -17.902 -5.273
v -20.851 -17.872 -5.273
v -20.848 -17.989 -5.301
v -20.821 -18.021 -5.451
v -20.374 -17.902 -5.928
v -20.346 -17.903 -5.958
v -17.309 -17.904 -5.929
v -20.311 -17.899 -5.985
v -20.312 -17.93 -6.076
v -17.301 -18.107 -6.104
v -17.306 -17.961 -6.077
v -20.315 -18.021 -6.107
v -20.343 -18.05 -6.106
v -17.307 -18.558 -5.899
v -20.371 -18.108 -6.105
v -20.822 -18.558 -5.899
v -20.847 -18.704 -5.926
v -20.821 -18.765 -6.047
v -20.849 -18.764 -6.016
v -20.881 -18.736 -5.988
v -20.909 -18.705 -5.897
v -20.82 -18.705 -5.898
v -17.301 -18.702 -5.895
v -17.302 -18.763 -6.045
v -20.877 -18.614 -5.866
v -20.851 -18.587 -5.868
v -20.846 -18.702 -5.895
v -20.374 -18.676 -6.523
v -17.308 -18.677 -6.524
v -20.345 -18.677 -6.583
v -20.316 -18.677 -6.613
v -20.317 -18.738 -6.674
v -17.303 -18.734 -6.671
v -20.313 -18.824 -6.701
v -20.344 -18.884 -6.702
v -20.377 -18.916 -6.674
v -20.817 -19.329 -6.432
v -17.302 -18.911 -6.67
v -20.851 -19.481 -6.434
v -20.82 -19.539 -6.553
v -20.85 -19.539 -6.523
v -20.877 -19.537 -6.492
v -20.909 -19.48 -6.434
v -20.818 -19.478 -6.433
v -17.308 -19.332 -6.435
v -17.307 -19.481 -6.434
v -17.309 -19.542 -6.555
v -20.881 -19.391 -6.405
v -20.851 -19.361 -6.404
v -20.849 -19.479 -6.433
v -20.373 -19.539 -7.029
v -17.304 -19.538 -7.029
v -20.341 -19.538 -7.088
v -20.314 -19.54 -7.119
v -20.313 -19.628 -7.178
v -17.306 -19.629 -7.179
v -20.313 -19.718 -7.178
v -20.345 -19.749 -7.179
v -20.374 -19.778 -7.149
v -17.302 -19.775 -7.147
v -20.848 -20.312 -6.85
v -20.821 -20.404 -6.941
v -20.853 -20.405 -6.912
v -20.878 -20.372 -6.88
v -20.908 -20.313 -6.82
v -20.82 -20.314 -6.821
v -17.301 -20.162 -6.849
v -17.309 -20.317 -6.823
v -17.306 -20.403 -6.94
v -20.881 -20.225 -6.822
v -20.851 -20.196 -6.822
v -20.822 -20.166 -6.852
v -20.85 -20.314 -6.821
v -20.371 -20.431 -7.445
v -20.341 -20.461 -7.475
v -17.307 -20.434 -7.447
v -20.313 -20.462 -7.506
v -20.317 -20.554 -7.567
v -17.304 -20.551 -7.565
v -20.311 -20.64 -7.564
v -20.34 -20.668 -7.564
v -20.377 -20.703 -7.537
v -20.372 -20.7 -7.535
v -17.303 -20.699 -7.535
v -20.85 -21.207 -7.149
v -20.853 -21.269 -7.209
v -20.881 -21.268 -7.179
v -20.908 -21.177 -7.118
v -20.818 -21.176 -7.147
v -17.303 -21.027 -7.177
v -17.306 -21.178 -7.149
v -20.883 -21.091 -7.15
v -20.851 -21.059 -7.149
v -20.817 -21.026 -7.177
v -20.846 -21.174 -7.117
v -17.309 -21.299 -7.24
v -20.817 -21.294 -7.236
v -20.37 -21.384 -7.713
v -20.341 -21.414 -7.743
v -17.305 -21.385 -7.714
v -20.347 -21.418 -7.776
v -20.317 -21.507 -7.835
v -17.306 -21.654 -7.774
v -17.304 -21.504 -7.833
v -20.316 -21.596 -7.835
v -20.346 -21.626 -7.805
v -20.374 -21.654 -7.774
v -20.37 -21.652 -7.772
v -17.303 -21.95 -7.386
v -20.822 -21.953 -7.388
v -17.306 -21.654 -7.774
v -20.852 -22.132 -7.328
v -20.816 -22.217 -7.415
v -20.849 -22.189 -7.386
v -20.879 -22.16 -7.357
v -20.91 -22.101 -7.328
v -20.817 -22.099 -7.326
v -17.303 -22.099 -7.326
v -17.307 -22.221 -7.417
v -20.876 -22.009 -7.326
v -20.852 -21.983 -7.358
v -20.848 -22.099 -7.326
v -20.375 -22.37 -7.864
v -20.343 -22.428 -7.923
v -17.304 -22.368 -7.863
v -20.311 -22.486 -7.981
v -17.305 -22.637 -7.923
v -17.304 -22.487 -7.952
v -20.316 -22.579 -7.954
v -20.341 -22.635 -7.922
v -20.372 -22.636 -7.893
v -17.304 -22.874 -7.475
v -20.82 -22.875 -7.476
v -17.304 -22.636 -7.892
v -20.847 -23.052 -7.385
v -20.819 -23.142 -7.476
v -20.851 -23.144 -7.447
v -20.88 -23.114 -7.417
v -20.913 -23.027 -7.389
v -20.82 -23.024 -7.387
v -17.306 -23.025 -7.387
v -20.876 -22.932 -7.415
v -20.852 -22.906 -7.447
v -20.849 -23.024 -7.386
v -17.307 -23.145 -7.477
v -20.34 -23.409 -7.951
v -17.301 -23.379 -7.921
v -20.375 -23.383 -7.924
v -20.312 -23.47 -7.982
v -17.302 -23.469 -7.981
v -20.31 -23.558 -7.981
v -17.305 -23.619 -7.952
v -20.344 -23.62 -7.953
v -17.309 -23.652 -7.895
v -20.369 -23.647 -7.891
v -20.85 -23.977 -7.357
v -20.821 -24.097 -7.417
v -20.851 -24.067 -7.387
v -20.881 -24.038 -7.387
v -20.907 -23.946 -7.356
v -20.817 -23.946 -7.356
v -17.303 -23.827 -7.445
v -17.305 -23.947 -7.357
v -20.877 -23.857 -7.386
v -20.847 -23.856 -7.415
v -20.82 -23.828 -7.446
v -20.851 -23.949 -7.358
v -17.304 -24.095 -7.416
v -17.308 -24.366 -7.835
v -20.345 -24.395 -7.864
v -20.376 -24.367 -7.835
v -20.313 -24.453 -7.893
v -20.31 -24.54 -7.861
v -17.307 -24.604 -7.835
v -17.304 -24.482 -7.892
v -20.314 -24.603 -7.834
v -15.999 -17.993 1.011
v -15.991 -17.988 7.508
v -16.231 -14.921 7.507
v -16.229 -14.92 -7.504
v -15.994 -17.99 -7.506
v -15.999 -17.993 -1.015
v -16.946 -11.913 0.001
v -15.994 -17.9 0.001
v -16.948 -11.914 7.506
v -18.107 -9.053 7.507
v -18.113 -9.057 -7.508
v -16.946 -11.913 -7.505
v -20.877 -16.529 3.337
v -20.907 -16.529 3.278
v -20.849 -16.53 3.366
v -17.307 -16.502 3.424
v -17.308 -16.533 3.335
v -17.305 -16.471 3.217
v -20.879 -16.471 3.217
v -20.852 -16.443 3.186
v -17.305 -16.381 3.187
v -20.824 -16.385 3.185
v -20.377 -15.908 3.156
v -17.304 -15.904 3.158
v -20.347 -15.848 3.156
v -20.314 -15.817 3.157
v -20.313 -15.756 3.068
v -17.303 -15.785 2.92
v -17.305 -15.786 3.068
v -20.316 -15.758 2.977
v -20.341 -15.785 2.95
v -20.374 -15.787 2.919
v -20.816 -16.111 2.563
v -20.883 -16.176 2.471
v -20.911 -16.145 2.412
v -20.846 -16.141 2.504
v -17.305 -16.114 2.562
v -17.303 -16.112 2.354
v -20.821 -16.026 2.323
v -20.878 -16.113 2.354
v -17.304 -16.024 2.324
v -20.347 -15.52 2.232
v -17.303 -15.547 2.235
v -20.376 -15.55 2.232
v -20.314 -15.489 2.204
v -20.313 -15.428 2.115
v -17.308 -15.461 2.113
v -20.316 -15.431 2.024
v -20.345 -15.459 1.995
v -20.376 -15.49 1.964
v -17.301 -15.843 1.67
v -17.307 -15.489 1.965
v -19.06 -15.903 1.55
v -20.821 -15.847 1.667
v -17.309 -15.908 1.547
v -17.304 -15.875 1.43
v -20.851 -15.906 1.548
v -20.906 -15.903 1.491
v -20.882 -15.907 1.548
v -20.851 -15.906 1.608
v -20.823 -15.818 1.399
v -20.88 -15.876 1.43
v -17.302 -15.814 1.402
v -20.37 -15.337 1.282
v -20.344 -15.31 1.251
v -17.305 -15.339 1.281
v -20.312 -15.279 1.222
v -20.315 -15.221 1.131
v -17.306 -15.31 0.983
v -17.303 -15.249 1.133
v -20.313 -15.25 1.043
v -20.345 -15.281 1.012
v -20.374 -15.31 0.983
v -20.818 -15.696 0.746
v -19.061 -15.785 0.626
v -17.303 -15.725 0.508
v -20.876 -15.724 0.508
v -20.854 -15.789 0.623
v -20.912 -15.758 0.565
v -20.911 -15.787 0.625
v -20.879 -15.756 0.685
v -20.822 -15.698 0.475
v -17.309 -15.699 0.475
v -20.345 -15.222 0.267
v -20.372 -15.249 0.269
v -20.312 -15.19 0.239
v -20.316 -15.162 0.148
v -17.304 -15.16 0.15
v -20.315 -15.191 0.059
v -20.341 -15.189 0.031
v -20.37 -15.248 0.002
v -20.818 -15.666 -0.208
v -19.066 -15.759 -0.329
v -17.305 -15.667 -0.208
v -17.306 -15.757 -0.328
v -17.304 -15.725 -0.446
v -20.852 -15.728 -0.448
v -20.849 -15.756 -0.327
v -20.878 -15.756 -0.387
v -20.912 -15.758 -0.299
v -20.882 -15.729 -0.24
v -20.818 -15.695 -0.475
v -17.304 -15.696 -0.476
v -20.37 -15.278 -0.713
v -20.346 -15.252 -0.746
v -17.301 -15.277 -0.713
v -20.316 -15.222 -0.776
v -20.31 -15.188 -0.862
v -17.304 -15.22 -0.863
v -20.311 -15.248 -0.952
v -20.339 -15.247 -0.981
v -20.37 -15.308 -0.981
v -20.823 -15.759 -1.133
v -19.067 -15.849 -1.253
v -17.302 -15.843 -1.249
v -17.305 -15.816 -1.4
v -20.816 -15.843 -1.249
v -20.876 -15.844 -1.339
v -20.908 -15.845 -1.25
v -20.879 -15.816 -1.161
v -20.822 -15.818 -1.401
v -17.306 -15.816 -1.4
v -20.852 -15.818 -1.401
v -20.37 -15.426 -1.696
v -20.343 -15.399 -1.727
v -20.313 -15.369 -1.757
v -20.315 -15.37 -1.847
v -17.308 -15.371 -1.848
v -20.318 -15.432 -1.938
v -20.341 -15.457 -1.935
v -20.375 -15.49 -1.967
v -20.816 -15.962 -2.053
v -17.304 -15.487 -1.965
v -20.852 -16.086 -2.175
v -20.848 -16.053 -2.263
v -20.882 -16.086 -2.235
v -20.912 -16.086 -2.176
v -20.821 -16.085 -2.175
v -20.877 -16.023 -2.084
v -20.853 -15.997 -2.057
v -17.302 -16.022 -2.322
v -20.85 -16.085 -2.175
v -20.823 -16.026 -2.325
v -20.344 -15.667 -2.681
v -20.375 -15.698 -2.652
v -20.314 -15.667 -2.711
v -20.315 -15.668 -2.801
v -17.305 -15.786 -2.919
v -17.303 -15.665 -2.799
v -20.311 -15.725 -2.888
v -20.342 -15.755 -2.888
v -17.307 -16.264 -2.95
v -20.374 -15.787 -2.919
v -20.853 -16.414 -3.07
v -20.816 -16.379 -3.185
v -20.848 -16.41 -3.156
v -20.88 -16.412 -3.128
v -20.913 -16.415 -3.04
v -20.824 -16.414 -3.04
v -20.883 -16.355 -2.98
v -20.853 -16.325 -2.95
v -20.819 -16.262 -2.948
v -20.853 -16.414 -3.04
v -17.306 -16.383 -3.188
v -20.374 -16.085 -3.575
v -14.295 -19.091 2.89
v -14.301 -19.572 3.483
v -17.303 -18.495 1.848
v -14.294 -18.644 2.146
v -17.306 -18.199 0.566
v -14.3 -18.231 0.862
v -17.302 -18.196 -0.713
v -14.295 -18.198 -0.714
v -17.304 -18.496 -1.846
v -14.294 -18.733 -2.381
v -17.309 -19.065 -2.861
v -14.301 -19.929 -3.815
v -17.309 -19.81 -3.725
v -17.302 -20.758 -4.377
v -14.294 -21.503 -4.705
v -17.301 -21.83 -4.823
v -14.299 -23.294 -5.005
v -17.302 -22.992 -5.002
v -17.301 -24.123 -4.913
v -14.298 -25.11 -4.587
v -17.306 -25.229 -4.528
v -17.308 -26.034 -4.082
v -14.301 -26.75 -3.487
v -17.308 -26.749 -3.486
v -17.302 -23.409 -7.951
v -17.302 -23.558 -7.981
v -17.308 -23.472 -7.984
v -17.305 -22.637 -7.923
v -17.306 -22.578 -7.983
v -17.304 -22.487 -7.982
v -17.301 -22.426 -7.921
v -17.301 -23.379 -7.921
v -17.309 -23.652 -7.895
v -17.305 -23.619 -7.952
v -17.304 -22.368 -7.863
v -17.304 -22.636 -7.892
v -17.307 -24.604 -7.835
v -17.309 -24.546 -7.865
v -17.308 -24.486 -7.895
v -17.308 -24.634 -7.775
v -17.307 -24.425 -7.864
v -17.308 -24.366 -7.835
v -17.306 -21.654 -7.774
v -17.306 -21.654 -7.774
v -17.308 -21.596 -7.835
v -17.305 -21.385 -7.714
v -17.309 -21.507 -7.835
v -17.308 -21.447 -7.775
v -17.303 -25.554 -7.624
v -17.306 -25.497 -7.655
v -17.302 -25.435 -7.653
v -17.309 -25.32 -7.597
v -17.302 -25.375 -7.653
v -17.307 -25.587 -7.537
v -17.309 -20.465 -7.508
v -17.303 -20.699 -7.535
v -17.307 -20.642 -7.566
v -17.308 -20.553 -7.567
v -17.303 -23.827 -7.445
v -17.307 -23.145 -7.477
v -17.307 -22.221 -7.417
v -17.304 -22.874 -7.475
v -17.307 -20.434 -7.447
v -17.301 -20.698 -7.534
v -17.304 -23.887 -7.386
v -17.304 -23.083 -7.416
v -17.302 -22.158 -7.355
v -17.304 -22.934 -7.416
v -17.304 -24.75 -7.297
v -17.304 -24.095 -7.416
v -17.301 -26.268 -7.266
v -17.304 -26.359 -7.297
v -17.305 -26.33 -7.297
v -17.306 -26.479 -7.268
v -17.301 -26.417 -7.295
v -17.303 -25.018 -7.237
v -17.301 -24.779 -7.236
v -17.304 -24.036 -7.356
v -17.309 -21.299 -7.24
v -17.303 -21.95 -7.386
v -17.306 -26.51 -7.149
v -17.308 -21.269 -7.18
v -17.303 -22.01 -7.326
v -17.303 -21.027 -7.177
v -17.302 -25.643 -7.058
v -17.303 -19.567 -7.117
v -17.308 -19.69 -7.179
v -17.305 -19.629 -7.178
v -17.307 -25.676 -6.97
v -17.309 -24.933 -7.21
v -17.308 -25.915 -6.971
v -17.304 -19.538 -7.029
v -17.302 -19.775 -7.147
v -17.306 -20.403 -6.94
v -17.306 -27.343 -6.821
v -17.303 -27.311 -6.849
v -17.306 -27.254 -6.851
v -17.304 -20.372 -6.88
v -17.301 -21.115 -7.146
v -17.301 -20.162 -6.849
v -17.307 -27.404 -6.673
v -17.308 -27.196 -6.852
v -17.305 -27.164 -6.821
v -17.307 -26.51 -6.673
v -17.307 -26.54 -6.613
v -17.302 -25.821 -6.908
v -17.302 -26.745 -6.551
v -17.309 -19.542 -6.555
v -17.305 -20.224 -6.821
v -17.308 -18.677 -6.524
v -17.302 -18.911 -6.67
v -17.309 -18.827 -6.703
v -17.304 -18.734 -6.671
v -17.304 -18.704 -6.612
v -17.308 -19.541 -6.465
v -17.308 -19.332 -6.435
v -17.309 -28.12 -6.257
v -17.308 -28.06 -6.286
v -17.306 -28.029 -6.285
v -17.304 -27.967 -6.284
v -17.307 -27.344 -6.196
v -17.307 -28.178 -6.167
v -17.309 -28.15 -6.257
v -17.307 -27.344 -6.136
v -17.308 -26.69 -6.524
v -17.301 -28.204 -6.104
v -17.302 -18.763 -6.045
v -17.303 -17.899 -5.986
v -17.308 -18.022 -6.107
v -17.304 -17.93 -6.076
v -17.307 -18.736 -5.958
v -17.304 -19.39 -6.403
v -17.309 -17.904 -5.929
v -17.301 -18.107 -6.104
v -17.302 -28.085 -5.628
v -17.309 -27.554 -6.048
v -17.31 -28.895 -5.572
v -17.306 -28.803 -5.63
v -17.302 -28.711 -5.628
v -17.302 -28.085 -5.539
v -17.302 -27.46 -6.045
v -17.309 -28.924 -5.423
v -17.302 -28.264 -5.449
v -17.305 -28.922 -5.51
v -17.308 -18.022 -5.452
v -17.302 -18.614 -5.866
v -17.307 -18.558 -5.899
v -17.302 -18.018 -5.36
v -17.305 -17.186 -5.302
v -17.306 -17.366 -5.422
v -17.309 -17.308 -5.423
v -17.304 -17.215 -5.361
v -17.305 -17.186 -5.212
v -17.303 -17.84 -5.271
v -17.305 -28.742 -4.974
v -17.305 -28.177 -5.451
v -17.301 -23.23 -5.002
v -17.305 -23.947 -7.357
v -17.306 -23.025 -7.387
v -17.303 -22.099 -7.326
v -17.305 -28.743 -4.885
v -17.303 -22.248 -4.914
v -17.306 -21.178 -7.149
v -17.306 -24.186 -4.885
v -17.308 -25.767 -6.942
v -17.309 -24.873 -7.21
v -17.309 -29.55 -4.797
v -17.303 -29.515 -4.824
v -17.309 -29.46 -4.886
v -17.303 -29.397 -4.884
v -17.309 -29.579 -4.708
v -17.304 -29.576 -4.735
v -17.302 -29.545 -4.645
v -17.309 -28.924 -4.768
v -17.309 -17.397 -4.767
v -17.302 -25.137 -4.585
v -17.308 -26.6 -6.554
v -17.307 -21.298 -4.647
v -17.309 -20.317 -6.823
v -17.307 -19.481 -6.434
v -17.308 -17.396 -4.678
v -17.308 -17.933 -5.273
v -17.301 -16.587 -4.585
v -17.301 -16.737 -4.644
v -17.308 -16.652 -4.648
v -17.304 -16.56 -4.497
v -17.304 -16.589 -4.437
v -17.301 -29.306 -4.227
v -17.305 -28.832 -4.766
v -17.303 -29.307 -4.139
v -17.307 -20.434 -4.201
v -17.301 -18.702 -5.895
v -17.309 -25.975 -4.112
v -17.302 -28.115 -5.479
v -17.308 -27.404 -6.078
v -17.308 -30.115 -3.903
v -17.305 -30.113 -3.961
v -17.309 -30.086 -4.023
v -17.306 -29.935 -4.051
v -17.306 -30.114 -3.873
v -17.305 -16.828 -4.021
v -17.301 -17.303 -4.555
v -17.302 -17.214 -4.555
v -17.303 -30.082 -3.811
v -17.305 -16.858 -3.932
v -17.301 -16.052 -3.632
v -17.306 -16.204 -3.813
v -17.308 -16.145 -3.784
v -17.306 -16.085 -3.724
v -17.305 -19.658 -3.574
v -17.307 -17.991 -5.303
v -17.304 -17.364 -4.616
v -17.304 -28.772 -4.825
v -17.303 -29.813 -3.424
v -17.308 -29.46 -4.022
v -17.302 -29.396 -4.019
v -17.305 -16.084 -3.574
v -17.303 -29.784 -3.335
v -17.304 -30.559 -3.008
v -17.301 -30.527 -3.066
v -17.302 -30.498 -3.126
v -17.304 -30.41 -3.157
v -17.303 -16.708 -3.782
v -17.303 -16.41 -3.097
v -17.307 -16.77 -3.813
v -17.309 -30.503 -2.921
v -17.302 -30.528 -2.977
v -17.307 -19.034 -2.831
v -17.303 -16.827 -3.841
v -17.309 -27.345 -2.712
v -17.307 -29.787 -3.277
v -17.302 -29.337 -4.079
v -17.304 -30.171 -2.561
v -17.302 -29.932 -3.185
v -17.304 -29.844 -3.216
v -17.307 -30.144 -2.503
v -17.301 -15.694 -2.649
v -17.305 -15.726 -2.889
v -17.308 -15.669 -2.801
v -17.309 -15.67 -2.742
v -17.305 -16.025 -2.323
v -17.306 -16.352 -2.979
v -17.308 -30.86 -2.087
v -17.307 -30.859 -2.145
v -17.303 -30.827 -2.203
v -17.305 -16.084 -2.234
v -17.307 -30.829 -1.967
v -17.308 -30.86 -2.027
v -17.305 -30.738 -2.234
v -17.307 -18.557 -1.966
v -17.305 -16.411 -3.038
v -17.306 -16.085 -2.175
v -17.308 -27.792 -1.848
v -17.304 -30.142 -2.412
v -17.309 -30.443 -1.67
v -17.302 -30.26 -2.322
v -17.302 -30.2 -2.352
v -17.306 -30.411 -1.609
v -17.309 -15.431 -1.7
v -17.306 -15.965 -2.055
v -17.309 -15.401 -1.938
v -17.301 -15.366 -1.845
v -17.307 -15.37 -1.758
v -17.308 -16.027 -2.086
v -17.308 -15.847 -1.312
v -17.302 -31.064 -1.1
v -17.309 -31.069 -1.164
v -17.307 -31.037 -1.222
v -17.308 -30.979 -1.282
v -17.302 -31.034 -1.041
v -17.307 -31.008 -0.984
v -17.309 -30.503 -1.402
v -17.309 -28.061 -0.925
v -17.309 -30.443 -1.461
v -17.303 -30.379 -1.518
v -17.305 -18.258 -1.042
v -17.303 -30.588 -0.743
v -17.303 -30.528 -0.684
v -17.305 -30.53 -0.596
v -17.308 -15.222 -0.776
v -17.308 -15.223 -0.955
v -17.308 -15.193 -0.865
v -17.307 -15.758 -1.133
v -17.305 -15.309 -0.983
v -17.303 -15.814 -1.19
v -17.306 -31.156 -0.179
v -17.302 -31.094 -0.237
v -17.303 -31.065 -0.267
v -17.307 -15.757 -0.388
v -17.307 -31.127 -0.061
v -17.309 -31.158 -0.121
v -17.307 -31.067 -0.001
v -17.307 -30.621 -0.477
v -17.302 -18.137 -0.058
v -17.304 -28.146 0.06
v -17.306 -30.56 -0.507
v -17.303 -30.618 0.21
v -17.304 -30.559 0.269
v -17.309 -30.533 0.326
v -17.303 -15.159 0.15
v -17.304 -15.249 0
v -17.303 -15.159 0.061
v -17.305 -30.559 0.417
v -17.308 -15.193 0.207
v -17.305 -15.25 0.268
v -17.306 -15.727 -0.239
v -17.307 -15.758 0.565
v -17.309 -15.789 0.624
v -17.309 -31.099 0.892
v -17.304 -31.095 0.805
v -17.308 -31.068 0.743
v -17.306 -31.067 0.953
v -17.302 -31.004 0.985
v -17.304 -31.036 0.715
v -17.302 -18.226 0.925
v -17.304 -30.529 1.133
v -17.303 -30.618 0.478
v -17.304 -30.469 1.192
v -17.304 -30.44 1.252
v -17.304 -28.027 1.043
v -17.307 -30.442 1.339
v -17.304 -15.22 1.132
v -17.307 -15.251 1.071
v -17.304 -15.279 1.222
v -17.308 -15.758 0.684
v -17.303 -15.696 0.746
v -17.308 -15.907 1.488
v -17.308 -30.949 1.786
v -17.303 -30.886 1.699
v -17.307 -30.888 1.697
v -17.309 -30.83 1.964
v -17.304 -30.887 1.936
v -17.305 -30.917 1.847
v -17.308 -30.353 2.054
v -17.302 -30.498 1.402
v -17.304 -30.261 2.086
v -17.303 -30.23 2.176
v -17.305 -27.73 1.966
v -17.301 -30.229 2.236
v -17.304 -15.428 2.056
v -17.301 -15.426 2.117
v -17.304 -15.487 2.205
v -17.304 -15.905 1.609
v -17.307 -16.145 2.412
v -17.304 -18.496 1.847
v -17.307 -16.174 2.471
v -17.301 -30.587 2.891
v -17.305 -30.649 2.8
v -17.305 -30.649 2.74
v -17.305 -30.619 2.651
v -17.309 -30.503 2.917
v -17.309 -30.622 2.649
v -17.305 -30.262 2.323
v -17.303 -30.022 2.95
v -17.302 -29.962 2.98
v -17.305 -29.904 3.038
v -17.303 -29.903 3.099
v -17.302 -15.754 3.07
v -17.304 -15.755 2.979
v -17.301 -15.813 3.159
v -17.302 -16.142 2.503
v -17.303 -16.499 3.278
v -17.303 -18.942 2.712
v -17.307 -30.174 3.782
v -17.305 -30.232 3.723
v -17.303 -30.23 3.635
v -17.305 -29.606 3.783
v -17.306 -29.935 3.187
v -17.307 -29.518 3.812
v -17.307 -30.084 3.812
v -17.304 -30.201 3.575
v -17.307 -29.459 3.842
v -17.309 -27.286 2.828
v -17.303 -29.456 3.933
v -17.302 -16.826 4.023
v -17.309 -16.533 3.364
v -17.308 -16.265 4.049
v -17.306 -16.204 3.902
v -17.302 -16.201 3.993
v -17.306 -16.948 4.05
v -17.307 -16.353 4.05
v -17.305 -16.233 3.813
v -17.305 -16.978 4.081
v -17.302 -29.008 4.559
v -17.302 -29.456 4.023
v -17.309 -29.073 4.555
v -17.306 -28.952 4.616
v -17.302 -26.626 3.576
v -17.302 -29.545 4.648
v -17.309 -29.639 4.645
v -17.308 -29.698 4.586
v -17.302 -29.724 4.499
v -17.306 -29.726 4.438
v -17.305 -28.891 4.677
v -17.305 -17.394 4.766
v -17.303 -17.006 4.201
v -17.306 -16.978 4.229
v -17.309 -16.742 4.645
v -17.304 -17.453 4.766
v -17.303 -17.006 4.141
v -17.301 -17.511 4.827
v -17.305 -19.569 3.485
v -17.307 -16.83 4.854
v -17.306 -16.74 4.736
v -17.303 -16.767 4.827
v -17.309 -16.921 4.883
v -17.303 -17.572 4.886
v -17.304 -28.384 5.273
v -17.302 -28.473 5.273
v -17.302 -29.098 5.214
v -17.308 -28.924 4.764
v -17.304 -28.325 5.302
v -17.308 -28.268 5.36
v -17.307 -28.923 5.42
v -17.305 -29.13 5.302
v -17.303 -29.009 5.422
v -17.308 -29.072 5.36
v -17.303 -18.108 5.452
v -17.309 -17.576 4.972
v -17.305 -18.02 5.451
v -17.307 -17.396 5.42
v -17.305 -18.199 5.48
v -17.303 -20.312 4.112
v -17.301 -17.422 5.572
v -17.304 -17.364 5.511
v -17.306 -17.574 5.629
v -17.301 -17.481 5.632
v -17.307 -27.672 5.867
v -17.306 -28.267 5.45
v -17.306 -27.76 5.897
v -17.303 -27.609 5.899
v -17.301 -25.881 4.202
v -17.305 -27.551 5.957
v -17.303 -28.205 6.107
v -17.309 -28.418 5.925
v -17.307 -28.298 6.105
v -17.305 -28.356 6.076
v -17.301 -28.412 5.989
v -17.303 -18.853 6.048
v -17.305 -18.229 5.57
v -17.308 -18.796 6.045
v -17.304 -18.228 5.63
v -17.303 -18.882 6.048
v -17.304 -18.764 6.047
v -17.303 -18.942 6.077
v -17.306 -18.319 6.284
v -17.309 -18.112 6.104
v -17.308 -26.898 6.403
v -17.301 -18.226 6.287
v -17.309 -18.112 6.193
v -17.302 -18.167 6.257
v -17.303 -26.835 6.435
v -17.308 -24.992 4.645
v -17.303 -26.984 6.435
v -17.305 -27.551 6.046
v -17.304 -26.776 6.464
v -17.302 -27.609 6.524
v -17.307 -19.659 6.522
v -17.307 -19.6 6.522
v -17.309 -18.976 6.193
v -17.302 -19.686 6.554
v -17.304 -21.176 4.588
v -17.308 -19.541 6.551
v -17.302 -27.549 6.673
v -17.304 -27.61 6.613
v -17.309 -27.405 6.67
v -17.31 -19.751 6.58
v -17.309 -27.494 6.7
v -17.302 -18.911 6.674
v -17.309 -26.094 6.819
v -17.305 -26.747 6.553
v -17.304 -26.002 6.821
v -17.303 -26.15 6.852
v -17.308 -25.945 6.879
v -17.309 -19.154 6.819
v -17.304 -19.062 6.851
v -17.307 -18.944 6.761
v -17.306 -18.974 6.821
v -17.303 -20.491 6.911
v -17.305 -20.462 6.94
v -17.307 -19.778 6.671
v -17.305 -20.551 6.94
v -17.309 -22.103 4.883
v -17.303 -26.775 7.031
v -17.302 -20.401 6.971
v -17.305 -20.611 6.97
v -17.301 -25.196 7.121
v -17.308 -25.111 7.147
v -17.308 -24.068 4.913
v -17.306 -26.539 7.148
v -17.306 -26.599 7.178
v -17.308 -26.689 7.177
v -17.305 -26.747 7.119
v -17.303 -25.257 7.179
v -17.305 -25.913 6.94
v -17.308 -25.26 7.177
v -17.309 -25.052 7.176
v -17.309 -19.78 7.147
v -17.308 -21.417 7.207
v -17.306 -21.476 7.208
v -17.303 -21.355 7.209
v -17.309 -20.644 7.057
v -17.303 -21.295 7.239
v -17.307 -24.187 7.326
v -17.308 -23.086 5.002
v -17.308 -24.277 7.326
v -17.309 -20.048 7.266
v -17.308 -19.869 7.296
v -17.308 -19.809 7.236
v -17.305 -24.334 7.357
v -17.302 -25.018 7.239
v -17.305 -19.956 7.297
v -17.309 -24.367 7.385
v -17.307 -22.341 7.356
v -17.305 -21.505 7.238
v -17.306 -22.399 7.357
v -17.307 -22.251 7.386
v -17.303 -21.563 7.298
v -17.309 -23.265 7.385
v -17.308 -25.855 7.445
v -17.305 -23.322 7.417
v -17.309 -24.129 7.355
v -17.307 -23.204 7.416
v -17.307 -22.459 7.386
v -17.305 -22.22 7.417
v -17.301 -23.379 7.448
v -17.306 -24.097 7.416
v -17.309 -23.414 7.474
v -17.305 -23.143 7.476
v -17.309 -22.491 7.444
v -17.306 -25.616 7.536
v -17.305 -25.824 7.506
v -17.306 -25.765 7.565
v -17.303 -25.674 7.566
v -17.302 -20.699 7.537
v -17.305 -20.969 7.596
v -17.302 -20.907 7.656
v -17.304 -20.819 7.656
v -17.301 -20.728 7.597
v -17.302 -24.63 7.776
v -17.302 -24.898 7.716
v -17.302 -24.869 7.805
v -17.304 -24.78 7.834
v -17.301 -24.689 7.835
v -17.303 -21.95 7.835
v -17.306 -21.684 7.774
v -17.309 -21.716 7.832
v -17.306 -23.65 7.893
v -17.303 -23.916 7.865
v -17.306 -21.803 7.893
v -17.301 -21.86 7.865
v -17.309 -22.937 7.921
v -17.305 -22.667 7.893
v -17.306 -23.888 7.952
v -17.302 -23.707 7.954
v -17.303 -23.797 7.983
v -17.307 -22.727 7.952
v -17.307 -22.787 7.982
v -17.306 -22.876 7.982
v -20.793 -24.664 -1.461
v -13.793 -24.932 -1.103
v -13.791 -24.662 -1.459
v -20.791 -25.08 -0.834
v -13.794 -25.141 -0.657
v -20.79 -25.258 -0.03
v -13.791 -25.259 0.178
v -20.787 -25.107 0.806
v -13.791 -25.02 0.953
v -20.794 -24.665 1.458
v -13.786 -24.54 1.551
v -20.787 -24.064 1.878
v -13.79 -23.887 1.966
v -20.79 -23.262 2.085
v -13.788 -23.082 2.086
v -20.794 -22.461 1.964
v -13.793 -22.281 1.905
v -20.793 -22.013 1.756
v -13.79 -21.653 1.46
v -20.789 -21.653 1.46
v -20.819 -28.265 -5.45
v -20.879 -28.206 -5.45
v -20.912 -28.119 -5.482
v -20.369 -28.71 -5.627
v -20.314 -28.892 -5.57
v -20.313 -28.802 -5.629
v -21.3 -27.375 -5.601
v -20.883 -28.09 -5.572
v -20.818 -28.086 -5.629
v -20.818 -27.55 -6.046
v -20.377 -28.209 -6.108
v -20.876 -27.46 -6.045
v -20.91 -27.403 -6.076
v -20.878 -27.342 -6.135
v -20.372 -27.968 -6.284
v -20.339 -28.204 -6.164
v -20.317 -28.06 -6.287
v -20.316 -28.149 -6.256
v -21.297 -26.331 -6.226
v -20.878 -26.687 -6.522
v -20.822 -27.344 -6.196
v -20.819 -26.747 -6.552
v -20.369 -27.4 -6.67
v -20.906 -26.596 -6.551
v -20.876 -26.536 -6.611
v -20.376 -27.167 -6.822
v -20.345 -27.374 -6.733
v -20.312 -27.252 -6.85
v -20.316 -27.344 -6.822
v -20.879 -25.853 -6.91
v -20.82 -26.509 -6.672
v -20.824 -25.916 -6.972
v -20.908 -25.764 -6.939
v -20.369 -26.506 -7.147
v -20.37 -26.268 -7.266
v -20.318 -26.363 -7.299
v -20.313 -26.479 -7.267
v -21.295 -24.542 -6.85
v -20.878 -25.674 -6.969
v -20.877 -24.959 -7.207
v -20.821 -25.646 -7.06
v -20.824 -25.022 -7.24
v -20.909 -24.871 -7.208
v -20.372 -25.585 -7.535
v -20.876 -24.779 -7.236
v -20.373 -25.317 -7.595
v -20.311 -25.554 -7.624
v -20.315 -25.438 -7.655
v -20.316 -25.498 -7.656
v -20.881 -24.038 -7.387
v -20.819 -24.751 -7.297
v -20.821 -24.097 -7.417
v -20.909 -23.947 -7.357
v -20.374 -24.633 -7.774
v -20.376 -24.367 -7.835
v -20.314 -24.603 -7.834
v -20.313 -24.453 -7.893
v -20.31 -24.54 -7.861
v -20.88 -23.114 -7.417
v -20.877 -23.857 -7.386
v -20.82 -23.828 -7.446
v -20.819 -23.142 -7.476
v -20.913 -23.027 -7.389
v -21.296 -22.369 -6.94
v -20.876 -22.932 -7.415
v -20.369 -23.647 -7.891
v -20.375 -23.383 -7.924
v -20.344 -23.62 -7.953
v -20.34 -23.409 -7.951
v -20.31 -23.558 -7.981
v -20.312 -23.47 -7.982
v -20.877 -22.158 -7.356
v -20.82 -22.875 -7.476
v -20.816 -22.217 -7.415
v -20.91 -22.101 -7.328
v -20.876 -22.009 -7.326
v -20.372 -22.636 -7.893
v -20.375 -22.37 -7.864
v -20.341 -22.635 -7.922
v -20.344 -22.429 -7.923
v -20.315 -22.578 -7.953
v -20.314 -22.489 -7.983
v -20.881 -21.268 -7.179
v -20.822 -21.953 -7.388
v -20.908 -21.177 -7.118
v -20.817 -21.294 -7.236
v -20.37 -21.652 -7.772
v -20.37 -21.384 -7.713
v -20.374 -21.654 -7.774
v -20.346 -21.417 -7.775
v -20.316 -21.596 -7.835
v -20.312 -21.504 -7.833
v -21.298 -20.017 -6.256
v -20.879 -20.373 -6.88
v -20.879 -21.088 -7.148
v -20.817 -21.026 -7.177
v -20.908 -20.313 -6.82
v -20.821 -20.404 -6.941
v -20.881 -20.225 -6.822
v -20.372 -20.7 -7.535
v -20.371 -20.431 -7.445
v -20.377 -20.703 -7.537
v -20.313 -20.462 -7.506
v -20.312 -20.64 -7.565
v -20.315 -20.553 -7.566
v -20.877 -19.537 -6.492
v -20.822 -20.166 -6.852
v -20.909 -19.48 -6.434
v -20.82 -19.539 -6.553
v -20.881 -19.391 -6.405
v -20.374 -19.778 -7.149
v -20.373 -19.539 -7.029
v -20.31 -19.716 -7.177
v -20.314 -19.54 -7.119
v -20.313 -19.628 -7.178
v -20.882 -18.737 -5.988
v -20.817 -19.329 -6.432
v -20.909 -18.705 -5.897
v -20.821 -18.765 -6.047
v -20.377 -18.916 -6.674
v -20.374 -18.676 -6.523
v -20.316 -18.677 -6.613
v -20.311 -18.823 -6.7
v -20.317 -18.738 -6.674
v -21.296 -17.931 -4.676
v -20.877 -18.018 -5.39
v -20.877 -18.614 -5.866
v -20.822 -18.558 -5.899
v -20.909 -17.99 -5.301
v -20.821 -18.021 -5.451
v -20.879 -17.901 -5.272
v -20.371 -18.108 -6.105
v -20.374 -17.902 -5.928
v -20.311 -17.899 -5.985
v -20.31 -18.017 -6.104
v -20.312 -17.93 -6.076
v -20.876 -17.392 -4.704
v -20.912 -17.367 -4.618
v -20.819 -17.394 -4.765
v -20.816 -17.839 -5.27
v -20.376 -17.188 -5.214
v -20.376 -17.367 -5.423
v -20.315 -17.187 -5.302
v -20.315 -17.306 -5.421
v -20.311 -17.214 -5.36
v -20.881 -16.859 -3.932
v -20.881 -17.306 -4.558
v -20.91 -16.829 -3.842
v -20.818 -16.828 -4.02
v -20.82 -17.216 -4.557
v -20.375 -16.592 -4.439
v -20.375 -16.741 -4.647
v -20.314 -16.561 -4.498
v -20.315 -16.68 -4.647
v -20.316 -16.592 -4.588
v -21.293 -16.618 -2.5
v -20.876 -16.409 -3.126
v -20.878 -16.768 -3.782
v -20.913 -16.415 -3.04
v -20.819 -16.709 -3.782
v -20.883 -16.355 -2.98
v -20.373 -16.203 -3.812
v -20.311 -16.052 -3.632
v -20.313 -16.143 -3.782
v -20.316 -16.086 -3.724
v -20.882 -16.086 -2.235
v -20.912 -16.086 -2.176
v -20.816 -16.022 -2.321
v -20.314 -15.667 -2.711
v -20.313 -15.726 -2.889
v -20.315 -15.668 -2.801
v -20.878 -15.845 -1.339
v -20.877 -16.023 -2.084
v -20.913 -15.849 -1.253
v -20.313 -15.369 -1.757
v -20.314 -15.429 -1.936
v -20.31 -15.367 -1.845
v -21.296 -16.144 0.03
v -20.878 -15.756 -0.387
v -20.881 -15.817 -1.162
v -20.907 -15.755 -0.297
v -20.883 -15.729 -0.24
v -20.316 -15.222 -0.776
v -20.314 -15.251 -0.953
v -20.31 -15.188 -0.862
v -20.912 -15.758 0.565
v -20.911 -15.787 0.625
v -20.312 -15.19 0.239
v -20.317 -15.193 0.058
v -20.311 -15.159 0.15
v -20.906 -15.903 1.491
v -20.312 -15.279 1.222
v -20.315 -15.251 1.042
v -20.318 -15.223 1.13
v -21.3 -16.653 2.589
v -20.883 -15.908 1.547
v -20.911 -16.145 2.412
v -20.883 -16.176 2.471
v -20.314 -15.489 2.204
v -20.311 -15.427 2.027
v -20.317 -15.431 2.113
v -20.877 -16.529 3.337
v -20.314 -15.817 3.157
v -20.312 -15.756 2.979
v -20.317 -15.759 3.066
v -20.882 -16.89 4.02
v -20.819 -16.5 3.426
v -20.818 -16.827 4.022
v -20.908 -16.947 4.052
v -20.373 -16.352 4.051
v -20.374 -16.234 3.812
v -20.317 -16.295 4.049
v -20.318 -16.206 3.9
v -20.317 -16.206 3.99
v -20.876 -17.452 4.768
v -20.881 -17.009 4.139
v -20.817 -16.975 4.231
v -20.817 -17.392 4.767
v -20.91 -17.515 4.825
v -20.876 -17.571 4.886
v -20.371 -16.917 4.886
v -20.377 -16.742 4.645
v -20.312 -16.827 4.856
v -20.313 -16.739 4.736
v -20.311 -16.767 4.827
v -20.824 -17.576 4.972
v -20.37 -17.393 5.422
v -20.312 -17.423 5.571
v -20.314 -17.365 5.51
v -21.299 -25.022 -1.818
v -20.786 -24.928 -1.1
v -21.295 -25.525 -1.012
v -20.789 -25.138 -0.654
v -21.298 -25.766 -0.031
v -20.789 -25.257 0.179
v -21.299 -25.558 0.982
v -20.793 -25.022 0.952
v -21.3 -25.052 1.785
v -20.787 -24.541 1.551
v -21.294 -24.273 2.355
v -20.79 -23.888 1.966
v -21.294 -23.291 2.592
v -20.793 -23.086 2.084
v -21.292 -22.277 2.445
v -20.791 -22.28 1.906
v -21.301 -21.746 2.172
v -21.3 -21.299 1.815
v -13.788 -21.444 1.222
v -20.786 -21.204 0.776
v -13.79 -21.088 0.358
v -13.791 -21.267 0.893
v -20.787 -21.056 0.001
v -13.794 -21.061 -0.3
v -20.794 -21.18 -0.746
v -13.786 -21.294 -0.981
v -20.793 -21.596 -1.401
v -13.79 -21.802 -1.608
v -20.793 -22.222 -1.878
v -13.791 -22.458 -1.996
v -20.789 -22.904 -2.084
v -13.794 -23.205 -2.087
v -20.793 -23.562 -2.057
v -13.793 -23.979 -1.937
v -20.789 -24.096 -1.876
v -20.788 -24.423 -1.667
v -21.301 -23.176 -2.593
v -21.295 -24.601 -6.85
v -21.3 -23.235 -7.001
v -21.295 -21.892 -6.88
v -21.3 -23.682 -2.534
v -21.298 -22.668 -2.562
v -21.296 -24.185 -2.382
v -21.293 -25.911 -6.432
v -21.299 -22.192 -2.414
v -21.295 -20.551 -6.492
v -21.3 -24.635 -2.146
v -21.299 -28.179 -4.886
v -21.299 -27.106 -5.779
v -21.297 -21.744 -2.175
v -21.301 -19.334 -5.87
v -21.298 -18.259 -5.005
v -21.3 -21.329 -1.878
v -21.3 -25.35 -1.432
v -21.293 -29.663 -2.589
v -21.297 -29.011 -3.813
v -21.293 -20.996 -1.458
v -21.301 -17.398 -3.964
v -21.293 -16.707 -2.768
v -21.295 -25.555 -0.952
v -21.295 -30.022 -1.28
v -21.297 -20.761 -1.013
v -21.296 -16.292 -1.459
v -21.299 -25.707 -0.478
v -21.297 -20.611 -0.536
v -21.3 -25.767 0.028
v -21.296 -30.142 0.09
v -21.295 -20.551 -0.029
v -21.293 -16.141 -0.088
v -21.293 -29.992 1.461
v -21.294 -25.703 0.538
v -21.298 -25.527 1.012
v -21.295 -16.262 1.281
v -21.293 -20.728 0.955
v -21.296 -20.582 0.477
v -21.301 -29.58 2.768
v -21.299 -25.29 1.458
v -21.298 -16.651 2.59
v -21.294 -20.967 1.431
v -21.293 -28.919 3.963
v -21.3 -17.278 3.811
v -21.297 -28.028 5.004
v -21.298 -24.961 1.876
v -21.299 -24.575 2.173
v -21.294 -18.137 4.886
v -21.297 -21.684 2.144
v -21.296 -26.955 5.868
v -21.294 -19.18 5.78
v -21.299 -25.736 6.492
v -21.3 -24.129 2.411
v -21.294 -20.372 6.435
v -21.295 -22.13 2.384
v -21.296 -24.423 6.881
v -21.298 -23.621 2.561
v -21.295 -23.112 2.592
v -21.298 -21.685 6.85
v -21.295 -22.606 2.533
v -21.299 -23.055 6.998
v -20.789 -21.445 1.222
v -21.293 -20.728 0.955
v -20.788 -21.087 0.358
v -20.792 -21.268 0.893
v -21.297 -20.552 0
v -20.787 -21.056 -0.296
v -21.298 -20.732 -0.924
v -20.794 -21.299 -0.985
v -21.296 -21.207 -1.727
v -20.788 -21.801 -1.607
v -21.293 -21.979 -2.321
v -20.788 -22.457 -1.995
v -21.301 -22.848 -2.593
v -20.792 -23.204 -2.086
v -21.294 -23.677 -2.56
v -20.794 -23.98 -1.938
v -21.293 -24.332 -2.321
v -21.293 -24.719 -2.083
v -19.54 -21.178 -0.715
v -19.538 -21.355 -1.072
v -19.537 -21.593 -1.399
v -19.54 -22.25 -1.907
v -19.54 -21.893 -1.698
v -19.543 -21.061 0.088
v -19.536 -21.086 -0.296
v -19.541 -22.638 -2.026
v -19.542 -21.12 0.505
v -19.539 -23.858 -1.966
v -19.539 -23.054 -2.085
v -19.536 -23.469 -2.083
v -19.541 -21.745 1.548
v -19.541 -21.476 1.25
v -19.542 -21.269 0.892
v -19.543 -24.576 -1.551
v -19.541 -24.247 -1.788
v -19.541 -22.429 1.965
v -19.535 -22.068 1.789
v -19.541 -25.051 -0.894
v -19.536 -24.839 -1.25
v -19.535 -23.26 2.087
v -19.535 -22.843 2.087
v -19.541 -25.2 -0.507
v -19.539 -23.65 2.025
v -19.54 -25.14 0.714
v -19.543 -25.261 -0.091
v -19.538 -25.228 0.298
v -19.541 -24.693 1.399
v -19.535 -24.391 1.7
v -19.539 -24.036 1.907
v -19.541 -24.962 1.071
v -20.345 -17.545 5.628
v -20.374 -17.574 5.629
v -20.312 -17.513 5.63
v -20.312 -17.423 5.571
v -17.307 -17.396 5.42
v -17.304 -17.424 5.57
v -20.309 -17.362 5.512
v -20.344 -17.365 5.451
v -20.37 -17.393 5.422
v -17.306 -17.574 5.629
v -20.824 -17.576 4.972
v -20.876 -17.571 4.886
v -17.309 -17.576 4.972
v -17.301 -17.511 4.827
v -20.823 -18.022 5.449
v -17.305 -18.199 5.48
v -17.305 -18.02 5.451
v -20.905 -18.196 5.482
v -20.878 -18.108 5.452
v -20.817 -17.392 4.767
v -17.305 -17.394 4.766
v -20.91 -17.515 4.825
v -20.876 -17.452 4.768
v -20.816 -18.226 5.631
v -20.88 -18.229 5.57
v -17.309 -16.921 4.883
v -17.304 -18.228 5.63
v -20.377 -18.112 6.104
v -20.347 -16.89 4.883
v -20.371 -16.917 4.886
v -20.312 -16.827 4.856
v -20.313 -16.768 4.826
v -17.305 -16.769 4.826
v -20.315 -16.74 4.735
v -20.34 -16.737 4.708
v -20.377 -16.742 4.645
v -20.344 -18.289 6.284
v -17.306 -18.319 6.284
v -20.374 -18.318 6.284
v -20.314 -18.259 6.284
v -20.314 -18.169 6.255
v -17.309 -18.112 6.104
v -17.303 -18.167 6.256
v -20.317 -18.112 6.164
v -20.345 -18.11 6.135
v -17.306 -16.978 4.229
v -20.817 -16.975 4.231
v -17.309 -16.742 4.645
v -17.304 -18.764 6.047
v -20.817 -18.763 6.048
v -20.883 -17.01 4.139
v -20.908 -16.947 4.052
v -20.906 -16.975 4.112
v -20.851 -17.008 4.199
v -17.306 -16.948 4.05
v -17.303 -18.942 6.077
v -20.85 -18.795 6.046
v -20.882 -18.856 6.045
v -20.909 -18.884 6.046
v -20.818 -16.827 4.022
v -17.302 -16.826 4.023
v -20.882 -16.89 4.02
v -20.908 -18.942 6.077
v -20.878 -18.972 6.137
v -17.309 -18.976 6.193
v -20.369 -18.911 6.674
v -20.824 -18.976 6.193
v -17.302 -18.911 6.674
v -20.342 -16.322 4.051
v -17.307 -16.353 4.05
v -20.373 -16.352 4.051
v -20.317 -16.295 4.049
v -20.317 -16.206 3.99
v -17.304 -16.202 3.962
v -20.312 -16.202 3.902
v -20.34 -16.201 3.844
v -20.374 -16.234 3.812
v -20.341 -19.12 6.852
v -17.309 -19.154 6.819
v -20.314 -19.063 6.85
v -20.314 -18.974 6.82
v -17.306 -19.003 6.821
v -20.31 -18.911 6.763
v -20.341 -18.912 6.733
v -17.307 -16.502 3.424
v -20.819 -16.5 3.426
v -17.305 -16.233 3.813
v -17.308 -19.541 6.551
v -20.374 -19.152 6.82
v -20.823 -19.541 6.551
v -17.31 -19.751 6.58
v -17.307 -19.659 6.522
v -20.85 -19.599 6.523
v -20.876 -19.626 6.525
v -20.909 -19.688 6.553
v -20.822 -19.779 6.671
v -20.88 -19.748 6.582
v -20.846 -19.775 6.614
v -17.307 -19.778 6.671
v -20.345 -20.017 7.297
v -17.309 -20.048 7.266
v -20.371 -20.044 7.269
v -20.316 -19.958 7.296
v -20.311 -19.865 7.299
v -17.309 -19.78 7.147
v -17.301 -19.864 7.299
v -20.313 -19.807 7.238
v -20.342 -19.806 7.209
v -20.372 -19.777 7.149
v -20.818 -20.402 6.971
v -17.305 -20.611 6.97
v -17.303 -20.491 6.911
v -17.302 -20.401 6.971
v -20.876 -20.609 6.972
v -20.85 -20.433 6.94
v -20.879 -20.492 6.91
v -20.907 -20.55 6.941
v -20.821 -20.642 7.058
v -17.309 -20.644 7.057
v -20.37 -20.698 7.537
v -17.302 -20.699 7.537
v -20.348 -20.942 7.623
v -20.313 -20.909 7.655
v -20.31 -20.817 7.657
v -17.303 -20.819 7.656
v -20.317 -20.733 7.593
v -20.345 -20.732 7.565
v -17.303 -21.295 7.239
v -20.821 -21.297 7.237
v -20.371 -20.967 7.596
v -17.305 -20.969 7.596
v -19.062 -21.415 7.209
v -20.883 -21.508 7.236
v -17.305 -21.505 7.238
v -17.308 -21.417 7.207
v -20.851 -21.416 7.208
v -20.85 -21.326 7.208
v -20.883 -21.388 7.206
v -20.905 -21.443 7.21
v -20.822 -21.566 7.296
v -17.303 -21.563 7.298
v -17.306 -21.684 7.774
v -20.347 -21.925 7.862
v -17.303 -21.95 7.835
v -20.375 -21.953 7.833
v -20.316 -21.894 7.862
v -20.311 -21.801 7.894
v -17.308 -21.805 7.862
v -20.312 -21.712 7.835
v -20.343 -21.684 7.804
v -20.372 -21.683 7.775
v -17.305 -22.22 7.417
v -20.817 -22.218 7.418
v -19.059 -22.337 7.359
v -20.883 -22.461 7.385
v -17.307 -22.459 7.386
v -17.307 -22.341 7.356
v -20.847 -22.337 7.358
v -20.878 -22.249 7.387
v -20.909 -22.309 7.357
v -20.908 -22.398 7.358
v -20.824 -22.491 7.444
v -17.309 -22.491 7.444
v -20.343 -22.905 7.953
v -17.309 -22.937 7.921
v -20.312 -22.874 7.983
v -20.315 -22.787 7.982
v -17.305 -22.667 7.893
v -17.307 -22.787 7.981
v -20.312 -22.695 7.954
v -20.347 -22.669 7.921
v -20.377 -22.669 7.891
v -17.305 -23.143 7.476
v -20.37 -22.932 7.925
v -19.062 -23.262 7.387
v -20.818 -23.142 7.477
v -20.849 -23.381 7.447
v -17.301 -23.379 7.448
v -17.309 -23.265 7.385
v -20.85 -23.262 7.387
v -20.878 -23.201 7.447
v -20.911 -23.264 7.386
v -20.876 -23.32 7.418
v -20.823 -23.414 7.475
v -17.309 -23.414 7.474
v -20.34 -23.915 7.925
v -17.303 -23.916 7.865
v -20.314 -23.888 7.952
v -20.316 -23.8 7.981
v -17.306 -23.65 7.893
v -17.309 -23.801 7.951
v -20.31 -23.707 7.955
v -20.34 -23.677 7.925
v -20.376 -23.652 7.892
v -17.306 -24.097 7.416
v -20.37 -23.915 7.865
v -19.062 -24.186 7.327
v -20.816 -24.094 7.419
v -17.307 -24.187 7.326
v -20.816 -24.183 7.329
v -20.876 -24.124 7.359
v -20.906 -24.183 7.329
v -20.877 -24.273 7.329
v -20.822 -24.366 7.386
v -17.305 -24.334 7.357
v -20.852 -24.336 7.356
v -17.309 -24.367 7.385
v -20.373 -24.632 7.774
v -17.302 -24.63 7.776
v -20.253 -0.446 4.141
v -20.255 -0.001 4.14
v -20.253 0 7.506
v -20.223 -0.922 4.141
v -20.196 -1.371 4.139
v -20.019 -3.13 7.504
v -20.138 -2.266 4.049
v -20.019 -3.159 3.871
v -19.863 -3.988 3.546
v -19.297 -6.163 7.508
v -19.692 -4.769 3.066
v -19.512 -5.423 2.471
v -18.107 -9.053 7.507
v -19.363 -5.929 1.726
v -19.208 -6.372 0.002
v -20.256 -0.002 -7.507
v -20.227 -0.925 -4.141
v -20.195 -1.371 -4.14
v -20.258 -0.449 -4.142
v -20.252 0.002 -4.139
v -20.012 -3.125 -7.504
v -20.136 -2.265 -4.052
v -19.298 -6.164 -7.504
v -19.69 -4.737 -3.069
v -19.505 -5.418 -2.47
v -18.113 -9.057 -7.508
v -19.357 -5.925 -1.756
v -19.275 -6.258 -0.925
v -19.335 -1.254 1.428
v -19.333 -1.252 -1.431
v -20.195 -1.371 -4.14
v -19.244 -2.951 1.458
v -19.272 -4.677 1.459
v -19.268 -6.253 0.895
v -19.239 -2.947 -1.458
v -20.017 -3.158 -3.873
v -19.87 -3.994 -3.546
v -19.275 -4.679 -1.462
v -19.335 -1.254 1.428
v -20.255 -0.001 4.14
v -20.253 -0.446 4.141
v -20.223 -0.922 4.141
v -20.196 -1.371 4.139
v -20.227 -0.925 -4.141
v -19.333 -1.252 -1.431
v -20.195 -1.371 -4.14
v -20.258 -0.449 -4.142
v -20.252 0.002 -4.139
v -12.364 14.89 1.428
v -12.985 15.549 4.141
v -16.889 11.169 4.14
v -12.99 15.545 -4.142
v -12.365 14.89 -1.432
v -16.887 11.17 -4.14
v -18.765 4.736 1.459
v -19.391 5.837 4.14
v -18.762 4.738 -1.458
v -19.388 5.839 -4.139
v -16.354 10.394 1.458
v -16.352 10.395 -1.46
v -15.994 -25.168 4.855
v -12.298 -23.141 5.244
v -12.298 -25.166 4.857
v -15.994 -23.143 5.243
v -15.995 -26.866 3.723
v -12.304 -26.868 3.722
v -15.995 -27.998 1.996
v -12.303 -27.999 1.995
v -15.994 -28.415 0
v -12.304 -28.417 -0.001
v -15.993 -27.997 -1.995
v -12.299 -27.997 -1.994
v -15.995 -26.867 -3.723
v -12.301 -26.866 -3.723
v -12.301 -25.169 -4.855
v -15.996 -25.169 -4.855
v -12.304 -23.145 -5.243
v -15.996 -23.144 -5.243
v -15.994 -23.768 7.506
v -5.301 -23.768 7.506
v -5.244 -25.229 7.356
v -15.992 -26.656 6.941
v -5.093 -26.657 6.94
v -15.992 -29.069 5.303
v -4.855 -27.939 6.225
v -4.526 -29.07 5.302
v -15.996 -30.71 2.859
v -4.11 -30.023 4.17
v -3.666 -30.711 2.858
v -15.996 -31.276 -0.001
v -3.161 -31.128 1.458
v -3.009 -31.216 0.982
v -15.998 -30.711 -2.861
v -2.649 -30.708 -2.859
v -2.653 -31.276 -0.001
v -2.292 -31.214 -0.982
v -2.142 -31.124 -1.458
v -1.641 -30.711 -2.861
v -1.194 -30.025 -4.171
v -2.649 -29.069 -5.301
v -0.771 -29.068 -5.3
v -0.446 -27.938 -6.225
v -15.995 -29.071 -5.302
v -15.997 -26.66 -6.941
v -2.655 -26.661 -6.942
v -0.207 -26.657 -6.939
v -0.057 -25.226 -7.356
v -0.003 -23.771 -7.507
v -15.995 -23.769 -7.506
v -14.301 -26.75 -3.487
v -13.317 -26.481 -2.206
v -13.313 -26.032 -2.799
v -14.299 -27.791 -1.877
v -13.317 -27.107 -0.657
v -13.312 -26.835 -1.518
v -14.3 -28.15 -0.031
v -13.311 -27.132 0.27
v -14.298 -27.879 1.638
v -13.311 -26.596 2.027
v -13.316 -26.987 1.161
v -14.297 -27.105 3.038
v -13.312 -26.061 2.741
v -14.299 -26.034 4.08
v -13.313 -24.542 3.754
v -13.31 -25.345 3.338
v -14.294 -24.571 4.797
v -13.31 -23.647 3.963
v -14.298 -22.876 5.003
v -13.316 -22.579 3.961
v -14.299 -21.238 4.616
v -13.315 -21.595 3.663
v -14.299 -20.315 4.109
v -13.316 -20.285 2.799
v -14.301 -19.572 3.483
v -16.202 -6.611 -6.492
v -18.493 0.003 -7.504
v -17.515 -0.001 -6.494
v -17.099 -7.09 -7.507
v -12.508 -12.24 -6.492
v -13.08 -13.079 -7.508
v -6.94 -16.055 -6.493
v -7.087 -17.096 -7.505
v -0.358 -17.485 -6.494
v -0.002 -18.498 -7.507
v -15.991 -21.383 -4.943
v -15.996 -23.144 -5.243
v -15.998 -19.81 -4.052
v -12.303 -19.451 -3.724
v -15.991 -18.643 -2.708
v -15.999 -17.993 -1.015
v -15.999 -17.993 1.011
v -12.297 -18.285 1.998
v -15.996 -18.647 2.71
v -15.991 -19.805 4.053
v -15.999 -21.389 4.942
v -15.994 -23.143 5.243
v -12.301 -25.615 -2.472
v -12.301 -26.062 -4.378
v -12.301 -26.866 -3.723
v -12.305 -27.524 -2.921
v -12.299 -26.061 -1.935
v -12.298 -25.107 -2.917
v -12.3 -26.389 -1.34
v -12.299 -27.997 -1.994
v -12.303 -24.485 -3.247
v -12.301 -25.169 -4.855
v -12.299 -23.827 -3.424
v -12.304 -23.145 -5.243
v -12.305 -24.188 -5.155
v -12.3 -26.597 -0.684
v -12.298 -28.294 -1.011
v -12.304 -28.417 -0.001
v -12.298 -23.141 -3.513
v -12.301 -26.658 0
v -12.3 -22.457 -3.424
v -12.305 -21.15 -4.857
v -12.301 -22.13 -5.153
v -12.302 -26.598 0.685
v -12.298 -28.293 1.015
v -12.303 -27.999 1.995
v -12.299 -26.388 1.341
v -12.299 -21.801 -3.245
v -12.299 -20.223 -4.377
v -12.299 -27.52 2.92
v -12.3 -21.206 -2.918
v -12.304 -26.064 1.935
v -12.303 -25.617 2.471
v -12.304 -26.868 3.722
v -12.304 -20.673 -2.474
v -12.304 -18.796 -2.92
v -12.306 -20.257 -1.938
v -12.301 -26.062 4.379
v -12.303 -25.11 2.918
v -12.304 -19.928 -1.342
v -12.299 -24.482 3.248
v -12.303 -18.289 -1.996
v -12.304 -19.72 -0.686
v -12.298 -25.166 4.857
v -12.305 -23.831 3.423
v -12.303 -24.187 5.152
v -12.304 -17.992 -1.014
v -12.298 -23.141 5.244
v -12.3 -23.142 3.516
v -12.298 -22.456 3.427
v -12.3 -17.9 0.001
v -12.298 -19.656 0.002
v -12.304 -19.72 0.684
v -12.299 -22.129 5.154
v -12.298 -17.988 1.015
v -12.302 -21.148 4.855
v -12.302 -21.803 3.246
v -12.299 -19.925 1.341
v -12.299 -20.223 4.379
v -12.305 -20.673 2.47
v -12.305 -21.21 2.917
v -12.298 -18.792 2.921
v -12.302 -20.254 1.936
v -12.304 -19.452 3.722
v -17.515 -0.001 -6.494
v -17.517 -0.002 5.985
v -16.594 -5.572 5.985
v -16.202 -6.611 -6.492
v -2.593 -17.307 -0.18
v -9.885 -14.443 5.989
v -4.762 -16.826 5.989
v -13.966 -10.542 -3.334
v -13.967 -10.542 5.988
v -12.508 -12.24 -6.492
v -9.888 -14.445 -3.335
v -6.94 -16.055 -6.493
v -4.768 -16.83 -3.337
v -1.457 -17.422 -3.335
v -0.358 -17.485 -6.494
v -14.301 -19.572 3.483
v -13.313 -19.806 2.205
v -13.316 -20.285 2.799
v -14.296 -18.496 1.847
v -13.31 -19.209 0.657
v -13.313 -19.449 1.519
v -14.298 -18.14 -0.001
v -13.316 -19.332 -1.163
v -13.312 -19.151 -0.267
v -14.294 -18.465 -1.786
v -13.31 -19.686 -2.024
v -14.293 -19.418 -3.334
v -13.314 -20.969 -3.336
v -13.316 -20.255 -2.741
v -14.294 -20.907 -4.466
v -13.318 -21.776 -3.755
v -14.299 -22.579 -4.975
v -13.312 -22.665 -3.96
v -14.299 -24.157 -4.886
v -13.312 -23.707 -3.96
v -14.296 -25.436 -4.467
v -13.316 -24.723 -3.665
v -14.295 -26.15 -3.99
v -13.313 -26.032 -2.799
v -14.301 -26.75 -3.487
v -13.317 -23.175 -2.593
v -13.312 -23.976 -3.901
v -13.313 -23.202 -3.991
v -13.313 -22.428 -3.931
v -13.311 -23.677 -2.53
v -13.316 -22.668 -2.563
v -13.314 -24.186 -2.383
v -13.318 -25.409 -3.308
v -13.311 -24.72 -3.662
v -13.314 -22.19 -2.413
v -13.312 -21.682 -3.722
v -13.311 -20.966 -3.364
v -13.311 -24.63 -2.143
v -13.313 -21.743 -2.174
v -13.312 -20.372 -2.858
v -13.318 -21.329 -1.878
v -13.313 -25.347 -1.429
v -13.316 -26.51 -2.175
v -13.31 -20.996 -1.457
v -13.318 -19.87 -2.266
v -13.314 -25.555 -0.953
v -13.31 -26.864 -1.487
v -13.311 -20.758 -1.011
v -13.313 -19.479 -1.578
v -13.318 -27.077 -0.717
v -13.311 -19.239 -0.832
v -13.311 -25.702 -0.475
v -13.317 -20.614 -0.538
v -13.315 -25.765 0.029
v -13.313 -27.164 0.06
v -13.317 -20.554 -0.031
v -13.316 -19.153 -0.061
v -13.316 -27.076 0.833
v -13.315 -25.705 0.536
v -13.313 -19.211 0.715
v -13.315 -20.582 0.476
v -13.311 -25.524 1.014
v -13.318 -20.733 0.951
v -13.316 -26.838 1.578
v -13.318 -19.453 1.487
v -13.312 -26.448 2.265
v -13.318 -25.291 1.457
v -13.315 -19.808 2.174
v -13.314 -20.969 1.43
v -13.317 -25.945 2.858
v -13.316 -24.962 1.875
v -13.31 -24.57 2.176
v -13.31 -21.294 1.819
v -13.314 -21.684 2.144
v -13.317 -25.32 3.364
v -13.315 -24.127 2.412
v -13.314 -20.879 3.306
v -13.313 -22.13 2.383
v -13.31 -24.63 3.725
v -13.316 -21.566 3.663
v -13.311 -23.885 3.933
v -13.312 -23.618 2.563
v -13.315 -23.114 2.591
v -13.311 -22.307 3.904
v -13.316 -22.608 2.531
v -13.318 -23.086 3.989
v -13.787 -22.009 1.759
v -13.311 -22.069 2.355
v -13.793 -22.46 1.965
v -13.318 -23.057 2.589
v -13.789 -23.261 2.086
v -13.316 -24.068 2.441
v -13.787 -24.064 1.878
v -13.317 -24.902 1.935
v -13.791 -24.663 1.459
v -13.313 -25.466 1.192
v -13.788 -25.107 0.805
v -13.318 -25.737 0.207
v -13.79 -25.258 -0.03
v -13.315 -25.616 -0.805
v -13.792 -25.08 -0.835
v -13.316 -25.378 -1.371
v -13.791 -24.662 -1.459
v -13.31 -25.017 -1.815
v -13.786 -24.421 -1.666
v -13.31 -24.183 -2.381
v -13.795 -23.563 -2.057
v -13.791 -24.097 -1.877
v -13.314 -23.233 -2.591
v -13.794 -22.907 -2.087
v -13.317 -22.281 -2.444
v -13.787 -22.217 -1.874
v -13.312 -21.474 -1.995
v -13.795 -21.597 -1.402
v -13.315 -20.851 -1.222
v -13.788 -21.176 -0.744
v -13.315 -20.582 -0.358
v -13.788 -21.056 0.001
v -13.318 -20.585 0.445
v -13.794 -21.21 0.773
v -13.312 -20.789 1.133
v -13.313 -21.028 1.52
v -13.79 -21.653 1.46
v -13.317 -20.166 -0.567
v -12.303 -20.255 0.804
v -12.304 -20.643 -1.848
v -13.31 -20.639 -1.845
v -12.302 -21.565 -2.859
v -13.314 -21.565 -2.859
v -12.305 -22.788 -3.457
v -13.316 -22.787 -3.456
v -12.301 -24.156 -3.514
v -13.315 -24.157 -3.515
v -12.304 -28.775 -1.342
v -13.318 -28.894 0.743
v -12.301 -28.177 2.681
v -13.315 -28.178 2.68
v -12.301 -26.777 4.2
v -12.305 -24.933 5.092
v -12.304 -20.911 4.496
v -12.303 -19.392 3.097
v -13.31 -18.494 1.253
v -12.298 -18.495 1.252
v -13.317 -18.648 -1.848
v -13.316 -19.094 -2.771
v -13.314 -19.718 -3.604
v -13.312 -21.057 -2.412
v -13.318 -20.346 -1.223
v -13.317 -20.495 -4.321
v -13.312 -22.129 -3.216
v -13.316 -21.387 -4.856
v -13.318 -20.138 0.117
v -13.317 -18.35 0.207
v -13.313 -20.253 0.805
v -13.313 -23.47 -3.544
v -13.316 -23.383 -5.333
v -13.311 -24.422 -5.3
v -13.317 -20.464 1.458
v -13.314 -19.39 3.098
v -13.314 -18.854 2.204
v -13.311 -20.818 2.027
v -13.318 -25.44 -5.036
v -13.312 -20.074 3.873
v -13.311 -24.809 -3.335
v -13.317 -21.299 2.53
v -13.311 -25.434 -3.037
v -13.31 -26.357 -4.585
v -13.313 -21.832 2.949
v -13.311 -20.907 4.499
v -13.31 -27.191 -3.96
v -13.314 -26.003 -2.651
v -13.313 -21.862 4.945
v -13.318 -22.461 3.245
v -13.315 -26.45 -2.145
v -13.311 -23.111 3.427
v -13.313 -26.806 -1.548
v -13.311 -22.843 5.184
v -13.311 -23.796 3.457
v -13.311 -28.413 -2.322
v -13.312 -23.887 5.243
v -13.311 -27.133 -0.207
v -13.31 -24.927 5.095
v -13.312 -25.137 3.129
v -13.317 -28.923 -0.299
v -13.314 -25.913 4.736
v -13.312 -26.775 4.201
v -13.318 -28.626 1.726
v -13.311 -26.924 1.133
v -13.313 -27.55 3.515
v -13.317 -26.243 2.292
v -12.299 -18.644 -1.846
v -12.305 -19.095 -2.772
v -12.302 -19.718 -3.604
v -12.301 -21.058 -2.413
v -12.298 -20.341 -1.22
v -12.305 -20.495 -4.321
v -12.305 -20.167 -0.568
v -12.298 -18.405 -0.832
v -12.301 -22.13 -3.217
v -12.304 -21.388 -4.856
v -12.3 -20.134 0.12
v -12.299 -18.346 0.21
v -12.303 -23.472 -3.545
v -12.304 -23.383 -5.333
v -12.3 -24.423 -5.301
v -12.3 -20.461 1.46
v -12.304 -18.856 2.203
v -12.299 -20.818 2.027
v -12.303 -25.438 -5.034
v -12.303 -20.076 3.871
v -12.298 -24.809 -3.334
v -12.302 -21.297 2.532
v -12.304 -25.439 -3.039
v -12.303 -26.361 -4.588
v -12.301 -21.833 2.949
v -12.301 -27.194 -3.961
v -12.301 -26.002 -2.651
v -12.302 -21.863 4.944
v -12.299 -22.456 3.248
v -12.305 -26.452 -2.146
v -12.297 -23.111 3.427
v -12.298 -27.907 -3.215
v -12.301 -26.806 -1.549
v -12.299 -22.844 5.184
v -12.297 -23.796 3.457
v -12.302 -28.415 -2.323
v -12.298 -23.885 5.244
v -12.301 -27.134 -0.208
v -12.304 -27.047 -0.895
v -12.3 -25.138 3.128
v -12.299 -28.92 -0.297
v -12.302 -25.914 4.735
v -12.304 -28.894 0.743
v -12.299 -27.103 0.478
v -12.298 -25.732 2.772
v -12.298 -28.622 1.729
v -12.3 -26.627 1.758
v -12.301 -26.926 1.132
v -12.304 -27.553 3.513
v -12.302 -26.241 2.293
v -13.311 -18.405 -0.832
v -12.304 -22.341 -5.184
v -13.311 -22.337 -5.181
v -13.317 -27.911 -3.218
v -13.312 -28.771 -1.339
v -13.315 -27.045 -0.894
v -13.313 -27.104 0.477
v -13.318 -26.631 1.755
v -13.31 -25.732 2.772
v -12.302 -24.484 3.336
v -13.313 -24.483 3.337
v -15.993 -5.152 7.507
v -16.8 0 5.987
v -16.802 -0.002 7.505
v -15.934 -5.301 5.987
v -13.611 -9.829 7.506
v -13.46 -10.035 5.988
v -9.95 -13.554 7.505
v -9.621 -13.791 5.986
v -5.306 -15.938 7.504
v -4.768 -16.115 5.986
v -12.364 14.89 1.428
v -12.243 16.113 4.08
v -12.985 15.549 4.141
v -12.239 16.116 -4.079
v -12.365 14.89 -1.432
v -12.99 15.545 -4.142
v -11.081 16.024 1.459
v -10.093 17.546 3.1
v -10.786 17.124 3.573
v -11.5 16.648 3.9
v -9.828 17.217 1.46
v -8.548 18.348 0
v -8.666 18.319 0.894
v -8.991 18.142 1.759
v -9.472 17.901 2.502
v -11.076 16.027 -1.458
v -11.527 16.65 -3.902
v -10.786 17.124 -3.576
v -10.095 17.545 -3.126
v -9.825 17.219 -1.458
v -9.475 17.899 -2.533
v -8.993 18.141 -1.786
v -8.668 18.288 -0.923
v -12.3 -23.142 3.516
v -3.899 -23.141 3.516
v -3.869 -23.826 3.427
v -12.299 -24.482 3.248
v -3.782 -24.483 3.247
v -12.303 -25.617 2.471
v -3.519 -25.618 2.47
v -12.299 -26.388 1.341
v -3.335 -26.597 0.686
v -3.34 -26.065 1.934
v -3.129 -26.391 1.34
v -2.893 -26.601 0.683
v -2.652 -26.659 -0.001
v -12.301 -26.658 0
v -3.334 -26.597 -0.684
v -2.41 -26.596 -0.684
v -2.179 -26.393 -1.342
v -12.3 -26.389 -1.34
v -3.332 -26.06 -1.934
v -1.964 -26.061 -1.935
v -1.789 -25.616 -2.473
v -12.301 -25.615 -2.472
v -3.34 -24.486 -3.249
v -1.52 -24.484 -3.247
v -1.428 -23.827 -3.425
v -1.4 -23.143 -3.515
v -12.298 -23.141 -3.513
v -12.303 -24.485 -3.247
v -12.305 -20.673 2.47
v -3.779 -21.8 3.249
v -12.299 -19.925 1.341
v -12.302 -21.803 3.246
v -3.87 -22.457 3.426
v -12.3 -23.142 3.516
v -3.899 -23.141 3.516
v -3.333 -21.801 -3.245
v -12.298 -23.141 -3.513
v -1.43 -22.488 -3.425
v -12.299 -21.801 -3.245
v -12.304 -20.673 -2.474
v -3.338 -20.255 -1.937
v -1.968 -20.256 -1.937
v -2.178 -19.929 -1.342
v -12.304 -19.928 -1.342
v -3.335 -19.718 -0.685
v -2.416 -19.721 -0.687
v -2.652 -19.659 -0.001
v -12.298 -19.656 0.002
v -3.333 -19.716 0.687
v -2.89 -19.718 0.685
v -3.126 -19.925 1.341
v -3.336 -20.254 1.936
v -1.789 -25.616 -2.473
v -0.446 -27.938 -6.225
v -0.771 -29.068 -5.3
v -1.612 -25.112 -2.921
v -0.207 -26.657 -6.939
v -1.964 -26.061 -1.935
v -1.194 -30.025 -4.171
v -1.52 -24.484 -3.247
v -0.057 -25.226 -7.356
v -2.179 -26.393 -1.342
v -1.641 -30.711 -2.861
v -1.428 -23.827 -3.424
v -0.003 -23.771 -7.507
v -2.41 -26.596 -0.684
v -2.142 -31.124 -1.458
v -1.4 -23.143 -3.515
v -2.652 -26.659 -0.001
v -2.653 -31.276 -0.001
v -3.161 -31.128 1.458
v -1.434 -22.461 -3.427
v -2.893 -26.601 0.683
v -3.666 -30.711 2.858
v -1.518 -21.802 -3.246
v -0.002 -18.498 -7.507
v -3.129 -26.391 1.34
v -4.11 -30.023 4.17
v -1.61 -21.208 -2.92
v -0.358 -17.485 -6.494
v -3.34 -26.065 1.934
v -4.526 -29.07 5.302
v -1.785 -20.669 -2.471
v -3.519 -25.618 2.47
v -4.855 -27.939 6.225
v -3.69 -25.107 2.92
v -5.093 -26.657 6.94
v -3.782 -24.483 3.247
v -2.593 -17.307 -0.18
v -5.244 -25.229 7.356
v -3.87 -23.827 3.426
v -5.301 -23.768 7.506
v -3.87 -22.456 3.427
v -4.762 -16.826 5.989
v -3.512 -20.669 2.474
v -3.697 -21.209 2.917
v -5.306 -15.938 7.504
v -4.768 -16.115 5.986
v 5.299 -23.771 -7.507
v 9.529 -21.03 -7.507
v 9.353 -22.071 -7.506
v 9.297 -23.141 -7.504
v 9.295 -23.35 -7.505
v 9.325 -23.559 -7.505
v 9.32 -23.771 -7.507
v 12.897 -13.284 -7.506
v 14.507 -14.147 -7.505
v 12.834 -15.669 -7.508
v 14.834 -11.05 -7.506
v 17.242 -10.636 -7.508
v 15.966 -12.45 -7.506
v 10.603 -15.161 -7.506
v 12.064 -16.381 -7.505
v 11.351 -17.184 -7.505
v 16.412 -8.548 -7.506
v 18.319 -8.667 -7.506
v 8.07 -16.651 -7.507
v 10.75 -18.052 -7.507
v 10.244 -19.005 -7.507
v 9.833 -19.983 -7.504
v 17.574 -5.807 -7.505
v 19.744 -4.441 -7.508
v 19.153 -6.582 -7.505
v 5.3 -17.724 -7.507
v 18.254 -2.952 -7.508
v 20.137 -2.233 -7.505
v 18.501 0.003 -7.504
v 20.253 0 -7.506
v 20.168 1.998 -7.504
v -1.821 -18.41 -7.508
v -0.002 -18.498 -7.507
v -0.003 -23.771 -7.507
v 18.409 1.818 -7.505
v 18.141 3.605 -7.505
v 19.869 3.963 -7.505
v -3.601 -18.137 -7.504
v -5.364 -17.694 -7.507
v 17.696 5.364 -7.504
v 19.393 5.87 -7.504
v 17.098 7.09 -7.505
v 18.701 7.741 -7.508
v 17.875 9.534 -7.504
v -15.995 -23.769 -7.506
v -7.087 -17.096 -7.505
v 16.323 8.728 -7.505
v -8.723 -16.32 -7.504
v 16.827 11.258 -7.507
v 15.37 10.276 -7.506
v 15.666 12.837 -7.506
v 14.293 11.733 -7.508
v -15.994 -17.99 -7.506
v -11.735 -14.297 -7.506
v -10.274 -15.368 -7.505
v 13.08 13.078 -7.504
v 14.324 14.325 -7.507
v -16.143 -15.696 -7.506
v -13.08 -13.079 -7.508
v 11.733 14.295 -7.507
v 12.838 15.668 -7.506
v -16.533 -13.405 -7.507
v -14.293 -11.733 -7.504
v 11.257 16.828 -7.507
v 10.279 15.371 -7.504
v -17.184 -11.198 -7.505
v -15.365 -10.273 -7.504
v -16.321 -8.726 -7.505
v 8.728 16.323 -7.505
v 9.529 17.87 -7.507
v -18.113 -9.057 -7.508
v 7.091 17.099 -7.505
v -17.099 -7.09 -7.507
v 7.741 18.703 -7.507
v -19.035 -6.911 -7.507
v -17.693 -5.362 -7.506
v 5.357 17.69 -7.508
v 5.871 19.392 -7.504
v -19.716 -4.645 -7.505
v -18.136 -3.602 -7.504
v 3.964 19.868 -7.505
v 3.601 18.137 -7.507
v 1.815 18.406 -7.507
v -20.106 -2.353 -7.506
v -18.403 -1.814 -7.504
v 1.994 20.163 -7.507
v -0.001 20.253 -7.506
v -0.002 18.495 -7.507
v -1.821 18.405 -7.508
v -20.256 -0.002 -7.507
v -18.493 0.003 -7.504
v -20.167 1.994 -7.507
v -18.138 3.605 -7.505
v -18.411 1.814 -7.508
v -2 20.162 -7.508
v -3.963 19.866 -7.507
v -3.607 18.138 -7.507
v -5.358 17.695 -7.504
v -19.864 3.964 -7.504
v -17.694 5.36 -7.507
v -5.869 19.389 -7.507
v -19.39 5.868 -7.506
v -17.096 7.089 -7.505
v -7.742 18.706 -7.505
v -7.09 17.096 -7.506
v -18.709 7.742 -7.508
v -17.872 9.53 -7.507
v -16.324 8.726 -7.507
v -9.53 17.872 -7.505
v -8.73 16.32 -7.508
v -16.832 11.257 -7.508
v -15.372 10.274 -7.507
v -11.259 16.828 -7.506
v -10.273 15.371 -7.504
v -11.737 14.296 -7.507
v -15.666 12.838 -7.505
v -13.076 13.075 -7.506
v -14.294 11.738 -7.504
v -12.836 15.668 -7.505
v -14.325 14.328 -7.505
v 1.787 -25.615 2.472
v 0.447 -27.939 6.225
v 0.771 -29.073 5.3
v 1.611 -25.107 2.92
v 0.208 -26.658 6.94
v 1.967 -26.062 1.936
v 1.194 -30.022 4.171
v 1.515 -24.486 3.245
v 0.059 -25.229 7.357
v 2.177 -26.388 1.342
v 1.636 -30.71 2.858
v 1.428 -23.83 3.424
v 0.002 -23.767 7.507
v 2.41 -26.6 0.684
v 2.143 -31.127 1.459
v 1.397 -23.146 3.513
v 2.651 -26.658 0
v 2.65 -31.275 0
v 3.157 -31.126 -1.46
v 1.429 -22.459 3.425
v 2.887 -26.6 -0.686
v 3.662 -30.71 -2.86
v 1.515 -21.806 3.245
v 3.132 -26.387 -1.338
v 4.114 -30.021 -4.168
v 3.335 -26.063 -1.937
v 0.538 -17.482 5.988
v 0.001 -16.798 7.506
v 1.61 -21.206 2.92
v 4.529 -29.069 -5.301
v 1.788 -20.67 2.473
v 0.535 -16.8 5.986
v 3.515 -25.615 -2.472
v 1.963 -20.256 1.935
v 2.173 -19.927 1.34
v 4.858 -27.937 -6.224
v 3.694 -25.108 -2.918
v 5.091 -26.66 -6.941
v 3.783 -24.484 -3.247
v 5.245 -25.226 -7.356
v 3.868 -23.831 -3.427
v 2.769 -17.276 -0.328
v 2.415 -19.717 0.686
v 2.648 -19.661 -0.002
v 2.886 -19.72 -0.686
v 3.131 -19.924 -1.338
v 3.332 -20.257 -1.938
v 5.299 -23.771 -7.507
v 3.783 -21.803 -3.246
v 3.875 -22.456 -3.424
v 3.902 -23.143 -3.514
v 4.941 -16.801 -6.495
v 3.517 -20.669 -2.471
v 3.696 -21.205 -2.918
v 5.3 -17.724 -7.507
v -19.541 -21.476 1.25
v -19.542 -21.12 0.505
v 23.467 -21.12 0.505
v 23.47 -21.476 1.251
v -19.535 -22.068 1.789
v 23.467 -22.074 1.785
v -19.535 -22.843 2.087
v 23.467 -22.848 2.083
v -19.539 -23.65 2.025
v 23.474 -23.647 2.027
v -19.535 -24.391 1.7
v 23.467 -24.397 1.696
v -19.541 -24.962 1.071
v 23.473 -24.959 1.073
v -19.538 -25.228 0.298
v 23.47 -25.229 0.298
v -19.541 -25.2 -0.507
v -19.536 -24.839 -1.25
v 23.471 -25.198 -0.506
v 23.472 -24.84 -1.25
v -19.541 -24.247 -1.788
v 23.473 -24.244 -1.786
v -19.536 -23.469 -2.083
v 23.47 -23.471 -2.085
v -19.541 -22.638 -2.026
v 23.475 -22.634 -2.024
v -19.54 -21.893 -1.698
v 23.467 -21.895 -1.7
v -19.538 -21.355 -1.072
v 23.467 -21.359 -1.074
v -19.536 -21.086 -0.296
v 23.47 -21.088 -0.298
v 0.002 -23.767 7.507
v 9.356 -22.068 7.508
v 9.293 -23.143 7.506
v 9.293 -23.352 7.506
v 9.322 -23.561 7.506
v 9.323 -23.769 7.506
v 11.881 -11.887 7.504
v 14.504 -14.149 7.505
v 12.835 -15.669 7.505
v 12.99 -10.661 7.508
v 15.961 -12.453 7.504
v 10.666 -12.984 7.507
v 12.064 -16.381 7.506
v 13.968 -9.324 7.505
v 17.248 -10.632 7.507
v 9.325 -13.968 7.507
v 11.351 -17.184 7.507
v 14.805 -7.921 7.507
v 18.314 -8.67 7.504
v 7.925 -14.802 7.507
v 10.749 -18.052 7.504
v 10.25 -19.001 7.508
v 15.519 -6.433 7.506
v 19.156 -6.58 7.508
v 6.436 -15.517 7.507
v 9.83 -19.986 7.506
v 16.084 -4.885 7.506
v 19.75 -4.437 7.507
v 4.881 -16.087 7.504
v 9.534 -21.026 7.507
v 3.273 -16.474 7.504
v 16.47 -3.278 7.505
v 20.132 -2.236 7.505
v 1.64 -16.708 7.507
v 16.709 -1.638 7.506
v 20.256 0.002 7.507
v 0.001 -16.798 7.506
v 16.8 0.001 7.506
v 20.167 1.997 7.507
v 16.706 1.636 7.504
v 16.47 3.275 7.505
v 19.867 3.962 7.506
v 16.083 4.884 7.505
v 19.388 5.866 7.505
v 18.701 7.741 7.504
v 15.522 6.436 7.508
v 17.872 9.532 7.506
v -7.715 -14.923 7.506
v -5.306 -15.938 7.504
v -5.301 -23.768 7.506
v 14.801 7.921 7.505
v 13.967 9.321 7.505
v 16.829 11.259 7.506
v 12.985 10.662 7.505
v 15.664 12.835 7.504
v -15.991 -17.988 7.508
v -9.95 -13.554 7.505
v -15.994 -23.768 7.506
v 11.886 11.885 7.507
v 14.331 14.33 7.508
v -16.148 -15.7 7.504
v -11.945 -11.825 7.506
v 10.666 12.988 7.507
v 12.839 15.668 7.507
v -16.535 -13.406 7.504
v -13.611 -9.829 7.506
v 9.322 13.969 7.506
v 11.259 16.829 7.506
v -17.185 -11.198 7.507
v 7.925 14.805 7.507
v -14.979 -7.593 7.507
v 9.53 17.871 7.505
v -18.107 -9.053 7.507
v 7.744 18.705 7.506
v 6.437 15.52 7.507
v -19.033 -6.91 7.506
v -15.993 -5.152 7.507
v 5.868 19.39 7.506
v 4.883 16.083 7.505
v 3.274 16.47 7.505
v -19.717 -4.646 7.506
v -16.593 -2.623 7.505
v 3.959 19.865 7.505
v -20.103 -2.352 7.507
v -16.802 -0.002 7.505
v 1.992 20.162 7.504
v 1.636 16.708 7.505
v -0.004 16.796 7.504
v 0.001 20.255 7.506
v -20.253 0 7.506
v -20.161 1.998 7.508
v -16.469 3.278 7.507
v -16.713 1.636 7.504
v -1.998 20.163 7.504
v -1.634 16.712 7.508
v -3.272 16.474 7.508
v -3.962 19.867 7.506
v -19.863 3.964 7.508
v -16.084 4.885 7.506
v -5.866 19.392 7.507
v -4.889 16.081 7.504
v -6.432 15.519 7.507
v -19.392 5.867 7.505
v -7.742 18.706 7.507
v -7.919 14.806 7.508
v -18.704 7.745 7.506
v -15.514 6.437 7.508
v -17.869 9.533 7.507
v -13.969 9.323 7.506
v -14.801 7.925 7.507
v -9.531 17.872 7.506
v -16.827 11.26 7.507
v -12.987 10.663 7.505
v -11.257 16.83 7.507
v -9.324 13.969 7.505
v -15.667 12.837 7.506
v -11.888 11.882 7.504
v -12.836 15.668 7.507
v -10.667 12.984 7.504
v -14.329 14.325 7.505
v 12.067 -11.673 5.989
v 13.667 -10.934 5.985
v 12.571 -12.181 5.988
v 10.904 -12.806 5.988
v 11.321 -13.342 5.988
v 13.136 -10.484 5.987
v 14.657 -9.56 5.988
v 9.625 -13.788 5.989
v 10.008 -14.356 5.987
v 14.091 -9.172 5.988
v 15.522 -8.099 5.989
v 8.255 -14.651 5.989
v 8.578 -15.25 5.987
v 14.894 -7.773 5.988
v 16.234 -6.582 5.987
v 6.793 -15.368 5.988
v 7.06 -16.024 5.987
v 15.581 -6.312 5.988
v 16.769 -4.974 5.987
v 5.305 -15.933 5.988
v 5.481 -16.62 5.987
v 16.115 -4.795 5.987
v 17.183 -3.338 5.985
v 3.721 -16.384 5.986
v 3.872 -17.067 5.987
v 16.501 -3.217 5.987
v 17.425 -1.668 5.987
v 2.142 -16.652 5.985
v 2.205 -17.364 5.987
v 16.707 -1.61 5.986
v 17.517 0.002 5.988
v 0.535 -16.8 5.986
v 0.538 -17.482 5.988
v 16.8 0.001 5.987
v 16.707 1.637 5.986
v 17.425 1.728 5.987
v 17.158 3.426 5.987
v 16.471 3.276 5.987
v 16.736 5.091 5.985
v 16.084 4.885 5.987
v 16.174 6.702 5.987
v 15.518 6.434 5.987
v -7.419 -15.847 5.986
v -4.768 -16.115 5.986
v -4.762 -16.826 5.989
v -7.296 -15.13 5.988
v 15.426 8.249 5.986
v 14.807 7.926 5.989
v 13.97 9.323 5.987
v 14.563 9.708 5.986
v -9.885 -14.443 5.989
v -9.621 -13.791 5.986
v 12.983 10.66 5.985
v 13.523 11.11 5.987
v -12.061 -12.657 5.988
v -11.673 -12.061 5.988
v 11.887 11.886 5.988
v 12.357 12.358 5.985
v 11.109 13.522 5.986
v 10.664 12.987 5.988
v -13.967 -10.542 5.988
v -13.46 -10.035 5.988
v 9.71 14.565 5.987
v 9.326 13.972 5.989
v 7.924 14.804 5.988
v 8.252 15.43 5.987
v -15.491 -8.163 5.986
v -14.89 -7.772 5.988
v 6.703 16.174 5.987
v 6.432 15.517 5.986
v -16.594 -5.572 5.985
v -15.934 -5.301 5.987
v 4.882 16.082 5.986
v 5.097 16.742 5.989
v 3.422 17.154 5.985
v 3.279 16.473 5.988
v -17.272 -2.827 5.989
v -16.594 -2.683 5.985
v 1.724 17.422 5.985
v 1.638 16.709 5.987
v -17.517 -0.002 5.985
v -16.8 0 5.987
v 0 17.514 5.987
v 0 16.799 5.987
v -1.637 16.711 5.988
v -16.713 1.636 5.985
v -1.726 17.425 5.987
v -17.423 1.729 5.988
v -3.275 16.472 5.988
v -3.427 17.155 5.986
v -17.153 3.428 5.989
v -16.469 3.278 5.988
v -4.885 16.084 5.987
v -5.09 16.742 5.989
v -16.742 5.091 5.985
v -16.082 4.886 5.988
v -6.7 16.175 5.988
v -6.432 15.519 5.988
v -7.919 14.806 5.989
v -16.178 6.699 5.985
v -15.52 6.432 5.986
v -8.247 15.432 5.989
v -15.43 8.25 5.986
v -13.97 9.322 5.986
v -14.802 7.924 5.987
v -14.562 9.712 5.989
v -12.99 10.661 5.985
v -9.712 14.564 5.986
v -9.322 13.97 5.987
v -10.659 12.989 5.989
v -11.107 13.525 5.988
v -11.882 11.886 5.988
v -13.524 11.109 5.986
v -12.36 12.362 5.987
v 17.098 7.09 -7.505
v 18.501 0.003 -7.504
v 17.515 0.001 -6.493
v 16.176 6.704 -6.492
v 13.08 13.078 -7.504
v 12.36 12.36 -6.494
v 7.091 17.099 -7.505
v 6.705 16.176 -6.492
v -0.002 18.495 -7.507
v -0.003 17.512 -6.495
v -7.09 17.096 -7.506
v -6.702 16.173 -6.493
v -13.076 13.075 -7.506
v -12.364 12.359 -6.495
v -17.096 7.089 -7.505
v -16.177 6.699 -6.495
v -18.493 0.003 -7.504
v -17.515 -0.001 -6.494
v 17.515 0.001 -6.493
v 17.517 0.002 5.988
v 16.174 6.702 5.987
v 16.176 6.704 -6.492
v 12.357 12.358 5.985
v 12.36 12.36 -6.494
v 6.703 16.174 5.987
v 6.705 16.176 -6.492
v -0.003 17.512 -6.495
v 0 17.514 5.987
v -6.7 16.175 5.988
v -6.702 16.173 -6.493
v -12.364 12.359 -6.495
v -12.36 12.362 5.987
v -16.178 6.699 5.985
v -16.177 6.699 -6.495
v -17.515 -0.001 -6.494
v -17.517 -0.002 5.985
v 19.39 5.837 4.14
v 20.252 -0.002 4.139
v 20.256 0.002 7.507
v 18.701 7.741 7.504
v 16.886 11.168 4.139
v 14.331 14.33 7.508
v 19.394 5.84 -4.139
v 20.253 0 -7.506
v 20.255 0.001 -4.14
v 12.988 15.549 4.141
v 12.242 16.114 4.081
v 18.701 7.741 -7.508
v 16.89 11.171 -4.139
v 7.744 18.705 7.506
v 11.498 16.651 3.902
v 10.782 17.127 3.574
v 10.094 17.541 3.096
v 9.471 17.9 2.502
v 8.999 18.142 1.759
v 14.324 14.325 -7.507
v 12.99 15.55 -4.138
v 12.24 16.113 -4.081
v 7.741 18.703 -7.507
v 11.527 16.65 -3.902
v 10.779 17.124 -3.576
v 10.101 17.546 -3.126
v 9.472 17.901 -2.532
v 8.992 18.137 -1.789
v -10.093 17.546 3.1
v -9.472 17.901 2.502
v -7.742 18.706 7.507
v -8.991 18.142 1.759
v -10.786 17.124 3.573
v -11.5 16.648 3.9
v -12.243 16.113 4.08
v -14.329 14.325 7.505
v -12.985 15.549 4.141
v -7.742 18.706 -7.505
v -8.993 18.141 -1.786
v -9.475 17.899 -2.533
v -10.095 17.545 -3.126
v -10.786 17.124 -3.576
v -16.889 11.169 4.14
v -11.527 16.65 -3.902
v -18.704 7.745 7.506
v -12.239 16.116 -4.079
v -19.391 5.837 4.14
v -14.325 14.328 -7.505
v -12.99 15.545 -4.142
v -16.887 11.17 -4.14
v -20.253 0 7.506
v -20.255 -0.001 4.14
v -18.709 7.742 -7.508
v -19.388 5.839 -4.139
v -20.256 -0.002 -7.507
v -20.252 0.002 -4.139
v 0.003 20.256 3.099
v -8.666 18.319 0.894
v 8.67 18.32 0.895
v 0.001 20.255 7.506
v 0.004 20.257 0.895
v -8.548 18.348 0
v 8.55 18.349 0.001
v 0.003 20.256 -0.922
v -8.668 18.288 -0.923
v 8.667 18.288 -0.924
v -0.003 20.252 -3.129
v -0.001 20.253 -7.506
v 15.518 6.434 5.987
v 16.8 0.001 5.987
v 16.8 0.001 7.506
v 15.522 6.436 7.508
v 11.887 11.886 5.988
v 11.886 11.885 7.507
v 6.432 15.517 5.986
v 6.437 15.52 7.507
v 0 16.799 5.987
v -0.004 16.796 7.504
v -6.432 15.519 5.988
v -6.432 15.519 7.507
v -11.888 11.882 7.504
v -11.882 11.886 5.988
v -15.52 6.432 5.986
v -15.514 6.437 7.508
v -16.8 0 5.987
v -16.802 -0.002 7.505
v 13.191 -31.039 -1.848
v 13.251 -31.098 -1.014
v 13.161 -31.099 -1.015
v 13.075 -31.037 -1.013
v 12.84 -30.856 -2.411
v 12.983 -30.86 -2.682
v 12.305 -30.349 -3.662
v 12.327 -30.205 -4.172
v 11.405 -29.311 -5.035
v 11.382 -28.919 -5.628
v 9.947 -26.48 -6.553
v 10.483 -27.195 -6.613
v 10.421 -27.673 -6.138
v 9.652 -25.168 -6.82
v 9.623 -25.167 -6.701
v 9.713 -25.137 -6.909
v 9.803 -25.136 -6.968
v 9.918 -25.109 -7
v 10.933 -28.503 -5.867
v 3.873 -23.827 -3.425
v 9.325 -23.827 -3.424
v 9.296 -23.141 -3.513
v 3.902 -23.143 -3.514
v 3.899 -24.485 3.245
v 9.291 -23.145 3.513
v 9.321 -23.83 3.424
v 9.385 -24.482 3.218
v 1.397 -23.146 3.513
v 3.901 -25.616 2.472
v 9.502 -25.109 2.919
v 9.623 -25.614 2.473
v 2.409 -24.486 3.245
v 1.787 -25.615 2.472
v 1.515 -24.486 3.245
v 1.433 -23.826 3.427
v 3.901 -26.39 1.34
v 9.683 -25.852 2.235
v 9.744 -26.059 1.938
v 9.86 -26.389 1.341
v 2.414 -25.614 2.473
v 1.967 -26.062 1.936
v 3.899 -26.66 -0.002
v 2.887 -26.6 -0.686
v 2.651 -26.658 0
v 2.41 -26.6 0.684
v 2.41 -26.392 1.339
v 2.177 -26.388 1.342
v 3.905 -26.388 -1.339
v 9.682 -25.852 -2.233
v 9.622 -25.615 -2.472
v 3.335 -26.063 -1.937
v 3.132 -26.387 -1.338
v 3.9 -25.617 -2.473
v 9.5 -25.11 -2.92
v 9.386 -24.481 -3.215
v 3.783 -24.484 -3.247
v 3.515 -25.615 -2.472
v 3.9 -24.485 -3.218
v 9.322 -23.561 7.506
v 9.323 -23.769 7.506
v 9.293 -23.352 7.506
v 9.293 -23.143 7.506
v 9.295 -23.35 -7.505
v 9.297 -23.141 -7.504
v 9.325 -23.559 -7.505
v 9.624 -25.613 4.589
v 9.767 -26.153 7.118
v 10.694 -28.177 4.587
v 11.255 -29.013 5.389
v 10.696 -28.175 1.938
v 12.448 -30.323 3.692
v 9.915 -26.601 0.683
v 9.617 -25.618 -3.427
v 9.737 -26.064 -1.937
v 10.689 -28.18 -0.687
v 9.863 -26.387 -1.338
v 9.916 -26.57 -0.686
v 9.948 -26.658 0
v 12.454 -30.289 1.938
v 12.99 -30.766 2.683
v 9.617 -25.618 -6.078
v 10.689 -28.18 -6.078
v 10.184 -27.226 -6.673
v 9.77 -26.151 -7.119
v 10.693 -28.177 -3.425
v 11.858 -29.723 -4.585
v 11.259 -29.011 -5.391
v 12.447 -30.294 -0.687
v 12.45 -30.292 -3.425
v 5.245 -25.226 -7.356
v 9.475 -24.988 -7.385
v 9.32 -23.771 -7.507
v 5.299 -23.771 -7.507
v 9.325 -26.15 7.12
v 9.468 -24.992 7.385
v 10.186 -27.224 6.671
v 9.32 -27.941 6.224
v 10.694 -28.176 6.077
v 10.693 -29.726 4.587
v 11.556 -29.369 5.003
v 11.854 -29.726 4.587
v 12.151 -30.024 4.14
v 9.321 -29.727 4.586
v 10.689 -30.711 2.857
v 12.75 -30.559 3.188
v 12.989 -31.213 0.925
v 4.107 -26.154 7.117
v 0.002 -23.767 7.507
v 9.325 -30.707 2.86
v 2.143 -26.152 7.118
v 0.208 -26.658 6.94
v 0.059 -25.229 7.357
v 4.111 -27.938 6.226
v 10.689 -31.278 -0.002
v 12.99 -31.212 -0.921
v 2.143 -27.94 6.224
v 0.771 -29.073 5.3
v 0.447 -27.939 6.225
v 9.323 -31.275 0
v 4.114 -29.724 4.589
v 10.697 -30.765 -2.679
v 12.985 -30.769 -2.681
v 12.72 -30.559 -3.216
v 12.452 -30.29 -3.692
v 12.151 -30.024 -4.141
v 4.112 -30.708 2.86
v 2.292 -31.216 0.982
v 2.143 -31.127 1.459
v 2.149 -29.723 4.589
v 1.194 -30.022 4.171
v 9.325 -30.766 -2.679
v 10.695 -29.724 -4.586
v 11.558 -29.368 -5.003
v 2.141 -30.711 2.857
v 1.636 -30.71 2.858
v 9.322 -29.726 -4.587
v 4.114 -30.021 -4.168
v 4.529 -29.069 -5.301
v 4.114 -31.272 0.002
v 3.157 -31.126 -1.46
v 3.009 -31.214 -0.982
v 2.65 -31.275 0
v 9.32 -28.179 -6.078
v 5.091 -26.66 -6.941
v 4.858 -27.937 -6.224
v 4.109 -30.77 -2.682
v 3.662 -30.71 -2.86
v 9.323 -26.151 -7.119
v 11.501 -23.915 2.593
v 9.534 -24.422 2.563
v 9.501 -23.918 2.591
v 11.527 -24.424 2.561
v 9.587 -24.903 2.411
v 11.615 -24.901 2.412
v 9.652 -25.347 2.175
v 11.709 -25.345 2.146
v 9.74 -25.734 1.847
v 11.735 -25.556 2.025
v 11.799 -25.732 1.849
v 11.914 -26.062 1.46
v 9.886 -26.302 1.012
v 11.974 -26.3 1.013
v 9.952 -26.447 0.508
v 12.032 -26.45 0.506
v 12.059 -26.512 -0.002
v 12.033 -26.45 -0.507
v 9.948 -26.45 -0.506
v 11.974 -26.3 -1.013
v 9.891 -26.299 -0.982
v 11.881 -26.065 -1.461
v 11.793 -25.736 -1.848
v 11.735 -25.556 -1.996
v 11.705 -25.348 -2.175
v 11.613 -24.903 -2.414
v 11.524 -24.426 -2.563
v 11.494 -23.92 -2.593
v 9.501 -23.918 -2.592
v 9.476 -23.498 -6.7
v 9.469 -23.503 -2.593
v 9.623 -25.167 -6.701
v 9.533 -24.423 -2.561
v 9.594 -24.898 -2.411
v 9.885 -26.333 -6.584
v 9.651 -25.347 -2.174
v 10.305 -27.463 -6.255
v 9.739 -25.735 -1.847
v 10.808 -28.418 -5.75
v 11.376 -29.281 -5.065
v 9.833 -26.06 -1.458
v 11.976 -29.992 -4.258
v 12.508 -30.531 -3.307
v 12.896 -30.918 -2.205
v 9.473 -23.5 6.702
v 9.469 -23.503 2.59
v 13.075 -31.037 -1.013
v 9.95 -26.508 0.001
v 9.621 -25.168 6.702
v 9.89 -26.329 6.583
v 13.077 -31.036 1.013
v 10.309 -27.43 6.257
v 12.897 -30.917 2.204
v 10.815 -28.413 5.75
v 12.513 -30.528 3.308
v 11.377 -29.279 5.063
v 9.827 -26.064 1.458
v 11.972 -29.995 4.258
v 10.308 -26.716 6.792
v 9.916 -25.111 6.998
v 9.801 -25.138 6.97
v 9.706 -25.141 6.908
v 9.651 -25.168 6.821
v 9.621 -25.168 6.702
v 10.217 -27.194 6.344
v 10.933 -28.146 6.166
v 11.11 -28.892 5.391
v 11.643 -29.341 5.241
v 12.122 -30.173 3.991
v 12.388 -30.264 4.079
v 12.774 -30.801 2.619
v 12.99 -30.885 2.653
v 12.987 -30.976 1.788
v 13.169 -31.093 1.014
v 13.077 -31.036 1.013
v 13.253 -31.097 1.012
v 12.21 -19.481 -7
v 11.614 -17.903 -7.001
v 13.342 -17.902 -7
v 10.665 -19.538 -6.999
v 11.496 -21.268 -7
v 10.034 -21.329 -7.001
v 11.199 -23.173 -7
v 9.773 -23.2 -6.998
v 9.918 -25.109 -7
v 11.352 -25.106 -6.998
v 9.476 -23.498 -6.7
v 9.918 -25.109 -7
v 9.798 -25.14 -6.971
v 9.713 -25.137 -6.909
v 9.647 -25.171 -6.822
v 9.623 -25.167 -6.701
v 9.828 -22.608 -7
v 10.422 -20.107 -7.001
v 9.856 -20.763 -6.703
v 10.514 -19.182 -6.702
v 11.523 -17.844 -6.972
v 11.468 -17.781 -6.91
v 11.411 -17.75 -6.819
v 11.382 -17.72 -6.7
v 9.677 -22.579 -6.971
v 9.56 -22.578 -6.851
v 10.279 -20.044 -6.968
v 10.153 -20.018 -6.852
v 9.707 -20.346 7.504
v 9.324 -22.457 3.426
v 9.293 -23.143 7.506
v 9.951 -19.656 0.001
v 12.835 -15.669 7.505
v 9.291 -23.145 3.513
v 12.834 -15.669 -7.508
v 9.921 -19.716 -0.684
v 9.712 -20.342 -7.505
v 9.5 -21.208 -2.92
v 9.384 -21.802 -3.216
v 9.319 -22.461 -3.427
v 9.297 -23.141 -7.504
v 9.946 -19.66 2.471
v 10.928 -17.755 7.504
v 9.617 -20.674 2.47
v 9.742 -20.253 1.937
v 9.857 -19.928 1.339
v 9.944 -19.661 -2.474
v 9.862 -19.924 -1.339
v 9.743 -20.252 -1.934
v 9.625 -20.668 -2.47
v 10.932 -17.752 -7.506
v 3.871 -22.459 -3.426
v 3.902 -23.143 -3.514
v 9.296 -23.141 -3.513
v 3.903 -21.802 -3.246
v 3.783 -21.803 -3.246
v 3.903 -20.67 -2.472
v 3.332 -20.257 -1.938
v 3.517 -20.669 -2.471
v 3.905 -19.924 -1.339
v 9.676 -20.465 -2.236
v 2.886 -19.72 -0.686
v 3.131 -19.924 -1.338
v 3.905 -19.656 0.001
v 9.92 -19.717 0.686
v 2.415 -19.717 0.686
v 2.648 -19.661 -0.002
v 3.906 -19.923 1.342
v 9.681 -20.432 2.234
v 3.9 -20.673 2.471
v 9.503 -21.206 2.919
v 9.386 -21.8 3.219
v 2.412 -19.927 1.34
v 1.963 -20.256 1.935
v 2.173 -19.927 1.34
v 3.899 -21.805 3.215
v 1.397 -23.146 3.513
v 2.411 -20.672 2.471
v 1.788 -20.67 2.473
v 2.409 -21.805 3.215
v 1.43 -22.488 3.426
v 1.515 -21.806 3.245
v 11.468 -23.5 2.592
v 11.501 -23.111 2.593
v 9.469 -23.503 2.59
v 9.501 -23.918 2.591
v 11.501 -23.915 2.593
v 11.471 -23.498 -2.59
v 9.501 -23.114 -2.591
v 11.494 -23.115 -2.593
v 9.501 -23.918 -2.592
v 11.494 -23.92 -2.593
v 9.533 -22.606 -2.56
v 11.524 -22.58 -2.563
v 9.589 -22.102 -2.413
v 11.616 -22.101 -2.413
v 11.709 -21.652 -2.143
v 9.797 -21.09 -1.639
v 9.741 -21.266 -1.846
v 11.797 -21.265 -1.846
v 11.859 -21.085 -1.636
v 11.913 -20.94 -1.46
v 11.97 -20.703 -1.014
v 9.948 -20.552 -0.507
v 12.035 -20.551 -0.505
v 9.947 -20.494 -0.001
v 12.059 -20.495 -0.002
v 12.031 -20.554 0.505
v 9.945 -20.554 0.505
v 11.974 -20.7 1.013
v 9.893 -20.698 0.985
v 11.887 -20.937 1.461
v 11.857 -21.086 1.639
v 11.798 -21.264 1.848
v 9.8 -21.088 1.638
v 11.71 -21.651 2.176
v 9.646 -21.657 2.172
v 11.617 -22.1 2.413
v 9.595 -22.098 2.415
v 11.523 -22.61 2.56
v 9.501 -23.114 2.591
v 13.077 -15.964 -5.003
v 12.152 -16.829 -6.464
v 12.387 -16.563 -6.287
v 12.628 -16.353 -6.047
v 12.868 -16.143 -5.748
v 13.019 -16.023 -5.39
v 11.882 -17.098 -6.584
v 11.65 -17.392 -6.67
v 11.382 -17.72 -6.7
v 9.828 -20.94 -1.46
v 10.514 -19.182 -6.702
v 9.652 -21.653 -2.174
v 9.856 -20.763 -6.703
v 9.889 -20.701 -1.013
v 9.476 -23.498 -6.7
v 13.076 -15.965 5.004
v 9.469 -23.503 -2.593
v 12.867 -16.144 5.749
v 13.013 -16.026 5.39
v 12.625 -16.355 6.044
v 12.387 -16.563 6.283
v 9.826 -20.942 1.458
v 12.151 -16.83 6.463
v 11.886 -17.096 6.583
v 11.647 -17.394 6.673
v 11.374 -17.725 6.7
v 9.742 -21.265 1.848
v 10.094 -20.108 6.7
v 9.621 -21.803 6.702
v 9.53 -22.608 2.561
v 9.473 -23.5 6.702
v 6.436 -15.517 7.507
v 0.535 -16.8 5.986
v 0.001 -16.798 7.506
v 6.793 -15.368 5.988
v 11.881 -11.887 7.504
v 12.067 -11.673 5.989
v 15.519 -6.433 7.506
v 15.581 -6.312 5.988
v 16.8 0.001 7.506
v 16.8 0.001 5.987
v 12.208 -19.482 6.998
v 11.615 -17.902 6.999
v 13.343 -17.902 6.999
v 10.666 -19.537 7.001
v 11.493 -21.27 6.997
v 10.039 -21.326 7
v 11.198 -23.174 6.999
v 9.768 -23.204 6.999
v 9.916 -25.111 6.998
v 11.352 -25.106 7.001
v 9.473 -23.5 6.702
v 9.621 -25.168 6.702
v 9.65 -25.169 6.821
v 9.706 -25.141 6.908
v 9.795 -25.142 6.968
v 9.826 -22.609 6.998
v 10.427 -20.104 7
v 10.094 -20.108 6.7
v 9.621 -21.803 6.702
v 11.53 -17.84 6.971
v 9.677 -22.58 6.968
v 10.156 -20.016 6.85
v 11.465 -17.783 6.909
v 11.407 -17.753 6.82
v 11.374 -17.725 6.7
v 10.277 -20.045 6.97
v 12.359 14.892 1.429
v 12.242 16.114 4.081
v 12.988 15.549 4.141
v 12.24 16.113 -4.081
v 12.361 14.893 -1.43
v 12.99 15.55 -4.138
v 11.083 16.026 1.461
v 10.094 17.541 3.096
v 10.782 17.127 3.574
v 11.498 16.651 3.902
v 9.825 17.213 1.458
v 8.55 18.349 0.001
v 8.67 18.32 0.895
v 8.999 18.142 1.759
v 9.471 17.9 2.502
v 11.084 16.027 -1.458
v 11.527 16.65 -3.902
v 10.779 17.124 -3.576
v 10.101 17.546 -3.126
v 9.826 17.213 -1.461
v 9.472 17.901 -2.532
v 8.992 18.137 -1.789
v 8.667 18.288 -0.924
v 9.768 32.792 -6.315
v 9.774 32.648 -4.496
v 9.802 32.468 -4.496
v 9.769 32.794 -4.498
v 9.826 32.315 -6.346
v 9.828 32.316 -4.498
v 9.294 33.092 3.009
v 9.32 32.196 3.007
v 9.35 32.226 3.126
v 9.41 32.226 3.216
v 9.587 33.059 3.304
v 9.502 32.258 3.276
v 9.62 32.287 3.306
v 10.303 34.43 3.305
v 10.098 34.671 3.009
v 9.558 33.953 3.007
v 9.828 33.805 3.305
v 11.769 35.269 3.129
v 11.764 35.295 3.008
v 10.872 35.117 3.009
v 11.767 35.208 3.218
v 10.994 34.851 3.308
v 11.769 35.12 3.278
v 11.769 35 3.308
v 9.442 33.628 3.157
v 9.565 33.6 3.278
v 10.396 34.85 3.158
v 10.481 34.757 3.275
v 10.487 32.945 3.308
v 10.484 32.495 3.306
v 10.608 32.529 3.279
v 10.697 32.528 3.219
v 10.785 32.915 3.01
v 10.749 32.553 3.126
v 10.778 32.553 3.006
v 11.113 33.54 3.01
v 10.898 33.774 3.304
v 10.602 33.388 3.305
v 10.87 33.269 3.007
v 11.764 33.984 3.276
v 11.769 34.077 3.308
v 11.292 34.017 3.308
v 11.768 33.868 3.218
v 11.407 33.717 3.008
v 11.761 33.804 3.125
v 11.767 33.778 3.009
v 10.666 33.183 3.278
v 10.785 33.153 3.158
v 11.141 33.748 3.277
v 11.203 33.66 3.159
v 10.752 32.704 -4.289
v 10.753 32.794 -4.289
v 10.753 32.794 3.306
v 10.755 32.706 3.307
v 10.786 32.647 -4.287
v 10.785 32.646 3.307
v 10.786 32.558 -4.287
v 10.781 32.555 3.306
v 10.781 33.091 6.284
v 10.482 32.643 6.313
v 10.779 32.732 6.343
v 9.77 32.794 5.332
v 9.829 32.317 5.361
v 9.861 32.378 5.66
v 11.765 34.283 6.017
v 11.59 33.928 6.138
v 11.765 33.955 6.136
v 11.764 34.788 5.152
v 11.05 34.67 5.153
v 11.769 34.733 5.512
v 10.069 32.884 6.017
v 9.982 32.468 5.959
v 10.214 32.553 6.164
v 10.098 33.27 5.957
v 9.915 33.595 5.24
v 9.797 33.179 5.271
v 10.244 33.626 5.926
v 10.876 33.452 6.227
v 10.452 33.923 5.866
v 11.112 33.719 6.197
v 10.364 34.223 5.212
v 10.72 34.192 5.837
v 11.382 33.869 6.167
v 11.055 34.405 5.81
v 11.374 34.518 5.806
v 11.767 34.552 5.809
v 9.768 32.644 3.514
v 9.771 32.795 3.515
v 9.795 32.463 3.513
v 9.825 32.314 3.513
v 15.786 -30.649 -1.013
v 15.609 -30.499 -1.667
v 15.667 -30.53 -1.013
v 11.883 -26.272 -6.792
v 11.88 -26.929 -6.704
v 11.439 -25.078 -6.969
v 11.554 -25.081 -6.912
v 11.62 -25.047 -6.819
v 11.612 -25.052 -6.704
v 12.091 -26.57 -6.465
v 12.365 -27.37 -6.432
v 12.715 -28.507 -5.959
v 12.808 -27.908 -5.867
v 12.781 -28.116 -6.045
v 13.611 -29.16 -5.213
v 13.791 -29.785 -4.765
v 14.323 -29.848 -4.41
v 14.837 -30.646 -3.274
v 13.646 -28.978 -4.972
v 14.8 -29.996 -3.457
v 14.985 -30.379 -3.454
v 15.4 -30.381 -2.323
v 15.426 -30.651 -2.623
v 15.307 -30.978 -2.205
v 15.76 -30.825 -1.696
v 15.813 -30.771 -1.014
v 15.815 -30.918 -1.013
v 15.725 -31.038 -1.014
v 15.636 -31.097 -1.013
v 12.065 -26.746 -6.671
v 13.254 -28.773 -5.57
v 13.824 -29.366 -5.002
v 15.552 -30.736 -2.351
v 15.455 -31.068 -1.64
v 13.251 -31.098 -1.014
v 15.52 -31.095 -1.012
v 13.224 -31.067 -1.639
v 15.313 -30.974 -2.262
v 13.105 -30.977 -2.234
v 15.046 -30.795 -2.857
v 14.74 -30.622 -3.397
v 12.931 -30.825 -2.828
v 14.419 -30.349 -3.901
v 12.719 -30.619 -3.365
v 14.086 -30.055 -4.38
v 12.482 -30.35 -3.901
v 13.732 -29.725 -4.825
v 12.209 -30.056 -4.38
v 13.401 -29.37 -5.214
v 11.942 -29.727 -4.826
v 13.075 -28.952 -5.6
v 11.646 -29.339 -5.242
v 11.796 -29.546 -5.033
v 12.752 -28.502 -5.925
v 11.079 -28.476 -5.958
v 11.375 -28.924 -5.631
v 12.151 -27.493 -6.494
v 10.6 -27.465 -6.525
v 11.642 -26.363 -6.882
v 10.186 -26.331 -6.881
v 11.352 -25.106 -6.998
v 9.918 -25.109 -7
v 12.99 -30.766 2.683
v 12.985 -30.769 -2.681
v 12.983 -31.158 -1.372
v 12.986 -31.275 0
v 12.983 -31.158 1.368
v 17.304 -23.651 2.025
v 17.006 -24.127 1.995
v 16.92 -23.678 2.115
v 17.308 -23.618 2.057
v 17.484 -24.365 1.698
v 17.152 -24.516 1.785
v 17.335 -24.96 1.4
v 17.755 -24.898 1.134
v 17.51 -25.32 0.951
v 17.901 -25.139 0.655
v 17.66 -25.498 0.415
v 17.991 -25.258 0.06
v 17.693 -25.555 -0.148
v 17.931 -25.168 -0.536
v 17.599 -25.41 -0.717
v 17.781 -24.961 -1.103
v 17.425 -25.139 -1.191
v 17.57 -24.575 -1.551
v 17.25 -24.749 -1.606
v 17.394 -24.097 -1.877
v 17.035 -24.247 -1.937
v 17.271 -23.533 -2.057
v 16.918 -23.471 -2.145
v 17.274 -23.115 -2.086
v 16.922 -22.634 -2.113
v 17.308 -22.694 -2.054
v 15.517 -31.097 1.012
v 15.636 -31.097 -1.013
v 15.665 -31.067 1.012
v 15.725 -31.038 -1.014
v 15.755 -30.977 1.012
v 15.815 -30.918 -1.013
v 15.815 -30.859 1.012
v 15.813 -30.771 -1.014
v 15.812 -30.712 1.011
v 15.786 -30.649 -1.013
v 15.759 -30.617 1.014
v 15.667 -30.53 -1.013
v 15.667 -30.53 1.013
v 11.494 -23.92 -2.593
v 11.612 -25.052 -6.704
v 11.469 -23.5 -6.701
v 11.471 -23.498 -2.59
v 11.524 -24.426 -2.563
v 11.613 -24.903 -2.414
v 12.419 -27.285 -6.196
v 11.945 -26.18 -6.582
v 11.705 -25.348 -2.175
v 13.015 -28.208 -5.66
v 11.793 -25.736 -1.848
v 13.646 -28.978 -4.972
v 11.881 -26.065 -1.461
v 14.294 -29.609 -4.171
v 11.974 -26.3 -1.013
v 14.956 -30.081 -3.245
v 12.033 -26.45 -0.507
v 15.461 -30.409 -2.203
v 11.47 -23.498 6.703
v 11.501 -23.915 2.593
v 11.468 -23.5 2.592
v 15.611 -30.498 -1.606
v 12.059 -26.512 -0.002
v 11.616 -25.05 6.702
v 11.615 -24.901 2.412
v 11.527 -24.424 2.561
v 11.945 -26.181 6.583
v 12.032 -26.45 0.506
v 15.606 -30.501 1.608
v 12.419 -27.284 6.195
v 11.709 -25.345 2.146
v 15.46 -30.41 2.205
v 13.015 -28.208 5.658
v 11.799 -25.732 1.849
v 14.954 -30.082 3.247
v 11.974 -26.3 1.013
v 13.642 -28.981 4.974
v 11.914 -26.062 1.46
v 14.298 -29.606 4.171
v 15.52 -31.095 -1.012
v 13.251 -31.098 -1.014
v 13.253 -31.097 1.012
v 13.169 -31.093 1.014
v 13.161 -31.099 -1.015
v 13.075 -31.037 -1.013
v 13.077 -31.036 1.013
v 13.253 -31.097 1.012
v 11.616 -25.05 6.821
v 11.946 -26.18 6.583
v 11.616 -25.05 6.702
v 11.56 -25.077 6.912
v 11.436 -25.08 6.969
v 11.352 -25.106 7.001
v 15.813 -30.86 1.339
v 15.665 -31.067 1.012
v 15.755 -30.977 1.012
v 15.815 -30.859 1.012
v 15.812 -30.712 1.011
v 15.759 -30.617 1.014
v 15.667 -30.53 1.013
v 15.455 -30.443 2.143
v 15.37 -31.006 2.085
v 14.979 -30.383 3.454
v 14.986 -30.14 3.159
v 14.147 -29.459 4.408
v 13.914 -29.902 4.619
v 14.924 -30.738 3.098
v 13.966 -29.52 4.823
v 13.227 -28.503 5.422
v 12.841 -28.651 5.84
v 12.957 -28.356 5.898
v 12.391 -27.224 6.225
v 12.093 -26.836 6.642
v 15.607 -30.768 2.204
v 15.397 -30.65 2.71
v 15.131 -30.441 3.247
v 14.122 -29.664 4.648
v 13.106 -28.564 5.749
v 12.214 -27.133 6.554
v 11.913 -27.046 6.671
v 12.005 -26.597 6.703
v 10.19 -26.328 6.882
v 9.916 -25.111 6.998
v 11.677 -26.36 6.881
v 10.604 -27.462 6.523
v 12.155 -27.52 6.495
v 11.082 -28.473 5.958
v 12.745 -28.507 5.926
v 11.649 -29.336 5.244
v 11.379 -28.921 5.63
v 13.049 -28.949 5.601
v 11.916 -29.724 4.826
v 11.796 -29.547 5.064
v 13.4 -29.371 5.211
v 12.213 -30.053 4.379
v 13.762 -29.725 4.826
v 12.477 -30.353 3.9
v 14.086 -30.085 4.377
v 12.716 -30.621 3.394
v 14.416 -30.352 3.902
v 12.925 -30.829 2.828
v 14.741 -30.622 3.394
v 13.106 -30.976 2.234
v 15.037 -30.831 2.857
v 15.311 -30.976 2.264
v 13.222 -31.068 1.637
v 15.456 -31.068 1.637
v 13.253 -31.097 1.012
v 15.517 -31.097 1.012
v 10.007 -14.357 -6.494
v 5.3 -17.724 -7.507
v 4.941 -16.801 -6.495
v 10.603 -15.161 -7.506
v 14.031 -10.483 -6.492
v 14.834 -11.05 -7.506
v 16.623 -5.508 -6.492
v 17.574 -5.807 -7.505
v 17.515 0.001 -6.493
v 18.501 0.003 -7.504
v 15.605 -16.503 -5.363
v 15.755 -16.413 -5.005
v 15.669 -16.47 -5.003
v 15.485 -15.938 -5.333
v 15.664 -15.937 -5.006
v 13.554 -18.079 -6.82
v 14.055 -17.606 -6.614
v 13.585 -18.107 -6.7
v 13.521 -18.051 -6.911
v 13.429 -17.993 -6.972
v 15.82 -16.141 -5.151
v 15.758 -16.024 -5.003
v 15.816 -16.144 -5.004
v 15.818 -16.291 -5.003
v 15.759 -16.171 -5.449
v 15.665 -16.235 -5.601
v 15.368 -16.025 -5.66
v 15.429 -16.62 -5.689
v 15.551 -16.291 -5.807
v 15.37 -16.411 -6.046
v 15.01 -16.264 -6.136
v 15.128 -16.801 -6.018
v 15.192 -16.53 -6.224
v 14.896 -16.737 -6.432
v 14.179 -16.977 -6.761
v 14.594 -17.186 -6.404
v 14.477 -17.096 -6.701
v 14.177 -17.336 -6.791
v 13.342 -17.902 -7
v 11.469 -23.5 -6.701
v 11.612 -25.052 -6.704
v 11.617 -25.049 -6.821
v 11.554 -25.081 -6.912
v 11.436 -25.08 -6.971
v 11.352 -25.106 -6.998
v 11.233 -22.545 -6.998
v 11.946 -20.044 -6.999
v 11.705 -21.565 -6.702
v 13.554 -18.078 -6.82
v 12.453 -19.716 -6.7
v 13.432 -17.991 -6.97
v 11.376 -22.579 -6.971
v 12.061 -20.107 -6.971
v 15.221 -16.113 -5.897
v 15.431 -15.963 -5.479
v 15.521 -15.933 -5.241
v 15.517 -15.906 -5.004
v 13.197 -15.964 -5.45
v 14.621 -16.563 -6.495
v 14.951 -16.323 -6.226
v 13.079 -16.082 -5.837
v 14.295 -16.86 -6.703
v 14.474 -16.681 -6.583
v 12.863 -16.296 -6.197
v 13.969 -17.186 -6.851
v 12.631 -16.559 -6.462
v 13.675 -17.541 -6.968
v 12.39 -16.859 -6.702
v 12.275 -17.005 -6.79
v 12.125 -17.185 -6.85
v 11.887 -17.542 -6.969
v 11.614 -17.903 -7.001
v 11.975 -17.393 -6.939
v 11.53 -17.839 -6.968
v 11.468 -17.781 -6.91
v 11.411 -17.75 -6.819
v 11.382 -17.72 -6.7
v 12.06 -16.92 -6.495
v 12.327 -16.921 -6.733
v 12.714 -16.474 -6.376
v 12.656 -16.324 -6.018
v 12.984 -16.175 -6.018
v 12.959 -16.053 -5.509
v 13.164 -15.996 -5.541
v 13.048 -15.993 -5.271
v 13.167 -15.934 -5.003
v 13.077 -15.964 -5.003
v 13.259 -15.902 -5.002
v 11.525 -22.311 -6.494
v 11.614 -21.775 -3.039
v 11.527 -22.309 -3.038
v 11.467 -22.846 -3.038
v 11.471 -22.843 -6.491
v 11.468 -23.381 -6.493
v 11.465 -23.383 -3.039
v 15.997 -15.636 -3.543
v 16.113 -15.548 -6.493
v 16.384 -15.338 -3.662
v 16.742 -15.01 -3.782
v 16.623 -15.129 -6.492
v 17.098 -14.653 -3.961
v 17.094 -14.656 -6.495
v 15.577 -15.936 -3.456
v 14.182 -17.094 -3.304
v 11.618 -21.772 -6.492
v 12.153 -20.045 -3.067
v 13.013 -18.469 -3.308
v 13.015 -18.468 -3.158
v 16.74 -16.352 -7.506
v 15.606 -16.026 -6.881
v 15.581 -15.933 -6.492
v 17.544 -15.071 -7.416
v 17.839 -15.311 -7.507
v 17.309 -15.843 -7.504
v 17.159 -14.682 -6.879
v 16.441 -15.966 -7.387
v 15.727 -16.203 -7.208
v 16.206 -15.665 -6.998
v 16.979 -15.487 -7.386
v 17.308 -14.831 -7.207
v 16.705 -15.223 -7.002
v 13.761 -17.514 -6.493
v 14.504 -18.2 -7.507
v 15.907 -16.47 -7.416
v 16.117 -16.767 -7.504
v 11.708 -21.801 -6.879
v 12.423 -19.507 -6.492
v 12.598 -21.982 -7.506
v 12.213 -21.892 -7.416
v 13.317 -19.954 -7.504
v 13.852 -17.602 -6.999
v 14.146 -17.843 -7.388
v 12.512 -19.568 -6.999
v 11.916 -21.831 -7.207
v 12.867 -19.748 -7.387
v 7.06 -16.024 5.987
v 1.635 -17.426 2.828
v 0.538 -17.482 5.988
v 16.623 -5.508 -6.492
v 16.234 -6.582 5.987
v 17.517 0.002 5.988
v 17.515 0.001 -6.493
v 4.942 -16.801 -0.329
v 4.941 -16.801 -6.495
v 2.769 -17.276 -0.328
v 10.004 -14.359 -0.33
v 12.571 -12.181 5.988
v 10.007 -14.357 -6.494
v 14.029 -10.484 -0.328
v 14.031 -10.483 -6.492
v 19.869 -3.99 3.545
v 19.685 -4.768 3.066
v 19.39 -5.868 7.506
v 20.014 -3.158 3.871
v 20.135 -2.264 4.051
v 20.256 0.002 7.507
v 20.197 -1.368 4.142
v 20.221 -0.925 4.139
v 20.256 -0.445 4.141
v 16.831 -11.257 -7.505
v 12.834 -15.669 -7.508
v 12.835 -15.669 7.505
v 16.83 -11.258 7.506
v 19.208 -6.377 -0.002
v 20.252 -0.002 4.139
v 19.392 -5.867 -7.505
v 19.686 -4.737 -3.069
v 19.871 -3.988 -3.542
v 20.012 -3.16 -3.874
v 20.138 -2.262 -4.049
v 20.253 0 -7.506
v 20.191 -1.373 -4.142
v 20.252 -0.448 -4.141
v 20.255 0.001 -4.14
v 20.222 -0.925 -4.141
v 19.209 -6.376 3.067
v 19.506 -5.423 2.471
v 19.359 -5.928 1.727
v 19.209 -6.376 0.892
v 19.27 -6.256 0.893
v 19.215 -6.372 -0.922
v 19.272 -6.254 -0.923
v 19.36 -5.928 -1.758
v 19.208 -6.376 -3.069
v 19.508 -5.422 -2.473
v 17.306 -22.636 -2.025
v 17.006 -22.191 -1.996
v 16.922 -22.634 -2.113
v 17.308 -22.694 -2.054
v 17.481 -21.924 -1.699
v 17.129 -21.771 -1.786
v 17.335 -21.327 -1.43
v 17.754 -21.385 -1.131
v 17.515 -20.998 -0.952
v 17.901 -21.147 -0.655
v 17.664 -20.789 -0.416
v 17.991 -21.058 -0.059
v 17.692 -20.76 0.149
v 17.929 -21.119 0.535
v 17.604 -20.879 0.715
v 17.786 -21.353 1.104
v 17.429 -21.145 1.194
v 17.574 -21.713 1.549
v 17.245 -21.535 1.608
v 17.399 -22.217 1.878
v 17.039 -22.04 1.937
v 17.272 -22.788 2.053
v 16.916 -22.847 2.143
v 17.275 -23.203 2.084
v 16.92 -23.678 2.115
v 17.308 -23.618 2.057
v 15.671 -16.469 5.006
v 15.755 -16.413 -5.005
v 15.669 -16.47 -5.003
v 15.783 -16.384 5.002
v 15.818 -16.291 -5.003
v 15.82 -16.26 5.006
v 15.816 -16.144 -5.004
v 15.819 -16.112 5.005
v 15.758 -16.024 -5.003
v 15.727 -15.994 5.004
v 15.664 -15.937 -5.006
v 15.639 -15.934 5.005
v 15.517 -15.906 -5.004
v 15.519 -15.905 5.005
v 15.519 -15.905 5.005
v 13.255 -15.905 5.004
v 13.259 -15.902 -5.002
v 14.802 -17.008 -6.285
v 15.103 -16.827 -6.045
v 15.369 -16.65 -5.779
v 15.58 -16.53 -5.42
v 15.637 -16.472 -5.213
v 14.472 -17.248 -6.465
v 14.177 -17.514 -6.583
v 13.883 -17.81 -6.671
v 13.585 -18.107 -6.7
v 11.913 -20.94 -1.46
v 12.453 -19.716 -6.7
v 11.797 -21.265 -1.846
v 11.709 -21.652 -2.143
v 11.705 -21.565 -6.702
v 11.97 -20.703 -1.014
v 11.616 -22.101 -2.413
v 12.035 -20.551 -0.505
v 11.524 -22.58 -2.563
v 11.469 -23.5 -6.701
v 12.059 -20.495 -0.002
v 15.671 -16.469 5.006
v 15.574 -16.533 5.419
v 15.637 -16.471 5.213
v 11.494 -23.115 -2.593
v 11.471 -23.498 -2.59
v 12.031 -20.554 0.505
v 15.368 -16.651 5.748
v 11.974 -20.7 1.013
v 15.102 -16.828 6.047
v 14.8 -17.01 6.283
v 11.887 -20.937 1.461
v 14.475 -17.246 6.463
v 14.179 -17.513 6.583
v 13.878 -17.813 6.671
v 13.582 -18.11 6.702
v 12.449 -19.719 6.701
v 11.71 -21.651 2.176
v 11.798 -21.264 1.848
v 11.708 -21.563 6.703
v 11.523 -22.61 2.56
v 11.617 -22.1 2.413
v 11.47 -23.498 6.703
v 11.501 -23.111 2.593
v 11.468 -23.5 2.592
v 13.163 -15.937 5.003
v 13.167 -15.934 -5.003
v 13.076 -15.965 5.004
v 13.077 -15.964 -5.003
v 15.783 -16.384 5.002
v 15.637 -16.501 5.272
v 15.671 -16.469 5.006
v 15.519 -15.905 5.005
v 15.459 -15.965 5.451
v 15.639 -15.934 5.005
v 15.098 -16.593 6.283
v 14.954 -16.321 6.226
v 14.387 -16.769 6.642
v 13.759 -17.754 6.909
v 13.854 -17.303 6.912
v 13.437 -17.988 6.972
v 13.553 -18.079 6.821
v 13.582 -18.11 6.702
v 14.39 -17.333 6.495
v 14.177 -17.336 6.791
v 14.479 -17.095 6.703
v 15.19 -16.74 5.957
v 15.369 -16.412 6.046
v 15.283 -16.082 5.81
v 15.518 -16.561 5.54
v 15.546 -16.294 5.807
v 15.67 -16.231 5.601
v 15.755 -16.175 5.45
v 15.82 -16.26 5.006
v 15.819 -16.112 5.005
v 15.727 -15.994 5.004
v 11.47 -23.498 6.703
v 11.352 -25.106 7.001
v 11.436 -25.08 6.969
v 11.56 -25.077 6.912
v 11.616 -25.05 6.821
v 11.616 -25.05 6.702
v 11.23 -22.547 7
v 11.943 -20.046 6.999
v 11.708 -21.563 6.703
v 13.343 -17.902 6.999
v 12.449 -19.719 6.701
v 13.435 -17.989 6.971
v 13.525 -18.048 6.911
v 13.55 -18.081 6.82
v 11.382 -22.574 6.972
v 11.495 -22.579 6.849
v 12.066 -20.103 6.971
v 12.179 -20.137 6.849
v 11.881 -17.546 6.968
v 11.615 -17.902 6.999
v 12.123 -17.186 6.851
v 12.274 -17.006 6.792
v 12.386 -16.861 6.7
v 13.675 -17.541 6.972
v 12.625 -16.563 6.462
v 13.973 -17.183 6.853
v 12.87 -16.291 6.197
v 14.296 -16.859 6.701
v 13.072 -16.086 5.836
v 14.624 -16.561 6.493
v 14.477 -16.679 6.583
v 13.193 -15.966 5.45
v 15.221 -16.113 5.868
v 14.95 -16.324 6.224
v 13.255 -15.905 5.004
v 15.519 -15.935 5.242
v 15.432 -15.963 5.482
v 13.226 -15.934 5.332
v 13.163 -15.937 5.003
v 13.135 -16.025 5.659
v 13.014 -16.026 5.42
v 12.835 -16.175 5.777
v 12.81 -16.351 6.286
v 12.512 -16.469 6.167
v 12.21 -17.068 6.82
v 12.096 -16.886 6.495
v 11.732 -17.278 6.641
v 11.411 -17.75 6.822
v 11.374 -17.725 6.7
v 11.465 -17.783 6.909
v 11.53 -17.839 6.971
v 13.102 -15.967 5.419
v 13.076 -15.965 5.004
v 11.531 -22.306 2.057
v 11.613 -21.775 5.509
v 11.527 -22.309 5.51
v 11.47 -22.844 5.512
v 11.464 -22.848 2.054
v 11.471 -23.379 5.512
v 11.465 -23.383 2.054
v 17.099 -14.653 2.95
v 16.624 -15.128 5.512
v 17.094 -14.657 5.509
v 16.384 -15.338 2.95
v 16.112 -15.549 5.509
v 16.735 -15.015 2.798
v 16.385 -15.337 2.652
v 15.993 -15.639 2.531
v 14.177 -17.067 2.293
v 15.577 -15.935 2.472
v 13.758 -17.516 5.509
v 12.152 -20.046 2.085
v 11.62 -21.771 2.057
v 13.017 -18.467 2.472
v 13.016 -18.467 2.174
v 12.422 -19.508 5.511
v 11.702 -21.805 5.896
v 13.313 -19.957 6.493
v 12.211 -21.893 6.433
v 12.601 -21.981 6.494
v 15.607 -16.025 5.897
v 15.581 -15.933 5.512
v 15.908 -16.47 6.435
v 14.507 -18.198 6.494
v 12.509 -19.57 5.986
v 11.916 -21.831 6.196
v 12.865 -19.749 6.373
v 13.853 -17.601 5.988
v 14.144 -17.844 6.372
v 11.53 -23.38 5.899
v 12.477 -22.907 6.492
v 12.062 -23.382 6.433
v 12.45 -23.381 6.493
v 12.512 -22.457 6.494
v 11.584 -22.877 5.986
v 11.739 -23.379 6.197
v 11.643 -22.341 5.985
v 11.972 -22.876 6.373
v 12.034 -22.368 6.374
v 17.303 -15.848 6.492
v 17.84 -15.311 6.492
v 17.547 -15.069 6.435
v 17.155 -14.685 5.897
v 16.114 -16.769 6.493
v 16.736 -16.355 6.491
v 16.977 -15.489 6.374
v 17.305 -14.833 6.195
v 16.706 -15.223 5.985
v 16.438 -15.967 6.372
v 15.726 -16.204 6.195
v 16.203 -15.667 5.987
v 15.939 23.503 -3.989
v 14.294 27.758 -3.993
v 14.324 27.787 -4.112
v 16.205 23.621 -4.288
v 14.476 27.82 -4.289
v 14.594 27.878 -4.29
v 20.106 15.4 -4.11
v 20.077 15.4 -3.99
v 17.843 19.391 -3.991
v 20.317 15.55 -4.287
v 20.221 15.486 -4.291
v 18.109 19.509 -4.289
v 15.964 23.53 -4.141
v 14.387 27.79 -4.199
v 16.055 23.561 -4.259
v 17.871 19.39 -4.14
v 20.132 15.456 -4.201
v 17.994 19.452 -4.258
v 11.646 26.122 -4.497
v 9.826 32.315 -6.346
v 9.828 32.316 -4.498
v 13.257 21.954 -8.07
v 14.062 20.137 -4.496
v 14.475 19.3 -8.31
v 17.1 14.418 -4.496
v 17.099 14.418 -7.952
v 17.665 19.749 -9.322
v 19.03 17.035 -9.205
v 14.18 22.519 -9.054
v 15.368 19.747 -9.323
v 16.439 22.516 -9.056
v 16.678 19.746 -9.324
v 15.935 23.501 -4.289
v 14.297 27.76 -4.289
v 14.324 27.788 -4.38
v 16.112 23.589 -4.498
v 14.414 27.818 -4.499
v 14.507 27.851 -4.497
v 20.073 15.398 -4.379
v 20.076 15.399 -4.289
v 17.843 19.392 -4.288
v 20.254 15.488 -4.498
v 20.162 15.457 -4.499
v 18.016 19.477 -4.5
v 15.933 23.529 -4.409
v 14.36 27.792 -4.437
v 16.021 23.558 -4.47
v 17.872 19.391 -4.408
v 20.134 15.428 -4.439
v 17.932 19.421 -4.467
v 16.5 15.994 -8.817
v 17.933 14.805 -8.965
v 17.636 14.627 -8.874
v 17.365 14.505 -8.638
v 17.153 14.414 -8.342
v 16.084 16.739 -8.906
v 16.353 16.889 -9.114
v 14.711 19.448 -9.026
v 16.683 17.039 -9.202
v 15.877 16.681 -8.578
v 15.785 16.679 -8.192
v 13.286 22.012 -8.369
v 13.406 22.133 -8.666
v 13.615 22.252 -8.875
v 13.884 22.371 -9.023
v 19.328 -1.253 1.429
v 20.252 -0.002 4.139
v 20.256 -0.445 4.141
v 20.221 -0.925 4.139
v 20.197 -1.368 4.142
v 20.222 -0.925 -4.141
v 19.331 -1.251 -1.429
v 20.191 -1.373 -4.142
v 20.252 -0.448 -4.141
v 20.255 0.001 -4.14
v 12.359 14.892 1.429
v 12.988 15.549 4.141
v 16.886 11.168 4.139
v 12.99 15.55 -4.138
v 12.361 14.893 -1.43
v 16.89 11.171 -4.139
v 18.767 4.738 1.461
v 19.39 5.837 4.14
v 18.765 4.736 -1.459
v 19.394 5.84 -4.139
v 16.349 10.393 1.458
v 16.354 10.396 -1.459
v 17.841 19.39 3.008
v 20.077 15.4 -3.99
v 17.843 19.391 -3.991
v 15.939 23.503 -3.989
v 14.294 27.758 -3.993
v 20.075 15.399 3.008
v 20.107 15.401 3.129
v 18.109 19.509 3.306
v 20.222 15.487 3.275
v 20.314 15.548 3.306
v 14.324 27.788 3.126
v 14.295 27.758 3.007
v 15.933 23.499 3.007
v 14.592 27.877 3.305
v 14.474 27.818 3.275
v 16.201 23.618 3.305
v 17.872 19.391 3.158
v 20.134 15.458 3.216
v 17.99 19.449 3.276
v 15.965 23.531 3.157
v 14.383 27.787 3.215
v 16.056 23.562 3.277
v 17.038 18.646 0.894
v 17.039 18.647 -1.905
v 13.701 26.241 -1.013
v 13.969 25.526 -1.876
v 13.912 25.677 -1.846
v 13.852 25.825 -1.756
v 13.819 25.972 -1.639
v 13.758 26.09 -1.52
v 13.728 26.179 -1.372
v 13.703 26.242 -1.191
v 13.7 26.24 -0.001
v 13.912 25.676 0.835
v 13.73 26.18 0.357
v 13.705 26.243 0.18
v 13.762 26.093 0.507
v 13.821 25.973 0.655
v 15.428 21.951 -1.519
v 15.431 21.953 -1.905
v 15.427 21.95 -1.193
v 15.428 21.952 0
v 15.427 21.95 0.356
v 15.427 21.95 0.833
v 15.43 21.953 0.894
v 18.797 15.431 -1.905
v 18.762 15.397 -2.086
v 16.593 18.409 -2.411
v 18.528 15.281 -2.353
v 18.376 15.189 -2.414
v 13.998 25.317 -2.086
v 14.026 25.345 -1.908
v 13.578 25.166 -2.414
v 13.728 25.226 -2.354
v 14.986 21.746 -2.411
v 16.974 18.613 -2.146
v 18.676 15.37 -2.263
v 16.8 18.527 -2.323
v 15.373 21.925 -2.143
v 13.912 25.29 -2.233
v 15.188 21.831 -2.324
v 16.143 18.168 -2.89
v 17.931 14.922 -2.889
v 17.987 14.95 -2.712
v 18.199 15.071 -2.442
v 13.133 24.988 -2.712
v 13.105 24.989 -2.89
v 14.502 21.533 -2.891
v 13.403 25.108 -2.443
v 16.202 18.198 -2.652
v 18.083 14.984 -2.53
v 16.352 18.288 -2.472
v 14.567 21.566 -2.65
v 13.258 25.052 -2.56
v 14.741 21.652 -2.473
v 14.032 25.35 0.895
v 13.999 25.318 1.072
v 14.984 21.745 1.401
v 13.762 25.229 1.371
v 13.583 25.169 1.4
v 18.761 15.396 1.1
v 18.791 15.426 0.892
v 18.38 15.193 1.401
v 18.528 15.281 1.371
v 16.587 18.405 1.398
v 15.367 21.92 1.131
v 13.911 25.289 1.252
v 15.19 21.832 1.34
v 16.981 18.618 1.133
v 18.675 15.369 1.251
v 16.795 18.524 1.338
v 14.509 21.537 1.908
v 13.102 24.988 1.905
v 13.135 24.99 1.727
v 13.402 25.108 1.429
v 17.993 14.954 1.699
v 17.935 14.925 1.908
v 16.143 18.168 1.906
v 18.201 15.073 1.431
v 14.561 21.562 1.666
v 13.251 25.047 1.547
v 14.743 21.653 1.459
v 16.205 18.2 1.669
v 18.082 14.984 1.55
v 16.35 18.286 1.458
v 14.621 26.804 1.13
v 14.298 27.761 3.307
v 14.741 26.537 1.428
v 14.829 26.238 1.666
v 14.568 26.988 0.776
v 14.95 25.911 1.845
v 14.532 27.102 0.415
v 15.102 25.556 1.966
v 14.508 27.166 0.001
v 15.938 23.503 3.308
v 15.248 25.167 1.994
v 14.297 27.76 -4.289
v 14.502 27.162 -1.014
v 14.531 27.102 -1.402
v 14.562 26.983 -1.789
v 14.62 26.804 -2.147
v 14.716 26.54 -2.441
v 14.832 26.24 -2.681
v 16.654 21.835 1.998
v 14.955 25.915 -2.858
v 15.101 25.555 -2.979
v 17.838 19.388 3.304
v 18.292 18.559 1.998
v 15.935 23.501 -4.289
v 16.652 21.834 -3.007
v 20.071 15.396 3.304
v 17.843 19.392 -4.288
v 18.291 18.558 -3.007
v 20.076 15.399 -4.289
v 15.041 21.624 -2.502
v 13.644 24.992 -2.501
v 13.461 24.929 -2.533
v 14.569 21.418 -3.006
v 13.194 24.811 -2.8
v 13.166 24.812 -3.008
v 18.202 15.073 -2.53
v 18.376 15.19 -2.503
v 16.624 18.351 -2.5
v 17.929 14.921 -3.009
v 17.994 14.955 -2.798
v 16.17 18.107 -3.01
v 14.803 21.535 -2.562
v 13.314 24.871 -2.651
v 14.621 21.443 -2.772
v 16.38 18.227 -2.562
v 18.076 14.98 -2.653
v 16.233 18.139 -2.77
v 16.621 18.349 1.49
v 18.377 15.19 1.489
v 18.197 15.07 1.548
v 16.17 18.107 1.994
v 17.987 14.95 1.815
v 17.929 14.921 1.994
v 13.461 24.929 1.548
v 13.64 24.989 1.488
v 15.038 21.622 1.488
v 13.166 24.812 1.996
v 13.199 24.814 1.819
v 14.566 21.416 1.996
v 16.383 18.229 1.579
v 18.076 14.98 1.636
v 16.232 18.139 1.757
v 14.806 21.537 1.58
v 13.313 24.87 1.638
v 14.623 21.444 1.756
v 15.246 25.166 -3.01
v 15.221 25.169 -2.8
v 16.202 21.624 -2.502
v 14.951 25.049 -2.532
v 14.772 24.989 -2.503
v 20.042 15.367 -2.802
v 20.073 15.397 -3.01
v 19.662 15.133 -2.5
v 19.809 15.252 -2.531
v 17.842 18.318 -2.502
v 16.619 21.802 -2.77
v 15.104 25.111 -2.65
v 16.444 21.715 -2.56
v 18.227 18.525 -2.771
v 19.958 15.311 -2.65
v 18.052 18.439 -2.56
v 20.077 15.4 1.997
v 20.044 15.368 1.816
v 17.838 18.315 1.487
v 19.803 15.247 1.547
v 19.661 15.133 1.49
v 15.217 25.167 1.815
v 14.769 24.987 1.487
v 14.955 25.051 1.55
v 16.202 21.623 1.488
v 18.23 18.527 1.758
v 19.957 15.31 1.639
v 18.053 18.439 1.58
v 16.621 21.804 1.758
v 15.105 25.111 1.64
v 16.441 21.713 1.578
v 16.682 17.039 8.192
v 15.609 19.213 8.311
v 17.931 19.212 8.31
v 19.032 17.037 8.191
v 11.647 26.122 3.515
v 9.825 32.314 3.513
v 9.829 32.317 5.361
v 13.252 21.95 7.058
v 14.059 20.135 3.515
v 17.101 14.419 3.517
v 17.095 14.415 6.969
v 14.063 20.138 5.363
v 14.48 19.304 7.299
v 14.182 22.52 8.044
v 16.44 22.517 8.041
v 16.115 23.59 3.515
v 14.505 27.849 3.514
v 14.413 27.817 3.483
v 15.938 23.503 3.308
v 14.328 27.79 3.366
v 14.298 27.761 3.307
v 20.165 15.458 3.485
v 20.257 15.491 3.516
v 18.018 19.478 3.514
v 20.071 15.396 3.304
v 20.073 15.397 3.364
v 17.838 19.388 3.304
v 16.023 23.559 3.484
v 14.355 27.789 3.454
v 15.938 23.532 3.397
v 17.932 19.421 3.486
v 20.132 15.427 3.454
v 17.872 19.391 3.396
v 16.918 15.25 7.714
v 17.153 14.414 7.326
v 17.369 14.508 7.657
v 17.631 14.623 7.862
v 17.928 14.802 7.951
v 16.504 15.997 7.805
v 16.355 16.89 8.103
v 16.086 16.741 7.894
v 15.876 16.68 7.566
v 15.789 16.682 7.209
v 14.713 19.449 8.012
v 13.881 22.369 8.013
v 13.609 22.247 7.891
v 13.404 22.131 7.655
v 13.286 22.012 7.387
v 12.304 26.362 -4.288
v 10.483 32.495 -4.29
v 10.601 32.524 -4.29
v 12.566 26.447 -3.993
v 10.755 32.557 -4.109
v 17.781 14.833 -4.289
v 17.69 14.772 -4.29
v 14.684 20.433 -4.289
v 17.929 14.921 -3.992
v 17.929 14.921 -4.111
v 14.984 20.553 -3.99
v 12.416 26.387 -4.261
v 10.689 32.523 -4.202
v 12.539 26.449 -4.141
v 14.834 20.493 -4.259
v 17.872 14.863 -4.199
v 14.955 20.524 -4.139
v 12.809 33.569 -4.288
v 12.566 33.387 -3.993
v 12.748 33.032 -4.11
v 12.274 33.659 -3.99
v 12.422 33.897 -4.288
v 11.524 33.744 -3.993
v 11.434 34.042 -4.291
v 11.944 34.074 -4.289
v 11.917 33.779 -3.99
v 11.173 33.6 -3.99
v 10.993 33.837 -4.288
v 10.784 32.944 -3.99
v 10.482 33 -4.29
v 10.666 33.481 -4.288
v 10.904 33.302 -3.99
v 10.779 32.553 -3.993
v 12.211 33.865 -4.26
v 12.148 33.744 -4.142
v 10.869 33.507 -4.26
v 10.96 33.448 -4.141
v 13.226 31.275 -3.991
v 12.716 33.03 -3.992
v 13.491 31.363 -4.29
v 12.895 33.09 -4.29
v 13.015 33.12 -4.29
v 14.324 27.787 -4.112
v 14.294 27.758 -3.993
v 13.727 29.515 -3.993
v 14.594 27.878 -4.29
v 14.476 27.82 -4.289
v 14.026 29.605 -4.29
v 13.254 31.274 -4.141
v 12.808 33.062 -4.2
v 13.344 31.304 -4.259
v 13.761 29.518 -4.14
v 14.387 27.79 -4.199
v 13.876 29.544 -4.261
v 11.171 25.944 -3.991
v 9.349 32.225 -4.112
v 11.44 26.064 -4.288
v 9.504 32.26 -4.288
v 9.618 32.286 -4.29
v 16.676 14.175 -4.113
v 16.647 14.146 -3.993
v 13.611 19.926 -3.992
v 16.92 14.298 -4.288
v 16.832 14.239 -4.288
v 13.884 20.048 -4.287
v 11.196 25.97 -4.142
v 9.41 32.226 -4.201
v 11.291 26.004 -4.258
v 13.644 19.928 -4.139
v 16.736 14.206 -4.201
v 13.759 19.985 -4.26
v 13.758 34.281 -3.993
v 13.518 34.101 -4.291
v 12.899 34.672 -4.288
v 13.05 34.941 -3.989
v 11.23 34.939 -4.289
v 11.172 35.208 -3.99
v 12.121 35.265 -3.992
v 12.09 34.966 -4.291
v 10.275 34.789 -3.991
v 10.459 34.554 -4.287
v 9.594 33.123 -4.288
v 9.294 33.182 -3.991
v 9.619 34.073 -3.992
v 9.89 33.926 -4.289
v 9.324 32.199 -3.991
v 12.722 35.06 -4.138
v 12.662 34.971 -4.257
v 9.861 34.344 -4.139
v 9.951 34.285 -4.258
v 14.355 31.601 -4.29
v 13.877 33.328 -4.291
v 13.997 33.358 -4.29
v 14.654 31.691 -3.991
v 14.147 33.419 -4.111
v 14.176 33.418 -3.992
v 15.544 28.204 -4.291
v 15.43 28.148 -4.289
v 14.894 29.875 -4.289
v 15.727 28.266 -3.991
v 15.696 28.236 -4.111
v 15.16 29.963 -3.992
v 14.506 31.632 -4.259
v 14.091 33.391 -4.199
v 14.621 31.66 -4.142
v 15.012 29.905 -4.259
v 15.633 28.234 -4.202
v 15.128 29.962 -4.141
v 14.177 31.542 -4.498
v 13.701 33.3 -6.285
v 13.701 33.3 -4.498
v 14.681 29.813 -4.499
v 15.249 28.087 -4.498
v 13.403 33.955 -6.225
v 13.406 33.957 -4.496
v 12.453 34.672 -6.164
v 12.867 34.432 -4.497
v 12.208 34.727 -4.499
v 11.974 34.789 -6.165
v 11.501 34.762 -4.496
v 11.048 34.669 -6.167
v 10.816 34.554 -4.495
v 10.63 34.43 -6.197
v 10.245 34.104 -4.498
v 9.887 33.507 -6.256
v 9.892 33.511 -4.496
v 9.769 32.794 -4.498
v 12.866 34.431 -6.166
v 12.869 34.433 -6.194
v 11.501 34.762 -6.164
v 11.494 34.757 -6.167
v 10.244 34.103 -6.167
v 10.249 34.106 -6.194
v 11.913 33.955 -7.149
v 11.702 33.953 -7.15
v 11.529 33.927 -7.147
v 12.091 33.895 -7.149
v 11.345 33.863 -7.15
v 12.272 33.807 -7.148
v 11.167 33.745 -7.179
v 12.42 33.687 -7.178
v 11.023 33.629 -7.207
v 12.57 33.569 -7.208
v 10.899 33.477 -7.209
v 12.661 33.391 -7.236
v 10.811 33.299 -7.238
v 12.72 33.212 -7.267
v 10.781 33.12 -7.268
v 10.754 32.914 -7.326
v 12.27 27.551 -8.221
v 14.18 22.519 -9.054
v 16.439 22.516 -9.056
v 13.222 31.272 -4.291
v 12.719 33.033 -4.289
v 12.75 33.033 -4.378
v 13.406 31.336 -4.496
v 12.833 33.059 -4.5
v 12.93 33.094 -4.496
v 14.324 27.788 -4.38
v 14.297 27.76 -4.289
v 13.732 29.518 -4.289
v 14.507 27.851 -4.497
v 14.414 27.818 -4.499
v 13.942 29.578 -4.497
v 13.221 31.272 -4.41
v 12.774 33.059 -4.44
v 13.315 31.305 -4.467
v 13.764 29.52 -4.407
v 14.36 27.792 -4.437
v 13.817 29.545 -4.47
v 12.716 33.507 -4.499
v 12.568 33.359 -4.29
v 12.334 33.63 -4.288
v 12.365 33.809 -4.496
v 11.645 33.776 -4.289
v 11.464 33.953 -4.499
v 11.946 33.987 -4.496
v 11.286 33.655 -4.291
v 11.049 33.746 -4.498
v 10.816 33.154 -4.287
v 10.575 32.973 -4.497
v 10.723 33.419 -4.498
v 10.753 32.794 -4.289
v 10.752 32.704 -4.289
v 10.663 32.525 -4.498
v 10.786 32.647 -4.287
v 10.781 32.555 -4.379
v 12.185 33.808 -4.466
v 12.153 33.747 -4.408
v 12 33.745 -4.291
v 10.905 33.482 -4.466
v 10.958 33.447 -4.41
v 11.022 33.45 -4.288
v 12.394 26.392 -4.496
v 10.603 32.495 -4.498
v 12.569 26.449 -4.29
v 10.786 32.558 -4.287
v 17.844 14.865 -4.496
v 17.785 14.836 -4.496
v 14.805 20.464 -4.497
v 17.934 14.925 -4.287
v 17.928 14.921 -4.38
v 14.985 20.554 -4.288
v 12.478 26.418 -4.469
v 10.726 32.557 -4.437
v 12.537 26.448 -4.41
v 14.895 20.494 -4.467
v 17.902 14.893 -4.438
v 14.954 20.523 -4.407
v 11.56 27.286 -7.921
v 13.884 22.371 -9.023
v 13.615 22.252 -8.875
v 13.406 22.133 -8.666
v 13.286 22.012 -8.369
v 13.257 21.954 -8.07
v 9.826 32.315 -6.346
v 9.856 32.375 -6.673
v 9.978 32.466 -6.94
v 10.778 32.731 -7.359
v 12.569 33.568 -7.208
v 13.552 33.657 -6.255
v 13.608 33.327 -6.644
v 10.482 32.643 -7.299
v 10.757 32.886 -7.325
v 9.768 32.792 -6.315
v 13.288 33.63 -6.908
v 13.104 33.894 -6.881
v 13.311 34.043 -6.227
v 12.863 34.131 -6.853
v 12.898 34.432 -6.195
v 12.595 34.31 -6.823
v 12.268 33.804 -7.18
v 12.302 34.462 -6.821
v 12.298 34.697 -6.167
v 11.946 33.927 -7.147
v 12.003 34.521 -6.791
v 11.617 34.79 -6.165
v 11.672 34.548 -6.793
v 11.583 33.923 -7.15
v 11.349 34.492 -6.791
v 10.934 34.612 -6.164
v 11.231 33.808 -7.177
v 11.053 34.404 -6.82
v 10.782 34.253 -6.851
v 10.334 34.193 -6.196
v 10.988 33.566 -7.21
v 10.511 34.013 -6.882
v 9.922 33.541 -6.253
v 10.809 33.298 -7.239
v 10.338 33.779 -6.909
v 10.189 33.48 -6.939
v 10.753 33.032 -7.297
v 10.098 33.181 -6.969
v 10.213 32.553 -7.18
v 13.877 31.57 -7.269
v 13.076 33.271 -7.178
v 13.404 33.33 -6.97
v 15.254 28.09 -7.147
v 14.294 27.937 -8.133
v 14.382 29.842 -7.538
v 15.163 28.119 -7.534
v 14.952 28.117 -7.834
v 15.612 26.303 -8.129
v 14.658 28.031 -8.04
v 17.339 22.759 -8.07
v 16.288 24.51 -8.431
v 17.245 22.785 -8.43
v 17.037 22.726 -8.727
v 16.771 22.638 -8.964
v 16.143 18.168 -2.89
v 17.931 14.922 -2.889
v 17.929 14.921 -3.992
v 14.984 20.553 -3.99
v 14.502 21.533 -2.891
v 16.143 18.168 1.906
v 17.93 14.922 3.008
v 17.935 14.925 1.908
v 12.566 26.447 -3.993
v 12.986 25.347 -2.86
v 12.842 25.708 -2.768
v 14.983 20.553 3.009
v 14.509 21.537 1.908
v 12.715 26 -2.593
v 10.779 32.553 -3.993
v 12.454 26.839 -1.368
v 12.478 26.716 -1.758
v 12.567 26.448 3.007
v 12.958 25.348 1.877
v 12.836 25.704 1.757
v 12.718 26.002 1.578
v 12.633 26.303 1.372
v 12.536 26.536 1.071
v 12.483 26.719 0.746
v 12.451 26.837 0.388
v 12.569 26.449 -2.353
v 12.542 26.541 -2.084
v 12.632 26.303 -2.352
v 10.785 32.915 3.01
v 10.784 32.944 -3.99
v 10.87 33.269 3.007
v 10.904 33.302 -3.99
v 11.113 33.54 3.01
v 11.173 33.6 -3.99
v 11.407 33.717 3.008
v 11.524 33.744 -3.993
v 11.767 33.778 3.009
v 11.917 33.779 -3.99
v 12.09 33.745 3.007
v 12.274 33.659 -3.99
v 12.36 33.567 3.008
v 12.566 33.387 -3.993
v 12.603 33.332 3.01
v 12.721 33.033 3.009
v 14.294 27.758 -3.993
v 13.727 29.515 -3.993
v 14.295 27.758 3.007
v 13.222 31.273 3.007
v 13.226 31.275 -3.991
v 12.716 33.03 -3.992
v 15.164 29.967 3.01
v 15.727 28.266 -3.991
v 15.16 29.963 -3.992
v 14.651 31.689 3.007
v 14.654 31.691 -3.991
v 14.176 33.418 -3.992
v 9.294 33.092 3.009
v 9.324 32.199 -3.991
v 9.294 33.182 -3.991
v 9.558 33.953 3.007
v 9.619 34.073 -3.992
v 10.098 34.671 3.009
v 10.275 34.789 -3.991
v 10.872 35.117 3.009
v 11.172 35.208 -3.99
v 11.764 35.295 3.008
v 12.121 35.265 -3.992
v 13.05 34.941 -3.989
v 13.283 34.758 3.008
v 13.758 34.281 -3.993
v 14.18 33.421 3.009
v 16.647 14.146 -3.993
v 13.611 19.926 -3.992
v 16.649 14.147 3.008
v 11.171 25.944 -3.991
v 13.729 29.516 3.007
v 14.324 27.788 3.126
v 14.026 29.604 3.305
v 14.474 27.818 3.275
v 14.592 27.877 3.305
v 13.015 33.12 3.306
v 13.49 31.362 3.305
v 13.759 29.516 3.156
v 14.383 27.787 3.215
v 13.876 29.544 3.274
v 13.257 31.277 3.159
v 13.346 31.306 3.278
v 12.182 34.015 3.306
v 11.769 34.077 3.308
v 11.764 33.984 3.276
v 11.768 33.868 3.218
v 11.761 33.804 3.125
v 12.901 33.094 3.278
v 12.837 33.508 3.306
v 12.807 33.061 3.216
v 12.749 33.033 3.128
v 12.244 33.838 3.278
v 12.566 33.804 3.304
v 12.181 33.746 3.157
v 12.655 33.506 3.274
v 12.572 33.451 3.159
v 14.684 20.433 3.306
v 17.696 14.776 3.308
v 17.779 14.831 3.275
v 17.932 14.923 3.128
v 10.608 32.529 3.279
v 10.484 32.495 3.306
v 12.301 26.36 3.306
v 10.778 32.553 3.006
v 10.749 32.553 3.126
v 14.829 20.49 3.275
v 17.871 14.863 3.217
v 14.955 20.524 3.159
v 12.417 26.387 3.274
v 10.697 32.528 3.219
v 12.538 26.448 3.156
v 14.892 29.874 3.306
v 15.429 28.147 3.306
v 15.55 28.208 3.278
v 15.695 28.235 3.127
v 15.725 28.265 3.007
v 13.877 33.327 3.304
v 14.356 31.602 3.306
v 14.151 33.421 3.129
v 15.012 29.905 3.276
v 15.634 28.234 3.215
v 15.13 29.963 3.157
v 14.505 31.632 3.276
v 14.627 31.663 3.158
v 12.572 35.148 3.01
v 11.769 35.269 3.129
v 11.767 35.208 3.218
v 12.483 34.881 3.308
v 11.769 35.12 3.278
v 11.769 35 3.308
v 13.848 34.162 3.007
v 14.092 33.392 3.218
v 13.585 34.017 3.307
v 13.997 33.358 3.276
v 12.781 35.03 3.159
v 12.745 34.906 3.275
v 13.109 34.524 3.308
v 13.672 34.343 3.157
v 13.581 34.282 3.276
v 13.616 19.929 3.01
v 16.684 14.181 3.13
v 13.88 20.045 3.306
v 16.832 14.24 3.278
v 16.92 14.298 3.307
v 9.35 32.226 3.126
v 9.32 32.196 3.007
v 11.173 25.946 3.01
v 9.62 32.287 3.306
v 9.502 32.258 3.276
v 11.44 26.064 3.307
v 13.644 19.928 3.159
v 16.739 14.207 3.217
v 13.763 19.987 3.277
v 11.203 25.975 3.159
v 9.41 32.226 3.216
v 11.289 26.003 3.277
v 13.73 26.181 -1.311
v 13.46 26.537 -1.014
v 13.615 26.422 -1.011
v 13.701 26.241 -1.013
v 13.079 26.511 -1.309
v 13.072 26.566 -1.015
v 13.256 26.569 -1.012
v 13.101 26.417 -1.611
v 13.789 26.031 -1.58
v 13.223 26.12 -1.997
v 13.884 25.797 -1.785
v 13.997 25.316 -2.086
v 13.943 25.588 -1.875
v 14.026 25.345 -1.908
v 13.374 25.705 -2.293
v 13.907 25.286 -2.265
v 13.764 25.23 -2.351
v 13.578 25.166 -2.414
v 12.985 25.316 -2.86
v 13.105 24.989 -2.89
v 13.137 24.991 -2.709
v 12.715 26.06 -2.563
v 13.375 25.735 -2.263
v 13.199 26.154 -1.964
v 12.865 25.644 -2.771
v 12.6 26.42 -2.233
v 13.103 26.418 -1.58
v 12.895 26.537 -1.014
v 13.079 26.511 -1.309
v 12.481 26.748 -1.667
v 12.685 26.596 -1.014
v 12.536 26.685 -1.015
v 12.418 26.865 -1.014
v 13.132 25.345 -2.534
v 13.257 25.051 -2.56
v 13.404 25.109 -2.442
v 13.254 26.568 0
v 13.077 26.57 0.001
v 13.255 26.569 -1.012
v 13.43 26.536 -1.014
v 13.465 26.54 0.001
v 13.614 26.421 -1.012
v 13.614 26.421 0.001
v 13.7 26.24 -0.001
v 12.899 26.54 0.001
v 12.868 26.539 -1.012
v 12.69 26.57 -1.012
v 12.688 26.598 0
v 12.542 26.719 -1.011
v 12.542 26.689 0.001
v 12.424 26.869 0.002
v 13.911 25.706 0.835
v 13.997 25.316 1.071
v 14.032 25.35 0.895
v 13.431 25.495 1.369
v 13.583 25.169 1.4
v 13.728 25.226 1.368
v 13.311 25.851 1.22
v 13.786 25.97 0.623
v 13.193 26.21 0.923
v 13.727 26.149 0.385
v 13.616 26.422 0.002
v 13.698 26.239 0.207
v 13.105 26.449 0.506
v 13.432 26.538 -0.001
v 13.258 26.571 0.002
v 13.821 25.527 1.222
v 13.91 25.288 1.251
v 12.448 26.835 0.386
v 12.536 26.715 -0.002
v 12.569 26.509 1.132
v 13.105 26.449 0.536
v 13.193 26.15 0.982
v 12.484 26.72 0.717
v 12.692 26.154 1.491
v 13.372 25.733 1.28
v 12.835 25.733 1.727
v 13.461 25.465 1.369
v 13.405 25.11 1.431
v 13.253 25.048 1.548
v 13.136 24.99 1.728
v 13.102 24.988 1.905
v 12.693 26.542 0.3
v 12.691 26.57 0.001
v 12.867 26.539 0
v 12.573 26.482 1.134
v 12.565 26.447 3.304
v 12.657 26.21 1.429
v 12.779 25.914 1.668
v 12.509 26.657 0.774
v 10.781 32.555 3.306
v 12.9 25.558 1.848
v 12.448 26.775 0.416
v 13.016 25.198 1.966
v 13.166 24.812 1.996
v 10.786 32.558 -4.287
v 12.447 26.775 -1.402
v 12.512 26.659 -1.786
v 14.978 20.549 3.304
v 14.566 21.416 1.996
v 12.569 26.449 -4.29
v 12.573 26.482 -2.143
v 12.66 26.212 -2.442
v 12.782 25.916 -2.679
v 12.895 25.554 -2.861
v 13.016 25.198 -2.979
v 13.166 24.812 -3.008
v 16.17 18.107 1.994
v 17.933 14.924 3.307
v 14.985 20.554 -4.288
v 14.569 21.418 -3.006
v 17.929 14.921 1.994
v 16.17 18.107 -3.01
v 17.934 14.925 -4.287
v 17.929 14.921 -3.009
v 13.222 31.272 -4.291
v 12.719 33.033 -4.289
v 12.722 33.034 3.308
v 13.221 31.272 3.304
v 13.732 29.518 -4.289
v 13.727 29.515 3.304
v 14.297 27.76 -4.289
v 14.298 27.761 3.307
v 12.568 33.359 -4.29
v 12.566 33.357 3.304
v 12.334 33.63 -4.288
v 12.328 33.625 3.304
v 12 33.745 -4.291
v 12.001 33.745 3.305
v 11.645 33.776 -4.289
v 11.643 33.774 3.304
v 11.286 33.655 -4.291
v 11.289 33.658 3.306
v 11.022 33.45 -4.288
v 11.018 33.447 3.305
v 10.816 33.154 -4.287
v 10.813 33.151 3.306
v 10.753 32.794 -4.289
v 10.753 32.794 3.306
v 12.923 26.477 -0.002
v 12.931 26.482 -1.011
v 13.375 26.361 -1.607
v 12.923 26.447 -1.312
v 12.982 26.357 -1.611
v 13.05 26.214 -1.875
v 13.644 26.362 -1.607
v 14.088 26.419 -1.49
v 13.37 26.03 -2.087
v 13.138 26.034 -2.084
v 13.377 25.528 -2.381
v 13.638 26.03 -2.087
v 14.176 26.18 -1.907
v 13.644 25.26 -2.471
v 13.496 25.26 -2.471
v 14.268 25.258 -2.472
v 14.772 24.989 -2.503
v 14.563 25.405 -2.443
v 14.356 25.853 -2.234
v 14.653 25.257 1.488
v 14.769 24.987 1.487
v 13.64 24.989 1.488
v 13.641 25.526 1.4
v 13.43 25.405 1.428
v 13.226 25.854 1.222
v 13.047 26.182 0.894
v 14.176 25.525 1.399
v 14.269 26.034 1.103
v 14.507 25.527 1.401
v 13.37 26.209 0.862
v 12.954 26.417 0.475
v 13.644 26.213 0.865
v 14.179 26.212 0.865
v 14.087 26.359 0.595
v 13.376 26.451 0.299
v 13.645 26.452 0.3
v 14.059 26.45 0.298
v 13.341 25.583 -2.384
v 13.314 24.871 -2.651
v 13.461 24.929 -2.533
v 13.644 24.992 -2.501
v 13.05 25.171 -2.977
v 13.194 24.811 -2.8
v 12.926 25.495 -2.89
v 12.747 25.942 -2.651
v 13.197 25.915 -2.173
v 12.598 26.359 -2.294
v 13.047 26.182 -1.906
v 12.476 26.685 -1.7
v 12.986 26.359 -1.579
v 12.925 26.448 -1.312
v 12.508 26.686 -1.014
v 12.447 26.834 -1.014
v 12.447 26.834 -0.002
v 12.514 26.691 0.002
v 12.631 26.57 -1.012
v 12.63 26.569 0.001
v 12.778 26.509 -1.013
v 12.782 26.512 0.002
v 12.453 26.779 0.388
v 12.572 26.422 1.193
v 12.953 26.387 0.505
v 13.079 26.124 0.985
v 12.51 26.658 0.775
v 12.718 26.062 1.578
v 13.253 25.733 1.31
v 12.863 25.612 1.815
v 13.436 25.379 1.461
v 13.461 24.929 1.548
v 13.313 24.87 1.638
v 13.199 24.814 1.819
v 12.628 26.538 0.327
v 14.088 26.39 -1.519
v 14.033 26.482 -1.011
v 14.534 27.104 -1.4
v 14.502 27.162 -1.014
v 14.503 26.775 -1.014
v 14.951 25.049 -2.532
v 14.593 25.376 -2.443
v 15.246 25.166 -3.01
v 14.956 25.975 -2.828
v 15.221 25.169 -2.8
v 14.476 26.658 -1.429
v 14.568 26.988 -1.756
v 14.39 26.63 -1.011
v 14.501 26.596 -1.581
v 14.531 26.506 -1.759
v 14.651 26.775 -2.206
v 14.206 26.121 -1.967
v 14.594 26.36 -1.996
v 14.652 26.239 -2.146
v 14.775 26.421 -2.561
v 14.415 25.734 -2.294
v 14.717 26.035 -2.322
v 14.801 25.852 -2.444
v 14.895 25.647 -2.531
v 15.104 25.111 -2.65
v 14.241 26.541 -1.011
v 14.028 26.479 0
v 14.24 26.541 0.001
v 14.389 26.63 0.002
v 14.502 26.775 -0.002
v 14.536 26.956 -1.012
v 14.537 26.957 0.001
v 15.104 25.528 1.967
v 15.248 25.167 1.994
v 15.217 25.167 1.815
v 14.06 26.45 0.298
v 14.508 27.166 0.001
v 14.569 27.018 0.687
v 14.981 25.436 1.608
v 14.979 25.851 1.875
v 15.105 25.111 1.64
v 14.955 25.051 1.55
v 14.473 25.583 1.369
v 14.861 25.733 1.488
v 14.774 25.913 1.4
v 14.836 26.302 1.64
v 14.328 25.914 1.192
v 14.716 26.094 1.282
v 14.655 26.241 1.162
v 14.688 26.691 1.283
v 14.18 26.183 0.895
v 14.592 26.358 0.982
v 14.539 26.512 0.747
v 14.09 26.361 0.597
v 14.508 26.6 0.567
v 14.478 26.63 0.418
v 14.18 31.544 3.516
v 13.7 33.299 3.514
v 13.7 33.299 5.271
v 14.686 29.817 3.516
v 15.253 28.09 3.516
v 13.436 33.897 5.243
v 13.399 33.953 3.513
v 12.989 34.374 5.184
v 12.864 34.429 3.513
v 12.656 34.579 5.181
v 12.21 34.728 3.513
v 12.333 34.701 5.154
v 11.5 34.761 3.516
v 10.994 34.643 5.155
v 10.811 34.55 3.514
v 10.338 34.196 5.214
v 10.249 34.106 3.516
v 9.92 33.569 5.243
v 9.886 33.506 3.513
v 9.771 32.795 3.515
v 9.77 32.794 5.332
v 16.44 22.517 8.041
v 12.267 27.549 7.206
v 10.779 32.732 6.343
v 10.75 32.941 6.313
v 10.786 33.183 6.286
v 10.843 33.39 6.225
v 12.094 33.896 6.136
v 11.32 33.867 6.166
v 11.529 33.927 6.137
v 12.603 33.511 6.227
v 10.959 33.566 6.194
v 12.357 33.744 6.164
v 11.142 33.748 6.167
v 13.403 31.334 3.515
v 12.926 33.091 3.514
v 12.834 33.059 3.483
v 13.221 31.272 3.304
v 12.746 33.03 3.364
v 14.413 27.817 3.483
v 14.505 27.849 3.514
v 13.94 29.577 3.515
v 14.298 27.761 3.307
v 14.328 27.79 3.366
v 13.727 29.515 3.304
v 13.312 31.303 3.484
v 13.228 31.277 3.397
v 13.819 29.546 3.484
v 14.355 27.789 3.454
v 13.757 29.514 3.394
v 12.566 33.357 3.304
v 12.722 33.034 3.308
v 12.775 33.06 3.454
v 12.717 33.507 3.514
v 12.328 33.625 3.304
v 12.358 33.805 3.513
v 11.47 33.957 3.516
v 11.289 33.658 3.306
v 11.643 33.774 3.304
v 11.945 33.986 3.515
v 11.048 33.745 3.513
v 10.576 32.974 3.516
v 10.755 32.706 3.307
v 10.753 32.794 3.306
v 10.813 33.151 3.306
v 10.726 33.422 3.516
v 10.785 32.646 3.307
v 10.721 32.554 3.454
v 10.604 32.496 3.515
v 12.15 33.745 3.395
v 12.001 33.745 3.305
v 12.18 33.805 3.484
v 10.961 33.449 3.396
v 11.018 33.447 3.305
v 10.904 33.48 3.486
v 12.565 26.447 3.304
v 10.781 32.555 3.306
v 10.779 32.553 3.364
v 12.387 26.387 3.513
v 10.667 32.528 3.487
v 17.933 14.924 3.367
v 17.933 14.924 3.307
v 14.978 20.549 3.304
v 17.785 14.835 3.516
v 17.844 14.865 3.486
v 14.801 20.461 3.514
v 12.542 26.451 3.397
v 12.483 26.422 3.486
v 14.954 20.523 3.396
v 17.897 14.89 3.453
v 14.889 20.49 3.483
v 16.289 24.511 7.445
v 16.77 22.637 7.953
v 17.034 22.724 7.743
v 17.249 22.788 7.418
v 17.337 22.757 7.06
v 15.604 26.298 7.147
v 15.164 28.12 6.525
v 11.557 27.283 6.94
v 13.252 21.95 7.058
v 13.286 22.012 7.387
v 13.404 22.131 7.655
v 13.609 22.247 7.891
v 13.881 22.369 8.013
v 14.182 22.52 8.044
v 10.482 32.643 6.313
v 10.214 32.553 6.164
v 9.982 32.468 5.959
v 9.861 32.378 5.66
v 9.829 32.317 5.361
v 14.385 29.844 6.552
v 14.296 27.938 7.148
v 14.656 28.029 7.06
v 14.952 28.117 6.821
v 15.249 28.087 6.165
v 13.881 31.573 6.256
v 13.4 33.328 5.956
v 12.15 33.865 6.165
v 11.765 34.283 6.017
v 11.765 33.955 6.136
v 12.298 34.698 5.151
v 11.764 34.788 5.152
v 11.769 34.733 5.512
v 13.072 33.268 6.164
v 12.632 33.451 6.227
v 12.721 33.212 6.256
v 13.373 33.984 5.212
v 13.608 33.327 5.657
v 12.3 34.46 5.807
v 11.767 34.552 5.809
v 12.833 34.489 5.181
v 12.78 34.225 5.839
v 12.449 33.686 6.194
v 13.166 33.837 5.898
v 23.349 -23.532 -1.997
v 23.38 -23.144 -1.996
v 23.207 -24.123 -5.985
v 22.967 -24.571 -1.994
v 23.263 -23.947 -1.995
v 22.698 -24.899 -5.986
v 22.426 -25.14 -1.997
v 21.95 -25.408 -5.988
v 21.65 -25.529 -1.997
v 21.054 -25.648 -5.989
v 20.731 -25.645 -1.995
v 20.134 -25.526 -5.987
v 19.839 -25.405 -1.995
v 19.361 -25.138 -5.987
v 19.093 -24.9 -1.995
v 18.82 -24.576 -5.989
v 18.584 -24.127 -1.996
v 18.523 -23.95 -5.989
v 18.44 -23.529 -5.986
v 18.411 -23.141 -1.994
v 18.404 -23.146 -5.989
v 18.91 -23.444 -6.495
v 18.884 -23.143 -6.493
v 18.589 -24.124 -5.986
v 19.243 -24.274 -6.492
v 19.003 -23.799 -6.493
v 19.096 -24.898 -5.985
v 19.662 -24.719 -6.491
v 19.834 -25.409 -5.988
v 20.282 -25.051 -6.494
v 20.73 -25.646 -5.987
v 21.029 -25.138 -6.493
v 21.651 -25.528 -5.988
v 21.744 -24.96 -6.493
v 22.432 -25.136 -5.985
v 22.34 -24.543 -6.493
v 22.962 -24.574 -5.988
v 22.753 -23.92 -6.495
v 23.261 -23.948 -5.987
v 23.354 -23.529 -5.986
v 22.906 -23.142 -6.493
v 23.378 -23.146 -5.989
v 24.932 -23.142 -3.037
v 24.927 -23.146 -7.508
v 24.634 -24.691 -7.505
v 24.631 -24.693 -3.039
v 23.77 -26.002 -7.505
v 23.765 -26.005 -3.04
v 22.454 -26.899 -7.508
v 22.461 -26.894 -3.037
v 20.906 -27.196 -3.04
v 20.913 -27.191 -7.504
v 19.327 -26.899 -7.508
v 19.331 -26.896 -3.038
v 18.024 -26 -3.036
v 18.024 -26 -7.504
v 17.16 -24.689 -7.504
v 17.153 -24.694 -3.04
v 16.86 -23.142 -7.505
v 16.858 -23.143 -3.038
v 11.977 -26.209 -6.492
v 11.465 -23.383 -3.039
v 11.974 -26.211 -3.038
v 13.436 -28.651 -6.492
v 13.429 -28.656 -3.04
v 15.694 -30.443 -6.495
v 15.697 -30.441 -3.038
v 18.408 -31.333 -3.038
v 18.41 -31.332 -6.492
v 21.264 -31.187 -6.495
v 21.267 -31.185 -3.038
v 23.886 -30.054 -3.039
v 23.891 -30.051 -6.492
v 25.972 -28.059 -3.039
v 25.975 -28.057 -6.492
v 27.196 -25.465 -6.492
v 27.191 -25.469 -3.04
v 11.525 -22.311 -6.494
v 11.618 -21.772 -6.492
v 11.708 -21.801 -6.879
v 11.916 -21.831 -7.207
v 12.213 -21.892 -7.416
v 11.471 -22.843 -6.491
v 12.598 -21.982 -7.506
v 12.57 -24.662 -7.505
v 11.585 -24.842 -6.494
v 11.468 -23.381 -6.493
v 13.553 -27.164 -7.505
v 12.067 -26.417 -6.491
v 17.842 -30.202 -7.506
v 17.933 -31.243 -6.492
v 15.314 -30.229 -6.491
v 15.401 -29.099 -7.505
v 21.032 -31.242 -6.492
v 20.525 -30.319 -7.504
v 26.006 -27.996 -6.491
v 23.943 -30.027 -6.495
v 23.051 -29.4 -7.507
v 25.049 -27.612 -7.506
v 27.104 -25.437 -6.881
v 26.895 -25.378 -7.209
v 26.597 -25.289 -7.417
v 26.215 -25.196 -7.504
v 13.49 -28.536 -7.001
v 13.283 -28.476 -6.494
v 13.794 -28.294 -7.385
v 22.489 -30.648 -6.999
v 22.341 -30.32 -7.386
v 24.902 -23.202 -2.173
v 24.875 -22.604 -2.113
v 24.485 -22.695 -2.054
v 24.509 -23.235 -2.087
v 24.844 -23.767 -2.113
v 24.454 -23.798 -1.995
v 24.724 -24.303 -1.905
v 24.337 -24.273 -1.756
v 24.546 -24.809 -1.577
v 24.157 -24.691 -1.429
v 24.335 -25.228 -1.102
v 23.977 -25.02 -0.983
v 24.154 -25.468 -0.537
v 23.824 -25.201 -0.479
v 24.093 -25.558 0.088
v 23.803 -25.255 0.062
v 23.857 -25.169 0.625
v 24.181 -25.41 0.713
v 24.01 -24.928 1.104
v 24.363 -25.14 1.221
v 24.214 -24.604 1.518
v 24.662 -24.513 1.787
v 24.366 -24.155 1.847
v 24.871 -23.679 2.115
v 24.486 -23.618 2.056
v 18.854 -22.637 -2.026
v 17.306 -22.636 -2.025
v 17.308 -22.694 -2.054
v 18.798 -23.111 -2.084
v 17.278 -23.201 -2.084
v 17.332 -23.771 -1.997
v 18.852 -23.591 -2.056
v 18.796 -24.036 -1.905
v 17.455 -24.275 -1.757
v 17.544 -24.483 -1.638
v 19 -24.039 -1.908
v 18.795 -24.483 -1.638
v 17.718 -24.874 -1.223
v 19.566 -24.783 -1.312
v 19.245 -24.451 -1.666
v 18.797 -25.048 -0.922
v 17.962 -25.197 -0.476
v 19.569 -25.049 -0.923
v 19.982 -25.052 -0.925
v 18.794 -25.258 -0.06
v 17.994 -25.256 0.031
v 18.791 -25.171 0.594
v 17.933 -25.167 0.597
v 17.78 -24.931 1.101
v 19.565 -25.261 -0.062
v 20.437 -25.196 -0.475
v 19.567 -25.17 0.595
v 20.436 -25.256 -0.058
v 20.91 -25.257 0.001
v 18.791 -24.695 1.428
v 17.512 -24.395 1.697
v 23.801 -23.529 -2.054
v 24.516 -23.112 -2.084
v 24.485 -22.636 -2.025
v 22.938 -22.634 -2.024
v 22.994 -23.114 -2.085
v 22.931 -23.592 -2.057
v 20.429 -25.171 0.594
v 19.565 -24.695 1.428
v 18.795 -24.036 1.907
v 17.396 -24.036 1.907
v 17.304 -23.651 2.025
v 22.22 -25.049 -0.923
v 22.224 -24.779 -1.309
v 21.8 -25.051 -0.925
v 21.354 -25.259 -0.061
v 21.354 -25.2 -0.478
v 23.8 -24.036 -1.906
v 24.424 -23.918 -1.966
v 22.788 -24.035 -1.905
v 24.426 -23.529 -2.054
v 24.513 -23.53 -2.055
v 23.795 -24.486 -1.64
v 24.063 -24.874 -1.223
v 24.129 -24.75 -1.369
v 24.188 -24.601 -1.518
v 22.55 -24.452 -1.667
v 19.567 -24.038 1.905
v 21.352 -25.172 0.594
v 20.435 -24.691 1.431
v 22.223 -25.256 -0.058
v 23.828 -25.229 0.357
v 23.797 -25.259 -0.06
v 20.432 -24.038 1.906
v 24.48 -23.652 2.023
v 22.217 -25.171 0.594
v 23.888 -25.109 0.744
v 23.796 -25.051 -0.924
v 23.948 -25.049 -0.864
v 21.354 -24.693 1.429
v 21.355 -24.038 1.906
v 22.22 -24.692 1.43
v 22.221 -24.036 1.907
v 23.798 -24.693 1.429
v 24.275 -24.394 1.698
v 24.156 -24.692 1.43
v 24.096 -24.811 1.281
v 23.795 -24.039 1.905
v 24.391 -24.039 1.905
v 23.38 -23.144 -1.996
v 22.846 -23.53 -1.489
v 22.906 -23.143 -1.489
v 23.205 -24.125 -1.995
v 22.547 -24.305 -1.49
v 22.756 -23.888 -1.489
v 22.698 -24.899 -1.995
v 21.835 -24.929 -1.488
v 22.216 -24.665 -1.491
v 21.953 -25.406 -1.995
v 21.387 -25.079 -1.489
v 21.061 -25.643 -1.994
v 20.906 -25.141 -1.491
v 20.133 -25.527 -1.996
v 20.377 -25.077 -1.487
v 19.36 -25.139 -1.996
v 19.449 -24.544 -1.49
v 19.868 -24.87 -1.489
v 18.826 -24.572 -1.995
v 18.523 -23.95 -1.997
v 19.03 -23.89 -1.491
v 18.436 -23.531 -1.996
v 18.884 -23.143 -1.489
v 18.411 -23.141 -1.994
v 25.977 -28.055 5.512
v 27.19 -25.469 5.508
v 27.104 -25.437 5.897
v 26.894 -25.378 6.194
v 25.136 -27.464 6.492
v 26.6 -25.287 6.434
v 26.207 -25.201 6.491
v 23.884 -30.056 5.508
v 23.355 -29.217 6.495
v 18.555 -30.323 6.492
v 18.405 -31.336 5.509
v 21.056 -30.204 6.492
v 15.695 -30.442 5.509
v 16.146 -29.575 6.494
v 12.897 -25.854 6.493
v 11.972 -26.212 5.51
v 14.211 -27.996 6.495
v 11.53 -23.38 5.899
v 11.739 -23.379 6.197
v 12.062 -23.382 6.433
v 12.45 -23.381 6.493
v 22.786 -30.53 5.987
v 22.639 -30.171 6.375
v 14.383 -29.43 5.985
v 14.625 -29.13 6.374
v 24.931 -23.143 6.493
v 24.933 -23.141 2.116
v 24.934 -23.617 2.057
v 24.637 -24.689 6.495
v 24.452 -25.051 2.054
v 23.767 -26.004 6.492
v 23.503 -26.239 2.056
v 22.455 -26.898 6.492
v 22.189 -26.987 2.054
v 20.907 -27.195 6.492
v 20.672 -27.193 2.056
v 19.332 -26.895 6.494
v 19.18 -26.838 2.054
v 18.017 -26.005 6.492
v 17.959 -25.944 2.055
v 17.154 -24.694 6.492
v 17.127 -24.662 2.055
v 16.855 -23.146 6.491
v 16.858 -23.144 2.055
v 11.973 -26.212 2.055
v 11.465 -23.383 2.054
v 11.471 -23.379 5.512
v 13.429 -28.656 2.053
v 13.433 -28.653 5.51
v 15.697 -30.441 2.055
v 18.408 -31.334 2.056
v 21.265 -31.187 2.054
v 21.265 -31.187 5.509
v 23.884 -30.056 2.053
v 25.97 -28.06 2.054
v 27.192 -25.468 2.054
v 22.931 -23.592 -2.057
v 22.994 -23.114 -2.085
v 22.992 -23.145 -6.494
v 22.938 -22.634 -2.024
v 21.717 -25.077 -1.905
v 21.354 -25.2 -0.478
v 21.8 -25.051 -0.925
v 22.224 -24.779 -1.309
v 22.365 -24.635 -1.908
v 22.55 -24.452 -1.667
v 22.788 -24.035 -1.905
v 22.368 -21.654 -1.907
v 22.816 -22.309 -1.936
v 22.668 -22.01 -1.757
v 22.193 -21.503 -1.279
v 21.716 -21.206 -1.905
v 21.565 -21.177 -0.685
v 21.24 -21.086 -0.356
v 20.913 -21.056 0.002
v 21.713 -21.208 -6.494
v 19.357 -26.839 -5.989
v 20.913 -27.161 -5.985
v 20.912 -26.656 -6.492
v 19.572 -26.387 -6.492
v 18.083 -25.971 -5.985
v 18.41 -25.613 -6.492
v 17.185 -24.693 -5.987
v 16.888 -23.143 -5.987
v 17.398 -23.141 -6.492
v 17.182 -21.627 -5.989
v 17.661 -21.804 -6.494
v 18.081 -20.313 -5.986
v 19.364 -19.448 -5.985
v 20.908 -19.153 -5.988
v 20.912 -19.657 -6.492
v 22.369 -21.654 -6.493
v 22.845 -20.254 -6.493
v 23.799 -21.207 -6.493
v 22.069 -21.417 -6.494
v 22.219 -19.927 -6.494
v 22.633 -21.984 -6.495
v 24.128 -21.801 -6.492
v 22.841 -22.342 -6.495
v 24.338 -22.456 -6.491
v 21.563 -19.719 -6.494
v 21.298 -21.087 -6.492
v 22.964 -22.756 -6.493
v 20.913 -21.056 -6.491
v 20.489 -21.091 -6.495
v 20.228 -19.715 -6.491
v 22.96 -23.563 -6.495
v 24.331 -23.831 -6.495
v 20.108 -21.205 -6.492
v 19.573 -19.924 -6.491
v 22.847 -23.946 -6.493
v 19.721 -21.414 -6.492
v 18.94 -20.256 -6.495
v 22.638 -24.304 -6.492
v 23.795 -25.111 -6.495
v 19.419 -21.655 -6.494
v 18.406 -20.672 -6.494
v 22.367 -24.634 -6.494
v 23.386 -25.613 -6.491
v 22.844 -26.063 -6.494
v 22.069 -24.902 -6.494
v 17.99 -21.208 -6.494
v 19.156 -21.979 -6.491
v 21.717 -25.077 -6.492
v 21.564 -26.599 -6.493
v 21.298 -25.197 -6.492
v 17.453 -22.459 -6.494
v 18.825 -22.756 -6.493
v 20.496 -25.196 -6.492
v 20.909 -25.259 -6.494
v 18.793 -23.144 -6.494
v 18.827 -23.558 -6.492
v 20.224 -26.599 -6.494
v 20.107 -25.078 -6.492
v 17.451 -23.83 -6.495
v 18.943 -23.948 -6.494
v 19.715 -24.903 -6.495
v 17.663 -24.483 -6.493
v 19.15 -24.306 -6.494
v 18.945 -26.061 -6.492
v 17.995 -25.106 -6.491
v 22.43 -19.449 -5.986
v 23.378 -20.673 -6.495
v 23.707 -20.315 -5.988
v 24.606 -21.622 -5.985
v 24.397 -23.141 -6.492
v 24.9 -23.144 -5.987
v 24.124 -24.485 -6.495
v 24.606 -24.69 -5.985
v 23.711 -25.971 -5.986
v 22.223 -26.388 -6.492
v 22.428 -26.837 -5.987
v 18.943 -22.339 -6.493
v 18.854 -22.637 -2.026
v 18.798 -23.111 -2.084
v 18.852 -23.591 -2.056
v 19.418 -24.634 -6.494
v 20.226 -21.176 -0.923
v 20.555 -21.086 -0.356
v 20.226 -21.176 -0.684
v 19.597 -21.507 -1.282
v 20.226 -21.176 -1.905
v 19.42 -21.654 -1.906
v 19.122 -22.011 -1.757
v 18.976 -22.307 -1.935
v 19.416 -24.635 -1.908
v 19 -24.039 -1.908
v 19.245 -24.451 -1.666
v 19.566 -24.783 -1.312
v 19.986 -25.049 -1.906
v 19.982 -25.052 -0.925
v 20.437 -25.196 -0.475
v 20.91 -25.257 0.001
v 22.127 -23.89 -3.993
v 19.662 -23.885 -3.989
v 20.906 -24.605 -3.993
v 22.127 -22.431 -3.993
v 20.912 -21.712 -3.99
v 19.66 -22.427 -3.99
v 22.132 -22.428 -6.493
v 22.132 -23.887 -6.493
v 20.905 -24.606 -6.495
v 19.659 -23.887 -6.493
v 19.662 -22.426 -6.492
v 20.907 -21.715 -6.495
v 18.469 -22.606 -1.995
v 18.411 -23.141 -1.994
v 18.553 -22.252 -5.988
v 18.644 -22.042 -1.996
v 19.094 -21.415 -5.986
v 19.24 -21.268 -1.996
v 19.901 -20.847 -5.985
v 20.108 -20.788 -1.994
v 20.794 -20.639 -5.985
v 20.998 -20.642 -1.996
v 21.684 -20.79 -5.987
v 21.891 -20.851 -1.996
v 22.544 -21.269 -5.989
v 22.694 -21.417 -1.997
v 23.146 -22.039 -5.986
v 23.234 -22.248 -1.995
v 23.323 -22.607 -5.986
v 23.38 -23.144 -1.996
v 23.378 -23.146 -5.989
v 18.945 -23.529 -6.492
v 19.035 -23.916 -6.492
v 19.244 -24.273 -6.492
v 19.476 -24.575 -6.495
v 19.775 -24.813 -6.494
v 20.133 -24.991 -6.494
v 20.492 -25.109 -6.493
v 20.911 -25.138 -6.493
v 21.296 -25.109 -6.493
v 21.652 -24.992 -6.494
v 22.015 -24.809 -6.491
v 19.238 -22.044 -6.495
v 19.031 -22.4 -6.494
v 18.939 -22.759 -6.495
v 19.482 -21.742 -6.492
v 22.309 -24.573 -6.493
v 22.546 -24.276 -6.494
v 19.774 -21.478 -6.495
v 22.759 -23.915 -6.492
v 20.139 -21.294 -6.491
v 22.845 -23.531 -6.493
v 20.489 -21.179 -6.495
v 20.909 -21.148 -6.493
v 22.848 -22.754 -6.492
v 21.296 -21.178 -6.494
v 22.753 -22.4 -6.495
v 21.657 -21.294 -6.492
v 22.546 -22.042 -6.494
v 22.011 -21.475 -6.493
v 22.31 -21.743 -6.493
v 22.848 -22.784 -6.492
v 22.906 -23.142 -6.493
v 23.232 -22.25 -5.987
v 22.546 -22.012 -6.494
v 22.758 -22.427 -6.492
v 22.696 -21.416 -5.987
v 22.222 -21.652 -6.492
v 21.891 -20.85 -5.987
v 21.385 -21.208 -6.494
v 21.836 -21.383 -6.491
v 20.999 -20.641 -5.986
v 20.374 -21.206 -6.493
v 20.908 -21.148 -6.494
v 20.109 -20.787 -5.985
v 19.864 -21.447 -6.494
v 19.243 -21.265 -5.986
v 19.448 -21.774 -6.494
v 18.65 -22.038 -5.985
v 19.036 -22.396 -6.492
v 18.466 -22.608 -5.987
v 18.884 -23.143 -6.493
v 18.404 -23.146 -5.989
v 27.968 -21.833 -3.694
v 27.675 -23.379 -3.304
v 27.608 -23.383 -3.218
v 27.523 -23.38 -3.127
v 27.46 -23.383 -3.039
v 26.924 -20.524 -3.039
v 28.206 -20.225 -4.081
v 25.38 -18.018 -3.037
v 28.504 -16.978 -4.498
v 28.384 -18.647 -4.379
v 20.251 -15.431 -3.04
v 18.016 -13.526 -4.351
v 18.917 -12.329 -4.496
v 22.575 -12.749 -4.499
v 23.086 -16.261 -3.037
v 17.098 -14.653 -3.961
v 17.365 -15.667 -3.038
v 16.384 -15.338 -3.662
v 16.742 -15.01 -3.782
v 15.577 -15.936 -3.456
v 14.711 -16.95 -3.039
v 14.182 -17.094 -3.304
v 13.015 -18.468 -3.158
v 12.717 -19.064 -3.039
v 12.153 -20.045 -3.067
v 11.614 -21.775 -3.039
v 25.793 -15.757 -4.319
v 25.883 -14.387 -4.498
v 25.106 -16.563 -3.814
v 18.024 -26 -7.504
v 14.386 -28.207 -7.506
v 15.401 -29.099 -7.505
v 16.561 -29.755 -7.506
v 18.642 -26.512 -7.508
v 17.842 -30.202 -7.506
v 17.511 -25.409 -7.507
v 13.553 -27.164 -7.505
v 19.327 -26.899 -7.508
v 19.178 -30.384 -7.508
v 17.16 -24.689 -7.504
v 12.957 -25.943 -7.506
v 16.92 -23.946 -7.505
v 12.454 -23.319 -7.504
v 12.57 -24.662 -7.505
v 20.109 -27.132 -7.504
v 20.525 -30.319 -7.504
v 20.913 -27.191 -7.504
v 21.829 -29.967 -7.508
v 12.598 -21.982 -7.506
v 16.921 -22.367 -7.505
v 13.078 -20.431 -7.505
v 21.682 -27.135 -7.507
v 23.051 -29.4 -7.507
v 22.454 -26.899 -7.508
v 24.126 -28.594 -7.506
v 13.846 -19.036 -7.508
v 23.147 -26.506 -7.504
v 17.518 -20.906 -7.504
v 14.861 -17.783 -7.507
v 25.049 -27.612 -7.506
v 23.77 -26.002 -7.505
v 18.02 -20.284 -7.506
v 25.737 -26.448 -7.505
v 24.278 -25.405 -7.504
v 16.117 -16.767 -7.504
v 18.643 -19.779 -7.507
v 17.033 -16.117 -7.508
v 19.329 -19.421 -7.507
v 26.215 -25.196 -7.504
v 24.87 -23.948 -7.506
v 24.634 -24.691 -7.505
v 24.927 -23.146 -7.508
v 17.839 -15.311 -7.507
v 20.107 -19.181 -7.505
v 20.906 -19.095 -7.508
v 19.029 -13.853 -7.508
v 21.68 -19.184 -7.508
v 27.105 -20.969 -7.506
v 23.767 -20.285 -7.507
v 24.275 -20.909 -7.506
v 24.636 -21.592 -7.504
v 24.874 -22.367 -7.504
v 20.107 -12.3 -7.505
v 27.522 -16.65 -7.506
v 23.145 -19.776 -7.505
v 27.553 -15.785 -7.505
v 27.553 -14.921 -7.505
v 27.554 -14.057 -7.505
v 21.807 -8.933 -7.504
v 21.026 -10.665 -7.507
v 27.162 -6.763 -7.507
v 23.177 -3.452 -7.504
v 22.875 -5.302 -7.506
v 22.43 -7.148 -7.505
v 25.975 0.418 -7.505
v 23.2 0.415 -7.507
v 23.266 -0.147 -7.504
v 23.289 -0.717 -7.507
v 23.293 -1.31 -7.505
v 23.292 -1.4 -7.506
v 23.291 -1.46 -7.506
v 23.292 -1.549 -7.506
v 17.158 -21.593 -3.037
v 16.858 -23.143 -3.038
v 16.86 -23.142 -7.505
v 17.153 -21.596 -7.507
v 18.022 -20.283 -3.037
v 19.333 -19.418 -3.037
v 20.91 -19.092 -3.038
v 22.454 -19.423 -3.04
v 22.454 -19.423 -7.508
v 23.772 -20.281 -3.036
v 24.634 -21.593 -3.037
v 24.932 -23.142 -3.037
v 18.854 -22.637 -2.026
v 17.398 -22.248 -1.905
v 17.306 -22.636 -2.025
v 17.511 -21.894 -1.699
v 24.396 -22.248 -1.905
v 24.274 -21.893 -1.698
v 22.938 -22.634 -2.024
v 18.851 -22.788 2.053
v 17.304 -23.651 2.025
v 17.308 -23.618 2.057
v 17.339 -22.545 2.027
v 17.452 -22.013 1.756
v 17.275 -23.084 2.085
v 19.597 -22.787 2.054
v 18.852 -22.013 1.756
v 17.547 -21.83 1.64
v 18.851 -21.567 1.368
v 17.72 -21.447 1.22
v 17.961 -21.117 0.477
v 19.598 -22.012 1.757
v 20.912 -22.784 2.056
v 24.48 -23.652 2.023
v 19.595 -21.568 1.368
v 18.854 -21.118 0.476
v 17.992 -21.057 -0.029
v 20.908 -22.012 1.757
v 19.603 -21.115 0.479
v 18.853 -21.089 -0.358
v 17.928 -21.15 -0.597
v 22.19 -22.786 2.055
v 20.909 -21.565 1.37
v 19.6 -21.087 -0.357
v 20.226 -21.176 -0.684
v 20.555 -21.086 -0.356
v 22.931 -22.789 2.053
v 24.516 -23.201 2.086
v 24.486 -23.618 2.056
v 18.857 -21.354 -1.1
v 17.779 -21.358 -1.104
v 22.186 -22.014 1.756
v 20.907 -21.12 0.475
v 20.913 -21.056 0.002
v 21.24 -21.086 -0.356
v 22.188 -21.566 1.369
v 19.597 -21.357 -1.103
v 19.597 -21.507 -1.282
v 18.858 -21.889 -1.696
v 18.976 -22.307 -1.935
v 19.122 -22.011 -1.757
v 22.934 -22.012 1.757
v 24.425 -22.398 1.966
v 24.122 -21.567 1.368
v 24.188 -21.712 1.52
v 22.937 -21.563 1.371
v 23.95 -21.235 0.865
v 24.066 -21.446 1.221
v 24.422 -22.787 2.054
v 24.513 -22.786 2.055
v 22.188 -21.119 0.475
v 22.931 -21.12 0.475
v 23.8 -21.057 0.09
v 23.859 -21.117 0.477
v 22.192 -21.087 -0.357
v 21.565 -21.177 -0.685
v 22.935 -21.088 -0.357
v 23.885 -21.18 -0.746
v 23.824 -21.091 -0.359
v 22.187 -21.358 -1.103
v 22.193 -21.503 -1.279
v 22.933 -21.357 -1.103
v 24.098 -21.474 -1.28
v 22.939 -21.889 -1.696
v 22.668 -22.01 -1.757
v 22.818 -22.307 -1.935
v 24.156 -21.624 -1.43
v 17.095 -24.396 -1.848
v 18.083 -25.971 -5.985
v 17.185 -24.693 -5.987
v 16.945 -23.83 -2.086
v 16.888 -23.143 -5.987
v 16.889 -23.232 -2.174
v 16.922 -22.634 -2.113
v 17.182 -21.627 -5.989
v 17.067 -22.041 -1.906
v 18.081 -20.313 -5.986
v 17.248 -21.533 -1.607
v 18.078 -25.974 5.986
v 17.25 -24.749 1.61
v 17.067 -24.275 1.906
v 17.186 -24.692 5.987
v 16.92 -23.678 2.115
v 16.887 -23.144 5.986
v 16.891 -23.082 2.176
v 16.95 -22.486 2.086
v 17.19 -21.621 5.989
v 17.099 -21.921 1.848
v 18.077 -20.315 5.986
v 17.396 -21.236 1.311
v 18.082 -25.971 -1.19
v 19.357 -26.839 -5.989
v 20.913 -27.161 -5.985
v 17.392 -25.081 -1.312
v 17.547 -25.315 -0.922
v 17.634 -25.466 -0.535
v 17.695 -25.554 -0.058
v 18.082 -25.971 0.925
v 19.362 -26.836 5.988
v 17.693 -25.556 0.149
v 17.665 -25.495 0.388
v 17.577 -25.375 0.806
v 17.424 -25.139 1.191
v 18.08 -20.313 -1.191
v 19.364 -19.448 -5.985
v 20.908 -19.153 -5.988
v 17.695 -20.759 -0.148
v 17.664 -20.789 -0.386
v 17.572 -20.911 -0.805
v 17.425 -21.147 -1.191
v 18.077 -20.315 0.922
v 20.912 -19.15 5.988
v 19.361 -19.45 5.987
v 17.544 -20.968 0.924
v 17.629 -20.823 0.534
v 17.69 -20.762 0.058
v 24.753 -22.1 -1.965
v 23.707 -20.315 -5.988
v 24.606 -21.622 -5.985
v 24.601 -21.655 -1.699
v 24.9 -23.144 -5.987
v 24.901 -23.232 -2.174
v 24.84 -23.829 -2.085
v 24.606 -24.69 -5.985
v 24.691 -24.395 -1.847
v 23.711 -25.971 -5.986
v 23.708 -20.315 5.986
v 24.396 -21.236 1.311
v 24.692 -21.922 1.847
v 24.604 -21.623 5.987
v 24.84 -22.488 2.085
v 24.904 -23.141 5.989
v 24.902 -23.082 2.175
v 24.871 -23.679 2.115
v 24.599 -24.695 5.985
v 24.725 -24.273 1.908
v 23.709 -25.973 5.987
v 24.546 -24.78 1.61
v 23.71 -20.313 -1.191
v 22.43 -19.449 -5.986
v 24.361 -21.15 -1.193
v 24.212 -20.912 -0.806
v 24.126 -20.791 -0.387
v 24.093 -20.763 -0.151
v 23.706 -20.316 0.922
v 22.428 -19.45 5.987
v 24.095 -20.762 0.089
v 24.152 -20.823 0.534
v 24.245 -20.999 0.923
v 23.71 -25.972 -1.191
v 22.428 -26.837 -5.987
v 24.095 -25.557 -0.06
v 24.16 -25.464 -0.534
v 24.243 -25.319 -0.925
v 24.397 -25.078 -1.309
v 23.712 -25.971 0.925
v 22.43 -26.836 5.987
v 20.912 -27.163 5.988
v 24.363 -25.17 1.191
v 24.215 -25.378 0.804
v 24.13 -25.524 0.389
v 24.094 -25.558 0.148
v 24.9 -23.114 2.174
v 24.513 -23.054 2.085
v 24.839 -22.549 2.114
v 24.453 -22.519 1.995
v 24.718 -22.014 1.904
v 24.337 -22.01 1.758
v 24.544 -21.504 1.579
v 24.152 -21.597 1.428
v 24.337 -21.086 1.103
v 23.976 -21.297 1.012
v 24.159 -20.818 0.538
v 24.092 -20.763 -0.091
v 23.794 -21.061 -0.062
v 23.862 -21.145 -0.624
v 24.184 -20.88 -0.715
v 24.006 -21.357 -1.103
v 24.363 -21.148 -1.222
v 24.188 -21.712 -1.518
v 24.658 -21.806 -1.789
v 24.366 -22.129 -1.846
v 24.875 -22.604 -2.113
v 24.485 -22.636 -2.025
v 24.485 -22.695 -2.054
v 19.243 -24.274 -1.488
v 19.48 -24.573 -1.489
v 19.78 -24.809 -1.488
v 20.491 -25.11 -1.49
v 20.136 -24.989 -1.489
v 18.944 -23.53 -1.489
v 19.033 -23.918 -1.489
v 20.913 -25.136 -1.487
v 18.884 -23.143 -1.489
v 22.007 -24.814 -1.491
v 21.299 -25.108 -1.488
v 21.654 -24.99 -1.489
v 19.244 -22.039 -1.488
v 19.032 -22.399 -1.49
v 18.939 -22.759 -1.491
v 22.544 -24.278 -1.491
v 22.307 -24.575 -1.49
v 19.777 -21.475 -1.489
v 19.478 -21.744 -1.49
v 22.847 -23.529 -1.488
v 22.754 -23.919 -1.49
v 20.488 -21.18 -1.491
v 20.135 -21.297 -1.489
v 20.905 -21.15 -1.491
v 22.552 -22.038 -1.487
v 22.845 -22.756 -1.49
v 22.757 -22.398 -1.489
v 22.011 -21.475 -1.489
v 21.654 -21.296 -1.489
v 21.3 -21.175 -1.488
v 22.312 -21.741 -1.488
v 18.411 -23.141 -1.994
v 18.946 -22.784 -1.488
v 18.558 -22.248 -1.995
v 19.269 -22.013 -1.49
v 19.033 -22.428 -1.489
v 19.09 -21.417 -1.997
v 19.565 -21.656 -1.491
v 19.897 -20.849 -1.995
v 20.402 -21.208 -1.49
v 19.955 -21.387 -1.49
v 20.789 -20.642 -1.996
v 21.418 -21.206 -1.488
v 20.876 -21.15 -1.491
v 21.686 -20.788 -1.994
v 21.92 -21.447 -1.49
v 22.551 -21.264 -1.994
v 22.339 -21.773 -1.489
v 23.144 -22.04 -1.995
v 22.759 -22.397 -1.488
v 23.324 -22.606 -1.995
v 22.906 -23.143 -1.489
v 23.38 -23.144 -1.996
v 23.473 -24.959 1.073
v 23.467 -24.397 1.696
v 23.474 -24.69 1.401
v 23.474 -23.647 2.027
v 23.468 -24.039 1.905
v 23.47 -25.229 0.298
v 23.47 -25.139 0.715
v 23.474 -23.26 2.087
v 23.467 -22.848 2.083
v 23.467 -22.074 1.785
v 23.469 -22.43 1.965
v 23.472 -24.84 -1.25
v 23.471 -25.198 -0.506
v 23.472 -25.048 -0.893
v 23.468 -25.26 -0.091
v 23.47 -21.476 1.251
v 23.473 -21.742 1.55
v 23.473 -24.244 -1.786
v 23.47 -24.573 -1.549
v 23.467 -21.12 0.505
v 23.467 -21.269 0.892
v 23.47 -23.471 -2.085
v 23.472 -23.857 -1.965
v 23.468 -21.06 0.088
v 23.47 -21.088 -0.298
v 23.467 -21.359 -1.074
v 23.468 -23.056 -2.086
v 23.474 -21.175 -0.713
v 23.467 -21.895 -1.7
v 23.475 -22.634 -2.024
v 23.47 -22.25 -1.907
v 23.469 -21.596 -1.401
v 27.495 -23.051 2.087
v 27.491 -23.382 2.085
v 27.551 -23.382 2.144
v 27.609 -23.383 2.233
v 27.67 -23.382 2.293
v 27.968 -21.833 2.68
v 26.69 -19.955 2.056
v 28.208 -20.224 3.098
v 28.382 -18.618 3.394
v 28.505 -16.977 3.515
v 22.577 -12.748 3.515
v 22.67 -16.052 2.057
v 18.047 -13.524 3.335
v 17.099 -14.653 2.95
v 16.735 -15.015 2.798
v 16.385 -15.337 2.652
v 18.918 -12.328 3.517
v 15.577 -15.935 2.472
v 14.177 -17.067 2.293
v 14.598 -17.035 2.057
v 13.016 -18.467 2.174
v 12.152 -20.046 2.085
v 11.62 -21.771 2.057
v 25.106 -16.563 2.828
v 25.79 -15.759 3.334
v 25.881 -14.388 3.513
v 23.503 -26.239 2.056
v 25.97 -28.06 2.054
v 25.016 -29.132 2.053
v 24.036 -25.705 2.055
v 26.684 -26.809 2.053
v 22.873 -26.689 2.054
v 23.884 -30.056 2.053
v 24.452 -25.051 2.054
v 27.192 -25.468 2.054
v 22.189 -26.987 2.054
v 22.636 -30.739 2.055
v 24.755 -24.362 2.057
v 27.374 -24.542 2.056
v 21.449 -27.162 2.057
v 21.265 -31.187 2.054
v 24.934 -23.617 2.057
v 27.463 -23.619 2.056
v 20.672 -27.193 2.056
v 19.836 -31.394 2.055
v 24.931 -22.696 2.056
v 27.162 -21.298 2.054
v 27.436 -22.694 2.057
v 19.9 -27.072 2.057
v 18.408 -31.334 2.056
v 24.748 -21.954 2.053
v 19.18 -26.838 2.054
v 17.011 -31.004 2.057
v 24.457 -21.234 2.057
v 18.528 -26.448 2.056
v 15.697 -30.441 2.055
v 24.035 -20.612 2.055
v 25.969 -18.737 2.053
v 17.959 -25.944 2.055
v 14.478 -29.665 2.056
v 23.499 -20.047 2.054
v 25.023 -17.661 2.057
v 22.878 -19.626 2.057
v 13.429 -28.656 2.053
v 17.486 -25.316 2.056
v 23.919 -16.768 2.056
v 22.191 -19.3 2.056
v 12.596 -27.494 2.054
v 17.127 -24.662 2.055
v 21.446 -19.152 2.056
v 11.973 -26.212 2.055
v 16.92 -23.917 2.056
v 21.33 -15.605 2.057
v 20.675 -19.12 2.057
v 11.588 -24.81 2.056
v 19.93 -15.397 2.057
v 19.896 -19.212 2.055
v 11.465 -23.383 2.054
v 16.858 -23.144 2.055
v 11.464 -22.848 2.054
v 18.497 -15.459 2.055
v 19.182 -19.479 2.055
v 11.531 -22.306 2.057
v 16.917 -22.399 2.055
v 17.098 -15.756 2.056
v 18.529 -19.865 2.056
v 12.033 -20.403 2.055
v 17.127 -21.654 2.055
v 15.788 -16.292 2.056
v 17.961 -20.373 2.055
v 12.688 -19.152 2.055
v 17.482 -20.97 2.054
v 13.526 -18.018 2.057
v 18.022 -20.283 -3.037
v 15.968 -16.171 -3.036
v 14.711 -16.95 -3.039
v 18.648 -19.775 -3.037
v 17.365 -15.667 -3.038
v 17.51 -20.912 -3.04
v 13.615 -17.928 -3.036
v 12.717 -19.064 -3.039
v 17.158 -21.593 -3.037
v 12.036 -20.371 -3.037
v 19.333 -19.418 -3.037
v 18.798 -15.426 -3.036
v 16.915 -22.371 -3.039
v 11.614 -21.775 -3.039
v 20.102 -19.184 -3.04
v 20.251 -15.431 -3.04
v 20.91 -19.092 -3.038
v 21.715 -15.726 -3.037
v 16.858 -23.143 -3.038
v 11.527 -22.309 -3.038
v 11.467 -22.846 -3.038
v 11.465 -23.383 -3.039
v 16.915 -23.95 -3.04
v 11.587 -24.811 -3.038
v 11.974 -26.211 -3.038
v 21.683 -19.182 -3.038
v 23.086 -16.261 -3.037
v 17.153 -24.694 -3.04
v 12.6 -27.491 -3.038
v 22.454 -19.423 -3.04
v 24.302 -17.039 -3.039
v 23.14 -19.78 -3.04
v 17.512 -25.408 -3.039
v 13.429 -28.656 -3.04
v 25.38 -18.018 -3.037
v 23.772 -20.281 -3.036
v 14.472 -29.669 -3.04
v 18.024 -26 -3.036
v 26.271 -19.212 -3.038
v 24.274 -20.91 -3.039
v 15.697 -30.441 -3.038
v 18.643 -26.511 -3.04
v 26.924 -20.524 -3.039
v 24.634 -21.593 -3.037
v 17.009 -31.005 -3.037
v 19.331 -26.896 -3.038
v 27.317 -21.92 -3.036
v 24.872 -22.368 -3.037
v 24.932 -23.142 -3.037
v 18.408 -31.333 -3.038
v 20.106 -27.134 -3.038
v 27.46 -23.383 -3.039
v 24.875 -23.945 -3.036
v 19.84 -31.392 -3.037
v 27.374 -24.423 -3.038
v 21.267 -31.185 -3.038
v 20.906 -27.196 -3.04
v 27.191 -25.469 -3.04
v 24.631 -24.693 -3.039
v 22.64 -30.736 -3.037
v 21.682 -27.135 -3.039
v 26.689 -26.806 -3.037
v 24.279 -25.404 -3.036
v 23.765 -26.005 -3.04
v 23.886 -30.054 -3.039
v 22.461 -26.894 -3.037
v 25.972 -28.059 -3.039
v 23.147 -26.506 -3.036
v 25.017 -29.132 -3.04
v 19.361 -19.45 5.987
v 20.912 -19.15 5.988
v 20.907 -19.66 6.492
v 19.565 -19.929 6.491
v 18.077 -20.315 5.986
v 17.19 -21.621 5.989
v 17.662 -21.803 6.493
v 16.887 -23.144 5.986
v 17.398 -23.141 6.495
v 17.186 -24.692 5.987
v 17.665 -24.482 6.494
v 18.078 -25.974 5.986
v 19.362 -26.836 5.988
v 19.565 -26.392 6.491
v 20.912 -27.163 5.988
v 20.906 -26.66 6.492
v 22.849 -20.252 6.495
v 23.796 -21.209 6.492
v 21.568 -19.716 6.495
v 24.339 -22.455 6.495
v 23.8 -25.108 6.494
v 24.334 -23.829 6.493
v 24.13 -24.481 6.495
v 18.943 -20.254 6.493
v 20.223 -19.719 6.492
v 17.987 -21.209 6.492
v 18.404 -20.673 6.492
v 22.848 -26.061 6.494
v 21.568 -26.596 6.495
v 22.22 -26.389 6.493
v 17.453 -22.459 6.493
v 18.942 -26.063 6.493
v 20.224 -26.598 6.493
v 17.993 -25.107 6.495
v 17.456 -23.827 6.494
v 18.409 -25.614 6.494
v 22.43 -26.836 5.987
v 23.38 -25.616 6.493
v 23.709 -25.973 5.987
v 24.599 -24.695 5.985
v 24.39 -23.146 6.491
v 24.904 -23.141 5.989
v 24.129 -21.801 6.494
v 24.604 -21.623 5.987
v 23.38 -20.672 6.493
v 23.708 -20.315 5.986
v 22.223 -19.924 6.495
v 22.428 -19.45 5.987
v 23.767 -26.004 6.492
v 25.793 -26.391 6.493
v 25.136 -27.464 6.492
v 23.14 -26.511 6.492
v 24.337 -28.414 6.494
v 24.273 -25.408 6.492
v 26.207 -25.201 6.491
v 22.455 -26.898 6.492
v 23.355 -29.217 6.495
v 24.637 -24.689 6.495
v 21.681 -27.137 6.492
v 22.249 -29.816 6.493
v 24.875 -23.945 6.495
v 20.907 -27.195 6.492
v 21.056 -30.204 6.492
v 24.931 -23.143 6.493
v 27.107 -20.967 6.495
v 20.108 -27.132 6.495
v 19.811 -30.378 6.495
v 18.555 -30.323 6.492
v 24.867 -22.372 6.491
v 19.332 -26.895 6.494
v 17.306 -30.053 6.493
v 24.633 -21.594 6.493
v 18.642 -26.512 6.491
v 16.146 -29.575 6.494
v 24.278 -20.908 6.494
v 18.017 -26.005 6.492
v 23.768 -20.284 6.493
v 27.522 -16.65 6.493
v 15.104 -28.86 6.495
v 23.147 -19.775 6.495
v 17.51 -25.41 6.491
v 14.211 -27.996 6.495
v 22.454 -19.423 6.491
v 13.463 -26.985 6.493
v 17.154 -24.694 6.492
v 12.897 -25.854 6.493
v 16.92 -23.946 6.494
v 12.572 -24.631 6.495
v 12.45 -23.381 6.493
v 16.855 -23.146 6.491
v 12.477 -22.907 6.492
v 12.512 -22.457 6.494
v 12.601 -21.981 6.494
v 16.914 -22.372 6.491
v 13.074 -20.434 6.493
v 17.84 -15.311 6.492
v 20.913 -19.09 6.495
v 20.105 -19.182 6.493
v 19.331 -19.42 6.493
v 17.034 -16.116 6.492
v 18.648 -19.776 6.494
v 19.033 -13.85 6.493
v 21.685 -19.181 6.494
v 16.114 -16.769 6.493
v 13.846 -19.036 6.491
v 17.51 -20.912 6.491
v 14.86 -17.784 6.492
v 20.102 -12.303 6.492
v 21.03 -10.662 6.494
v 27.28 -8.074 6.492
v 21.806 -8.934 6.495
v 22.427 -7.149 6.493
v 22.871 -5.304 6.491
v 23.172 -3.456 6.493
v 25.976 0.419 6.495
v 23.292 -1.549 6.493
v 23.293 -0.893 6.494
v 23.259 -0.24 6.492
v 23.206 0.419 6.495
v 16.858 -23.144 2.055
v 17.127 -21.654 2.055
v 17.153 -21.597 6.491
v 17.961 -20.373 2.055
v 18.023 -20.282 6.494
v 19.182 -19.479 2.055
v 20.675 -19.12 2.057
v 22.191 -19.3 2.056
v 23.499 -20.047 2.054
v 24.457 -21.234 2.057
v 24.931 -22.696 2.056
v 24.933 -23.141 2.116
v 23.295 -1.457 -3.99
v 23.29 -1.401 -3.992
v 23.2 -1.551 -4.201
v 23.293 -1.31 -3.991
v 22.997 -1.547 -4.288
v 22.964 -0.596 -4.289
v 23.024 1.37 -4.11
v 23.058 1.373 -3.989
v 23.172 0.476 -3.992
v 22.962 1.339 -4.201
v 22.754 1.309 -4.29
v 22.876 1.341 -4.289
v 22.907 0.359 -4.288
v 23.23 -0.568 -4.141
v 23.266 -0.414 -3.989
v 23.116 -0.594 -4.258
v 23.141 0.386 -4.141
v 23.058 0.39 -4.257
v 23.199 -3.16 -3.993
v 22.904 -3.128 -4.289
v 22.817 -3.901 -4.288
v 23.263 -1.549 -4.11
v 23.29 -1.551 -3.993
v 23.265 -2.351 -3.99
v 23.111 -1.55 -4.29
v 22.967 -2.322 -4.288
v 23.176 -3.155 -4.139
v 23.051 -3.13 -4.261
v 23.234 -2.352 -4.139
v 23.112 -2.354 -4.26
v 22.843 -4.648 -4.29
v 22.936 -3.931 -4.288
v 23.023 -3.932 -4.2
v 23.146 -4.585 -3.99
v 23.08 -3.934 -4.112
v 23.112 -3.963 -3.992
v 23.768 -5.719 -3.992
v 23.593 -5.925 -4.287
v 23.113 -5.362 -4.289
v 23.354 -5.211 -3.99
v 24.962 -6.403 -4.288
v 24.963 -6.491 -4.288
v 24.213 -6.346 -4.291
v 24.963 -6.283 -4.198
v 24.302 -6.048 -3.992
v 24.957 -6.228 -4.112
v 24.96 -6.195 -3.991
v 23.11 -5.036 -4.261
v 23.236 -5.001 -4.138
v 23.888 -5.986 -4.259
v 23.948 -5.897 -4.14
v 21.807 -1.457 -3.989
v 21.8 -1.372 -3.993
v 21.799 -1.313 -3.993
v 22.071 -0.625 -4.289
v 21.747 1.135 -4.287
v 21.862 1.161 -4.289
v 22.011 0.268 -4.289
v 21.598 1.105 -4.108
v 21.656 1.103 -4.199
v 21.68 0.295 -3.993
v 21.565 1.102 -3.991
v 21.92 -0.657 -4.26
v 21.803 -0.655 -4.14
v 21.774 -0.506 -3.991
v 21.865 0.24 -4.258
v 21.745 0.239 -4.139
v 22.011 -3.038 -4.289
v 21.711 -3.01 -3.993
v 21.65 -3.756 -4.112
v 21.626 -3.751 -3.99
v 21.985 -1.517 -4.288
v 22.104 -1.517 -4.288
v 22.07 -2.294 -4.29
v 21.803 -1.519 -3.991
v 21.806 -1.517 -4.109
v 21.776 -2.262 -3.99
v 21.861 -3.039 -4.26
v 21.744 -3.008 -4.14
v 21.926 -2.291 -4.257
v 21.89 -1.52 -4.201
v 21.799 -2.266 -4.142
v 21.653 -4.915 -3.992
v 21.714 -3.753 -4.2
v 21.95 -4.856 -4.29
v 21.807 -3.78 -4.287
v 21.919 -3.785 -4.291
v 23.023 -6.643 -4.289
v 22.817 -6.879 -3.991
v 22.075 -5.984 -3.989
v 22.342 -5.836 -4.288
v 24.961 -7.684 -4.11
v 24.963 -7.712 -3.99
v 23.829 -7.476 -3.991
v 24.958 -7.627 -4.201
v 23.917 -7.179 -4.289
v 24.96 -7.536 -4.289
v 24.956 -7.419 -4.291
v 21.924 -5.568 -4.139
v 22.009 -5.542 -4.26
v 23.203 -7.119 -4.14
v 23.264 -6.999 -4.259
v 23.291 -1.46 -7.506
v 23.293 -1.31 -7.505
v 23.292 -1.4 -7.506
v 22.309 -1.46 -6.493
v 22.313 -1.367 -6.491
v 22.817 -1.458 -7.386
v 22.813 -1.372 -7.388
v 22.432 -1.457 -6.998
v 22.432 -1.368 -6.998
v 23.26 -0.418 -4.29
v 23.29 -1.312 -4.29
v 23.295 -1.309 -4.377
v 23.057 -0.415 -4.496
v 23.171 -1.312 -4.499
v 23.023 1.37 -4.379
v 23.051 1.368 -4.291
v 23.171 0.475 -4.29
v 22.933 1.339 -4.499
v 22.998 0.45 -4.496
v 23.23 -0.419 -4.409
v 23.175 -0.416 -4.467
v 23.174 0.478 -4.408
v 22.996 1.371 -4.437
v 23.084 0.477 -4.468
v 22.281 -1.548 -6.492
v 22.276 -0.628 -4.499
v 22.278 -0.776 -6.494
v 22.25 -0.238 -6.493
v 22.189 0.297 -4.498
v 22.194 0.3 -6.491
v 22.069 1.19 -4.498
v 22.075 1.194 -6.521
v 17.094 -14.656 -6.495
v 17.098 -14.653 -3.961
v 17.574 -14.088 -4.17
v 18.016 -13.526 -4.351
v 18.471 -12.954 -4.466
v 19.87 -10.75 -6.492
v 18.917 -12.329 -4.496
v 20.734 -8.963 -4.496
v 21.628 -6.282 -6.491
v 21.86 -5.333 -4.499
v 25.975 0.418 -7.505
v 25.404 2.589 -7.627
v 22.785 2.591 -7.625
v 20.341 -9.831 -4.499
v 20.31 -12.334 -4.499
v 21.683 -12.54 -4.498
v 23.027 -12.895 -4.496
v 27.638 -15.907 -4.499
v 28.504 -16.978 -4.498
v 28.504 -16.888 -4.498
v 28.507 -16.797 -4.496
v 28.503 -16.681 -4.498
v 21.386 -7.178 -4.498
v 28.501 -11.44 -4.499
v 24.306 -13.433 -4.497
v 25.527 -14.117 -4.497
v 26.624 -14.955 -4.499
v 23.594 -5.567 -4.496
v 23.352 -5.272 -4.498
v 22.043 -4.377 -4.497
v 24.218 -6.015 -4.496
v 23.172 -4.915 -4.498
v 24.575 -6.134 -4.497
v 22.992 -4.589 -4.499
v 22.933 -4.38 -4.499
v 24.957 -6.197 -4.499
v 25.315 -6.137 -4.499
v 22.996 -3.335 -4.497
v 25.672 -6.019 -4.499
v 22.283 -1.546 -4.496
v 23.054 -2.442 -4.497
v 23.083 -1.549 -4.498
v 23.081 -1.461 -4.499
v 23.085 -1.399 -4.497
v 23.083 -1.311 -4.498
v 28.091 -6.193 -4.496
v 26.749 -4.913 -4.497
v 26.54 -5.271 -4.497
v 26.303 -5.568 -4.496
v 26.031 -5.809 -4.498
v 26.895 -4.588 -4.498
v 26.96 -4.375 -4.495
v 22.251 -0.178 -4.497
v 27.015 -4.2 -4.498
v 22.849 1.343 -4.496
v 21.269 4.648 -4.496
v 27.284 -0.982 -4.497
v 26.57 -1.488 -4.497
v 22.044 4.857 -4.496
v 25.971 1.22 -4.498
v 20.165 8.012 -4.498
v 20.912 8.312 -4.496
v 18.761 11.286 -4.5
v 26.064 4.141 -4.497
v 25.288 3.902 -4.497
v 19.478 11.615 -4.498
v 17.1 14.418 -4.496
v 17.785 14.836 -4.496
v 23.141 9.887 -4.499
v 14.775 18.676 -4.497
v 23.887 10.186 -4.498
v 15.487 19.032 -4.498
v 13.52 23.379 -4.499
v 12.782 23.087 -4.496
v 11.881 27.906 -4.499
v 11.109 27.64 -4.498
v 10.603 32.495 -4.498
v 9.802 32.468 -4.496
v 9.828 32.316 -4.498
v 10.575 32.735 -4.497
v 9.769 32.794 -4.498
v 9.774 32.648 -4.496
v 10.575 32.973 -4.497
v 9.801 33.152 -4.497
v 10.634 33.211 -4.497
v 9.892 33.511 -4.496
v 10.723 33.419 -4.498
v 10.035 33.805 -4.499
v 10.245 34.104 -4.498
v 10.873 33.599 -4.497
v 14.681 29.813 -4.499
v 13.942 29.578 -4.497
v 14.507 27.851 -4.497
v 15.249 28.087 -4.498
v 10.517 34.374 -4.496
v 11.049 33.746 -4.498
v 10.816 34.554 -4.495
v 11.259 33.866 -4.498
v 14.177 31.542 -4.498
v 13.406 31.336 -4.496
v 11.169 34.699 -4.498
v 11.464 33.953 -4.499
v 12.93 33.094 -4.496
v 11.501 34.762 -4.496
v 11.705 33.984 -4.498
v 11.855 34.79 -4.497
v 11.946 33.987 -4.496
v 12.208 34.727 -4.499
v 12.151 33.924 -4.498
v 13.701 33.3 -4.498
v 12.568 34.61 -4.498
v 12.365 33.809 -4.496
v 13.582 33.628 -4.498
v 12.834 33.297 -4.5
v 12.867 34.432 -4.497
v 12.572 33.689 -4.497
v 13.406 33.957 -4.496
v 12.716 33.507 -4.499
v 13.163 34.222 -4.499
v 17.035 21.504 -4.499
v 17.749 21.86 -4.499
v 20.254 15.488 -4.498
v 20.941 15.907 -4.497
v 23.291 -1.46 -4.29
v 23.291 -1.401 -4.29
v 23.265 -1.457 -4.407
v 23.259 -1.402 -4.41
v 23.23 -1.312 -4.439
v 23.202 -1.46 -4.468
v 23.2 -1.402 -4.469
v 23.081 -3.993 -4.41
v 23.023 -4.051 -4.468
v 22.934 -4.141 -4.498
v 22.906 -4.169 -4.497
v 23.203 -3.157 -4.289
v 23.289 -1.551 -4.38
v 23.289 -1.551 -4.291
v 23.262 -2.353 -4.289
v 23.23 -1.55 -4.439
v 23.171 -1.551 -4.499
v 23.083 -3.336 -4.468
v 23.11 -3.964 -4.291
v 23.236 -2.44 -4.406
v 23.141 -2.444 -4.469
v 20.764 -11.226 -7.504
v 17.839 -15.311 -7.507
v 17.544 -15.071 -7.416
v 17.159 -14.682 -6.879
v 22.902 -1.551 -7.418
v 23.292 -1.549 -7.506
v 22.608 -6.552 -7.505
v 22.365 -1.551 -6.882
v 20.313 -10.991 -7.387
v 17.308 -14.831 -7.207
v 19.987 -10.811 -6.999
v 22.134 -6.401 -7.385
v 22.575 -1.55 -7.209
v 21.774 -6.284 -6.999
v 23.289 -0.717 -7.507
v 22.901 -1.313 -7.418
v 22.812 0.385 -7.418
v 23.2 0.415 -7.507
v 23.266 -0.147 -7.504
v 22.369 -1.31 -6.88
v 22.312 -1.309 -6.492
v 22.783 -0.747 -7.388
v 22.581 -1.308 -7.206
v 22.397 -0.775 -7
v 22.758 -0.177 -7.386
v 22.368 -0.209 -7
v 22.665 1.25 -7.447
v 22.13 1.191 -6.91
v 22.281 0.328 -6.88
v 22.402 0.926 -7.206
v 22.488 0.327 -7.208
v 22.367 1.22 -7.239
v 22.189 2.054 -7.268
v 23.051 1.309 -7.507
v 21.799 2.499 -6.614
v 21.893 2.473 -6.999
v 22.102 2.473 -7.326
v 22.4 2.533 -7.535
v 23.05 -4.024 -4.44
v 23.083 -4.2 -4.29
v 23.115 -4.11 -4.289
v 23.113 -4.021 -4.289
v 22.933 -4.38 -4.499
v 22.962 -4.112 -4.499
v 22.874 -4.2 -4.498
v 22.961 -4.5 -4.499
v 23.053 -4.707 -4.498
v 23.172 -4.915 -4.498
v 23.234 -4.943 -4.288
v 23.352 -5.272 -4.498
v 23.621 -5.569 -4.288
v 23.594 -5.567 -4.496
v 23.89 -5.807 -4.497
v 24.241 -6.019 -4.291
v 24.218 -6.015 -4.496
v 24.956 -6.198 -4.291
v 19.328 -1.253 1.429
v 20.135 -2.264 4.051
v 20.197 -1.368 4.142
v 20.138 -2.262 -4.049
v 19.331 -1.251 -1.429
v 20.191 -1.373 -4.142
v 19.24 -2.95 1.459
v 19.685 -4.768 3.066
v 19.869 -3.99 3.545
v 20.014 -3.158 3.871
v 19.268 -4.678 1.458
v 19.208 -6.377 -0.002
v 19.27 -6.256 0.893
v 19.359 -5.928 1.727
v 19.506 -5.423 2.471
v 19.24 -2.95 -1.46
v 20.012 -3.16 -3.874
v 19.871 -3.988 -3.542
v 19.686 -4.737 -3.069
v 19.272 -4.675 -1.459
v 19.508 -5.422 -2.473
v 19.36 -5.928 -1.758
v 19.272 -6.254 -0.923
v 24.186 -0.059 0
v 24.218 0.121 0.001
v 24.217 0.12 -1.012
v 24.19 -0.057 -1.011
v 24.1 -0.206 -1.011
v 24.097 -0.208 0
v 23.951 -0.325 -1.011
v 23.949 -0.327 0.001
v 23.772 -0.385 0.002
v 23.764 -0.39 -1.015
v 21.685 0.299 3.009
v 21.565 1.102 -3.991
v 21.68 0.295 -3.993
v 21.773 -0.507 3.008
v 21.774 -0.506 -3.991
v 21.799 -1.313 -3.993
v 23.293 -1.31 -3.991
v 23.29 -1.401 -3.992
v 23.295 -1.457 -3.99
v 23.085 1.252 -2.889
v 23.058 1.373 -3.989
v 23.087 1.105 -2.887
v 23.116 0.984 -2.888
v 23.172 0.476 -3.992
v 23.17 0.623 -2.861
v 23.207 0.271 -2.738
v 23.266 -0.414 -3.989
v 23.233 -0.059 -2.591
v 23.261 -0.358 -2.354
v 23.291 -0.567 -2.056
v 23.292 -0.745 -1.728
v 23.29 -0.865 -1.371
v 23.051 1.368 3.007
v 23.085 1.103 1.907
v 23.085 1.252 1.907
v 23.174 0.477 3.009
v 23.172 0.625 1.876
v 23.199 0.265 1.755
v 23.231 -0.061 1.578
v 23.265 -0.326 1.342
v 23.296 -0.563 1.045
v 23.293 -0.744 0.715
v 23.296 -0.861 0.389
v 23.294 -0.892 0.001
v 24.309 -6.044 3.01
v 24.96 -6.195 -3.991
v 24.302 -6.048 -3.992
v 23.767 -5.72 3.008
v 23.768 -5.719 -3.992
v 23.352 -5.212 3.008
v 23.354 -5.211 -3.99
v 23.144 -4.586 3.009
v 23.146 -4.585 -3.99
v 23.296 -1.546 3.01
v 23.29 -1.551 -3.993
v 23.265 -2.351 -3.99
v 23.262 -2.353 3.008
v 23.199 -3.16 -3.993
v 23.205 -3.155 3.01
v 23.117 -3.959 3.01
v 23.112 -3.963 -3.992
v 21.803 -1.37 3.008
v 21.8 -1.372 -3.993
v 21.8 -1.461 3.007
v 21.807 -1.457 -3.989
v 21.803 -1.519 -3.991
v 21.776 -2.262 -3.99
v 21.773 -2.264 3.008
v 21.711 -3.01 -3.993
v 21.716 -3.007 3.01
v 21.626 -3.751 -3.99
v 24.963 -7.712 -3.99
v 23.829 -7.476 -3.991
v 24.96 -7.714 3.008
v 22.819 -6.878 3.01
v 22.817 -6.879 -3.991
v 22.075 -5.984 -3.989
v 21.653 -4.915 -3.992
v 23.027 1.372 3.129
v 22.967 1.342 3.218
v 22.908 0.359 3.308
v 22.873 1.339 3.275
v 22.76 1.313 3.308
v 23.293 -1.459 3.009
v 23.291 -1.4 3.008
v 23.293 -1.31 3.009
v 23.112 -1.55 3.276
v 22.992 -1.551 3.305
v 22.962 -0.597 3.305
v 23.141 0.386 3.156
v 23.261 -0.418 3.007
v 23.054 0.387 3.276
v 23.236 -0.564 3.159
v 23.112 -0.597 3.276
v 23.262 -1.549 3.127
v 22.964 -2.324 3.306
v 23.081 -3.934 3.126
v 22.813 -3.903 3.305
v 22.938 -3.929 3.278
v 22.902 -3.129 3.305
v 23.236 -2.35 3.159
v 23.201 -1.55 3.216
v 23.114 -2.352 3.277
v 23.175 -3.156 3.158
v 23.053 -3.128 3.276
v 24.216 -6.344 3.307
v 24.963 -6.491 3.308
v 24.964 -6.401 3.278
v 24.956 -6.288 3.215
v 24.959 -6.226 3.127
v 24.958 -6.197 3.007
v 23.112 -5.362 3.306
v 23.591 -5.927 3.306
v 22.846 -4.646 3.306
v 23.026 -3.93 3.218
v 23.887 -5.987 3.276
v 23.951 -5.895 3.159
v 23.115 -5.033 3.277
v 23.231 -5.005 3.157
v 22.007 0.265 3.304
v 21.866 1.164 3.308
v 21.739 1.129 3.274
v 21.651 1.1 3.215
v 21.595 1.102 3.128
v 21.561 1.1 3.007
v 21.978 -1.522 3.275
v 22.1 -1.52 3.306
v 22.069 -0.627 3.305
v 21.807 -1.308 3.01
v 21.803 -1.519 3.127
v 21.867 0.241 3.278
v 21.746 0.24 3.159
v 21.926 -0.653 3.278
v 21.803 -0.655 3.157
v 22.068 -2.295 3.305
v 21.801 -1.52 3.008
v 21.922 -3.783 3.306
v 22.009 -3.04 3.305
v 21.627 -3.751 3.01
v 21.921 -2.294 3.276
v 21.891 -1.52 3.216
v 21.801 -2.265 3.156
v 21.858 -3.041 3.274
v 21.71 -3.755 3.215
v 21.74 -3.01 3.156
v 23.828 -7.476 3.008
v 24.963 -7.683 3.129
v 24.96 -7.625 3.217
v 23.914 -7.181 3.304
v 24.957 -7.538 3.275
v 24.963 -7.415 3.307
v 22.07 -5.987 3.008
v 23.021 -6.644 3.305
v 22.337 -5.839 3.305
v 21.655 -3.752 3.128
v 21.656 -4.914 3.009
v 21.949 -4.857 3.305
v 21.805 -3.781 3.277
v 23.201 -7.12 3.156
v 23.263 -6.999 3.277
v 21.926 -5.567 3.159
v 22.008 -5.542 3.275
v 24.157 0.775 -1.846
v 24.183 0.474 -1.64
v 24.216 0.358 -1.519
v 24.215 0.238 -1.37
v 24.213 0.177 -1.193
v 24.068 1.43 0.894
v 24.215 0.178 0
v 24.128 0.954 0.894
v 24.152 0.772 0.832
v 24.211 0.235 0.355
v 24.215 0.178 0.178
v 24.185 0.625 0.744
v 24.215 0.327 0.506
v 24.185 0.476 0.655
v 23.735 1.486 -2.355
v 23.558 1.339 -2.414
v 23.797 1.101 -2.354
v 23.616 1.07 -2.415
v 23.594 1.194 -2.411
v 24.069 1.431 -1.905
v 24.009 1.55 -2.084
v 24.035 1.547 -1.907
v 24.095 1.131 -1.907
v 24.064 1.13 -2.086
v 24.066 1.28 -1.907
v 23.799 1.371 -2.323
v 23.889 1.52 -2.263
v 23.831 1.253 -2.322
v 23.944 1.129 -2.265
v 24.004 1.398 -2.146
v 24.004 1.279 -2.146
v 24.159 0.747 -1.815
v 23.949 1.133 -2.233
v 24.068 1.133 -2.084
v 23.651 0.716 -2.352
v 23.797 1.101 -2.354
v 23.705 0.354 -2.206
v 24.19 0.45 -1.636
v 23.738 -0.031 -1.907
v 24.215 0.179 -1.191
v 24.217 0.18 -1.012
v 24.184 -0.061 -1.013
v 23.766 -0.3 -1.491
v 23.949 -0.326 -1.012
v 24.094 -0.091 -1.49
v 24.213 0.267 -1.371
v 24.098 -0.207 -1.012
v 23.355 1.432 -2.441
v 23.531 1.46 -2.413
v 23.415 1.045 -2.44
v 23.084 1.37 -2.71
v 23.053 1.37 -2.889
v 23.139 0.98 -2.712
v 23.321 1.28 -2.473
v 23.201 1.398 -2.533
v 23.348 1.159 -2.474
v 23.264 1.014 -2.561
v 23.141 1.249 -2.652
v 23.14 1.129 -2.653
v 23.74 -0.267 -1.519
v 23.442 -0.536 -1.012
v 23.587 -0.419 -1.014
v 23.29 -0.835 -1.52
v 23.29 -0.895 -1.014
v 23.318 -0.717 -1.014
v 23.292 -0.626 -1.996
v 23.736 0.028 -1.967
v 23.266 -0.325 -2.381
v 23.68 0.477 -2.263
v 23.204 0.299 -2.769
v 23.649 0.774 -2.383
v 23.437 1.04 -2.444
v 23.258 1.01 -2.564
v 23.146 0.985 -2.709
v 24.214 0.237 0.297
v 24.099 -0.207 0.001
v 24.183 -0.062 -0.002
v 23.767 -0.359 0.297
v 23.949 -0.326 0.001
v 24.067 1.132 1.072
v 24.128 0.895 0.865
v 24.099 1.134 0.895
v 23.679 0.506 1.28
v 24.189 0.658 0.776
v 23.736 0.058 0.981
v 23.947 1.131 1.251
v 23.799 1.102 1.37
v 23.619 1.072 1.4
v 24.093 -0.002 0.684
v 23.741 -0.237 0.597
v 24.214 0.386 0.595
v 23.322 -0.715 0
v 23.324 -0.713 -1.012
v 23.411 -0.537 -1.013
v 23.445 -0.533 0.002
v 23.587 -0.419 -1.014
v 23.588 -0.418 -0.001
v 23.801 1.104 1.372
v 23.587 1.189 1.398
v 23.738 1.488 1.37
v 23.534 1.462 1.402
v 23.56 1.34 1.4
v 24.062 1.278 0.891
v 24.068 1.133 1.073
v 24.039 1.551 0.895
v 24.007 1.549 1.102
v 23.827 1.25 1.34
v 23.949 1.133 1.252
v 23.796 1.368 1.339
v 23.886 1.517 1.25
v 24.01 1.283 1.133
v 24.008 1.401 1.132
v 23.682 0.538 1.312
v 23.266 1.015 1.551
v 23.41 1.042 1.429
v 23.17 0.474 1.815
v 23.115 0.984 1.907
v 23.143 0.983 1.728
v 23.229 -0.003 1.607
v 23.737 0.058 1.012
v 23.261 -0.358 1.31
v 23.742 -0.236 0.597
v 23.296 -0.742 0.717
v 23.772 -0.355 0.3
v 23.591 -0.416 0.001
v 23.412 -0.535 0.001
v 23.324 -0.713 0.001
v 23.44 1.042 1.429
v 23.351 1.429 1.429
v 23.146 0.985 1.729
v 23.058 1.373 1.908
v 23.082 1.369 1.697
v 23.35 1.16 1.459
v 23.26 1.011 1.548
v 23.321 1.28 1.459
v 23.203 1.4 1.549
v 23.143 1.132 1.668
v 23.142 1.25 1.668
v 23.234 -4.943 -4.288
v 23.083 -4.2 -4.29
v 23.08 -4.202 3.304
v 23.236 -4.942 3.308
v 23.621 -5.569 -4.288
v 24.241 -6.019 -4.291
v 24.248 -6.015 3.307
v 24.956 -6.198 -4.291
v 24.957 -6.198 3.305
v 23.295 -1.011 -1.011
v 23.289 -1.015 -0.001
v 23.262 -0.477 1.4
v 23.288 -1.403 3.304
v 23.294 -1.309 3.307
v 23.292 -1.459 3.306
v 23.288 -1.552 3.304
v 23.263 -0.178 1.668
v 23.263 -0.417 3.307
v 23.291 -0.716 1.101
v 23.234 0.18 1.848
v 23.169 0.474 3.304
v 23.289 -0.866 0.743
v 23.169 0.534 1.964
v 23.291 -0.984 0.386
v 23.115 0.924 1.996
v 23.056 1.371 3.307
v 23.29 -1.014 -0.001
v 23.112 1.072 1.995
v 23.086 1.223 1.997
v 23.053 1.37 1.995
v 23.294 -1.011 -1.012
v 23.29 -0.984 -1.371
v 23.294 -0.862 -1.756
v 23.288 -0.718 -2.087
v 23.262 -0.477 -2.413
v 23.291 -1.46 -4.29
v 23.291 -1.401 -4.29
v 23.29 -1.312 -4.29
v 23.266 -0.176 -2.649
v 23.26 -0.418 -4.29
v 23.235 0.18 -2.829
v 23.171 0.475 -4.29
v 23.17 0.534 -2.95
v 23.112 0.922 -3.009
v 23.051 1.368 -4.291
v 23.086 1.223 -3.007
v 23.051 1.368 -3.01
v 23.117 1.075 -3.007
v 23.203 -3.157 -4.289
v 23.11 -3.964 -4.291
v 23.117 -3.959 3.308
v 23.201 -3.158 3.305
v 23.262 -2.353 -4.289
v 23.266 -2.351 3.308
v 23.289 -1.551 -4.291
v 23.172 0.923 -2.8
v 23.087 1.373 -2.798
v 23.593 1.134 -2.5
v 23.528 1.457 -2.503
v 23.353 1.431 -2.531
v 23.559 1.309 -2.503
v 23.176 1.074 -2.769
v 23.14 1.219 -2.772
v 23.207 1.403 -2.649
v 23.349 1.1 -2.563
v 23.321 1.25 -2.562
v 23.795 -0.419 -1.551
v 23.8 -0.505 -1.012
v 23.291 -0.954 -1.52
v 23.29 -1.014 -1.014
v 23.293 -1.012 -1.012
v 23.326 -0.831 -1.011
v 23.442 0.954 -2.531
v 23.679 0.685 -2.472
v 23.623 0.985 -2.5
v 23.262 0.923 -2.651
v 23.233 0.179 -2.859
v 23.442 -0.476 -1.727
v 23.289 -0.747 -2.027
v 23.765 -0.092 -2.027
v 23.414 -0.177 -2.173
v 23.264 -0.446 -2.442
v 23.709 0.358 -2.353
v 23.348 0.295 -2.504
v 23.589 -0.537 -1.013
v 23.796 -0.508 -0.001
v 23.59 -0.536 0
v 23.444 -0.653 -1.011
v 23.438 -0.657 -0.001
v 23.204 0.388 1.937
v 23.292 -0.894 0.745
v 23.795 -0.39 0.624
v 23.802 -0.474 0.329
v 23.324 -0.832 0.001
v 23.289 -1.015 -0.002
v 23.294 -1.012 0.001
v 23.321 0.625 1.608
v 23.442 0.954 1.549
v 23.623 0.985 1.491
v 23.711 0.448 1.401
v 23.383 0.239 1.46
v 23.236 -0.087 1.699
v 23.385 -0.028 1.312
v 23.264 -0.505 1.371
v 23.769 -0.059 1.073
v 23.413 -0.178 1.162
v 23.414 -0.385 0.925
v 23.087 1.372 1.818
v 23.173 0.924 1.817
v 23.562 1.312 1.49
v 23.348 1.427 1.547
v 23.531 1.46 1.49
v 23.588 1.13 1.488
v 23.146 1.223 1.759
v 23.199 1.397 1.636
v 23.177 1.075 1.759
v 23.264 0.925 1.639
v 23.318 1.248 1.577
v 23.352 1.102 1.579
v 23.113 -4.021 -4.289
v 23.113 -4.021 3.306
v 23.115 -4.11 -4.289
v 23.113 -4.111 3.306
v 24.96 -6.195 3.515
v 24.218 -6.015 3.516
v 23.891 -5.806 3.516
v 23.624 -5.567 3.308
v 23.587 -5.572 3.513
v 23.351 -5.272 3.514
v 23.172 -4.916 3.514
v 23.088 -4.763 3.517
v 23.057 -4.019 3.456
v 22.993 -4.588 3.514
v 22.968 -4.495 3.516
v 22.966 -4.109 3.486
v 22.937 -4.377 3.516
v 22.876 -4.199 3.515
v 23.173 -1.311 3.485
v 23.263 -0.417 3.307
v 23.294 -1.309 3.307
v 22.931 1.337 3.483
v 22.996 0.448 3.516
v 23.056 1.371 3.307
v 23.022 1.369 3.365
v 23.169 0.474 3.304
v 23.175 -0.416 3.486
v 23.229 -0.42 3.394
v 23.08 0.474 3.483
v 22.998 1.373 3.457
v 23.172 0.476 3.395
v 22.281 -1.548 3.515
v 22.277 -0.925 5.509
v 22.278 -0.626 3.514
v 22.249 -0.299 5.51
v 22.188 0.296 3.514
v 22.19 0.298 5.51
v 22.068 1.189 5.509
v 17.572 -14.089 3.157
v 17.099 -14.653 2.95
v 18.047 -13.524 3.335
v 18.464 -12.959 3.454
v 19.87 -10.75 5.512
v 18.918 -12.328 3.517
v 20.727 -8.968 3.513
v 21.623 -6.286 5.51
v 21.867 -5.329 3.517
v 25.409 2.593 6.613
v 22.786 2.592 6.613
v 23.051 1.309 6.522
v 25.976 0.419 6.495
v 23.206 0.419 6.495
v 20.339 -9.832 3.513
v 20.314 -12.331 3.515
v 21.684 -12.539 3.515
v 23.02 -12.9 3.513
v 27.638 -15.907 3.513
v 28.505 -16.977 3.515
v 28.505 -16.888 3.515
v 28.504 -16.799 3.514
v 28.502 -16.682 3.513
v 21.385 -7.179 3.514
v 28.506 -11.436 3.516
v 24.301 -13.436 3.513
v 25.529 -14.116 3.516
v 26.624 -14.955 3.513
v 23.891 -5.806 3.516
v 23.587 -5.572 3.513
v 23.351 -5.272 3.514
v 22.043 -4.378 3.515
v 24.218 -6.015 3.516
v 23.172 -4.916 3.514
v 24.576 -6.133 3.516
v 22.993 -4.588 3.514
v 22.937 -4.377 3.516
v 24.96 -6.195 3.515
v 25.319 -6.135 3.515
v 25.678 -6.014 3.516
v 23.086 -1.547 3.516
v 23.08 -1.462 3.513
v 28.09 -6.194 3.516
v 26.299 -5.571 3.514
v 26.032 -5.808 3.514
v 26.746 -4.915 3.514
v 26.538 -5.273 3.514
v 26.893 -4.589 3.513
v 26.959 -4.376 3.516
v 23.053 -0.417 3.514
v 22.25 -0.179 3.515
v 27.013 -4.202 3.513
v 22.072 1.192 3.515
v 22.847 1.342 3.516
v 21.268 4.647 3.515
v 27.285 -0.982 3.515
v 26.566 -1.491 3.513
v 22.041 4.855 3.514
v 25.973 1.221 3.515
v 20.167 8.014 3.516
v 20.909 8.31 3.515
v 18.766 11.29 3.515
v 26.066 4.143 3.516
v 25.287 3.901 3.514
v 19.477 11.614 3.513
v 17.101 14.419 3.517
v 17.785 14.835 3.516
v 23.146 9.89 3.516
v 14.777 18.678 3.516
v 23.888 10.187 3.515
v 15.486 19.031 3.513
v 13.524 23.383 3.516
v 12.777 23.083 3.514
v 11.881 27.907 3.513
v 11.109 27.64 3.514
v 10.604 32.496 3.515
v 9.795 32.463 3.513
v 9.825 32.314 3.513
v 10.574 32.734 3.515
v 9.771 32.795 3.515
v 9.768 32.644 3.514
v 10.576 32.974 3.516
v 9.798 33.15 3.514
v 10.632 33.21 3.514
v 9.886 33.506 3.513
v 10.726 33.422 3.516
v 10.034 33.804 3.513
v 10.249 34.106 3.516
v 10.871 33.597 3.514
v 14.686 29.817 3.516
v 14.505 27.849 3.514
v 15.253 28.09 3.516
v 13.94 29.577 3.515
v 10.517 34.374 3.516
v 11.048 33.745 3.513
v 10.811 34.55 3.514
v 11.256 33.864 3.513
v 14.18 31.544 3.516
v 13.403 31.334 3.515
v 11.172 34.702 3.516
v 11.47 33.957 3.516
v 12.926 33.091 3.514
v 11.5 34.761 3.516
v 11.708 33.987 3.516
v 11.851 34.786 3.513
v 11.945 33.986 3.515
v 12.21 34.728 3.513
v 12.15 33.924 3.513
v 13.7 33.299 3.514
v 12.565 34.608 3.513
v 12.358 33.805 3.513
v 13.581 33.627 3.514
v 12.836 33.299 3.514
v 12.864 34.429 3.513
v 12.573 33.689 3.516
v 13.399 33.953 3.513
v 12.717 33.507 3.514
v 13.164 34.222 3.514
v 17.034 21.503 3.513
v 17.749 21.86 3.513
v 20.257 15.491 3.516
v 20.94 15.906 3.515
v 23.08 -1.313 3.513
v 23.08 -1.402 3.513
v 23.292 -1.459 3.306
v 23.291 -1.55 3.365
v 23.293 -1.31 3.366
v 23.288 -1.403 3.304
v 23.205 -1.458 3.486
v 23.2 -1.402 3.484
v 23.232 -1.311 3.455
v 23.266 -1.457 3.398
v 23.259 -1.402 3.394
v 22.998 -3.333 3.517
v 22.876 -4.199 3.515
v 22.901 -4.173 3.483
v 22.936 -4.139 3.486
v 23.026 -4.049 3.456
v 23.087 -3.989 3.397
v 23.054 -2.442 3.515
v 23.201 -3.158 3.305
v 23.266 -2.351 3.308
v 23.171 -1.55 3.484
v 23.229 -1.551 3.453
v 23.288 -1.552 3.304
v 23.086 -3.335 3.486
v 23.174 -3.335 3.396
v 23.117 -3.959 3.308
v 23.14 -2.445 3.483
v 23.235 -2.44 3.397
v 22.608 -6.552 6.494
v 23.292 -1.549 6.493
v 17.547 -15.069 6.435
v 17.84 -15.311 6.492
v 20.758 -11.231 6.492
v 17.094 -14.657 5.509
v 17.155 -14.685 5.897
v 22.131 -6.403 6.374
v 21.771 -6.286 5.986
v 20.313 -10.991 6.374
v 17.305 -14.833 6.195
v 19.986 -10.812 5.987
v 23.259 -0.24 6.492
v 22.813 0.385 6.432
v 22.284 0.331 5.9
v 22.902 -1.551 6.432
v 23.293 -0.893 6.494
v 22.28 -1.548 5.511
v 22.371 -1.547 5.899
v 22.756 -0.268 6.374
v 22.485 0.325 6.194
v 22.402 -0.295 5.989
v 22.82 -0.891 6.376
v 22.579 -1.548 6.196
v 22.432 -0.921 5.989
v 22.665 1.25 6.433
v 22.455 0.624 6.194
v 22.283 1.641 6.257
v 22.128 1.19 5.896
v 22.371 1.223 6.226
v 22.398 2.531 6.522
v 22.102 2.473 6.315
v 21.896 2.475 5.989
v 21.806 2.504 5.631
v 20.168 10.606 -2.887
v 20.169 10.606 -3.989
v 17.931 14.922 -2.889
v 21.896 6.079 -2.887
v 21.896 6.079 -3.989
v 23.053 1.37 -2.889
v 23.058 1.373 -3.989
v 10.814 33.659 -4.288
v 10.459 34.554 -4.287
v 10.124 34.281 -4.29
v 9.89 33.926 -4.289
v 10.993 33.837 -4.288
v 10.666 33.481 -4.288
v 11.201 33.957 -4.288
v 11.23 34.939 -4.289
v 10.808 34.786 -4.291
v 10.543 33.24 -4.289
v 9.682 33.54 -4.288
v 9.594 33.123 -4.288
v 11.434 34.042 -4.291
v 11.648 34.999 -4.288
v 10.482 33 -4.29
v 9.559 32.703 -4.29
v 11.709 34.077 -4.288
v 10.452 32.732 -4.291
v 11.944 34.074 -4.289
v 12.09 34.966 -4.291
v 10.483 32.495 -4.29
v 9.618 32.286 -4.29
v 12.185 34.017 -4.288
v 12.513 34.851 -4.288
v 12.422 33.897 -4.288
v 12.899 34.672 -4.288
v 13.223 34.43 -4.29
v 12.63 33.748 -4.288
v 13.518 34.101 -4.291
v 12.809 33.569 -4.288
v 13.734 33.749 -4.288
v 12.927 33.36 -4.289
v 13.877 33.328 -4.291
v 13.015 33.12 -4.29
v 14.355 31.601 -4.29
v 13.491 31.363 -4.29
v 11.797 27.881 -4.288
v 10.93 27.58 -4.29
v 14.026 29.605 -4.29
v 14.894 29.875 -4.289
v 14.594 27.878 -4.29
v 13.437 23.354 -4.287
v 12.599 23.024 -4.289
v 15.396 18.971 -4.29
v 14.593 18.585 -4.29
v 16.92 14.298 -4.288
v 20.317 15.55 -4.287
v 17.931 21.922 -4.289
v 17.123 21.562 -4.291
v 21.091 16.027 -4.287
v 18.589 11.201 -4.288
v 19.388 11.585 -4.29
v 19.984 7.951 -4.29
v 20.821 8.251 -4.289
v 23.26 9.917 -4.29
v 24.068 10.277 -4.289
v 21.061 4.589 -4.288
v 21.952 4.825 -4.289
v 22.754 1.309 -4.29
v 22.042 -0.178 -4.289
v 22.935 -0.119 -4.289
v 22.104 -1.517 -4.288
v 22.997 -1.547 -4.288
v 22.07 -2.294 -4.29
v 26.06 1.368 -4.29
v 22.967 -2.322 -4.288
v 26.926 1.579 -4.289
v 22.904 -3.128 -4.289
v 22.011 -3.038 -4.289
v 22.817 -3.901 -4.288
v 21.919 -3.785 -4.291
v 22.813 -4.38 -4.29
v 21.892 -4.438 -4.289
v 22.879 -4.852 -4.287
v 22.015 -5.091 -4.287
v 23.05 -5.274 -4.291
v 22.276 -5.721 -4.291
v 27.495 -1.07 -4.288
v 26.629 -1.25 -4.289
v 23.323 -5.659 -4.289
v 22.634 -6.257 -4.29
v 23.646 -5.989 -4.291
v 23.114 -6.731 -4.289
v 24.039 -6.254 -4.288
v 23.678 -7.09 -4.29
v 24.481 -6.435 -4.29
v 24.306 -7.297 -4.289
v 24.963 -6.491 -4.288
v 27.969 -3.723 -4.289
v 27.078 -3.87 -4.288
v 27.105 -4.348 -4.289
v 24.956 -7.419 -4.291
v 27.994 -4.381 -4.291
v 27.016 -4.795 -4.289
v 25.618 -7.295 -4.288
v 25.411 -6.431 -4.287
v 27.878 -5.065 -4.29
v 26.869 -5.24 -4.288
v 26.244 -7.057 -4.287
v 25.855 -6.254 -4.288
v 27.639 -5.69 -4.29
v 26.595 -5.661 -4.291
v 26.803 -6.705 -4.291
v 26.272 -5.986 -4.288
v 27.286 -6.223 -4.288
v 23.024 1.37 -4.11
v 21.595 5.987 -4.289
v 22.876 1.341 -4.289
v 17.929 14.921 -4.111
v 17.929 14.921 -3.992
v 17.69 14.772 -4.29
v 17.781 14.833 -4.289
v 19.893 10.482 -4.291
v 21.864 6.047 -4.139
v 22.962 1.339 -4.201
v 21.743 6.017 -4.259
v 20.139 10.606 -4.138
v 17.872 14.863 -4.199
v 20.043 10.542 -4.261
v 24.04 7.955 -4.287
v 25.38 3.934 -4.288
v 25.255 3.9 -4.291
v 23.771 7.865 -3.99
v 25.11 3.873 -4.11
v 25.079 3.872 -3.991
v 20.221 15.486 -4.291
v 22.366 11.853 -4.29
v 20.077 15.4 -3.99
v 20.106 15.4 -4.11
v 22.097 11.703 -3.993
v 23.92 7.894 -4.258
v 25.172 3.875 -4.198
v 23.799 7.863 -4.14
v 22.221 11.766 -4.259
v 20.132 15.456 -4.201
v 22.133 11.737 -4.139
v 20.728 5.717 -4.29
v 21.862 1.161 -4.289
v 21.747 1.135 -4.287
v 20.462 5.629 -3.991
v 21.598 1.105 -4.108
v 21.565 1.102 -3.991
v 16.832 14.239 -4.288
v 19.092 10.127 -4.289
v 16.647 14.146 -3.993
v 16.676 14.175 -4.113
v 18.798 10.01 -3.99
v 20.615 5.662 -4.257
v 21.656 1.103 -4.199
v 20.488 5.627 -4.142
v 18.94 10.065 -4.261
v 16.736 14.206 -4.201
v 18.822 10.036 -4.141
v 17.036 23.977 -4.289
v 15.43 28.148 -4.289
v 15.544 28.204 -4.291
v 17.307 24.097 -3.991
v 15.696 28.236 -4.111
v 15.727 28.266 -3.991
v 18.915 19.927 -4.288
v 21.328 16.175 -4.109
v 19.185 20.077 -3.99
v 17.155 24.036 -4.26
v 15.633 28.234 -4.202
v 17.274 24.065 -4.141
v 19.031 19.985 -4.26
v 21.27 16.146 -4.198
v 19.15 20.044 -4.141
v 25.167 8.398 -3.992
v 26.538 4.259 -3.991
v 26.511 4.261 -4.109
v 24.897 8.278 -4.291
v 26.362 4.231 -4.288
v 26.243 4.172 -4.288
v 21.353 16.171 -3.993
v 23.443 12.362 -3.99
v 21.208 16.085 -4.289
v 23.174 12.242 -4.289
v 25.142 8.372 -4.139
v 26.446 4.227 -4.202
v 25.019 8.339 -4.26
v 23.412 12.361 -4.14
v 23.292 12.301 -4.259
v 23.773 7.866 -4.287
v 25.078 3.872 -3.009
v 23.768 7.863 -3.008
v 22.104 11.708 -4.287
v 22.103 11.707 -3.007
v 20.076 15.399 -4.289
v 20.073 15.397 -3.01
v 21.889 6.074 -4.291
v 23.051 1.368 -3.01
v 21.892 6.076 -3.009
v 20.166 10.604 -4.289
v 20.167 10.605 -3.007
v 17.934 14.925 -4.287
v 17.929 14.921 -3.009
v 24.694 8.222 -4.497
v 26.06 4.139 -6.762
v 26.064 4.141 -4.497
v 23.884 10.184 -7.389
v 22.998 12.155 -4.496
v 20.936 15.903 -8.014
v 20.941 15.907 -4.497
v 16.83 23.889 -4.497
v 15.254 28.09 -7.147
v 15.249 28.087 -4.498
v 17.339 22.759 -8.07
v 18.738 19.839 -4.496
v 19.924 17.631 -8.192
v 18.554 20.163 -8.013
v 18.557 20.165 -8.31
v 21.799 2.499 -6.614
v 22.075 1.194 -6.521
v 22.069 1.19 -4.498
v 20.937 5.777 -4.499
v 19.274 10.218 -4.496
v 17.1 14.418 -4.496
v 19.03 17.035 -9.205
v 16.683 17.039 -9.202
v 19.505 11.911 -8.64
v 22.962 9.679 -8.401
v 20.852 8.908 -8.309
v 21.956 5.781 -7.98
v 25.077 3.751 -7.745
v 22.785 2.591 -7.625
v 25.404 2.589 -7.627
v 23.945 7.921 -4.499
v 25.288 3.902 -4.497
v 25.201 3.904 -4.496
v 25.108 3.872 -4.379
v 25.082 3.874 -4.288
v 20.162 15.457 -4.499
v 20.254 15.488 -4.498
v 22.276 11.792 -4.499
v 20.073 15.398 -4.379
v 23.86 7.894 -4.467
v 25.138 3.872 -4.438
v 23.799 7.864 -4.408
v 22.189 11.764 -4.468
v 20.134 15.428 -4.439
v 22.097 11.733 -4.41
v 23.051 1.368 -4.291
v 23.023 1.37 -4.379
v 21.681 6.015 -4.499
v 22.933 1.339 -4.499
v 22.849 1.343 -4.496
v 17.928 14.921 -4.38
v 17.785 14.836 -4.496
v 17.844 14.865 -4.496
v 19.988 10.546 -4.496
v 21.859 6.074 -4.41
v 22.996 1.371 -4.437
v 21.799 6.044 -4.47
v 20.133 10.602 -4.409
v 17.902 14.893 -4.438
v 20.073 10.572 -4.469
v 19.927 8.638 -7.327
v 21.893 2.473 -6.999
v 22.4 2.533 -7.535
v 17.153 14.414 -8.342
v 17.099 14.418 -7.952
v 17.933 14.805 -8.965
v 17.636 14.627 -8.874
v 20.198 8.67 -8.01
v 22.102 2.473 -7.326
v 17.365 14.505 -8.638
v 23.652 10.01 -8.13
v 26.006 4.083 -7.057
v 25.881 4.019 -7.358
v 25.679 3.934 -7.564
v 25.406 3.842 -7.715
v 20.788 15.755 -8.609
v 20.906 15.873 -8.342
v 20.014 16.857 -8.877
v 20.582 15.638 -8.846
v 20.346 15.461 -8.964
v 20.073 15.278 -8.997
v 18.285 20.044 -9.026
v 19.894 17.602 -8.52
v 19.778 17.484 -8.816
v 19.57 17.365 -9.025
v 19.329 17.215 -9.175
v 16.439 22.516 -9.056
v 16.771 22.638 -8.964
v 17.037 22.726 -8.727
v 17.245 22.785 -8.43
v 20.164 10.603 3.008
v 20.164 10.603 1.906
v 21.889 6.074 1.905
v 23.058 1.373 1.908
v 22.1 11.705 3.008
v 20.075 15.399 3.008
v 20.077 15.4 -3.99
v 22.097 11.703 -3.993
v 23.765 7.861 3.006
v 23.771 7.865 -3.99
v 25.081 3.873 3.009
v 25.079 3.872 -3.991
v 23.324 -5.658 3.307
v 22.636 -6.256 3.306
v 22.28 -5.719 3.306
v 23.648 -5.988 3.305
v 23.116 -6.73 3.307
v 23.056 -5.27 3.307
v 22.014 -5.092 3.307
v 24.035 -6.256 3.305
v 23.677 -7.09 3.305
v 22.872 -4.857 3.305
v 21.89 -4.44 3.305
v 24.48 -6.436 3.305
v 24.303 -7.299 3.305
v 22.815 -4.379 3.306
v 21.922 -3.783 3.306
v 24.963 -6.491 3.308
v 25.618 -7.296 3.307
v 24.963 -7.415 3.307
v 22.813 -3.903 3.305
v 22.009 -3.04 3.305
v 25.405 -6.435 3.305
v 26.24 -7.06 3.306
v 25.852 -6.256 3.305
v 22.902 -3.129 3.305
v 22.068 -2.295 3.305
v 26.811 -6.699 3.308
v 26.274 -5.984 3.308
v 22.964 -2.324 3.306
v 27.281 -6.227 3.305
v 26.601 -5.657 3.308
v 22.992 -1.551 3.305
v 22.1 -1.52 3.306
v 27.643 -5.687 3.307
v 26.862 -5.245 3.304
v 22.939 -0.116 3.308
v 22.043 -0.178 3.307
v 27.88 -5.063 3.307
v 27.018 -4.794 3.307
v 28.002 -4.376 3.308
v 27.107 -4.347 3.307
v 21.866 1.164 3.308
v 27.97 -3.722 3.307
v 27.076 -3.872 3.306
v 26.628 -1.251 3.306
v 27.491 -1.073 3.306
v 21.953 4.826 3.307
v 21.058 4.587 3.306
v 26.062 1.37 3.306
v 26.925 1.578 3.306
v 20.816 8.248 3.304
v 19.983 7.951 3.305
v 25.375 3.93 3.305
v 19.394 11.589 3.308
v 18.586 11.199 3.306
v 14.596 18.587 3.307
v 24.063 10.274 3.305
v 23.263 9.919 3.306
v 15.399 18.973 3.306
v 12.596 23.022 3.305
v 13.435 23.353 3.307
v 10.931 27.581 3.306
v 11.796 27.88 3.307
v 17.927 21.919 3.304
v 17.129 21.566 3.307
v 9.62 32.287 3.306
v 10.484 32.495 3.306
v 9.564 32.766 3.308
v 10.455 32.764 3.306
v 9.624 33.273 3.308
v 10.486 33.063 3.307
v 9.773 33.72 3.308
v 10.577 33.362 3.308
v 10.041 34.166 3.308
v 10.748 33.595 3.304
v 10.928 33.804 3.305
v 14.892 29.874 3.306
v 14.592 27.877 3.305
v 14.026 29.604 3.305
v 10.398 34.494 3.308
v 11.2 33.956 3.307
v 10.814 34.761 3.307
v 14.356 31.602 3.306
v 13.49 31.362 3.305
v 13.015 33.12 3.306
v 11.259 34.938 3.306
v 11.469 34.046 3.307
v 11.769 35 3.308
v 11.769 34.077 3.308
v 12.123 34.968 3.306
v 12.182 34.015 3.306
v 13.877 33.327 3.304
v 12.483 34.881 3.308
v 13.763 33.689 3.307
v 12.837 33.508 3.306
v 12.804 34.727 3.304
v 12.566 33.804 3.304
v 13.585 34.017 3.307
v 13.109 34.524 3.308
v 13.373 34.283 3.306
v 19.183 20.076 3.009
v 19.185 20.077 -3.99
v 17.302 24.094 3.007
v 17.307 24.097 -3.991
v 15.725 28.265 3.007
v 15.727 28.266 -3.991
v 18.793 10.007 3.008
v 16.649 14.147 3.008
v 16.647 14.146 -3.993
v 18.798 10.01 -3.99
v 20.462 5.629 -3.991
v 20.466 5.632 3.01
v 21.561 1.1 3.007
v 21.565 1.102 -3.991
v 21.353 16.171 -3.993
v 23.443 12.362 -3.99
v 25.167 8.398 3.007
v 25.167 8.398 -3.992
v 26.538 4.259 -3.991
v 22.369 11.855 3.306
v 20.314 15.548 3.306
v 20.222 15.487 3.275
v 20.107 15.401 3.129
v 25.261 3.904 3.278
v 24.037 7.953 3.306
v 25.107 3.871 3.127
v 22.223 11.768 3.278
v 20.134 15.458 3.216
v 22.128 11.734 3.156
v 23.913 7.89 3.274
v 25.166 3.87 3.215
v 23.795 7.861 3.156
v 17.93 14.922 3.008
v 17.932 14.923 3.128
v 19.901 10.487 3.308
v 17.779 14.831 3.275
v 17.696 14.776 3.308
v 23.027 1.372 3.129
v 23.051 1.368 3.007
v 21.891 6.075 3.008
v 22.76 1.313 3.308
v 22.873 1.339 3.275
v 21.593 5.986 3.306
v 20.137 10.605 3.158
v 17.871 14.863 3.217
v 20.043 10.542 3.275
v 21.865 6.048 3.158
v 22.967 1.342 3.218
v 21.741 6.015 3.275
v 18.913 19.926 3.306
v 21.088 16.024 3.306
v 21.353 16.172 3.007
v 15.55 28.208 3.278
v 15.429 28.147 3.306
v 17.036 23.977 3.306
v 15.695 28.235 3.127
v 19.031 19.984 3.275
v 21.266 16.143 3.216
v 19.148 20.043 3.155
v 17.153 24.034 3.275
v 15.634 28.234 3.215
v 17.276 24.067 3.157
v 23.445 12.364 3.01
v 21.33 16.176 3.129
v 23.174 12.243 3.307
v 21.205 16.083 3.275
v 26.506 4.258 3.126
v 26.54 4.26 3.009
v 26.244 4.172 3.308
v 26.356 4.227 3.274
v 24.901 8.28 3.306
v 23.412 12.361 3.158
v 23.295 12.303 3.278
v 25.137 8.368 3.156
v 26.447 4.228 3.216
v 25.016 8.337 3.274
v 19.089 10.125 3.305
v 16.92 14.298 3.307
v 16.832 14.24 3.278
v 16.684 14.181 3.13
v 21.739 1.129 3.274
v 20.729 5.718 3.306
v 21.595 1.102 3.128
v 18.945 10.069 3.277
v 16.739 14.207 3.217
v 18.821 10.035 3.155
v 20.611 5.659 3.276
v 21.651 1.1 3.215
v 20.488 5.627 3.155
v 21.087 11.02 -1.907
v 24.039 1.551 0.895
v 24.035 1.547 -1.907
v 20.645 10.815 -2.411
v 18.376 15.189 -2.414
v 18.528 15.281 -2.353
v 18.762 15.397 -2.086
v 18.797 15.431 -1.905
v 23.735 1.486 -2.355
v 22.366 6.223 -2.414
v 24.009 1.55 -2.084
v 22.848 6.376 -1.905
v 20.851 10.932 -2.323
v 18.676 15.37 -2.263
v 21.026 10.989 -2.146
v 22.608 6.285 -2.323
v 23.889 1.52 -2.263
v 22.782 6.342 -2.146
v 18.199 15.071 -2.442
v 20.168 10.606 -2.887
v 17.987 14.95 -2.712
v 17.931 14.922 -2.889
v 23.355 1.432 -2.441
v 23.531 1.46 -2.413
v 23.053 1.37 -2.889
v 23.084 1.37 -2.71
v 21.896 6.079 -2.887
v 20.405 10.724 -2.471
v 18.083 14.984 -2.53
v 20.227 10.635 -2.649
v 22.133 6.137 -2.471
v 23.201 1.398 -2.533
v 21.953 6.077 -2.65
v 22.371 6.227 1.401
v 23.534 1.462 1.402
v 23.738 1.488 1.37
v 22.847 6.375 0.894
v 24.007 1.549 1.102
v 18.528 15.281 1.371
v 20.641 10.812 1.4
v 18.791 15.426 0.892
v 18.761 15.396 1.1
v 21.091 11.023 0.895
v 22.604 6.283 1.339
v 23.886 1.517 1.25
v 22.786 6.344 1.132
v 20.854 10.934 1.342
v 18.675 15.369 1.251
v 21.027 10.99 1.131
v 23.351 1.429 1.429
v 23.082 1.369 1.697
v 18.201 15.073 1.431
v 18.38 15.193 1.401
v 17.935 14.925 1.908
v 17.993 14.954 1.699
v 22.131 6.136 1.46
v 23.203 1.4 1.549
v 21.951 6.076 1.668
v 20.4 10.721 1.458
v 18.082 14.984 1.55
v 20.227 10.635 1.669
v 23.771 7.865 1.997
v 25.08 3.873 3.307
v 23.769 7.864 3.306
v 22.099 11.704 3.305
v 20.071 15.396 3.304
v 21.893 6.076 1.996
v 23.053 1.37 1.995
v 23.056 1.371 3.307
v 21.893 6.077 3.307
v 20.162 10.602 1.994
v 20.166 10.604 3.307
v 17.933 14.924 3.307
v 25.316 0.982 -2.503
v 23.593 1.134 -2.5
v 23.623 0.985 -2.5
v 25.081 1.907 -2.501
v 23.559 1.309 -2.503
v 24.873 2.831 -2.501
v 22.694 5.032 -2.503
v 22.518 9.591 -2.502
v 20.105 11.944 -2.502
v 21.565 8.549 -2.502
v 19.662 15.133 -2.5
v 18.376 15.19 -2.503
v 17.01 19.958 -2.501
v 15.786 19.986 -2.502
v 14.772 24.989 -2.503
v 13.644 24.992 -2.501
v 23.588 1.13 1.488
v 25.314 0.98 1.487
v 23.623 0.985 1.491
v 25.082 1.908 1.491
v 23.562 1.312 1.49
v 23.531 1.46 1.49
v 24.867 2.827 1.487
v 24.605 3.725 1.491
v 22.692 5.031 1.487
v 22.515 9.589 1.488
v 21.567 8.55 1.49
v 20.107 11.945 1.49
v 19.661 15.133 1.49
v 17.005 19.954 1.488
v 15.787 19.986 1.489
v 14.769 24.987 1.487
v 13.64 24.989 1.488
v 21.892 6.076 -3.009
v 23.051 1.368 -3.01
v 23.087 1.373 -2.798
v 22.371 6.227 -2.501
v 23.353 1.431 -2.531
v 23.528 1.457 -2.503
v 17.994 14.955 -2.798
v 17.929 14.921 -3.009
v 20.167 10.605 -3.007
v 18.202 15.073 -2.53
v 20.638 10.81 -2.503
v 21.951 6.076 -2.77
v 23.207 1.403 -2.649
v 22.128 6.134 -2.563
v 20.228 10.636 -2.768
v 18.076 14.98 -2.653
v 20.405 10.724 -2.56
v 17.929 14.921 1.994
v 17.987 14.95 1.815
v 20.642 10.813 1.49
v 18.197 15.07 1.548
v 18.377 15.19 1.489
v 23.087 1.372 1.818
v 23.348 1.427 1.547
v 22.365 6.223 1.487
v 20.224 10.633 1.757
v 18.076 14.98 1.636
v 20.399 10.72 1.577
v 21.952 6.076 1.757
v 23.199 1.397 1.636
v 22.13 6.135 1.578
v 23.296 7.687 -2.5
v 24.602 3.723 -2.502
v 24.783 3.784 -2.531
v 23.768 7.863 -3.008
v 25.046 3.84 -2.801
v 25.078 3.872 -3.009
v 19.809 15.252 -2.531
v 21.656 11.498 -2.501
v 20.073 15.397 -3.01
v 20.042 15.367 -2.802
v 22.103 11.707 -3.007
v 23.528 7.742 -2.563
v 24.959 3.812 -2.651
v 23.713 7.836 -2.768
v 21.862 11.586 -2.562
v 19.958 15.311 -2.65
v 22.041 11.676 -2.77
v 21.656 11.499 1.49
v 19.803 15.247 1.547
v 22.097 11.703 1.994
v 20.044 15.368 1.816
v 20.077 15.4 1.997
v 24.777 3.78 1.547
v 23.289 7.682 1.488
v 25.075 3.869 1.994
v 25.048 3.841 1.816
v 21.86 11.585 1.578
v 19.957 15.31 1.639
v 22.044 11.678 1.759
v 23.532 7.745 1.579
v 24.964 3.815 1.64
v 23.709 7.834 1.757
v 24.689 8.219 3.513
v 26.066 4.143 3.516
v 26.065 4.142 5.75
v 23.888 10.186 6.404
v 22.999 12.155 3.517
v 20.94 15.906 3.515
v 23.886 10.185 5.747
v 16.825 23.885 3.513
v 15.253 28.09 3.516
v 15.249 28.087 6.165
v 17.337 22.757 7.06
v 18.738 19.839 3.516
v 18.554 20.163 6.165
v 18.556 20.164 7.297
v 22.072 1.192 3.515
v 22.068 1.189 5.509
v 20.94 5.779 3.515
v 19.928 8.639 6.315
v 19.274 10.218 3.516
v 17.095 14.415 6.969
v 17.101 14.419 3.517
v 25.077 3.751 6.73
v 25.409 2.593 6.613
v 22.786 2.592 6.613
v 21.956 5.781 6.972
v 22.961 9.677 7.385
v 20.851 8.907 7.298
v 19.51 11.914 7.625
v 17.928 14.802 7.951
v 16.682 17.039 8.192
v 23.769 7.864 3.306
v 25.08 3.873 3.307
v 25.111 3.874 3.367
v 23.949 7.924 3.515
v 25.201 3.904 3.486
v 25.287 3.901 3.514
v 20.073 15.397 3.364
v 20.071 15.396 3.304
v 22.099 11.704 3.305
v 20.257 15.491 3.516
v 20.165 15.458 3.485
v 22.279 11.795 3.514
v 23.796 7.861 3.394
v 25.137 3.871 3.454
v 23.86 7.895 3.486
v 22.104 11.738 3.397
v 20.132 15.427 3.454
v 22.191 11.766 3.485
v 21.683 6.016 3.515
v 22.847 1.342 3.516
v 22.931 1.337 3.483
v 21.893 6.077 3.307
v 23.022 1.369 3.365
v 23.056 1.371 3.307
v 17.844 14.865 3.486
v 17.785 14.835 3.516
v 19.989 10.546 3.516
v 17.933 14.924 3.307
v 17.933 14.924 3.367
v 20.166 10.604 3.307
v 21.807 6.049 3.487
v 22.998 1.373 3.457
v 21.866 6.079 3.397
v 20.077 10.575 3.486
v 17.897 14.89 3.453
v 20.137 10.605 3.397
v 23.648 10.007 7.118
v 25.407 3.842 6.702
v 25.677 3.933 6.554
v 25.88 4.019 6.343
v 26.006 4.083 6.078
v 20.794 15.759 7.627
v 20.579 15.636 7.832
v 20.347 15.461 7.984
v 17.153 14.414 7.326
v 17.631 14.623 7.862
v 21.896 2.475 5.989
v 21.806 2.504 5.631
v 22.398 2.531 6.522
v 20.194 8.668 7
v 22.102 2.473 6.315
v 17.369 14.508 7.657
v 20.346 16.264 7.805
v 20.072 15.277 8.011
v 20.91 15.876 7.327
v 20.939 15.905 6.999
v 19.926 17.633 7.208
v 19.897 17.603 7.536
v 19.779 17.485 7.805
v 19.569 17.365 8.042
v 19.327 17.214 8.159
v 19.032 17.037 8.191
v 17.931 19.212 8.31
v 18.288 20.045 8.012
v 17.249 22.788 7.418
v 17.034 22.724 7.743
v 16.77 22.637 7.953
v 16.44 22.517 8.041
v 28.538 -15.813 -6.491
v 28.501 -16.683 -6.495
v 28.442 -16.682 -6.882
v 27.553 -15.785 -7.505
v 27.91 -16.649 -7.416
v 27.522 -16.65 -7.506
v 28.473 -14.06 -6.881
v 28.562 -14.061 -6.495
v 28.566 -14.921 -6.492
v 27.554 -14.057 -7.505
v 27.943 -14.056 -7.415
v 27.553 -14.921 -7.505
v 28.415 -15.816 -7
v 28.21 -16.678 -7.206
v 28.025 -15.788 -7.388
v 28.416 -14.922 -6.999
v 28.268 -14.058 -7.207
v 28.061 -14.92 -7.385
v 27.191 -25.469 -3.04
v 27.429 -24.427 -3.129
v 27.675 -23.379 -3.304
v 27.853 -22.605 -3.483
v 27.968 -21.833 -3.694
v 28.295 -19.63 -6.494
v 28.206 -20.225 -4.081
v 28.293 -19.452 -4.261
v 28.384 -18.647 -4.379
v 28.504 -16.978 -4.498
v 28.507 -16.797 -4.496
v 28.503 -16.681 -4.498
v 28.504 -16.888 -4.498
v 28.121 -21.026 -4.377
v 28.118 -21.028 -3.902
v 27.846 -22.58 -6.495
v 27.196 -25.465 -6.492
v 27.104 -25.437 -6.881
v 26.865 -22.399 -7.506
v 26.597 -25.289 -7.417
v 26.215 -25.196 -7.504
v 27.282 -19.54 -7.507
v 27.73 -22.548 -7
v 26.895 -25.378 -7.209
v 27.339 -22.491 -7.389
v 28.149 -19.628 -6.999
v 27.794 -19.566 -7.385
v 27.432 -24.097 -3.038
v 27.429 -24.427 -3.129
v 27.347 -24.778 -3.036
v 27.675 -23.379 -3.304
v 27.608 -23.383 -3.218
v 27.523 -23.38 -3.127
v 27.46 -23.383 -3.039
v 27.191 -25.469 -3.04
v 27.402 -24.246 2.055
v 27.311 -24.843 2.054
v 27.433 -24.423 2.115
v 27.551 -23.382 2.144
v 27.491 -23.382 2.085
v 27.463 -23.619 2.056
v 27.609 -23.383 2.233
v 27.67 -23.382 2.293
v 27.192 -25.468 2.054
v 27.496 -24.093 2.147
v 27.436 -22.694 2.057
v 24.933 -23.141 2.116
v 24.931 -22.696 2.056
v 27.431 -23.383 2.084
v 24.934 -23.617 2.057
v 27.435 -23.142 2.116
v 27.493 -23.053 2.085
v 27.433 -24.423 2.115
v 27.192 -25.468 2.054
v 27.19 -25.469 5.508
v 27.67 -23.382 2.293
v 27.847 -22.579 5.509
v 27.853 -22.605 2.474
v 27.968 -21.833 2.68
v 28.299 -19.418 3.248
v 28.208 -20.224 3.098
v 28.296 -19.629 5.51
v 28.382 -18.618 3.394
v 28.505 -16.977 3.515
v 28.505 -16.888 3.515
v 28.504 -16.799 3.514
v 28.502 -16.682 3.513
v 28.121 -21.026 3.248
v 28.121 -21.026 2.891
v 28.504 -16.68 5.51
v 28.441 -16.682 5.896
v 27.284 -19.539 6.493
v 27.912 -16.648 6.435
v 27.522 -16.65 6.493
v 27.104 -25.437 5.897
v 26.207 -25.201 6.491
v 26.6 -25.287 6.434
v 26.868 -22.398 6.494
v 28.145 -19.63 5.986
v 28.205 -16.681 6.194
v 27.787 -19.571 6.373
v 27.733 -22.545 5.988
v 26.894 -25.378 6.194
v 27.344 -22.487 6.374
v 26.629 -1.25 -4.289
v 26.958 -3.87 -4.288
v 26.331 -1.28 -3.991
v 26.811 -3.899 -4.108
v 26.778 -3.901 -3.991
v 25.255 3.9 -4.291
v 25.38 3.934 -4.288
v 26.06 1.368 -4.29
v 25.079 3.872 -3.991
v 25.11 3.873 -4.11
v 25.764 1.28 -3.991
v 26.477 -1.253 -4.261
v 26.865 -3.903 -4.2
v 26.363 -1.278 -4.138
v 25.916 1.342 -4.258
v 25.172 3.875 -4.198
v 25.796 1.312 -4.139
v 25.706 -6.344 -4.289
v 24.963 -6.491 -4.288
v 24.962 -6.403 -4.288
v 24.963 -6.283 -4.198
v 24.958 -6.227 -4.111
v 25.676 -6.016 -3.991
v 24.96 -6.195 -3.991
v 26.806 -5.332 -4.289
v 26.334 -5.925 -4.287
v 26.268 -5.572 -3.993
v 26.809 -4.198 -3.99
v 27.073 -4.618 -4.29
v 26.66 -4.943 -3.99
v 27.078 -3.87 -4.288
v 26.803 -4.113 -3.993
v 26.806 -3.992 -3.992
v 26.032 -5.987 -4.26
v 25.972 -5.898 -4.141
v 26.808 -5.003 -4.259
v 26.69 -4.973 -4.139
v 27.793 -1.011 -3.99
v 27.495 -1.07 -4.288
v 27.969 -3.723 -4.289
v 26.511 4.261 -4.109
v 26.538 4.259 -3.991
v 27.221 1.636 -3.992
v 26.243 4.172 -4.288
v 26.362 4.231 -4.288
v 26.926 1.579 -4.289
v 27.76 -1.013 -4.14
v 27.644 -1.04 -4.258
v 27.166 1.64 -4.139
v 26.446 4.227 -4.202
v 27.077 1.61 -4.258
v 26.237 -7.39 -3.993
v 24.963 -7.712 -3.99
v 24.961 -7.684 -4.11
v 26.004 -7.177 -4.288
v 24.958 -7.627 -4.201
v 24.963 -7.534 -4.288
v 24.956 -7.419 -4.291
v 27.581 -5.808 -4.289
v 28.061 -5.508 -3.99
v 27.344 -6.642 -3.991
v 26.899 -6.61 -4.287
v 28.293 -4.202 -3.993
v 27.936 -4.797 -4.291
v 28.234 -3.666 -4.112
v 28.27 -3.661 -3.99
v 28.297 -3.842 -3.991
v 28.179 -3.692 -4.199
v 28.292 -4.024 -3.993
v 28.09 -3.692 -4.288
v 26.715 -7.091 -4.142
v 26.656 -7.001 -4.26
v 27.996 -5.542 -4.141
v 27.907 -5.482 -4.26
v 28.538 -15.813 -6.491
v 28.501 -16.683 -6.495
v 28.503 -16.681 -4.498
v 28.566 -14.921 -6.492
v 28.412 -9.683 -4.499
v 27.851 -4.198 -6.492
v 27.611 -2.711 -4.498
v 26.064 4.141 -4.497
v 26.06 4.139 -6.762
v 26.57 -1.488 -4.497
v 26.96 -4.107 -4.495
v 26.87 -4.018 -4.466
v 26.803 -3.964 -4.41
v 26.779 -3.931 -4.348
v 26.774 -3.904 -4.291
v 25.971 1.22 -4.498
v 26.329 -1.282 -4.29
v 25.288 3.902 -4.497
v 25.764 1.28 -4.289
v 25.201 3.904 -4.496
v 25.138 3.872 -4.438
v 25.108 3.872 -4.379
v 25.082 3.874 -4.288
v 26.45 -1.489 -4.468
v 26.386 -1.522 -4.41
v 25.884 1.221 -4.468
v 25.793 1.191 -4.409
v 28.386 -9.114 -6.493
v 28.562 -14.061 -6.495
v 28.473 -14.06 -6.881
v 27.376 -9.201 -7.504
v 27.943 -14.056 -7.415
v 27.554 -14.057 -7.505
v 26.926 0.656 -6.493
v 26.837 -4.348 -7.506
v 28.266 -9.144 -7
v 28.268 -14.058 -7.207
v 27.878 -9.175 -7.387
v 27.697 -4.232 -7.001
v 26.66 0.567 -7.207
v 27.344 -4.289 -7.386
v 26.481 1.341 -7.237
v 26.868 0.627 -6.88
v 26.328 0.505 -7.418
v 25.975 0.418 -7.505
v 25.404 2.589 -7.627
v 25.794 2.71 -7.566
v 26.358 2.947 -6.613
v 25.406 3.842 -7.715
v 25.077 3.751 -7.745
v 26.006 4.083 -7.057
v 26.297 2.887 -7.001
v 26.005 3.189 -7.385
v 26.092 2.8 -7.327
v 25.679 3.934 -7.564
v 25.881 4.019 -7.358
v 25.583 -6.048 -4.291
v 24.956 -6.198 -4.291
v 24.957 -6.197 -4.499
v 25.672 -6.019 -4.499
v 26.151 -5.689 -4.289
v 26.031 -5.809 -4.498
v 26.303 -5.568 -4.496
v 26.535 -5.185 -4.291
v 26.54 -5.271 -4.497
v 26.749 -4.913 -4.497
v 26.775 -4.559 -4.29
v 26.838 -4.765 -4.497
v 26.867 -3.991 -4.437
v 26.895 -4.588 -4.498
v 26.923 -4.5 -4.499
v 26.928 -4.109 -4.497
v 26.96 -4.375 -4.495
v 27.015 -4.2 -4.498
v 28.061 -5.508 -3.99
v 27.343 -6.642 3.008
v 27.344 -6.642 -3.991
v 26.237 -7.39 -3.993
v 24.963 -7.712 -3.99
v 26.803 -3.994 3.006
v 26.806 -3.992 -3.992
v 26.773 -3.905 3.006
v 26.804 -4.113 3.007
v 26.803 -4.113 -3.993
v 25.769 1.284 3.01
v 25.081 3.873 3.009
v 25.079 3.872 -3.991
v 25.764 1.28 -3.991
v 26.329 -1.282 3.008
v 26.331 -1.28 -3.991
v 26.778 -3.901 -3.991
v 26.66 -4.943 3.009
v 26.809 -4.198 -3.99
v 26.66 -4.943 -3.99
v 26.269 -5.571 3.007
v 26.268 -5.572 -3.993
v 25.675 -6.017 3.008
v 25.676 -6.016 -3.991
v 24.958 -6.197 3.007
v 24.96 -6.195 -3.991
v 28.297 -3.842 -3.991
v 28.292 -4.024 -3.993
v 28.295 -4.2 3.008
v 28.293 -4.202 -3.993
v 26.538 4.259 -3.991
v 27.221 1.636 -3.992
v 26.54 4.26 3.009
v 27.794 -1.01 3.01
v 27.793 -1.011 -3.99
v 28.267 -3.663 3.009
v 28.27 -3.661 -3.99
v 26.062 1.37 3.306
v 25.375 3.93 3.305
v 25.261 3.904 3.278
v 25.107 3.871 3.127
v 27.076 -3.872 3.306
v 26.628 -1.251 3.306
v 25.915 1.342 3.277
v 25.166 3.87 3.215
v 25.792 1.309 3.156
v 26.481 -1.249 3.277
v 26.359 -1.281 3.157
v 26.869 -3.9 3.218
v 26.807 -3.902 3.127
v 27.078 -4.614 3.308
v 26.958 -3.871 3.277
v 26.806 -4.201 3.008
v 26.33 -5.927 3.306
v 26.805 -5.333 3.305
v 24.964 -6.401 3.278
v 24.963 -6.491 3.308
v 25.703 -6.346 3.305
v 24.956 -6.288 3.215
v 24.958 -6.226 3.127
v 26.804 -5.006 3.275
v 26.689 -4.973 3.158
v 26.035 -5.985 3.278
v 25.969 -5.9 3.155
v 27.222 1.637 3.007
v 26.506 4.258 3.126
v 26.925 1.578 3.306
v 26.356 4.227 3.274
v 26.244 4.172 3.308
v 28.24 -3.661 3.129
v 27.491 -1.073 3.306
v 27.16 1.636 3.155
v 26.447 4.228 3.216
v 27.075 1.608 3.276
v 27.76 -1.013 3.157
v 27.645 -1.04 3.278
v 28.299 -3.841 3.01
v 28.176 -3.694 3.216
v 28.295 -4.022 3.008
v 28.09 -3.692 3.277
v 27.97 -3.722 3.307
v 27.935 -4.798 3.304
v 28.058 -5.51 3.008
v 27.579 -5.81 3.305
v 26.898 -6.611 3.307
v 24.958 -7.686 3.127
v 24.96 -7.714 3.008
v 26.241 -7.387 3.008
v 26.006 -7.176 3.308
v 24.96 -7.625 3.217
v 24.96 -7.536 3.276
v 24.963 -7.415 3.307
v 28 -5.539 3.158
v 27.913 -5.478 3.278
v 26.714 -7.092 3.155
v 26.66 -6.998 3.278
v 26.185 -0.564 1.134
v 26.326 -1.284 3.304
v 26.124 -0.297 1.431
v 26.059 -0.002 1.666
v 26.212 -0.744 0.775
v 25.977 0.33 1.849
v 25.763 1.28 3.305
v 26.244 -0.862 0.389
v 25.88 0.712 1.964
v 26.238 -0.925 -0.001
v 25.585 2.025 1.995
v 26.774 -3.904 -4.291
v 26.239 -0.865 -1.401
v 26.21 -0.745 -1.787
v 25.08 3.873 3.307
v 25.075 3.869 1.994
v 26.329 -1.282 -4.29
v 26.184 -0.564 -2.113
v 26.125 -0.296 -2.411
v 26.059 -0.002 -2.682
v 25.976 0.36 -2.858
v 25.764 1.28 -4.289
v 25.879 0.712 -2.951
v 25.082 3.874 -4.288
v 25.078 3.872 -3.009
v 23.796 -0.508 -0.001
v 23.623 0.985 -2.5
v 23.71 0.418 -2.382
v 25.499 0.419 -2.381
v 25.32 -0.058 -2.084
v 23.769 -0.059 -2.055
v 23.801 -0.385 -1.577
v 25.735 -0.387 -1.578
v 25.615 -0.06 -2.085
v 25.32 -0.475 -1.309
v 23.8 -0.505 -1.012
v 25.768 -0.503 -1.011
v 25.734 -0.477 -1.311
v 25.314 0.98 1.487
v 23.707 0.415 1.399
v 23.623 0.985 1.491
v 25.32 -0.386 0.567
v 23.8 -0.386 0.567
v 23.771 -0.058 1.073
v 25.617 -0.058 1.073
v 25.735 -0.387 0.596
v 25.737 -0.475 0.299
v 25.316 0.416 1.399
v 25.497 0.418 1.4
v 25.081 1.907 -2.501
v 25.586 2.025 -3.008
v 24.783 3.784 -2.531
v 24.602 3.723 -2.502
v 24.873 2.831 -2.501
v 25.046 3.84 -2.801
v 25.344 2.946 -3.01
v 25.317 1.965 -2.562
v 25.525 1.995 -2.771
v 25.08 2.889 -2.561
v 24.959 3.812 -2.651
v 25.287 2.918 -2.771
v 25.91 0.564 -2.921
v 25.79 1.099 -3.01
v 25.763 1.101 -2.801
v 26.032 0.059 -2.711
v 25.496 0.447 -2.383
v 25.613 -0.032 -2.086
v 26.125 -0.325 -2.381
v 25.701 -0.39 -1.64
v 26.214 -0.773 -1.756
v 25.733 -0.478 -1.312
v 26.239 -0.925 -1.014
v 25.738 0.747 -2.619
v 25.647 1.073 -2.65
v 25.499 1.045 -2.53
v 25.316 0.982 -2.503
v 26.178 -0.747 -1.014
v 26.181 -0.745 0
v 26.06 -0.627 -1.014
v 26.063 -0.625 0.001
v 25.912 -0.537 -1.013
v 26.242 -0.834 0.536
v 26.179 -0.597 1.042
v 25.731 -0.39 0.564
v 25.643 -0.091 1.041
v 26.121 -0.269 1.459
v 25.5 0.39 1.372
v 25.972 0.357 1.846
v 25.41 0.687 1.461
v 25.499 1.044 1.55
v 25.764 1.102 1.817
v 26.058 -0.598 0.326
v 25.911 -0.538 -0.001
v 25.764 -0.506 0
v 24.867 2.827 1.487
v 24.605 3.725 1.491
v 24.777 3.78 1.547
v 25.349 2.95 1.996
v 25.048 3.841 1.816
v 25.082 1.908 1.491
v 25.792 1.101 1.995
v 25.083 2.891 1.58
v 24.964 3.815 1.64
v 25.287 2.919 1.757
v 25.314 1.964 1.577
v 25.645 1.072 1.638
v 25.529 1.998 1.759
v 25.583 -6.048 -4.291
v 24.956 -6.198 -4.291
v 24.957 -6.198 3.305
v 26.151 -5.689 -4.289
v 26.152 -5.689 3.306
v 26.535 -5.185 -4.291
v 26.537 -5.184 3.305
v 26.775 -4.559 -4.29
v 26.776 -4.558 3.306
v 26.776 -3.903 3.306
v 26.866 -3.991 3.455
v 26.959 -4.376 3.516
v 26.928 -4.109 3.486
v 27.013 -4.202 3.513
v 26.923 -4.5 3.513
v 26.893 -4.589 3.513
v 26.836 -4.707 3.514
v 26.746 -4.915 3.514
v 26.538 -5.273 3.514
v 26.299 -5.571 3.514
v 26.032 -5.808 3.514
v 25.678 -6.014 3.516
v 25.584 -6.048 3.305
v 24.96 -6.195 3.515
v 28.502 -16.682 3.513
v 28.419 -9.678 3.517
v 27.614 -2.708 3.516
v 26.066 4.143 3.516
v 26.566 -1.491 3.513
v 26.776 -3.903 3.306
v 26.779 -3.93 3.367
v 26.808 -3.96 3.396
v 26.87 -4.019 3.457
v 26.957 -4.109 3.486
v 27.013 -4.202 3.513
v 25.973 1.221 3.515
v 26.326 -1.284 3.304
v 25.111 3.874 3.367
v 25.08 3.873 3.307
v 25.763 1.28 3.305
v 25.137 3.871 3.454
v 25.201 3.904 3.486
v 25.287 3.901 3.514
v 26.453 -1.487 3.487
v 25.792 1.19 3.394
v 25.884 1.222 3.485
v 27.971 -5.092 5.511
v 26.96 -5.209 6.495
v 28.441 -16.682 5.896
v 28.504 -16.68 5.51
v 28.478 -10.87 5.512
v 27.522 -16.65 6.493
v 27.912 -16.648 6.435
v 27.495 -10.929 6.495
v 27.822 -5.091 5.988
v 27.463 -5.152 6.375
v 28.355 -10.872 5.986
v 28.205 -16.681 6.194
v 27.971 -10.9 6.375
v 26.298 2.083 6.254
v 25.976 0.419 6.495
v 26.328 0.505 6.433
v 26.656 0.565 6.194
v 26.863 0.623 5.896
v 26.922 0.653 5.509
v 26.297 2.887 6.015
v 26.088 2.797 6.342
v 25.797 2.713 6.554
v 25.409 2.593 6.613
v 25.407 3.842 6.702
v 25.077 3.751 6.73
v 26.361 2.95 5.63
v 26.065 4.142 5.75
v 26.006 4.083 6.078
v 25.883 3.574 6.434
v 25.88 4.019 6.343
v 25.677 3.933 6.554
f 1 2 3
f 4 2 1
f 5 4 14
f 5 2 4
f 6 17 7
f 6 7 8
f 6 8 9
f 10 5 11
f 10 11 16
f 10 16 17
f 10 12 13
f 10 13 14
f 10 14 5
f 10 17 6
f 15 9 12
f 15 12 10
f 15 6 9
f 15 10 6
f 16 17 18
f 19 16 18
f 20 19 18
f 21 19 20
f 22 23 24
f 22 24 19
f 22 19 21
f 25 23 22
f 25 29 23
f 26 29 25
f 27 26 28
f 27 29 26
f 30 40 31
f 30 31 32
f 30 32 33
f 34 27 35
f 34 35 36
f 34 36 40
f 34 37 38
f 34 38 28
f 34 28 27
f 34 40 30
f 39 33 37
f 39 37 34
f 39 30 33
f 39 34 30
f 36 40 43
f 41 36 43
f 42 41 43
f 44 41 42
f 45 46 47
f 45 47 41
f 45 41 44
f 48 46 45
f 48 52 46
f 49 52 48
f 50 52 49
f 59 50 51
f 59 52 50
f 53 54 55
f 53 55 56
f 53 56 57
f 58 59 60
f 58 60 64
f 58 64 54
f 58 61 62
f 58 62 51
f 58 51 59
f 58 54 53
f 63 57 61
f 63 61 58
f 63 53 57
f 63 58 53
f 64 54 65
f 66 64 65
f 67 68 69
f 67 79 68
f 70 66 65
f 71 66 70
f 72 73 74
f 72 74 66
f 72 66 71
f 75 73 72
f 76 77 78
f 76 79 80
f 76 80 77
f 81 79 76
f 82 79 81
f 68 79 82
f 75 83 73
f 84 83 75
f 88 83 84
f 85 86 91
f 78 77 86
f 78 86 85
f 87 88 89
f 87 83 88
f 108 90 91
f 86 108 91
f 92 114 93
f 92 93 94
f 92 94 95
f 96 87 97
f 96 97 113
f 96 113 114
f 96 98 99
f 96 99 89
f 96 89 87
f 96 114 92
f 100 95 98
f 100 98 96
f 100 92 95
f 100 96 92
f 101 90 102
f 101 102 103
f 101 103 104
f 105 106 107
f 105 107 108
f 105 108 90
f 105 109 110
f 105 110 111
f 105 111 106
f 105 90 101
f 112 104 109
f 112 109 105
f 112 101 104
f 112 105 101
f 113 114 117
f 116 113 117
f 106 128 111
f 106 125 128
f 115 116 117
f 118 116 115
f 119 120 116
f 119 116 118
f 121 120 119
f 122 123 124
f 122 125 123
f 126 125 122
f 127 125 126
f 128 125 127
f 121 134 120
f 129 134 121
f 130 134 129
f 131 132 137
f 124 123 132
f 124 132 131
f 144 130 133
f 144 134 130
f 135 136 137
f 132 135 137
f 138 139 140
f 138 140 141
f 138 141 142
f 143 144 145
f 143 145 146
f 143 146 139
f 143 147 148
f 143 148 133
f 143 133 144
f 143 139 138
f 149 142 147
f 149 147 143
f 149 138 142
f 149 143 138
f 150 136 151
f 150 151 152
f 150 152 153
f 154 162 155
f 154 155 135
f 154 135 136
f 154 156 157
f 154 157 158
f 154 158 162
f 154 136 150
f 159 153 156
f 159 156 154
f 159 150 153
f 159 154 150
f 146 139 160
f 161 146 160
f 162 168 158
f 162 166 168
f 163 161 160
f 165 164 161
f 165 161 163
f 165 166 164
f 167 166 165
f 168 166 167
f 169 170 171
f 172 171 173
f 172 169 171
f 174 175 170
f 174 170 169
f 176 173 177
f 176 172 173
f 178 179 175
f 178 175 174
f 180 177 181
f 180 176 177
f 182 183 179
f 182 179 178
f 184 183 182
f 185 181 186
f 185 186 187
f 185 180 181
f 188 183 184
f 189 187 190
f 189 185 187
f 191 183 188
f 192 189 190
f 193 192 190
f 194 183 191
f 195 194 191
f 196 192 193
f 197 194 195
f 198 196 193
f 199 196 198
f 200 194 197
f 201 199 198
f 202 199 201
f 203 194 200
f 204 194 203
f 205 202 201
f 205 206 202
f 207 208 206
f 207 206 205
f 209 210 211
f 209 211 212
f 209 212 208
f 209 208 207
f 213 214 215
f 213 215 216
f 213 216 217
f 213 217 218
f 213 218 210
f 213 210 209
f 213 219 214
f 220 194 204
f 231 221 222
f 223 231 222
f 224 221 225
f 224 225 226
f 224 226 227
f 228 229 230
f 228 230 231
f 228 231 221
f 228 232 233
f 228 233 235
f 228 235 229
f 228 221 224
f 234 227 232
f 234 232 228
f 234 224 227
f 234 228 224
f 229 243 235
f 229 239 243
f 236 246 590
f 237 246 236
f 238 239 240
f 238 240 246
f 238 246 237
f 241 239 238
f 242 239 241
f 243 239 242
f 253 244 245
f 246 253 245
f 247 244 248
f 247 248 249
f 247 249 250
f 251 257 252
f 251 252 253
f 251 253 244
f 251 254 255
f 251 255 258
f 251 258 257
f 251 244 247
f 256 250 254
f 256 254 251
f 256 247 250
f 256 251 247
f 257 267 258
f 257 259 267
f 260 261 268
f 262 261 260
f 263 259 264
f 263 264 261
f 263 261 262
f 265 259 263
f 266 259 265
f 267 259 266
f 268 261 271
f 268 271 269
f 278 270 269
f 271 278 269
f 272 270 273
f 272 273 274
f 272 274 275
f 276 282 277
f 276 277 278
f 276 278 270
f 276 279 280
f 276 280 284
f 276 284 282
f 276 270 272
f 281 275 279
f 281 279 276
f 281 272 275
f 281 276 272
f 282 283 284
f 282 288 283
f 285 286 291
f 287 288 289
f 287 289 286
f 287 286 285
f 290 288 287
f 283 288 290
f 291 286 293
f 291 293 292
f 302 295 292
f 293 302 292
f 294 295 296
f 294 296 297
f 294 297 298
f 299 300 301
f 299 301 302
f 299 302 295
f 299 303 304
f 299 304 307
f 299 307 300
f 299 295 294
f 305 298 303
f 305 303 299
f 305 294 298
f 305 299 294
f 300 306 307
f 300 313 306
f 308 309 310
f 308 311 309
f 312 313 311
f 312 311 308
f 314 313 312
f 306 313 314
f 310 309 316
f 310 316 315
f 324 318 315
f 316 324 315
f 317 318 319
f 317 319 320
f 317 320 321
f 322 328 323
f 322 323 324
f 322 324 318
f 322 325 326
f 322 326 330
f 322 330 328
f 322 318 317
f 327 321 325
f 327 325 322
f 327 317 321
f 327 322 317
f 328 329 330
f 328 333 329
f 331 332 337
f 331 333 334
f 331 334 332
f 335 333 331
f 336 333 335
f 329 333 336
f 337 332 340
f 337 340 338
f 347 339 338
f 340 347 338
f 341 339 342
f 341 342 343
f 341 343 344
f 345 351 346
f 345 346 347
f 345 347 339
f 345 348 349
f 345 349 352
f 345 352 351
f 345 339 341
f 350 344 348
f 350 348 345
f 350 341 344
f 350 345 341
f 351 360 352
f 351 353 360
f 354 355 356
f 354 353 357
f 354 357 355
f 358 353 354
f 359 353 358
f 360 353 359
f 356 355 361
f 356 361 362
f 371 363 362
f 361 371 362
f 364 363 365
f 364 365 366
f 364 366 367
f 368 369 370
f 368 370 371
f 368 371 363
f 368 372 373
f 368 373 374
f 368 374 369
f 368 363 364
f 375 367 372
f 375 372 368
f 375 364 367
f 375 368 364
f 369 382 374
f 369 378 382
f 376 377 629
f 376 378 379
f 376 379 377
f 380 378 376
f 381 378 380
f 382 378 381
f 383 385 384
f 629 377 385
f 629 385 383
f 394 387 384
f 385 394 384
f 386 387 388
f 386 388 389
f 386 389 390
f 391 392 393
f 391 393 394
f 391 394 387
f 391 395 396
f 391 396 632
f 391 632 392
f 391 387 386
f 397 390 395
f 397 395 391
f 397 386 390
f 397 391 386
f 398 399 400
f 401 402 399
f 401 399 398
f 403 404 402
f 403 402 401
f 405 406 404
f 405 404 403
f 407 408 406
f 407 406 405
f 409 408 407
f 410 411 408
f 410 408 409
f 412 413 411
f 412 411 410
f 414 413 412
f 415 416 413
f 415 413 414
f 417 418 416
f 417 416 415
f 419 418 417
f 420 421 418
f 420 418 419
f 422 421 420
f 423 424 425
f 426 425 424
f 427 425 428
f 427 423 425
f 429 427 428
f 430 426 431
f 430 431 432
f 430 425 426
f 433 432 434
f 433 430 432
f 433 435 430
f 436 430 435
f 437 430 436
f 438 434 439
f 438 433 434
f 440 438 439
f 440 439 441
f 442 430 437
f 443 442 437
f 444 443 437
f 444 437 445
f 446 444 445
f 447 442 443
f 448 442 447
f 449 444 446
f 449 446 450
f 451 450 452
f 451 449 450
f 453 454 442
f 453 442 448
f 455 442 454
f 456 453 448
f 457 456 458
f 457 453 456
f 459 458 460
f 459 457 458
f 461 442 455
f 461 455 462
f 463 461 462
f 464 462 465
f 464 463 462
f 466 461 463
f 467 464 465
f 468 461 466
f 469 467 470
f 469 464 467
f 471 470 472
f 471 469 470
f 473 468 474
f 473 461 468
f 473 475 461
f 476 461 475
f 477 473 474
f 478 477 479
f 478 473 477
f 480 479 481
f 480 478 479
f 482 476 483
f 484 476 482
f 485 483 486
f 485 482 483
f 487 484 488
f 487 461 476
f 487 476 484
f 489 487 488
f 490 485 486
f 491 485 490
f 491 490 492
f 493 491 492
f 493 492 494
f 495 487 489
f 496 487 495
f 497 495 489
f 497 489 498
f 499 487 496
f 500 497 498
f 501 497 500
f 501 500 502
f 503 501 502
f 503 502 504
f 505 487 499
f 505 499 506
f 507 487 505
f 508 505 506
f 508 506 509
f 510 508 509
f 511 510 512
f 511 508 510
f 513 511 512
f 513 512 514
f 515 487 507
f 516 517 518
f 519 515 507
f 519 517 516
f 519 507 517
f 520 516 518
f 520 518 521
f 522 515 519
f 523 520 521
f 524 520 523
f 524 523 525
f 526 524 525
f 526 525 527
f 528 522 529
f 528 515 522
f 530 515 528
f 531 528 529
f 532 515 530
f 533 531 529
f 534 533 535
f 534 531 533
f 536 535 537
f 536 534 535
f 538 532 539
f 538 515 532
f 540 515 538
f 541 538 539
f 542 541 539
f 543 541 542
f 544 543 542
f 544 542 545
f 544 545 546
f 547 515 540
f 548 540 549
f 548 549 550
f 551 540 548
f 551 547 540
f 552 548 550
f 553 547 551
f 554 552 550
f 555 552 554
f 556 554 557
f 556 557 558
f 556 555 554
f 559 547 553
f 560 547 559
f 561 553 562
f 561 559 553
f 563 562 564
f 563 561 562
f 565 564 566
f 565 566 567
f 565 563 564
f 568 560 569
f 570 547 560
f 570 560 568
f 571 569 572
f 571 568 569
f 573 572 574
f 573 571 572
f 575 574 576
f 575 576 577
f 575 573 574
f 578 547 570
f 579 570 580
f 579 578 570
f 581 578 579
f 221 579 580
f 221 580 582
f 583 578 581
f 222 582 584
f 222 221 582
f 585 584 586
f 585 586 587
f 585 222 584
f 588 578 583
f 589 578 588
f 244 583 235
f 244 588 583
f 245 244 235
f 245 235 243
f 590 245 243
f 590 243 591
f 592 591 593
f 592 590 591
f 594 589 595
f 270 595 258
f 270 594 595
f 596 578 589
f 596 589 594
f 269 258 267
f 269 270 258
f 268 267 597
f 268 269 267
f 598 597 599
f 598 268 597
f 600 596 601
f 600 578 596
f 602 600 601
f 295 601 284
f 295 602 601
f 603 600 602
f 604 600 603
f 292 284 283
f 292 295 284
f 291 283 605
f 291 292 283
f 606 605 607
f 606 291 605
f 608 600 604
f 318 604 307
f 318 608 604
f 609 600 608
f 315 307 306
f 315 318 307
f 610 611 612
f 310 306 611
f 310 611 610
f 310 315 306
f 613 609 614
f 339 614 330
f 339 613 614
f 615 600 609
f 615 609 613
f 338 330 329
f 338 339 330
f 337 338 329
f 337 329 616
f 337 616 617
f 618 615 619
f 618 600 615
f 620 618 619
f 363 620 619
f 363 619 352
f 621 618 620
f 622 618 621
f 374 618 622
f 362 363 352
f 362 352 360
f 356 362 360
f 356 360 623
f 356 623 624
f 387 618 374
f 387 625 618
f 626 618 625
f 627 618 626
f 384 387 374
f 384 374 382
f 384 382 628
f 629 384 628
f 630 618 627
f 631 630 627
f 631 627 632
f 633 618 630
f 634 631 632
f 634 632 635
f 636 634 635
f 636 635 637
f 636 637 638
f 639 640 641
f 639 641 642
f 643 618 633
f 643 641 640
f 643 633 641
f 643 640 644
f 645 643 644
f 646 639 642
f 646 642 647
f 648 646 647
f 648 647 649
f 648 649 650
f 651 643 645
f 652 643 651
f 653 643 652
f 653 652 654
f 655 665 656
f 657 665 655
f 658 659 660
f 658 660 665
f 658 665 657
f 661 659 658
f 662 659 661
f 663 659 662
f 664 666 656
f 665 664 656
f 666 667 664
f 668 666 669
f 668 669 670
f 668 671 672
f 668 672 667
f 668 667 666
f 673 670 674
f 673 668 670
f 675 674 676
f 675 676 677
f 675 677 671
f 675 671 668
f 675 673 674
f 675 668 673
f 672 678 687
f 672 687 679
f 680 689 681
f 682 689 680
f 683 678 684
f 683 684 689
f 683 689 682
f 685 678 683
f 686 678 685
f 687 678 686
f 696 688 681
f 689 696 681
f 690 688 691
f 690 691 692
f 690 692 693
f 694 701 695
f 694 695 696
f 694 696 688
f 694 697 698
f 694 698 699
f 694 699 701
f 694 688 690
f 700 693 697
f 700 697 694
f 700 690 693
f 700 694 690
f 701 710 699
f 701 706 710
f 702 712 703
f 704 712 702
f 705 706 707
f 705 707 712
f 705 712 704
f 708 706 705
f 709 706 708
f 710 706 709
f 720 711 703
f 712 720 703
f 713 711 714
f 713 714 715
f 713 715 716
f 717 718 719
f 717 719 720
f 717 720 711
f 717 721 722
f 717 722 723
f 717 723 718
f 717 711 713
f 724 716 721
f 724 721 717
f 724 713 716
f 724 717 713
f 718 733 723
f 718 725 733
f 726 727 735
f 728 727 726
f 729 725 730
f 729 730 727
f 729 727 728
f 731 725 729
f 732 725 731
f 733 725 732
f 734 737 735
f 727 734 735
f 736 737 738
f 736 738 739
f 736 739 740
f 741 747 742
f 741 742 734
f 741 734 737
f 741 743 744
f 741 744 745
f 741 745 747
f 741 737 736
f 746 740 743
f 746 743 741
f 746 736 740
f 746 741 736
f 747 756 745
f 747 752 756
f 748 759 749
f 750 759 748
f 751 752 753
f 751 753 759
f 751 759 750
f 754 752 751
f 755 752 754
f 756 752 755
f 757 758 749
f 759 757 749
f 760 758 761
f 760 761 762
f 760 762 763
f 764 765 766
f 764 766 757
f 764 757 758
f 764 767 768
f 764 768 769
f 764 769 765
f 764 758 760
f 770 763 767
f 770 767 764
f 770 760 763
f 770 764 760
f 765 771 769
f 765 776 771
f 772 773 781
f 774 773 772
f 775 776 777
f 775 777 773
f 775 773 774
f 778 776 775
f 779 776 778
f 771 776 779
f 780 783 781
f 773 780 781
f 782 783 784
f 782 784 785
f 782 785 786
f 787 788 789
f 787 789 780
f 787 780 783
f 787 790 791
f 787 791 793
f 787 793 788
f 787 783 782
f 792 786 790
f 792 790 787
f 792 782 786
f 792 787 782
f 788 801 793
f 788 797 801
f 794 805 804
f 795 805 794
f 796 797 798
f 796 798 805
f 796 805 795
f 799 797 796
f 800 797 799
f 801 797 800
f 802 803 804
f 805 802 804
f 806 803 807
f 806 807 808
f 806 808 809
f 810 811 812
f 810 812 802
f 810 802 803
f 810 813 814
f 810 814 816
f 810 816 811
f 810 803 806
f 815 809 813
f 815 813 810
f 815 806 809
f 815 810 806
f 811 826 816
f 811 822 826
f 817 818 819
f 820 818 817
f 821 822 823
f 821 823 818
f 821 818 820
f 824 822 821
f 825 822 824
f 826 822 825
f 827 828 829
f 830 828 827
f 831 836 832
f 831 832 828
f 831 828 830
f 833 836 831
f 834 836 833
f 835 836 834
f 843 835 848
f 843 836 835
f 837 838 839
f 837 839 840
f 837 840 841
f 842 843 844
f 842 844 845
f 842 845 838
f 842 846 847
f 842 847 848
f 842 848 843
f 842 838 837
f 849 841 846
f 849 846 842
f 849 837 841
f 849 842 837
f 845 838 852
f 850 845 852
f 851 850 852
f 853 850 851
f 854 859 855
f 854 855 850
f 854 850 853
f 856 859 854
f 857 859 856
f 858 859 857
f 866 858 870
f 866 859 858
f 860 861 862
f 860 862 863
f 860 863 864
f 865 866 867
f 865 867 872
f 865 872 861
f 865 868 869
f 865 869 870
f 865 870 866
f 865 861 860
f 871 864 868
f 871 868 865
f 871 860 864
f 871 865 860
f 872 861 873
f 875 872 873
f 874 875 873
f 876 875 874
f 877 883 878
f 877 878 875
f 877 875 876
f 879 883 877
f 880 883 879
f 881 883 880
f 889 881 882
f 889 883 881
f 884 895 885
f 884 885 886
f 884 886 887
f 888 889 890
f 888 890 891
f 888 891 895
f 888 892 893
f 888 893 882
f 888 882 889
f 888 895 884
f 894 887 892
f 894 892 888
f 894 884 887
f 894 888 884
f 891 895 896
f 898 891 896
f 897 898 896
f 899 898 897
f 900 901 902
f 900 902 898
f 900 898 899
f 903 901 900
f 904 901 903
f 906 901 904
f 905 906 907
f 905 901 906
f 908 909 910
f 908 910 911
f 908 911 912
f 913 905 914
f 913 914 915
f 913 915 909
f 913 916 917
f 913 917 907
f 913 907 905
f 913 909 908
f 918 912 916
f 918 916 913
f 918 908 912
f 918 913 908
f 915 909 919
f 920 915 919
f 921 920 919
f 922 920 921
f 923 929 924
f 923 924 920
f 923 920 922
f 925 929 923
f 926 929 925
f 927 929 926
f 936 927 928
f 936 929 927
f 930 931 932
f 930 932 933
f 930 933 934
f 935 936 937
f 935 937 938
f 935 938 931
f 935 939 940
f 935 940 928
f 935 928 936
f 935 931 930
f 941 934 939
f 941 939 935
f 941 930 934
f 941 935 930
f 938 931 942
f 943 938 942
f 944 943 942
f 945 943 944
f 946 951 947
f 946 947 943
f 946 943 945
f 948 951 946
f 949 951 948
f 950 951 949
f 958 950 963
f 958 951 950
f 952 953 954
f 952 954 955
f 952 955 956
f 957 958 959
f 957 959 960
f 957 960 953
f 957 961 962
f 957 962 963
f 957 963 958
f 957 953 952
f 964 956 961
f 964 961 957
f 964 952 956
f 964 957 952
f 960 953 965
f 967 960 965
f 966 967 965
f 968 967 966
f 969 975 970
f 969 970 967
f 969 967 968
f 971 975 969
f 972 975 971
f 973 975 972
f 981 974 985
f 981 975 974
f 976 988 977
f 976 977 978
f 976 978 979
f 980 981 982
f 980 982 987
f 980 987 988
f 980 983 984
f 980 984 985
f 980 985 981
f 980 988 976
f 986 979 983
f 986 983 980
f 986 976 979
f 986 980 976
f 987 988 989
f 991 987 989
f 990 991 989
f 992 991 990
f 993 994 995
f 993 995 991
f 993 991 992
f 996 994 993
f 997 994 996
f 998 994 997
f 998 1002 994
f 999 1002 998
f 1000 999 1001
f 1000 1002 999
f 1003 1004 1005
f 1003 1005 1006
f 1003 1006 1007
f 1008 1000 1009
f 1008 1009 1010
f 1008 1010 1004
f 1008 1011 1012
f 1008 1012 1001
f 1008 1001 1000
f 1008 1004 1003
f 1013 1007 1011
f 1013 1011 1008
f 1013 1003 1007
f 1013 1008 1003
f 1010 1004 1014
f 1016 1010 1014
f 1015 1016 1014
f 1017 1018 1019
f 1017 1019 1016
f 1017 1016 1015
f 1020 1018 1017
f 1021 1018 1020
f 1021 1025 1018
f 1022 1025 1021
f 1023 1022 1024
f 1023 1025 1022
f 1026 1027 1028
f 1026 1028 1029
f 1026 1029 1030
f 1031 1023 1032
f 1031 1032 1036
f 1031 1036 1027
f 1031 1033 1034
f 1031 1034 1024
f 1031 1024 1023
f 1031 1027 1026
f 1035 1030 1033
f 1035 1033 1031
f 1035 1026 1030
f 1035 1031 1026
f 1036 1027 1039
f 1038 1036 1039
f 1037 1038 1039
f 1040 1041 1038
f 1040 1038 1037
f 1042 1043 1041
f 1042 1041 1040
f 1044 1043 1042
f 1044 1045 1043
f 1046 1045 1044
f 1053 1046 1057
f 1053 1045 1046
f 1047 1048 1049
f 1047 1049 1050
f 1047 1050 1051
f 1052 1053 1054
f 1052 1054 1059
f 1052 1059 1048
f 1052 1055 1056
f 1052 1056 1057
f 1052 1057 1053
f 1052 1048 1047
f 1058 1051 1055
f 1058 1055 1052
f 1058 1047 1051
f 1058 1052 1047
f 1059 1048 1062
f 1060 1059 1062
f 1061 1060 1062
f 1063 1060 1061
f 1064 1065 1066
f 1064 1066 1060
f 1064 1060 1063
f 1067 1065 1064
f 1068 1069 1070
f 1071 1072 1073
f 1074 1073 1075
f 1074 1075 1068
f 1074 1076 1077
f 1074 1070 1076
f 1074 1077 1078
f 1074 1079 1071
f 1074 1078 1079
f 1074 1068 1070
f 1074 1071 1073
f 1080 1086 1081
f 1082 1086 1080
f 2018 1083 1084
f 2018 1084 1085
f 2018 1085 1086
f 2018 1086 1082
f 1089 1085 1088
f 1086 1089 1087
f 1086 1085 1089
f 1088 1089 1090
f 1091 1088 1090
f 1092 1091 1090
f 1093 1091 1092
f 1094 1095 1096
f 1094 1096 1091
f 1094 1091 1093
f 1097 1095 1094
f 1098 1095 1097
f 1099 1095 1098
f 1104 1099 1100
f 1104 1095 1099
f 1101 1107 1102
f 1103 1107 1101
f 1100 1104 1578
f 1100 1578 1105
f 1100 1105 1107
f 1100 1107 1103
f 1106 1105 1108
f 1107 1105 1106
f 1108 1106 1111
f 1110 1108 1111
f 1109 1110 1111
f 1112 1110 1109
f 1113 1119 1114
f 1113 1114 1110
f 1113 1110 1112
f 1115 1119 1113
f 1116 1119 1115
f 1117 1119 1116
f 1118 1117 1121
f 1118 1119 1117
f 1120 1121 1118
f 1120 1118 1122
f 1120 1122 1123
f 1120 1123 1129
f 1124 1129 1125
f 1124 1125 1126
f 1124 1126 1127
f 1124 1127 1121
f 1124 1120 1129
f 1124 1121 1120
f 1128 1123 1130
f 1129 1123 1128
f 1130 1128 1131
f 1133 1130 1131
f 1132 1133 1131
f 1134 1133 1132
f 1135 1136 1137
f 1135 1137 1133
f 1135 1133 1134
f 1138 1136 1135
f 1139 1136 1138
f 1140 1136 1139
f 1558 1140 1141
f 1558 1136 1140
f 1142 1141 1558
f 1142 1558 1540
f 1142 1540 1143
f 1142 1143 1144
f 1145 1144 1146
f 1145 1146 1147
f 1145 1147 1148
f 1145 1148 1141
f 1145 1142 1144
f 1145 1141 1142
f 1149 1143 1150
f 1144 1143 1149
f 1150 1149 1152
f 1537 1150 1152
f 1151 1537 1152
f 1153 1537 1151
f 1154 1533 1155
f 1154 1155 1537
f 1154 1537 1153
f 1156 1533 1154
f 1157 1533 1156
f 1158 1533 1157
f 1161 1158 1159
f 1161 1533 1158
f 1160 1159 1161
f 1160 1161 1162
f 1160 1162 1163
f 1160 1163 1164
f 1165 1164 1166
f 1165 1166 1167
f 1165 1167 1168
f 1165 1168 1159
f 1165 1160 1164
f 1165 1159 1160
f 1169 1163 1170
f 1164 1163 1169
f 1170 1169 1171
f 1173 1170 1171
f 1172 1173 1171
f 1174 1173 1172
f 1175 1516 1176
f 1175 1176 1173
f 1175 1173 1174
f 1177 1516 1175
f 1178 1516 1177
f 1179 1516 1178
f 1515 1179 1180
f 1515 1516 1179
f 1181 1180 1515
f 1181 1515 1182
f 1181 1182 1183
f 1181 1183 1190
f 1184 1190 1185
f 1184 1185 1186
f 1184 1186 1187
f 1184 1187 1180
f 1184 1181 1190
f 1184 1180 1181
f 1188 1183 1189
f 1190 1183 1188
f 1189 1188 1191
f 1491 1189 1191
f 1192 1491 1191
f 1193 1491 1192
f 1194 1200 1195
f 1194 1195 1491
f 1194 1491 1193
f 1196 1200 1194
f 1197 1200 1196
f 1198 1200 1197
f 1492 1198 1199
f 1492 1200 1198
f 1199 1492 1484
f 1201 1979 1202
f 1201 1202 1203
f 1201 1203 1204
f 1205 1206 1207
f 1205 1207 1199
f 1205 1484 1208
f 1205 1208 1979
f 1205 1979 1201
f 1205 1199 1484
f 1209 1204 1206
f 1209 1206 1205
f 1209 1205 1201
f 1209 1201 1204
f 1208 1210 1212
f 1469 1208 1212
f 1211 1469 1212
f 1213 1469 1211
f 1214 1215 1216
f 1214 1216 1469
f 1214 1469 1213
f 1217 1215 1214
f 1218 1215 1217
f 1220 1215 1218
f 1219 1220 1229
f 1219 1215 1220
f 1221 1222 1223
f 1221 1223 1224
f 1221 1224 1225
f 1226 1219 1483
f 1226 1483 1231
f 1226 1231 1222
f 1226 1227 1228
f 1226 1228 1229
f 1226 1229 1219
f 1226 1222 1221
f 1230 1225 1227
f 1230 1227 1226
f 1230 1221 1225
f 1230 1226 1221
f 1231 1222 1232
f 1449 1231 1232
f 1634 1233 1234
f 1235 1236 1233
f 1235 1233 1634
f 1237 1238 1236
f 1237 1236 1235
f 1239 1240 1238
f 1239 1238 1237
f 1241 1242 1240
f 1241 1240 1239
f 1243 1244 1242
f 1243 1242 1241
f 1245 1244 1243
f 1246 1247 1244
f 1246 1244 1245
f 1248 1249 1247
f 1248 1247 1246
f 1250 1249 1248
f 1251 1252 1249
f 1251 1249 1250
f 1253 1252 1251
f 1254 1255 1252
f 1254 1252 1253
f 1256 1255 1254
f 1257 1258 1259
f 1260 1261 1262
f 1260 1262 1263
f 1264 1258 1257
f 1265 1266 1258
f 1265 1258 1264
f 1267 1268 1260
f 1267 1260 1263
f 1269 1270 1271
f 1272 1271 1273
f 1272 1273 1274
f 1272 1269 1271
f 1275 1276 1277
f 1278 1277 1279
f 1278 1279 1280
f 1278 1275 1277
f 1281 1282 1283
f 1284 1281 1283
f 1284 1283 1285
f 1286 1281 1284
f 1287 1288 1289
f 1287 1289 1290
f 1291 1264 1292
f 1291 1265 1264
f 1293 1294 1268
f 1293 1268 1267
f 1295 1288 1287
f 1295 1296 1288
f 1297 1291 1292
f 1297 1292 1298
f 1299 1294 1293
f 1299 1300 1294
f 1301 1272 1274
f 1301 1274 1302
f 1303 1304 1305
f 1306 1307 1304
f 1308 1286 1284
f 1309 1302 1310
f 1309 1301 1302
f 1311 1275 1278
f 1311 1312 1275
f 1313 1306 1304
f 1313 1304 1303
f 1314 1315 1312
f 1314 1312 1311
f 1316 1296 1295
f 1317 1286 1308
f 1318 1319 1320
f 1321 1308 1322
f 1321 1317 1308
f 1323 1313 1303
f 1324 1319 1318
f 1324 1325 1319
f 1326 1316 1295
f 1327 1328 1329
f 1330 1331 1316
f 1330 1316 1326
f 1332 1325 1324
f 1333 1329 1334
f 1333 1334 1335
f 1333 1327 1329
f 1336 1313 1323
f 1337 1336 1323
f 1337 1323 1338
f 1339 1333 1335
f 1340 1341 1332
f 1340 1332 1324
f 1342 1343 1344
f 1342 1344 1345
f 1342 1345 1346
f 1347 1341 1340
f 1348 1343 1342
f 1349 1350 1351
f 1352 1349 1351
f 1353 1333 1339
f 1354 1355 1349
f 1356 1339 1357
f 1356 1353 1339
f 1358 1354 1349
f 1358 1349 1352
f 1359 1348 1342
f 1360 1361 1362
f 1363 1364 1348
f 1363 1348 1359
f 1365 1361 1360
f 1365 1366 1361
f 1367 1352 1368
f 1367 1358 1352
f 1369 1370 1371
f 1372 1368 1373
f 1372 1367 1368
f 1374 1371 1375
f 1374 1369 1371
f 1374 1376 1369
f 1377 1366 1365
f 1377 1378 1379
f 1377 1379 1366
f 1380 1378 1377
f 1381 1382 1383
f 1381 1383 1384
f 1385 1386 1382
f 1385 1382 1381
f 1387 1375 1388
f 1387 1374 1375
f 1389 1390 1297
f 1389 1297 1298
f 1389 1298 1391
f 1389 1391 1300
f 1389 1300 1299
f 1389 1299 1392
f 1393 1387 1388
f 1394 1315 1314
f 1394 1389 1392
f 1394 1392 1315
f 1394 1314 1395
f 1396 1397 1321
f 1396 1309 1310
f 1396 1322 1398
f 1396 1398 1309
f 1396 1310 1390
f 1396 1390 1389
f 1396 1321 1322
f 1399 1400 1401
f 1399 1401 1402
f 1403 1404 1399
f 1405 1399 1402
f 1405 1403 1399
f 1405 1402 1406
f 1407 1386 1385
f 1408 1337 1338
f 1408 1397 1396
f 1408 1409 1337
f 1408 1338 1397
f 1410 1330 1411
f 1410 1411 1341
f 1410 1347 1412
f 1410 1331 1330
f 1410 1394 1395
f 1410 1341 1347
f 1410 1395 1331
f 1413 1414 1386
f 1413 1386 1407
f 1415 1416 1417
f 1418 1416 1415
f 1419 1416 1418
f 1420 1405 1406
f 1420 1406 1421
f 1422 1420 1421
f 1423 1412 1364
f 1423 1363 1424
f 1423 1364 1363
f 1423 1410 1412
f 1425 1426 1372
f 1425 1409 1408
f 1425 1372 1373
f 1425 1373 1427
f 1425 1427 1356
f 1425 1357 1409
f 1425 1356 1357
f 1428 1429 1430
f 1428 1430 1431
f 1432 1428 1431
f 1433 1416 1419
f 1433 1434 1435
f 1433 1435 1416
f 1436 1432 1431
f 1437 1434 1433
f 1438 1439 1440
f 1438 1440 1441
f 1442 1414 1413
f 1442 1424 1378
f 1442 1380 1443
f 1442 1443 1414
f 1442 1413 1444
f 1442 1423 1424
f 1442 1378 1380
f 1256 1388 1426
f 1256 1393 1388
f 1256 1426 1425
f 1256 1445 1393
f 1446 1436 1431
f 1446 1431 1447
f 1446 1447 1448
f 1449 1439 1438
f 1450 1446 1448
f 1451 1452 1453
f 1451 1453 1454
f 1231 1439 1449
f 1231 1455 1439
f 1456 1457 1455
f 1456 1455 1231
f 1458 1459 1451
f 1458 1451 1454
f 1460 1434 1437
f 1460 1442 1444
f 1460 1444 1434
f 1460 1437 1461
f 1462 1450 1448
f 1462 1463 1450
f 1462 1422 1421
f 1462 1448 1464
f 1462 1464 1422
f 1462 1445 1256
f 1462 1421 1445
f 1465 1454 1466
f 1465 1466 1467
f 1465 1458 1454
f 1468 1465 1467
f 1469 1215 1470
f 1469 1470 1471
f 1469 1471 1472
f 1473 1219 1215
f 1473 1215 1469
f 1208 1219 1473
f 1208 1474 1219
f 1475 1476 1477
f 1478 1474 1208
f 1479 1475 1477
f 1479 1480 1475
f 1479 1477 1481
f 1482 1474 1478
f 1482 1461 1457
f 1482 1457 1456
f 1482 1460 1461
f 1482 1456 1483
f 1482 1483 1474
f 1482 1478 1484
f 1485 1468 1467
f 1485 1463 1462
f 1485 1486 1468
f 1485 1467 1463
f 1487 1479 1481
f 1487 1481 1488
f 1487 1488 1489
f 1490 1487 1489
f 1491 1492 1200
f 1491 1200 1493
f 1491 1493 1494
f 1491 1494 1495
f 1189 1492 1491
f 1183 1492 1189
f 1183 1496 1492
f 1497 1496 1183
f 1498 1499 1500
f 1498 1500 1501
f 1502 1498 1501
f 1503 1501 1504
f 1503 1502 1501
f 1505 1486 1485
f 1505 1506 1507
f 1505 1507 1490
f 1505 1490 1489
f 1505 1489 1486
f 1508 1496 1497
f 1508 1482 1484
f 1508 1484 1496
f 1508 1497 1182
f 1509 1504 1506
f 1509 1503 1504
f 1510 1506 1505
f 1510 1509 1506
f 1511 1510 1505
f 1512 1513 1514
f 1173 1513 1512
f 1173 1515 1516
f 1173 1516 1513
f 1170 1515 1173
f 1163 1515 1170
f 1163 1517 1515
f 1518 1519 1520
f 1521 1517 1163
f 1521 1182 1517
f 1522 1523 1518
f 1524 1518 1520
f 1524 1522 1518
f 1524 1520 1525
f 1526 1182 1521
f 1526 1508 1182
f 1526 1521 1162
f 1527 1511 1505
f 1527 1528 1511
f 1529 1524 1525
f 1529 1525 1528
f 1530 1528 1527
f 1530 1529 1528
f 1531 1530 1527
f 1532 1533 1534
f 1535 1531 1527
f 1536 1533 1532
f 1537 1533 1536
f 1150 1533 1537
f 1150 1161 1533
f 1143 1161 1150
f 1143 1538 1161
f 1539 1526 1162
f 1539 1538 1143
f 1539 1162 1538
f 1540 1526 1539
f 1541 1542 1543
f 1544 1541 1543
f 1545 1543 1546
f 1545 1544 1543
f 1547 1526 1540
f 1548 1546 1549
f 1548 1545 1546
f 1550 1549 1535
f 1550 1535 1527
f 1550 1548 1549
f 1551 1527 1552
f 1551 1550 1527
f 1553 1551 1552
f 1554 1136 1555
f 1556 1136 1554
f 1133 1136 1556
f 1130 1557 1558
f 1130 1558 1136
f 1130 1136 1133
f 1123 1540 1557
f 1123 1557 1130
f 1559 1540 1123
f 1559 1547 1540
f 1122 1547 1559
f 1560 1561 1562
f 1563 1564 1565
f 1563 1565 1560
f 1563 1560 1562
f 1566 1563 1562
f 1566 1562 1567
f 1568 1567 1553
f 1568 1566 1567
f 1568 1553 1552
f 1569 1568 1552
f 1569 1552 1570
f 1571 1569 1570
f 1110 1118 1119
f 1110 1119 1572
f 1110 1572 1573
f 1110 1573 1574
f 1108 1575 1118
f 1108 1118 1110
f 1105 1547 1122
f 1105 1122 1575
f 1105 1575 1108
f 1576 1577 1547
f 1576 1547 1105
f 1578 1577 1576
f 1579 1580 1581
f 1579 1581 1582
f 1583 1582 1584
f 1583 1584 1585
f 1583 1579 1582
f 1586 1583 1585
f 1587 1585 1571
f 1587 1571 1570
f 1587 1586 1585
f 1588 1587 1570
f 1589 1588 1570
f 1590 1095 1591
f 1091 1104 1095
f 1091 1590 1592
f 1091 1095 1590
f 1088 1593 1104
f 1088 1104 1091
f 1085 1578 1593
f 1085 1577 1578
f 1085 1593 1088
f 1594 1577 1085
f 1594 1595 1577
f 1084 1595 1594
f 1596 1597 1598
f 1599 1600 1589
f 1601 1599 1589
f 1601 1589 1570
f 1602 1596 1598
f 1602 1598 1603
f 1602 1603 1600
f 1602 1600 1599
f 1604 1601 1570
f 1604 1570 1605
f 1606 1604 1605
f 1607 1608 1083
f 1609 1610 1611
f 1612 1608 1607
f 1612 1084 1608
f 1612 1595 1084
f 1613 1083 1614
f 1613 1607 1083
f 1613 1614 1610
f 1613 1610 1609
f 1615 1595 1612
f 1616 1617 1606
f 1616 1606 1605
f 1616 1618 1617
f 1619 1616 1605
f 1619 1605 1620
f 1621 1622 1623
f 1621 1623 1624
f 1621 1624 1625
f 1621 1625 1617
f 1621 1617 1618
f 1626 1619 1620
f 1627 1628 1629
f 1627 1629 1630
f 1631 1632 1628
f 1631 1628 1627
f 1633 1615 1632
f 1633 1634 1595
f 1633 1595 1615
f 1633 1632 1631
f 1635 1636 1637
f 1638 1630 1636
f 1638 1627 1630
f 1638 1636 1635
f 1639 1634 1633
f 1640 1626 1620
f 1641 1642 1643
f 1641 1643 1626
f 1641 1626 1640
f 1644 1640 1620
f 1645 1644 1620
f 1646 1647 1642
f 1646 1642 1641
f 1648 1649 1647
f 1648 1647 1646
f 1650 1639 1651
f 1650 1634 1639
f 1652 1650 1651
f 1652 1651 1653
f 1654 1655 1634
f 1654 1634 1650
f 1656 1653 1657
f 1658 1652 1653
f 1658 1653 1656
f 1659 1658 1656
f 1660 1645 1620
f 1660 1661 1645
f 1662 1661 1660
f 1663 1660 1620
f 1663 1620 1664
f 1665 1663 1664
f 1666 1661 1662
f 1666 1667 1661
f 1668 1667 1666
f 1668 1669 1670
f 1668 1670 1667
f 1671 1654 1672
f 1673 1672 1674
f 1673 1671 1672
f 1675 1655 1654
f 1675 1654 1671
f 1676 1673 1674
f 1677 1655 1675
f 1678 1674 1679
f 1678 1676 1674
f 1680 1665 1664
f 1681 1679 1682
f 1681 1682 1683
f 1681 1678 1679
f 1684 1664 1685
f 1684 1680 1664
f 1686 1665 1680
f 1686 1687 1665
f 1688 1684 1685
f 1689 1687 1686
f 1690 1655 1677
f 1691 1690 1677
f 1691 1677 1692
f 1693 1655 1690
f 1693 1694 1655
f 1695 1691 1692
f 1696 1697 1689
f 1698 1689 1686
f 1699 1694 1693
f 1700 1696 1689
f 1700 1689 1698
f 1701 1695 1692
f 1702 1703 1688
f 1702 1688 1685
f 1704 1702 1685
f 1705 1703 1702
f 1706 1704 1685
f 1707 1695 1701
f 1708 1707 1701
f 1708 1701 1709
f 1708 1709 1710
f 1711 1694 1699
f 1712 1699 1713
f 1712 1711 1699
f 1714 1694 1711
f 1714 1715 1694
f 1716 1703 1705
f 1717 1712 1713
f 1718 1715 1714
f 1719 1706 1685
f 1720 1685 1721
f 1720 1719 1685
f 1722 1716 1705
f 1723 1716 1722
f 1723 1724 1725
f 1723 1725 1716
f 1726 1727 1706
f 1726 1706 1719
f 1728 1727 1726
f 1729 1720 1721
f 1730 1717 1713
f 1731 1715 1718
f 1732 1715 1731
f 1733 1718 1734
f 1733 1731 1718
f 1735 1733 1734
f 1736 1721 1737
f 1738 1729 1721
f 1738 1721 1736
f 1739 1717 1730
f 1740 1739 1730
f 1740 1730 1741
f 1742 1743 1729
f 1742 1729 1738
f 1744 1739 1740
f 1745 1743 1742
f 1746 1732 1747
f 1746 1737 1715
f 1746 1715 1732
f 1748 1737 1746
f 1749 1746 1747
f 1749 1747 1750
f 1751 1737 1748
f 1752 1727 1728
f 1753 1737 1751
f 1753 1754 1736
f 1753 1736 1737
f 1755 1751 1748
f 1755 1748 1756
f 1757 1749 1750
f 1758 1759 1754
f 1758 1754 1753
f 1760 1759 1758
f 1761 1756 1762
f 1761 1755 1756
f 1763 1764 1752
f 1763 1752 1728
f 1765 1764 1763
f 1766 1765 1763
f 1767 1735 1734
f 1768 1735 1767
f 1769 1768 1767
f 1770 1769 1767
f 1770 1767 1771
f 1772 1773 1743
f 1772 1743 1745
f 1774 1773 1772
f 1775 1772 1776
f 1775 1774 1772
f 1777 1750 1778
f 1777 1757 1750
f 1779 1777 1778
f 1780 1759 1760
f 1780 1781 1759
f 1782 1783 1777
f 1782 1777 1779
f 1784 1761 1762
f 1784 1762 1785
f 1786 1781 1780
f 1787 1786 1780
f 1788 1786 1787
f 1789 1784 1785
f 1790 1791 1784
f 1790 1784 1789
f 1792 1793 1794
f 1795 1796 1793
f 1795 1793 1792
f 1797 1798 1796
f 1797 1796 1795
f 1799 1800 1798
f 1799 1798 1797
f 1801 1802 1800
f 1801 1800 1799
f 1803 1804 1802
f 1803 1802 1801
f 1805 1806 1804
f 1805 1804 1803
f 1807 1808 1806
f 1807 1806 1805
f 1809 1810 1808
f 1809 1808 1807
f 1811 1810 1809
f 1812 1813 2088
f 1814 2088 1813
f 1815 1812 2088
f 1815 2088 1816
f 1817 1815 1816
f 1818 2088 1814
f 1818 1814 1819
f 1818 1819 1820
f 1821 1820 1822
f 1821 1818 1820
f 1821 1823 1818
f 1824 1818 1823
f 1825 1818 1824
f 1826 1822 1827
f 1826 1821 1822
f 1828 1826 1827
f 1828 1827 1829
f 1830 1818 1825
f 1831 1830 1825
f 1831 1825 1832
f 1833 1831 1832
f 1834 1833 1832
f 1835 1830 1831
f 1836 1830 1835
f 1837 1833 1834
f 1837 1834 1838
f 1839 1837 1838
f 1839 1838 1840
f 1841 1836 1842
f 1841 1830 1836
f 1843 1841 1842
f 1844 1830 1841
f 1845 1843 1842
f 1846 1843 1845
f 1847 1845 1848
f 1847 1846 1845
f 1849 1830 1844
f 1849 1844 1850
f 1851 1850 1852
f 1851 1849 1850
f 1853 1851 1852
f 1854 1849 1851
f 1855 1853 1852
f 1856 1849 1854
f 1857 1855 1858
f 1857 1853 1855
f 1859 1858 1860
f 1859 1857 1858
f 1861 1856 1862
f 1861 1849 1856
f 1863 1861 1862
f 1864 1849 1861
f 1865 1863 1862
f 1866 1865 1867
f 1866 1863 1865
f 1868 1867 1869
f 1868 1866 1867
f 1870 1871 1872
f 1873 1870 1872
f 1874 1864 1871
f 1874 1871 1870
f 1875 1849 1864
f 1875 1864 1874
f 1876 1875 1874
f 1877 1873 1872
f 1878 1873 1877
f 1878 1877 1879
f 1880 1878 1879
f 1880 1879 1881
f 1880 1881 1882
f 1883 1875 1876
f 1883 1876 1884
f 1885 1883 1884
f 1886 1875 1883
f 1887 1875 1886
f 1888 1885 1884
f 1889 1885 1888
f 1889 1888 1890
f 1891 1889 1890
f 1891 1890 1892
f 1891 1892 1893
f 1894 1875 1887
f 1894 1887 1895
f 1896 1875 1894
f 1897 1894 1895
f 1898 1897 1895
f 1899 1897 1898
f 1899 1898 1900
f 1901 1899 1900
f 1901 1900 1902
f 1901 1902 1903
f 1904 1875 1896
f 1905 1906 1907
f 1908 1904 1896
f 1908 1906 1905
f 1908 1896 1906
f 1909 1905 1907
f 1910 1904 1908
f 1911 1909 1907
f 1912 1911 1913
f 1912 1909 1911
f 1914 1913 1915
f 1914 1915 1916
f 1914 1912 1913
f 1917 1910 1918
f 1917 1904 1910
f 1919 1904 1917
f 1920 1917 1918
f 1921 1904 1919
f 1922 1920 1918
f 1923 1922 1924
f 1923 1920 1922
f 1925 1924 1926
f 1925 1923 1924
f 1927 1921 1928
f 1927 1904 1921
f 1929 1904 1927
f 1930 1927 1928
f 1931 1930 1928
f 1932 1930 1931
f 1933 1931 1934
f 1933 1934 1935
f 1933 1932 1931
f 1936 1904 1929
f 1937 1929 1938
f 1937 1938 1939
f 1940 1929 1937
f 1940 1936 1929
f 1941 1937 1939
f 1942 1936 1940
f 1943 1941 1939
f 1944 1941 1943
f 1945 1944 1943
f 1945 1943 1946
f 1945 1946 1947
f 1948 1936 1942
f 1949 1936 1948
f 1950 1948 1942
f 1950 1942 1951
f 1952 1951 1953
f 1952 1950 1951
f 1954 1952 1953
f 1954 1953 1955
f 1954 1955 1956
f 1957 1949 1958
f 1959 1949 1957
f 1959 1936 1949
f 1960 1958 1961
f 1960 1957 1958
f 1962 1961 1963
f 1962 1960 1961
f 1964 1963 1965
f 1964 1965 1966
f 1964 1962 1963
f 1967 1936 1959
f 1968 1959 1969
f 1968 1967 1959
f 1970 1967 1968
f 1222 1968 1969
f 1222 1969 1971
f 1972 1967 1970
f 1232 1971 1973
f 1232 1222 1971
f 1974 1973 1975
f 1974 1975 1976
f 1974 1232 1973
f 1977 1967 1972
f 1978 1967 1977
f 1979 1977 1972
f 1979 1972 1229
f 1210 1979 1229
f 1212 1210 1229
f 1212 1229 1220
f 1980 1212 1220
f 1980 1220 1981
f 1980 1981 1982
f 1983 1967 1978
f 1983 1978 1984
f 1190 1983 1984
f 1190 1984 1199
f 1188 1190 1199
f 1985 1967 1983
f 1191 1188 1199
f 1191 1199 1198
f 1986 1191 1198
f 1986 1198 1987
f 1986 1987 1988
f 1989 1967 1985
f 1990 1989 1985
f 1990 1985 1991
f 1164 1990 1991
f 1164 1991 1180
f 1169 1164 1180
f 1992 1989 1990
f 1993 1989 1992
f 1171 1169 1180
f 1171 1180 1179
f 1994 1171 1179
f 1994 1179 1995
f 1994 1995 1996
f 1144 1993 1159
f 1144 1989 1993
f 1997 1989 1144
f 1149 1144 1159
f 1998 1989 1997
f 1152 1159 1158
f 1152 1149 1159
f 1999 1158 2000
f 1999 2000 2001
f 1999 1152 1158
f 1129 1998 1141
f 1128 1129 1141
f 2002 1998 1129
f 2002 1989 1998
f 1131 1141 1140
f 1131 1128 1141
f 2003 1131 1140
f 2003 1140 2004
f 2003 2004 2005
f 2006 2002 2007
f 2006 1989 2002
f 1107 2006 2007
f 1107 2007 1121
f 1106 1107 1121
f 2008 2006 1107
f 2009 2006 2008
f 1100 2006 2009
f 1111 1121 1117
f 1111 1106 1121
f 2010 1111 1117
f 2010 1117 2011
f 2010 2011 2012
f 1089 1086 2006
f 1089 2006 1100
f 2013 2006 1086
f 1090 1100 1099
f 1090 1089 1100
f 2014 1099 2015
f 2014 2015 2016
f 2014 1090 1099
f 2017 2013 2018
f 2019 2017 2018
f 2020 2006 2013
f 2020 2013 2017
f 2021 2018 2022
f 2021 2019 2018
f 2023 2022 2024
f 2023 2024 2025
f 2023 2021 2022
f 2026 2027 2028
f 2029 2026 2028
f 2125 2020 2027
f 2125 2006 2020
f 2125 2026 2030
f 2125 2027 2026
f 2031 2125 2030
f 2032 2028 2033
f 2032 2029 2028
f 2034 2033 2035
f 2034 2035 2036
f 2034 2032 2033
f 2037 2125 2031
f 2038 2125 2037
f 2039 2038 2040
f 2039 2125 2038
f 2041 2042 1792
f 2043 2044 2042
f 2043 2042 2041
f 2045 2046 2044
f 2045 2044 2043
f 2047 2048 2046
f 2047 2046 2045
f 2049 2050 2048
f 2049 2048 2047
f 2051 2052 2050
f 2051 2050 2049
f 2053 2054 2052
f 2053 2052 2051
f 2055 2056 2054
f 2055 2054 2053
f 2057 1811 2056
f 2057 2056 2055
f 2058 1811 2057
f 1811 2059 1810
f 2060 2061 2062
f 2060 2062 2059
f 2060 2059 1811
f 2063 2064 2061
f 2063 2061 2060
f 2065 2066 2064
f 2065 2064 2063
f 2067 2068 2066
f 2067 2066 2065
f 2069 2070 2068
f 2069 2068 2067
f 2071 2072 2070
f 2071 2070 2069
f 2073 2074 2072
f 2073 2072 2071
f 2075 2074 2073
f 2076 1794 2074
f 2076 2074 2075
f 1792 1794 2076
f 2077 2078 2079
f 2077 2079 2080
f 2081 2078 2077
f 2082 2077 2080
f 2083 2084 2078
f 2083 2078 2081
f 2085 2080 2086
f 2085 2082 2080
f 2087 2084 2083
f 2087 2088 2089
f 2087 2089 2084
f 2090 2086 2091
f 2090 2091 2092
f 2090 2085 2086
f 2041 2088 2087
f 2093 2090 2092
f 2094 2095 2096
f 2094 2096 2088
f 2094 2088 2041
f 2097 2093 2092
f 2097 2092 2098
f 2097 2098 2099
f 2100 2101 2095
f 2100 2095 2094
f 2102 2097 2099
f 2102 2099 2103
f 2104 2101 2100
f 2105 2102 2103
f 2106 2107 2101
f 2106 2101 2104
f 2108 2105 2103
f 2109 2108 2103
f 2110 2107 2106
f 2110 2106 2111
f 2110 2111 2112
f 2113 2108 2109
f 2113 2114 2115
f 2113 2115 2108
f 2116 2110 2112
f 2116 2112 2117
f 2118 2119 2114
f 2118 2114 2113
f 2120 2116 2117
f 2121 2119 2118
f 2122 2117 2123
f 2122 2123 2124
f 2122 2120 2117
f 2125 2058 2119
f 2125 2126 2058
f 2125 2119 2121
f 2127 2122 2124
f 2128 2126 2125
f 2129 2124 2130
f 2129 2127 2124
f 2131 2132 2126
f 2131 2126 2128
f 2133 2129 2130
f 2133 2130 2134
f 2133 2134 2135
f 2136 2135 2137
f 2136 2137 2132
f 2136 2132 2131
f 2138 2133 2135
f 2138 2135 2136
f 2058 2139 1811
f 2140 2141 2142
f 2140 2142 2139
f 2140 2139 2058
f 2143 2144 2141
f 2143 2141 2140
f 2145 2146 2144
f 2145 2144 2143
f 2147 2148 2146
f 2147 2146 2145
f 2149 2150 2148
f 2149 2148 2147
f 2151 2152 2150
f 2151 2150 2149
f 2153 2154 2152
f 2153 2152 2151
f 2155 2154 2153
f 2156 1792 2154
f 2156 2154 2155
f 2041 1792 2156
f 2157 2158 2159
f 2160 2159 2161
f 2162 2163 2157
f 2164 2159 2160
f 2165 2162 2157
f 2166 2164 2167
f 2166 2167 2168
f 2166 2159 2164
f 2169 2170 2171
f 2169 2171 2165
f 2172 2166 2173
f 2172 2157 2159
f 2172 2159 2166
f 2174 2175 2169
f 2176 2172 2177
f 2178 2179 2174
f 2180 2165 2157
f 2180 2157 2172
f 2180 2172 2176
f 2181 2178 2174
f 2182 2180 2183
f 2182 2183 2184
f 2182 2169 2165
f 2182 2165 2180
f 2185 2186 2187
f 2185 2187 2181
f 2185 2174 2169
f 2185 2181 2174
f 2185 2169 2182
f 2188 2185 2182
f 2189 2198 2190
f 2191 2198 2189
f 2192 2193 2194
f 2192 2194 2198
f 2192 2198 2191
f 2195 2193 2192
f 2196 2193 2195
f 2197 2193 2196
f 2201 2197 2199
f 2201 2193 2197
f 2205 2203 2190
f 2198 2205 2190
f 2199 2210 2200
f 2199 2201 2202
f 2199 2202 2210
f 2203 2204 2205
f 2206 2203 2207
f 2206 2204 2203
f 2208 2202 2209
f 2210 2208 2211
f 2210 2202 2208
f 2212 2206 2213
f 2212 2215 2204
f 2212 2204 2206
f 2209 2208 2218
f 2214 2209 2218
f 2215 2216 2212
f 2215 2230 2216
f 2217 2214 2218
f 2219 2214 2217
f 2220 2236 2221
f 2220 2221 2214
f 2220 2214 2219
f 2222 2236 2220
f 2223 2236 2222
f 2224 2236 2223
f 2225 2226 2227
f 2228 2226 2225
f 2229 2230 2231
f 2229 2231 2226
f 2229 2226 2228
f 2232 2230 2229
f 2233 2230 2232
f 2216 2230 2233
f 2234 2224 2235
f 2234 2236 2224
f 2237 2238 2227
f 2226 2237 2227
f 2239 2240 2241
f 2242 2240 2239
f 2235 2234 2243
f 2235 2243 2240
f 2235 2240 2242
f 2238 2244 2237
f 2251 2238 2245
f 2251 2245 2246
f 2251 2246 2247
f 2251 2244 2238
f 2248 2243 2249
f 2240 2248 2250
f 2240 2243 2248
f 2255 2251 2252
f 2255 2253 2244
f 2255 2244 2251
f 2249 2248 2259
f 2258 2249 2259
f 2253 2254 2255
f 2253 2256 2254
f 2257 2258 2259
f 2260 2258 2257
f 2261 2275 2262
f 2261 2262 2258
f 2261 2258 2260
f 2263 2275 2261
f 2264 2275 2263
f 2265 2275 2264
f 2266 2267 2277
f 2268 2267 2266
f 2269 2256 2270
f 2269 2270 2267
f 2269 2267 2268
f 2271 2256 2269
f 2272 2256 2271
f 2254 2256 2272
f 2273 2265 2274
f 2273 2275 2265
f 2276 2278 2277
f 2267 2276 2277
f 2278 2279 2280
f 2278 2280 2276
f 2285 2278 2281
f 2285 2281 2282
f 2285 2282 2283
f 2285 2279 2278
f 2284 2285 2286
f 2284 2287 2279
f 2284 2279 2285
f 2287 2297 2284
f 2287 2293 2297
f 2288 2289 2290
f 2291 2289 2288
f 2292 2293 2294
f 2292 2294 2289
f 2292 2289 2291
f 2295 2293 2292
f 2296 2293 2295
f 2297 2293 2296
f 2301 2298 2290
f 2289 2301 2290
f 2298 2299 2300
f 2298 2300 2301
f 2302 2298 2303
f 2302 2303 2304
f 2302 2304 2305
f 2302 2299 2298
f 2306 2307 2299
f 2306 2299 2302
f 2307 2308 2306
f 2307 2309 2308
f 2310 2319 2318
f 2311 2319 2310
f 2312 2309 2313
f 2312 2313 2319
f 2312 2319 2311
f 2314 2309 2312
f 2315 2309 2314
f 2308 2309 2315
f 2316 2317 2318
f 2319 2316 2318
f 2320 2316 2317
f 2320 2321 2322
f 2320 2322 2323
f 2320 2323 2316
f 2324 2317 2325
f 2324 2325 2326
f 2324 2326 2327
f 2324 2327 2321
f 2324 2321 2320
f 2324 2320 2317
f 2328 2329 2322
f 2328 2322 2321
f 2329 2339 2328
f 2329 2330 2339
f 2331 2332 2333
f 2334 2332 2331
f 2335 2330 2336
f 2335 2336 2332
f 2335 2332 2334
f 2337 2330 2335
f 2338 2330 2337
f 2339 2330 2338
f 2340 2341 2333
f 2332 2340 2333
f 2342 2340 2341
f 2342 2343 2344
f 2342 2344 2345
f 2342 2345 2340
f 2346 2341 2347
f 2346 2347 2348
f 2346 2348 2349
f 2346 2349 2343
f 2346 2343 2342
f 2346 2342 2341
f 2350 2351 2344
f 2350 2344 2343
f 2351 2360 2350
f 2351 2356 2360
f 2352 2353 2362
f 2354 2353 2352
f 2355 2356 2357
f 2355 2357 2353
f 2355 2353 2354
f 2358 2356 2355
f 2359 2356 2358
f 2360 2356 2359
f 2361 2364 2362
f 2353 2361 2362
f 2363 2361 2364
f 2363 2365 2366
f 2363 2366 2367
f 2363 2367 2361
f 2368 2364 2369
f 2368 2369 2370
f 2368 2370 2371
f 2368 2371 2365
f 2368 2365 2363
f 2368 2363 2364
f 2372 2373 2366
f 2372 2366 2365
f 2373 2382 2372
f 2373 2378 2382
f 2374 2375 2384
f 2376 2375 2374
f 2377 2378 2379
f 2377 2379 2375
f 2377 2375 2376
f 2380 2378 2377
f 2381 2378 2380
f 2382 2378 2381
f 2383 2386 2384
f 2375 2383 2384
f 2385 2383 2386
f 2385 2394 2393
f 2385 2393 2387
f 2385 2387 2383
f 2388 2386 2389
f 2388 2389 2390
f 2388 2390 2391
f 2388 2391 2394
f 2388 2394 2385
f 2388 2385 2386
f 2392 2395 2393
f 2392 2393 2394
f 2395 2396 2392
f 2395 2397 2396
f 2398 2399 2400
f 2401 2398 2400
f 2402 2400 2403
f 2402 2401 2400
f 2404 2402 2403
f 2405 2404 2403
f 2406 2403 2407
f 2406 2405 2403
f 2408 2406 2407
f 2409 2407 2410
f 2409 2408 2407
f 2411 2409 2410
f 2431 2411 2410
f 2412 2431 2410
f 2413 2414 2415
f 2413 2416 2414
f 2413 2417 2416
f 2418 2415 2419
f 2418 2419 2433
f 2418 2433 2434
f 2418 2413 2415
f 2420 2434 2421
f 2420 2421 2422
f 2420 2418 2434
f 2423 2422 2424
f 2423 2424 2425
f 2423 2425 2412
f 2423 2420 2422
f 2423 2412 2410
f 2426 2404 2402
f 2419 2427 2428
f 2429 2408 2406
f 2429 2406 2405
f 2429 2405 2404
f 2429 2404 2426
f 2430 2412 2431
f 2430 2431 2411
f 2430 2411 2409
f 2430 2409 2408
f 2430 2408 2429
f 2432 2419 2433
f 2432 2433 2434
f 2432 2434 2421
f 2432 2426 2427
f 2432 2429 2426
f 2432 2430 2429
f 2432 2427 2419
f 2435 2421 2422
f 2435 2422 2424
f 2435 2424 2425
f 2435 2425 2412
f 2435 2412 2430
f 2435 2430 2432
f 2435 2432 2421
f 2436 2437 2438
f 2436 2438 2439
f 2436 2439 2440
f 2441 2442 2443
f 2444 2442 2441
f 2445 2442 2444
f 2446 2447 2448
f 2449 2450 2451
f 2452 2453 2437
f 2452 2437 2436
f 2454 2436 2442
f 2454 2445 2455
f 2454 2452 2436
f 2454 2442 2445
f 2456 2448 2453
f 2456 2453 2452
f 2456 2446 2448
f 2456 2452 2454
f 2457 2455 2451
f 2457 2450 2446
f 2457 2446 2456
f 2457 2456 2454
f 2457 2454 2455
f 2457 2451 2450
f 2458 2459 2460
f 2458 2461 2459
f 2462 2460 2463
f 2462 2458 2460
f 2464 2463 2465
f 2464 2462 2463
f 2466 2465 2467
f 2466 2464 2465
f 2468 2467 2469
f 2468 2466 2467
f 2470 2471 2472
f 2470 2469 2471
f 2470 2468 2469
f 2473 2472 2474
f 2473 2470 2472
f 2475 2473 2474
f 2476 2477 2478
f 2479 2478 2480
f 2479 2476 2478
f 2481 2480 2482
f 2481 2482 2483
f 2481 2479 2480
f 2484 2483 2485
f 2484 2485 2486
f 2484 2481 2483
f 2487 2486 2488
f 2487 2488 2489
f 2487 2484 2486
f 2490 2487 2489
f 2491 2489 2492
f 2491 2492 2493
f 2491 2493 2494
f 2491 2494 2495
f 2491 2495 2496
f 2491 2490 2489
f 2497 2496 2498
f 2497 2498 2499
f 2497 2500 2490
f 2497 2501 2500
f 2497 2491 2496
f 2497 2490 2491
f 2502 2499 2503
f 2502 2503 2504
f 2502 2504 2505
f 2502 2505 2506
f 2502 2506 2501
f 2502 2497 2499
f 2502 2501 2497
f 2507 2508 2509
f 2510 2511 2512
f 2510 2512 2508
f 2510 2508 2507
f 2513 2514 2511
f 2513 2511 2510
f 2515 2516 2517
f 2515 2517 2514
f 2515 2514 2513
f 2518 2519 2516
f 2518 2516 2515
f 2520 2521 2522
f 2520 2522 2519
f 2520 2519 2518
f 2523 2524 2521
f 2523 2521 2520
f 2525 2526 2524
f 2525 2524 2523
f 2527 2528 2526
f 2527 2526 2525
f 2529 2530 2528
f 2529 2528 2527
f 2531 2530 2529
f 2532 2533 2534
f 2535 2533 2532
f 2536 2535 2532
f 2537 2535 2536
f 2538 2537 2536
f 2539 2537 2538
f 2540 2539 2538
f 2541 2539 2540
f 2542 2543 2565
f 2542 2565 2573
f 2544 2573 2545
f 2544 2542 2573
f 2546 2545 2593
f 2546 2544 2545
f 2547 2593 2602
f 2547 2546 2593
f 2548 2602 2549
f 2548 2547 2602
f 2550 2549 2615
f 2550 2548 2549
f 2551 2615 2607
f 2551 2550 2615
f 2552 2607 2599
f 2552 2551 2607
f 2553 2552 2599
f 2554 2555 2556
f 2554 2556 2557
f 2558 2554 2557
f 2559 2555 2554
f 2560 2557 2561
f 2560 2558 2557
f 2562 2563 2555
f 2562 2555 2559
f 2564 2565 2566
f 2564 2566 2563
f 2564 2563 2562
f 2567 2561 2568
f 2567 2568 2569
f 2567 2560 2561
f 2570 2565 2564
f 2571 2567 2569
f 2572 2565 2570
f 2572 2573 2574
f 2572 2574 2565
f 2575 2571 2569
f 2575 2569 2576
f 2575 2576 2577
f 2578 2575 2577
f 2579 2573 2572
f 2580 2573 2579
f 2581 2578 2577
f 2582 2580 2579
f 2583 2578 2581
f 2584 2581 2585
f 2584 2583 2581
f 2586 2545 2580
f 2586 2580 2582
f 2587 2545 2586
f 2587 2586 2588
f 2589 2584 2585
f 2589 2590 2584
f 2591 2587 2588
f 2592 2590 2589
f 2593 2587 2591
f 2593 2591 2594
f 2595 2596 2592
f 2595 2592 2589
f 2597 2596 2595
f 2598 2593 2594
f 2599 2600 2596
f 2599 2601 2600
f 2599 2596 2597
f 2602 2594 2603
f 2602 2603 2604
f 2602 2598 2594
f 2605 2601 2599
f 2606 2602 2604
f 2607 2608 2601
f 2607 2601 2605
f 2549 2604 2609
f 2549 2606 2604
f 2610 2611 2612
f 2610 2612 2608
f 2610 2608 2607
f 2613 2609 2614
f 2613 2614 2611
f 2613 2549 2609
f 2615 2613 2611
f 2615 2611 2610
f 2616 2617 2618
f 2619 2616 2618
f 2620 2621 2622
f 2623 2618 2624
f 2623 2625 2619
f 2623 2619 2618
f 2626 2624 2621
f 2626 2627 2625
f 2626 2623 2624
f 2626 2625 2623
f 2626 2621 2620
f 2628 2620 2629
f 2628 2629 2630
f 2628 2630 2627
f 2628 2626 2620
f 2628 2627 2626
f 2631 2632 2633
f 2634 2635 2636
f 2634 2636 2632
f 2634 2632 2631
f 2637 2638 2639
f 2637 2639 2635
f 2637 2635 2634
f 2640 2641 2638
f 2640 2638 2637
f 2642 2643 2644
f 2642 2644 2641
f 2642 2641 2640
f 2645 2646 2643
f 2645 2643 2642
f 2647 2648 2646
f 2647 2646 2645
f 2649 2650 2648
f 2649 2648 2647
f 2651 2652 2650
f 2651 2650 2649
f 2653 2654 2652
f 2653 2652 2651
f 2655 2654 2653
f 2656 2657 2658
f 2656 2658 2659
f 2660 2657 2656
f 2661 2656 2659
f 2662 2663 2664
f 2662 2664 2657
f 2662 2657 2660
f 2665 2659 2666
f 2665 2666 2667
f 2665 2661 2659
f 2668 2654 2663
f 2668 2663 2662
f 2669 2667 2670
f 2669 2665 2667
f 2734 2654 2668
f 2671 2669 2670
f 2672 2673 2654
f 2672 2654 2734
f 2674 2671 2670
f 2674 2670 2675
f 2676 2673 2672
f 2676 2677 2673
f 2678 2674 2675
f 2678 2675 2679
f 2680 2677 2676
f 2681 2678 2679
f 2682 2680 2676
f 2683 2678 2681
f 2684 2680 2682
f 2684 2685 2680
f 2686 2683 2681
f 2687 2686 2681
f 2688 2685 2684
f 2688 2684 2689
f 2690 2686 2687
f 2690 2691 2686
f 2692 2688 2689
f 2693 2691 2690
f 2694 2688 2692
f 2695 2693 2690
f 2696 2694 2692
f 2696 2692 2697
f 2698 2699 2693
f 2698 2693 2695
f 2700 2696 2697
f 2700 2697 2701
f 2700 2701 2702
f 2633 2703 2699
f 2633 2699 2698
f 2633 2704 2703
f 2705 2702 2706
f 2705 2700 2702
f 2707 2708 2704
f 2707 2704 2633
f 2709 2705 2706
f 2710 2708 2707
f 2711 2709 2706
f 2711 2706 2712
f 2711 2712 2713
f 2714 2713 2715
f 2714 2715 2708
f 2714 2708 2710
f 2716 2711 2713
f 2716 2713 2714
f 2703 2717 2753
f 2718 2719 2717
f 2718 2717 2703
f 2720 2721 2719
f 2720 2719 2718
f 2722 2723 2721
f 2722 2721 2720
f 2724 2725 2723
f 2724 2723 2722
f 2726 2727 2725
f 2726 2725 2724
f 2728 2729 2727
f 2728 2727 2726
f 2730 2731 2729
f 2730 2729 2728
f 2732 2733 2731
f 2732 2731 2730
f 2734 2733 2732
f 2734 2735 2733
f 2736 2737 2738
f 2736 2738 2735
f 2736 2735 2734
f 2739 2740 2737
f 2739 2737 2736
f 2741 2742 2740
f 2741 2740 2739
f 2743 2744 2742
f 2743 2742 2741
f 2745 2746 2744
f 2745 2744 2743
f 2747 2748 2746
f 2747 2746 2745
f 2749 2750 2748
f 2749 2748 2747
f 2751 2750 2749
f 2752 2753 2750
f 2752 2750 2751
f 2703 2753 2752
f 2827 2784 2754
f 2827 2755 2784
f 2756 2754 2757
f 2756 2827 2754
f 2758 2757 2759
f 2758 2756 2757
f 2760 2759 2761
f 2760 2758 2759
f 2762 2761 2763
f 2762 2760 2761
f 2843 2763 2796
f 2843 2762 2763
f 2850 2796 2804
f 2850 2843 2796
f 2859 2804 2876
f 2859 2850 2804
f 2863 2764 2875
f 2863 2875 2765
f 2766 2765 2767
f 2766 2863 2765
f 2768 2767 2816
f 2768 2766 2767
f 2812 2768 2816
f 2769 2768 2812
f 2854 2812 2807
f 2854 2769 2812
f 2770 2807 2799
f 2770 2854 2807
f 2771 2799 2789
f 2771 2770 2799
f 2772 2771 2789
f 2773 2771 2772
f 2757 2774 2775
f 2757 2775 2776
f 2777 2757 2776
f 2778 2774 2757
f 2759 2776 2779
f 2759 2777 2776
f 2754 2871 2774
f 2754 2774 2778
f 2780 2779 2781
f 2780 2781 2873
f 2780 2759 2779
f 2782 2772 2783
f 2782 2783 2871
f 2782 2871 2754
f 2761 2780 2873
f 2784 2772 2782
f 2785 2761 2873
f 2785 2873 2786
f 2785 2786 2787
f 2788 2772 2784
f 2788 2789 2790
f 2788 2790 2772
f 2763 2785 2787
f 2791 2789 2788
f 2792 2763 2787
f 2793 2789 2791
f 2794 2763 2792
f 2795 2793 2791
f 2796 2792 2797
f 2796 2794 2792
f 2798 2793 2795
f 2799 2793 2798
f 2800 2796 2797
f 2800 2801 2796
f 2802 2799 2798
f 2802 2798 2803
f 2804 2801 2800
f 2805 2802 2803
f 2874 2806 2804
f 2874 2804 2800
f 2807 2802 2805
f 2807 2805 2808
f 2809 2806 2874
f 2810 2807 2808
f 2875 2876 2806
f 2875 2806 2809
f 2875 2811 2876
f 2812 2808 2881
f 2812 2881 2813
f 2812 2810 2808
f 2814 2811 2875
f 2815 2812 2813
f 2765 2877 2811
f 2765 2811 2814
f 2816 2815 2813
f 2816 2813 2879
f 2817 2878 2818
f 2817 2818 2877
f 2817 2877 2765
f 2819 2879 2820
f 2819 2820 2878
f 2819 2816 2879
f 2767 2819 2878
f 2767 2878 2817
f 2756 2821 2822
f 2756 2822 2823
f 2824 2756 2823
f 2825 2821 2756
f 2758 2823 2826
f 2758 2824 2823
f 2827 2828 2821
f 2827 2821 2825
f 2829 2826 2830
f 2829 2830 2872
f 2829 2758 2826
f 2831 2773 2832
f 2831 2832 2828
f 2831 2828 2827
f 2760 2829 2872
f 2755 2773 2831
f 2833 2760 2872
f 2833 2872 2834
f 2833 2834 2835
f 2836 2773 2755
f 2836 2771 2837
f 2836 2837 2773
f 2762 2833 2835
f 2838 2771 2836
f 2839 2762 2835
f 2840 2771 2838
f 2841 2762 2839
f 2842 2840 2838
f 2843 2841 2839
f 2843 2839 2844
f 2845 2840 2842
f 2770 2840 2845
f 2846 2843 2844
f 2846 2847 2843
f 2848 2770 2845
f 2848 2845 2849
f 2850 2847 2846
f 2851 2848 2849
f 2852 2850 2846
f 2852 2853 2850
f 2854 2851 2855
f 2854 2848 2851
f 2856 2853 2852
f 2857 2854 2855
f 2764 2858 2859
f 2764 2859 2853
f 2764 2853 2856
f 2769 2855 2880
f 2769 2880 2860
f 2769 2857 2855
f 2861 2858 2764
f 2862 2769 2860
f 2863 2864 2858
f 2863 2858 2861
f 2768 2860 2865
f 2768 2862 2860
f 2866 2867 2868
f 2866 2868 2864
f 2866 2864 2863
f 2869 2865 2870
f 2869 2870 2867
f 2869 2768 2865
f 2766 2869 2867
f 2766 2867 2866
f 2828 2773 2772
f 2828 2772 2871
f 2822 2871 2775
f 2822 2828 2871
f 2826 2775 2779
f 2826 2822 2775
f 2872 2779 2873
f 2872 2826 2779
f 2787 2872 2873
f 2835 2872 2787
f 2797 2835 2787
f 2844 2835 2797
f 2874 2844 2797
f 2852 2844 2874
f 2764 2874 2875
f 2764 2852 2874
f 2864 2859 2876
f 2864 2876 2877
f 2867 2877 2878
f 2867 2864 2877
f 2865 2878 2879
f 2865 2867 2878
f 2880 2879 2881
f 2880 2865 2879
f 2851 2881 2805
f 2851 2880 2881
f 2845 2805 2798
f 2845 2851 2805
f 2838 2798 2791
f 2838 2845 2798
f 2755 2791 2784
f 2755 2838 2791
f 2882 2883 2884
f 2885 2883 2882
f 2886 2885 2882
f 2887 2885 2886
f 2888 2887 2886
f 2889 2887 2888
f 2890 2889 2888
f 2891 2889 2890
f 2892 2893 2894
f 2895 2896 2897
f 2898 2899 2900
f 2898 2900 2901
f 2898 2901 2893
f 2898 2893 2892
f 2902 2903 2904
f 2902 2904 2905
f 2902 2905 2906
f 2902 2906 2899
f 2902 2899 2898
f 2907 2892 2896
f 2907 2895 2908
f 2907 2908 2909
f 2907 2909 2910
f 2907 2898 2892
f 2907 2896 2895
f 2911 2910 2912
f 2911 2912 2913
f 2911 2913 2914
f 2911 2914 2903
f 2911 2903 2902
f 2911 2902 2898
f 2911 2898 2907
f 2911 2907 2910
f 2915 2916 2917
f 2918 2917 2919
f 2918 2915 2917
f 2920 2919 2921
f 2920 2918 2919
f 2922 2920 2921
f 2923 2921 2924
f 2923 2924 2925
f 2923 2925 2926
f 2923 2926 2927
f 2923 2928 2922
f 2923 2922 2921
f 2929 2927 2930
f 2929 2930 2931
f 2929 2932 2928
f 2929 2923 2927
f 2929 2928 2923
f 2933 2931 2934
f 2933 2934 2935
f 2933 2936 2932
f 2933 2929 2931
f 2933 2932 2929
f 2937 2935 2938
f 2937 2939 2940
f 2937 2938 2939
f 2937 2940 2941
f 2937 2942 2936
f 2937 2941 2942
f 2937 2933 2935
f 2937 2936 2933
f 2943 3009 2944
f 2943 2945 3009
f 2946 2944 2947
f 2946 2943 2944
f 2948 2947 2949
f 2948 2946 2947
f 2950 2951 2982
f 2950 2952 2989
f 2950 2982 2952
f 2950 2989 2997
f 2950 2953 2951
f 2950 2954 2953
f 2955 2997 2956
f 2955 2956 2957
f 2955 2958 2954
f 2955 2950 2997
f 2955 2954 2950
f 2959 2957 2960
f 2959 2960 2961
f 2959 2962 2958
f 2959 2958 2955
f 2959 2955 2957
f 2963 2961 2964
f 2963 2964 2965
f 2963 2965 2966
f 2963 2966 3009
f 2963 2945 2962
f 2963 3009 2945
f 2963 2959 2961
f 2963 2962 2959
f 2967 2968 2969
f 2970 2971 2968
f 2970 2968 2967
f 2972 2969 2973
f 2972 2967 2969
f 2974 2975 2971
f 2974 2971 2970
f 2976 2973 2977
f 2976 2972 2973
f 2978 2979 2975
f 2978 2975 2974
f 2980 2977 2981
f 2980 2976 2977
f 2982 2979 2978
f 2983 2981 2984
f 2983 2984 2985
f 2983 2980 2981
f 2986 2979 2982
f 2987 2985 2988
f 2987 2983 2985
f 2989 2990 2979
f 2989 2979 2986
f 2991 2987 2988
f 2991 2988 2992
f 2993 2990 2989
f 2993 2994 2990
f 2995 2991 2992
f 2996 2995 2992
f 2997 2994 2993
f 2998 2995 2996
f 2956 2994 2997
f 2999 2998 2996
f 2999 3000 2998
f 3001 3002 3000
f 3001 3000 2999
f 3003 2994 2956
f 3003 2956 2957
f 3003 2957 2960
f 3003 2960 2961
f 3003 2961 2964
f 3003 2964 2965
f 3004 3005 3002
f 3004 3002 3001
f 3006 2949 3005
f 3006 3005 3004
f 3006 2944 3007
f 3006 3007 2949
f 3008 2965 2966
f 3008 2966 3009
f 3008 3009 3010
f 3008 3010 2944
f 3008 2944 3006
f 3008 3003 2965
f 3011 3012 3008
f 3011 3008 3006
f 3013 3014 3015
f 3013 3015 3016
f 3013 3016 3017
f 3013 3017 3018
f 3013 3018 3019
f 3020 3021 3022
f 3023 3024 3025
f 3023 3025 3021
f 3023 3021 3020
f 3026 3022 3027
f 3026 3027 3028
f 3026 3020 3022
f 3029 3030 3024
f 3029 3024 3023
f 3031 3028 3032
f 3031 3032 3033
f 3031 3033 3034
f 3031 3026 3028
f 3035 3036 3037
f 3035 3037 3030
f 3035 3030 3029
f 3038 3034 3014
f 3038 3014 3013
f 3038 3031 3034
f 3039 3040 3036
f 3039 3036 3035
f 3041 3042 3040
f 3041 3040 3039
f 3043 3042 3041
f 3044 3045 3046
f 3047 3043 3041
f 3048 3043 3047
f 3048 3049 3043
f 3050 3044 3046
f 3051 3050 3046
f 3052 3049 3048
f 3052 3053 3049
f 3054 3053 3052
f 3054 3055 3053
f 3056 3055 3054
f 3057 3051 3046
f 3057 3058 3051
f 3059 3056 3054
f 3060 3058 3057
f 3061 3056 3059
f 3062 3061 3059
f 3063 3061 3062
f 3064 3063 3062
f 3065 3060 3057
f 3065 3066 3067
f 3065 3067 3060
f 3068 3063 3064
f 3069 3063 3068
f 3070 3066 3065
f 3070 3071 3066
f 3072 3069 3068
f 3073 3069 3072
f 3074 3071 3070
f 3074 3075 3071
f 3076 3072 3077
f 3076 3073 3072
f 3078 3075 3074
f 3078 3079 3075
f 3080 3079 3078
f 3081 3076 3077
f 3082 3076 3081
f 3083 3080 3078
f 3084 3082 3081
f 3085 3080 3083
f 3086 3082 3084
f 3087 3085 3083
f 3088 3085 3087
f 3089 3086 3084
f 3090 3086 3089
f 3091 3092 3088
f 3091 3088 3087
f 3093 3089 3094
f 3093 3090 3089
f 3095 3093 3094
f 3096 3097 3092
f 3096 3092 3091
f 3098 3093 3095
f 3099 3095 3100
f 3099 3100 3101
f 3099 3098 3095
f 3102 3103 3097
f 3102 3097 3096
f 3104 3103 3102
f 3104 3105 3106
f 3104 3106 3103
f 3107 3099 3101
f 3108 3101 3109
f 3108 3109 3110
f 3108 3107 3101
f 3111 3105 3104
f 3111 3112 3105
f 3113 3108 3110
f 3114 3112 3111
f 3114 3115 3112
f 3116 3113 3110
f 3116 3110 3117
f 3118 3115 3114
f 3119 3115 3118
f 3119 3120 3115
f 3121 3117 3122
f 3121 3116 3117
f 3123 3124 3120
f 3123 3120 3119
f 3125 3121 3122
f 3125 3122 3126
f 3125 3126 3127
f 3128 3129 3130
f 3128 3130 3124
f 3128 3124 3123
f 3131 3125 3127
f 3132 3127 3129
f 3132 3129 3128
f 3132 3131 3127
f 3133 3134 3135
f 3136 3137 3134
f 3136 3134 3133
f 3138 3135 3139
f 3138 3133 3135
f 3140 3141 3137
f 3140 3137 3136
f 3142 3139 3143
f 3142 3138 3139
f 3144 3145 3141
f 3144 3141 3140
f 3146 3143 3147
f 3146 3142 3143
f 3148 3145 3144
f 3149 3147 3150
f 3149 3150 3151
f 3149 3146 3147
f 3152 3145 3148
f 3153 3151 3154
f 3153 3149 3151
f 3155 3145 3152
f 3156 3153 3154
f 3156 3154 3157
f 3158 3156 3157
f 3159 3160 3145
f 3159 3155 3161
f 3159 3145 3155
f 3162 3158 3157
f 3163 3159 3161
f 3164 3160 3159
f 3165 3158 3162
f 3166 3159 3163
f 3167 3159 3166
f 3168 3165 3162
f 3168 3169 3165
f 3170 3169 3168
f 3170 3171 3169
f 3172 3173 3171
f 3172 3171 3170
f 3174 3167 3175
f 3174 3175 3176
f 3174 3176 3177
f 3174 3177 3178
f 3174 3178 3179
f 3180 3181 3182
f 3180 3182 3183
f 3180 3183 3173
f 3180 3173 3172
f 3184 3179 3185
f 3184 3185 3186
f 3184 3174 3179
f 3187 3186 3181
f 3187 3184 3186
f 3187 3181 3180
f 3174 3159 3167
f 3188 3189 3190
f 3188 3190 3191
f 3192 3191 3193
f 3192 3188 3191
f 3194 3193 3195
f 3194 3192 3193
f 3196 3195 3197
f 3196 3194 3195
f 3198 3197 3199
f 3198 3196 3197
f 3200 3199 3201
f 3200 3198 3199
f 3202 3201 3203
f 3202 3200 3201
f 3204 3203 3206
f 3204 3202 3203
f 3205 3204 3206
f 3205 3206 3207
f 3208 3207 3209
f 3208 3205 3207
f 3210 3209 3211
f 3210 3208 3209
f 3212 3211 3213
f 3212 3210 3211
f 3214 3213 3215
f 3214 3212 3213
f 3216 3215 3217
f 3216 3214 3215
f 3218 3217 3219
f 3218 3216 3217
f 3189 3219 3190
f 3189 3218 3219
f 3220 3221 3222
f 3220 3222 3223
f 3220 3223 3224
f 3220 3224 3225
f 3226 3227 3228
f 3229 3230 3227
f 3229 3227 3226
f 3231 3228 3232
f 3231 3226 3228
f 3233 3234 3230
f 3233 3230 3229
f 3235 3232 3236
f 3235 3231 3232
f 3237 3238 3234
f 3237 3234 3233
f 3239 3236 3240
f 3239 3240 3241
f 3239 3235 3236
f 3242 3243 3238
f 3242 3238 3237
f 3244 3239 3241
f 3244 3241 3245
f 3246 3247 3243
f 3246 3243 3242
f 3248 3244 3245
f 3248 3245 3249
f 3250 3221 3220
f 3250 3248 3249
f 3250 3249 3221
f 3251 3252 3247
f 3251 3247 3246
f 3253 3250 3220
f 3254 3255 3252
f 3254 3252 3251
f 3256 3253 3220
f 3257 3258 3255
f 3257 3255 3254
f 3259 3258 3257
f 3260 3258 3259
f 3260 3261 3258
f 3262 3261 3260
f 3262 3263 3261
f 3264 3263 3262
f 3265 3264 3262
f 3266 3264 3265
f 3267 3268 3269
f 3270 3266 3265
f 3271 3266 3270
f 3271 3272 3266
f 3273 3272 3271
f 3273 3274 3272
f 3275 3276 3267
f 3275 3269 3277
f 3275 3267 3269
f 3278 3274 3273
f 3279 3274 3278
f 3280 3281 3276
f 3280 3276 3275
f 3282 3279 3278
f 3283 3279 3282
f 3284 3281 3280
f 3285 3281 3284
f 3286 3283 3282
f 3287 3283 3286
f 3288 3285 3284
f 3289 3287 3286
f 3290 3285 3288
f 3291 3287 3289
f 3292 3290 3288
f 3293 3291 3289
f 3293 3289 3294
f 3295 3296 3290
f 3295 3290 3292
f 3297 3293 3294
f 3297 3294 3298
f 3297 3298 3299
f 3300 3301 3296
f 3300 3296 3295
f 3302 3297 3299
f 3303 3304 3301
f 3303 3301 3300
f 3305 3302 3299
f 3305 3299 3306
f 3305 3306 3307
f 3308 3305 3307
f 3309 3304 3303
f 3310 3311 3312
f 3310 3312 3304
f 3310 3304 3309
f 3313 3308 3307
f 3313 3307 3314
f 3313 3314 3315
f 3316 3313 3315
f 3317 3318 3311
f 3317 3311 3310
f 3319 3316 3315
f 3319 3315 3320
f 3319 3320 3321
f 3322 3318 3317
f 3323 3319 3321
f 3323 3321 3324
f 3325 3326 3318
f 3325 3318 3322
f 3327 3328 3329
f 3327 3329 3326
f 3327 3326 3325
f 3330 3323 3324
f 3331 3332 3328
f 3331 3328 3327
f 3333 3330 3324
f 3333 3324 3334
f 3335 3336 3332
f 3335 3332 3331
f 3337 3333 3334
f 3337 3334 3338
f 3339 3338 3336
f 3339 3336 3335
f 3339 3337 3338
f 3340 3341 3342
f 3343 3342 3344
f 3343 3340 3342
f 3345 3346 3341
f 3345 3341 3340
f 3347 3344 3348
f 3347 3343 3344
f 3349 3350 3346
f 3349 3346 3345
f 3351 3348 3352
f 3351 3347 3348
f 3353 3354 3350
f 3353 3350 3349
f 3355 3352 3356
f 3355 3351 3352
f 3357 3354 3353
f 3358 3354 3357
f 3359 3356 3360
f 3359 3355 3356
f 3361 3358 3357
f 3362 3358 3361
f 3363 3360 3364
f 3363 3359 3360
f 3365 3362 3361
f 3366 3362 3365
f 3367 3364 3368
f 3367 3363 3364
f 3369 3366 3365
f 3370 3366 3369
f 3371 3368 3372
f 3371 3367 3368
f 3373 3370 3369
f 3374 3370 3373
f 3374 3375 3370
f 3376 3375 3374
f 3377 3376 3374
f 3378 3376 3377
f 3379 3378 3377
f 3380 3378 3379
f 3381 3380 3379
f 3382 3383 3384
f 3385 3383 3382
f 3386 3380 3381
f 3387 3386 3381
f 3388 3386 3387
f 3388 3389 3386
f 3390 3385 3382
f 3391 3385 3390
f 3392 3389 3388
f 3392 3393 3389
f 3394 3391 3390
f 3395 3391 3394
f 3396 3393 3392
f 3397 3393 3396
f 3398 3396 3399
f 3398 3397 3396
f 3400 3395 3394
f 3401 3395 3400
f 3402 3399 3403
f 3402 3398 3399
f 3404 3402 3403
f 3405 3402 3404
f 3406 3401 3400
f 3406 3407 3401
f 3408 3404 3409
f 3408 3405 3404
f 3410 3407 3406
f 3410 3411 3407
f 3412 3408 3409
f 3413 3408 3412
f 3414 3412 3415
f 3414 3413 3412
f 3416 3417 3411
f 3416 3411 3410
f 3418 3415 3419
f 3418 3414 3415
f 3420 3417 3416
f 3420 3421 3417
f 3422 3419 3423
f 3422 3418 3419
f 3424 3422 3423
f 3425 3421 3420
f 3426 3422 3424
f 3427 3425 3420
f 3428 3426 3424
f 3429 3426 3428
f 3430 3431 3425
f 3430 3425 3427
f 3432 3429 3428
f 3433 3429 3432
f 3434 3435 3431
f 3434 3431 3430
f 3436 3433 3432
f 3436 3432 3437
f 3436 3437 3438
f 3439 3435 3434
f 3439 3440 3435
f 3441 3436 3438
f 3442 3440 3439
f 3442 3443 3444
f 3442 3444 3440
f 3445 3443 3442
f 3445 3446 3443
f 3447 3441 3438
f 3447 3438 3448
f 3447 3448 3449
f 3450 3447 3449
f 3450 3449 3451
f 3452 3446 3445
f 3452 3451 3446
f 3453 3450 3451
f 3453 3451 3452
f 3454 3455 3456
f 3454 3456 3457
f 3458 3457 3459
f 3458 3454 3457
f 3460 3459 3461
f 3460 3458 3459
f 3462 3461 3463
f 3462 3460 3461
f 3464 3463 3465
f 3464 3462 3463
f 3466 3465 3467
f 3466 3464 3465
f 3468 3467 3469
f 3468 3466 3467
f 3470 3469 3471
f 3470 3468 3469
f 3472 3473 3474
f 3475 3474 3476
f 3475 3472 3474
f 3477 3476 3478
f 3477 3475 3476
f 3479 3477 3478
f 3480 3481 3482
f 3480 3478 3481
f 3480 3479 3478
f 3483 3480 3482
f 3484 3485 3486
f 3484 3482 3485
f 3484 3483 3482
f 3487 3484 3486
f 3488 3486 3489
f 3488 3487 3486
f 3490 3491 3492
f 3490 3492 3493
f 3494 3490 3493
f 3495 3494 3493
f 3496 3497 3498
f 3499 3494 3495
f 3500 3499 3495
f 3501 3497 3496
f 3502 3501 3496
f 3503 3504 3500
f 3503 3500 3495
f 3505 3504 3503
f 3506 3505 3503
f 3507 3506 3503
f 3508 3507 3503
f 3509 3502 3510
f 3509 3510 3511
f 3509 3501 3502
f 3512 3509 3511
f 3512 3511 3513
f 3512 3513 3514
f 3512 3514 3515
f 3512 3515 3516
f 3512 3516 3517
f 3518 3519 3520
f 3521 3520 3519
f 3522 3518 3520
f 3523 3522 3520
f 3524 3523 3520
f 3524 3520 3525
f 3526 3524 3525
f 3527 3528 3529
f 3527 3529 3530
f 3527 3530 3531
f 3532 3526 3525
f 3533 3527 3531
f 3534 3532 3525
f 3535 3527 3533
f 3536 3532 3534
f 3537 3535 3538
f 3537 3527 3535
f 3539 3537 3538
f 3540 3536 3534
f 3541 3536 3540
f 3542 3539 3543
f 3542 3537 3539
f 3544 3543 3545
f 3544 3542 3543
f 3546 3508 3503
f 3546 3521 3547
f 3546 3520 3521
f 3546 3548 3508
f 3546 3549 3520
f 3546 3503 3549
f 3550 3547 3551
f 3550 3552 3548
f 3550 3548 3546
f 3550 3546 3547
f 3553 3551 3554
f 3553 3550 3551
f 3553 3555 3552
f 3553 3552 3550
f 3556 3553 3554
f 3556 3554 3528
f 3556 3555 3553
f 3556 3557 3512
f 3556 3527 3557
f 3556 3512 3517
f 3556 3517 3555
f 3556 3528 3527
f 3558 3559 3560
f 3558 3560 3561
f 3562 3561 3563
f 3562 3558 3561
f 3564 3563 3565
f 3564 3562 3563
f 3566 3565 3567
f 3566 3564 3565
f 3568 3567 3569
f 3568 3566 3567
f 3570 3568 3569
f 3571 3568 3570
f 3572 3570 3573
f 3572 3571 3570
f 3574 3573 3575
f 3574 3572 3573
f 3576 3577 3578
f 3576 3578 3579
f 3580 3576 3579
f 3581 3576 3580
f 3582 3581 3580
f 3583 3581 3582
f 3584 3583 3582
f 3585 3583 3584
f 3586 3587 3588
f 3589 3586 3590
f 3591 3586 3589
f 3592 3586 3591
f 3593 3587 3586
f 3593 3586 3592
f 3594 3587 3585
f 3594 3584 3588
f 3594 3585 3584
f 3594 3588 3587
f 3595 3596 3597
f 3598 3595 3597
f 3599 3600 3601
f 3599 3601 3602
f 3599 3603 3600
f 3604 3602 3605
f 3604 3605 3606
f 3604 3599 3602
f 3607 3608 3609
f 3607 3610 3603
f 3607 3609 3610
f 3607 3603 3599
f 3611 3606 3612
f 3611 3612 3613
f 3611 3613 3614
f 3611 3614 3647
f 3611 3604 3606
f 3615 3616 3608
f 3615 3599 3604
f 3615 3608 3607
f 3615 3607 3599
f 3617 3647 3653
f 3617 3653 3652
f 3617 3618 3619
f 3617 3619 3620
f 3617 3611 3647
f 3617 3620 3611
f 3621 3620 3622
f 3621 3622 3616
f 3621 3615 3604
f 3621 3616 3615
f 3621 3604 3611
f 3621 3611 3620
f 3623 3652 3651
f 3623 3651 3649
f 3623 3649 3624
f 3623 3624 3625
f 3623 3626 3627
f 3623 3627 3618
f 3623 3617 3652
f 3623 3618 3617
f 3628 3625 3629
f 3628 3629 3630
f 3628 3631 3632
f 3628 3632 3626
f 3628 3623 3625
f 3628 3626 3623
f 3633 3630 3596
f 3633 3595 3631
f 3633 3631 3628
f 3633 3596 3595
f 3633 3628 3630
f 3600 3634 3635
f 3600 3636 3634
f 3600 3637 3636
f 3601 3600 3635
f 3638 3639 3597
f 3640 3638 3597
f 3667 3597 3596
f 3667 3640 3597
f 3641 3635 3642
f 3641 3642 3671
f 3641 3606 3605
f 3641 3605 3602
f 3641 3602 3601
f 3641 3601 3635
f 3643 3671 3673
f 3643 3673 3644
f 3643 3644 3676
f 3643 3613 3606
f 3643 3641 3671
f 3643 3606 3641
f 3645 3613 3643
f 3645 3676 3646
f 3645 3643 3676
f 3645 3647 3614
f 3645 3614 3613
f 3648 3630 3629
f 3648 3629 3625
f 3648 3625 3649
f 3650 3651 3652
f 3650 3652 3653
f 3650 3653 3647
f 3650 3647 3645
f 3654 3646 3655
f 3654 3645 3646
f 3656 3630 3648
f 3656 3657 3658
f 3656 3658 3659
f 3656 3659 3667
f 3656 3596 3630
f 3656 3667 3596
f 3660 3661 3662
f 3660 3662 3657
f 3660 3649 3651
f 3660 3656 3648
f 3660 3648 3649
f 3660 3657 3656
f 3660 3651 3650
f 3663 3655 3697
f 3663 3645 3654
f 3663 3654 3655
f 3663 3650 3645
f 3664 3660 3650
f 3664 3697 3699
f 3664 3699 3661
f 3664 3661 3660
f 3664 3650 3663
f 3664 3663 3697
f 3665 3666 3667
f 3668 3665 3667
f 3669 3670 3642
f 3669 3642 3671
f 3672 3671 3673
f 3672 3669 3671
f 3674 3644 3675
f 3674 3675 3676
f 3674 3676 3677
f 3678 3673 3644
f 3678 3644 3674
f 3678 3672 3673
f 3679 3677 3646
f 3679 3646 3680
f 3679 3680 3655
f 3679 3655 3681
f 3679 3674 3677
f 3682 3683 3635
f 3682 3635 3670
f 3682 3670 3669
f 3684 3678 3674
f 3684 3674 3679
f 3685 3686 3687
f 3685 3687 3683
f 3685 3683 3682
f 3688 3682 3669
f 3688 3685 3682
f 3688 3669 3672
f 3689 3681 3690
f 3689 3679 3681
f 3691 3685 3688
f 3691 3686 3685
f 3691 3692 3693
f 3691 3693 3686
f 3694 3684 3679
f 3694 3679 3689
f 3695 3688 3672
f 3695 3672 3678
f 3695 3691 3688
f 3696 3690 3697
f 3696 3697 3698
f 3696 3698 3699
f 3696 3699 3700
f 3696 3689 3690
f 3701 3702 3703
f 3701 3695 3678
f 3701 3678 3684
f 3704 3705 3692
f 3704 3691 3695
f 3704 3692 3691
f 3706 3694 3689
f 3706 3689 3696
f 3707 3700 3661
f 3707 3661 3708
f 3707 3708 3662
f 3707 3696 3700
f 3709 3703 3710
f 3709 3710 3705
f 3709 3695 3701
f 3709 3701 3703
f 3709 3704 3695
f 3709 3705 3704
f 3711 3712 3706
f 3711 3706 3696
f 3711 3707 3662
f 3711 3713 3712
f 3711 3696 3707
f 3714 3701 3684
f 3714 3684 3694
f 3714 3715 3716
f 3714 3716 3717
f 3714 3717 3702
f 3714 3694 3706
f 3714 3702 3701
f 3718 3711 3662
f 3718 3662 3657
f 3718 3657 3658
f 3718 3719 3720
f 3718 3720 3713
f 3718 3713 3711
f 3721 3706 3712
f 3721 3712 3722
f 3721 3722 3715
f 3721 3714 3706
f 3721 3715 3714
f 3723 3658 3659
f 3723 3659 3666
f 3723 3718 3658
f 3723 3665 3719
f 3723 3666 3665
f 3723 3719 3718
f 3724 3725 3726
f 3727 3728 3725
f 3727 3725 3724
f 3729 3730 3728
f 3729 3728 3727
f 3731 3732 3730
f 3731 3730 3729
f 3733 3780 3732
f 3733 3732 3731
f 3734 3780 3733
f 3735 3736 3780
f 3735 3780 3734
f 3737 3738 3736
f 3737 3736 3735
f 3739 3771 3738
f 3739 3738 3737
f 3740 3771 3739
f 3741 3742 3771
f 3741 3771 3740
f 3743 3744 3742
f 3743 3742 3741
f 3745 3764 3744
f 3745 3744 3743
f 3746 3764 3745
f 3747 3761 3764
f 3747 3764 3746
f 3748 3759 3761
f 3748 3761 3747
f 3749 3757 3759
f 3749 3759 3748
f 3750 3756 3757
f 3750 3757 3749
f 3751 3756 3750
f 3751 3752 3756
f 3752 3753 3754
f 3752 3755 3753
f 3756 3755 3752
f 3757 3758 3755
f 3757 3755 3756
f 3759 3760 3758
f 3759 3758 3757
f 3761 3762 3760
f 3761 3760 3759
f 3763 3762 3761
f 3764 3763 3761
f 3765 3764 3744
f 3765 3763 3764
f 3766 3744 3742
f 3766 3765 3744
f 3767 3766 3742
f 3768 3726 3769
f 3770 3742 3771
f 3770 3767 3742
f 3772 3728 3725
f 3772 3725 3726
f 3772 3726 3768
f 3773 3730 3728
f 3773 3728 3772
f 3774 3771 3738
f 3774 3770 3771
f 3775 3730 3773
f 3775 3732 3730
f 3776 3774 3738
f 3777 3732 3775
f 3778 3776 3738
f 3778 3738 3736
f 3779 3780 3732
f 3779 3732 3777
f 3781 3736 3780
f 3781 3780 3779
f 3781 3778 3736
f 3782 3783 3784
f 3782 3784 3785
f 3782 3785 3786
f 3782 3786 3787
f 3788 3782 3787
f 3789 3782 3788
f 3790 3789 3788
f 3791 3789 3790
f 3792 3791 3790
f 3793 3791 3792
f 3794 3793 3792
f 3795 3793 3794
f 3796 3795 3794
f 3797 3796 3798
f 3799 3795 3796
f 3799 3796 3797
f 3800 3801 3802
f 3800 3803 3801
f 3804 3805 3803
f 3804 3803 3800
f 3806 3807 3805
f 3806 3805 3804
f 3808 3807 3806
f 3809 3808 3806
f 3810 3811 3812
f 3810 3812 3813
f 3810 3813 3814
f 3810 3814 3815
f 3816 3811 3810
f 3817 3816 3818
f 3801 3817 3819
f 3820 3801 3819
f 3821 3820 3819
f 3822 3821 3819
f 3823 3822 3819
f 3824 3816 3810
f 3824 3818 3816
f 3825 3810 3818
f 3825 3824 3810
f 3825 3818 3824
f 3826 3817 3818
f 3826 3819 3817
f 3827 3818 3819
f 3827 3819 3826
f 3827 3826 3818
f 3871 3870 3828
f 3829 3828 3830
f 3829 3871 3828
f 3831 3832 3864
f 3833 3829 3830
f 3834 3831 3835
f 3834 3832 3831
f 3836 3837 3838
f 3836 3838 3839
f 3840 3839 3853
f 3840 3836 3839
f 3841 3842 3828
f 3841 3832 3842
f 3841 3870 3843
f 3841 3843 3844
f 3841 3844 3845
f 3841 3845 3864
f 3841 3828 3870
f 3841 3864 3832
f 3846 3835 3847
f 3846 3847 3848
f 3846 3848 3849
f 3846 3849 3837
f 3846 3850 3834
f 3846 3836 3850
f 3846 3834 3835
f 3846 3837 3836
f 3851 3852 3853
f 3851 3853 3839
f 3854 3839 3838
f 3854 3855 3851
f 3854 3851 3839
f 3856 3838 3837
f 3856 3837 3849
f 3856 3857 3858
f 3856 3858 3855
f 3856 3854 3838
f 3856 3855 3854
f 3859 3849 3860
f 3859 3860 3848
f 3859 3848 3847
f 3859 3847 3835
f 3859 3861 3862
f 3859 3862 3857
f 3859 3856 3849
f 3859 3857 3856
f 3863 3835 3831
f 3863 3831 3864
f 3863 3865 3866
f 3863 3866 3861
f 3863 3861 3859
f 3863 3859 3835
f 3867 3864 3845
f 3867 3845 3844
f 3867 3844 3868
f 3867 3868 3843
f 3867 3863 3864
f 3867 3865 3863
f 3869 3843 3870
f 3869 3870 3871
f 3869 3867 3843
f 3872 3873 3874
f 3872 3874 3865
f 3872 3865 3867
f 3872 3867 3869
f 3875 3869 3871
f 3875 3871 3829
f 3875 3829 3833
f 3875 3833 3876
f 3877 3878 3873
f 3877 3872 3869
f 3877 3873 3872
f 3879 3880 3881
f 3879 3876 3880
f 3879 3881 3878
f 3879 3869 3875
f 3879 3875 3876
f 3879 3877 3869
f 3879 3878 3877
f 3920 3882 3883
f 3884 3882 3920
f 3885 3886 3882
f 3885 3882 3884
f 3887 3888 3889
f 3887 3890 3937
f 3887 3937 3888
f 3891 3890 3887
f 3889 3892 3888
f 3893 3894 3892
f 3893 3892 3889
f 3895 3932 3894
f 3895 3894 3893
f 3896 3897 3898
f 3896 3898 3932
f 3896 3932 3895
f 3899 3930 3897
f 3899 3897 3896
f 3900 3934 3930
f 3900 3930 3899
f 3901 3934 3900
f 3902 3903 3934
f 3902 3934 3901
f 3904 3905 3903
f 3904 3903 3902
f 3906 3905 3904
f 3907 3908 3905
f 3907 3905 3906
f 3909 3910 3908
f 3909 3908 3907
f 3911 3910 3909
f 3912 3942 3910
f 3912 3910 3911
f 3913 3914 3942
f 3913 3942 3912
f 3915 3916 3947
f 3915 3947 3914
f 3915 3914 3913
f 3917 3918 3916
f 3917 3916 3915
f 3919 3918 3917
f 3919 3950 3918
f 3883 3950 3919
f 3883 3920 3950
f 3921 3922 3923
f 3921 3923 3924
f 3921 3924 3925
f 3921 3925 3926
f 3927 3922 3921
f 3928 3927 3921
f 3929 3928 3921
f 3930 3931 3929
f 3930 3929 3921
f 3930 3898 3931
f 3932 3933 3931
f 3932 3931 3898
f 3934 3930 3921
f 3894 3933 3932
f 3903 3934 3921
f 3892 3935 3933
f 3892 3933 3894
f 3905 3921 3936
f 3905 3903 3921
f 3888 3935 3892
f 3937 3935 3888
f 3938 3936 3939
f 3908 3905 3936
f 3940 3936 3938
f 3910 3908 3936
f 3941 3936 3940
f 3942 3910 3936
f 3943 3936 3941
f 3944 3936 3943
f 3945 3936 3944
f 3946 3936 3945
f 3946 3942 3936
f 3946 3947 3942
f 3948 3947 3946
f 3948 3918 3916
f 3948 3916 3947
f 3949 3920 3950
f 3949 3918 3948
f 3949 3950 3918
f 3951 3920 3949
f 3951 3884 3920
f 3952 3953 3954
f 3955 3953 3952
f 3956 3955 3952
f 3957 3955 3956
f 3958 3957 3956
f 3959 3957 3958
f 3960 3959 3958
f 3961 3959 3960
f 3962 3963 3964
f 3962 3965 3963
f 3966 3967 3965
f 3966 3965 3962
f 3968 3969 3967
f 3968 3967 3966
f 3970 3969 3968
f 3971 3970 3968
f 3972 3973 3974
f 3972 3974 3975
f 3972 3975 3976
f 3972 3976 3970
f 3977 3972 3970
f 3978 3979 3980
f 3978 3980 3977
f 3963 3981 3978
f 3982 3980 3972
f 3982 3972 3977
f 3982 3977 3980
f 3983 3984 3985
f 3983 3985 3986
f 3983 3986 3979
f 3987 3981 3984
f 3987 3979 3978
f 3987 3984 3983
f 3987 3983 3979
f 3987 3978 3981
f 3988 3989 3990
f 3991 3992 3993
f 3994 3995 3996
f 3994 3996 3997
f 3994 3997 3989
f 3994 3989 3988
f 3998 3999 4000
f 3998 4000 4001
f 3998 4001 4002
f 3998 4002 3995
f 3998 3995 3994
f 4003 3991 4004
f 4003 4004 4005
f 4003 4005 4006
f 4003 3988 3992
f 4003 3994 3988
f 4003 3992 3991
f 4007 4006 4008
f 4007 4008 4009
f 4007 4009 4010
f 4007 4010 3999
f 4007 3998 3994
f 4007 3999 3998
f 4007 3994 4003
f 4007 4003 4006
f 4011 4012 4013
f 4011 4014 4012
f 4015 4013 4016
f 4015 4011 4013
f 4017 4018 4019
f 4017 4019 4020
f 4021 4020 4022
f 4021 4022 4023
f 4021 4017 4020
f 4024 4025 4026
f 4024 4026 4027
f 4028 4029 4030
f 4031 4030 4032
f 4031 4028 4030
f 4033 4031 4032
f 4034 4033 4032
f 4035 4026 4017
f 4036 4021 4027
f 4036 4017 4021
f 4036 4027 4026
f 4036 4026 4035
f 4036 4035 4017
f 4037 4030 4025
f 4038 4024 4032
f 4038 4030 4037
f 4038 4037 4025
f 4038 4025 4024
f 4038 4032 4030
f 4039 4040 4041
f 4039 4041 4042
f 4043 4042 4044
f 4043 4044 4045
f 4043 4039 4042
f 4046 4047 4048
f 4046 4048 4049
f 4050 4051 4052
f 4053 4050 4052
f 4053 4052 4054
f 4055 4053 4054
f 4056 4055 4054
f 4057 4048 4039
f 4058 4043 4049
f 4058 4039 4043
f 4058 4049 4048
f 4058 4048 4057
f 4058 4057 4039
f 4059 4052 4047
f 4060 4046 4054
f 4060 4052 4059
f 4060 4059 4047
f 4060 4047 4046
f 4060 4054 4052
f 4061 4062 4063
f 4061 4063 4064
f 4065 4064 4066
f 4065 4061 4064
f 4067 4066 4068
f 4067 4065 4066
f 4069 4070 4071
f 4072 4073 4074
f 4075 4076 4077
f 4078 4079 4080
f 4081 4074 4082
f 4081 4082 4083
f 4081 4083 4070
f 4081 4070 4069
f 4081 4072 4074
f 4084 4085 4086
f 4084 4086 4072
f 4084 4072 4081
f 4084 4081 4069
f 4087 4069 4088
f 4087 4085 4084
f 4087 4084 4069
f 4089 4088 4090
f 4089 4091 4085
f 4089 4087 4088
f 4089 4085 4087
f 4092 4090 4093
f 4092 4079 4091
f 4092 4089 4090
f 4092 4091 4089
f 4094 4092 4093
f 4094 4079 4092
f 4095 4093 4076
f 4095 4075 4096
f 4095 4096 4080
f 4095 4079 4094
f 4095 4094 4093
f 4095 4076 4075
f 4095 4080 4079
f 4097 4098 4072
f 4099 4072 4073
f 4099 4097 4072
f 4100 4099 4073
f 4101 4102 4103
f 4104 4105 4161
f 4104 4161 4106
f 4104 4106 4107
f 4104 4107 4108
f 4104 4108 4109
f 4104 4109 4110
f 4111 4112 4105
f 4111 4110 4113
f 4114 4111 4113
f 4114 4112 4111
f 4115 4116 4112
f 4117 4118 4116
f 4117 4119 4120
f 4121 4120 4122
f 4121 4118 4117
f 4121 4117 4120
f 4123 4124 4118
f 4123 4121 4122
f 4123 4118 4121
f 4125 4136 4124
f 4125 4101 4126
f 4125 4126 4127
f 4125 4127 4128
f 4125 4128 4129
f 4125 4129 4136
f 4125 4102 4101
f 4130 4110 4111
f 4130 4105 4104
f 4130 4104 4110
f 4130 4111 4105
f 4131 4113 4119
f 4131 4112 4114
f 4131 4115 4112
f 4131 4119 4115
f 4131 4114 4113
f 4132 4116 4115
f 4132 4115 4119
f 4132 4119 4117
f 4132 4117 4116
f 4133 4122 4102
f 4133 4123 4122
f 4133 4124 4123
f 4133 4102 4125
f 4133 4125 4124
f 4134 4135 4136
f 4134 4137 4135
f 4138 4139 4137
f 4138 4137 4134
f 4140 4139 4138
f 4141 4142 4139
f 4141 4139 4140
f 4143 4144 4142
f 4143 4142 4141
f 4145 4146 4144
f 4145 4144 4143
f 4147 4148 4146
f 4147 4146 4145
f 4149 4150 4148
f 4149 4148 4147
f 4151 4152 4153
f 4151 4153 4150
f 4151 4150 4149
f 4154 4155 4156
f 4154 4156 4152
f 4154 4152 4151
f 4157 4158 4155
f 4157 4155 4154
f 4159 4160 4158
f 4159 4158 4157
f 4161 4162 4160
f 4161 4160 4159
f 4163 4164 4165
f 4163 4165 4166
f 4163 4166 4167
f 4168 4169 4170
f 4168 4170 4171
f 4172 4173 4169
f 4172 4169 4168
f 4174 4173 4172
f 4175 4176 4174
f 4175 4174 4172
f 4177 4178 4176
f 4177 4176 4175
f 4179 4180 4178
f 4179 4178 4177
f 4181 4182 4180
f 4181 4180 4179
f 4183 4184 4182
f 4183 4182 4181
f 4185 4186 4184
f 4185 4184 4183
f 4187 4188 4186
f 4187 4186 4185
f 4189 4190 4188
f 4189 4188 4187
f 4191 4190 4189
f 4192 4190 4191
f 4193 4192 4191
f 4194 4195 4246
f 4196 4197 4195
f 4196 4195 4194
f 4198 4199 4197
f 4198 4197 4196
f 4200 4201 4199
f 4200 4199 4198
f 4202 4203 4201
f 4202 4201 4200
f 4204 4205 4203
f 4204 4203 4202
f 4206 4205 4204
f 4207 4208 4209
f 4207 4209 4210
f 4211 4208 4207
f 4212 4213 4214
f 4212 4214 4208
f 4212 4208 4211
f 4215 4216 4213
f 4215 4213 4212
f 4217 4216 4215
f 4218 4216 4217
f 4219 4218 4217
f 4220 4219 4221
f 4220 4218 4219
f 4222 4221 4223
f 4222 4220 4221
f 4224 4222 4223
f 4225 4226 4227
f 4228 4224 4223
f 4205 4223 4229
f 4205 4228 4223
f 4230 4226 4225
f 4230 4231 4232
f 4230 4232 4226
f 4233 4231 4230
f 4206 4205 4229
f 4206 4229 4234
f 4235 4206 4234
f 4236 4237 4231
f 4236 4231 4233
f 4238 4235 4234
f 4239 4237 4236
f 4239 4240 4237
f 4241 4238 4234
f 4241 4234 4242
f 4243 4240 4239
f 4243 4244 4240
f 4245 4241 4242
f 4245 4244 4243
f 4245 4242 4244
f 4194 4246 4247
f 4194 4247 4248
f 4249 4250 4251
f 4249 4251 4252
f 4253 4247 4250
f 4253 4250 4249
f 4254 4255 4256
f 4257 4255 4254
f 4258 4255 4257
f 4259 4255 4258
f 4260 4315 4261
f 4260 4261 4262
f 4260 4262 4263
f 4260 4263 4264
f 4260 4264 4265
f 4260 4265 4266
f 4260 4266 4267
f 4260 4268 4315
f 4269 4270 4271
f 4269 4272 4273
f 4274 4271 4275
f 4274 4276 4272
f 4277 4275 4278
f 4279 4278 4255
f 4280 4268 4260
f 4280 4260 4267
f 4281 4267 4270
f 4281 4273 4268
f 4281 4268 4280
f 4281 4280 4267
f 4282 4270 4269
f 4282 4269 4273
f 4282 4273 4281
f 4282 4281 4270
f 4283 4269 4271
f 4283 4271 4274
f 4283 4274 4272
f 4283 4272 4269
f 4284 4275 4277
f 4284 4274 4275
f 4284 4277 4276
f 4284 4276 4274
f 4285 4286 4276
f 4285 4278 4279
f 4285 4277 4278
f 4285 4276 4277
f 4285 4279 4286
f 4287 4259 4286
f 4287 4279 4255
f 4287 4286 4279
f 4287 4255 4259
f 4288 4289 4259
f 4290 4288 4259
f 4291 4288 4290
f 4292 4291 4290
f 4293 4291 4292
f 4294 4295 4296
f 4294 4296 4293
f 4294 4293 4292
f 4297 4298 4299
f 4297 4299 4295
f 4297 4295 4294
f 4300 4301 4298
f 4300 4298 4297
f 4302 4303 4301
f 4302 4301 4300
f 4304 4305 4303
f 4304 4303 4302
f 4306 4307 4305
f 4306 4305 4304
f 4308 4309 4307
f 4308 4307 4306
f 4310 4309 4308
f 4311 4312 4309
f 4311 4309 4310
f 4313 4314 4312
f 4313 4312 4311
f 4315 4314 4313
f 4316 4317 4318
f 4319 4317 4316
f 4320 4319 4316
f 4321 4319 4320
f 4322 4321 4320
f 4323 4321 4322
f 4324 4323 4322
f 4325 4323 4324
f 4326 4327 4328
f 4329 4372 4330
f 4331 4332 4333
f 4334 4332 4331
f 4335 4332 4334
f 4336 4330 4337
f 4336 4337 4338
f 4336 4338 4339
f 4336 4339 4327
f 4336 4327 4326
f 4336 4329 4330
f 4340 4329 4336
f 4340 4336 4326
f 4341 4342 4329
f 4341 4326 4343
f 4341 4329 4340
f 4341 4340 4326
f 4344 4342 4341
f 4344 4341 4343
f 4345 4346 4342
f 4345 4343 4347
f 4345 4342 4344
f 4345 4344 4343
f 4348 4345 4347
f 4348 4346 4345
f 4349 4350 4346
f 4349 4347 4351
f 4349 4348 4347
f 4349 4346 4348
f 4352 4350 4349
f 4352 4349 4351
f 4353 4335 4354
f 4353 4354 4350
f 4353 4351 4332
f 4353 4352 4351
f 4353 4350 4352
f 4353 4332 4335
f 4355 4356 4357
f 4355 4357 4358
f 4355 4358 4359
f 4355 4359 4360
f 4361 4355 4360
f 4362 4363 4361
f 4364 4333 4365
f 4334 4364 4365
f 4366 4334 4365
f 4354 4365 4362
f 4354 4366 4365
f 4367 4363 4355
f 4367 4355 4361
f 4367 4361 4363
f 4368 4365 4363
f 4368 4363 4362
f 4368 4362 4365
f 4403 4369 4370
f 4403 4370 4371
f 4403 4371 4372
f 4373 4374 4375
f 4373 4375 4369
f 4373 4369 4403
f 4376 4377 4378
f 4376 4378 4374
f 4376 4374 4373
f 4379 4380 4377
f 4379 4377 4376
f 4381 4380 4379
f 4382 4380 4381
f 4383 4382 4381
f 4354 4382 4383
f 4384 4354 4383
f 4385 4354 4384
f 4386 4354 4385
f 4387 4354 4386
f 4388 4387 4389
f 4388 4389 4390
f 4388 4390 4391
f 4388 4391 4392
f 4393 4388 4392
f 4394 4388 4393
f 4395 4393 4396
f 4395 4394 4393
f 4397 4395 4396
f 4398 4397 4396
f 4399 4398 4400
f 4399 4397 4398
f 4401 4400 4402
f 4403 4399 4400
f 4403 4400 4401
f 4404 4420 4405
f 4404 4406 4407
f 4404 4405 4406
f 4408 4404 4407
f 4409 4407 4410
f 4409 4408 4407
f 4426 4418 4411
f 4412 4411 4413
f 4412 4413 4414
f 4412 4426 4411
f 4415 4414 4416
f 4415 4412 4414
f 4417 4415 4416
f 4426 4418 4419
f 4437 4426 4419
f 4420 4421 4405
f 4420 4442 4421
f 4422 4419 4423
f 4422 4423 4421
f 4422 4442 4437
f 4422 4437 4419
f 4422 4421 4442
f 4424 4440 4439
f 4412 4425 4426
f 4427 4428 4429
f 4417 4430 4415
f 4431 4439 4432
f 4431 4424 4439
f 4433 4432 4425
f 4433 4431 4432
f 4433 4425 4412
f 4434 4435 4427
f 4434 4429 4424
f 4434 4427 4429
f 4434 4424 4431
f 4436 4412 4415
f 4436 4430 4435
f 4436 4431 4433
f 4436 4433 4412
f 4436 4435 4434
f 4436 4434 4431
f 4436 4415 4430
f 4437 4426 4425
f 4438 4439 4440
f 4441 4420 4442
f 4443 4444 4445
f 4446 4425 4432
f 4446 4442 4437
f 4446 4437 4425
f 4447 4432 4439
f 4447 4446 4432
f 4447 4439 4438
f 4448 4449 4441
f 4448 4441 4442
f 4448 4442 4446
f 4450 4438 4445
f 4450 4444 4449
f 4450 4446 4447
f 4450 4449 4448
f 4450 4448 4446
f 4450 4447 4438
f 4450 4445 4444
f 4451 4452 4453
f 4454 4455 4456
f 4457 4454 4456
f 4458 4459 4460
f 4458 4460 4452
f 4458 4452 4451
f 4461 4451 4462
f 4461 4463 4459
f 4461 4458 4451
f 4461 4459 4458
f 4464 4462 4455
f 4464 4465 4463
f 4464 4454 4465
f 4464 4463 4461
f 4464 4455 4454
f 4464 4461 4462
f 4466 4467 4468
f 4469 4466 4468
f 4470 4468 4471
f 4470 4469 4468
f 4472 4470 4471
f 4473 4472 4471
f 4474 4473 4471
f 4475 4476 4477
f 4475 4477 4478
f 4475 4478 4479
f 4480 4474 4471
f 4481 4482 4483
f 4481 4483 4484
f 4485 4481 4484
f 4486 4485 4487
f 4486 4488 4489
f 4486 4490 4488
f 4486 4487 4490
f 4486 4481 4485
f 4491 4467 4492
f 4491 4492 4493
f 4491 4478 4468
f 4491 4468 4467
f 4494 4493 4495
f 4494 4495 4479
f 4494 4491 4493
f 4494 4478 4491
f 4494 4479 4478
f 4496 4479 4497
f 4496 4497 4498
f 4496 4475 4479
f 4499 4498 4500
f 4499 4500 4482
f 4499 4481 4475
f 4499 4496 4498
f 4499 4482 4481
f 4499 4475 4496
f 4501 4502 4503
f 4501 4503 4504
f 4505 4506 4502
f 4505 4502 4501
f 4507 4506 4505
f 4508 4509 4507
f 4508 4507 4505
f 4510 4511 4509
f 4510 4509 4508
f 4512 4513 4511
f 4512 4511 4510
f 4514 4515 4513
f 4514 4513 4512
f 4516 4517 4515
f 4516 4515 4514
f 4518 4519 4517
f 4518 4517 4516
f 4520 4521 4519
f 4520 4519 4518
f 4522 4523 4521
f 4522 4521 4520
f 4524 4523 4522
f 4525 4523 4524
f 4526 4525 4524
f 4527 4528 4529
f 4530 4531 4528
f 4530 4528 4527
f 4532 4533 4531
f 4532 4531 4530
f 4534 4535 4533
f 4534 4533 4532
f 4536 4537 4535
f 4536 4535 4534
f 4538 4539 4537
f 4538 4537 4536
f 4540 4539 4538
f 4539 4541 4542
f 4539 4542 4543
f 4529 4544 4545
f 4529 4545 4546
f 4529 4546 4547
f 4529 4547 4548
f 4549 4544 4529
f 4550 4549 4529
f 4551 4550 4529
f 4552 4551 4529
f 4553 4554 4552
f 4553 4552 4529
f 4553 4555 4554
f 4556 4557 4554
f 4556 4554 4555
f 4558 4553 4529
f 4559 4557 4556
f 4560 4558 4529
f 4561 4562 4557
f 4561 4557 4559
f 4563 4529 4564
f 4563 4560 4529
f 4565 4564 4566
f 4567 4562 4561
f 4568 4562 4567
f 4569 4563 4564
f 4570 4564 4565
f 4571 4569 4564
f 4572 4564 4570
f 4573 4564 4572
f 4574 4571 4564
f 4575 4564 4573
f 4576 4564 4575
f 4577 4564 4576
f 4578 4564 4577
f 4578 4574 4564
f 4579 4580 4581
f 4579 4581 4574
f 4579 4574 4578
f 4582 4583 4584
f 4582 4584 4580
f 4582 4580 4579
f 4585 4586 4583
f 4585 4583 4582
f 4585 4587 4586
f 4588 4589 4543
f 4588 4543 4542
f 4590 4591 4589
f 4590 4589 4588
f 4592 4593 4594
f 4595 4596 4597
f 4598 4599 4600
f 4601 4602 4628
f 4601 4628 4603
f 4601 4603 4631
f 4601 4631 4604
f 4601 4604 4605
f 4601 4605 4606
f 4607 4600 4602
f 4607 4602 4601
f 4607 4601 4606
f 4608 4606 4609
f 4608 4607 4606
f 4608 4598 4600
f 4608 4609 4598
f 4608 4600 4607
f 4610 4611 4599
f 4610 4609 4612
f 4610 4599 4598
f 4610 4598 4609
f 4613 4610 4612
f 4613 4611 4610
f 4614 4596 4611
f 4614 4612 4593
f 4614 4613 4612
f 4614 4611 4613
f 4615 4592 4616
f 4615 4616 4617
f 4615 4617 4618
f 4615 4618 4597
f 4615 4596 4614
f 4615 4614 4593
f 4615 4593 4592
f 4615 4597 4596
f 4619 4620 4621
f 4619 4621 4622
f 4619 4622 4623
f 4619 4623 4624
f 4625 4620 4619
f 4626 4625 4627
f 4628 4626 4629
f 4630 4628 4629
f 4631 4630 4629
f 4632 4631 4629
f 4605 4632 4629
f 4633 4625 4619
f 4633 4627 4625
f 4634 4619 4627
f 4634 4633 4619
f 4634 4627 4633
f 4635 4626 4627
f 4635 4629 4626
f 4636 4627 4629
f 4636 4629 4635
f 4636 4635 4627
f 4637 4628 4638
f 4639 4628 4637
f 4640 4628 4639
f 4641 4642 4628
f 4641 4628 4640
f 4643 4644 4642
f 4643 4642 4641
f 4645 4646 4644
f 4645 4644 4643
f 4647 4648 4649
f 4647 4649 4646
f 4647 4646 4645
f 4650 4651 4652
f 4650 4652 4648
f 4650 4648 4647
f 4653 4595 4654
f 4653 4654 4655
f 4653 4655 4651
f 4653 4651 4650
f 4656 4653 4657
f 4658 4659 4660
f 4661 4660 4662
f 4661 4658 4660
f 4663 4662 4664
f 4663 4661 4662
f 4665 4663 4664
f 4666 4665 4667
f 4668 4665 4666
f 4669 4665 4668
f 4638 4663 4665
f 4638 4665 4669
f 4670 4657 4671
f 4670 4671 4659
f 4670 4658 4656
f 4670 4656 4657
f 4670 4659 4658
f 4672 4691 4673
f 4672 4674 4675
f 4672 4673 4674
f 4676 4675 4677
f 4676 4672 4675
f 4678 4676 4677
f 4679 4680 4681
f 4682 4688 4700
f 4682 4683 4680
f 4682 4700 4683
f 4682 4679 4684
f 4682 4684 4685
f 4682 4685 4686
f 4682 4686 4688
f 4682 4680 4679
f 4687 4688 4700
f 4687 4700 4689
f 4690 4694 4673
f 4691 4690 4673
f 4692 4690 4693
f 4692 4693 4687
f 4692 4689 4694
f 4692 4687 4689
f 4692 4694 4690
f 4694 4673 4695
f 4696 4697 4698
f 4699 4700 4689
f 4722 4701 4702
f 4703 4695 4704
f 4703 4694 4695
f 4705 4704 4697
f 4705 4697 4696
f 4705 4703 4704
f 4706 4728 4699
f 4706 4689 4694
f 4706 4694 4703
f 4706 4699 4689
f 4707 4701 4728
f 4707 4696 4702
f 4707 4703 4705
f 4707 4728 4706
f 4707 4705 4696
f 4707 4706 4703
f 4707 4702 4701
f 4675 4677 4708
f 4695 4673 4674
f 4709 4710 4711
f 4698 4697 4712
f 4713 4708 4714
f 4713 4674 4675
f 4713 4675 4708
f 4715 4704 4695
f 4715 4695 4674
f 4715 4674 4713
f 4716 4714 4710
f 4716 4713 4714
f 4716 4710 4709
f 4717 4709 4712
f 4717 4697 4704
f 4717 4704 4715
f 4717 4715 4713
f 4717 4713 4716
f 4717 4716 4709
f 4717 4712 4697
f 4718 4719 4720
f 4680 4721 4681
f 4701 4722 4723
f 4700 4699 4683
f 4724 4720 4725
f 4724 4718 4720
f 4726 4725 4721
f 4726 4721 4680
f 4726 4724 4725
f 4727 4728 4701
f 4727 4723 4718
f 4727 4701 4723
f 4727 4718 4724
f 4729 4699 4728
f 4729 4680 4683
f 4729 4724 4726
f 4729 4728 4727
f 4729 4726 4680
f 4729 4727 4724
f 4729 4683 4699
f 4730 4731 4732
f 4733 4734 4735
f 4736 4737 4738
f 4739 4740 4741
f 4742 4732 4743
f 4742 4738 4730
f 4742 4730 4732
f 4744 4743 4734
f 4744 4742 4743
f 4744 4734 4733
f 4745 4746 4736
f 4745 4736 4738
f 4745 4738 4742
f 4747 4733 4741
f 4747 4740 4746
f 4747 4742 4744
f 4747 4746 4745
f 4747 4745 4742
f 4747 4744 4733
f 4747 4741 4740
f 4748 4749 4750
f 4751 4748 4752
f 4751 4749 4748
f 4753 4751 4752
f 4790 4752 4754
f 4790 4753 4752
f 4755 4790 4754
f 4756 4788 4757
f 4758 4759 4760
f 4761 4759 4788
f 4761 4756 4760
f 4761 4788 4756
f 4761 4760 4759
f 4762 4763 4764
f 4765 4766 4767
f 4768 4769 4770
f 4771 4772 4773
f 4774 4764 4775
f 4774 4762 4764
f 4776 4775 4766
f 4776 4774 4775
f 4776 4766 4765
f 4777 4770 4762
f 4777 4778 4768
f 4777 4762 4774
f 4777 4768 4770
f 4779 4765 4773
f 4779 4772 4778
f 4779 4774 4776
f 4779 4778 4777
f 4779 4777 4774
f 4779 4776 4765
f 4779 4773 4772
f 4780 4781 4782
f 4780 4782 4783
f 4780 4783 4784
f 4780 4784 4755
f 4780 4755 4790
f 4780 4790 4789
f 4780 4789 4785
f 4780 4785 4786
f 4780 4786 4788
f 4780 4788 4781
f 4787 4788 4786
f 4787 4786 4785
f 4787 4785 4789
f 4787 4789 4790
f 4787 4790 4751
f 4787 4751 4791
f 4787 4791 4792
f 4787 4792 4793
f 4787 4793 4794
f 4787 4794 4758
f 4787 4758 4788
f 4795 4796 4797
f 4795 4797 4798
f 4795 4798 4799
f 4800 4801 4802
f 4803 4801 4800
f 4804 4801 4803
f 4805 4806 4807
f 4808 4809 4810
f 4811 4812 4796
f 4811 4796 4795
f 4813 4795 4801
f 4813 4804 4814
f 4813 4811 4795
f 4813 4801 4804
f 4815 4807 4812
f 4815 4812 4811
f 4815 4805 4807
f 4815 4811 4813
f 4816 4814 4810
f 4816 4809 4805
f 4816 4805 4815
f 4816 4815 4813
f 4816 4813 4814
f 4816 4810 4809
f 4817 4818 4819
f 4817 4822 4818
f 4829 4819 4820
f 4829 4817 4819
f 4828 4820 4821
f 4828 4829 4820
f 4817 4822 4823
f 4824 4825 4826
f 4827 4828 4829
f 4830 4831 4832
f 4833 4829 4817
f 4833 4823 4834
f 4833 4817 4823
f 4835 4834 4825
f 4835 4825 4824
f 4835 4833 4834
f 4836 4837 4827
f 4836 4827 4829
f 4836 4829 4833
f 4838 4831 4837
f 4838 4824 4832
f 4838 4833 4835
f 4838 4837 4836
f 4838 4835 4824
f 4838 4836 4833
f 4838 4832 4831
f 4839 4898 4862
f 4839 4862 4840
f 4841 4868 4842
f 4841 4842 4843
f 4841 4843 4844
f 4841 4844 4845
f 4841 4845 4846
f 4841 4846 4847
f 4841 4847 4848
f 4892 4868 4841
f 4849 4892 4841
f 4850 4892 4849
f 4851 4849 4852
f 4853 4849 4851
f 4854 4850 4849
f 4854 4849 4853
f 4855 4856 4868
f 4855 4840 4856
f 4857 4855 4868
f 4857 4840 4855
f 4858 4839 4840
f 4858 4840 4857
f 4858 4857 4868
f 4858 4868 4892
f 4859 4839 4858
f 4859 4858 4892
f 4860 4861 4839
f 4860 4892 4861
f 4860 4839 4859
f 4860 4859 4892
f 4840 4862 4863
f 4864 4865 4866
f 4867 4868 4856
f 4869 4870 4871
f 4872 4863 4873
f 4872 4840 4863
f 4874 4873 4865
f 4874 4865 4864
f 4874 4872 4873
f 4875 4876 4867
f 4875 4856 4840
f 4875 4867 4856
f 4875 4840 4872
f 4877 4870 4876
f 4877 4864 4871
f 4877 4872 4874
f 4877 4876 4875
f 4877 4874 4864
f 4877 4875 4872
f 4877 4871 4870
f 4878 4879 4880
f 4864 4881 4866
f 4882 4883 4884
f 4869 4885 4871
f 4886 4884 4878
f 4886 4880 4887
f 4886 4878 4880
f 4888 4887 4881
f 4888 4886 4887
f 4888 4881 4864
f 4889 4890 4882
f 4889 4884 4886
f 4889 4882 4884
f 4891 4864 4871
f 4891 4885 4890
f 4891 4886 4888
f 4891 4890 4889
f 4891 4889 4886
f 4891 4888 4864
f 4891 4871 4885
f 4861 4892 4893
f 4894 4895 4896
f 4897 4898 4839
f 4899 4900 4901
f 4902 4893 4903
f 4902 4861 4893
f 4904 4903 4895
f 4904 4902 4903
f 4904 4895 4894
f 4905 4839 4861
f 4905 4906 4897
f 4905 4861 4902
f 4905 4897 4839
f 4907 4894 4901
f 4907 4900 4906
f 4907 4902 4904
f 4907 4906 4905
f 4907 4905 4902
f 4907 4904 4894
f 4907 4901 4900
f 4908 4909 4910
f 4894 4911 4896
f 4912 4913 4914
f 4899 4915 4901
f 4916 4910 4917
f 4916 4908 4910
f 4918 4917 4911
f 4918 4911 4894
f 4918 4916 4917
f 4919 4920 4912
f 4919 4914 4908
f 4919 4912 4914
f 4919 4908 4916
f 4921 4894 4901
f 4921 4915 4920
f 4921 4916 4918
f 4921 4918 4894
f 4921 4920 4919
f 4921 4919 4916
f 4921 4901 4915
f 4922 4923 4924
f 4925 4924 4923
f 4926 4923 4922
f 4927 4925 4923
f 4928 4923 4926
f 4929 4927 4923
f 4930 4923 4928
f 4931 4932 4929
f 4931 4929 4923
f 4933 4930 4934
f 4933 4934 4935
f 4933 4935 4936
f 4933 4936 4937
f 4933 4937 4938
f 4933 4938 4939
f 4933 4923 4930
f 4940 4932 4931
f 4941 4933 4939
f 4942 4933 4941
f 4943 4940 4931
f 4944 4940 4943
f 4945 4942 4987
f 4945 4933 4942
f 4946 4945 4987
f 4947 4944 4943
f 5003 4944 4947
f 4948 4946 4949
f 4948 4945 4946
f 4950 4949 4993
f 4950 4948 4949
f 4951 4952 4953
f 4954 4955 4956
f 4957 4958 4959
f 4960 4961 4962
f 4963 4953 4964
f 4963 4951 4953
f 4965 4964 4955
f 4965 4954 4962
f 4965 4963 4964
f 4965 4955 4954
f 4966 4967 4957
f 4966 4959 4951
f 4966 4957 4959
f 4966 4951 4963
f 4968 4961 4967
f 4968 4963 4965
f 4968 4967 4966
f 4968 4965 4962
f 4968 4966 4963
f 4968 4962 4961
f 4969 4970 4971
f 4972 4973 4974
f 4975 4976 4977
f 4978 4979 4980
f 4981 4977 4969
f 4981 4971 4982
f 4981 4969 4971
f 4983 4982 4973
f 4983 4973 4972
f 4983 4981 4982
f 4984 4985 4975
f 4984 4975 4977
f 4984 4977 4981
f 4986 4979 4985
f 4986 4972 4980
f 4986 4981 4983
f 4986 4985 4984
f 4986 4983 4972
f 4986 4984 4981
f 4986 4980 4979
f 4946 4987 4988
f 4989 4990 4991
f 4992 4993 4949
f 4994 4995 4996
f 4997 4988 4998
f 4997 4946 4988
f 4999 4998 4990
f 4999 4990 4989
f 4999 4997 4998
f 5000 5001 4992
f 5000 4949 4946
f 5000 4992 4949
f 5000 4946 4997
f 5002 4995 5001
f 5002 4989 4996
f 5002 4997 4999
f 5002 5001 5000
f 5002 4999 4989
f 5002 5000 4997
f 5002 4996 4995
f 4944 5003 5004
f 5005 5006 5007
f 5008 4932 4940
f 5009 5010 5011
f 5012 4940 4944
f 5012 5004 5013
f 5012 4944 5004
f 5014 5013 5006
f 5014 5006 5005
f 5014 5012 5013
f 5015 5016 5008
f 5015 5008 4940
f 5015 4940 5012
f 5017 5010 5016
f 5017 5005 5011
f 5017 5012 5014
f 5017 5016 5015
f 5017 5014 5005
f 5017 5015 5012
f 5017 5011 5010
f 5018 5019 5020
f 5018 5020 5021
f 5022 5023 5024
f 5025 5022 5024
f 5026 5022 5025
f 5027 5060 5028
f 5027 5026 5060
f 5029 5025 5030
f 5029 5030 5060
f 5029 5026 5025
f 5029 5060 5026
f 5019 5031 5032
f 5019 5032 5020
f 5033 5034 5035
f 5036 5037 5038
f 5039 5040 5041
f 5042 5043 5044
f 5045 5035 5046
f 5045 5033 5035
f 5047 5046 5037
f 5047 5045 5046
f 5047 5037 5036
f 5048 5041 5033
f 5048 5049 5039
f 5048 5033 5045
f 5048 5039 5041
f 5050 5036 5044
f 5050 5043 5049
f 5050 5045 5047
f 5050 5049 5048
f 5050 5048 5045
f 5050 5047 5036
f 5050 5044 5043
f 5051 5028 5052
f 5051 5052 5053
f 5051 5053 5054
f 5051 5054 5055
f 5056 5055 5018
f 5056 5018 5057
f 5056 5057 5058
f 5056 5058 5059
f 5056 5059 5060
f 5056 5060 5028
f 5056 5028 5051
f 5056 5051 5055
f 5058 5019 5059
f 5057 5019 5058
f 5018 5019 5057
f 5061 5060 5059
f 5061 5019 5031
f 5061 5031 5062
f 5061 5062 5063
f 5061 5063 5064
f 5061 5064 5065
f 5061 5065 5025
f 5061 5025 5060
f 5061 5059 5019
f 5066 5067 5068
f 5069 5070 5098
f 5071 5072 5073
f 5074 5075 5076
f 5077 5068 5078
f 5077 5066 5068
f 5079 5078 5070
f 5079 5070 5069
f 5079 5077 5078
f 5080 5081 5071
f 5080 5073 5066
f 5080 5077 5079
f 5080 5071 5073
f 5080 5066 5077
f 5082 5075 5081
f 5082 5069 5076
f 5082 5081 5080
f 5082 5079 5069
f 5082 5076 5075
f 5082 5080 5079
f 5083 5107 5106
f 5083 5106 5115
f 5084 5115 5085
f 5084 5085 5104
f 5084 5083 5115
f 5086 5087 5083
f 5086 5083 5084
f 5088 5089 5090
f 5088 5090 5091
f 5092 5093 5089
f 5092 5089 5088
f 5094 5095 5096
f 5094 5096 5097
f 5068 5067 5095
f 5078 5068 5095
f 5078 5095 5094
f 5070 5078 5094
f 5098 5070 5094
f 5099 5090 5087
f 5100 5086 5091
f 5100 5087 5086
f 5100 5091 5090
f 5100 5099 5087
f 5100 5090 5099
f 5101 5096 5093
f 5102 5092 5097
f 5102 5101 5093
f 5102 5096 5101
f 5102 5093 5092
f 5102 5097 5096
f 5103 5104 5085
f 5105 5106 5107
f 5108 5109 5110
f 5111 5112 5113
f 5114 5085 5115
f 5114 5103 5085
f 5116 5115 5106
f 5116 5114 5115
f 5116 5106 5105
f 5117 5118 5108
f 5117 5110 5103
f 5117 5108 5110
f 5117 5103 5114
f 5119 5105 5113
f 5119 5112 5118
f 5119 5114 5116
f 5119 5118 5117
f 5119 5116 5105
f 5119 5117 5114
f 5119 5113 5112
f 5120 5151 5121
f 5122 5123 5124
f 5125 5126 5127
f 5128 5129 5130
f 5131 5121 5132
f 5131 5120 5121
f 5133 5132 5123
f 5133 5123 5122
f 5133 5131 5132
f 5134 5135 5125
f 5134 5127 5120
f 5134 5131 5133
f 5134 5125 5127
f 5134 5120 5131
f 5136 5129 5135
f 5136 5122 5130
f 5136 5135 5134
f 5136 5133 5122
f 5136 5130 5129
f 5136 5134 5133
f 5137 5161 5160
f 5137 5160 5169
f 5138 5169 5158
f 5138 5158 5157
f 5138 5137 5169
f 5139 5140 5137
f 5139 5137 5138
f 5141 5142 5143
f 5141 5143 5144
f 5145 5142 5141
f 5146 5145 5141
f 5147 5148 5149
f 5147 5149 5150
f 5121 5151 5148
f 5132 5148 5147
f 5132 5121 5148
f 5123 5132 5147
f 5124 5123 5147
f 5152 5143 5140
f 5153 5139 5144
f 5153 5140 5139
f 5153 5144 5143
f 5153 5152 5140
f 5153 5143 5152
f 5154 5149 5145
f 5155 5146 5150
f 5155 5154 5145
f 5155 5149 5154
f 5155 5145 5146
f 5155 5150 5149
f 5156 5157 5158
f 5159 5160 5161
f 5162 5163 5164
f 5165 5166 5167
f 5168 5158 5169
f 5168 5156 5158
f 5170 5169 5160
f 5170 5159 5167
f 5170 5168 5169
f 5170 5160 5159
f 5171 5172 5162
f 5171 5164 5156
f 5171 5162 5164
f 5171 5156 5168
f 5173 5166 5172
f 5173 5168 5170
f 5173 5172 5171
f 5173 5170 5167
f 5173 5171 5168
f 5173 5167 5166
f 5174 5175 5176
f 5323 5177 5178
f 5323 5174 5177
f 5323 5175 5174
f 5179 5175 5176
f 5179 5176 5180
f 5181 5182 5183
f 5184 5183 5185
f 5184 5181 5183
f 5186 5185 5187
f 5188 5187 5189
f 5188 5186 5187
f 5190 5191 5192
f 5290 5190 5192
f 5193 5181 5194
f 5193 5194 5179
f 5193 5180 5182
f 5193 5179 5180
f 5193 5182 5181
f 5195 5186 5196
f 5195 5196 5184
f 5195 5184 5185
f 5195 5185 5186
f 5197 5190 5198
f 5197 5198 5188
f 5197 5189 5191
f 5197 5188 5189
f 5197 5191 5190
f 5199 5200 5201
f 5202 5201 5203
f 5202 5199 5201
f 5204 5203 5205
f 5204 5202 5203
f 5206 5205 5207
f 5206 5204 5205
f 5208 5207 5209
f 5208 5206 5207
f 5210 5209 5211
f 5210 5208 5209
f 5212 5211 5213
f 5212 5213 5214
f 5212 5214 5284
f 5212 5210 5211
f 5215 5212 5284
f 5324 5212 5215
f 5216 5324 5215
f 5217 5324 5216
f 5218 5219 5220
f 5221 5222 5223
f 5224 5225 5226
f 5227 5228 5229
f 5230 5220 5231
f 5230 5218 5220
f 5232 5231 5222
f 5232 5230 5231
f 5232 5222 5221
f 5233 5226 5218
f 5233 5234 5224
f 5233 5218 5230
f 5233 5224 5226
f 5235 5221 5229
f 5235 5228 5234
f 5235 5230 5232
f 5235 5234 5233
f 5235 5233 5230
f 5235 5232 5221
f 5235 5229 5228
f 5236 5223 5222
f 5236 5222 5231
f 5237 5231 5220
f 5237 5220 5219
f 5237 5236 5231
f 5238 5239 5236
f 5238 5236 5237
f 5240 5241 5242
f 5243 5244 5241
f 5243 5241 5240
f 5245 5246 5247
f 5248 5246 5245
f 5249 5246 5248
f 5250 5260 5246
f 5250 5246 5249
f 5270 5250 5249
f 5251 5270 5249
f 5252 5270 5251
f 5262 5252 5251
f 5253 5242 5239
f 5254 5238 5255
f 5254 5255 5240
f 5254 5239 5238
f 5254 5242 5253
f 5254 5240 5242
f 5254 5253 5239
f 5256 5247 5244
f 5257 5243 5258
f 5257 5258 5245
f 5257 5244 5243
f 5257 5256 5244
f 5257 5245 5247
f 5257 5247 5256
f 5259 5260 5250
f 5261 5252 5262
f 5263 5264 5265
f 5266 5267 5268
f 5269 5250 5270
f 5269 5259 5250
f 5271 5270 5252
f 5271 5252 5261
f 5271 5269 5270
f 5272 5273 5263
f 5272 5265 5259
f 5272 5263 5265
f 5272 5259 5269
f 5274 5261 5268
f 5274 5267 5273
f 5274 5269 5271
f 5274 5271 5261
f 5274 5273 5272
f 5274 5272 5269
f 5274 5268 5267
f 5275 5216 5276
f 5275 5276 5277
f 5275 5277 5278
f 5275 5278 5279
f 5275 5279 5280
f 5275 5280 5281
f 5275 5281 5282
f 5275 5282 5283
f 5275 5283 5319
f 5275 5319 5288
f 5275 5288 5284
f 5275 5284 5216
f 5285 5321 5212
f 5286 5175 5287
f 5288 5289 5284
f 5281 5290 5282
f 5291 5287 5322
f 5291 5322 5321
f 5291 5286 5287
f 5292 5293 5286
f 5292 5321 5285
f 5292 5291 5321
f 5292 5286 5291
f 5294 5295 5293
f 5294 5293 5292
f 5294 5292 5285
f 5296 5285 5297
f 5296 5294 5285
f 5296 5295 5294
f 5298 5299 5295
f 5298 5297 5300
f 5298 5296 5297
f 5298 5295 5296
f 5301 5302 5299
f 5301 5298 5300
f 5301 5299 5298
f 5303 5300 5304
f 5303 5301 5300
f 5303 5302 5301
f 5305 5306 5302
f 5305 5304 5307
f 5305 5303 5304
f 5305 5302 5303
f 5308 5305 5307
f 5308 5306 5305
f 5309 5310 5306
f 5309 5307 5311
f 5309 5308 5307
f 5309 5306 5308
f 5312 5313 5310
f 5312 5311 5314
f 5312 5309 5311
f 5312 5310 5309
f 5315 5313 5312
f 5315 5312 5314
f 5316 5314 5317
f 5316 5313 5315
f 5316 5315 5314
f 5318 5288 5319
f 5318 5319 5283
f 5318 5283 5282
f 5318 5290 5313
f 5318 5317 5289
f 5318 5289 5288
f 5318 5313 5316
f 5318 5282 5290
f 5318 5316 5317
f 5320 5212 5321
f 5320 5321 5322
f 5320 5322 5287
f 5320 5287 5175
f 5320 5175 5323
f 5320 5324 5212
f 5325 5320 5323
f 5325 5323 5326
f 5325 5326 5327
f 5325 5327 5329
f 5325 5329 5324
f 5325 5324 5320
f 5328 5217 5324
f 5328 5324 5329
f 5328 5329 5327
f 5328 5327 5326
f 5328 5326 5323
f 5328 5323 5330
f 5331 5330 5332
f 5331 5332 5333
f 5331 5333 5334
f 5331 5334 5217
f 5331 5328 5330
f 5331 5217 5328
f 5335 5336 5337
f 5338 5335 5337
f 5339 5335 5338
f 5340 5341 5342
f 5515 5339 5338
f 5343 5344 5515
f 5343 5515 5338
f 5345 5344 5343
f 5346 5340 5347
f 5346 5341 5340
f 5348 5345 5343
f 5577 5346 5347
f 5349 5528 5350
f 5349 5350 5351
f 5349 5351 5343
f 5352 5577 5353
f 5352 5353 5354
f 5352 5354 5355
f 5352 5355 5356
f 5352 5356 5357
f 5352 5357 5358
f 5352 5346 5577
f 5443 5358 5359
f 5443 5359 5546
f 5443 5546 5528
f 5443 5528 5349
f 5443 5352 5358
f 5360 5351 5361
f 5360 5361 5362
f 5360 5362 5348
f 5360 5348 5343
f 5360 5343 5351
f 5363 5443 5349
f 5363 5349 5364
f 5365 5364 5366
f 5365 5363 5364
f 5367 5366 5368
f 5367 5365 5366
f 5369 5368 5370
f 5369 5367 5368
f 5371 5370 5372
f 5371 5369 5370
f 5373 5372 5374
f 5373 5371 5372
f 5375 5374 5376
f 5375 5373 5374
f 5377 5376 5384
f 5377 5375 5376
f 5378 5377 5384
f 5410 5379 5380
f 5410 5381 5379
f 5382 5380 5383
f 5382 5410 5380
f 5378 5383 5384
f 5378 5382 5383
f 5385 5455 5386
f 5385 5386 5387
f 5388 5387 5389
f 5388 5385 5387
f 5405 5389 5390
f 5405 5388 5389
f 5391 5392 5393
f 5391 5485 5392
f 5394 5393 5395
f 5394 5391 5393
f 5396 5395 5397
f 5396 5394 5395
f 5398 5397 5399
f 5398 5396 5397
f 5400 5399 5401
f 5400 5398 5399
f 5464 5401 5402
f 5464 5400 5401
f 5403 5402 5404
f 5403 5464 5402
f 5470 5404 5390
f 5470 5403 5404
f 5405 5470 5390
f 5479 5406 5407
f 5479 5408 5406
f 5486 5407 5409
f 5486 5479 5407
f 5485 5409 5392
f 5485 5486 5409
f 5410 5381 5411
f 5412 5413 5414
f 5430 5378 5382
f 5415 5427 5416
f 5417 5411 5418
f 5417 5410 5411
f 5419 5418 5413
f 5419 5417 5418
f 5419 5413 5412
f 5420 5429 5430
f 5420 5382 5410
f 5420 5430 5382
f 5420 5410 5417
f 5421 5412 5416
f 5421 5427 5429
f 5421 5417 5419
f 5421 5429 5420
f 5421 5419 5412
f 5421 5420 5417
f 5421 5416 5427
f 5422 5423 5424
f 5422 5424 5425
f 5373 5425 5426
f 5373 5426 5371
f 5427 5415 5428
f 5429 5427 5428
f 5430 5429 5377
f 5378 5430 5377
f 5431 5432 5422
f 5431 5422 5425
f 5433 5373 5375
f 5433 5432 5431
f 5433 5425 5373
f 5433 5375 5432
f 5433 5431 5425
f 5434 5428 5432
f 5434 5429 5428
f 5435 5375 5377
f 5435 5434 5432
f 5435 5429 5434
f 5435 5432 5375
f 5435 5377 5429
f 5436 5437 5438
f 5346 5439 5341
f 5440 5441 5442
f 5443 5444 5352
f 5445 5438 5446
f 5445 5436 5438
f 5447 5446 5439
f 5447 5346 5352
f 5447 5439 5346
f 5447 5445 5446
f 5448 5449 5440
f 5448 5442 5436
f 5448 5440 5442
f 5448 5436 5445
f 5450 5444 5449
f 5450 5445 5447
f 5450 5449 5448
f 5450 5447 5352
f 5450 5448 5445
f 5450 5352 5444
f 5451 5452 5453
f 5385 5454 5455
f 5473 5456 5457
f 5405 5458 5388
f 5459 5453 5460
f 5459 5451 5453
f 5461 5460 5454
f 5461 5459 5460
f 5461 5454 5385
f 5462 5471 5473
f 5462 5457 5451
f 5462 5473 5457
f 5462 5451 5459
f 5463 5385 5388
f 5463 5458 5471
f 5463 5459 5461
f 5463 5471 5462
f 5463 5461 5385
f 5463 5462 5459
f 5463 5388 5458
f 5464 5400 5465
f 5464 5465 5466
f 5467 5466 5468
f 5467 5468 5469
f 5467 5464 5466
f 5458 5405 5470
f 5471 5470 5472
f 5471 5458 5470
f 5473 5471 5472
f 5456 5473 5472
f 5474 5403 5464
f 5475 5467 5476
f 5475 5474 5464
f 5475 5403 5474
f 5475 5464 5467
f 5475 5476 5403
f 5477 5470 5403
f 5478 5476 5472
f 5478 5477 5403
f 5478 5470 5477
f 5478 5403 5476
f 5478 5472 5470
f 5479 5408 5480
f 5481 5482 5483
f 5484 5485 5486
f 5487 5488 5489
f 5490 5480 5491
f 5490 5479 5480
f 5492 5491 5482
f 5492 5482 5481
f 5492 5490 5491
f 5493 5494 5484
f 5493 5486 5479
f 5493 5484 5486
f 5493 5479 5490
f 5495 5488 5494
f 5495 5481 5489
f 5495 5490 5492
f 5495 5494 5493
f 5495 5492 5481
f 5495 5493 5490
f 5495 5489 5488
f 5496 5497 5498
f 5496 5498 5499
f 5500 5501 5502
f 5500 5502 5497
f 5503 5496 5504
f 5503 5497 5496
f 5503 5500 5497
f 5505 5504 5506
f 5505 5503 5504
f 5507 5508 5509
f 5510 5506 5508
f 5510 5505 5506
f 5511 5510 5508
f 5511 5508 5507
f 5512 5510 5511
f 5513 5510 5512
f 5514 5515 5516
f 5517 5518 5519
f 5517 5520 5518
f 5521 5519 5522
f 5521 5517 5519
f 5523 5524 5501
f 5525 5522 5524
f 5525 5521 5522
f 5526 5525 5524
f 5526 5524 5523
f 5527 5525 5526
f 5528 5525 5527
f 5529 5513 5518
f 5529 5520 5514
f 5529 5516 5530
f 5529 5530 5531
f 5529 5531 5513
f 5529 5514 5516
f 5529 5518 5520
f 5532 5533 5501
f 5532 5534 5535
f 5532 5501 5534
f 5536 5535 5537
f 5536 5532 5535
f 5538 5536 5537
f 5539 5537 5499
f 5539 5538 5537
f 5540 5541 5542
f 5540 5501 5541
f 5540 5533 5501
f 5543 5542 5544
f 5543 5540 5542
f 5545 5543 5544
f 5546 5544 5528
f 5546 5545 5544
f 5547 5548 5549
f 5550 5551 5552
f 5553 5547 5554
f 5555 5554 5556
f 5555 5553 5554
f 5557 5558 5539
f 5559 5555 5556
f 5560 5556 5558
f 5560 5558 5557
f 5560 5559 5556
f 5561 5559 5560
f 5533 5559 5561
f 5562 5553 5550
f 5562 5552 5563
f 5562 5563 5548
f 5562 5548 5547
f 5562 5550 5552
f 5562 5547 5553
f 5564 5546 5565
f 5566 5567 5568
f 5566 5569 5567
f 5570 5568 5571
f 5570 5566 5568
f 5572 5571 5573
f 5572 5570 5571
f 5574 5573 5551
f 5575 5572 5573
f 5575 5573 5574
f 5576 5572 5575
f 5577 5572 5576
f 5578 5569 5564
f 5578 5565 5579
f 5578 5579 5580
f 5578 5580 5533
f 5578 5533 5567
f 5578 5564 5565
f 5578 5567 5569
f 5581 5582 5583
f 5584 5583 5582
f 5585 5586 5582
f 5585 5582 5581
f 5587 5584 5582
f 5588 5586 5585
f 5589 5587 5582
f 5688 5586 5588
f 5590 5589 5582
f 5687 5591 5586
f 5687 5586 5688
f 5592 5591 5687
f 5593 5591 5592
f 5594 5590 5582
f 5595 5590 5594
f 5596 5593 5597
f 5596 5597 5598
f 5596 5598 5599
f 5596 5599 5600
f 5596 5591 5593
f 5601 5596 5600
f 5602 5596 5601
f 5603 5595 5594
f 5604 5603 5594
f 5605 5602 5606
f 5605 5596 5602
f 5607 5603 5604
f 5608 5605 5606
f 5609 5608 5610
f 5609 5605 5608
f 5611 5612 5613
f 5611 5613 5614
f 5615 5614 5616
f 5615 5611 5614
f 5617 5616 5618
f 5617 5615 5616
f 5619 5612 5613
f 5619 5613 5620
f 5621 5620 5622
f 5621 5619 5620
f 5623 5622 5624
f 5623 5621 5622
f 5625 5624 5626
f 5625 5623 5624
f 5627 5626 5628
f 5627 5625 5626
f 5629 5628 5630
f 5629 5627 5628
f 5631 5630 5632
f 5631 5629 5630
f 5633 5632 5634
f 5633 5631 5632
f 5708 5733 5635
f 5708 5635 5636
f 5637 5708 5636
f 5637 5638 5639
f 5637 5636 5638
f 5637 5639 5640
f 5641 5642 5708
f 5641 5708 5637
f 5643 5640 5644
f 5643 5644 5645
f 5643 5637 5640
f 5646 5647 5642
f 5646 5641 5637
f 5646 5643 5645
f 5646 5637 5643
f 5646 5642 5641
f 5648 5645 5649
f 5648 5649 5675
f 5648 5647 5646
f 5648 5646 5645
f 5650 5675 5651
f 5650 5651 5652
f 5650 5652 5653
f 5650 5653 5647
f 5650 5648 5675
f 5650 5647 5648
f 5654 5655 5656
f 5657 5656 5658
f 5657 5658 5659
f 5657 5659 5660
f 5661 5662 5663
f 5661 5663 5654
f 5661 5656 5657
f 5661 5654 5656
f 5661 5657 5662
f 5664 5660 5665
f 5666 5667 5662
f 5666 5668 5667
f 5666 5660 5664
f 5666 5657 5660
f 5666 5662 5657
f 5669 5665 5635
f 5669 5635 5733
f 5669 5664 5665
f 5670 5671 5668
f 5670 5733 5671
f 5670 5664 5669
f 5670 5669 5733
f 5670 5666 5664
f 5670 5668 5666
f 5672 5673 5674
f 5672 5674 5675
f 5676 5602 5677
f 5676 5677 5673
f 5676 5673 5672
f 5678 5676 5672
f 5679 5672 5680
f 5679 5678 5672
f 5681 5680 5682
f 5681 5679 5680
f 5683 5682 5684
f 5683 5684 5685
f 5683 5681 5682
f 5692 5685 5636
f 5690 5683 5685
f 5690 5685 5692
f 5686 5683 5690
f 5687 5683 5686
f 5686 5687 5688
f 5686 5688 5689
f 5690 5689 5691
f 5690 5686 5689
f 5692 5691 5693
f 5692 5690 5691
f 5636 5693 5635
f 5636 5692 5693
f 5694 5688 5689
f 5695 5696 5697
f 5695 5698 5696
f 5699 5697 5700
f 5699 5695 5697
f 5701 5700 5702
f 5701 5699 5700
f 5703 5702 5656
f 5704 5701 5702
f 5704 5702 5703
f 5705 5701 5704
f 5590 5701 5705
f 5706 5698 5694
f 5706 5689 5691
f 5706 5691 5693
f 5706 5693 5635
f 5706 5635 5696
f 5706 5694 5689
f 5706 5696 5698
f 5707 5732 5708
f 5709 5710 5737
f 5709 5737 5711
f 5712 5713 5651
f 5714 5715 5716
f 5717 5718 5709
f 5717 5711 5719
f 5717 5719 5732
f 5717 5732 5707
f 5717 5709 5711
f 5720 5717 5707
f 5720 5718 5717
f 5721 5722 5718
f 5721 5707 5723
f 5721 5720 5707
f 5721 5718 5720
f 5724 5722 5721
f 5724 5721 5723
f 5725 5726 5722
f 5725 5723 5727
f 5725 5722 5724
f 5725 5724 5723
f 5728 5715 5726
f 5728 5725 5727
f 5728 5726 5725
f 5729 5715 5728
f 5729 5728 5727
f 5730 5712 5731
f 5730 5731 5716
f 5730 5727 5713
f 5730 5715 5729
f 5730 5729 5727
f 5730 5713 5712
f 5730 5716 5715
f 5732 5708 5733
f 5732 5733 5734
f 5719 5734 5735
f 5719 5732 5734
f 5711 5735 5736
f 5711 5719 5735
f 5737 5736 5738
f 5737 5711 5736
f 5710 5738 5743
f 5710 5737 5738
f 5739 5740 5741
f 5734 5742 5733
f 5735 5742 5734
f 5743 5744 5738
f 5745 5746 5739
f 5745 5741 5747
f 5745 5747 5748
f 5745 5748 5655
f 5745 5655 5749
f 5745 5739 5741
f 5750 5746 5745
f 5750 5745 5749
f 5751 5752 5746
f 5751 5749 5753
f 5751 5746 5750
f 5751 5750 5749
f 5754 5751 5753
f 5754 5752 5751
f 5755 5756 5752
f 5755 5753 5757
f 5755 5752 5754
f 5755 5754 5753
f 5758 5756 5755
f 5758 5755 5757
f 5759 5744 5756
f 5759 5757 5760
f 5759 5756 5758
f 5759 5758 5757
f 5761 5759 5760
f 5761 5744 5759
f 5762 5735 5736
f 5762 5736 5738
f 5762 5760 5742
f 5762 5761 5760
f 5762 5744 5761
f 5762 5742 5735
f 5762 5738 5744
f 5763 5764 5765
f 5877 5763 5765
f 5766 5763 5877
f 5767 5766 5877
f 5764 5765 5768
f 5769 5768 5770
f 5769 5764 5768
f 5771 5770 5772
f 5771 5769 5770
f 5773 5774 5884
f 5773 5772 5774
f 5773 5771 5772
f 5775 5884 5776
f 5775 5773 5884
f 5777 5776 5778
f 5777 5775 5776
f 5779 5778 5780
f 5779 5777 5778
f 5781 5779 5780
f 5782 5780 5783
f 5782 5781 5780
f 5874 5784 5867
f 5874 5867 5785
f 5888 5785 5786
f 5888 5786 5787
f 5888 5787 5788
f 5888 5788 5789
f 5888 5874 5785
f 5790 5791 5792
f 5790 5792 5882
f 5793 5789 5794
f 5793 5888 5789
f 5795 5794 5796
f 5795 5796 5791
f 5795 5791 5790
f 5795 5793 5794
f 5797 5798 5799
f 5800 5801 5814
f 5802 5803 5804
f 5805 5806 5807
f 5808 5799 5815
f 5808 5797 5799
f 5809 5815 5801
f 5809 5808 5815
f 5809 5801 5800
f 5810 5804 5797
f 5810 5811 5802
f 5810 5797 5808
f 5810 5802 5804
f 5812 5800 5807
f 5812 5806 5811
f 5812 5808 5809
f 5812 5811 5810
f 5812 5810 5808
f 5812 5809 5800
f 5812 5807 5806
f 5813 5814 5801
f 5813 5801 5815
f 5816 5815 5799
f 5816 5799 5798
f 5816 5813 5815
f 5817 5813 5816
f 5818 5817 5816
f 5819 5820 5821
f 5819 5821 5822
f 5823 5820 5819
f 5824 5825 5826
f 5824 5826 5827
f 5824 5827 5828
f 5840 5839 5829
f 5830 5829 5825
f 5830 5840 5829
f 5842 5830 5825
f 5842 5825 5824
f 5831 5842 5824
f 5832 5821 5833
f 5832 5833 5817
f 5832 5817 5818
f 5832 5822 5821
f 5834 5818 5822
f 5834 5832 5818
f 5834 5822 5832
f 5835 5827 5836
f 5835 5836 5820
f 5835 5820 5823
f 5835 5828 5827
f 5837 5823 5828
f 5837 5828 5835
f 5837 5835 5823
f 5838 5839 5840
f 5841 5842 5831
f 5843 5844 5845
f 5846 5847 5848
f 5849 5840 5830
f 5849 5838 5840
f 5850 5830 5842
f 5850 5842 5841
f 5850 5849 5830
f 5851 5852 5843
f 5851 5845 5838
f 5851 5843 5845
f 5851 5838 5849
f 5853 5841 5848
f 5853 5847 5852
f 5853 5849 5850
f 5853 5850 5841
f 5853 5852 5851
f 5853 5851 5849
f 5853 5848 5847
f 5854 5784 5855
f 5854 5855 5856
f 5854 5856 5857
f 5854 5857 5858
f 5859 5858 5877
f 5859 5877 5860
f 5859 5860 5876
f 5859 5876 5875
f 5859 5875 5874
f 5859 5874 5784
f 5859 5784 5854
f 5859 5854 5858
f 5861 5862 5863
f 5861 5863 5864
f 5861 5864 5865
f 5861 5865 5866
f 5861 5866 5867
f 5861 5867 5786
f 5861 5786 5868
f 5861 5868 5869
f 5861 5869 5870
f 5861 5870 5871
f 5861 5871 5872
f 5861 5872 5862
f 5873 5874 5875
f 5873 5875 5876
f 5873 5876 5860
f 5873 5860 5877
f 5873 5877 5765
f 5873 5888 5874
f 5878 5765 5890
f 5878 5890 5879
f 5878 5879 5886
f 5878 5886 5888
f 5878 5888 5873
f 5878 5873 5765
f 5880 5881 5882
f 5883 5884 5885
f 5886 5887 5888
f 5765 5889 5890
f 5891 5885 5892
f 5891 5892 5881
f 5891 5893 5883
f 5891 5881 5880
f 5891 5883 5885
f 5894 5880 5895
f 5894 5889 5893
f 5894 5893 5891
f 5894 5891 5880
f 5896 5895 5887
f 5896 5886 5879
f 5896 5879 5890
f 5896 5889 5894
f 5896 5887 5886
f 5896 5894 5895
f 5896 5890 5889
f 5938 5897 5898
f 5899 5900 5901
f 5899 5901 5897
f 5899 5897 5938
f 5902 5903 5900
f 5902 5900 5899
f 5904 5905 5903
f 5904 5903 5902
f 5906 5907 5905
f 5906 5905 5904
f 5908 5909 5907
f 5908 5907 5906
f 5910 5911 5909
f 5910 5909 5908
f 5912 5913 5911
f 5912 5911 5910
f 5914 5913 5912
f 5915 5916 5913
f 5915 5913 5914
f 5917 5916 5915
f 5917 5918 5919
f 5920 5921 5922
f 5920 5922 5918
f 5920 5918 5917
f 5923 5924 5921
f 5923 5921 5920
f 5925 5926 5924
f 5925 5924 5923
f 5927 5928 5926
f 5927 5926 5925
f 5929 5930 5928
f 5929 5928 5927
f 5931 5932 5930
f 5931 5930 5929
f 5933 5934 5932
f 5933 5932 5931
f 5935 5934 5933
f 5936 5937 5934
f 5936 5934 5935
f 5938 5937 5936
f 5939 5940 5941
f 5942 5941 5943
f 5942 5939 5941
f 5944 5943 5945
f 5944 5942 5943
f 5946 5944 5945
f 5947 5948 5949
f 5947 5945 5948
f 5947 5946 5945
f 5950 5947 5949
f 5951 5952 5953
f 5951 5949 5952
f 5951 5950 5949
f 5954 5953 5955
f 5954 5951 5953
f 5956 5954 5955
f 5957 5983 5958
f 5957 5958 5959
f 5960 5959 5961
f 5960 5957 5959
f 5962 5963 5964
f 5962 5961 5963
f 5962 5960 5961
f 5965 5962 5964
f 5966 5967 5968
f 5966 5964 5967
f 5966 5965 5964
f 5969 5968 5970
f 5969 5966 5968
f 5971 5969 5970
f 5972 5970 5973
f 5972 5971 5970
f 5974 5975 5976
f 5977 5974 5976
f 5978 5974 5977
f 5979 5974 5978
f 5980 5979 5978
f 5981 5982 5983
f 5981 5983 5979
f 5981 5979 5980
f 5984 5985 5982
f 5984 5982 5981
f 5986 5987 5988
f 5986 5988 5989
f 5990 5987 5986
f 5991 5990 5986
f 5992 5993 5994
f 5995 5992 5994
f 5996 5972 5992
f 5996 5992 5995
f 5997 5996 5995
f 5998 5997 5995
f 5999 5998 5995
f 6000 5988 6001
f 6000 6001 5985
f 6000 5985 5984
f 6000 5989 5988
f 6002 5984 5989
f 6002 6000 5984
f 6002 5989 6000
f 6003 5993 5990
f 6003 5990 5991
f 6004 5991 5994
f 6004 6003 5991
f 6004 5994 5993
f 6004 5993 6003
f 6005 6006 6007
f 6008 6005 6007
f 6009 6005 6008
f 6010 6009 6008
f 6011 6009 6010
f 6012 6011 6010
f 6013 6011 6012
f 6014 6013 6012
f 6015 6013 6014
f 6016 6015 6014
f 6017 6015 6016
f 6018 6017 6016
f 6019 6017 6018
f 6020 6019 6018
f 6021 6022 6019
f 6021 6019 6020
f 6023 6024 6022
f 6023 6022 6021
f 6025 6026 6024
f 6025 6024 6023
f 6027 6026 6025
f 6028 6026 6027
f 6094 6028 6027
f 6029 6028 6094
f 6030 6031 6032
f 6033 6034 6035
f 6033 6032 6034
f 6033 6030 6032
f 6036 6033 6035
f 6037 6035 6038
f 6037 6038 6039
f 6037 6040 6036
f 6037 6036 6035
f 6041 6039 6042
f 6041 6043 6044
f 6041 6044 6040
f 6041 6040 6037
f 6041 6037 6039
f 6045 6042 6046
f 6045 6043 6041
f 6045 6041 6042
f 6047 6043 6045
f 6047 6048 6043
f 6049 6046 6050
f 6049 6045 6046
f 6051 6052 6053
f 6051 6050 6052
f 6051 6049 6050
f 6054 6045 6049
f 6054 6048 6047
f 6054 6047 6045
f 6054 6055 6048
f 6056 6054 6049
f 6056 6049 6051
f 6057 6058 6055
f 6057 6055 6054
f 6059 6051 6053
f 6059 6053 6060
f 6059 6056 6051
f 6061 6062 6007
f 6061 6007 6063
f 6061 6063 6064
f 6061 6064 6065
f 6061 6065 6066
f 6067 6054 6056
f 6067 6058 6057
f 6067 6057 6054
f 6068 6056 6059
f 6069 6070 6071
f 6069 6060 6070
f 6069 6059 6060
f 6072 6073 6074
f 6075 6076 6058
f 6077 6078 6061
f 6077 6061 6066
f 6077 6012 6078
f 6077 6066 6079
f 6080 6061 6078
f 6080 6062 6061
f 6080 6078 6081
f 6080 6081 6062
f 6082 6083 6084
f 6082 6084 6085
f 6082 6085 6012
f 6082 6079 6086
f 6082 6077 6079
f 6082 6012 6077
f 6087 6059 6069
f 6087 6069 6071
f 6087 6068 6059
f 6088 6058 6067
f 6088 6075 6058
f 6089 6067 6056
f 6089 6056 6068
f 6090 6091 6092
f 6090 6092 6018
f 6090 6074 6076
f 6090 6072 6074
f 6090 6075 6088
f 6090 6076 6075
f 6090 6018 6072
f 6093 6071 6094
f 6093 6068 6087
f 6093 6087 6071
f 6093 6089 6068
f 6095 6096 6091
f 6095 6091 6090
f 6095 6090 6088
f 6097 6018 6098
f 6097 6098 6083
f 6097 6083 6082
f 6097 6086 6073
f 6097 6082 6086
f 6097 6073 6072
f 6097 6072 6018
f 6099 6088 6067
f 6099 6067 6089
f 6099 6089 6093
f 6100 6099 6093
f 6100 6093 6094
f 6101 6088 6099
f 6101 6095 6088
f 6102 6100 6094
f 6102 6099 6100
f 6102 6101 6099
f 6103 6104 6105
f 6103 6105 6106
f 6103 6106 6023
f 6103 6023 6096
f 6103 6095 6101
f 6103 6096 6095
f 6107 6102 6094
f 6107 6094 6108
f 6107 6108 6104
f 6107 6104 6103
f 6107 6101 6102
f 6107 6103 6101
f 6109 6110 6111
f 6112 6113 6114
f 6112 6114 6110
f 6112 6110 6109
f 6115 6116 6117
f 6115 6117 6113
f 6115 6113 6112
f 6118 6119 6116
f 6118 6116 6115
f 6120 6121 6119
f 6120 6119 6118
f 6122 6123 6121
f 6122 6121 6120
f 6124 6125 6126
f 6124 6126 6123
f 6124 6123 6122
f 6127 6125 6124
f 6128 6129 6125
f 6128 6125 6127
f 6130 6131 6129
f 6130 6129 6128
f 6132 6131 6130
f 6133 6134 6135
f 6133 6135 6136
f 6137 6136 6138
f 6137 6138 6139
f 6137 6133 6136
f 6140 6133 6137
f 6141 6140 6137
f 6142 6143 6185
f 6142 6185 6144
f 6145 6143 6142
f 6146 6145 6142
f 6147 6148 6181
f 6147 6181 6149
f 6150 6179 6148
f 6151 6148 6147
f 6151 6150 6148
f 6152 6151 6147
f 6153 6152 6147
f 6154 6185 6140
f 6155 6141 6144
f 6155 6140 6141
f 6155 6185 6154
f 6155 6144 6185
f 6155 6154 6140
f 6156 6181 6145
f 6157 6146 6149
f 6157 6156 6145
f 6157 6149 6181
f 6157 6145 6146
f 6157 6181 6156
f 6158 6159 6160
f 6161 6160 6162
f 6161 6158 6160
f 6163 6162 6164
f 6163 6161 6162
f 6165 6164 6166
f 6165 6163 6164
f 6167 6166 6168
f 6167 6165 6166
f 6169 6168 6170
f 6169 6167 6168
f 6171 6170 6172
f 6171 6169 6170
f 6173 6172 6174
f 6173 6171 6172
f 6175 6174 6176
f 6175 6173 6174
f 6177 6178 6179
f 6177 6179 6148
f 6180 6148 6181
f 6180 6177 6148
f 6182 6145 6143
f 6182 6181 6145
f 6182 6180 6181
f 6183 6182 6143
f 6184 6185 6140
f 6184 6143 6185
f 6184 6183 6143
f 6186 6140 6133
f 6186 6184 6140
f 6187 6186 6133
f 6188 6133 6134
f 6188 6187 6133
f 6243 6189 6190
f 6243 6250 6189
f 6191 6243 6190
f 6231 6190 6192
f 6231 6191 6190
f 6224 6231 6192
f 6193 6256 6262
f 6193 6262 6305
f 6193 6305 6194
f 6193 6194 6195
f 6193 6195 6196
f 6197 6250 6256
f 6197 6196 6198
f 6197 6198 6199
f 6197 6199 6189
f 6197 6256 6193
f 6197 6189 6250
f 6197 6193 6196
f 6200 6201 6202
f 6200 6192 6201
f 6200 6202 6203
f 6200 6224 6192
f 6204 6203 6205
f 6204 6205 6206
f 6204 6206 6207
f 6204 6207 6236
f 6204 6208 6224
f 6204 6236 6208
f 6204 6224 6200
f 6204 6200 6203
f 6209 6210 6211
f 6209 6211 6212
f 6213 6212 6214
f 6213 6209 6212
f 6215 6214 6270
f 6215 6213 6214
f 6216 6270 6217
f 6216 6215 6270
f 6218 6217 6219
f 6218 6216 6217
f 6220 6219 6249
f 6220 6218 6219
f 6221 6249 6242
f 6221 6220 6249
f 6222 6242 6223
f 6222 6221 6242
f 6224 6225 6275
f 6224 6275 6226
f 6227 6228 6225
f 6227 6225 6224
f 6229 6226 6230
f 6229 6224 6226
f 6231 6230 6232
f 6231 6229 6230
f 6208 6233 6228
f 6208 6228 6227
f 6234 6223 6233
f 6234 6233 6208
f 6235 6232 6278
f 6235 6231 6232
f 6236 6223 6234
f 6191 6235 6278
f 6237 6223 6236
f 6237 6238 6223
f 6239 6191 6278
f 6239 6278 6240
f 6241 6238 6237
f 6241 6242 6238
f 6243 6239 6240
f 6243 6240 6280
f 6244 6245 6242
f 6244 6242 6241
f 6246 6280 6247
f 6246 6243 6280
f 6248 6245 6244
f 6248 6249 6245
f 6250 6247 6251
f 6250 6246 6247
f 6252 6250 6251
f 6252 6253 6250
f 6254 6249 6248
f 6254 6248 6255
f 6219 6255 6285
f 6219 6254 6255
f 6283 6253 6252
f 6283 6256 6253
f 6257 6258 6256
f 6257 6256 6283
f 6259 6285 6260
f 6259 6219 6285
f 6211 6258 6257
f 6211 6261 6262
f 6211 6262 6258
f 6217 6260 6263
f 6217 6263 6264
f 6217 6259 6260
f 6265 6266 6261
f 6265 6261 6211
f 6267 6264 6268
f 6267 6217 6264
f 6212 6269 6266
f 6212 6266 6265
f 6270 6268 6271
f 6270 6267 6268
f 6272 6289 6269
f 6272 6269 6212
f 6273 6271 6289
f 6273 6270 6271
f 6214 6273 6289
f 6214 6289 6272
f 6228 6222 6223
f 6274 6222 6228
f 6275 6274 6228
f 6276 6274 6275
f 6230 6276 6275
f 6277 6276 6230
f 6278 6277 6230
f 6279 6277 6278
f 6280 6279 6278
f 6281 6279 6280
f 6251 6281 6280
f 6282 6281 6251
f 6283 6282 6251
f 6284 6282 6283
f 6210 6283 6211
f 6210 6284 6283
f 6285 6286 6287
f 6285 6248 6286
f 6263 6285 6287
f 6268 6287 6288
f 6268 6263 6287
f 6289 6268 6288
f 6290 6291 6292
f 6290 6292 6293
f 6294 6236 6207
f 6294 6207 6291
f 6294 6241 6236
f 6294 6291 6290
f 6294 6290 6293
f 6295 6293 6296
f 6295 6297 6286
f 6295 6296 6297
f 6295 6248 6241
f 6295 6286 6248
f 6295 6294 6293
f 6295 6241 6294
f 6298 6288 6299
f 6298 6299 6300
f 6298 6300 6301
f 6298 6289 6288
f 6302 6301 6303
f 6302 6303 6304
f 6302 6304 6305
f 6302 6305 6262
f 6302 6266 6289
f 6302 6262 6266
f 6302 6298 6301
f 6302 6289 6298
f 6306 6307 6308
f 6309 6310 6311
f 6309 6311 6307
f 6309 6307 6306
f 6306 6309 6312
f 6306 6312 6313
f 6308 6306 6313
f 6308 6313 6314
f 6307 6308 6314
f 6307 6314 6315
f 6316 6311 6307
f 6316 6307 6315
f 6310 6311 6316
f 6310 6316 6317
f 6309 6310 6317
f 6309 6317 6312
f 6388 6318 6319
f 6320 6321 6318
f 6320 6318 6388
f 6322 6323 6321
f 6322 6321 6320
f 6324 6325 6323
f 6324 6323 6322
f 6326 6327 6325
f 6326 6325 6324
f 6328 6329 6327
f 6328 6327 6326
f 6330 6331 6329
f 6330 6329 6328
f 6332 6333 6331
f 6332 6331 6330
f 6334 6335 6333
f 6334 6333 6332
f 6336 6335 6334
f 6315 6387 6337
f 6315 6337 6338
f 6315 6338 6339
f 6315 6339 6340
f 6315 6340 6341
f 6314 6341 6342
f 6314 6342 6343
f 6314 6343 6344
f 6314 6344 6345
f 6314 6315 6341
f 6346 6314 6345
f 6347 6314 6346
f 6316 6348 6349
f 6316 6349 6350
f 6316 6350 6387
f 6316 6387 6315
f 6351 6348 6316
f 6313 6347 6352
f 6313 6314 6347
f 6353 6313 6352
f 6354 6351 6316
f 6355 6313 6353
f 6317 6356 6354
f 6317 6354 6316
f 6357 6313 6355
f 6358 6356 6317
f 6368 6312 6313
f 6368 6313 6357
f 6359 6358 6317
f 6360 6312 6368
f 6361 6359 6317
f 6362 6312 6360
f 6363 6361 6317
f 6364 6312 6362
f 6365 6363 6317
f 6365 6317 6312
f 6366 6365 6312
f 6366 6312 6364
f 6336 6367 6368
f 6369 6370 6371
f 6369 6371 6367
f 6369 6367 6336
f 6372 6373 6370
f 6372 6370 6369
f 6374 6375 6376
f 6374 6376 6373
f 6374 6373 6372
f 6377 6378 6379
f 6377 6379 6375
f 6377 6375 6374
f 6380 6381 6378
f 6380 6378 6377
f 6382 6383 6381
f 6382 6381 6380
f 6384 6385 6383
f 6384 6383 6382
f 6386 6387 6385
f 6386 6385 6384
f 6388 6387 6386
f 6389 6390 6391
f 6389 6391 6392
f 6389 6392 6393
f 6394 6395 6389
f 6394 6389 6393
f 6396 6397 6398
f 6396 6398 6395
f 6396 6395 6394
f 6399 6400 6401
f 6399 6401 6402
f 6399 6402 6403
f 6404 6400 6399
f 6405 6406 6407
f 6405 6407 6404
f 6405 6404 6399
f 6408 6406 6405
f 6409 6410 6408
f 6409 6408 6405
f 6411 6410 6409
f 6412 6411 6409
f 6413 6411 6412
f 6414 6413 6412
f 6415 6402 6416
f 6415 6416 6397
f 6415 6397 6396
f 6415 6403 6402
f 6417 6396 6403
f 6417 6403 6415
f 6417 6415 6396
f 6418 6419 6420
f 6418 6420 6421
f 6422 6421 6423
f 6422 6418 6421
f 6424 6425 6419
f 6424 6419 6418
f 6426 6422 6423
f 6426 6423 6427
f 6428 6425 6424
f 6428 6429 6425
f 6430 6429 6428
f 6430 6431 6432
f 6430 6432 6429
f 6433 6427 6434
f 6433 6426 6427
f 6435 6433 6434
f 6435 6434 6436
f 6493 6431 6430
f 6493 6437 6431
f 6438 6439 6437
f 6438 6437 6493
f 6440 6435 6436
f 6440 6436 6441
f 6442 6440 6441
f 6442 6441 6443
f 6494 6444 6439
f 6494 6439 6438
f 6445 6442 6443
f 6446 6444 6494
f 6447 6444 6446
f 6448 6445 6443
f 6449 6445 6448
f 6450 6447 6446
f 6451 6449 6448
f 6451 6452 6449
f 6453 6447 6450
f 6453 6450 6454
f 6455 6453 6454
f 6455 6454 6456
f 6457 6452 6451
f 6457 6458 6459
f 6457 6459 6452
f 6460 6458 6457
f 6461 6455 6456
f 6461 6456 6462
f 6461 6462 6463
f 6464 6463 6465
f 6464 6461 6463
f 6466 6460 6457
f 6466 6467 6468
f 6466 6468 6469
f 6466 6469 6470
f 6466 6470 6460
f 6471 6464 6465
f 6472 6499 6473
f 6472 6473 6467
f 6472 6467 6466
f 6474 6499 6472
f 6475 6471 6465
f 6475 6465 6499
f 6475 6499 6474
f 6476 6477 6478
f 6476 6478 6471
f 6476 6471 6475
f 6479 6480 6481
f 6479 6481 6482
f 6479 6482 6477
f 6479 6477 6476
f 6483 6484 6485
f 6483 6485 6486
f 6483 6486 6487
f 6483 6487 6488
f 6483 6488 6489
f 6483 6489 6490
f 6483 6490 6480
f 6483 6480 6479
f 6491 6492 6493
f 6491 6493 6494
f 6495 6494 6450
f 6495 6491 6494
f 6496 6456 6463
f 6496 6450 6456
f 6496 6495 6450
f 6497 6496 6463
f 6498 6463 6499
f 6498 6497 6463
f 6500 6499 6467
f 6500 6498 6499
f 6501 6469 6460
f 6501 6467 6469
f 6501 6500 6467
f 6502 6501 6460
f 6503 6504 6505
f 6503 6506 6504
f 6507 6508 6509
f 6694 6507 6509
f 6510 6511 6512
f 6510 6513 6514
f 6510 6515 6513
f 6510 6512 6515
f 6516 6511 6510
f 6517 6514 6518
f 6517 6510 6514
f 6519 6517 6518
f 6519 6518 6520
f 6519 6520 6521
f 6522 6517 6519
f 6522 6516 6510
f 6522 6510 6517
f 6523 6511 6516
f 6523 6524 6511
f 6523 6516 6522
f 6525 6522 6519
f 6526 6521 6527
f 6526 6519 6521
f 6528 6523 6522
f 6529 6519 6526
f 6529 6525 6519
f 6530 6527 6531
f 6530 6526 6527
f 6532 6524 6523
f 6533 6528 6522
f 6533 6522 6525
f 6534 6535 6536
f 6534 6529 6526
f 6534 6526 6530
f 6534 6536 6529
f 6537 6524 6532
f 6537 6538 6539
f 6537 6539 6524
f 6540 6531 6541
f 6540 6530 6531
f 6542 6532 6523
f 6542 6523 6528
f 6543 6536 6544
f 6543 6544 6545
f 6543 6525 6529
f 6543 6533 6525
f 6543 6529 6536
f 6546 6542 6528
f 6546 6533 6543
f 6546 6528 6533
f 6547 6548 6535
f 6547 6534 6530
f 6547 6540 6548
f 6547 6535 6534
f 6547 6530 6540
f 6549 6541 6506
f 6549 6550 6551
f 6549 6503 6550
f 6549 6551 6548
f 6549 6540 6541
f 6549 6548 6540
f 6549 6506 6503
f 6552 6553 6537
f 6552 6542 6546
f 6552 6554 6555
f 6552 6555 6678
f 6552 6678 6553
f 6552 6537 6532
f 6552 6532 6542
f 6556 6552 6546
f 6556 6557 6558
f 6556 6558 6554
f 6556 6554 6552
f 6559 6537 6553
f 6559 6553 6560
f 6559 6560 6538
f 6559 6538 6537
f 6561 6543 6545
f 6561 6546 6543
f 6562 6556 6546
f 6562 6563 6564
f 6562 6564 6557
f 6562 6546 6561
f 6562 6557 6556
f 6565 6545 6566
f 6565 6561 6545
f 6567 6563 6562
f 6567 6568 6569
f 6567 6569 6563
f 6567 6562 6561
f 6567 6561 6565
f 6570 6565 6566
f 6570 6566 6571
f 6572 6565 6570
f 6572 6568 6567
f 6572 6573 6688
f 6572 6688 6568
f 6572 6567 6565
f 6572 6570 6571
f 6574 6572 6571
f 6574 6571 6575
f 6574 6576 6509
f 6574 6575 6576
f 6574 6508 6577
f 6574 6577 6573
f 6574 6509 6508
f 6574 6573 6572
f 6578 6579 6580
f 6581 6580 6582
f 6581 6578 6580
f 6583 6581 6582
f 6584 6582 6585
f 6584 6583 6582
f 6586 6585 6587
f 6586 6584 6585
f 6588 6586 6587
f 6589 6590 6591
f 6592 6589 6591
f 6592 6591 6593
f 6594 6595 6596
f 6594 6593 6595
f 6594 6592 6593
f 6597 6596 6598
f 6597 6594 6596
f 6599 6597 6598
f 6599 6598 6600
f 6601 6602 6579
f 6601 6603 6602
f 6601 6578 6604
f 6601 6605 6606
f 6601 6604 6605
f 6601 6606 6607
f 6601 6579 6578
f 6608 6609 6668
f 6608 6589 6609
f 6608 6603 6601
f 6608 6668 6603
f 6608 6590 6589
f 6608 6607 6610
f 6608 6610 6611
f 6608 6612 6613
f 6608 6611 6612
f 6608 6613 6590
f 6608 6601 6607
f 6614 6615 6616
f 6614 6587 6615
f 6614 6617 6618
f 6614 6619 6620
f 6614 6618 6619
f 6614 6620 6588
f 6614 6588 6587
f 6621 6616 6622
f 6621 6623 6599
f 6621 6622 6623
f 6621 6624 6625
f 6621 6600 6624
f 6621 6614 6616
f 6621 6625 6626
f 6621 6626 6617
f 6621 6617 6614
f 6621 6599 6600
f 6627 6628 6629
f 6627 6630 6628
f 6693 6629 6631
f 6693 6627 6629
f 6632 6693 6631
f 6633 6631 6634
f 6633 6632 6631
f 6635 6634 6636
f 6635 6633 6634
f 6637 6638 6639
f 6640 6639 6641
f 6640 6637 6639
f 6642 6640 6641
f 6642 6643 6644
f 6642 6641 6643
f 6645 6642 6644
f 6645 6644 6646
f 6647 6646 6648
f 6647 6645 6646
f 6649 6650 6628
f 6649 6616 6650
f 6649 6630 6651
f 6649 6652 6653
f 6649 6651 6652
f 6649 6653 6654
f 6649 6628 6630
f 6655 6656 6622
f 6655 6637 6656
f 6655 6616 6649
f 6655 6622 6616
f 6655 6654 6657
f 6655 6657 6658
f 6655 6659 6638
f 6655 6658 6659
f 6655 6638 6637
f 6655 6649 6654
f 6660 6661 6603
f 6660 6636 6661
f 6660 6662 6663
f 6660 6664 6665
f 6660 6663 6664
f 6660 6665 6635
f 6660 6635 6636
f 6666 6667 6647
f 6666 6668 6667
f 6666 6603 6668
f 6666 6648 6669
f 6666 6670 6671
f 6666 6669 6670
f 6666 6660 6603
f 6666 6671 6672
f 6666 6672 6662
f 6666 6647 6648
f 6666 6662 6660
f 6673 6644 6539
f 6674 6673 6539
f 6675 6673 6674
f 6676 6675 6674
f 6677 6675 6676
f 6678 6677 6676
f 6679 6677 6678
f 6680 6679 6678
f 6681 6679 6680
f 6682 6681 6680
f 6683 6681 6682
f 6564 6683 6682
f 6684 6683 6564
f 6685 6684 6564
f 6686 6687 6684
f 6686 6684 6685
f 6688 6689 6687
f 6688 6687 6686
f 6690 6691 6689
f 6690 6689 6688
f 6692 6691 6690
f 6693 6691 6692
f 6694 6693 6692
f 6695 6693 6694
f 6696 6697 6698
f 6699 6698 6700
f 6701 6702 6696
f 6703 6698 6699
f 6704 6701 6696
f 6705 6703 6706
f 6705 6706 6707
f 6705 6698 6703
f 6708 6709 6710
f 6708 6710 6704
f 6708 6704 6696
f 6711 6705 6712
f 6711 6696 6698
f 6711 6698 6705
f 6713 6714 6708
f 6715 6711 6716
f 6717 6718 6713
f 6747 6711 6715
f 6719 6717 6713
f 6720 6747 6721
f 6720 6721 6722
f 6720 6711 6747
f 6723 6724 6725
f 6723 6725 6719
f 6723 6708 6696
f 6723 6711 6720
f 6723 6713 6708
f 6723 6696 6711
f 6723 6719 6713
f 6726 6723 6720
f 6727 6728 6704
f 6729 6730 6731
f 6729 6731 6728
f 6729 6728 6727
f 6732 6733 6730
f 6732 6730 6729
f 6734 6735 6736
f 6734 6736 6733
f 6734 6733 6732
f 6737 6738 6739
f 6737 6739 6735
f 6737 6735 6734
f 6740 6741 6738
f 6740 6738 6737
f 6742 6743 6741
f 6742 6741 6740
f 6744 6745 6743
f 6744 6743 6742
f 6746 6747 6745
f 6746 6745 6744
f 6748 6747 6746
f 6749 6750 6751
f 6752 6753 6750
f 6754 6749 6755
f 6756 6750 6749
f 6756 6752 6750
f 6757 6756 6749
f 6758 6759 6757
f 6758 6757 6749
f 6760 6761 6762
f 6760 6763 6761
f 6764 6765 6758
f 6766 6760 6767
f 6766 6754 6763
f 6766 6749 6754
f 6766 6763 6760
f 6768 6769 6764
f 6770 6766 6771
f 6772 6764 6758
f 6772 6768 6764
f 6773 6772 6758
f 6774 6770 6775
f 6774 6776 6773
f 6774 6749 6766
f 6774 6758 6749
f 6774 6766 6770
f 6774 6773 6758
f 6777 6775 6778
f 6777 6778 6779
f 6777 6774 6775
f 6780 6774 6777
f 6781 6782 6783
f 6781 6783 6784
f 6781 6784 6785
f 6786 6828 6781
f 6786 6781 6785
f 6787 6828 6786
f 6788 6787 6786
f 6789 6842 6787
f 6789 6787 6788
f 6790 6842 6789
f 6791 6856 6792
f 6793 6794 6856
f 6795 6865 6856
f 6795 6856 6794
f 6796 6865 6795
f 6797 6856 6791
f 6797 6793 6856
f 6798 6865 6796
f 6799 6865 6798
f 6800 6865 6799
f 6801 6800 6799
f 6871 6800 6801
f 6802 6871 6801
f 6803 6871 6802
f 6804 6792 6842
f 6805 6790 6806
f 6805 6806 6791
f 6805 6842 6790
f 6805 6791 6792
f 6805 6792 6804
f 6805 6804 6842
f 6807 6808 6809
f 6810 6811 6808
f 6810 6808 6807
f 6812 6809 6813
f 6812 6807 6809
f 6814 6815 6811
f 6814 6811 6810
f 6816 6813 6817
f 6816 6812 6813
f 6818 6819 6815
f 6818 6815 6814
f 6820 6817 6821
f 6820 6816 6817
f 6822 6819 6818
f 6822 6823 6819
f 6824 6820 6821
f 6824 6821 6825
f 6826 6827 6828
f 6829 6824 6825
f 6829 6825 6830
f 6831 6827 6826
f 6832 6829 6830
f 6832 6830 6833
f 6834 6827 6831
f 6834 6787 6827
f 6835 6832 6833
f 6835 6833 6836
f 6837 6787 6834
f 6837 6838 6787
f 6839 6835 6836
f 6839 6836 6840
f 6841 6838 6837
f 6842 6838 6841
f 6843 6842 6841
f 6844 6839 6840
f 6844 6845 6839
f 6846 6843 6847
f 6846 6842 6843
f 6848 6849 6845
f 6848 6845 6844
f 6792 6847 6850
f 6792 6846 6847
f 6851 6852 6849
f 6851 6849 6848
f 6853 6850 6854
f 6853 6792 6850
f 6855 6852 6851
f 6856 6854 6857
f 6856 6853 6854
f 6858 6859 6852
f 6858 6852 6855
f 6860 6859 6858
f 6861 6857 6862
f 6861 6856 6857
f 6863 6864 6859
f 6863 6859 6860
f 6803 6864 6863
f 6865 6862 6866
f 6865 6861 6862
f 6867 6868 6864
f 6867 6864 6803
f 6869 6866 6870
f 6869 6865 6866
f 6871 6872 6868
f 6871 6868 6867
f 6800 6869 6870
f 6800 6870 6872
f 6873 6872 6871
f 6873 6800 6872
f 6874 6875 6876
f 6877 6878 6875
f 6877 6875 6874
f 6879 6876 6880
f 6879 6880 6881
f 6879 6874 6876
f 6882 6879 6881
f 6882 6881 6883
f 6884 6878 6877
f 6884 6885 6878
f 6886 6882 6883
f 6886 6883 6887
f 6888 6889 6885
f 6888 6885 6884
f 6890 6891 6889
f 6890 6889 6888
f 6892 6887 6893
f 6892 6893 6894
f 6892 6894 6895
f 6892 6886 6887
f 6896 6895 6897
f 6896 6897 6898
f 6896 6892 6895
f 6899 6900 6891
f 6899 6891 6890
f 6901 6898 6902
f 6901 6896 6898
f 6903 6904 6900
f 6903 6900 6899
f 6905 6904 6903
f 6906 6902 6907
f 6906 6901 6902
f 6908 6904 6905
f 6909 6908 6905
f 6910 6906 6907
f 6910 6911 6906
f 6912 6908 6909
f 6912 6909 6913
f 6914 6911 6910
f 6914 6915 6911
f 6916 6913 6917
f 6916 6912 6913
f 6918 6915 6914
f 6918 6919 6915
f 6920 6917 6921
f 6920 6921 6922
f 6920 6916 6917
f 6923 6924 6919
f 6923 6919 6918
f 6925 6922 6926
f 6925 6920 6922
f 6927 6924 6923
f 6928 6925 6926
f 6929 6930 6924
f 6929 6924 6927
f 6931 6926 6932
f 6931 6928 6926
f 6933 6934 6930
f 6933 6930 6929
f 6935 6932 6936
f 6935 6936 6937
f 6935 6931 6932
f 6938 6939 6934
f 6938 6934 6933
f 6940 6935 6937
f 6940 6937 6941
f 6942 6940 6941
f 6942 6941 6939
f 6942 6939 6938
f 6943 6944 6945
f 6943 6945 6946
f 6947 6946 6969
f 6947 6943 6946
f 6948 6969 6949
f 6948 6947 6969
f 6950 6949 6951
f 6950 6948 6949
f 6952 6951 6953
f 6952 6950 6951
f 6954 6953 6978
f 6954 6952 6953
f 6955 6978 6956
f 6955 6954 6978
f 6957 6956 6958
f 6957 6955 6956
f 6959 6987 6960
f 6961 6989 6959
f 6962 6960 6985
f 6983 6960 6962
f 6945 6961 6959
f 6963 6983 6964
f 6963 6964 6965
f 6963 6960 6983
f 6966 6946 6967
f 6966 6967 6945
f 6966 6945 6959
f 6968 6969 6966
f 6970 6963 6980
f 6971 6970 6972
f 6973 6949 6968
f 6958 6970 6971
f 6951 6973 6968
f 6974 6958 6975
f 6974 6975 6956
f 6974 6970 6958
f 6976 6953 6977
f 6976 6977 6951
f 6976 6959 6960
f 6976 6968 6966
f 6976 6960 6963
f 6976 6966 6959
f 6976 6970 6974
f 6976 6963 6970
f 6976 6951 6968
f 6978 6976 6974
f 6972 6957 6958
f 6979 6957 6972
f 6980 6979 6972
f 6981 6979 6980
f 6965 6981 6980
f 6982 6981 6965
f 6983 6982 6965
f 6984 6982 6983
f 6985 6984 6983
f 6986 6984 6985
f 6987 6986 6985
f 6988 6986 6987
f 6989 6988 6987
f 6990 6988 6989
f 6945 6990 6989
f 6944 6990 6945
f 6991 6992 6993
f 6994 6993 6995
f 6994 6991 6993
f 6996 6997 6992
f 6996 6992 6991
f 6998 6995 6999
f 6998 6994 6995
f 7000 6997 6996
f 7001 6999 7002
f 7001 6998 6999
f 7003 6997 7000
f 7004 7001 7002
f 7004 7002 7005
f 7006 6997 7003
f 7007 6997 7006
f 7008 7004 7005
f 7008 7005 7009
f 7008 7009 7010
f 7011 7007 7006
f 7012 7008 7010
f 7012 7010 7013
f 7014 7007 7011
f 7015 7013 7016
f 7015 7012 7013
f 7017 7007 7014
f 7018 7015 7016
f 7019 7020 7007
f 7019 7007 7017
f 7021 7018 7016
f 7022 7020 7019
f 7023 7018 7021
f 7024 7023 7021
f 7025 7020 7022
f 7026 7023 7024
f 7026 7027 7023
f 7028 7027 7026
f 7028 7029 7027
f 7030 7029 7028
f 7031 7029 7030
f 7031 7032 7029
f 7033 7032 7031
f 7034 7032 7033
f 7035 7036 7032
f 7035 7032 7034
f 7037 7064 7036
f 7037 7036 7035
f 7038 7039 7040
f 7038 7040 7041
f 7042 7041 7043
f 7042 7038 7041
f 7044 7045 7039
f 7044 7039 7038
f 7046 7043 7066
f 7046 7042 7043
f 7047 7048 7064
f 7047 7064 7037
f 7049 7046 7066
f 7049 7066 7048
f 7049 7048 7047
f 7050 7020 7025
f 7050 7025 7045
f 7050 7045 7044
f 7051 7052 7020
f 7051 7020 7050
f 7053 7052 7051
f 7054 7052 7053
f 7055 7052 7054
f 7056 7052 7055
f 7057 7052 7056
f 7058 7057 7056
f 7059 7057 7058
f 7060 7057 7059
f 7061 7057 7060
f 7032 7062 7063
f 7064 7063 7065
f 7064 7032 7063
f 7066 7065 7067
f 7066 7064 7065
f 7041 7067 7068
f 7041 7066 7067
f 7039 7068 7069
f 7039 7041 7068
f 7025 7069 7070
f 7025 7039 7069
f 7019 7070 7071
f 7019 7025 7070
f 7014 7071 7072
f 7014 7019 7071
f 7006 7072 7073
f 7006 7014 7072
f 7095 7074 7096
f 7075 7074 7095
f 7076 7075 7095
f 7077 7075 7076
f 7098 7077 7076
f 7078 7077 7098
f 7079 7077 7078
f 7080 7081 7082
f 7083 7080 7082
f 7084 7085 7086
f 7087 7088 7077
f 7089 7077 7079
f 7089 7087 7077
f 7089 7088 7087
f 7090 7082 7088
f 7091 7085 7083
f 7091 7079 7086
f 7091 7082 7090
f 7091 7090 7088
f 7091 7088 7089
f 7091 7089 7079
f 7091 7083 7082
f 7091 7086 7085
f 7092 7109 7108
f 7093 7105 7094
f 7095 7096 7097
f 7078 7098 7099
f 7100 7108 7106
f 7100 7092 7108
f 7101 7106 7105
f 7101 7093 7099
f 7101 7105 7093
f 7101 7100 7106
f 7102 7076 7095
f 7102 7097 7092
f 7102 7092 7100
f 7102 7095 7097
f 7103 7098 7076
f 7103 7100 7101
f 7103 7076 7102
f 7103 7101 7099
f 7103 7102 7100
f 7103 7099 7098
f 7104 7094 7105
f 7104 7105 7106
f 7107 7106 7108
f 7107 7108 7109
f 7107 7104 7106
f 7110 7111 7112
f 7110 7112 7113
f 7114 7115 7116
f 7117 7116 7118
f 7117 7114 7116
f 7119 7117 7118
f 7120 7119 7118
f 7121 7112 7104
f 7121 7113 7112
f 7122 7107 7113
f 7122 7121 7104
f 7122 7113 7121
f 7122 7104 7107
f 7123 7116 7111
f 7123 7118 7116
f 7124 7110 7118
f 7124 7111 7110
f 7124 7123 7111
f 7124 7118 7123
f 7125 7149 7148
f 7126 7154 7149
f 7126 7149 7125
f 7127 7145 7154
f 7127 7154 7126
f 7128 7146 7145
f 7129 7130 7131
f 7132 7133 7134
f 7135 7132 7134
f 7136 7128 7145
f 7136 7145 7127
f 7137 7127 7138
f 7137 7138 7136
f 7137 7136 7127
f 7139 7133 7129
f 7139 7131 7128
f 7139 7136 7138
f 7139 7129 7131
f 7139 7128 7136
f 7139 7134 7133
f 7140 7138 7134
f 7140 7139 7138
f 7140 7134 7139
f 7141 7160 7159
f 7142 7143 7144
f 7145 7146 7147
f 7148 7149 7150
f 7151 7159 7157
f 7151 7141 7159
f 7152 7157 7143
f 7152 7143 7142
f 7152 7151 7157
f 7153 7154 7145
f 7153 7147 7141
f 7153 7141 7151
f 7153 7145 7147
f 7155 7149 7154
f 7155 7142 7150
f 7155 7151 7152
f 7155 7154 7153
f 7155 7152 7142
f 7155 7153 7151
f 7155 7150 7149
f 7156 7144 7143
f 7156 7143 7157
f 7158 7157 7159
f 7158 7159 7160
f 7158 7156 7157
f 7161 7162 7163
f 7161 7163 7164
f 7165 7166 7167
f 7168 7167 7169
f 7168 7165 7167
f 7170 7168 7169
f 7171 7170 7169
f 7172 7163 7156
f 7172 7164 7163
f 7173 7158 7164
f 7173 7172 7156
f 7173 7164 7172
f 7173 7156 7158
f 7174 7167 7162
f 7174 7169 7167
f 7175 7161 7169
f 7175 7174 7162
f 7175 7162 7161
f 7175 7169 7174
f 7356 7176 7357
f 7367 7177 7178
f 7367 7178 7176
f 7367 7176 7356
f 7179 7359 7200
f 7180 7371 7359
f 7180 7359 7179
f 7372 7371 7180
f 7181 7356 7364
f 7182 7374 7367
f 7182 7367 7356
f 7182 7364 7374
f 7182 7181 7364
f 7182 7356 7181
f 7183 7364 7359
f 7184 7371 7374
f 7184 7364 7183
f 7184 7183 7359
f 7184 7374 7364
f 7184 7359 7371
f 7185 7186 7187
f 7188 7189 7252
f 7190 7191 7192
f 7262 7193 7194
f 7195 7187 7335
f 7195 7185 7187
f 7196 7335 7189
f 7196 7189 7188
f 7196 7195 7335
f 7197 7198 7190
f 7197 7192 7185
f 7197 7190 7192
f 7197 7185 7195
f 7199 7193 7198
f 7199 7188 7194
f 7199 7195 7196
f 7199 7198 7197
f 7199 7196 7188
f 7199 7197 7195
f 7199 7194 7193
f 7179 7200 7247
f 7180 7179 7247
f 7372 7247 7201
f 7372 7180 7247
f 7202 7372 7201
f 7203 7201 7204
f 7203 7202 7201
f 7205 7204 7206
f 7205 7203 7204
f 7207 7205 7206
f 7208 7209 7210
f 7208 7210 7211
f 7212 7208 7211
f 7213 7212 7214
f 7213 7214 7215
f 7213 7208 7212
f 7216 7215 7217
f 7216 7213 7215
f 7200 7217 7247
f 7200 7216 7217
f 7218 7369 7385
f 7219 7385 7220
f 7219 7218 7385
f 7221 7214 7222
f 7221 7222 7223
f 7221 7223 7224
f 7225 7226 7227
f 7228 7225 7227
f 7229 7225 7228
f 7230 7221 7224
f 7231 7232 7233
f 7231 7233 7234
f 7231 7234 7225
f 7231 7225 7229
f 7404 7235 7230
f 7236 7237 7230
f 7236 7230 7235
f 7238 7404 7230
f 7239 7237 7236
f 7240 7230 7224
f 7240 7238 7230
f 7241 7237 7239
f 7242 7237 7241
f 7396 7237 7242
f 7243 7224 7232
f 7243 7232 7231
f 7243 7240 7224
f 7244 7243 7231
f 7245 7237 7396
f 7246 7244 7231
f 7247 7237 7245
f 7247 7245 7248
f 7249 7247 7248
f 7250 7247 7249
f 7251 7247 7250
f 7252 7247 7251
f 7253 7254 7255
f 7253 7255 7256
f 7253 7256 7257
f 7253 7257 7246
f 7253 7246 7231
f 7258 7254 7253
f 7259 7258 7253
f 7188 7260 7247
f 7188 7247 7252
f 7261 7259 7253
f 7194 7260 7188
f 7194 7206 7260
f 7262 7206 7194
f 7263 7206 7262
f 7264 7261 7253
f 7264 7265 7261
f 7266 7263 7262
f 7267 7265 7264
f 7268 7263 7266
f 7269 7268 7266
f 7270 7268 7269
f 7271 7267 7264
f 7271 7272 7267
f 7273 7270 7269
f 7274 7270 7273
f 7275 7274 7273
f 7276 7272 7271
f 7277 7274 7275
f 7278 7276 7271
f 7279 7277 7275
f 7280 7277 7279
f 7280 7281 7277
f 7282 7283 7281
f 7282 7281 7280
f 7284 7285 7286
f 7284 7286 7283
f 7284 7283 7282
f 7287 7288 7289
f 7287 7289 7285
f 7287 7285 7284
f 7290 7291 7288
f 7290 7288 7287
f 7292 7293 7291
f 7292 7291 7290
f 7294 7295 7293
f 7294 7293 7292
f 7296 7295 7294
f 7297 7296 7294
f 7298 7299 7300
f 7298 7300 7301
f 7302 7296 7297
f 7302 7297 7303
f 7304 7302 7303
f 7304 7303 7305
f 7306 7307 7299
f 7306 7299 7298
f 7308 7305 7309
f 7308 7304 7305
f 7310 7307 7306
f 7311 7309 7312
f 7311 7308 7309
f 7313 7312 7314
f 7313 7311 7312
f 7315 7314 7316
f 7315 7313 7314
f 7317 7310 7306
f 7318 7316 7319
f 7318 7315 7316
f 7320 7321 7310
f 7320 7310 7317
f 7322 7319 7323
f 7322 7318 7319
f 7324 7325 7321
f 7324 7321 7320
f 7326 7323 7325
f 7326 7325 7324
f 7326 7322 7323
f 7300 7327 7328
f 7300 7328 7301
f 7327 7329 7330
f 7327 7330 7328
f 7329 7276 7330
f 7330 7276 7278
f 7331 7344 7343
f 7187 7186 7332
f 7250 7347 7249
f 7252 7189 7251
f 7333 7343 7346
f 7333 7331 7343
f 7334 7332 7331
f 7334 7335 7187
f 7334 7331 7333
f 7334 7187 7332
f 7336 7346 7347
f 7336 7333 7346
f 7336 7347 7250
f 7337 7250 7251
f 7337 7189 7335
f 7337 7335 7334
f 7337 7336 7250
f 7337 7334 7333
f 7337 7333 7336
f 7337 7251 7189
f 7245 7338 7339
f 7245 7339 7340
f 7245 7340 7341
f 7245 7341 7396
f 7248 7342 7245
f 7343 7344 7345
f 7346 7343 7345
f 7347 7346 7345
f 7249 7345 7248
f 7249 7347 7345
f 7348 7342 7349
f 7348 7349 7338
f 7348 7338 7245
f 7348 7245 7342
f 7350 7345 7342
f 7351 7350 7342
f 7351 7345 7350
f 7351 7248 7345
f 7351 7342 7248
f 7352 7353 7354
f 7213 7355 7208
f 7356 7357 7358
f 7200 7359 7216
f 7360 7354 7361
f 7360 7352 7354
f 7362 7361 7355
f 7362 7213 7216
f 7362 7360 7361
f 7362 7355 7213
f 7363 7364 7356
f 7363 7358 7352
f 7363 7356 7358
f 7363 7352 7360
f 7365 7359 7364
f 7365 7360 7362
f 7365 7364 7363
f 7365 7362 7216
f 7365 7363 7360
f 7365 7216 7359
f 7366 7177 7367
f 7368 7369 7370
f 7202 7371 7372
f 7205 7380 7203
f 7373 7367 7374
f 7373 7366 7367
f 7375 7374 7371
f 7375 7373 7374
f 7375 7371 7202
f 7376 7382 7368
f 7376 7370 7366
f 7376 7366 7373
f 7376 7368 7370
f 7377 7202 7203
f 7377 7380 7382
f 7377 7375 7202
f 7377 7373 7375
f 7377 7382 7376
f 7377 7376 7373
f 7377 7203 7380
f 7368 7378 7385
f 7368 7385 7369
f 7205 7207 7379
f 7205 7379 7380
f 7381 7368 7382
f 7381 7382 7380
f 7381 7379 7383
f 7381 7383 7378
f 7381 7378 7368
f 7381 7380 7379
f 7384 7385 7378
f 7384 7378 7383
f 7384 7383 7379
f 7384 7379 7207
f 7384 7207 7386
f 7384 7386 7387
f 7384 7387 7388
f 7384 7388 7389
f 7384 7389 7220
f 7384 7220 7385
f 7390 7391 7392
f 7390 7392 7393
f 7390 7393 7349
f 7394 7395 7396
f 7397 7390 7395
f 7397 7241 7390
f 7397 7395 7394
f 7398 7391 7390
f 7398 7390 7241
f 7399 7400 7391
f 7399 7391 7398
f 7401 7402 7400
f 7401 7400 7399
f 7403 7402 7401
f 7404 7402 7403
f 7405 7402 7404
f 7406 7405 7404
f 7243 7407 7405
f 7243 7405 7406
f 7408 7409 7410
f 7411 7412 7413
f 7414 7415 7416
f 7414 7416 7417
f 7414 7417 7409
f 7414 7409 7408
f 7418 7419 7420
f 7418 7420 7421
f 7418 7421 7422
f 7418 7422 7415
f 7418 7415 7414
f 7423 7408 7412
f 7423 7411 7424
f 7423 7424 7425
f 7423 7425 7426
f 7423 7414 7408
f 7423 7418 7414
f 7423 7412 7411
f 7427 7426 7428
f 7427 7428 7429
f 7427 7429 7430
f 7427 7430 7419
f 7427 7419 7418
f 7427 7418 7423
f 7427 7423 7426
f 7431 7432 7433
f 7431 7434 7435
f 7431 7433 7434
f 7436 7435 7437
f 7436 7431 7435
f 7438 7436 7437
f 7439 7437 7440
f 7439 7438 7437
f 7441 7442 7443
f 7441 7555 7442
f 7444 7443 7445
f 7444 7441 7443
f 7559 7445 7446
f 7559 7444 7445
f 7515 7516 7447
f 7515 7447 7448
f 7514 7448 7449
f 7514 7515 7448
f 7484 7449 7485
f 7484 7514 7449
f 7450 7644 7451
f 7452 7450 7451
f 7453 7451 7454
f 7453 7452 7451
f 7455 7453 7454
f 7456 7454 7457
f 7456 7455 7454
f 7458 7456 7457
f 7459 7457 7447
f 7459 7458 7457
f 7460 7459 7447
f 7461 7460 7447
f 7462 7461 7447
f 7656 7462 7447
f 7463 7464 7709
f 7463 7465 7464
f 7463 7723 7465
f 7466 7709 7467
f 7466 7467 7468
f 7466 7463 7709
f 7521 7468 7469
f 7521 7469 7470
f 7521 7466 7468
f 7516 7470 7471
f 7516 7471 7472
f 7516 7472 7473
f 7516 7473 7474
f 7516 7521 7470
f 7447 7516 7474
f 7447 7474 7656
f 7475 7541 7476
f 7475 7476 7477
f 7478 7477 7479
f 7478 7475 7477
f 7480 7479 7481
f 7480 7478 7479
f 7482 7481 7483
f 7482 7480 7481
f 7490 7483 7491
f 7490 7482 7483
f 7484 7485 7486
f 7487 7486 7488
f 7487 7484 7486
f 7489 7487 7488
f 7490 7488 7491
f 7490 7489 7488
f 7492 7559 7446
f 7492 7446 7493
f 7494 7493 7495
f 7494 7492 7493
f 7566 7495 7496
f 7566 7494 7495
f 7566 7496 7497
f 7498 7497 7499
f 7498 7566 7497
f 7500 7498 7499
f 7569 7499 7501
f 7569 7500 7499
f 7576 7502 7503
f 7576 7504 7502
f 7505 7503 7506
f 7505 7576 7503
f 7582 7506 7507
f 7582 7505 7506
f 7586 7507 7508
f 7586 7582 7507
f 7569 7508 7501
f 7569 7586 7508
f 7466 7463 7509
f 7466 7509 7510
f 7511 7512 7513
f 7525 7484 7514
f 7525 7514 7515
f 7532 7515 7516
f 7532 7525 7515
f 7517 7532 7516
f 7518 7516 7519
f 7518 7517 7516
f 7520 7521 7466
f 7522 7510 7512
f 7522 7521 7520
f 7522 7466 7510
f 7522 7520 7466
f 7522 7512 7511
f 7523 7516 7521
f 7524 7511 7519
f 7524 7523 7521
f 7524 7516 7523
f 7524 7519 7516
f 7524 7521 7522
f 7524 7522 7511
f 7487 7484 7525
f 7526 7517 7518
f 7527 7490 7489
f 7528 7529 7530
f 7531 7525 7532
f 7531 7489 7487
f 7531 7487 7525
f 7533 7532 7517
f 7533 7531 7532
f 7533 7517 7526
f 7534 7545 7527
f 7534 7527 7489
f 7534 7489 7531
f 7535 7526 7530
f 7535 7529 7545
f 7535 7531 7533
f 7535 7545 7534
f 7535 7534 7531
f 7535 7533 7526
f 7535 7530 7529
f 7536 7537 7538
f 7536 7538 7539
f 7475 7539 7540
f 7475 7540 7541
f 7475 7536 7539
f 7542 7543 7478
f 7480 7542 7478
f 7529 7528 7544
f 7545 7544 7482
f 7545 7529 7544
f 7527 7545 7482
f 7490 7527 7482
f 7546 7543 7536
f 7546 7536 7475
f 7547 7475 7478
f 7547 7543 7546
f 7547 7546 7475
f 7547 7478 7543
f 7548 7544 7542
f 7548 7542 7480
f 7549 7480 7482
f 7549 7544 7548
f 7549 7482 7544
f 7549 7548 7480
f 7550 7551 7552
f 7441 7553 7554
f 7441 7554 7555
f 7556 7557 7558
f 7559 7571 7556
f 7492 7571 7559
f 7560 7571 7492
f 7494 7560 7492
f 7566 7560 7494
f 7561 7552 7553
f 7561 7550 7552
f 7561 7553 7441
f 7562 7441 7444
f 7562 7444 7561
f 7562 7561 7441
f 7563 7558 7550
f 7563 7561 7444
f 7563 7550 7561
f 7563 7556 7558
f 7563 7559 7556
f 7564 7444 7559
f 7564 7559 7563
f 7564 7563 7444
f 7565 7557 7556
f 7498 7560 7566
f 7588 7567 7568
f 7569 7585 7500
f 7570 7556 7571
f 7570 7565 7556
f 7572 7571 7560
f 7572 7570 7571
f 7572 7560 7498
f 7573 7574 7588
f 7573 7568 7565
f 7573 7565 7570
f 7573 7588 7568
f 7575 7498 7500
f 7575 7585 7574
f 7575 7570 7572
f 7575 7574 7573
f 7575 7572 7498
f 7575 7573 7570
f 7575 7500 7585
f 7576 7504 7577
f 7576 7577 7578
f 7579 7578 7580
f 7579 7580 7581
f 7579 7576 7578
f 7582 7505 7583
f 7584 7582 7583
f 7585 7569 7586
f 7574 7586 7587
f 7574 7585 7586
f 7588 7574 7587
f 7567 7588 7587
f 7589 7505 7576
f 7589 7576 7579
f 7590 7579 7583
f 7590 7589 7579
f 7590 7505 7589
f 7590 7583 7505
f 7591 7586 7582
f 7591 7582 7584
f 7592 7584 7587
f 7592 7587 7586
f 7592 7586 7591
f 7592 7591 7584
f 7633 7617 7615
f 7633 7612 7617
f 7633 7615 7593
f 7633 7593 7594
f 7633 7594 7595
f 7633 7595 7596
f 7633 7596 7597
f 7598 7614 7612
f 7598 7697 7614
f 7599 7695 7598
f 7599 7674 7695
f 7599 7598 7612
f 7599 7612 7633
f 7600 7674 7599
f 7601 7600 7599
f 7602 7599 7603
f 7604 7601 7599
f 7605 7599 7602
f 7606 7604 7599
f 7606 7599 7605
f 7607 7608 7641
f 7609 7610 7611
f 7612 7613 7614
f 7615 7616 7617
f 7618 7607 7619
f 7618 7608 7607
f 7620 7621 7609
f 7620 7611 7608
f 7620 7609 7611
f 7620 7608 7618
f 7622 7619 7613
f 7622 7618 7619
f 7622 7613 7612
f 7623 7612 7617
f 7623 7616 7621
f 7623 7620 7618
f 7623 7622 7612
f 7623 7621 7620
f 7623 7617 7616
f 7623 7618 7622
f 7624 7625 7626
f 7624 7626 7615
f 7627 7610 7628
f 7627 7628 7625
f 7627 7625 7624
f 7629 7624 7630
f 7629 7627 7624
f 7631 7629 7630
f 7433 7632 7633
f 7634 7632 7433
f 7440 7635 7636
f 7637 7635 7631
f 7637 7630 7638
f 7637 7638 7632
f 7637 7634 7639
f 7637 7639 7636
f 7637 7631 7630
f 7637 7632 7634
f 7637 7636 7635
f 7640 7608 7641
f 7642 7610 7611
f 7450 7643 7644
f 7453 7645 7452
f 7646 7640 7647
f 7646 7608 7640
f 7648 7649 7642
f 7648 7611 7608
f 7648 7642 7611
f 7648 7608 7646
f 7650 7647 7643
f 7650 7646 7647
f 7650 7643 7450
f 7651 7450 7452
f 7651 7645 7649
f 7651 7650 7450
f 7651 7649 7648
f 7651 7648 7646
f 7651 7452 7645
f 7651 7646 7650
f 7599 7633 7433
f 7432 7599 7433
f 7652 7653 7654
f 7652 7654 7440
f 7655 7656 7657
f 7655 7657 7653
f 7655 7653 7652
f 7658 7652 7659
f 7658 7655 7652
f 7660 7659 7661
f 7660 7658 7659
f 7662 7661 7663
f 7662 7660 7661
f 7664 7663 7610
f 7665 7662 7663
f 7665 7663 7664
f 7666 7662 7665
f 7453 7662 7666
f 7667 7668 7669
f 7667 7669 7432
f 7667 7432 7599
f 7670 7439 7671
f 7670 7671 7668
f 7672 7673 7674
f 7675 7676 7673
f 7675 7677 7676
f 7678 7675 7673
f 7678 7673 7672
f 7679 7675 7678
f 7680 7675 7679
f 7681 7677 7682
f 7681 7682 7670
f 7681 7667 7683
f 7681 7683 7676
f 7681 7668 7667
f 7681 7676 7677
f 7681 7670 7668
f 7684 7685 7686
f 7684 7656 7685
f 7684 7474 7656
f 7687 7686 7688
f 7687 7684 7686
f 7689 7687 7688
f 7439 7688 7440
f 7439 7689 7688
f 7690 7691 7680
f 7692 7693 7694
f 7695 7696 7674
f 7697 7698 7598
f 7699 7690 7700
f 7699 7691 7690
f 7701 7702 7692
f 7701 7694 7691
f 7701 7692 7694
f 7701 7691 7699
f 7703 7700 7696
f 7703 7699 7700
f 7703 7696 7695
f 7704 7695 7598
f 7704 7698 7702
f 7704 7703 7695
f 7704 7702 7701
f 7704 7701 7699
f 7704 7598 7698
f 7704 7699 7703
f 7705 7706 7707
f 7705 7707 7680
f 7708 7709 7710
f 7708 7710 7706
f 7708 7706 7705
f 7711 7705 7712
f 7711 7708 7705
f 7713 7712 7714
f 7713 7711 7712
f 7715 7714 7716
f 7715 7713 7714
f 7717 7716 7439
f 7718 7715 7716
f 7718 7716 7717
f 7719 7715 7718
f 7474 7715 7719
f 7720 7691 7680
f 7721 7693 7694
f 7464 7722 7709
f 7723 7724 7465
f 7725 7720 7726
f 7725 7691 7720
f 7727 7728 7721
f 7727 7694 7691
f 7727 7721 7694
f 7727 7691 7725
f 7729 7726 7722
f 7729 7725 7726
f 7729 7722 7464
f 7730 7464 7465
f 7730 7724 7728
f 7730 7729 7464
f 7730 7728 7727
f 7730 7727 7725
f 7730 7465 7724
f 7730 7725 7729
f 7731 7732 7733
f 7731 7733 7734
f 7735 7734 7857
f 7735 7731 7734
f 7736 7857 7737
f 7736 7735 7857
f 7738 7737 7739
f 7738 7736 7737
f 7740 7801 7825
f 7740 7825 7826
f 7800 7826 7741
f 7800 7740 7826
f 7761 7741 7757
f 7761 7800 7741
f 7742 7743 7744
f 7742 7745 7743
f 7742 7746 7745
f 7747 7744 7748
f 7747 7742 7744
f 7749 7746 7742
f 7750 7748 7751
f 7750 7747 7748
f 7752 7746 7749
f 7753 7750 7751
f 7754 7746 7752
f 7755 7751 7756
f 7755 7753 7751
f 7757 7746 7754
f 7758 7755 7756
f 7759 7758 7756
f 7760 7759 7756
f 7785 7761 7762
f 7785 7762 7763
f 7785 7763 7764
f 7785 7764 7765
f 7766 7785 7765
f 7767 7766 7765
f 7768 7765 7769
f 7768 7767 7765
f 7770 7769 7771
f 7770 7768 7769
f 7772 7770 7771
f 7772 7771 7773
f 7772 7773 7774
f 7775 7776 7777
f 7775 7778 7776
f 7775 7774 7778
f 7775 7772 7774
f 7785 7746 7757
f 7785 7757 7761
f 7779 7780 7781
f 7779 7781 7782
f 7783 7782 7784
f 7783 7779 7782
f 7785 7784 7746
f 7785 7783 7784
f 7786 7778 7774
f 7787 7777 7776
f 7788 7803 7805
f 7789 7790 7791
f 7792 7786 7806
f 7792 7778 7786
f 7793 7794 7787
f 7793 7776 7778
f 7793 7778 7792
f 7793 7787 7776
f 7795 7806 7803
f 7795 7792 7806
f 7795 7803 7788
f 7796 7790 7794
f 7796 7788 7791
f 7796 7793 7792
f 7796 7792 7795
f 7796 7794 7793
f 7796 7791 7790
f 7796 7795 7788
f 7797 7818 7815
f 7797 7815 7798
f 7799 7761 7800
f 7799 7800 7740
f 7799 7740 7801
f 7799 7801 7802
f 7799 7802 7818
f 7803 7804 7805
f 7806 7804 7803
f 7774 7807 7786
f 7808 7809 7799
f 7808 7797 7810
f 7808 7818 7797
f 7808 7799 7818
f 7811 7812 7809
f 7811 7810 7813
f 7811 7808 7810
f 7811 7809 7808
f 7814 7806 7786
f 7814 7807 7812
f 7814 7813 7804
f 7814 7811 7813
f 7814 7812 7811
f 7814 7804 7806
f 7814 7786 7807
f 7815 7798 7816
f 7815 7816 7817
f 7818 7817 7819
f 7818 7815 7817
f 7802 7819 7824
f 7802 7818 7819
f 7801 7824 7825
f 7801 7802 7824
f 7820 7755 7839
f 7821 7822 7823
f 7817 7823 7816
f 7819 7821 7823
f 7819 7823 7817
f 7824 7821 7819
f 7825 7821 7824
f 7826 7821 7825
f 7741 7821 7826
f 7757 7821 7741
f 7827 7839 7847
f 7827 7847 7828
f 7827 7828 7829
f 7827 7829 7830
f 7827 7820 7839
f 7831 7832 7820
f 7831 7820 7827
f 7831 7827 7830
f 7833 7834 7832
f 7833 7830 7835
f 7833 7832 7831
f 7833 7831 7830
f 7836 7833 7835
f 7836 7834 7833
f 7837 7821 7834
f 7837 7835 7822
f 7837 7834 7836
f 7837 7836 7835
f 7837 7822 7821
f 7838 7759 7760
f 7839 7755 7758
f 7840 7841 7842
f 7829 7828 7843
f 7844 7838 7845
f 7844 7759 7838
f 7846 7847 7839
f 7846 7758 7759
f 7846 7759 7844
f 7846 7839 7758
f 7848 7845 7841
f 7848 7844 7845
f 7848 7841 7840
f 7849 7828 7847
f 7849 7840 7843
f 7849 7846 7844
f 7849 7844 7848
f 7849 7847 7846
f 7849 7843 7828
f 7849 7848 7840
f 7850 7780 7781
f 7850 7781 7851
f 7852 7851 7853
f 7852 7850 7851
f 7732 7853 7733
f 7732 7852 7853
f 7737 7739 7854
f 7855 7737 7854
f 7856 7737 7855
f 7857 7737 7856
f 7858 7857 7856
f 7859 7734 7857
f 7859 7857 7858
f 7860 7734 7859
f 7733 7734 7860
f 7861 7733 7860
f 7862 7861 7863
f 7862 7863 7864
f 7862 7781 7851
f 7862 7851 7853
f 7862 7853 7733
f 7862 7733 7861
f 7865 7864 7866
f 7865 7862 7864
f 7867 7865 7866
f 7937 8010 7868
f 7869 8014 7870
f 7871 7941 7872
f 7873 7874 7875
f 7876 7868 8018
f 7876 7937 7868
f 7877 8018 8014
f 7877 8014 7869
f 7877 7876 8018
f 7878 7879 7871
f 7878 7872 7937
f 7878 7871 7872
f 7878 7937 7876
f 7880 7874 7879
f 7880 7869 7875
f 7880 7876 7877
f 7880 7879 7878
f 7880 7877 7869
f 7880 7878 7876
f 7880 7875 7874
f 7881 8055 7882
f 7883 7882 7884
f 7883 7881 7882
f 7885 7884 7886
f 7885 7883 7884
f 7940 7886 7887
f 7940 7885 7886
f 7888 7889 8043
f 7890 7888 8043
f 7891 7890 8043
f 7892 7891 8043
f 7893 7891 7892
f 7894 7893 7892
f 7895 7894 7892
f 7896 7894 7895
f 8055 7896 7895
f 7881 7896 8055
f 7897 7898 7899
f 7900 7899 7901
f 7900 7897 7899
f 7902 7893 7903
f 7902 7903 7904
f 7902 7904 7905
f 7906 7907 7908
f 7909 7906 7908
f 7910 7906 7909
f 7911 7902 7905
f 7912 7906 7910
f 7912 7913 7914
f 7912 7914 7915
f 7912 7915 7906
f 7916 7917 7911
f 7918 7919 7911
f 7918 7911 7917
f 7920 7916 7911
f 7921 7919 7918
f 7922 7911 7905
f 7922 7920 7911
f 7923 7919 7921
f 7924 7919 7923
f 8022 7919 7924
f 7925 7913 7912
f 7925 7905 7913
f 7925 7922 7905
f 7926 7925 7912
f 8021 7919 8022
f 7927 7926 7912
f 7881 8021 8027
f 7881 7919 8021
f 7928 7881 8027
f 7929 7881 7928
f 8011 7881 7929
f 8010 7881 8011
f 7930 7931 7932
f 7930 7932 7927
f 7930 7927 7912
f 7930 7933 7934
f 7930 7934 7931
f 7935 7933 7930
f 7936 7935 7930
f 7937 7938 7881
f 7937 7881 8010
f 7939 7936 7930
f 7872 7940 7938
f 7872 7938 7937
f 7941 7940 7872
f 7942 7940 7941
f 7943 7939 7930
f 7943 7944 7939
f 7945 7942 7941
f 7946 7944 7943
f 7947 7942 7945
f 7948 7947 7945
f 7949 7947 7948
f 7950 7946 7943
f 7950 7951 7946
f 7952 7949 7948
f 7953 7949 7952
f 7954 7953 7952
f 7955 7951 7950
f 7956 7953 7954
f 7957 7955 7950
f 7958 7956 7954
f 7959 7960 7956
f 7959 7956 7958
f 7961 7962 7960
f 7961 7960 7959
f 7963 7964 7965
f 7963 7965 7962
f 7963 7962 7961
f 7966 7967 7968
f 7966 7968 7964
f 7966 7964 7963
f 7969 7970 7967
f 7969 7967 7966
f 7971 7972 7970
f 7971 7970 7969
f 7973 7974 7972
f 7973 7972 7971
f 7975 7974 7973
f 7976 7975 7973
f 7977 7978 7979
f 7977 7980 7978
f 7981 7975 7976
f 7981 7976 7982
f 7983 7981 7982
f 7983 7982 7984
f 7985 7980 7977
f 7985 7986 7980
f 7987 7983 7984
f 7987 7984 7988
f 7989 7986 7985
f 7990 7987 7988
f 7990 7988 7991
f 7992 7990 7991
f 7992 7991 7993
f 7994 7992 7993
f 7994 7993 7995
f 7996 7989 7985
f 7997 7994 7995
f 7997 7995 7998
f 7999 7989 7996
f 7999 8000 7989
f 8001 7997 7998
f 8001 7998 8002
f 8003 8000 7999
f 8003 8004 8000
f 8005 8001 8002
f 8005 8004 8003
f 8005 8002 8004
f 7978 8006 8007
f 7978 8007 7979
f 8006 8008 8009
f 8006 8009 8007
f 8008 7955 8009
f 8009 7955 7957
f 7929 7928 8030
f 7868 8010 8011
f 8012 8013 8032
f 7870 8014 8015
f 8016 8030 8031
f 8016 7929 8030
f 8017 8011 7929
f 8017 8018 7868
f 8017 7929 8016
f 8017 7868 8011
f 8019 8031 8013
f 8019 8016 8031
f 8019 8013 8012
f 8020 8012 8015
f 8020 8014 8018
f 8020 8018 8017
f 8020 8019 8012
f 8020 8017 8016
f 8020 8016 8019
f 8020 8015 8014
f 8021 8022 8023
f 8021 8023 8024
f 8021 8024 8025
f 8021 8025 8026
f 8027 8021 8028
f 7928 8027 8029
f 8030 7928 8029
f 8031 8030 8029
f 8013 8031 8029
f 8032 8013 8029
f 8033 8021 8026
f 8033 8028 8021
f 8034 8026 8035
f 8034 8035 8028
f 8034 8028 8033
f 8034 8033 8026
f 8036 8027 8028
f 8036 8029 8027
f 8037 8028 8029
f 8037 8036 8028
f 8037 8029 8036
f 8038 8039 8053
f 7895 8056 8055
f 8040 8041 8042
f 8043 8044 7892
f 8045 8053 8061
f 8045 8038 8053
f 8046 8061 8056
f 8046 8056 7895
f 8046 8045 8061
f 8047 8048 8040
f 8047 8042 8038
f 8047 8040 8042
f 8047 8038 8045
f 8049 8044 8048
f 8049 7895 7892
f 8049 8045 8046
f 8049 8048 8047
f 8049 8046 7895
f 8049 8047 8045
f 8049 7892 8044
f 8050 7901 8051
f 7884 8052 7886
f 8053 8039 8054
f 8055 8056 7882
f 8057 8054 8050
f 8057 8051 8058
f 8057 8050 8051
f 8059 8058 8052
f 8059 8052 7884
f 8059 8057 8058
f 8060 8061 8053
f 8060 8053 8054
f 8060 8054 8057
f 8062 8056 8061
f 8062 7884 7882
f 8062 8057 8059
f 8062 8061 8060
f 8062 8059 7884
f 8062 7882 8056
f 8062 8060 8057
f 8063 8051 7901
f 8063 7901 7899
f 7887 7886 8052
f 7887 8052 8066
f 8064 8052 8058
f 8064 8058 8051
f 8064 8063 8067
f 8064 8067 8066
f 8064 8051 8063
f 8064 8066 8052
f 8065 7887 8066
f 8065 8066 8067
f 8065 8067 8063
f 8065 8063 7899
f 8065 7899 7898
f 8065 7898 8068
f 8065 8068 8069
f 8065 8069 8070
f 8065 8070 8071
f 8065 8071 7887
f 8072 8188 8073
f 8072 8074 8188
f 8075 8073 8076
f 8075 8072 8073
f 8077 8076 8078
f 8077 8075 8076
f 8079 8080 8081
f 8079 8081 8082
f 8083 8080 8079
f 8084 8079 8082
f 8085 8086 8087
f 8085 8087 8080
f 8085 8080 8083
f 8088 8082 8089
f 8088 8084 8082
f 8088 8089 8090
f 8091 8092 8086
f 8091 8086 8085
f 8093 8090 8094
f 8093 8088 8090
f 8095 8092 8091
f 8096 8093 8094
f 8097 8098 8092
f 8097 8092 8095
f 8099 8094 8100
f 8099 8096 8094
f 8101 8102 8098
f 8101 8098 8097
f 8103 8104 8102
f 8103 8102 8101
f 8105 8104 8103
f 8106 8105 8103
f 8107 8105 8106
f 8107 8106 8108
f 8109 8107 8108
f 8109 8108 8110
f 8111 8109 8110
f 8111 8110 8112
f 8113 8111 8112
f 8113 8112 8114
f 8115 8100 8116
f 8115 8099 8100
f 8117 8113 8114
f 8118 8113 8117
f 8119 8118 8117
f 8233 8118 8119
f 8120 8116 8121
f 8120 8115 8116
f 8122 8121 8123
f 8122 8120 8121
f 8189 8122 8123
f 8189 8123 8124
f 8125 8126 8127
f 8128 8126 8125
f 8129 8189 8124
f 8130 8189 8129
f 8131 8130 8129
f 8132 8130 8131
f 8133 8128 8125
f 8134 8128 8133
f 8135 8132 8131
f 8136 8132 8135
f 8216 8136 8135
f 8199 8134 8133
f 8137 8136 8216
f 8252 8134 8199
f 8138 8137 8216
f 8139 8137 8138
f 8140 8139 8138
f 8141 8140 8142
f 8141 8139 8140
f 8143 8252 8199
f 8144 8141 8142
f 8145 8252 8143
f 8146 8142 8147
f 8146 8144 8142
f 8148 8147 8149
f 8148 8146 8147
f 8150 8149 8151
f 8150 8148 8149
f 8152 8151 8153
f 8152 8150 8151
f 8154 8153 8155
f 8154 8152 8153
f 8156 8145 8143
f 8156 8143 8157
f 8158 8155 8159
f 8158 8154 8155
f 8160 8158 8159
f 8161 8160 8159
f 8162 8160 8161
f 8163 8162 8161
f 8164 8162 8163
f 8165 8166 8164
f 8165 8164 8163
f 8167 8156 8157
f 8167 8157 8168
f 8167 8168 8169
f 8170 8166 8165
f 8171 8169 8172
f 8171 8167 8169
f 8173 8174 8166
f 8173 8166 8170
f 8175 8171 8172
f 8175 8172 8176
f 8177 8178 8174
f 8177 8174 8173
f 8179 8175 8176
f 8179 8176 8180
f 8181 8178 8177
f 8181 8182 8178
f 8183 8179 8180
f 8183 8182 8181
f 8183 8180 8182
f 8119 8127 8233
f 8233 8127 8126
f 8076 8078 8184
f 8185 8186 8137
f 8187 8188 8073
f 8189 8190 8191
f 8192 8184 8193
f 8192 8076 8184
f 8194 8193 8186
f 8194 8186 8185
f 8194 8192 8193
f 8195 8196 8187
f 8195 8073 8076
f 8195 8187 8073
f 8195 8076 8192
f 8197 8190 8196
f 8197 8185 8191
f 8197 8192 8194
f 8197 8196 8195
f 8197 8194 8185
f 8197 8195 8192
f 8197 8191 8190
f 8198 8199 8200
f 8201 8202 8203
f 8204 8125 8205
f 8206 8207 8208
f 8209 8200 8210
f 8209 8198 8200
f 8211 8210 8202
f 8211 8201 8208
f 8211 8202 8201
f 8211 8209 8210
f 8212 8213 8204
f 8212 8205 8198
f 8212 8204 8205
f 8212 8198 8209
f 8214 8207 8213
f 8214 8209 8211
f 8214 8213 8212
f 8214 8211 8208
f 8214 8212 8209
f 8214 8208 8207
f 8215 8216 8217
f 8218 8219 8220
f 8221 8124 8222
f 8223 8224 8225
f 8226 8222 8215
f 8226 8217 8227
f 8226 8215 8217
f 8228 8227 8219
f 8228 8219 8218
f 8228 8226 8227
f 8229 8230 8221
f 8229 8221 8222
f 8229 8222 8226
f 8231 8224 8230
f 8231 8218 8225
f 8231 8226 8228
f 8231 8230 8229
f 8231 8228 8218
f 8231 8229 8226
f 8231 8225 8224
f 8232 8233 8234
f 8235 8236 8237
f 8255 8128 8238
f 8253 8239 8240
f 8241 8234 8242
f 8241 8232 8234
f 8243 8242 8236
f 8243 8241 8242
f 8243 8236 8235
f 8244 8245 8255
f 8244 8238 8232
f 8244 8241 8243
f 8244 8255 8238
f 8244 8232 8241
f 8246 8235 8240
f 8246 8239 8245
f 8246 8245 8244
f 8246 8243 8235
f 8246 8240 8239
f 8246 8244 8243
f 8247 8248 8249
f 8250 8251 8252
f 8239 8253 8254
f 8128 8255 8256
f 8257 8249 8258
f 8257 8247 8249
f 8259 8258 8251
f 8259 8251 8250
f 8259 8257 8258
f 8260 8245 8239
f 8260 8254 8247
f 8260 8239 8254
f 8260 8247 8257
f 8261 8255 8245
f 8261 8250 8256
f 8261 8257 8259
f 8261 8245 8260
f 8261 8259 8250
f 8261 8260 8257
f 8261 8256 8255
f 8262 8310 8263
f 8262 8263 8264
f 8265 8264 8266
f 8265 8262 8264
f 8267 8266 8268
f 8267 8265 8266
f 8269 8321 8270
f 8269 8270 8271
f 8272 8271 8273
f 8272 8269 8271
f 8274 8273 8275
f 8274 8272 8273
f 8276 8277 8278
f 8279 8276 8280
f 8279 8277 8276
f 8281 8280 8282
f 8281 8279 8280
f 8283 8284 8285
f 8286 8283 8287
f 8286 8284 8283
f 8288 8287 8282
f 8281 8288 8282
f 8289 8288 8290
f 8289 8290 8286
f 8289 8286 8287
f 8289 8287 8288
f 8291 8292 8293
f 8294 8291 8293
f 8336 8294 8295
f 8336 8291 8294
f 8340 8295 8296
f 8340 8336 8295
f 8341 8297 8298
f 8356 8297 8341
f 8299 8356 8341
f 8300 8299 8301
f 8300 8356 8299
f 8302 8300 8301
f 8303 8302 8304
f 8303 8300 8302
f 8305 8303 8304
f 8306 8307 8308
f 8262 8309 8310
f 8311 8312 8313
f 8267 8314 8265
f 8315 8308 8316
f 8315 8306 8308
f 8317 8316 8309
f 8317 8309 8262
f 8317 8315 8316
f 8318 8319 8311
f 8318 8313 8306
f 8318 8311 8313
f 8318 8306 8315
f 8320 8262 8265
f 8320 8314 8319
f 8320 8315 8317
f 8320 8317 8262
f 8320 8319 8318
f 8320 8318 8315
f 8320 8265 8314
f 8269 8321 8322
f 8323 8324 8325
f 8326 8274 8272
f 8327 8328 8329
f 8330 8322 8331
f 8330 8269 8322
f 8332 8331 8324
f 8332 8330 8331
f 8332 8324 8323
f 8333 8272 8269
f 8333 8334 8326
f 8333 8269 8330
f 8333 8326 8272
f 8335 8323 8329
f 8335 8328 8334
f 8335 8330 8332
f 8335 8334 8333
f 8335 8333 8330
f 8335 8332 8323
f 8335 8329 8328
f 8336 8337 8291
f 8301 8304 8338
f 8339 8336 8340
f 8341 8301 8342
f 8343 8338 8344
f 8343 8344 8337
f 8343 8339 8345
f 8343 8345 8342
f 8343 8337 8336
f 8343 8301 8338
f 8343 8336 8339
f 8343 8342 8301
f 8346 8277 8347
f 8346 8347 8348
f 8346 8348 8349
f 8346 8349 8350
f 8346 8350 8303
f 8346 8303 8356
f 8346 8356 8355
f 8346 8355 8354
f 8346 8354 8351
f 8346 8351 8352
f 8346 8352 8281
f 8346 8281 8277
f 8353 8281 8352
f 8353 8352 8351
f 8353 8351 8354
f 8353 8354 8355
f 8353 8355 8356
f 8353 8356 8297
f 8353 8297 8361
f 8353 8361 8360
f 8353 8360 8359
f 8353 8359 8358
f 8353 8358 8288
f 8353 8288 8281
f 8357 8288 8358
f 8357 8358 8359
f 8357 8359 8360
f 8357 8360 8361
f 8357 8361 8297
f 8357 8297 8362
f 8357 8362 8363
f 8357 8363 8364
f 8357 8364 8365
f 8357 8365 8286
f 8357 8286 8288
f 8366 8509 8619
f 8366 8619 8367
f 8516 8367 8368
f 8516 8366 8367
f 8515 8368 8369
f 8515 8516 8368
f 8370 8371 8372
f 8370 8372 8373
f 8374 8373 8375
f 8374 8370 8373
f 8376 8375 8377
f 8376 8374 8375
f 8378 8379 8380
f 8381 8379 8378
f 8381 8382 8379
f 8383 8378 8380
f 8383 8380 8384
f 8385 8382 8381
f 8385 8386 8382
f 8387 8383 8384
f 8387 8384 8388
f 8389 8386 8385
f 8389 8390 8386
f 8391 8387 8388
f 8391 8388 8392
f 8393 8390 8389
f 8393 8394 8395
f 8393 8395 8390
f 8396 8391 8392
f 8397 8396 8392
f 8398 8394 8393
f 8399 8394 8398
f 8400 8399 8398
f 8401 8396 8397
f 8401 8397 8402
f 8403 8399 8400
f 8404 8403 8400
f 8405 8401 8402
f 8406 8404 8407
f 8406 8403 8404
f 8408 8402 8409
f 8408 8405 8402
f 8410 8407 8411
f 8410 8406 8407
f 8412 8409 8413
f 8412 8408 8409
f 8414 8411 8415
f 8414 8410 8411
f 8416 8415 8417
f 8416 8414 8415
f 8517 8413 8418
f 8517 8412 8413
f 8419 8417 8420
f 8419 8416 8417
f 8421 8419 8420
f 8422 8419 8421
f 8423 8418 8424
f 8423 8517 8418
f 8425 8422 8421
f 8426 8422 8425
f 8427 8424 8428
f 8427 8423 8424
f 8545 8426 8425
f 8545 8425 8429
f 8430 8428 8431
f 8430 8427 8428
f 8513 8431 8554
f 8513 8430 8431
f 8432 8513 8554
f 8433 8545 8429
f 8433 8429 8434
f 8435 8513 8432
f 8436 8435 8432
f 8437 8435 8436
f 8527 8433 8434
f 8527 8434 8497
f 8438 8437 8436
f 8439 8437 8438
f 8440 8527 8497
f 8440 8497 8441
f 8442 8439 8438
f 8443 8442 8444
f 8443 8439 8442
f 8445 8444 8446
f 8445 8443 8444
f 8447 8446 8448
f 8447 8445 8446
f 8449 8447 8448
f 8450 8449 8448
f 8451 8449 8450
f 8452 8451 8450
f 8453 8530 8454
f 8453 8454 8455
f 8456 8452 8450
f 8457 8452 8456
f 8458 8457 8456
f 8459 8455 8460
f 8459 8453 8455
f 8461 8459 8460
f 8462 8463 8457
f 8462 8457 8458
f 8464 8465 8463
f 8464 8463 8462
f 8466 8465 8464
f 8466 8467 8465
f 8468 8459 8461
f 8469 8467 8466
f 8470 8468 8461
f 8470 8461 8471
f 8472 8467 8469
f 8472 8473 8467
f 8474 8470 8471
f 8475 8473 8472
f 8476 8474 8471
f 8476 8473 8475
f 8476 8471 8473
f 8441 8454 8530
f 8441 8530 8440
f 8477 8528 8491
f 8477 8491 8478
f 8479 8478 8480
f 8479 8477 8478
f 8481 8480 8482
f 8481 8479 8480
f 8483 8484 8485
f 8483 8486 8487
f 8483 8485 8486
f 8488 8483 8487
f 8489 8487 8490
f 8489 8488 8487
f 8539 8491 8492
f 8539 8528 8491
f 8493 8492 8494
f 8493 8539 8492
f 8544 8494 8495
f 8544 8493 8494
f 8496 8497 8498
f 8370 8499 8371
f 8500 8429 8501
f 8376 8502 8374
f 8503 8498 8504
f 8503 8496 8498
f 8505 8504 8499
f 8505 8503 8504
f 8505 8499 8370
f 8506 8507 8500
f 8506 8501 8496
f 8506 8500 8501
f 8506 8496 8503
f 8508 8370 8374
f 8508 8502 8507
f 8508 8503 8505
f 8508 8507 8506
f 8508 8505 8370
f 8508 8506 8503
f 8508 8374 8502
f 8366 8509 8510
f 8511 8512 8513
f 8514 8515 8516
f 8517 8518 8519
f 8520 8510 8521
f 8520 8366 8510
f 8522 8521 8512
f 8522 8520 8521
f 8522 8512 8511
f 8523 8524 8514
f 8523 8516 8366
f 8523 8514 8516
f 8523 8366 8520
f 8525 8511 8519
f 8525 8518 8524
f 8525 8520 8522
f 8525 8524 8523
f 8525 8522 8511
f 8525 8523 8520
f 8525 8519 8518
f 8526 8527 8542
f 8477 8540 8528
f 8529 8530 8531
f 8481 8532 8479
f 8533 8542 8534
f 8533 8526 8542
f 8535 8534 8540
f 8535 8540 8477
f 8535 8533 8534
f 8536 8537 8529
f 8536 8531 8526
f 8536 8529 8531
f 8536 8526 8533
f 8538 8532 8537
f 8538 8477 8479
f 8538 8533 8535
f 8538 8537 8536
f 8538 8535 8477
f 8538 8536 8533
f 8538 8479 8532
f 8539 8528 8540
f 8541 8542 8527
f 8543 8544 8493
f 8545 8546 8547
f 8548 8540 8534
f 8548 8539 8540
f 8549 8534 8542
f 8549 8548 8534
f 8549 8542 8541
f 8550 8551 8543
f 8550 8493 8539
f 8550 8543 8493
f 8550 8539 8548
f 8552 8541 8547
f 8552 8546 8551
f 8552 8548 8549
f 8552 8551 8550
f 8552 8549 8541
f 8552 8550 8548
f 8552 8547 8546
f 8553 8554 8555
f 8483 8556 8484
f 8557 8418 8558
f 8489 8559 8488
f 8560 8555 8561
f 8560 8553 8555
f 8562 8561 8556
f 8562 8560 8561
f 8562 8556 8483
f 8563 8564 8557
f 8563 8558 8553
f 8563 8557 8558
f 8563 8553 8560
f 8565 8483 8488
f 8565 8559 8564
f 8565 8560 8562
f 8565 8564 8563
f 8565 8562 8483
f 8565 8563 8560
f 8565 8488 8559
f 8608 8573 8566
f 8608 8606 8573
f 8602 8566 8577
f 8602 8608 8566
f 8567 8577 8568
f 8567 8602 8577
f 8569 8570 8571
f 8566 8572 8573
f 8574 8589 8575
f 8568 8576 8577
f 8578 8571 8579
f 8578 8569 8571
f 8580 8579 8572
f 8580 8578 8579
f 8580 8572 8566
f 8581 8582 8574
f 8581 8575 8569
f 8581 8574 8575
f 8581 8569 8578
f 8583 8566 8577
f 8583 8576 8582
f 8583 8578 8580
f 8583 8582 8581
f 8583 8580 8566
f 8583 8581 8578
f 8583 8577 8576
f 8569 8570 8584
f 8585 8586 8587
f 8588 8589 8575
f 8590 8591 8592
f 8593 8584 8594
f 8593 8569 8584
f 8595 8594 8586
f 8595 8586 8585
f 8595 8593 8594
f 8596 8597 8588
f 8596 8575 8569
f 8596 8588 8575
f 8596 8569 8593
f 8598 8585 8592
f 8598 8591 8597
f 8598 8593 8595
f 8598 8597 8596
f 8598 8595 8585
f 8598 8596 8593
f 8598 8592 8591
f 8599 8600 8601
f 8602 8603 8567
f 8604 8618 8605
f 8606 8607 8608
f 8609 8601 8610
f 8609 8599 8601
f 8611 8610 8603
f 8611 8609 8610
f 8611 8603 8602
f 8612 8613 8604
f 8612 8605 8599
f 8612 8604 8605
f 8612 8599 8609
f 8614 8602 8608
f 8614 8607 8613
f 8614 8609 8611
f 8614 8613 8612
f 8614 8611 8602
f 8614 8612 8609
f 8614 8608 8607
f 8599 8600 8615
f 8368 8616 8369
f 8617 8618 8605
f 8619 8620 8367
f 8621 8615 8622
f 8621 8599 8615
f 8623 8622 8616
f 8623 8368 8367
f 8623 8621 8622
f 8623 8616 8368
f 8624 8605 8599
f 8624 8625 8617
f 8624 8599 8621
f 8624 8617 8605
f 8626 8620 8625
f 8626 8621 8623
f 8626 8625 8624
f 8626 8624 8621
f 8626 8623 8367
f 8626 8367 8620
f 8627 8628 8629
f 8627 8727 8628
f 8722 8629 8630
f 8722 8627 8629
f 8724 8630 8631
f 8724 8722 8630
f 8632 8633 8634
f 8632 8634 8635
f 8636 8635 8637
f 8636 8632 8635
f 8689 8637 8638
f 8689 8636 8637
f 8639 8640 8641
f 8642 8677 8643
f 8642 8643 8640
f 8642 8640 8639
f 8644 8677 8642
f 8704 8645 8677
f 8704 8677 8644
f 8646 8647 8648
f 8646 8648 8645
f 8646 8645 8704
f 8649 8650 8647
f 8649 8647 8646
f 8651 8652 8650
f 8651 8650 8649
f 8653 8654 8652
f 8653 8652 8651
f 8655 8656 8657
f 8655 8658 8656
f 8659 8658 8655
f 8660 8658 8659
f 8661 8658 8660
f 8662 8661 8660
f 8663 8662 8660
f 8664 8663 8665
f 8664 8662 8663
f 8666 8664 8665
f 8667 8664 8666
f 8693 8667 8666
f 8668 8667 8693
f 8669 8668 8693
f 8670 8668 8669
f 8671 8670 8669
f 8672 8673 8674
f 8675 8676 8677
f 8678 8679 8680
f 8650 8681 8682
f 8683 8674 8684
f 8683 8672 8674
f 8685 8684 8676
f 8685 8675 8682
f 8685 8676 8675
f 8685 8683 8684
f 8686 8687 8678
f 8686 8680 8672
f 8686 8678 8680
f 8686 8672 8683
f 8688 8681 8687
f 8688 8683 8685
f 8688 8687 8686
f 8688 8685 8682
f 8688 8686 8683
f 8688 8682 8681
f 8636 8689 8690
f 8691 8692 8693
f 8694 8633 8632
f 8660 8695 8696
f 8697 8690 8698
f 8697 8636 8690
f 8699 8698 8692
f 8699 8697 8698
f 8699 8692 8691
f 8700 8701 8694
f 8700 8632 8636
f 8700 8694 8632
f 8700 8636 8697
f 8702 8691 8696
f 8702 8695 8701
f 8702 8697 8699
f 8702 8701 8700
f 8702 8699 8691
f 8702 8700 8697
f 8702 8696 8695
f 8703 8704 8705
f 8706 8707 8708
f 8709 8649 8710
f 8711 8712 8713
f 8714 8705 8715
f 8714 8703 8705
f 8716 8715 8707
f 8716 8714 8715
f 8716 8707 8706
f 8717 8718 8709
f 8717 8710 8703
f 8717 8709 8710
f 8717 8703 8714
f 8719 8706 8713
f 8719 8712 8718
f 8719 8714 8716
f 8719 8718 8717
f 8719 8716 8706
f 8719 8717 8714
f 8719 8713 8712
f 8720 8667 8721
f 8722 8723 8724
f 8725 8662 8726
f 8727 8728 8627
f 8729 8721 8730
f 8729 8720 8721
f 8731 8730 8723
f 8731 8723 8722
f 8731 8729 8730
f 8732 8733 8725
f 8732 8726 8720
f 8732 8725 8726
f 8732 8720 8729
f 8734 8728 8733
f 8734 8722 8627
f 8734 8729 8731
f 8734 8733 8732
f 8734 8731 8722
f 8734 8732 8729
f 8734 8627 8728
f 8735 8736 8737
f 8735 8737 8738
f 8820 8739 8738
f 8740 8739 8820
f 8741 8739 8735
f 8741 8735 8738
f 8741 8738 8739
f 8742 8743 8744
f 8742 8744 8745
f 8740 8821 8820
f 8740 8746 8821
f 8747 8745 8748
f 8747 8748 8821
f 8747 8746 8742
f 8747 8742 8745
f 8747 8821 8746
f 8749 8750 8812
f 8751 8749 8812
f 8752 8751 8812
f 8753 8751 8752
f 8754 8753 8752
f 8755 8753 8754
f 8756 8757 8758
f 8756 8758 8759
f 8760 8759 8761
f 8760 8761 8762
f 8760 8756 8759
f 8818 8762 8763
f 8818 8760 8762
f 8826 8763 8764
f 8826 8818 8763
f 8765 8766 8767
f 8768 8769 8770
f 8771 8772 8773
f 8774 8775 8776
f 8777 8767 8778
f 8777 8765 8767
f 8779 8778 8769
f 8779 8769 8768
f 8779 8777 8778
f 8780 8781 8771
f 8780 8773 8765
f 8780 8771 8773
f 8780 8765 8777
f 8782 8768 8776
f 8782 8775 8781
f 8782 8777 8779
f 8782 8779 8768
f 8782 8781 8780
f 8782 8780 8777
f 8782 8776 8775
f 8783 8784 8785
f 8786 8787 8788
f 8789 8790 8791
f 8792 8793 8794
f 8795 8791 8783
f 8795 8785 8796
f 8795 8783 8785
f 8797 8796 8787
f 8797 8786 8794
f 8797 8795 8796
f 8797 8787 8786
f 8798 8799 8789
f 8798 8791 8795
f 8798 8789 8791
f 8800 8793 8799
f 8800 8795 8797
f 8800 8799 8798
f 8800 8798 8795
f 8800 8797 8794
f 8800 8794 8793
f 8801 8756 8802
f 8801 8802 8803
f 8801 8803 8804
f 8801 8804 8805
f 8801 8805 8737
f 8801 8737 8820
f 8801 8820 8819
f 8801 8819 8806
f 8801 8806 8807
f 8801 8807 8808
f 8801 8808 8818
f 8801 8818 8756
f 8752 8809 8754
f 8761 8763 8810
f 8811 8752 8812
f 8758 8761 8813
f 8814 8811 8815
f 8814 8815 8813
f 8814 8810 8816
f 8814 8816 8809
f 8814 8809 8752
f 8814 8761 8810
f 8814 8752 8811
f 8814 8813 8761
f 8817 8818 8808
f 8817 8808 8807
f 8817 8807 8806
f 8817 8806 8819
f 8817 8819 8820
f 8817 8820 8821
f 8817 8821 8822
f 8817 8822 8823
f 8817 8823 8824
f 8817 8824 8825
f 8817 8825 8826
f 8817 8826 8818
f 8827 8826 8825
f 8827 8825 8824
f 8827 8824 8823
f 8827 8823 8822
f 8828 8822 8821
f 8828 8821 8745
f 8828 8745 8829
f 8828 8829 8830
f 8828 8830 8831
f 8828 8831 8832
f 8828 8832 8827
f 8828 8827 8822
f 8833 8834 8835
f 8836 8837 8838
f 8839 8840 8841
f 8842 8843 8844
f 8845 8835 8846
f 8845 8833 8835
f 8847 8846 8837
f 8847 8837 8836
f 8847 8845 8846
f 8848 8849 8839
f 8848 8841 8833
f 8848 8839 8841
f 8848 8833 8845
f 8850 8836 8844
f 8850 8843 8849
f 8850 8845 8847
f 8850 8847 8836
f 8850 8849 8848
f 8850 8848 8845
f 8850 8844 8843
f 8867 8851 8852
f 8867 8852 8853
f 8866 8853 8854
f 8866 8854 8855
f 8866 8867 8853
f 8856 8857 8858
f 8856 8858 8859
f 8834 8859 8860
f 8834 8861 8862
f 8834 8863 8861
f 8834 8860 8863
f 8834 8856 8859
f 8864 8855 8865
f 8864 8865 8857
f 8864 8856 8866
f 8864 8866 8855
f 8864 8857 8856
f 8866 8867 8868
f 8869 8870 8871
f 8835 8834 8856
f 8838 8837 8872
f 8873 8868 8874
f 8873 8866 8868
f 8875 8874 8870
f 8875 8873 8874
f 8875 8870 8869
f 8876 8846 8835
f 8876 8856 8866
f 8876 8866 8873
f 8876 8835 8856
f 8877 8869 8872
f 8877 8837 8846
f 8877 8873 8875
f 8877 8846 8876
f 8877 8875 8869
f 8877 8876 8873
f 8877 8872 8837
f 8878 8879 8880
f 8881 8879 8878
f 8882 8881 8878
f 8883 8882 8878
f 8884 8883 8878
f 8879 8885 8880
f 8886 8887 8888
f 8889 8890 8891
f 8892 8889 8891
f 8893 8892 8891
f 8894 8888 8887
f 8895 8891 8886
f 8895 8888 8893
f 8895 8886 8888
f 8895 8893 8891
f 8896 8897 8898
f 8899 8891 8900
f 8899 8900 8897
f 8899 8890 8891
f 8901 8896 8902
f 8901 8902 8890
f 8901 8890 8899
f 8901 8899 8897
f 8901 8897 8896
f 8903 8904 8905
f 8906 8905 8907
f 8906 8903 8905
f 8908 8906 8907
f 8909 8908 8907
f 8910 8911 8912
f 8913 8912 8920
f 8913 8910 8912
f 8914 8913 8920
f 8915 8914 8920
f 8916 8915 8920
f 8917 8916 8920
f 8918 8911 8919
f 8918 8919 8909
f 8918 8907 8912
f 8918 8909 8907
f 8918 8912 8911
f 8912 8920 8921
f 8922 8923 8924
f 8925 8905 8907
f 8926 8927 8928
f 8929 8921 8930
f 8929 8912 8921
f 8931 8930 8923
f 8931 8923 8922
f 8931 8929 8930
f 8932 8933 8925
f 8932 8907 8912
f 8932 8912 8929
f 8932 8925 8907
f 8934 8927 8933
f 8934 8922 8928
f 8934 8929 8931
f 8934 8933 8932
f 8934 8931 8922
f 8934 8932 8929
f 8934 8928 8927
f 8935 8965 8936
f 8937 8938 8939
f 8940 8941 8942
f 8943 8944 8945
f 8946 8936 8947
f 8946 8935 8936
f 8948 8947 8938
f 8948 8937 8945
f 8948 8938 8937
f 8948 8946 8947
f 8949 8950 8940
f 8949 8942 8935
f 8949 8940 8942
f 8949 8935 8946
f 8951 8944 8950
f 8951 8946 8948
f 8951 8950 8949
f 8951 8948 8945
f 8951 8949 8946
f 8951 8945 8944
f 8952 8953 8954
f 8952 8954 8955
f 8952 8955 8956
f 8957 8956 8958
f 8957 8952 8956
f 8959 8960 8961
f 8962 8963 8964
f 8936 8965 8963
f 8936 8963 8962
f 8966 8936 8962
f 8947 8936 8966
f 8967 8947 8966
f 8938 8947 8967
f 8939 8938 8967
f 8968 8960 8952
f 8968 8952 8957
f 8969 8957 8961
f 8969 8968 8957
f 8969 8960 8968
f 8969 8961 8960
f 8970 8963 8959
f 8971 8961 8964
f 8971 8959 8961
f 8971 8964 8963
f 8971 8970 8959
f 8971 8963 8970
f 8972 9000 8999
f 8973 9004 8974
f 8975 8976 8977
f 8978 8979 8980
f 8981 8999 9002
f 8981 8972 8999
f 8982 9002 9004
f 8982 9004 8973
f 8982 8981 9002
f 8983 8984 8975
f 8983 8977 8972
f 8983 8975 8977
f 8983 8972 8981
f 8985 8979 8984
f 8985 8973 8980
f 8985 8981 8982
f 8985 8984 8983
f 8985 8982 8973
f 8985 8983 8981
f 8985 8980 8979
f 8986 8987 8988
f 8989 8988 8990
f 8989 8990 8991
f 8989 8991 8992
f 8989 8986 8988
f 8993 8994 8995
f 8993 8995 8996
f 8997 8994 8998
f 8999 9000 9001
f 9002 9001 9003
f 9002 8999 9001
f 9004 9002 9003
f 8974 9003 8997
f 8974 8997 8998
f 8974 9004 9003
f 9005 8995 8986
f 9005 8996 8995
f 9006 8989 8996
f 9006 8996 9005
f 9006 9005 8986
f 9006 8986 8989
f 9007 8994 8993
f 9007 8998 8994
f 9008 8993 8998
f 9008 8998 9007
f 9008 9007 8993
f 9009 9010 9011
f 9012 9009 9011
f 9037 9012 9011
f 9013 9037 9011
f 9036 9037 9013
f 9014 9013 9015
f 9014 9036 9013
f 9042 9014 9015
f 9016 9042 9015
f 9056 9042 9016
f 9017 9056 9016
f 9018 9082 9019
f 9018 9019 9020
f 9018 9020 9021
f 9018 9021 9022
f 9018 9022 9023
f 9024 9018 9025
f 9026 9024 9027
f 9028 9026 9027
f 9029 9028 9027
f 9030 9029 9027
f 9031 9030 9027
f 9032 9018 9023
f 9032 9025 9018
f 9033 9023 9025
f 9033 9025 9032
f 9033 9032 9023
f 9034 9024 9025
f 9034 9027 9024
f 9035 9025 9027
f 9035 9027 9034
f 9035 9034 9025
f 9036 9037 9038
f 9039 9040 9041
f 9051 9042 9014
f 9053 9052 9043
f 9044 9038 9045
f 9044 9036 9038
f 9046 9045 9040
f 9046 9044 9045
f 9046 9040 9039
f 9047 9048 9051
f 9047 9014 9036
f 9047 9051 9014
f 9047 9036 9044
f 9049 9039 9043
f 9049 9052 9048
f 9049 9044 9046
f 9049 9048 9047
f 9049 9046 9039
f 9049 9047 9044
f 9049 9043 9052
f 9050 9042 9051
f 9050 9051 9048
f 9050 9048 9052
f 9050 9052 9053
f 9050 9053 9054
f 9050 9054 9055
f 9050 9055 9062
f 9050 9062 9060
f 9050 9060 9056
f 9050 9056 9042
f 9057 9055 9054
f 9057 9054 9058
f 9059 9056 9060
f 9017 9056 9059
f 9061 9060 9062
f 9061 9062 9055
f 9061 9057 9063
f 9061 9063 9064
f 9061 9064 9059
f 9061 9055 9057
f 9061 9059 9060
f 9065 9066 9067
f 9068 9065 9067
f 9069 9065 9068
f 9070 9069 9068
f 9071 9069 9070
f 9072 9069 9071
f 9073 9072 9071
f 9074 9075 9072
f 9074 9072 9073
f 9076 9075 9074
f 9077 9076 9078
f 9077 9078 9079
f 9077 9023 9075
f 9077 9075 9076
f 9080 9079 9081
f 9080 9077 9079
f 9082 9080 9081
f 9165 9111 9112
f 9165 9112 9083
f 9084 9083 9085
f 9084 9165 9083
f 9170 9085 9086
f 9170 9084 9085
f 9169 9086 9087
f 9169 9170 9086
f 9088 9099 9089
f 9088 9090 9099
f 9091 9089 9092
f 9091 9088 9089
f 9135 9092 9101
f 9135 9091 9092
f 9093 9094 9095
f 9093 9095 9096
f 9097 9096 9098
f 9097 9093 9096
f 9090 9098 9099
f 9090 9097 9098
f 9100 9135 9101
f 9100 9101 9102
f 9103 9102 9104
f 9103 9100 9102
f 9105 9104 9106
f 9105 9103 9104
f 9107 9106 9108
f 9107 9105 9106
f 9159 9118 9119
f 9159 9119 9109
f 9161 9109 9110
f 9161 9159 9109
f 9111 9110 9112
f 9111 9161 9110
f 9147 9113 9114
f 9147 9115 9113
f 9116 9114 9117
f 9116 9147 9114
f 9118 9117 9119
f 9118 9116 9117
f 9120 9121 9122
f 9093 9123 9094
f 9134 9124 9125
f 9090 9132 9097
f 9126 9122 9127
f 9126 9120 9122
f 9128 9127 9123
f 9128 9126 9127
f 9128 9123 9093
f 9129 9131 9134
f 9129 9125 9120
f 9129 9134 9125
f 9129 9120 9126
f 9130 9093 9097
f 9130 9132 9131
f 9130 9126 9128
f 9130 9131 9129
f 9130 9128 9093
f 9130 9129 9126
f 9130 9097 9132
f 9088 9131 9132
f 9088 9132 9090
f 9133 9124 9134
f 9091 9134 9131
f 9091 9131 9088
f 9135 9133 9134
f 9135 9134 9091
f 9100 9133 9135
f 9103 9136 9137
f 9138 9139 9140
f 9141 9138 9140
f 9142 9140 9105
f 9142 9141 9140
f 9107 9142 9105
f 9143 9137 9133
f 9144 9100 9103
f 9144 9137 9143
f 9144 9143 9133
f 9144 9133 9100
f 9144 9103 9137
f 9145 9140 9136
f 9145 9105 9140
f 9146 9103 9105
f 9146 9136 9103
f 9146 9145 9136
f 9146 9105 9145
f 9147 9115 9148
f 9149 9150 9151
f 9152 9118 9116
f 9163 9162 9153
f 9154 9148 9155
f 9154 9147 9148
f 9156 9155 9150
f 9156 9154 9155
f 9156 9150 9149
f 9157 9160 9152
f 9157 9116 9147
f 9157 9152 9116
f 9157 9147 9154
f 9158 9149 9153
f 9158 9162 9160
f 9158 9154 9156
f 9158 9160 9157
f 9158 9156 9149
f 9158 9157 9154
f 9158 9153 9162
f 9159 9118 9152
f 9160 9159 9152
f 9161 9160 9162
f 9161 9159 9160
f 9163 9161 9162
f 9111 9161 9163
f 9164 9111 9163
f 9165 9111 9164
f 9084 9165 9166
f 9167 9084 9166
f 9168 9169 9170
f 9168 9170 9171
f 9172 9168 9171
f 9173 9172 9171
f 9174 9173 9171
f 9175 9165 9164
f 9175 9166 9165
f 9176 9164 9166
f 9176 9175 9164
f 9176 9166 9175
f 9177 9170 9084
f 9177 9084 9167
f 9178 9167 9171
f 9178 9177 9167
f 9178 9171 9170
f 9178 9170 9177
f 9179 9180 9181
f 9182 9181 9180
f 9183 9295 9180
f 9183 9180 9179
f 9184 9180 9185
f 9184 9182 9180
f 9186 9295 9183
f 9187 9184 9185
f 9188 9295 9186
f 9279 9187 9185
f 9189 9279 9185
f 9190 9188 9250
f 9190 9295 9188
f 9191 9190 9250
f 9192 9190 9191
f 9276 9185 9193
f 9276 9189 9185
f 9194 9276 9193
f 9195 9192 9196
f 9195 9196 9197
f 9195 9197 9198
f 9195 9190 9192
f 9199 9195 9198
f 9200 9199 9201
f 9200 9201 9241
f 9200 9241 9229
f 9200 9195 9199
f 9234 9200 9229
f 9202 9234 9203
f 9202 9200 9234
f 9272 9215 9214
f 9272 9214 9204
f 9254 9205 9206
f 9207 9254 9206
f 9208 9206 9209
f 9208 9209 9210
f 9208 9211 9212
f 9208 9212 9207
f 9208 9207 9206
f 9213 9210 9214
f 9213 9214 9215
f 9213 9216 9211
f 9213 9215 9216
f 9213 9208 9210
f 9213 9211 9208
f 9217 9218 9219
f 9220 9272 9204
f 9220 9204 9221
f 9220 9221 9222
f 9220 9223 9224
f 9220 9225 9272
f 9220 9224 9225
f 9226 9222 9218
f 9226 9217 9227
f 9226 9227 9223
f 9226 9220 9222
f 9226 9223 9220
f 9226 9218 9217
f 9228 9254 9253
f 9229 9242 9241
f 9230 9231 9232
f 9203 9233 9234
f 9235 9253 9252
f 9235 9228 9253
f 9236 9252 9242
f 9236 9235 9252
f 9236 9242 9229
f 9237 9238 9230
f 9237 9232 9228
f 9237 9230 9232
f 9237 9228 9235
f 9239 9229 9234
f 9239 9233 9238
f 9239 9235 9236
f 9239 9238 9237
f 9239 9236 9229
f 9239 9237 9235
f 9239 9234 9233
f 9240 9241 9242
f 9243 9244 9245
f 9246 9245 9247
f 9246 9243 9245
f 9248 9247 9249
f 9248 9246 9247
f 9259 9249 9215
f 9257 9248 9249
f 9257 9249 9259
f 9255 9248 9257
f 9250 9248 9255
f 9251 9243 9240
f 9251 9242 9252
f 9251 9252 9253
f 9251 9253 9254
f 9251 9254 9244
f 9251 9240 9242
f 9251 9244 9243
f 9255 9250 9188
f 9255 9188 9256
f 9257 9256 9258
f 9257 9255 9256
f 9259 9258 9271
f 9259 9257 9258
f 9215 9271 9272
f 9215 9259 9271
f 9260 9188 9256
f 9261 9262 9263
f 9264 9263 9265
f 9264 9261 9263
f 9266 9265 9267
f 9266 9264 9265
f 9268 9267 9217
f 9284 9266 9267
f 9284 9267 9268
f 9269 9266 9284
f 9279 9266 9269
f 9270 9261 9260
f 9270 9256 9258
f 9270 9258 9271
f 9270 9271 9272
f 9270 9272 9262
f 9270 9260 9256
f 9270 9262 9261
f 9273 9274 9275
f 9276 9277 9194
f 9268 9217 9278
f 9279 9269 9189
f 9280 9275 9281
f 9280 9273 9275
f 9282 9281 9277
f 9282 9277 9276
f 9282 9280 9281
f 9283 9284 9268
f 9283 9278 9273
f 9283 9268 9278
f 9283 9273 9280
f 9285 9269 9284
f 9285 9276 9189
f 9285 9280 9282
f 9285 9284 9283
f 9285 9282 9276
f 9285 9283 9280
f 9285 9189 9269
f 9286 9287 9288
f 9286 9288 9308
f 9289 9308 9290
f 9289 9286 9308
f 9291 9290 9292
f 9291 9289 9290
f 9293 9292 9294
f 9293 9291 9292
f 9190 9294 9295
f 9190 9293 9294
f 9296 9294 9295
f 9297 9298 9299
f 9300 9296 9298
f 9300 9298 9297
f 9301 9296 9300
f 9302 9294 9296
f 9302 9296 9301
f 9303 9292 9294
f 9303 9294 9302
f 9304 9292 9303
f 9305 9290 9292
f 9305 9292 9304
f 9306 9290 9305
f 9307 9308 9290
f 9307 9290 9306
f 9309 9288 9308
f 9309 9308 9307
f 9336 9310 9335
f 9311 9310 9336
f 9332 9311 9336
f 9312 9311 9332
f 9350 9312 9332
f 9313 9357 9358
f 9313 9350 9357
f 9313 9312 9350
f 9314 9315 9316
f 9314 9316 9317
f 9314 9317 9318
f 9314 9318 9319
f 9314 9319 9320
f 9321 9322 9314
f 9323 9324 9325
f 9326 9323 9325
f 9327 9326 9325
f 9328 9325 9321
f 9328 9327 9325
f 9329 9322 9315
f 9329 9315 9314
f 9329 9314 9322
f 9330 9325 9322
f 9331 9330 9322
f 9331 9325 9330
f 9331 9321 9325
f 9331 9322 9321
f 9332 9350 9349
f 9333 9347 9346
f 9334 9335 9336
f 9337 9338 9339
f 9340 9349 9348
f 9340 9332 9349
f 9341 9348 9347
f 9341 9347 9333
f 9341 9340 9348
f 9342 9343 9334
f 9342 9336 9332
f 9342 9334 9336
f 9342 9332 9340
f 9344 9338 9343
f 9344 9333 9339
f 9344 9340 9341
f 9344 9343 9342
f 9344 9341 9333
f 9344 9342 9340
f 9344 9339 9338
f 9345 9346 9347
f 9345 9347 9348
f 9345 9348 9349
f 9345 9349 9350
f 9345 9350 9357
f 9345 9357 9351
f 9345 9351 9352
f 9345 9352 9353
f 9345 9353 9354
f 9345 9354 9346
f 9354 9355 9356
f 9353 9355 9354
f 9357 9358 9359
f 9357 9359 9351
f 9360 9353 9352
f 9360 9352 9351
f 9360 9359 9361
f 9360 9361 9362
f 9360 9362 9355
f 9360 9355 9353
f 9360 9351 9359
